plant,date,shift,plant_day,carry_out,machine,gt_code,gt_description,tyre_size,rim,modal_sku,n_skus,run_qty,slices,start_ts,end_ts,duration_h,changeover,size_change,prev_gt,gap_before_min,setup_required_min,setup_shortfall_min,block_id
PCR,2026-07-01,A,1,false,TBMPCR10Stage2,GT 1503 NEO MSIL,155/80 R13 ULTIMA NEO MSIL (+6 SKUs),R13,R13,1325215813079TUNE3,7,459.0,3,2026-07-01 07:00,2026-07-01 13:07,6.12,false,false,,,0.0,0.0,PCR|TBMPCR10Stage2|1#1
PCR,2026-07-01,A,1,false,TBMPCR11Stage2,GT 2476 SUP MM,245/75 R16 ELANZO SUPRA,"",R16,1325224716111SELS0,1,483.0,3,2026-07-01 07:00,2026-07-01 17:03,10.06,false,false,,,0.0,0.0,PCR|TBMPCR11Stage2|1#81
PCR,2026-07-01,A,1,false,TBMPCR2Stage2,GT 1482 UHL,145/80 R 12 ULTIMA HI LIFE TL (+13 SKUs),R12,R12,1325214812074TUHL0,14,316.0,2,2026-07-01 07:00,2026-07-01 11:44,4.74,false,false,,,0.0,0.0,PCR|TBMPCR2Stage2|1#223
PCR,2026-07-01,A,1,false,TBMPCR3Stage2,GT 1925 XPC1,195 R15 ULTIMA XPC1 AL,R15,R15,1225219Z15008SXC11,1,164.0,1,2026-07-01 07:00,2026-07-01 10:41,3.69,false,false,,,0.0,0.0,PCR|TBMPCR3Stage2|1#306
PCR,2026-07-01,A,1,false,TBMPCR5Stage2,GT 1513 XPC1 MSIL,155 R13 C ULTIMA XPC1 90/89 S TL (MSIL) (+1 SKUs),R13,R13,1D25215013008SXC10,2,160.0,1,2026-07-01 07:00,2026-07-01 09:24,2.4,false,false,,,0.0,0.0,PCR|TBMPCR5Stage2|1#481
PCR,2026-07-01,A,1,false,TBMPCR7Stage2,GT 1543 XPC1,155 R13 ULTIMA XPC1 TML (+2 SKUs),R13,R13,1D25215013008SXC1T,3,464.0,3,2026-07-01 07:00,2026-07-01 13:26,6.44,false,false,,,0.0,0.0,PCR|TBMPCR7Stage2|1#660
PCR,2026-07-01,A,1,false,TBMPCR8Stage2,GT 1765 ROYL,175/65 R15 UX ROYALE (+5 SKUs),R15,R15,1325217515084HURL2,6,152.0,1,2026-07-01 07:00,2026-07-01 09:29,2.49,false,false,,,0.0,0.0,PCR|TBMPCR8Stage2|1#746
PCR,2026-07-01,A,1,false,TBMPCR9Stage2,GT 2258 RAN HPE,225/55 R 18 Ranger Hpe (+1 SKUs),R 18,R18,1325222318098HRHE0,2,307.0,2,2026-07-01 07:00,2026-07-01 13:18,6.31,false,false,,,0.0,0.0,PCR|TBMPCR9Stage2|1#819
PCR,2026-07-01,A,1,false,TBMPCR1Stage2,GT 2267 ROYL HYU,215/60 R17 UX ROYALE HYUNDAI (+9 SKUs),R17,R17,1325221417096HURL0,10,160.0,1,2026-07-01 09:42,2026-07-01 12:33,2.84,false,false,,,0.0,0.0,PCR|TBMPCR1Stage2|1#159
PCR,2026-07-01,A,1,false,TBMPCR8Stage2,GT 1765 ROYL,175/65 R15 UX ROYALE (+5 SKUs),R15,R15,1325217515084HURL2,6,238.0,2,2026-07-01 11:08,2026-07-01 15:02,3.9,false,false,GT 1765 ROYL,99.43333333333334,0.0,0.0,PCR|TBMPCR8Stage2|1#747
PCR,2026-07-01,A,1,false,TBMPCR4Stage2,GT 1402 XPC TATA,145 R12 ULTIMA XPC TL TATA (+14 SKUs),R12,R12,1D25214012008QXPCT,15,785.0,5,2026-07-01 11:26,2026-07-01 23:12,11.78,false,false,,,0.0,0.0,PCR|TBMPCR4Stage2|1#392
PCR,2026-07-01,A,1,false,TBMPCR6Stage2,GT 1684 ROYL,165/80 R 14 UX ROYALE,R 14,R14,1325216814085TURL2,1,306.0,2,2026-07-01 11:27,2026-07-01 15:42,4.25,false,false,,,0.0,0.0,PCR|TBMPCR6Stage2|1#519
PCR,2026-07-01,A,1,false,TBMPCR5Stage2,GT 1773 NEOPS,175/70 R13 TORNEL ULTIMA NEO+,R13,R13,1325217613082TUNEE,1,153.0,1,2026-07-01 11:34,2026-07-01 13:39,2.08,true,false,GT 1513 XPC1 MSIL,130.75,28.0,0.0,PCR|TBMPCR5Stage2|2#482
PCR,2026-07-01,A,1,false,TBMPCR1Stage2,GT  T1457 STAR,T145/70 R17 STAR XT (+2 SKUs),R17,R17,1325214617107MSXT0,3,318.0,2,2026-07-01 13:01,2026-07-01 18:35,5.56,true,false,GT 2267 ROYL HYU,28.0,28.0,0.0,PCR|TBMPCR1Stage2|2#160
PCR,2026-07-01,A,1,false,TBMPCR3Stage2,GT 1995 ROYL KIA,195/65R15 UX ROYALE (+10 SKUs),R15,R15,1325219515091HURL2,11,675.0,5,2026-07-01 13:08,2026-07-02 00:34,11.44,true,false,GT 1925 XPC1,146.68333333333334,28.0,0.0,PCR|TBMPCR3Stage2|2#307
PCR,2026-07-01,A,1,false,TBMPCR2Stage2,GT 1482 UHL,145/80 R 12 ULTIMA HI LIFE TL (+13 SKUs),R12,R12,1325214812074TUHL0,14,477.0,3,2026-07-01 13:45,2026-07-01 20:54,7.16,false,false,GT 1482 UHL,121.25,0.0,0.0,PCR|TBMPCR2Stage2|1#224
PCR,2026-07-01,A,1,false,TBMPCR10Stage2,GT 1673 NEO,165/70 R13 ULTIMA NEO,R13,R13,1325216613079HUNE0,1,152.0,1,2026-07-01 14:03,2026-07-01 16:05,2.03,true,false,GT 1503 NEO MSIL,56.65,22.0,0.0,PCR|TBMPCR10Stage2|2#2
PCR,2026-07-01,A,1,false,TBMPCR5Stage2,GT 1503 NEO MSIL,155/80 R13 ULTIMA NEO MSIL (+6 SKUs),R13,R13,1325215813079TUNE3,7,876.0,6,2026-07-01 14:07,2026-07-02 02:32,12.41,true,false,GT 1773 NEOPS,28.0,28.0,0.0,PCR|TBMPCR5Stage2|3#483
PCR,2026-07-01,A,1,false,TBMPCR7Stage2,GT 1583 NEO TATA,155/80 R13 ULTIMA NEO LRR (+2 SKUs),R13,R13,1325215813079TUNE5,3,601.0,4,2026-07-01 14:41,2026-07-01 22:41,8.01,true,false,GT 1543 XPC1,74.38333333333333,22.0,0.0,PCR|TBMPCR7Stage2|2#661
PCR,2026-07-01,B,1,false,TBMPCR8Stage2,GT 2455 RAN A/T,215/75 R15 RANGER AT,R15,R15,1325221715100SRAT0,1,161.0,1,2026-07-01 15:24,2026-07-01 18:35,3.18,true,false,GT 1765 ROYL,22.0,22.0,0.0,PCR|TBMPCR8Stage2|2#748
PCR,2026-07-01,B,1,false,TBMPCR9Stage2,GT 2158 ROYL HYU,215/55R18 UX ROYALE (+1 SKUs),R18,R18,1325221318095HURL0,2,317.0,2,2026-07-01 15:38,2026-07-01 21:27,5.81,true,false,GT 2258 RAN HPE,139.71666666666667,22.0,0.0,PCR|TBMPCR9Stage2|2#820
PCR,2026-07-01,B,1,false,TBMPCR6Stage2,GT 1634 XPC TATA,165 R14 ULTIMA XPC TATA TL (+5 SKUs),R14,R14,1D25216814008QXPC0,6,162.0,1,2026-07-01 16:04,2026-07-01 18:19,2.25,true,false,GT 1684 ROYL,22.0,22.0,0.0,PCR|TBMPCR6Stage2|2#520
PCR,2026-07-01,B,1,false,TBMPCR10Stage2,GT 1483 UHL,145/80 R13 ULTIMA HI LIFE,R13,R13,1325214813075SUHL0,1,160.0,1,2026-07-01 16:27,2026-07-01 18:35,2.13,true,false,GT 1673 NEO,22.0,22.0,0.0,PCR|TBMPCR10Stage2|3#3
PCR,2026-07-01,B,1,false,TBMPCR6Stage2,GT 1894 MAX,185/70 R14 TAXIMAX (+6 SKUs),R14,R14,1325218614088TTMX0,7,236.0,2,2026-07-01 18:41,2026-07-01 21:57,3.28,true,false,GT 1634 XPC TATA,22.0,22.0,0.0,PCR|TBMPCR6Stage2|3#521
PCR,2026-07-01,B,1,false,TBMPCR10Stage2,GT 1513 XPC1 MSIL,155 R13 C ULTIMA XPC1 90/89 S TL (MSIL) (+1 SKUs),R13,R13,1D25215013008SXC10,2,304.0,2,2026-07-01 18:57,2026-07-01 23:10,4.22,true,false,GT 1483 UHL,22.0,22.0,0.0,PCR|TBMPCR10Stage2|4#4
PCR,2026-07-01,B,1,false,TBMPCR8Stage2,GT 1865 ROYL RENO,185/65 R15 UX ROYALE (+2 SKUs),R15,R15,1325218515088TURL1,3,157.0,1,2026-07-01 18:57,2026-07-01 21:47,2.83,true,false,GT 2455 RAN A/T,22.0,22.0,0.0,PCR|TBMPCR8Stage2|3#749
PCR,2026-07-01,B,1,false,TBMPCR1Stage2,GT 2267 ROYL HYU,215/60 R17 UX ROYALE HYUNDAI (+9 SKUs),R17,R17,1325221417096HURL0,10,786.0,5,2026-07-01 19:03,2026-07-02 09:01,13.97,true,false,GT  T1457 STAR,28.0,28.0,0.0,PCR|TBMPCR1Stage2|3#161
PCR,2026-07-01,B,1,false,TBMPCR9Stage2,GT 2568 HT2,255/65 R 18 Ranger HT2 111 H,R18,R18,1325225518111HRHB0,1,308.0,2,2026-07-01 21:49,2026-07-02 04:34,6.76,true,false,GT 2158 ROYL HYU,22.0,22.0,0.0,PCR|TBMPCR9Stage2|3#821
PCR,2026-07-01,B,1,false,TBMPCR6Stage2,GT1564 NEO,155/65 R14 ULTIMA NEO,R14,R14,1325215514075TUNE0,1,238.0,2,2026-07-01 22:19,2026-07-02 01:38,3.31,true,false,GT 1894 MAX,22.0,22.0,0.0,PCR|TBMPCR6Stage2|4#522
PCR,2026-07-01,C,1,false,TBMPCR8Stage2,GT 1765 ROYL,175/65 R15 UX ROYALE (+5 SKUs),R15,R15,1325217515084HURL2,6,912.0,6,2026-07-01 23:18,2026-07-02 14:15,14.95,true,false,GT 1865 ROYL RENO,90.9,22.0,0.0,PCR|TBMPCR8Stage2|4#750
PCR,2026-07-01,C,1,false,TBMPCR10Stage2,GT 1513 XPC1 MSIL,155 R13 C ULTIMA XPC1 90/89 S TL (MSIL) (+1 SKUs),R13,R13,1D25215013008SXC10,2,616.0,4,2026-07-02 00:55,2026-07-02 09:28,8.56,false,false,GT 1513 XPC1 MSIL,104.7,0.0,0.0,PCR|TBMPCR10Stage2|4#5
PCR,2026-07-01,C,1,false,TBMPCR7Stage2,GT 1773 NEO,175/70 R13 ULTIMA NEO,R13,R13,1325217613082TUNE0,1,300.0,2,2026-07-02 01:01,2026-07-02 05:01,4.0,true,false,GT 1583 NEO TATA,139.51666666666665,22.0,0.0,PCR|TBMPCR7Stage2|3#662
PCR,2026-07-01,C,1,false,TBMPCR6Stage2,GT 1634 XPC TATA,165 R14 ULTIMA XPC TATA TL (+5 SKUs),R14,R14,1D25216814008QXPC0,6,319.0,2,2026-07-02 02:00,2026-07-02 06:25,4.43,true,false,GT1564 NEO,22.0,22.0,0.0,PCR|TBMPCR6Stage2|5#523
PCR,2026-07-01,C,1,false,TBMPCR3Stage2,GT 1995 ROYL KIA,195/65R15 UX ROYALE (+10 SKUs),R15,R15,1325219515091HURL2,11,477.0,3,2026-07-02 02:13,2026-07-02 10:18,8.08,false,false,GT 1995 ROYL KIA,98.85,0.0,0.0,PCR|TBMPCR3Stage2|2#308
PCR,2026-07-01,C,1,false,TBMPCR5Stage2,GT 1773 NEOPS,175/70 R13 TORNEL ULTIMA NEO+,R13,R13,1325217613082TUNEE,1,153.0,1,2026-07-02 03:00,2026-07-02 05:05,2.08,true,false,GT 1503 NEO MSIL,28.0,28.0,0.0,PCR|TBMPCR5Stage2|4#484
PCR,2026-07-01,C,1,false,TBMPCR11Stage2,GT 1916 ROYL,195/60 R16 UX ROYALE 89 H (+2 SKUs),R16,R16,1325219416089HURL1,3,154.0,1,2026-07-02 03:06,2026-07-02 06:13,3.12,true,false,GT 2476 SUP MM,602.7166666666667,22.0,0.0,PCR|TBMPCR11Stage2|2#82
PCR,2026-07-01,C,1,false,TBMPCR4Stage2,GT 1482 UHL,145/80 R 12 ULTIMA HI LIFE TL (+13 SKUs),R12,R12,1325214812074TUHL0,14,942.0,6,2026-07-02 03:08,2026-07-02 17:16,14.13,true,false,GT 1402 XPC TATA,235.79999999999998,28.0,0.0,PCR|TBMPCR4Stage2|2#393
PCR,2026-07-01,C,1,false,TBMPCR2Stage2,GT 2476 SUP MM,245/75 R16 ELANZO SUPRA,"",R16,1325224716111SELS0,1,632.0,4,2026-07-02 04:19,2026-07-02 17:40,13.34,true,true,GT 1482 UHL,445.01666666666665,60.0,0.0,PCR|TBMPCR2Stage2|2#225
PCR,2026-07-01,C,1,false,TBMPCR9Stage2,GT 2258 RAN HPE,225/55 R 18 Ranger Hpe (+1 SKUs),R 18,R18,1325222318098HRHE0,2,458.0,3,2026-07-02 05:56,2026-07-02 15:20,9.41,true,false,GT 2568 HT2,81.51666666666667,22.0,0.0,PCR|TBMPCR9Stage2|4#822
PCR,2026-07-01,C,1,false,TBMPCR6Stage2,GT 1844 XPC TML,185 R14 ULTIMA XPC 10 PR (+1 SKUs),R14,R14,1D25218014010RXPCT,2,300.0,2,2026-07-02 06:47,2026-07-02 12:47,6.0,true,false,GT 1634 XPC TATA,22.0,22.0,0.0,PCR|TBMPCR6Stage2|6#524
PCR,2026-07-02,A,2,false,TBMPCR5Stage2,GT 1513 XPC1 MSIL,155 R13 C ULTIMA XPC1 90/89 S TL (MSIL) (+1 SKUs),R13,R13,1D25215013008SXC10,2,2520.0,16,2026-07-02 07:04,2026-07-03 20:52,37.8,true,false,GT 1773 NEOPS,119.56666666666666,28.0,0.0,PCR|TBMPCR5Stage2|5#485
PCR,2026-07-02,A,2,false,TBMPCR7Stage2,GT 1503 NEO MSIL,155/80 R13 ULTIMA NEO MSIL (+6 SKUs),R13,R13,1325215813079TUNE3,7,773.0,5,2026-07-02 08:44,2026-07-02 19:03,10.31,true,false,GT 1773 NEO,223.23333333333332,22.0,0.0,PCR|TBMPCR7Stage2|4#663
PCR,2026-07-02,A,2,false,TBMPCR3Stage2,GT1915 LT XPC1,195 R15 ULTIMA XPC1,"",R15,1225219Z15008SXC10,1,254.0,2,2026-07-02 10:46,2026-07-02 16:29,5.72,true,false,GT 1995 ROYL KIA,28.0,28.0,0.0,PCR|TBMPCR3Stage2|3#309
PCR,2026-07-02,A,2,false,TBMPCR1Stage2,GT  T1457 STAR,T145/70 R17 STAR XT (+2 SKUs),R17,R17,1325214617107MSXT0,3,318.0,2,2026-07-02 11:56,2026-07-02 17:30,5.56,true,false,GT 2267 ROYL HYU,174.23333333333332,28.0,0.0,PCR|TBMPCR1Stage2|4#162
PCR,2026-07-02,A,2,false,TBMPCR10Stage2,GT 1673 NEO,165/70 R13 ULTIMA NEO,R13,R13,1325216613079HUNE0,1,152.0,1,2026-07-02 12:20,2026-07-02 14:21,2.03,true,false,GT 1513 XPC1 MSIL,171.26666666666665,22.0,0.0,PCR|TBMPCR10Stage2|5#6
PCR,2026-07-02,A,2,false,TBMPCR11Stage2,GT 1916 ROYL,195/60 R16 UX ROYALE 89 H (+2 SKUs),R16,R16,1325219416089HURL1,3,158.0,1,2026-07-02 13:48,2026-07-02 17:00,3.2,false,false,GT 1916 ROYL,454.8833333333333,0.0,0.0,PCR|TBMPCR11Stage2|2#83
PCR,2026-07-02,A,2,false,TBMPCR8Stage2,GT 1925 XPC1,195 R15 ULTIMA XPC1 AL,R15,R15,1225219Z15008SXC11,1,301.0,2,2026-07-02 14:37,2026-07-02 21:13,6.61,true,false,GT 1765 ROYL,22.0,22.0,0.0,PCR|TBMPCR8Stage2|5#751
PCR,2026-07-02,A,2,false,TBMPCR10Stage2,GT 1483 UHL,145/80 R13 ULTIMA HI LIFE,R13,R13,1325214813075SUHL0,1,160.0,1,2026-07-02 14:43,2026-07-02 16:51,2.13,true,false,GT 1673 NEO,22.0,22.0,0.0,PCR|TBMPCR10Stage2|6#7
PCR,2026-07-02,B,2,false,TBMPCR9Stage2,GT 2158 ROYL HYU,215/55R18 UX ROYALE (+1 SKUs),R18,R18,1325221318095HURL0,2,469.0,3,2026-07-02 15:42,2026-07-03 00:18,8.6,true,false,GT 2258 RAN HPE,22.0,22.0,0.0,PCR|TBMPCR9Stage2|5#823
PCR,2026-07-02,B,2,false,TBMPCR3Stage2,GT 2455 RAN A/T,215/75 R15 RANGER AT,R15,R15,1325221715100SRAT0,1,160.0,1,2026-07-02 16:57,2026-07-02 20:11,3.24,true,false,GT1915 LT XPC1,28.0,28.0,0.0,PCR|TBMPCR3Stage2|4#310
PCR,2026-07-02,B,2,false,TBMPCR11Stage2,GT 2476 SUP MM,245/75 R16 ELANZO SUPRA,"",R16,1325224716111SELS0,1,632.0,4,2026-07-02 17:22,2026-07-03 06:32,13.17,true,false,GT 1916 ROYL,22.0,22.0,0.0,PCR|TBMPCR11Stage2|3#84
PCR,2026-07-02,B,2,false,TBMPCR4Stage2,GT 1402 XPC TATA,145 R12 ULTIMA XPC TL TATA (+14 SKUs),R12,R12,1D25214012008QXPCT,15,477.0,3,2026-07-02 17:44,2026-07-03 00:53,7.16,true,false,GT 1482 UHL,28.0,28.0,0.0,PCR|TBMPCR4Stage2|3#394
PCR,2026-07-02,B,2,false,TBMPCR1Stage2,GT 2267 ROYL HYU,215/60 R17 UX ROYALE HYUNDAI (+9 SKUs),R17,R17,1325221417096HURL0,10,769.0,5,2026-07-02 17:58,2026-07-03 07:38,13.67,true,false,GT  T1457 STAR,28.0,28.0,0.0,PCR|TBMPCR1Stage2|5#163
PCR,2026-07-02,B,2,false,TBMPCR2Stage2,GT  T1457 STAR,T145/70 R17 STAR XT (+2 SKUs),R17,R17,1325214617107MSXT0,3,159.0,1,2026-07-02 18:40,2026-07-02 21:35,2.92,true,true,GT 2476 SUP MM,60.0,60.0,0.0,PCR|TBMPCR2Stage2|3#226
PCR,2026-07-02,B,2,false,TBMPCR7Stage2,GT 1583 NEO TATA,155/80 R13 ULTIMA NEO LRR (+2 SKUs),R13,R13,1325215813079TUNE5,3,308.0,2,2026-07-02 19:25,2026-07-02 23:31,4.11,true,false,GT 1503 NEO MSIL,22.0,22.0,0.0,PCR|TBMPCR7Stage2|5#664
PCR,2026-07-02,B,2,false,TBMPCR10Stage2,GT 1543 XPC1,155 R13 ULTIMA XPC1 TML (+2 SKUs),R13,R13,1D25215013008SXC1T,3,466.0,3,2026-07-02 20:01,2026-07-03 02:30,6.47,true,false,GT 1483 UHL,190.16666666666666,22.0,0.0,PCR|TBMPCR10Stage2|7#8
PCR,2026-07-02,B,2,false,TBMPCR3Stage2,GT 1995 ROYL KIA,195/65R15 UX ROYALE (+10 SKUs),R15,R15,1325219515091HURL2,11,479.0,3,2026-07-02 20:39,2026-07-03 04:46,8.12,true,false,GT 2455 RAN A/T,28.0,28.0,0.0,PCR|TBMPCR3Stage2|5#311
PCR,2026-07-02,B,2,false,TBMPCR6Stage2,GT 1634 XPC TATA,165 R14 ULTIMA XPC TATA TL (+5 SKUs),R14,R14,1D25216814008QXPC0,6,319.0,2,2026-07-02 20:52,2026-07-03 01:18,4.43,true,false,GT 1844 XPC TML,485.06666666666666,22.0,0.0,PCR|TBMPCR6Stage2|7#525
PCR,2026-07-02,C,2,false,TBMPCR8Stage2,GT 1925 XPC1,195 R15 ULTIMA XPC1 AL,R15,R15,1225219Z15008SXC11,1,315.0,2,2026-07-02 23:18,2026-07-03 06:12,6.91,false,false,GT 1925 XPC1,124.48333333333333,0.0,0.0,PCR|TBMPCR8Stage2|5#752
PCR,2026-07-02,C,2,false,TBMPCR2Stage2,GT 2568 HT2,255/65 R 18 Ranger HT2 111 H,R18,R18,1325225518111HRHB0,1,460.0,3,2026-07-03 00:23,2026-07-03 10:44,10.35,true,true,GT  T1457 STAR,167.8,60.0,0.0,PCR|TBMPCR2Stage2|4#227
PCR,2026-07-02,C,2,false,TBMPCR7Stage2,GT 1503 NEO MSIL,155/80 R13 ULTIMA NEO MSIL (+6 SKUs),R13,R13,1325215813079TUNE3,7,1538.0,10,2026-07-03 01:03,2026-07-03 21:33,20.51,true,false,GT 1583 NEO TATA,91.95,22.0,0.0,PCR|TBMPCR7Stage2|6#665
PCR,2026-07-02,C,2,false,TBMPCR4Stage2,GT 1412 XPC MM,145 R12 ULTIMA XPC (+6 SKUs),"",R12,1D25114012008QXPC0,7,154.0,1,2026-07-03 04:57,2026-07-03 07:16,2.31,true,false,GT 1402 XPC TATA,244.25,28.0,0.0,PCR|TBMPCR4Stage2|4#395
PCR,2026-07-02,C,2,false,TBMPCR3Stage2,GT 1865 ROYL RENO,185/65 R15 UX ROYALE (+2 SKUs),R15,R15,1325218515088TURL1,3,157.0,1,2026-07-03 05:14,2026-07-03 08:10,2.92,true,false,GT 1995 ROYL KIA,28.0,28.0,0.0,PCR|TBMPCR3Stage2|6#312
PCR,2026-07-02,C,2,false,TBMPCR10Stage2,GT 1773 NEOPS,175/70 R13 TORNEL ULTIMA NEO+,R13,R13,1325217613082TUNEE,1,153.0,1,2026-07-03 05:20,2026-07-03 07:30,2.17,true,false,GT 1543 XPC1,170.1,22.0,0.0,PCR|TBMPCR10Stage2|8#9
PCR,2026-07-02,C,2,false,TBMPCR9Stage2,GT 2258 RAN HPE,225/55 R 18 Ranger Hpe (+1 SKUs),R 18,R18,1325222318098HRHE0,2,609.0,4,2026-07-03 05:38,2026-07-03 18:09,12.52,true,false,GT 2158 ROYL HYU,319.7833333333333,22.0,0.0,PCR|TBMPCR9Stage2|6#824
PCR,2026-07-02,C,2,false,TBMPCR8Stage2,GT 1765 ROYL,175/65 R15 UX ROYALE (+5 SKUs),R15,R15,1325217515084HURL2,6,760.0,5,2026-07-03 06:34,2026-07-03 19:02,12.46,true,false,GT 1925 XPC1,22.0,22.0,0.0,PCR|TBMPCR8Stage2|6#753
PCR,2026-07-03,A,3,false,TBMPCR6Stage2,GT 1844 XPC TML,185 R14 ULTIMA XPC 10 PR (+1 SKUs),R14,R14,1D25218014010RXPCT,2,300.0,2,2026-07-03 07:11,2026-07-03 13:11,6.0,true,false,GT 1634 XPC TATA,352.25,22.0,0.0,PCR|TBMPCR6Stage2|8#526
PCR,2026-07-03,A,3,false,TBMPCR4Stage2,GT 1482 UHL,145/80 R 12 ULTIMA HI LIFE TL (+13 SKUs),R12,R12,1325214812074TUHL0,14,465.0,3,2026-07-03 07:44,2026-07-03 14:42,6.98,true,false,GT 1412 XPC MM,28.0,28.0,0.0,PCR|TBMPCR4Stage2|5#396
PCR,2026-07-03,A,3,false,TBMPCR1Stage2,GT  T1457 STAR,T145/70 R17 STAR XT (+2 SKUs),R17,R17,1325214617107MSXT0,3,159.0,1,2026-07-03 08:06,2026-07-03 10:53,2.78,true,false,GT 2267 ROYL HYU,28.0,28.0,0.0,PCR|TBMPCR1Stage2|6#164
PCR,2026-07-03,A,3,false,TBMPCR10Stage2,GT 1673 NEO,165/70 R13 ULTIMA NEO,R13,R13,1325216613079HUNE0,1,152.0,1,2026-07-03 08:06,2026-07-03 10:07,2.03,true,false,GT 1773 NEOPS,35.96666666666667,22.0,0.0,PCR|TBMPCR10Stage2|9#10
PCR,2026-07-03,A,3,false,TBMPCR3Stage2,GT 1995 ROYL KIA,195/65R15 UX ROYALE (+10 SKUs),R15,R15,1325219515091HURL2,11,956.0,6,2026-07-03 11:15,2026-07-04 03:27,16.2,true,false,GT 1865 ROYL RENO,185.6,28.0,0.0,PCR|TBMPCR3Stage2|7#313
PCR,2026-07-03,A,3,false,TBMPCR2Stage2,GT 1482 UHL,145/80 R 12 ULTIMA HI LIFE TL (+13 SKUs),R12,R12,1325214812074TUHL0,14,477.0,3,2026-07-03 11:44,2026-07-03 18:53,7.16,true,true,GT 2568 HT2,60.0,60.0,0.0,PCR|TBMPCR2Stage2|5#228
PCR,2026-07-03,A,3,false,TBMPCR11Stage2,GT 1916 ROYL,195/60 R16 UX ROYALE 89 H (+2 SKUs),R16,R16,1325219416089HURL1,3,158.0,1,2026-07-03 12:36,2026-07-03 15:48,3.2,true,false,GT 2476 SUP MM,363.25,22.0,0.0,PCR|TBMPCR11Stage2|4#85
PCR,2026-07-03,A,3,false,TBMPCR10Stage2,GT 1483 UHL,145/80 R13 ULTIMA HI LIFE,R13,R13,1325214813075SUHL0,1,160.0,1,2026-07-03 13:01,2026-07-03 15:09,2.13,true,false,GT 1673 NEO,173.93333333333334,22.0,0.0,PCR|TBMPCR10Stage2|10#11
PCR,2026-07-03,A,3,false,TBMPCR6Stage2,GT 1684 ROYL,165/80 R 14 UX ROYALE,R 14,R14,1325216814085TURL2,1,157.0,1,2026-07-03 13:33,2026-07-03 15:43,2.18,true,false,GT 1844 XPC TML,22.0,22.0,0.0,PCR|TBMPCR6Stage2|9#527
PCR,2026-07-03,A,3,false,TBMPCR1Stage2,GT 2267 ROYL HYU,215/60 R17 UX ROYALE HYUNDAI (+9 SKUs),R17,R17,1325221417096HURL0,10,777.0,5,2026-07-03 13:48,2026-07-04 03:37,13.81,true,false,GT  T1457 STAR,175.25,28.0,0.0,PCR|TBMPCR1Stage2|7#165
PCR,2026-07-03,B,3,false,TBMPCR4Stage2,GT 1402 XPC TATA,145 R12 ULTIMA XPC TL TATA (+14 SKUs),R12,R12,1D25214012008QXPCT,15,467.0,3,2026-07-03 15:10,2026-07-03 22:11,7.0,true,false,GT 1482 UHL,28.0,28.0,0.0,PCR|TBMPCR4Stage2|6#397
PCR,2026-07-03,B,3,false,TBMPCR10Stage2,GT 1773 NEO,175/70 R13 ULTIMA NEO,R13,R13,1325217613082TUNE0,1,156.0,1,2026-07-03 15:31,2026-07-03 17:36,2.08,true,false,GT 1483 UHL,22.0,22.0,0.0,PCR|TBMPCR10Stage2|11#12
PCR,2026-07-03,B,3,false,TBMPCR6Stage2,GT 1894 MAX,185/70 R14 TAXIMAX (+6 SKUs),R14,R14,1325218614088TTMX0,7,156.0,1,2026-07-03 16:05,2026-07-03 18:15,2.17,true,false,GT 1684 ROYL,22.0,22.0,0.0,PCR|TBMPCR6Stage2|10#528
PCR,2026-07-03,B,3,false,TBMPCR11Stage2,GT 2476 SUP MM,245/75 R16 ELANZO SUPRA,"",R16,1325224716111SELS0,1,632.0,4,2026-07-03 16:10,2026-07-04 05:20,13.17,true,false,GT 1916 ROYL,22.0,22.0,0.0,PCR|TBMPCR11Stage2|5#86
PCR,2026-07-03,B,3,false,TBMPCR10Stage2,GT 1673 NEO,165/70 R13 ULTIMA NEO,R13,R13,1325216613079HUNE0,1,152.0,1,2026-07-03 17:58,2026-07-03 20:00,2.03,true,false,GT 1773 NEO,22.0,22.0,0.0,PCR|TBMPCR10Stage2|12#13
PCR,2026-07-03,B,3,false,TBMPCR9Stage2,GT 2158 ROYL HYU,215/55R18 UX ROYALE (+1 SKUs),R18,R18,1325221318095HURL0,2,937.0,6,2026-07-03 18:31,2026-07-04 11:42,17.18,true,false,GT 2258 RAN HPE,22.0,22.0,0.0,PCR|TBMPCR9Stage2|7#825
PCR,2026-07-03,B,3,false,TBMPCR8Stage2,GT 2455 RAN A/T,215/75 R15 RANGER AT,R15,R15,1325221715100SRAT0,1,160.0,1,2026-07-03 19:24,2026-07-03 22:33,3.16,true,false,GT 1765 ROYL,22.0,22.0,0.0,PCR|TBMPCR8Stage2|7#754
PCR,2026-07-03,B,3,false,TBMPCR2Stage2,GT  T1457 STAR,T145/70 R17 STAR XT (+2 SKUs),R17,R17,1325214617107MSXT0,3,159.0,1,2026-07-03 19:53,2026-07-03 22:48,2.92,true,true,GT 1482 UHL,60.0,60.0,0.0,PCR|TBMPCR2Stage2|6#229
PCR,2026-07-03,B,3,false,TBMPCR6Stage2,GT1564 NEO,155/65 R14 ULTIMA NEO,R14,R14,1325215514075TUNE0,1,159.0,1,2026-07-03 20:09,2026-07-03 22:21,2.21,true,false,GT 1894 MAX,113.28333333333333,22.0,0.0,PCR|TBMPCR6Stage2|11#529
PCR,2026-07-03,B,3,false,TBMPCR10Stage2,GT 1773 NEOPS,175/70 R13 TORNEL ULTIMA NEO+,R13,R13,1325217613082TUNEE,1,153.0,1,2026-07-03 21:20,2026-07-03 23:30,2.17,true,false,GT 1673 NEO,80.31666666666666,22.0,0.0,PCR|TBMPCR10Stage2|13#14
PCR,2026-07-03,B,3,false,TBMPCR4Stage2,GT 1412 XPC MM,145 R12 ULTIMA XPC (+6 SKUs),"",R12,1D25114012008QXPC0,7,154.0,1,2026-07-03 22:39,2026-07-04 00:57,2.31,true,false,GT 1402 XPC TATA,28.0,28.0,0.0,PCR|TBMPCR4Stage2|7#398
PCR,2026-07-03,B,3,false,TBMPCR6Stage2,GT 1634 XPC TATA,165 R14 ULTIMA XPC TATA TL (+5 SKUs),R14,R14,1D25216814008QXPC0,6,324.0,2,2026-07-03 22:43,2026-07-04 03:13,4.5,true,false,GT1564 NEO,22.0,22.0,0.0,PCR|TBMPCR6Stage2|12#530
PCR,2026-07-03,C,3,false,TBMPCR8Stage2,GT 1865 ROYL RENO,185/65 R15 UX ROYALE (+2 SKUs),R15,R15,1325218515088TURL1,3,157.0,1,2026-07-03 23:23,2026-07-04 02:13,2.83,true,false,GT 2455 RAN A/T,49.53333333333333,22.0,0.0,PCR|TBMPCR8Stage2|8#755
PCR,2026-07-03,C,3,false,TBMPCR10Stage2,GT 1673 NEO,165/70 R13 ULTIMA NEO,R13,R13,1325216613079HUNE0,1,152.0,1,2026-07-03 23:52,2026-07-04 01:54,2.03,true,false,GT 1773 NEOPS,22.0,22.0,0.0,PCR|TBMPCR10Stage2|14#15
PCR,2026-07-03,C,3,false,TBMPCR7Stage2,GT 1773 NEO,175/70 R13 ULTIMA NEO,R13,R13,1325217613082TUNE0,1,156.0,1,2026-07-03 23:56,2026-07-04 02:00,2.08,true,false,GT 1503 NEO MSIL,142.23333333333332,22.0,0.0,PCR|TBMPCR7Stage2|7#666
PCR,2026-07-03,C,3,false,TBMPCR2Stage2,GT 2568 HT2,255/65 R 18 Ranger HT2 111 H,R18,R18,1325225518111HRHB0,1,460.0,3,2026-07-04 00:40,2026-07-04 11:01,10.35,true,true,GT  T1457 STAR,112.35,60.0,0.0,PCR|TBMPCR2Stage2|7#230
PCR,2026-07-03,C,3,false,TBMPCR5Stage2,GT 1503 NEO MSIL,155/80 R13 ULTIMA NEO MSIL (+6 SKUs),R13,R13,1325215813079TUNE3,7,772.0,5,2026-07-04 01:57,2026-07-04 12:53,10.94,true,false,GT 1513 XPC1 MSIL,304.6,28.0,0.0,PCR|TBMPCR5Stage2|6#486
PCR,2026-07-03,C,3,false,TBMPCR4Stage2,GT 1402 XPC TATA,145 R12 ULTIMA XPC TL TATA (+14 SKUs),R12,R12,1D25214012008QXPCT,15,472.0,3,2026-07-04 02:14,2026-07-04 09:19,7.08,true,false,GT 1412 XPC MM,76.76666666666667,28.0,0.0,PCR|TBMPCR4Stage2|8#399
PCR,2026-07-03,C,3,false,TBMPCR10Stage2,GT 1513 XPC1 MSIL,155 R13 C ULTIMA XPC1 90/89 S TL (MSIL) (+1 SKUs),R13,R13,1D25215013008SXC10,2,625.0,4,2026-07-04 02:16,2026-07-04 10:57,8.68,true,false,GT 1673 NEO,22.0,22.0,0.0,PCR|TBMPCR10Stage2|15#16
PCR,2026-07-03,C,3,false,TBMPCR7Stage2,GT 1513 XPC1 MSIL,155 R13 C ULTIMA XPC1 90/89 S TL (MSIL) (+1 SKUs),R13,R13,1D25215013008SXC10,2,608.0,4,2026-07-04 02:22,2026-07-04 10:49,8.44,true,false,GT 1773 NEO,22.0,22.0,0.0,PCR|TBMPCR7Stage2|8#667
PCR,2026-07-03,C,3,false,TBMPCR8Stage2,GT 1765 ROYL,175/65 R15 UX ROYALE (+5 SKUs),R15,R15,1325217515084HURL2,6,760.0,5,2026-07-04 02:35,2026-07-04 15:02,12.46,true,false,GT 1865 ROYL RENO,22.0,22.0,0.0,PCR|TBMPCR8Stage2|9#756
PCR,2026-07-03,C,3,false,TBMPCR3Stage2,GT 1925 XPC1,195 R15 ULTIMA XPC1 AL,R15,R15,1225219Z15008SXC11,1,313.0,2,2026-07-04 03:55,2026-07-04 10:58,7.04,true,false,GT 1995 ROYL KIA,28.0,28.0,0.0,PCR|TBMPCR3Stage2|8#314
PCR,2026-07-03,C,3,false,TBMPCR1Stage2,GT  T1457 STAR,T145/70 R17 STAR XT (+2 SKUs),R17,R17,1325214617107MSXT0,3,159.0,1,2026-07-04 04:05,2026-07-04 06:52,2.78,true,false,GT 2267 ROYL HYU,28.0,28.0,0.0,PCR|TBMPCR1Stage2|8#166
PCR,2026-07-03,C,3,false,TBMPCR6Stage2,GT1564 NEO,155/65 R14 ULTIMA NEO,R14,R14,1325215514075TUNE0,1,159.0,1,2026-07-04 06:29,2026-07-04 08:42,2.21,true,false,GT 1634 XPC TATA,195.86666666666667,22.0,0.0,PCR|TBMPCR6Stage2|13#531
PCR,2026-07-04,A,4,false,TBMPCR6Stage2,GT 1894 MAX,185/70 R14 TAXIMAX (+6 SKUs),R14,R14,1325218614088TTMX0,7,156.0,1,2026-07-04 09:04,2026-07-04 11:14,2.17,true,false,GT1564 NEO,22.0,22.0,0.0,PCR|TBMPCR6Stage2|14#532
PCR,2026-07-04,A,4,false,TBMPCR1Stage2,GT 2267 ROYL HYU,215/60 R17 UX ROYALE HYUNDAI (+9 SKUs),R17,R17,1325221417096HURL0,10,1561.0,10,2026-07-04 09:07,2026-07-05 12:52,27.75,true,false,GT  T1457 STAR,135.18333333333334,28.0,0.0,PCR|TBMPCR1Stage2|9#167
PCR,2026-07-04,A,4,false,TBMPCR4Stage2,GT 1482 UHL,145/80 R 12 ULTIMA HI LIFE TL (+13 SKUs),R12,R12,1325214812074TUHL0,14,465.0,3,2026-07-04 09:47,2026-07-04 16:45,6.98,true,false,GT 1402 XPC TATA,28.0,28.0,0.0,PCR|TBMPCR4Stage2|9#400
PCR,2026-07-04,A,4,false,TBMPCR10Stage2,GT 1483 UHL,145/80 R13 ULTIMA HI LIFE,R13,R13,1325214813075SUHL0,1,160.0,1,2026-07-04 11:19,2026-07-04 13:27,2.13,true,false,GT 1513 XPC1 MSIL,22.0,22.0,0.0,PCR|TBMPCR10Stage2|16#17
PCR,2026-07-04,A,4,false,TBMPCR11Stage2,GT 1916 ROYL,195/60 R16 UX ROYALE 89 H (+2 SKUs),R16,R16,1325219416089HURL1,3,158.0,1,2026-07-04 11:23,2026-07-04 14:35,3.2,true,false,GT 2476 SUP MM,363.25,22.0,0.0,PCR|TBMPCR11Stage2|6#87
PCR,2026-07-04,A,4,false,TBMPCR6Stage2,GT 1684 ROYL,165/80 R 14 UX ROYALE,R 14,R14,1325216814085TURL2,1,157.0,1,2026-07-04 11:36,2026-07-04 13:46,2.18,true,false,GT 1894 MAX,22.0,22.0,0.0,PCR|TBMPCR6Stage2|15#533
PCR,2026-07-04,A,4,false,TBMPCR7Stage2,GT 1583 NEO TATA,155/80 R13 ULTIMA NEO LRR (+2 SKUs),R13,R13,1325215813079TUNE5,3,307.0,2,2026-07-04 11:59,2026-07-04 16:04,4.09,true,false,GT 1513 XPC1 MSIL,69.53333333333333,22.0,0.0,PCR|TBMPCR7Stage2|9#668
PCR,2026-07-04,A,4,false,TBMPCR2Stage2,GT 1482 UHL,145/80 R 12 ULTIMA HI LIFE TL (+13 SKUs),R12,R12,1325214812074TUHL0,14,477.0,3,2026-07-04 12:01,2026-07-04 19:11,7.16,true,true,GT 2568 HT2,60.0,60.0,0.0,PCR|TBMPCR2Stage2|8#231
PCR,2026-07-04,A,4,false,TBMPCR3Stage2,GT 1995 ROYL KIA,195/65R15 UX ROYALE (+10 SKUs),R15,R15,1325219515091HURL2,11,473.0,3,2026-07-04 13:21,2026-07-04 21:22,8.01,true,false,GT 1925 XPC1,143.11666666666667,28.0,0.0,PCR|TBMPCR3Stage2|9#315
PCR,2026-07-04,A,4,false,TBMPCR5Stage2,GT 1773 NEO,175/70 R13 ULTIMA NEO,R13,R13,1325217613082TUNE0,1,155.0,1,2026-07-04 13:21,2026-07-04 15:33,2.2,true,false,GT 1503 NEO MSIL,28.0,28.0,0.0,PCR|TBMPCR5Stage2|7#487
PCR,2026-07-04,A,4,false,TBMPCR6Stage2,GT 1634 XPC TATA,165 R14 ULTIMA XPC TATA TL (+5 SKUs),R14,R14,1D25216814008QXPC0,6,318.0,2,2026-07-04 14:08,2026-07-04 18:33,4.42,true,false,GT 1684 ROYL,22.0,22.0,0.0,PCR|TBMPCR6Stage2|16#534
PCR,2026-07-04,A,4,false,TBMPCR9Stage2,GT 2258 RAN HPE,225/55 R 18 Ranger Hpe (+1 SKUs),R 18,R18,1325222318098HRHE0,2,307.0,2,2026-07-04 14:10,2026-07-04 20:29,6.31,true,false,GT 2158 ROYL HYU,148.05,22.0,0.0,PCR|TBMPCR9Stage2|8#826
PCR,2026-07-04,A,4,false,TBMPCR11Stage2,GT 2476 SUP MM,245/75 R16 ELANZO SUPRA,"",R16,1325224716111SELS0,1,636.0,4,2026-07-04 14:57,2026-07-05 04:12,13.25,true,false,GT 1916 ROYL,22.0,22.0,0.0,PCR|TBMPCR11Stage2|7#88
PCR,2026-07-04,B,4,false,TBMPCR8Stage2,GT 1865 ROYL RENO,185/65 R15 UX ROYALE (+2 SKUs),R15,R15,1325218515088TURL1,3,157.0,1,2026-07-04 15:24,2026-07-04 18:14,2.83,true,false,GT 1765 ROYL,22.0,22.0,0.0,PCR|TBMPCR8Stage2|10#757
PCR,2026-07-04,B,4,false,TBMPCR5Stage2,GT 1503 NEO MSIL,155/80 R13 ULTIMA NEO MSIL (+6 SKUs),R13,R13,1325215813079TUNE3,7,2309.0,15,2026-07-04 16:01,2026-07-06 00:44,32.71,true,false,GT 1773 NEO,28.0,28.0,0.0,PCR|TBMPCR5Stage2|8#488
PCR,2026-07-04,B,4,false,TBMPCR10Stage2,GT 1773 NEOPS,175/70 R13 TORNEL ULTIMA NEO+,R13,R13,1325217613082TUNEE,1,306.0,2,2026-07-04 16:05,2026-07-04 20:25,4.34,true,false,GT 1483 UHL,158.06666666666666,22.0,0.0,PCR|TBMPCR10Stage2|17#18
PCR,2026-07-04,B,4,false,TBMPCR7Stage2,GT 1513 XPC1 MSIL,155 R13 C ULTIMA XPC1 90/89 S TL (MSIL) (+1 SKUs),R13,R13,1D25215013008SXC10,2,1248.0,8,2026-07-04 16:26,2026-07-05 09:46,17.33,true,false,GT 1583 NEO TATA,22.0,22.0,0.0,PCR|TBMPCR7Stage2|10#669
PCR,2026-07-04,B,4,false,TBMPCR8Stage2,GT 2455 RAN A/T,215/75 R15 RANGER AT,R15,R15,1325221715100SRAT0,1,160.0,1,2026-07-04 18:36,2026-07-04 21:45,3.16,true,false,GT 1865 ROYL RENO,22.0,22.0,0.0,PCR|TBMPCR8Stage2|11#758
PCR,2026-07-04,B,4,false,TBMPCR6Stage2,GT 1844 XPC TML,185 R14 ULTIMA XPC 10 PR (+1 SKUs),R14,R14,1D25218014010RXPCT,2,606.0,4,2026-07-04 18:55,2026-07-05 07:03,12.12,true,false,GT 1634 XPC TATA,22.0,22.0,0.0,PCR|TBMPCR6Stage2|17#535
PCR,2026-07-04,B,4,false,TBMPCR4Stage2,GT 1402 XPC TATA,145 R12 ULTIMA XPC TL TATA (+14 SKUs),R12,R12,1D25214012008QXPCT,15,467.0,3,2026-07-04 20:08,2026-07-05 03:08,7.0,true,false,GT 1482 UHL,202.2,28.0,0.0,PCR|TBMPCR4Stage2|10#401
PCR,2026-07-04,B,4,false,TBMPCR10Stage2,GT 1673 NEO,165/70 R13 ULTIMA NEO,R13,R13,1325216613079HUNE0,1,152.0,1,2026-07-04 21:20,2026-07-04 23:22,2.03,true,false,GT 1773 NEOPS,55.699999999999996,22.0,0.0,PCR|TBMPCR10Stage2|18#19
PCR,2026-07-04,B,4,false,TBMPCR2Stage2,GT 1482 UHL,145/80 R 12 ULTIMA HI LIFE TL (+13 SKUs),R12,R12,1325214812074TUHL0,14,465.0,3,2026-07-04 21:49,2026-07-05 04:48,6.98,false,false,GT 1482 UHL,158.56666666666666,0.0,0.0,PCR|TBMPCR2Stage2|8#232
PCR,2026-07-04,B,4,false,TBMPCR8Stage2,GT 1995 ROYL KIA,195/65R15 UX ROYALE (+10 SKUs),R15,R15,1325219515091HURL2,11,477.0,3,2026-07-04 22:07,2026-07-05 05:56,7.82,true,false,GT 2455 RAN A/T,22.0,22.0,0.0,PCR|TBMPCR8Stage2|12#759
PCR,2026-07-04,B,4,false,TBMPCR9Stage2,GT 2568 HT2,255/65 R 18 Ranger HT2 111 H,R18,R18,1325225518111HRHB0,1,459.0,3,2026-07-04 22:24,2026-07-05 08:29,10.07,true,false,GT 2258 RAN HPE,115.66666666666667,22.0,0.0,PCR|TBMPCR9Stage2|9#827
PCR,2026-07-04,C,4,false,TBMPCR10Stage2,GT 1543 XPC1,155 R13 ULTIMA XPC1 TML (+2 SKUs),R13,R13,1D25215013008SXC1T,3,462.0,3,2026-07-04 23:44,2026-07-05 06:09,6.42,true,false,GT 1673 NEO,22.0,22.0,0.0,PCR|TBMPCR10Stage2|19#20
PCR,2026-07-04,C,4,false,TBMPCR3Stage2,GT1915 LT XPC1,195 R15 ULTIMA XPC1,"",R15,1225219Z15008SXC10,1,156.0,1,2026-07-05 02:49,2026-07-05 06:20,3.51,true,false,GT 1995 ROYL KIA,327.4,28.0,0.0,PCR|TBMPCR3Stage2|10#316
PCR,2026-07-04,C,4,false,TBMPCR4Stage2,GT 1412 XPC MM,145 R12 ULTIMA XPC (+6 SKUs),"",R12,1D25114012008QXPC0,7,153.0,1,2026-07-05 03:36,2026-07-05 05:54,2.3,true,false,GT 1402 XPC TATA,28.0,28.0,0.0,PCR|TBMPCR4Stage2|11#402
PCR,2026-07-04,C,4,false,TBMPCR2Stage2,GT 1634 XPC TATA,165 R14 ULTIMA XPC TATA TL (+5 SKUs),R14,R14,1D25216814008QXPC0,6,318.0,2,2026-07-05 05:48,2026-07-05 10:34,4.77,true,true,GT 1482 UHL,60.0,60.0,0.0,PCR|TBMPCR2Stage2|9#233
PCR,2026-07-04,C,4,false,TBMPCR8Stage2,GT 1925 XPC1,195 R15 ULTIMA XPC1 AL,R15,R15,1225219Z15008SXC11,1,301.0,2,2026-07-05 06:18,2026-07-05 12:55,6.61,true,false,GT 1995 ROYL KIA,22.0,22.0,0.0,PCR|TBMPCR8Stage2|13#760
PCR,2026-07-04,C,4,false,TBMPCR4Stage2,GT 1402 XPC TATA,145 R12 ULTIMA XPC TL TATA (+14 SKUs),R12,R12,1D25214012008QXPCT,15,949.0,6,2026-07-05 06:22,2026-07-05 20:36,14.24,true,false,GT 1412 XPC MM,28.0,28.0,0.0,PCR|TBMPCR4Stage2|12#403
PCR,2026-07-04,C,4,false,TBMPCR10Stage2,GT 1483 UHL,145/80 R13 ULTIMA HI LIFE,R13,R13,1325214813075SUHL0,1,160.0,1,2026-07-05 06:31,2026-07-05 08:39,2.13,true,false,GT 1543 XPC1,22.0,22.0,0.0,PCR|TBMPCR10Stage2|20#21
PCR,2026-07-05,A,5,false,TBMPCR6Stage2,GT 1684 ROYL,165/80 R 14 UX ROYALE,R 14,R14,1325216814085TURL2,1,157.0,1,2026-07-05 07:25,2026-07-05 09:35,2.18,true,false,GT 1844 XPC TML,22.0,22.0,0.0,PCR|TBMPCR6Stage2|18#536
PCR,2026-07-05,A,5,false,TBMPCR9Stage2,GT 2258 RAN HPE,225/55 R 18 Ranger Hpe (+1 SKUs),R 18,R18,1325222318098HRHE0,2,606.0,4,2026-07-05 08:51,2026-07-05 21:18,12.46,true,false,GT 2568 HT2,22.0,22.0,0.0,PCR|TBMPCR9Stage2|10#828
PCR,2026-07-05,A,5,false,TBMPCR10Stage2,GT 1513 XPC1 MSIL,155 R13 C ULTIMA XPC1 90/89 S TL (MSIL) (+1 SKUs),R13,R13,1D25215013008SXC10,2,1265.0,8,2026-07-05 09:01,2026-07-06 02:35,17.57,true,false,GT 1483 UHL,22.0,22.0,0.0,PCR|TBMPCR10Stage2|21#22
PCR,2026-07-05,A,5,false,TBMPCR7Stage2,GT 1583 NEO TATA,155/80 R13 ULTIMA NEO LRR (+2 SKUs),R13,R13,1325215813079TUNE5,3,307.0,2,2026-07-05 10:08,2026-07-05 14:14,4.09,true,false,GT 1513 XPC1 MSIL,22.0,22.0,0.0,PCR|TBMPCR7Stage2|11#670
PCR,2026-07-05,A,5,false,TBMPCR3Stage2,GT 1865 ROYL RENO,185/65 R15 UX ROYALE (+2 SKUs),R15,R15,1325218515088TURL1,3,157.0,1,2026-07-05 10:15,2026-07-05 13:10,2.92,true,false,GT1915 LT XPC1,234.91666666666666,28.0,0.0,PCR|TBMPCR3Stage2|11#317
PCR,2026-07-05,A,5,false,TBMPCR11Stage2,GT 1916 ROYL,195/60 R16 UX ROYALE 89 H (+2 SKUs),R16,R16,1325219416089HURL1,3,158.0,1,2026-07-05 10:16,2026-07-05 13:28,3.2,true,false,GT 2476 SUP MM,363.25,22.0,0.0,PCR|TBMPCR11Stage2|8#89
PCR,2026-07-05,A,5,false,TBMPCR2Stage2,GT 1482 UHL,145/80 R 12 ULTIMA HI LIFE TL (+13 SKUs),R12,R12,1325214812074TUHL0,14,477.0,3,2026-07-05 11:34,2026-07-05 18:43,7.16,true,true,GT 1634 XPC TATA,60.0,60.0,0.0,PCR|TBMPCR2Stage2|10#234
PCR,2026-07-05,A,5,false,TBMPCR6Stage2,GT 1894 MAX,185/70 R14 TAXIMAX (+6 SKUs),R14,R14,1325218614088TTMX0,7,156.0,1,2026-07-05 11:55,2026-07-05 14:05,2.17,true,false,GT 1684 ROYL,139.13333333333333,22.0,0.0,PCR|TBMPCR6Stage2|19#537
PCR,2026-07-05,A,5,false,TBMPCR8Stage2,GT 1765 ROYL,175/65 R15 UX ROYALE (+5 SKUs),R15,R15,1325217515084HURL2,6,760.0,5,2026-07-05 13:17,2026-07-06 01:44,12.46,true,false,GT 1925 XPC1,22.0,22.0,0.0,PCR|TBMPCR8Stage2|14#761
PCR,2026-07-05,A,5,false,TBMPCR1Stage2,GT  T1457 STAR,T145/70 R17 STAR XT (+2 SKUs),R17,R17,1325214617107MSXT0,3,159.0,1,2026-07-05 13:20,2026-07-05 16:07,2.78,true,false,GT 2267 ROYL HYU,28.0,28.0,0.0,PCR|TBMPCR1Stage2|10#168
PCR,2026-07-05,A,5,false,TBMPCR3Stage2,GT 1995 ROYL KIA,195/65R15 UX ROYALE (+10 SKUs),R15,R15,1325219515091HURL2,11,479.0,3,2026-07-05 13:38,2026-07-05 21:45,8.12,true,false,GT 1865 ROYL RENO,28.0,28.0,0.0,PCR|TBMPCR3Stage2|12#318
PCR,2026-07-05,A,5,false,TBMPCR11Stage2,GT 2476 SUP MM,245/75 R16 ELANZO SUPRA,"",R16,1325224716111SELS0,1,640.0,4,2026-07-05 13:50,2026-07-06 03:10,13.33,true,false,GT 1916 ROYL,22.0,22.0,0.0,PCR|TBMPCR11Stage2|9#90
PCR,2026-07-05,A,5,false,TBMPCR6Stage2,GT1564 NEO,155/65 R14 ULTIMA NEO,R14,R14,1325215514075TUNE0,1,159.0,1,2026-07-05 14:27,2026-07-05 16:39,2.21,true,false,GT 1894 MAX,22.0,22.0,0.0,PCR|TBMPCR6Stage2|20#538
PCR,2026-07-05,B,5,false,TBMPCR6Stage2,GT 1684 ROYL,165/80 R 14 UX ROYALE,R 14,R14,1325216814085TURL2,1,157.0,1,2026-07-05 17:01,2026-07-05 19:12,2.18,true,false,GT1564 NEO,22.0,22.0,0.0,PCR|TBMPCR6Stage2|21#539
PCR,2026-07-05,B,5,false,TBMPCR1Stage2,GT 2267 ROYL HYU,215/60 R17 UX ROYALE HYUNDAI (+9 SKUs),R17,R17,1325221417096HURL0,10,784.0,5,2026-07-05 18:16,2026-07-06 08:12,13.94,true,false,GT  T1457 STAR,128.65,28.0,0.0,PCR|TBMPCR1Stage2|11#169
PCR,2026-07-05,B,5,false,TBMPCR7Stage2,GT 1543 XPC1,155 R13 ULTIMA XPC1 TML (+2 SKUs),R13,R13,1D25215013008SXC1T,3,465.0,3,2026-07-05 18:46,2026-07-06 01:14,6.46,true,false,GT 1583 NEO TATA,272.51666666666665,22.0,0.0,PCR|TBMPCR7Stage2|12#671
PCR,2026-07-05,B,5,false,TBMPCR2Stage2,GT  T1457 STAR,T145/70 R17 STAR XT (+2 SKUs),R17,R17,1325214617107MSXT0,3,159.0,1,2026-07-05 19:43,2026-07-05 22:38,2.92,true,true,GT 1482 UHL,60.0,60.0,0.0,PCR|TBMPCR2Stage2|11#235
PCR,2026-07-05,B,5,false,TBMPCR6Stage2,GT 1894 MAX,185/70 R14 TAXIMAX (+6 SKUs),R14,R14,1325218614088TTMX0,7,156.0,1,2026-07-05 20:37,2026-07-05 22:47,2.17,true,false,GT 1684 ROYL,85.15,22.0,0.0,PCR|TBMPCR6Stage2|22#540
PCR,2026-07-05,B,5,false,TBMPCR9Stage2,GT 2158 ROYL HYU,215/55R18 UX ROYALE (+1 SKUs),R18,R18,1325221318095HURL0,2,468.0,3,2026-07-05 21:40,2026-07-06 06:15,8.58,true,false,GT 2258 RAN HPE,22.0,22.0,0.0,PCR|TBMPCR9Stage2|11#829
PCR,2026-07-05,B,5,false,TBMPCR4Stage2,GT 1482 UHL,145/80 R 12 ULTIMA HI LIFE TL (+13 SKUs),R12,R12,1325214812074TUHL0,14,477.0,3,2026-07-05 21:55,2026-07-06 05:04,7.16,true,false,GT 1402 XPC TATA,78.85,28.0,0.0,PCR|TBMPCR4Stage2|13#404
PCR,2026-07-05,B,5,false,TBMPCR3Stage2,GT1915 LT XPC1,195 R15 ULTIMA XPC1,"",R15,1225219Z15008SXC10,1,156.0,1,2026-07-05 22:13,2026-07-06 01:43,3.51,true,false,GT 1995 ROYL KIA,28.0,28.0,0.0,PCR|TBMPCR3Stage2|13#319
PCR,2026-07-05,C,5,false,TBMPCR6Stage2,GT 1634 XPC TATA,165 R14 ULTIMA XPC TATA TL (+5 SKUs),R14,R14,1D25216814008QXPC0,6,322.0,2,2026-07-05 23:09,2026-07-06 03:37,4.47,true,false,GT 1894 MAX,22.0,22.0,0.0,PCR|TBMPCR6Stage2|23#541
PCR,2026-07-05,C,5,false,TBMPCR2Stage2,GT 2568 HT2,255/65 R 18 Ranger HT2 111 H,R18,R18,1325225518111HRHB0,1,459.0,3,2026-07-05 23:38,2026-07-06 09:58,10.33,true,true,GT  T1457 STAR,60.0,60.0,0.0,PCR|TBMPCR2Stage2|12#236
PCR,2026-07-05,C,5,false,TBMPCR5Stage2,GT 1513 XPC1 MSIL,155 R13 C ULTIMA XPC1 90/89 S TL (MSIL) (+1 SKUs),R13,R13,1D25215013008SXC10,2,1233.0,8,2026-07-06 01:12,2026-07-06 19:41,18.5,true,false,GT 1503 NEO MSIL,28.0,28.0,0.0,PCR|TBMPCR5Stage2|9#489
PCR,2026-07-05,C,5,false,TBMPCR7Stage2,GT 1773 NEO,175/70 R13 ULTIMA NEO,R13,R13,1325217613082TUNE0,1,155.0,1,2026-07-06 01:36,2026-07-06 03:40,2.07,true,false,GT 1543 XPC1,22.0,22.0,0.0,PCR|TBMPCR7Stage2|13#672
PCR,2026-07-05,C,5,false,TBMPCR8Stage2,GT 1995 ROYL KIA,195/65R15 UX ROYALE (+10 SKUs),R15,R15,1325219515091HURL2,11,473.0,3,2026-07-06 02:06,2026-07-06 09:51,7.75,true,false,GT 1765 ROYL,22.0,22.0,0.0,PCR|TBMPCR8Stage2|15#762
PCR,2026-07-05,C,5,false,TBMPCR3Stage2,GT 2455 RAN A/T,215/75 R15 RANGER AT,R15,R15,1325221715100SRAT0,1,160.0,1,2026-07-06 02:42,2026-07-06 05:56,3.24,true,false,GT1915 LT XPC1,58.06666666666666,28.0,0.0,PCR|TBMPCR3Stage2|14#320
PCR,2026-07-05,C,5,false,TBMPCR10Stage2,GT 1673 NEO,165/70 R13 ULTIMA NEO,R13,R13,1325216613079HUNE0,1,152.0,1,2026-07-06 02:57,2026-07-06 04:59,2.03,true,false,GT 1513 XPC1 MSIL,22.0,22.0,0.0,PCR|TBMPCR10Stage2|22#23
PCR,2026-07-05,C,5,false,TBMPCR6Stage2,GT 1844 XPC TML,185 R14 ULTIMA XPC 10 PR (+1 SKUs),R14,R14,1D25218014010RXPCT,2,306.0,2,2026-07-06 03:59,2026-07-06 10:07,6.12,true,false,GT 1634 XPC TATA,22.0,22.0,0.0,PCR|TBMPCR6Stage2|24#542
PCR,2026-07-05,C,5,false,TBMPCR7Stage2,GT 1583 NEO TATA,155/80 R13 ULTIMA NEO LRR (+2 SKUs),R13,R13,1325215813079TUNE5,3,307.0,2,2026-07-06 04:02,2026-07-06 08:07,4.09,true,false,GT 1773 NEO,22.0,22.0,0.0,PCR|TBMPCR7Stage2|14#673
PCR,2026-07-05,C,5,false,TBMPCR10Stage2,GT 1773 NEOPS,175/70 R13 TORNEL ULTIMA NEO+,R13,R13,1325217613082TUNEE,1,153.0,1,2026-07-06 05:21,2026-07-06 07:31,2.17,true,false,GT 1673 NEO,22.116666666666667,22.0,0.0,PCR|TBMPCR10Stage2|23#24
PCR,2026-07-05,C,5,false,TBMPCR4Stage2,GT 1412 XPC MM,145 R12 ULTIMA XPC (+6 SKUs),"",R12,1D25114012008QXPC0,7,153.0,1,2026-07-06 05:32,2026-07-06 07:50,2.3,true,false,GT 1482 UHL,28.0,28.0,0.0,PCR|TBMPCR4Stage2|14#405
PCR,2026-07-05,C,5,false,TBMPCR3Stage2,GT 1925 XPC1,195 R15 ULTIMA XPC1 AL,R15,R15,1225219Z15008SXC11,1,314.0,2,2026-07-06 06:24,2026-07-06 13:28,7.06,true,false,GT 2455 RAN A/T,28.0,28.0,0.0,PCR|TBMPCR3Stage2|15#321
PCR,2026-07-06,A,6,false,TBMPCR11Stage2,GT 2476 SUP MM,245/75 R16 ELANZO SUPRA,"",R16,1325224716111SELS0,1,632.0,4,2026-07-06 07:42,2026-07-06 20:52,13.17,false,false,GT 2476 SUP MM,271.5833333333333,0.0,0.0,PCR|TBMPCR11Stage2|9#91
PCR,2026-07-06,A,6,false,TBMPCR10Stage2,GT 1483 UHL,145/80 R13 ULTIMA HI LIFE,R13,R13,1325214813075SUHL0,1,160.0,1,2026-07-06 07:53,2026-07-06 10:01,2.13,true,false,GT 1773 NEOPS,22.0,22.0,0.0,PCR|TBMPCR10Stage2|24#25
PCR,2026-07-06,A,6,false,TBMPCR4Stage2,GT 1482 UHL,145/80 R 12 ULTIMA HI LIFE TL (+13 SKUs),R12,R12,1325214812074TUHL0,14,465.0,3,2026-07-06 08:18,2026-07-06 15:16,6.98,true,false,GT 1412 XPC MM,28.0,28.0,0.0,PCR|TBMPCR4Stage2|15#406
PCR,2026-07-06,A,6,false,TBMPCR7Stage2,GT 1513 XPC1 MSIL,155 R13 C ULTIMA XPC1 90/89 S TL (MSIL) (+1 SKUs),R13,R13,1D25215013008SXC10,2,1244.0,8,2026-07-06 08:29,2026-07-07 01:46,17.28,true,false,GT 1583 NEO TATA,22.0,22.0,0.0,PCR|TBMPCR7Stage2|15#674
PCR,2026-07-06,A,6,false,TBMPCR1Stage2,GT  T1457 STAR,T145/70 R17 STAR XT (+2 SKUs),R17,R17,1325214617107MSXT0,3,159.0,1,2026-07-06 08:40,2026-07-06 11:27,2.78,true,false,GT 2267 ROYL HYU,28.0,28.0,0.0,PCR|TBMPCR1Stage2|12#170
PCR,2026-07-06,A,6,false,TBMPCR8Stage2,GT 1765 ROYL,175/65 R15 UX ROYALE (+5 SKUs),R15,R15,1325217515084HURL2,6,760.0,5,2026-07-06 10:13,2026-07-06 22:41,12.46,true,false,GT 1995 ROYL KIA,22.0,22.0,0.0,PCR|TBMPCR8Stage2|16#763
PCR,2026-07-06,A,6,false,TBMPCR10Stage2,GT 1503 NEO MSIL,155/80 R13 ULTIMA NEO MSIL (+6 SKUs),R13,R13,1325215813079TUNE3,7,772.0,5,2026-07-06 10:23,2026-07-06 20:41,10.29,true,false,GT 1483 UHL,22.0,22.0,0.0,PCR|TBMPCR10Stage2|25#26
PCR,2026-07-06,A,6,false,TBMPCR6Stage2,GT1564 NEO,155/65 R14 ULTIMA NEO,R14,R14,1325215514075TUNE0,1,158.0,1,2026-07-06 10:29,2026-07-06 12:40,2.19,true,false,GT 1844 XPC TML,22.0,22.0,0.0,PCR|TBMPCR6Stage2|25#543
PCR,2026-07-06,A,6,false,TBMPCR2Stage2,GT 1844 XPC TML,185 R14 ULTIMA XPC 10 PR (+1 SKUs),R14,R14,1D25218014010RXPCT,2,306.0,2,2026-07-06 10:58,2026-07-06 17:20,6.38,true,true,GT 2568 HT2,60.0,60.0,0.0,PCR|TBMPCR2Stage2|13#237
PCR,2026-07-06,A,6,false,TBMPCR1Stage2,GT 2267 ROYL HYU,215/60 R17 UX ROYALE HYUNDAI (+9 SKUs),R17,R17,1325221417096HURL0,10,786.0,5,2026-07-06 13:35,2026-07-07 03:34,13.97,true,false,GT  T1457 STAR,128.65,28.0,0.0,PCR|TBMPCR1Stage2|13#171
PCR,2026-07-06,A,6,false,TBMPCR3Stage2,GT 1995 ROYL KIA,195/65R15 UX ROYALE (+10 SKUs),R15,R15,1325219515091HURL2,11,483.0,3,2026-07-06 13:56,2026-07-06 22:07,8.18,true,false,GT 1925 XPC1,28.0,28.0,0.0,PCR|TBMPCR3Stage2|16#322
PCR,2026-07-06,A,6,false,TBMPCR9Stage2,GT 2258 RAN HPE,225/55 R 18 Ranger Hpe (+1 SKUs),R 18,R18,1325222318098HRHE0,2,306.0,2,2026-07-06 13:58,2026-07-06 20:16,6.29,true,false,GT 2158 ROYL HYU,463.21666666666664,22.0,0.0,PCR|TBMPCR9Stage2|12#830
PCR,2026-07-06,B,6,false,TBMPCR6Stage2,GT 1844 XPC TML,185 R14 ULTIMA XPC 10 PR (+1 SKUs),R14,R14,1D25218014010RXPCT,2,300.0,2,2026-07-06 16:37,2026-07-06 22:37,6.0,true,false,GT1564 NEO,236.88333333333333,22.0,0.0,PCR|TBMPCR6Stage2|26#544
PCR,2026-07-06,B,6,false,TBMPCR9Stage2,GT 2158 ROYL HYU,215/55R18 UX ROYALE (+1 SKUs),R18,R18,1325221318095HURL0,2,468.0,3,2026-07-06 20:38,2026-07-07 05:12,8.58,true,false,GT 2258 RAN HPE,22.0,22.0,0.0,PCR|TBMPCR9Stage2|13#831
PCR,2026-07-06,B,6,false,TBMPCR4Stage2,GT 1412 XPC MM,145 R12 ULTIMA XPC (+6 SKUs),"",R12,1D25114012008QXPC0,7,153.0,1,2026-07-06 21:07,2026-07-06 23:24,2.3,true,false,GT 1482 UHL,350.55,28.0,0.0,PCR|TBMPCR4Stage2|16#407
PCR,2026-07-06,B,6,false,TBMPCR2Stage2,GT  T1457 STAR,T145/70 R17 STAR XT (+2 SKUs),R17,R17,1325214617107MSXT0,3,159.0,1,2026-07-06 21:09,2026-07-07 00:04,2.92,true,true,GT 1844 XPC TML,229.03333333333333,60.0,0.0,PCR|TBMPCR2Stage2|14#238
PCR,2026-07-06,B,6,false,TBMPCR11Stage2,GT 1916 ROYL,195/60 R16 UX ROYALE 89 H (+2 SKUs),R16,R16,1325219416089HURL1,3,158.0,1,2026-07-06 21:14,2026-07-07 00:26,3.2,true,false,GT 2476 SUP MM,22.0,22.0,0.0,PCR|TBMPCR11Stage2|10#92
PCR,2026-07-06,B,6,false,TBMPCR6Stage2,GT 1634 XPC TATA,165 R14 ULTIMA XPC TATA TL (+5 SKUs),R14,R14,1D25216814008QXPC0,6,318.0,2,2026-07-06 22:59,2026-07-07 03:24,4.42,true,false,GT 1844 XPC TML,22.0,22.0,0.0,PCR|TBMPCR6Stage2|27#545
PCR,2026-07-06,C,6,false,TBMPCR8Stage2,GT 1865 ROYL RENO,185/65 R15 UX ROYALE (+2 SKUs),R15,R15,1325218515088TURL1,3,157.0,1,2026-07-06 23:03,2026-07-07 01:53,2.83,true,false,GT 1765 ROYL,22.0,22.0,0.0,PCR|TBMPCR8Stage2|17#764
PCR,2026-07-06,C,6,false,TBMPCR4Stage2,GT 1482 UHL,145/80 R 12 ULTIMA HI LIFE TL (+13 SKUs),R12,R12,1325214812074TUHL0,14,465.0,3,2026-07-06 23:52,2026-07-07 06:51,6.98,true,false,GT 1412 XPC MM,28.0,28.0,0.0,PCR|TBMPCR4Stage2|17#408
PCR,2026-07-06,C,6,false,TBMPCR2Stage2,GT 2568 HT2,255/65 R 18 Ranger HT2 111 H,R18,R18,1325225518111HRHB0,1,459.0,3,2026-07-07 01:04,2026-07-07 11:24,10.33,true,true,GT  T1457 STAR,60.0,60.0,0.0,PCR|TBMPCR2Stage2|15#239
PCR,2026-07-06,C,6,false,TBMPCR5Stage2,GT 1503 NEO MSIL,155/80 R13 ULTIMA NEO MSIL (+6 SKUs),R13,R13,1325215813079TUNE3,7,2309.0,15,2026-07-07 01:08,2026-07-08 09:50,32.71,true,false,GT 1513 XPC1 MSIL,326.4,28.0,0.0,PCR|TBMPCR5Stage2|10#490
PCR,2026-07-06,C,6,false,TBMPCR10Stage2,GT 1773 NEOPS,175/70 R13 TORNEL ULTIMA NEO+,R13,R13,1325217613082TUNEE,1,153.0,1,2026-07-07 01:37,2026-07-07 03:47,2.17,true,false,GT 1503 NEO MSIL,296.46666666666664,22.0,0.0,PCR|TBMPCR10Stage2|26#27
PCR,2026-07-06,C,6,false,TBMPCR11Stage2,GT 2476 SUP MM,245/75 R16 ELANZO SUPRA,"",R16,1325224716111SELS0,1,631.0,4,2026-07-07 01:57,2026-07-07 15:06,13.15,true,false,GT 1916 ROYL,91.65,22.0,0.0,PCR|TBMPCR11Stage2|11#93
PCR,2026-07-06,C,6,false,TBMPCR7Stage2,GT 1773 NEO,175/70 R13 ULTIMA NEO,R13,R13,1325217613082TUNE0,1,310.0,2,2026-07-07 02:08,2026-07-07 07:01,4.88,true,false,GT 1513 XPC1 MSIL,22.0,22.0,0.0,PCR|TBMPCR7Stage2|16#675
PCR,2026-07-06,C,6,false,TBMPCR8Stage2,GT 2455 RAN A/T,215/75 R15 RANGER AT,R15,R15,1325221715100SRAT0,1,160.0,1,2026-07-07 02:15,2026-07-07 05:24,3.16,true,false,GT 1865 ROYL RENO,22.0,22.0,0.0,PCR|TBMPCR8Stage2|18#765
PCR,2026-07-06,C,6,false,TBMPCR6Stage2,GT 1894 MAX,185/70 R14 TAXIMAX (+6 SKUs),R14,R14,1325218614088TTMX0,7,155.0,1,2026-07-07 03:46,2026-07-07 05:55,2.15,true,false,GT 1634 XPC TATA,22.0,22.0,0.0,PCR|TBMPCR6Stage2|28#546
PCR,2026-07-06,C,6,false,TBMPCR10Stage2,GT 1483 UHL,145/80 R13 ULTIMA HI LIFE,R13,R13,1325214813075SUHL0,1,160.0,1,2026-07-07 05:25,2026-07-07 07:33,2.13,true,false,GT 1773 NEOPS,98.11666666666666,22.0,0.0,PCR|TBMPCR10Stage2|27#28
PCR,2026-07-06,C,6,false,TBMPCR3Stage2,GT 1995 ROYL KIA,195/65R15 UX ROYALE (+10 SKUs),R15,R15,1325219515091HURL2,11,472.0,3,2026-07-07 05:27,2026-07-07 13:27,8.0,false,false,GT 1995 ROYL KIA,440.2,0.0,0.0,PCR|TBMPCR3Stage2|16#323
PCR,2026-07-06,C,6,false,TBMPCR9Stage2,GT 2568 HT2,255/65 R 18 Ranger HT2 111 H,R18,R18,1325225518111HRHB0,1,153.0,1,2026-07-07 05:34,2026-07-07 08:56,3.36,true,false,GT 2158 ROYL HYU,22.0,22.0,0.0,PCR|TBMPCR9Stage2|14#832
PCR,2026-07-06,C,6,false,TBMPCR1Stage2,GT  T1457 STAR,T145/70 R17 STAR XT (+2 SKUs),R17,R17,1325214617107MSXT0,3,159.0,1,2026-07-07 05:43,2026-07-07 08:29,2.78,true,false,GT 2267 ROYL HYU,128.65,28.0,0.0,PCR|TBMPCR1Stage2|14#172
PCR,2026-07-06,C,6,false,TBMPCR8Stage2,GT 1925 XPC1,195 R15 ULTIMA XPC1 AL,R15,R15,1225219Z15008SXC11,1,313.0,2,2026-07-07 05:46,2026-07-07 12:38,6.87,true,false,GT 2455 RAN A/T,22.0,22.0,0.0,PCR|TBMPCR8Stage2|19#766
PCR,2026-07-06,C,6,false,TBMPCR6Stage2,GT 1684 ROYL,165/80 R 14 UX ROYALE,R 14,R14,1325216814085TURL2,1,157.0,1,2026-07-07 06:17,2026-07-07 08:28,2.18,true,false,GT 1894 MAX,22.0,22.0,0.0,PCR|TBMPCR6Stage2|29#547
PCR,2026-07-07,A,7,false,TBMPCR4Stage2,GT 1402 XPC TATA,145 R12 ULTIMA XPC TL TATA (+14 SKUs),R12,R12,1D25214012008QXPCT,15,467.0,3,2026-07-07 07:19,2026-07-07 14:19,7.0,true,false,GT 1482 UHL,28.0,28.0,0.0,PCR|TBMPCR4Stage2|18#409
PCR,2026-07-07,A,7,false,TBMPCR7Stage2,GT 1583 NEO TATA,155/80 R13 ULTIMA NEO LRR (+2 SKUs),R13,R13,1325215813079TUNE5,3,307.0,2,2026-07-07 07:23,2026-07-07 11:28,4.09,true,false,GT 1773 NEO,22.0,22.0,0.0,PCR|TBMPCR7Stage2|17#676
PCR,2026-07-07,A,7,false,TBMPCR10Stage2,GT 1673 NEO,165/70 R13 ULTIMA NEO,R13,R13,1325216613079HUNE0,1,152.0,1,2026-07-07 07:55,2026-07-07 09:57,2.03,true,false,GT 1483 UHL,22.0,22.0,0.0,PCR|TBMPCR10Stage2|28#29
PCR,2026-07-07,A,7,false,TBMPCR6Stage2,GT1564 NEO,155/65 R14 ULTIMA NEO,R14,R14,1325215514075TUNE0,1,158.0,1,2026-07-07 08:50,2026-07-07 11:02,2.19,true,false,GT 1684 ROYL,22.0,22.0,0.0,PCR|TBMPCR6Stage2|30#548
PCR,2026-07-07,A,7,false,TBMPCR1Stage2,GT 2267 ROYL HYU,215/60 R17 UX ROYALE HYUNDAI (+9 SKUs),R17,R17,1325221417096HURL0,10,777.0,5,2026-07-07 08:57,2026-07-07 22:46,13.81,true,false,GT  T1457 STAR,28.0,28.0,0.0,PCR|TBMPCR1Stage2|15#173
PCR,2026-07-07,A,7,false,TBMPCR9Stage2,GT 2258 RAN HPE,225/55 R 18 Ranger Hpe (+1 SKUs),R 18,R18,1325222318098HRHE0,2,606.0,4,2026-07-07 09:18,2026-07-07 21:45,12.46,true,false,GT 2568 HT2,22.0,22.0,0.0,PCR|TBMPCR9Stage2|15#833
PCR,2026-07-07,A,7,false,TBMPCR10Stage2,GT 1773 NEOPS,175/70 R13 TORNEL ULTIMA NEO+,R13,R13,1325217613082TUNEE,1,153.0,1,2026-07-07 10:19,2026-07-07 12:29,2.17,true,false,GT 1673 NEO,22.0,22.0,0.0,PCR|TBMPCR10Stage2|29#30
PCR,2026-07-07,A,7,false,TBMPCR7Stage2,GT 1513 XPC1 MSIL,155 R13 C ULTIMA XPC1 90/89 S TL (MSIL) (+1 SKUs),R13,R13,1D25215013008SXC10,2,1264.0,8,2026-07-07 11:50,2026-07-08 05:24,17.56,true,false,GT 1583 NEO TATA,22.0,22.0,0.0,PCR|TBMPCR7Stage2|18#677
PCR,2026-07-07,A,7,false,TBMPCR2Stage2,GT 1482 UHL,145/80 R 12 ULTIMA HI LIFE TL (+13 SKUs),R12,R12,1325214812074TUHL0,14,477.0,3,2026-07-07 12:24,2026-07-07 19:33,7.16,true,true,GT 2568 HT2,60.0,60.0,0.0,PCR|TBMPCR2Stage2|16#240
PCR,2026-07-07,A,7,false,TBMPCR10Stage2,GT 1673 NEO,165/70 R13 ULTIMA NEO,R13,R13,1325216613079HUNE0,1,152.0,1,2026-07-07 12:51,2026-07-07 14:53,2.03,true,false,GT 1773 NEOPS,22.0,22.0,0.0,PCR|TBMPCR10Stage2|30#31
PCR,2026-07-07,A,7,false,TBMPCR8Stage2,GT 1765 ROYL,175/65 R15 UX ROYALE (+5 SKUs),R15,R15,1325217515084HURL2,6,759.0,5,2026-07-07 13:00,2026-07-08 01:26,12.44,true,false,GT 1925 XPC1,22.0,22.0,0.0,PCR|TBMPCR8Stage2|20#767
PCR,2026-07-07,A,7,false,TBMPCR3Stage2,GT1915 LT XPC1,195 R15 ULTIMA XPC1,"",R15,1225219Z15008SXC10,1,155.0,1,2026-07-07 14:47,2026-07-07 18:16,3.49,true,false,GT 1995 ROYL KIA,79.98333333333333,28.0,0.0,PCR|TBMPCR3Stage2|17#324
PCR,2026-07-07,B,7,false,TBMPCR6Stage2,GT 1634 XPC TATA,165 R14 ULTIMA XPC TATA TL (+5 SKUs),R14,R14,1D25216814008QXPC0,6,318.0,2,2026-07-07 15:03,2026-07-07 19:28,4.42,true,false,GT1564 NEO,241.63333333333333,22.0,0.0,PCR|TBMPCR6Stage2|31#549
PCR,2026-07-07,B,7,false,TBMPCR10Stage2,GT 1483 UHL,145/80 R13 ULTIMA HI LIFE,R13,R13,1325214813075SUHL0,1,160.0,1,2026-07-07 15:15,2026-07-07 17:23,2.13,true,false,GT 1673 NEO,22.0,22.0,0.0,PCR|TBMPCR10Stage2|31#32
PCR,2026-07-07,B,7,false,TBMPCR10Stage2,GT 1513 XPC1 MSIL,155 R13 C ULTIMA XPC1 90/89 S TL (MSIL) (+1 SKUs),R13,R13,1D25215013008SXC10,2,1226.0,8,2026-07-07 17:45,2026-07-08 10:46,17.03,true,false,GT 1483 UHL,22.0,22.0,0.0,PCR|TBMPCR10Stage2|32#33
PCR,2026-07-07,B,7,false,TBMPCR4Stage2,GT 1412 XPC MM,145 R12 ULTIMA XPC (+6 SKUs),"",R12,1D25114012008QXPC0,7,153.0,1,2026-07-07 18:34,2026-07-07 20:51,2.3,true,false,GT 1402 XPC TATA,254.43333333333334,28.0,0.0,PCR|TBMPCR4Stage2|19#410
PCR,2026-07-07,B,7,false,TBMPCR3Stage2,GT 1995 ROYL KIA,195/65R15 UX ROYALE (+10 SKUs),R15,R15,1325219515091HURL2,11,952.0,6,2026-07-07 18:44,2026-07-08 10:52,16.13,true,false,GT1915 LT XPC1,28.0,28.0,0.0,PCR|TBMPCR3Stage2|18#325
PCR,2026-07-07,B,7,false,TBMPCR2Stage2,GT  T1457 STAR,T145/70 R17 STAR XT (+2 SKUs),R17,R17,1325214617107MSXT0,3,159.0,1,2026-07-07 20:33,2026-07-07 23:28,2.92,true,true,GT 1482 UHL,60.0,60.0,0.0,PCR|TBMPCR2Stage2|17#241
PCR,2026-07-07,B,7,false,TBMPCR4Stage2,GT 1402 XPC TATA,145 R12 ULTIMA XPC TL TATA (+14 SKUs),R12,R12,1D25214012008QXPCT,15,472.0,3,2026-07-07 21:19,2026-07-08 04:24,7.08,true,false,GT 1412 XPC MM,28.0,28.0,0.0,PCR|TBMPCR4Stage2|20#411
PCR,2026-07-07,B,7,false,TBMPCR9Stage2,GT 2158 ROYL HYU,215/55R18 UX ROYALE (+1 SKUs),R18,R18,1325221318095HURL0,2,468.0,3,2026-07-07 22:07,2026-07-08 06:42,8.58,true,false,GT 2258 RAN HPE,22.0,22.0,0.0,PCR|TBMPCR9Stage2|16#834
PCR,2026-07-07,C,7,false,TBMPCR6Stage2,GT 1684 ROYL,165/80 R 14 UX ROYALE,R 14,R14,1325216814085TURL2,1,157.0,1,2026-07-07 23:23,2026-07-08 01:34,2.18,true,false,GT 1634 XPC TATA,234.81666666666666,22.0,0.0,PCR|TBMPCR6Stage2|32#550
PCR,2026-07-07,C,7,false,TBMPCR11Stage2,GT 1916 ROYL,195/60 R16 UX ROYALE 89 H (+2 SKUs),R16,R16,1325219416089HURL1,3,158.0,1,2026-07-08 00:01,2026-07-08 03:13,3.2,true,false,GT 2476 SUP MM,534.4,22.0,0.0,PCR|TBMPCR11Stage2|12#94
PCR,2026-07-07,C,7,false,TBMPCR2Stage2,GT 2476 SUP MM,245/75 R16 ELANZO SUPRA,"",R16,1325224716111SELS0,1,630.0,4,2026-07-08 00:28,2026-07-08 13:46,13.3,true,true,GT  T1457 STAR,60.0,60.0,0.0,PCR|TBMPCR2Stage2|18#242
PCR,2026-07-07,C,7,false,TBMPCR8Stage2,GT 2455 RAN A/T,215/75 R15 RANGER AT,R15,R15,1325221715100SRAT0,1,160.0,1,2026-07-08 01:48,2026-07-08 04:58,3.16,true,false,GT 1765 ROYL,22.0,22.0,0.0,PCR|TBMPCR8Stage2|21#768
PCR,2026-07-07,C,7,false,TBMPCR6Stage2,GT 1894 MAX,185/70 R14 TAXIMAX (+6 SKUs),R14,R14,1325218614088TTMX0,7,155.0,1,2026-07-08 01:56,2026-07-08 04:05,2.15,true,false,GT 1684 ROYL,22.0,22.0,0.0,PCR|TBMPCR6Stage2|33#551
PCR,2026-07-07,C,7,false,TBMPCR1Stage2,GT 2267 ROYL HYU,215/60 R17 UX ROYALE HYUNDAI (+9 SKUs),R17,R17,1325221417096HURL0,10,777.0,5,2026-07-08 03:04,2026-07-08 16:52,13.81,false,false,GT 2267 ROYL HYU,257.31666666666666,0.0,0.0,PCR|TBMPCR1Stage2|15#174
PCR,2026-07-07,C,7,false,TBMPCR6Stage2,GT1564 NEO,155/65 R14 ULTIMA NEO,R14,R14,1325215514075TUNE0,1,316.0,2,2026-07-08 04:27,2026-07-08 08:51,4.39,true,false,GT 1894 MAX,22.0,22.0,0.0,PCR|TBMPCR6Stage2|34#552
PCR,2026-07-07,C,7,false,TBMPCR4Stage2,GT 1482 UHL,145/80 R 12 ULTIMA HI LIFE TL (+13 SKUs),R12,R12,1325214812074TUHL0,14,942.0,6,2026-07-08 04:52,2026-07-08 19:00,14.13,true,false,GT 1402 XPC TATA,28.0,28.0,0.0,PCR|TBMPCR4Stage2|21#412
PCR,2026-07-07,C,7,false,TBMPCR7Stage2,GT 1583 NEO TATA,155/80 R13 ULTIMA NEO LRR (+2 SKUs),R13,R13,1325215813079TUNE5,3,307.0,2,2026-07-08 05:46,2026-07-08 09:51,4.09,true,false,GT 1513 XPC1 MSIL,22.0,22.0,0.0,PCR|TBMPCR7Stage2|19#678
PCR,2026-07-07,C,7,false,TBMPCR8Stage2,GT 1865 ROYL RENO,185/65 R15 UX ROYALE (+2 SKUs),R15,R15,1325218515088TURL1,3,157.0,1,2026-07-08 06:09,2026-07-08 08:59,2.83,true,false,GT 2455 RAN A/T,70.95,22.0,0.0,PCR|TBMPCR8Stage2|22#769
PCR,2026-07-08,A,8,false,TBMPCR9Stage2,GT 2258 RAN HPE,225/55 R 18 Ranger Hpe (+1 SKUs),R 18,R18,1325222318098HRHE0,2,306.0,2,2026-07-08 07:04,2026-07-08 13:21,6.29,true,false,GT 2158 ROYL HYU,22.0,22.0,0.0,PCR|TBMPCR9Stage2|17#835
PCR,2026-07-08,A,8,false,TBMPCR11Stage2,GT 2476 SUP MM,245/75 R16 ELANZO SUPRA,"",R16,1325224716111SELS0,1,633.0,4,2026-07-08 09:57,2026-07-08 23:09,13.19,true,false,GT 1916 ROYL,404.4166666666667,22.0,0.0,PCR|TBMPCR11Stage2|13#95
PCR,2026-07-08,A,8,false,TBMPCR5Stage2,GT 1773 NEOPS,175/70 R13 TORNEL ULTIMA NEO+,R13,R13,1325217613082TUNEE,1,153.0,1,2026-07-08 10:18,2026-07-08 12:23,2.08,true,false,GT 1503 NEO MSIL,28.0,28.0,0.0,PCR|TBMPCR5Stage2|11#491
PCR,2026-07-08,A,8,false,TBMPCR6Stage2,GT 1844 XPC TML,185 R14 ULTIMA XPC 10 PR (+1 SKUs),R14,R14,1D25218014010RXPCT,2,306.0,2,2026-07-08 10:53,2026-07-08 17:00,6.12,true,false,GT1564 NEO,122.01666666666667,22.0,0.0,PCR|TBMPCR6Stage2|35#553
PCR,2026-07-08,A,8,false,TBMPCR10Stage2,GT 1543 XPC1,155 R13 ULTIMA XPC1 TML (+2 SKUs),R13,R13,1D25215013008SXC1T,3,462.0,3,2026-07-08 11:08,2026-07-08 17:33,6.42,true,false,GT 1513 XPC1 MSIL,22.0,22.0,0.0,PCR|TBMPCR10Stage2|33#34
PCR,2026-07-08,A,8,false,TBMPCR3Stage2,GT 1925 XPC1,195 R15 ULTIMA XPC1 AL,R15,R15,1225219Z15008SXC11,1,301.0,2,2026-07-08 11:20,2026-07-08 18:07,6.77,true,false,GT 1995 ROYL KIA,28.0,28.0,0.0,PCR|TBMPCR3Stage2|19#326
PCR,2026-07-08,A,8,false,TBMPCR8Stage2,GT 1765 ROYL,175/65 R15 UX ROYALE (+5 SKUs),R15,R15,1325217515084HURL2,6,759.0,5,2026-07-08 11:59,2026-07-09 00:25,12.44,true,false,GT 1865 ROYL RENO,179.88333333333333,22.0,0.0,PCR|TBMPCR8Stage2|23#770
PCR,2026-07-08,A,8,false,TBMPCR5Stage2,GT 1673 NEO,165/70 R13 ULTIMA NEO,R13,R13,1325216613079HUNE0,1,152.0,1,2026-07-08 12:51,2026-07-08 15:00,2.15,true,false,GT 1773 NEOPS,28.0,28.0,0.0,PCR|TBMPCR5Stage2|12#492
PCR,2026-07-08,A,8,false,TBMPCR9Stage2,GT 2568 HT2,255/65 R 18 Ranger HT2 111 H,R18,R18,1325225518111HRHB0,1,151.0,1,2026-07-08 13:43,2026-07-08 17:02,3.31,true,false,GT 2258 RAN HPE,22.0,22.0,0.0,PCR|TBMPCR9Stage2|18#836
PCR,2026-07-08,A,8,false,TBMPCR2Stage2,GT 1402 XPC TATA,145 R12 ULTIMA XPC TL TATA (+14 SKUs),R12,R12,1D25214012008QXPCT,15,466.0,3,2026-07-08 14:46,2026-07-08 21:45,6.99,true,true,GT 2476 SUP MM,60.0,60.0,0.0,PCR|TBMPCR2Stage2|19#243
PCR,2026-07-08,B,8,false,TBMPCR5Stage2,GT 1483 UHL,145/80 R13 ULTIMA HI LIFE,R13,R13,1325214813075SUHL0,1,160.0,1,2026-07-08 15:28,2026-07-08 17:44,2.27,true,false,GT 1673 NEO,28.0,28.0,0.0,PCR|TBMPCR5Stage2|13#493
PCR,2026-07-08,B,8,false,TBMPCR1Stage2,GT  T1457 STAR,T145/70 R17 STAR XT (+2 SKUs),R17,R17,1325214617107MSXT0,3,318.0,2,2026-07-08 17:20,2026-07-08 22:54,5.56,true,false,GT 2267 ROYL HYU,28.0,28.0,0.0,PCR|TBMPCR1Stage2|16#175
PCR,2026-07-08,B,8,false,TBMPCR6Stage2,GT 1634 XPC TATA,165 R14 ULTIMA XPC TATA TL (+5 SKUs),R14,R14,1D25216814008QXPC0,6,322.0,2,2026-07-08 17:22,2026-07-08 21:50,4.47,true,false,GT 1844 XPC TML,22.0,22.0,0.0,PCR|TBMPCR6Stage2|36#554
PCR,2026-07-08,B,8,false,TBMPCR9Stage2,GT 2158 ROYL HYU,215/55R18 UX ROYALE (+1 SKUs),R18,R18,1325221318095HURL0,2,468.0,3,2026-07-08 17:24,2026-07-09 01:59,8.58,true,false,GT 2568 HT2,22.0,22.0,0.0,PCR|TBMPCR9Stage2|19#837
PCR,2026-07-08,B,8,false,TBMPCR10Stage2,GT 1503 NEO MSIL,155/80 R13 ULTIMA NEO MSIL (+6 SKUs),R13,R13,1325215813079TUNE3,7,764.0,5,2026-07-08 17:55,2026-07-09 04:06,10.19,true,false,GT 1543 XPC1,22.0,22.0,0.0,PCR|TBMPCR10Stage2|34#35
PCR,2026-07-08,B,8,false,TBMPCR5Stage2,GT 1513 XPC1 MSIL,155 R13 C ULTIMA XPC1 90/89 S TL (MSIL) (+1 SKUs),R13,R13,1D25215013008SXC10,2,3724.0,24,2026-07-08 18:12,2026-07-11 02:04,55.86,true,false,GT 1483 UHL,28.0,28.0,0.0,PCR|TBMPCR5Stage2|14#494
PCR,2026-07-08,B,8,false,TBMPCR7Stage2,GT 1773 NEO,175/70 R13 ULTIMA NEO,R13,R13,1325217613082TUNE0,1,155.0,1,2026-07-08 18:33,2026-07-08 20:37,2.07,true,false,GT 1583 NEO TATA,521.9,22.0,0.0,PCR|TBMPCR7Stage2|20#679
PCR,2026-07-08,B,8,false,TBMPCR3Stage2,GT 1995 ROYL KIA,195/65R15 UX ROYALE (+10 SKUs),R15,R15,1325219515091HURL2,11,942.0,6,2026-07-08 18:44,2026-07-09 10:41,15.96,true,false,GT 1925 XPC1,37.0,28.0,0.0,PCR|TBMPCR3Stage2|20#327
PCR,2026-07-08,B,8,false,TBMPCR6Stage2,GT 1894 MAX,185/70 R14 TAXIMAX (+6 SKUs),R14,R14,1325218614088TTMX0,7,155.0,1,2026-07-08 22:12,2026-07-09 00:21,2.15,true,false,GT 1634 XPC TATA,22.0,22.0,0.0,PCR|TBMPCR6Stage2|37#555
PCR,2026-07-08,B,8,false,TBMPCR2Stage2,GT 1482 UHL,145/80 R 12 ULTIMA HI LIFE TL (+13 SKUs),R12,R12,1325214812074TUHL0,14,465.0,3,2026-07-08 22:13,2026-07-09 05:12,6.98,true,false,GT 1402 XPC TATA,28.0,28.0,0.0,PCR|TBMPCR2Stage2|20#244
PCR,2026-07-08,C,8,false,TBMPCR1Stage2,GT 2267 ROYL HYU,215/60 R17 UX ROYALE HYUNDAI (+9 SKUs),R17,R17,1325221417096HURL0,10,777.0,5,2026-07-08 23:22,2026-07-09 13:11,13.81,true,false,GT  T1457 STAR,28.0,28.0,0.0,PCR|TBMPCR1Stage2|17#176
PCR,2026-07-08,C,8,false,TBMPCR11Stage2,GT 1916 ROYL,195/60 R16 UX ROYALE 89 H (+2 SKUs),R16,R16,1325219416089HURL1,3,158.0,1,2026-07-08 23:31,2026-07-09 02:43,3.2,true,false,GT 2476 SUP MM,22.0,22.0,0.0,PCR|TBMPCR11Stage2|14#96
PCR,2026-07-08,C,8,false,TBMPCR4Stage2,GT 1402 XPC TATA,145 R12 ULTIMA XPC TL TATA (+14 SKUs),R12,R12,1D25214012008QXPCT,15,470.0,3,2026-07-09 00:06,2026-07-09 07:09,7.05,true,false,GT 1482 UHL,306.2,28.0,0.0,PCR|TBMPCR4Stage2|22#413
PCR,2026-07-08,C,8,false,TBMPCR6Stage2,GT 1684 ROYL,165/80 R 14 UX ROYALE,R 14,R14,1325216814085TURL2,1,157.0,1,2026-07-09 00:43,2026-07-09 02:54,2.18,true,false,GT 1894 MAX,22.0,22.0,0.0,PCR|TBMPCR6Stage2|38#556
PCR,2026-07-08,C,8,false,TBMPCR8Stage2,GT1915 LT XPC1,195 R15 ULTIMA XPC1,"",R15,1225219Z15008SXC10,1,155.0,1,2026-07-09 00:47,2026-07-09 04:11,3.4,true,false,GT 1765 ROYL,22.0,22.0,0.0,PCR|TBMPCR8Stage2|24#771
PCR,2026-07-08,C,8,false,TBMPCR9Stage2,GT 2568 HT2,255/65 R 18 Ranger HT2 111 H,R18,R18,1325225518111HRHB0,1,457.0,3,2026-07-09 02:21,2026-07-09 12:23,10.03,true,false,GT 2158 ROYL HYU,22.0,22.0,0.0,PCR|TBMPCR9Stage2|20#838
PCR,2026-07-08,C,8,false,TBMPCR6Stage2,GT1564 NEO,155/65 R14 ULTIMA NEO,R14,R14,1325215514075TUNE0,1,158.0,1,2026-07-09 03:25,2026-07-09 05:37,2.19,true,false,GT 1684 ROYL,30.95,22.0,0.0,PCR|TBMPCR6Stage2|39#557
PCR,2026-07-08,C,8,false,TBMPCR7Stage2,GT 1583 NEO TATA,155/80 R13 ULTIMA NEO LRR (+2 SKUs),R13,R13,1325215813079TUNE5,3,307.0,2,2026-07-09 04:19,2026-07-09 08:25,4.09,true,false,GT 1773 NEO,461.7833333333333,22.0,0.0,PCR|TBMPCR7Stage2|21#680
PCR,2026-07-08,C,8,false,TBMPCR10Stage2,GT 1773 NEOPS,175/70 R13 TORNEL ULTIMA NEO+,R13,R13,1325217613082TUNEE,1,153.0,1,2026-07-09 04:28,2026-07-09 06:38,2.17,true,false,GT 1503 NEO MSIL,22.0,22.0,0.0,PCR|TBMPCR10Stage2|35#36
PCR,2026-07-08,C,8,false,TBMPCR8Stage2,GT 1865 ROYL RENO,185/65 R15 UX ROYALE (+2 SKUs),R15,R15,1325218515088TURL1,3,157.0,1,2026-07-09 04:33,2026-07-09 07:23,2.83,true,false,GT1915 LT XPC1,22.0,22.0,0.0,PCR|TBMPCR8Stage2|25#772
PCR,2026-07-08,C,8,false,TBMPCR6Stage2,GT 1634 XPC TATA,165 R14 ULTIMA XPC TATA TL (+5 SKUs),R14,R14,1D25216814008QXPC0,6,318.0,2,2026-07-09 05:59,2026-07-09 10:24,4.42,true,false,GT1564 NEO,22.0,22.0,0.0,PCR|TBMPCR6Stage2|40#558
PCR,2026-07-08,C,8,false,TBMPCR2Stage2,GT 2258 RAN HPE,225/55 R 18 Ranger Hpe (+1 SKUs),R 18,R18,1325222318098HRHE0,2,300.0,2,2026-07-09 06:12,2026-07-09 12:27,6.25,true,true,GT 1482 UHL,60.0,60.0,0.0,PCR|TBMPCR2Stage2|21#245
PCR,2026-07-09,A,9,false,TBMPCR10Stage2,GT 1503 NEO MSIL,155/80 R13 ULTIMA NEO MSIL (+6 SKUs),R13,R13,1325215813079TUNE3,7,773.0,5,2026-07-09 07:58,2026-07-09 18:17,10.31,true,false,GT 1773 NEOPS,79.78333333333333,22.0,0.0,PCR|TBMPCR10Stage2|36#37
PCR,2026-07-09,A,9,false,TBMPCR8Stage2,GT 2455 RAN A/T,215/75 R15 RANGER AT,R15,R15,1325221715100SRAT0,1,160.0,1,2026-07-09 08:04,2026-07-09 11:14,3.16,true,false,GT 1865 ROYL RENO,41.166666666666664,22.0,0.0,PCR|TBMPCR8Stage2|26#773
PCR,2026-07-09,A,9,false,TBMPCR11Stage2,GT 2476 SUP MM,245/75 R16 ELANZO SUPRA,"",R16,1325224716111SELS0,1,636.0,4,2026-07-09 09:23,2026-07-09 22:38,13.25,true,false,GT 1916 ROYL,400.6666666666667,22.0,0.0,PCR|TBMPCR11Stage2|15#97
PCR,2026-07-09,A,9,false,TBMPCR6Stage2,GT 1844 XPC TML,185 R14 ULTIMA XPC 10 PR (+1 SKUs),R14,R14,1D25218014010RXPCT,2,300.0,2,2026-07-09 10:46,2026-07-09 16:46,6.0,true,false,GT 1634 XPC TATA,22.0,22.0,0.0,PCR|TBMPCR6Stage2|41#559
PCR,2026-07-09,A,9,false,TBMPCR3Stage2,GT 1925 XPC1,195 R15 ULTIMA XPC1 AL,R15,R15,1225219Z15008SXC11,1,314.0,2,2026-07-09 11:09,2026-07-09 18:13,7.06,true,false,GT 1995 ROYL KIA,28.0,28.0,0.0,PCR|TBMPCR3Stage2|21#328
PCR,2026-07-09,A,9,false,TBMPCR8Stage2,GT 1865 ROYL RENO,185/65 R15 UX ROYALE (+2 SKUs),R15,R15,1325218515088TURL1,3,157.0,1,2026-07-09 11:36,2026-07-09 14:26,2.83,true,false,GT 2455 RAN A/T,22.0,22.0,0.0,PCR|TBMPCR8Stage2|27#774
PCR,2026-07-09,A,9,false,TBMPCR4Stage2,GT 1412 XPC MM,145 R12 ULTIMA XPC (+6 SKUs),"",R12,1D25114012008QXPC0,7,153.0,1,2026-07-09 12:10,2026-07-09 14:28,2.3,true,false,GT 1402 XPC TATA,301.2833333333333,28.0,0.0,PCR|TBMPCR4Stage2|23#414
PCR,2026-07-09,A,9,false,TBMPCR7Stage2,GT 1773 NEOPS,175/70 R13 TORNEL ULTIMA NEO+,R13,R13,1325217613082TUNEE,1,153.0,1,2026-07-09 12:19,2026-07-09 14:24,2.08,true,false,GT 1583 NEO TATA,234.29999999999998,22.0,0.0,PCR|TBMPCR7Stage2|22#681
PCR,2026-07-09,A,9,false,TBMPCR2Stage2,GT 1482 UHL,145/80 R 12 ULTIMA HI LIFE TL (+13 SKUs),R12,R12,1325214812074TUHL0,14,477.0,3,2026-07-09 13:27,2026-07-09 20:36,7.16,true,true,GT 2258 RAN HPE,60.0,60.0,0.0,PCR|TBMPCR2Stage2|22#246
PCR,2026-07-09,A,9,false,TBMPCR1Stage2,GT  T1457 STAR,T145/70 R17 STAR XT (+2 SKUs),R17,R17,1325214617107MSXT0,3,159.0,1,2026-07-09 13:39,2026-07-09 16:26,2.78,true,false,GT 2267 ROYL HYU,28.0,28.0,0.0,PCR|TBMPCR1Stage2|18#177
PCR,2026-07-09,A,9,false,TBMPCR7Stage2,GT 1773 NEO,175/70 R13 ULTIMA NEO,R13,R13,1325217613082TUNE0,1,155.0,1,2026-07-09 14:46,2026-07-09 16:50,2.07,true,false,GT 1773 NEOPS,22.0,22.0,0.0,PCR|TBMPCR7Stage2|23#682
PCR,2026-07-09,A,9,false,TBMPCR8Stage2,GT 1995 ROYL KIA,195/65R15 UX ROYALE (+10 SKUs),R15,R15,1325219515091HURL2,11,472.0,3,2026-07-09 14:48,2026-07-09 22:32,7.74,true,false,GT 1865 ROYL RENO,22.0,22.0,0.0,PCR|TBMPCR8Stage2|28#775
PCR,2026-07-09,B,9,false,TBMPCR9Stage2,GT 2568 HT2,255/65 R 18 Ranger HT2 111 H,R18,R18,1325225518111HRHB0,1,153.0,1,2026-07-09 16:38,2026-07-09 19:59,3.36,false,false,GT 2568 HT2,255.03333333333333,0.0,0.0,PCR|TBMPCR9Stage2|20#839
PCR,2026-07-09,B,9,false,TBMPCR7Stage2,GT 1543 XPC1,155 R13 ULTIMA XPC1 TML (+2 SKUs),R13,R13,1D25215013008SXC1T,3,465.0,3,2026-07-09 17:12,2026-07-09 23:39,6.46,true,false,GT 1773 NEO,22.0,22.0,0.0,PCR|TBMPCR7Stage2|24#683
PCR,2026-07-09,B,9,false,TBMPCR4Stage2,GT 1402 XPC TATA,145 R12 ULTIMA XPC TL TATA (+14 SKUs),R12,R12,1D25214012008QXPCT,15,474.0,3,2026-07-09 18:19,2026-07-10 01:25,7.11,true,false,GT 1412 XPC MM,230.6,28.0,0.0,PCR|TBMPCR4Stage2|24#415
PCR,2026-07-09,B,9,false,TBMPCR1Stage2,GT 2267 ROYL HYU,215/60 R17 UX ROYALE HYUNDAI (+9 SKUs),R17,R17,1325221417096HURL0,10,1565.0,10,2026-07-09 18:35,2026-07-10 22:24,27.82,true,false,GT  T1457 STAR,128.65,28.0,0.0,PCR|TBMPCR1Stage2|19#178
PCR,2026-07-09,B,9,false,TBMPCR10Stage2,GT 1673 NEO,165/70 R13 ULTIMA NEO,R13,R13,1325216613079HUNE0,1,304.0,2,2026-07-09 18:39,2026-07-09 23:06,4.46,true,false,GT 1503 NEO MSIL,22.0,22.0,0.0,PCR|TBMPCR10Stage2|37#38
PCR,2026-07-09,B,9,false,TBMPCR3Stage2,GT 1765 ROYL,175/65 R15 UX ROYALE (+5 SKUs),R15,R15,1325217515084HURL2,6,758.0,5,2026-07-09 18:41,2026-07-10 07:32,12.84,true,false,GT 1925 XPC1,28.0,28.0,0.0,PCR|TBMPCR3Stage2|22#329
PCR,2026-07-09,B,9,false,TBMPCR6Stage2,GT 1894 MAX,185/70 R14 TAXIMAX (+6 SKUs),R14,R14,1325218614088TTMX0,7,155.0,1,2026-07-09 19:17,2026-07-09 21:26,2.15,true,false,GT 1844 XPC TML,150.78333333333333,22.0,0.0,PCR|TBMPCR6Stage2|42#560
PCR,2026-07-09,B,9,false,TBMPCR9Stage2,GT 2258 RAN HPE,225/55 R 18 Ranger Hpe (+1 SKUs),R 18,R18,1325222318098HRHE0,2,306.0,2,2026-07-09 20:21,2026-07-10 02:39,6.29,true,false,GT 2568 HT2,22.0,22.0,0.0,PCR|TBMPCR9Stage2|21#840
PCR,2026-07-09,B,9,false,TBMPCR2Stage2,GT  T1457 STAR,T145/70 R17 STAR XT (+2 SKUs),R17,R17,1325214617107MSXT0,3,159.0,1,2026-07-09 21:36,2026-07-10 00:31,2.92,true,true,GT 1482 UHL,60.0,60.0,0.0,PCR|TBMPCR2Stage2|23#247
PCR,2026-07-09,B,9,false,TBMPCR8Stage2,GT 2455 RAN A/T,215/75 R15 RANGER AT,R15,R15,1325221715100SRAT0,1,160.0,1,2026-07-09 22:54,2026-07-10 02:03,3.16,true,false,GT 1995 ROYL KIA,22.0,22.0,0.0,PCR|TBMPCR8Stage2|29#776
PCR,2026-07-09,C,9,false,TBMPCR11Stage2,GT 1916 ROYL,195/60 R16 UX ROYALE 89 H (+2 SKUs),R16,R16,1325219416089HURL1,3,158.0,1,2026-07-09 23:00,2026-07-10 02:13,3.2,true,false,GT 2476 SUP MM,22.0,22.0,0.0,PCR|TBMPCR11Stage2|16#98
PCR,2026-07-09,C,9,false,TBMPCR10Stage2,GT 1503 NEO MSIL,155/80 R13 ULTIMA NEO MSIL (+6 SKUs),R13,R13,1325215813079TUNE3,7,1545.0,10,2026-07-09 23:28,2026-07-10 20:04,20.6,true,false,GT 1673 NEO,22.0,22.0,0.0,PCR|TBMPCR10Stage2|38#39
PCR,2026-07-09,C,9,false,TBMPCR7Stage2,GT 1483 UHL,145/80 R13 ULTIMA HI LIFE,R13,R13,1325214813075SUHL0,1,159.0,1,2026-07-10 00:01,2026-07-10 02:09,2.12,true,false,GT 1543 XPC1,22.0,22.0,0.0,PCR|TBMPCR7Stage2|25#684
PCR,2026-07-09,C,9,false,TBMPCR6Stage2,GT 1634 XPC TATA,165 R14 ULTIMA XPC TATA TL (+5 SKUs),R14,R14,1D25216814008QXPC0,6,318.0,2,2026-07-10 00:09,2026-07-10 04:34,4.42,true,false,GT 1894 MAX,162.78333333333333,22.0,0.0,PCR|TBMPCR6Stage2|43#561
PCR,2026-07-09,C,9,false,TBMPCR4Stage2,GT 1482 UHL,145/80 R 12 ULTIMA HI LIFE TL (+13 SKUs),R12,R12,1325214812074TUHL0,14,464.0,3,2026-07-10 01:53,2026-07-10 08:51,6.96,true,false,GT 1402 XPC TATA,28.0,28.0,0.0,PCR|TBMPCR4Stage2|25#416
PCR,2026-07-09,C,9,false,TBMPCR8Stage2,GT 1925 XPC1,195 R15 ULTIMA XPC1 AL,R15,R15,1225219Z15008SXC11,1,313.0,2,2026-07-10 02:25,2026-07-10 09:17,6.87,true,false,GT 2455 RAN A/T,22.0,22.0,0.0,PCR|TBMPCR8Stage2|30#777
PCR,2026-07-09,C,9,false,TBMPCR7Stage2,GT 1583 NEO TATA,155/80 R13 ULTIMA NEO LRR (+2 SKUs),R13,R13,1325215813079TUNE5,3,307.0,2,2026-07-10 02:31,2026-07-10 06:36,4.09,true,false,GT 1483 UHL,22.0,22.0,0.0,PCR|TBMPCR7Stage2|26#685
PCR,2026-07-09,C,9,false,TBMPCR2Stage2,GT 1684 ROYL,165/80 R 14 UX ROYALE,R 14,R14,1325216814085TURL2,1,156.0,1,2026-07-10 02:35,2026-07-10 04:55,2.34,true,true,GT  T1457 STAR,123.38333333333333,60.0,0.0,PCR|TBMPCR2Stage2|24#248
PCR,2026-07-09,C,9,false,TBMPCR9Stage2,GT 2158 ROYL HYU,215/55R18 UX ROYALE (+1 SKUs),R18,R18,1325221318095HURL0,2,468.0,3,2026-07-10 03:01,2026-07-10 11:35,8.58,true,false,GT 2258 RAN HPE,22.0,22.0,0.0,PCR|TBMPCR9Stage2|22#841
PCR,2026-07-09,C,9,false,TBMPCR6Stage2,GT 1844 XPC TML,185 R14 ULTIMA XPC 10 PR (+1 SKUs),R14,R14,1D25218014010RXPCT,2,306.0,2,2026-07-10 04:56,2026-07-10 11:03,6.12,true,false,GT 1634 XPC TATA,22.0,22.0,0.0,PCR|TBMPCR6Stage2|44#562
PCR,2026-07-09,C,9,false,TBMPCR2Stage2,GT 2568 HT2,255/65 R 18 Ranger HT2 111 H,R18,R18,1325225518111HRHB0,1,304.0,2,2026-07-10 05:55,2026-07-10 12:45,6.84,true,true,GT 1684 ROYL,60.0,60.0,0.0,PCR|TBMPCR2Stage2|25#249
PCR,2026-07-09,C,9,false,TBMPCR7Stage2,GT 1773 NEO,175/70 R13 ULTIMA NEO,R13,R13,1325217613082TUNE0,1,155.0,1,2026-07-10 06:58,2026-07-10 09:02,2.07,true,false,GT 1583 NEO TATA,22.0,22.0,0.0,PCR|TBMPCR7Stage2|27#686
PCR,2026-07-10,A,10,false,TBMPCR11Stage2,GT 1916 ROYL,195/60 R16 UX ROYALE 89 H (+2 SKUs),R16,R16,1325219416089HURL1,3,158.0,1,2026-07-10 07:28,2026-07-10 10:40,3.2,false,false,GT 1916 ROYL,315.3833333333333,0.0,0.0,PCR|TBMPCR11Stage2|16#99
PCR,2026-07-10,A,10,false,TBMPCR3Stage2,GT1915 LT XPC1,195 R15 ULTIMA XPC1,"",R15,1225219Z15008SXC10,1,155.0,1,2026-07-10 08:00,2026-07-10 11:29,3.49,true,false,GT 1765 ROYL,28.0,28.0,0.0,PCR|TBMPCR3Stage2|23#330
PCR,2026-07-10,A,10,false,TBMPCR8Stage2,GT 1865 ROYL RENO,185/65 R15 UX ROYALE (+2 SKUs),R15,R15,1325218515088TURL1,3,157.0,1,2026-07-10 09:39,2026-07-10 12:29,2.83,true,false,GT 1925 XPC1,22.0,22.0,0.0,PCR|TBMPCR8Stage2|31#778
PCR,2026-07-10,A,10,false,TBMPCR4Stage2,GT 1412 XPC MM,145 R12 ULTIMA XPC (+6 SKUs),"",R12,1D25114012008QXPC0,7,153.0,1,2026-07-10 10:41,2026-07-10 12:58,2.3,true,false,GT 1482 UHL,109.86666666666666,28.0,0.0,PCR|TBMPCR4Stage2|26#417
PCR,2026-07-10,A,10,false,TBMPCR7Stage2,GT 1773 NEO,175/70 R13 ULTIMA NEO,R13,R13,1325217613082TUNE0,1,155.0,1,2026-07-10 10:59,2026-07-10 13:03,2.07,false,false,GT 1773 NEO,116.35,0.0,0.0,PCR|TBMPCR7Stage2|27#687
PCR,2026-07-10,A,10,false,TBMPCR11Stage2,GT 2476 SUP MM,245/75 R16 ELANZO SUPRA,"",R16,1325224716111SELS0,1,628.0,4,2026-07-10 11:02,2026-07-11 00:07,13.08,true,false,GT 1916 ROYL,22.0,22.0,0.0,PCR|TBMPCR11Stage2|17#100
PCR,2026-07-10,A,10,false,TBMPCR3Stage2,GT 1995 ROYL KIA,195/65R15 UX ROYALE (+10 SKUs),R15,R15,1325219515091HURL2,11,940.0,6,2026-07-10 11:57,2026-07-11 03:53,15.93,true,false,GT1915 LT XPC1,28.0,28.0,0.0,PCR|TBMPCR3Stage2|24#331
PCR,2026-07-10,A,10,false,TBMPCR9Stage2,GT 2258 RAN HPE,225/55 R 18 Ranger Hpe (+1 SKUs),R 18,R18,1325222318098HRHE0,2,306.0,2,2026-07-10 11:57,2026-07-10 18:15,6.29,true,false,GT 2158 ROYL HYU,22.0,22.0,0.0,PCR|TBMPCR9Stage2|23#842
PCR,2026-07-10,A,10,false,TBMPCR8Stage2,GT 1765 ROYL,175/65 R15 UX ROYALE (+5 SKUs),R15,R15,1325217515084HURL2,6,758.0,5,2026-07-10 12:51,2026-07-11 01:17,12.42,true,false,GT 1865 ROYL RENO,22.0,22.0,0.0,PCR|TBMPCR8Stage2|32#779
PCR,2026-07-10,A,10,false,TBMPCR7Stage2,GT 1583 NEO TATA,155/80 R13 ULTIMA NEO LRR (+2 SKUs),R13,R13,1325215813079TUNE5,3,307.0,2,2026-07-10 13:25,2026-07-10 17:30,4.09,true,false,GT 1773 NEO,22.0,22.0,0.0,PCR|TBMPCR7Stage2|28#688
PCR,2026-07-10,A,10,false,TBMPCR4Stage2,GT 1482 UHL,145/80 R 12 ULTIMA HI LIFE TL (+13 SKUs),R12,R12,1325214812074TUHL0,14,475.0,3,2026-07-10 13:26,2026-07-10 20:34,7.12,true,false,GT 1412 XPC MM,28.0,28.0,0.0,PCR|TBMPCR4Stage2|27#418
PCR,2026-07-10,B,10,false,TBMPCR6Stage2,GT 1894 MAX,185/70 R14 TAXIMAX (+6 SKUs),R14,R14,1325218614088TTMX0,7,155.0,1,2026-07-10 15:57,2026-07-10 18:06,2.15,true,false,GT 1844 XPC TML,294.06666666666666,22.0,0.0,PCR|TBMPCR6Stage2|45#563
PCR,2026-07-10,B,10,false,TBMPCR2Stage2,GT 1634 XPC TATA,165 R14 ULTIMA XPC TATA TL (+5 SKUs),R14,R14,1D25216814008QXPC0,6,322.0,2,2026-07-10 18:27,2026-07-10 23:17,4.83,true,true,GT 2568 HT2,341.85,60.0,0.0,PCR|TBMPCR2Stage2|26#250
PCR,2026-07-10,B,10,false,TBMPCR7Stage2,GT 1543 XPC1,155 R13 ULTIMA XPC1 TML (+2 SKUs),R13,R13,1D25215013008SXC1T,3,462.0,3,2026-07-10 18:28,2026-07-11 00:53,6.42,true,false,GT 1583 NEO TATA,58.11666666666667,22.0,0.0,PCR|TBMPCR7Stage2|29#689
PCR,2026-07-10,B,10,false,TBMPCR9Stage2,GT 2568 HT2,255/65 R 18 Ranger HT2 111 H,R18,R18,1325225518111HRHB0,1,457.0,3,2026-07-10 18:37,2026-07-11 04:39,10.03,true,false,GT 2258 RAN HPE,22.0,22.0,0.0,PCR|TBMPCR9Stage2|24#843
PCR,2026-07-10,B,10,false,TBMPCR10Stage2,GT 1773 NEOPS,175/70 R13 TORNEL ULTIMA NEO+,R13,R13,1325217613082TUNEE,1,153.0,1,2026-07-10 20:26,2026-07-10 22:36,2.17,true,false,GT 1503 NEO MSIL,22.0,22.0,0.0,PCR|TBMPCR10Stage2|39#40
PCR,2026-07-10,B,10,false,TBMPCR6Stage2,GT1564 NEO,155/65 R14 ULTIMA NEO,R14,R14,1325215514075TUNE0,1,158.0,1,2026-07-10 21:50,2026-07-11 00:02,2.19,true,false,GT 1894 MAX,224.33333333333334,22.0,0.0,PCR|TBMPCR6Stage2|46#564
PCR,2026-07-10,B,10,false,TBMPCR1Stage2,GT  T1457 STAR,T145/70 R17 STAR XT (+2 SKUs),R17,R17,1325214617107MSXT0,3,317.0,2,2026-07-10 22:52,2026-07-11 04:36,5.73,true,false,GT 2267 ROYL HYU,28.0,28.0,0.0,PCR|TBMPCR1Stage2|20#179
PCR,2026-07-10,C,10,false,TBMPCR10Stage2,GT 1483 UHL,145/80 R13 ULTIMA HI LIFE,R13,R13,1325214813075SUHL0,1,159.0,1,2026-07-10 23:20,2026-07-11 01:27,2.12,true,false,GT 1773 NEOPS,43.71666666666667,22.0,0.0,PCR|TBMPCR10Stage2|40#41
PCR,2026-07-10,C,10,false,TBMPCR4Stage2,GT 1402 XPC TATA,145 R12 ULTIMA XPC TL TATA (+14 SKUs),R12,R12,1D25214012008QXPCT,15,935.0,6,2026-07-10 23:27,2026-07-11 13:29,14.02,true,false,GT 1482 UHL,173.26666666666665,28.0,0.0,PCR|TBMPCR4Stage2|28#419
PCR,2026-07-10,C,10,false,TBMPCR2Stage2,GT 1482 UHL,145/80 R 12 ULTIMA HI LIFE TL (+13 SKUs),R12,R12,1325214812074TUHL0,14,464.0,3,2026-07-11 00:17,2026-07-11 07:15,6.96,true,true,GT 1634 XPC TATA,60.0,60.0,0.0,PCR|TBMPCR2Stage2|27#251
PCR,2026-07-10,C,10,false,TBMPCR6Stage2,GT 1684 ROYL,165/80 R 14 UX ROYALE,R 14,R14,1325216814085TURL2,1,156.0,1,2026-07-11 00:24,2026-07-11 02:34,2.17,true,false,GT1564 NEO,22.0,22.0,0.0,PCR|TBMPCR6Stage2|47#565
PCR,2026-07-10,C,10,false,TBMPCR7Stage2,GT 1583 NEO TATA,155/80 R13 ULTIMA NEO LRR (+2 SKUs),R13,R13,1325215813079TUNE5,3,307.0,2,2026-07-11 01:15,2026-07-11 05:21,4.09,true,false,GT 1543 XPC1,22.0,22.0,0.0,PCR|TBMPCR7Stage2|30#690
PCR,2026-07-10,C,10,false,TBMPCR10Stage2,GT 1503 NEO MSIL,155/80 R13 ULTIMA NEO MSIL (+6 SKUs),R13,R13,1325215813079TUNE3,7,764.0,5,2026-07-11 01:49,2026-07-11 12:00,10.19,true,false,GT 1483 UHL,22.0,22.0,0.0,PCR|TBMPCR10Stage2|41#42
PCR,2026-07-10,C,10,false,TBMPCR8Stage2,GT 2267 ROYL HYU,215/60 R17 UX ROYALE HYUNDAI (+9 SKUs),R17,R17,1325221417096HURL0,10,769.0,5,2026-07-11 01:59,2026-07-11 15:13,13.24,true,true,GT 1765 ROYL,42.0,42.0,0.0,PCR|TBMPCR8Stage2|33#780
PCR,2026-07-10,C,10,false,TBMPCR6Stage2,GT 1844 XPC TML,185 R14 ULTIMA XPC 10 PR (+1 SKUs),R14,R14,1D25218014010RXPCT,2,306.0,2,2026-07-11 02:56,2026-07-11 09:03,6.12,true,false,GT 1684 ROYL,22.0,22.0,0.0,PCR|TBMPCR6Stage2|48#566
PCR,2026-07-10,C,10,false,TBMPCR3Stage2,GT 1925 XPC1,195 R15 ULTIMA XPC1 AL,R15,R15,1225219Z15008SXC11,1,301.0,2,2026-07-11 04:21,2026-07-11 11:07,6.77,true,false,GT 1995 ROYL KIA,28.0,28.0,0.0,PCR|TBMPCR3Stage2|25#332
PCR,2026-07-10,C,10,false,TBMPCR11Stage2,GT2776 RAN AT,235/70 R16 105T RANGER AT,R16,R16,1325223616105TRAT0,1,161.0,1,2026-07-11 04:49,2026-07-11 08:10,3.35,true,false,GT 2476 SUP MM,281.6166666666667,22.0,0.0,PCR|TBMPCR11Stage2|18#101
PCR,2026-07-10,C,10,false,TBMPCR9Stage2,GT 2158 ROYL HYU,215/55R18 UX ROYALE (+1 SKUs),R18,R18,1325221318095HURL0,2,468.0,3,2026-07-11 05:01,2026-07-11 13:35,8.58,true,false,GT 2568 HT2,22.0,22.0,0.0,PCR|TBMPCR9Stage2|25#844
PCR,2026-07-10,C,10,false,TBMPCR7Stage2,GT 1773 NEO,175/70 R13 ULTIMA NEO,R13,R13,1325217613082TUNE0,1,155.0,1,2026-07-11 05:43,2026-07-11 07:47,2.07,true,false,GT 1583 NEO TATA,22.0,22.0,0.0,PCR|TBMPCR7Stage2|31#691
PCR,2026-07-10,C,10,false,TBMPCR5Stage2,GT 1513 XPC1 MSIL,155 R13 C ULTIMA XPC1 90/89 S TL (MSIL) (+1 SKUs),R13,R13,1D25215013008SXC10,2,636.0,4,2026-07-11 06:27,2026-07-11 15:59,9.54,false,false,GT 1513 XPC1 MSIL,262.51666666666665,0.0,0.0,PCR|TBMPCR5Stage2|14#495
PCR,2026-07-11,A,11,false,TBMPCR7Stage2,GT 1513 XPC1 MSIL,155 R13 C ULTIMA XPC1 90/89 S TL (MSIL) (+1 SKUs),R13,R13,1D25215013008SXC10,2,604.0,4,2026-07-11 08:09,2026-07-11 16:32,8.39,true,false,GT 1773 NEO,22.0,22.0,0.0,PCR|TBMPCR7Stage2|32#692
PCR,2026-07-11,A,11,false,TBMPCR2Stage2,GT 2258 RAN HPE,225/55 R 18 Ranger Hpe (+1 SKUs),R 18,R18,1325222318098HRHE0,2,300.0,2,2026-07-11 08:15,2026-07-11 14:30,6.25,true,true,GT 1482 UHL,60.0,60.0,0.0,PCR|TBMPCR2Stage2|28#252
PCR,2026-07-11,A,11,false,TBMPCR11Stage2,GT 2476 SUP MM,245/75 R16 ELANZO SUPRA,"",R16,1325224716111SELS0,1,620.0,4,2026-07-11 08:32,2026-07-11 21:27,12.92,true,false,GT2776 RAN AT,22.0,22.0,0.0,PCR|TBMPCR11Stage2|19#102
PCR,2026-07-11,A,11,false,TBMPCR6Stage2,GT 1894 MAX,185/70 R14 TAXIMAX (+6 SKUs),R14,R14,1325218614088TTMX0,7,155.0,1,2026-07-11 09:25,2026-07-11 11:34,2.15,true,false,GT 1844 XPC TML,22.0,22.0,0.0,PCR|TBMPCR6Stage2|49#567
PCR,2026-07-11,A,11,false,TBMPCR1Stage2,GT 2267 ROYL HYU,215/60 R17 UX ROYALE HYUNDAI (+9 SKUs),R17,R17,1325221417096HURL0,10,781.0,5,2026-07-11 09:49,2026-07-11 23:42,13.88,true,false,GT  T1457 STAR,312.85,28.0,0.0,PCR|TBMPCR1Stage2|21#180
PCR,2026-07-11,A,11,false,TBMPCR3Stage2,GT 1995 ROYL KIA,195/65R15 UX ROYALE (+10 SKUs),R15,R15,1325219515091HURL2,11,472.0,3,2026-07-11 11:35,2026-07-11 19:35,8.0,true,false,GT 1925 XPC1,28.0,28.0,0.0,PCR|TBMPCR3Stage2|26#333
PCR,2026-07-11,A,11,false,TBMPCR10Stage2,GT 1673 NEO,165/70 R13 ULTIMA NEO,R13,R13,1325216613079HUNE0,1,151.0,1,2026-07-11 12:22,2026-07-11 14:23,2.01,true,false,GT 1503 NEO MSIL,22.0,22.0,0.0,PCR|TBMPCR10Stage2|42#43
PCR,2026-07-11,A,11,false,TBMPCR6Stage2,GT 1634 XPC TATA,165 R14 ULTIMA XPC TATA TL (+5 SKUs),R14,R14,1D25216814008QXPC0,6,317.0,2,2026-07-11 13:45,2026-07-11 18:09,4.4,true,false,GT 1894 MAX,130.88333333333333,22.0,0.0,PCR|TBMPCR6Stage2|50#568
PCR,2026-07-11,A,11,false,TBMPCR4Stage2,GT 1412 XPC MM,145 R12 ULTIMA XPC (+6 SKUs),"",R12,1D25114012008QXPC0,7,153.0,1,2026-07-11 14:07,2026-07-11 16:24,2.3,true,false,GT 1402 XPC TATA,37.8,28.0,0.0,PCR|TBMPCR4Stage2|29#420
PCR,2026-07-11,A,11,false,TBMPCR10Stage2,GT 1503 NEO MSIL,155/80 R13 ULTIMA NEO MSIL (+6 SKUs),R13,R13,1325215813079TUNE3,7,771.0,5,2026-07-11 14:45,2026-07-12 01:02,10.28,true,false,GT 1673 NEO,22.0,22.0,0.0,PCR|TBMPCR10Stage2|43#44
PCR,2026-07-11,B,11,false,TBMPCR8Stage2,GT 2455 RAN A/T,215/75 R15 RANGER AT,R15,R15,1325221715100SRAT0,1,160.0,1,2026-07-11 15:55,2026-07-11 19:05,3.16,true,true,GT 2267 ROYL HYU,42.0,42.0,0.0,PCR|TBMPCR8Stage2|34#781
PCR,2026-07-11,B,11,false,TBMPCR5Stage2,GT 1773 NEOPS,175/70 R13 TORNEL ULTIMA NEO+,R13,R13,1325217613082TUNEE,1,153.0,1,2026-07-11 16:27,2026-07-11 18:32,2.08,true,false,GT 1513 XPC1 MSIL,28.0,28.0,0.0,PCR|TBMPCR5Stage2|15#496
PCR,2026-07-11,B,11,false,TBMPCR7Stage2,GT 1513 XPC1 MSIL,155 R13 C ULTIMA XPC1 90/89 S TL (MSIL) (+1 SKUs),R13,R13,1D25215013008SXC10,2,2484.0,16,2026-07-11 18:07,2026-07-13 04:37,34.5,false,false,GT 1513 XPC1 MSIL,94.21666666666667,0.0,0.0,PCR|TBMPCR7Stage2|32#693
PCR,2026-07-11,B,11,false,TBMPCR2Stage2,GT 1482 UHL,145/80 R 12 ULTIMA HI LIFE TL (+13 SKUs),R12,R12,1325214812074TUHL0,14,462.0,3,2026-07-11 18:07,2026-07-12 01:03,6.93,true,true,GT 2258 RAN HPE,217.65,60.0,0.0,PCR|TBMPCR2Stage2|29#253
PCR,2026-07-11,B,11,false,TBMPCR6Stage2,GT1564 NEO,155/65 R14 ULTIMA NEO,R14,R14,1325215514075TUNE0,1,158.0,1,2026-07-11 18:31,2026-07-11 20:43,2.19,true,false,GT 1634 XPC TATA,22.0,22.0,0.0,PCR|TBMPCR6Stage2|51#569
PCR,2026-07-11,B,11,false,TBMPCR8Stage2,GT 1765 ROYL,175/65 R15 UX ROYALE (+5 SKUs),R15,R15,1325217515084HURL2,6,766.0,5,2026-07-11 19:27,2026-07-12 08:00,12.55,true,false,GT 2455 RAN A/T,22.0,22.0,0.0,PCR|TBMPCR8Stage2|35#782
PCR,2026-07-11,B,11,false,TBMPCR4Stage2,GT 1412 XPC MM,145 R12 ULTIMA XPC (+6 SKUs),"",R12,1D25114012008QXPC0,7,166.0,1,2026-07-11 20:13,2026-07-11 22:42,2.49,false,false,GT 1412 XPC MM,228.7,0.0,0.0,PCR|TBMPCR4Stage2|29#421
PCR,2026-07-11,B,11,false,TBMPCR6Stage2,GT 1894 MAX,185/70 R14 TAXIMAX (+6 SKUs),R14,R14,1325218614088TTMX0,7,155.0,1,2026-07-11 21:05,2026-07-11 23:14,2.15,true,false,GT1564 NEO,22.0,22.0,0.0,PCR|TBMPCR6Stage2|52#570
PCR,2026-07-11,B,11,false,TBMPCR5Stage2,GT 1483 UHL,145/80 R13 ULTIMA HI LIFE,R13,R13,1325214813075SUHL0,1,159.0,1,2026-07-11 21:29,2026-07-11 23:44,2.25,true,false,GT 1773 NEOPS,177.26666666666665,28.0,0.0,PCR|TBMPCR5Stage2|16#497
PCR,2026-07-11,B,11,false,TBMPCR9Stage2,GT 2258 RAN HPE,225/55 R 18 Ranger Hpe (+1 SKUs),R 18,R18,1325222318098HRHE0,2,306.0,2,2026-07-11 21:42,2026-07-12 03:59,6.29,true,false,GT 2158 ROYL HYU,486.26666666666665,22.0,0.0,PCR|TBMPCR9Stage2|26#845
PCR,2026-07-11,B,11,false,TBMPCR11Stage2,GT 1916 ROYL,195/60 R16 UX ROYALE 89 H (+2 SKUs),R16,R16,1325219416089HURL1,3,157.0,1,2026-07-11 21:49,2026-07-12 01:00,3.18,true,false,GT 2476 SUP MM,22.0,22.0,0.0,PCR|TBMPCR11Stage2|20#103
PCR,2026-07-11,C,11,false,TBMPCR4Stage2,GT 1402 XPC TATA,145 R12 ULTIMA XPC TL TATA (+14 SKUs),R12,R12,1D25214012008QXPCT,15,469.0,3,2026-07-11 23:10,2026-07-12 06:12,7.04,true,false,GT 1412 XPC MM,28.0,28.0,0.0,PCR|TBMPCR4Stage2|30#422
PCR,2026-07-11,C,11,false,TBMPCR1Stage2,GT  T1457 STAR,T145/70 R17 STAR XT (+2 SKUs),R17,R17,1325214617107MSXT0,3,317.0,2,2026-07-12 00:10,2026-07-12 05:43,5.55,true,false,GT 2267 ROYL HYU,28.0,28.0,0.0,PCR|TBMPCR1Stage2|22#181
PCR,2026-07-11,C,11,false,TBMPCR6Stage2,GT 1684 ROYL,165/80 R 14 UX ROYALE,R 14,R14,1325216814085TURL2,1,156.0,1,2026-07-12 00:20,2026-07-12 02:30,2.17,true,false,GT 1894 MAX,65.35,22.0,0.0,PCR|TBMPCR6Stage2|53#571
PCR,2026-07-11,C,11,false,TBMPCR3Stage2,GT 1865 ROYL RENO,185/65 R15 UX ROYALE (+2 SKUs),R15,R15,1325218515088TURL1,3,314.0,2,2026-07-12 00:34,2026-07-12 06:25,5.84,true,false,GT 1995 ROYL KIA,299.1666666666667,28.0,0.0,PCR|TBMPCR3Stage2|27#334
PCR,2026-07-11,C,11,false,TBMPCR10Stage2,GT 1673 NEO,165/70 R13 ULTIMA NEO,R13,R13,1325216613079HUNE0,1,151.0,1,2026-07-12 01:24,2026-07-12 03:25,2.01,true,false,GT 1503 NEO MSIL,22.0,22.0,0.0,PCR|TBMPCR10Stage2|44#45
PCR,2026-07-11,C,11,false,TBMPCR2Stage2,GT 2568 HT2,255/65 R 18 Ranger HT2 111 H,R18,R18,1325225518111HRHB0,1,457.0,3,2026-07-12 02:03,2026-07-12 12:20,10.28,true,true,GT 1482 UHL,60.0,60.0,0.0,PCR|TBMPCR2Stage2|30#254
PCR,2026-07-11,C,11,false,TBMPCR6Stage2,GT 1844 XPC TML,185 R14 ULTIMA XPC 10 PR (+1 SKUs),R14,R14,1D25218014010RXPCT,2,300.0,2,2026-07-12 02:52,2026-07-12 08:52,6.0,true,false,GT 1684 ROYL,22.0,22.0,0.0,PCR|TBMPCR6Stage2|54#572
PCR,2026-07-11,C,11,false,TBMPCR10Stage2,GT 1503 NEO MSIL,155/80 R13 ULTIMA NEO MSIL (+6 SKUs),R13,R13,1325215813079TUNE3,7,772.0,5,2026-07-12 04:03,2026-07-12 14:20,10.29,true,false,GT 1673 NEO,38.13333333333333,22.0,0.0,PCR|TBMPCR10Stage2|45#46
PCR,2026-07-11,C,11,false,TBMPCR9Stage2,GT 2158 ROYL HYU,215/55R18 UX ROYALE (+1 SKUs),R18,R18,1325221318095HURL0,2,468.0,3,2026-07-12 04:21,2026-07-12 12:56,8.58,true,false,GT 2258 RAN HPE,22.0,22.0,0.0,PCR|TBMPCR9Stage2|27#846
PCR,2026-07-11,C,11,false,TBMPCR11Stage2,GT 2476 SUP MM,245/75 R16 ELANZO SUPRA,"",R16,1325224716111SELS0,1,636.0,4,2026-07-12 06:02,2026-07-12 19:17,13.25,true,false,GT 1916 ROYL,302.21666666666664,22.0,0.0,PCR|TBMPCR11Stage2|21#104
PCR,2026-07-11,C,11,false,TBMPCR5Stage2,GT 1773 NEOPS,175/70 R13 TORNEL ULTIMA NEO+,R13,R13,1325217613082TUNEE,1,153.0,1,2026-07-12 06:05,2026-07-12 08:10,2.08,true,false,GT 1483 UHL,380.8666666666667,28.0,0.0,PCR|TBMPCR5Stage2|17#498
PCR,2026-07-11,C,11,false,TBMPCR4Stage2,GT 1412 XPC MM,145 R12 ULTIMA XPC (+6 SKUs),"",R12,1D25114012008QXPC0,7,153.0,1,2026-07-12 06:46,2026-07-12 09:04,2.3,true,false,GT 1402 XPC TATA,33.8,28.0,0.0,PCR|TBMPCR4Stage2|31#423
PCR,2026-07-12,A,12,false,TBMPCR8Stage2,GT 2455 RAN A/T,215/75 R15 RANGER AT,R15,R15,1325221715100SRAT0,1,160.0,1,2026-07-12 08:22,2026-07-12 11:31,3.16,true,false,GT 1765 ROYL,22.0,22.0,0.0,PCR|TBMPCR8Stage2|36#783
PCR,2026-07-12,A,12,false,TBMPCR3Stage2,GT 1995 ROYL KIA,195/65R15 UX ROYALE (+10 SKUs),R15,R15,1325219515091HURL2,11,466.0,3,2026-07-12 08:32,2026-07-12 16:26,7.9,true,false,GT 1865 ROYL RENO,127.41666666666667,28.0,0.0,PCR|TBMPCR3Stage2|28#335
PCR,2026-07-12,A,12,false,TBMPCR5Stage2,GT 1773 NEO,175/70 R13 ULTIMA NEO,R13,R13,1325217613082TUNE0,1,310.0,2,2026-07-12 08:38,2026-07-12 13:02,4.39,true,false,GT 1773 NEOPS,28.0,28.0,0.0,PCR|TBMPCR5Stage2|18#499
PCR,2026-07-12,A,12,false,TBMPCR6Stage2,GT 1634 XPC TATA,165 R14 ULTIMA XPC TATA TL (+5 SKUs),R14,R14,1D25216814008QXPC0,6,317.0,2,2026-07-12 09:14,2026-07-12 13:38,4.4,true,false,GT 1844 XPC TML,22.0,22.0,0.0,PCR|TBMPCR6Stage2|55#573
PCR,2026-07-12,A,12,false,TBMPCR4Stage2,GT 1482 UHL,145/80 R 12 ULTIMA HI LIFE TL (+13 SKUs),R12,R12,1325214812074TUHL0,14,462.0,3,2026-07-12 09:32,2026-07-12 16:28,6.93,true,false,GT 1412 XPC MM,28.0,28.0,0.0,PCR|TBMPCR4Stage2|32#424
PCR,2026-07-12,A,12,false,TBMPCR8Stage2,GT 1765 ROYL,175/65 R15 UX ROYALE (+5 SKUs),R15,R15,1325217515084HURL2,6,926.0,6,2026-07-12 12:43,2026-07-13 03:54,15.18,true,false,GT 2455 RAN A/T,71.68333333333334,22.0,0.0,PCR|TBMPCR8Stage2|37#784
PCR,2026-07-12,A,12,false,TBMPCR2Stage2,GT 2258 RAN HPE,225/55 R 18 Ranger Hpe (+1 SKUs),R 18,R18,1325222318098HRHE0,2,306.0,2,2026-07-12 12:48,2026-07-12 19:10,6.38,true,false,GT 2568 HT2,28.0,28.0,0.0,PCR|TBMPCR2Stage2|31#255
PCR,2026-07-12,A,12,false,TBMPCR5Stage2,GT 1503 NEO MSIL,155/80 R13 ULTIMA NEO MSIL (+6 SKUs),R13,R13,1325215813079TUNE3,7,762.0,5,2026-07-12 13:30,2026-07-13 00:17,10.8,true,false,GT 1773 NEO,28.0,28.0,0.0,PCR|TBMPCR5Stage2|19#500
PCR,2026-07-12,A,12,false,TBMPCR9Stage2,GT 2158 ROYL HYU,215/55R18 UX ROYALE (+1 SKUs),R18,R18,1325221318095HURL0,2,468.0,3,2026-07-12 14:30,2026-07-12 23:05,8.58,false,false,GT 2158 ROYL HYU,94.55,0.0,0.0,PCR|TBMPCR9Stage2|27#847
PCR,2026-07-12,A,12,false,TBMPCR10Stage2,GT 1583 NEO TATA,155/80 R13 ULTIMA NEO LRR (+2 SKUs),R13,R13,1325215813079TUNE5,3,307.0,2,2026-07-12 14:42,2026-07-12 18:48,4.09,true,false,GT 1503 NEO MSIL,22.0,22.0,0.0,PCR|TBMPCR10Stage2|46#47
PCR,2026-07-12,B,12,false,TBMPCR6Stage2,GT1564 NEO,155/65 R14 ULTIMA NEO,R14,R14,1325215514075TUNE0,1,158.0,1,2026-07-12 16:16,2026-07-12 18:27,2.19,true,false,GT 1634 XPC TATA,157.73333333333332,22.0,0.0,PCR|TBMPCR6Stage2|56#574
PCR,2026-07-12,B,12,false,TBMPCR1Stage2,GT  T1457 STAR,T145/70 R17 STAR XT (+2 SKUs),R17,R17,1325214617107MSXT0,3,158.0,1,2026-07-12 16:38,2026-07-12 19:23,2.76,false,false,GT  T1457 STAR,654.8,0.0,0.0,PCR|TBMPCR1Stage2|22#182
PCR,2026-07-12,B,12,false,TBMPCR3Stage2,GT 1925 XPC1,195 R15 ULTIMA XPC1 AL,R15,R15,1225219Z15008SXC11,1,314.0,2,2026-07-12 16:54,2026-07-12 23:58,7.06,true,false,GT 1995 ROYL KIA,28.0,28.0,0.0,PCR|TBMPCR3Stage2|29#336
PCR,2026-07-12,B,12,false,TBMPCR6Stage2,GT 1844 XPC TML,185 R14 ULTIMA XPC 10 PR (+1 SKUs),R14,R14,1D25218014010RXPCT,2,306.0,2,2026-07-12 18:49,2026-07-13 00:56,6.12,true,false,GT1564 NEO,22.0,22.0,0.0,PCR|TBMPCR6Stage2|57#575
PCR,2026-07-12,B,12,false,TBMPCR11Stage2,GT 1916 ROYL,195/60 R16 UX ROYALE 89 H (+2 SKUs),R16,R16,1325219416089HURL1,3,157.0,1,2026-07-12 19:39,2026-07-12 22:50,3.18,true,false,GT 2476 SUP MM,22.0,22.0,0.0,PCR|TBMPCR11Stage2|22#105
PCR,2026-07-12,B,12,false,TBMPCR1Stage2,GT 2267 ROYL HYU,215/60 R17 UX ROYALE HYUNDAI (+9 SKUs),R17,R17,1325221417096HURL0,10,783.0,5,2026-07-12 19:51,2026-07-13 09:47,13.92,true,false,GT  T1457 STAR,28.0,28.0,0.0,PCR|TBMPCR1Stage2|23#183
PCR,2026-07-12,B,12,false,TBMPCR10Stage2,GT 1483 UHL,145/80 R13 ULTIMA HI LIFE,R13,R13,1325214813075SUHL0,1,159.0,1,2026-07-12 19:54,2026-07-12 22:02,2.12,true,false,GT 1583 NEO TATA,66.28333333333333,22.0,0.0,PCR|TBMPCR10Stage2|47#48
PCR,2026-07-12,B,12,false,TBMPCR4Stage2,GT 1412 XPC MM,145 R12 ULTIMA XPC (+6 SKUs),"",R12,1D25114012008QXPC0,7,166.0,1,2026-07-12 21:58,2026-07-13 00:28,2.49,true,false,GT 1482 UHL,330.51666666666665,28.0,0.0,PCR|TBMPCR4Stage2|33#425
PCR,2026-07-12,C,12,false,TBMPCR2Stage2,GT 1684 ROYL,165/80 R 14 UX ROYALE,R 14,R14,1325216814085TURL2,1,156.0,1,2026-07-12 23:05,2026-07-13 01:26,2.34,true,true,GT 2258 RAN HPE,234.86666666666667,60.0,0.0,PCR|TBMPCR2Stage2|32#256
PCR,2026-07-12,C,12,false,TBMPCR11Stage2,GT2776 RAN AT,235/70 R16 105T RANGER AT,R16,R16,1325223616105TRAT0,1,161.0,1,2026-07-12 23:12,2026-07-13 02:34,3.35,true,false,GT 1916 ROYL,22.0,22.0,0.0,PCR|TBMPCR11Stage2|23#106
PCR,2026-07-12,C,12,false,TBMPCR9Stage2,GT 2568 HT2,255/65 R 18 Ranger HT2 111 H,R18,R18,1325225518111HRHB0,1,457.0,3,2026-07-12 23:27,2026-07-13 09:29,10.03,true,false,GT 2158 ROYL HYU,22.0,22.0,0.0,PCR|TBMPCR9Stage2|28#848
PCR,2026-07-12,C,12,false,TBMPCR3Stage2,GT1915 LT XPC1,195 R15 ULTIMA XPC1,"",R15,1225219Z15008SXC10,1,155.0,1,2026-07-13 00:26,2026-07-13 03:55,3.49,true,false,GT 1925 XPC1,28.0,28.0,0.0,PCR|TBMPCR3Stage2|30#337
PCR,2026-07-12,C,12,false,TBMPCR5Stage2,GT 1513 XPC1 MSIL,155 R13 C ULTIMA XPC1 90/89 S TL (MSIL) (+1 SKUs),R13,R13,1D25215013008SXC10,2,2484.0,16,2026-07-13 00:45,2026-07-14 14:01,37.26,true,false,GT 1503 NEO MSIL,28.0,28.0,0.0,PCR|TBMPCR5Stage2|20#501
PCR,2026-07-12,C,12,false,TBMPCR4Stage2,GT 1402 XPC TATA,145 R12 ULTIMA XPC TL TATA (+14 SKUs),R12,R12,1D25214012008QXPCT,15,465.0,3,2026-07-13 00:56,2026-07-13 07:54,6.98,true,false,GT 1412 XPC MM,28.0,28.0,0.0,PCR|TBMPCR4Stage2|34#426
PCR,2026-07-12,C,12,false,TBMPCR6Stage2,GT 1684 ROYL,165/80 R 14 UX ROYALE,R 14,R14,1325216814085TURL2,1,156.0,1,2026-07-13 01:18,2026-07-13 03:28,2.17,true,false,GT 1844 XPC TML,22.0,22.0,0.0,PCR|TBMPCR6Stage2|58#576
PCR,2026-07-12,C,12,false,TBMPCR10Stage2,GT 1773 NEOPS,175/70 R13 TORNEL ULTIMA NEO+,R13,R13,1325217613082TUNEE,1,153.0,1,2026-07-13 01:57,2026-07-13 04:07,2.17,true,false,GT 1483 UHL,235.54999999999998,22.0,0.0,PCR|TBMPCR10Stage2|48#49
PCR,2026-07-12,C,12,false,TBMPCR11Stage2,GT 2476 SUP MM,245/75 R16 ELANZO SUPRA,"",R16,1325224716111SELS0,1,626.0,4,2026-07-13 02:56,2026-07-13 15:58,13.04,true,false,GT2776 RAN AT,22.0,22.0,0.0,PCR|TBMPCR11Stage2|24#107
PCR,2026-07-12,C,12,false,TBMPCR8Stage2,GT 1925 XPC1,195 R15 ULTIMA XPC1 AL,R15,R15,1225219Z15008SXC11,1,313.0,2,2026-07-13 04:16,2026-07-13 11:08,6.87,true,false,GT 1765 ROYL,22.0,22.0,0.0,PCR|TBMPCR8Stage2|38#785
PCR,2026-07-12,C,12,false,TBMPCR3Stage2,GT 1995 ROYL KIA,195/65R15 UX ROYALE (+10 SKUs),R15,R15,1325219515091HURL2,11,511.0,3,2026-07-13 04:23,2026-07-13 13:03,8.66,true,false,GT1915 LT XPC1,28.0,28.0,0.0,PCR|TBMPCR3Stage2|31#338
PCR,2026-07-12,C,12,false,TBMPCR10Stage2,GT 1543 XPC1,155 R13 ULTIMA XPC1 TML (+2 SKUs),R13,R13,1D25215013008SXC1T,3,468.0,3,2026-07-13 04:29,2026-07-13 10:59,6.5,true,false,GT 1773 NEOPS,22.0,22.0,0.0,PCR|TBMPCR10Stage2|49#50
PCR,2026-07-12,C,12,false,TBMPCR6Stage2,GT 1894 MAX,185/70 R14 TAXIMAX (+6 SKUs),R14,R14,1325218614088TTMX0,7,155.0,1,2026-07-13 04:44,2026-07-13 06:53,2.15,true,false,GT 1684 ROYL,75.13333333333333,22.0,0.0,PCR|TBMPCR6Stage2|59#577
PCR,2026-07-12,C,12,false,TBMPCR7Stage2,GT 1583 NEO TATA,155/80 R13 ULTIMA NEO LRR (+2 SKUs),R13,R13,1325215813079TUNE5,3,307.0,2,2026-07-13 04:59,2026-07-13 09:04,4.09,true,false,GT 1513 XPC1 MSIL,22.0,22.0,0.0,PCR|TBMPCR7Stage2|33#694
PCR,2026-07-12,C,12,false,TBMPCR2Stage2,GT 1482 UHL,145/80 R 12 ULTIMA HI LIFE TL (+13 SKUs),R12,R12,1325214812074TUHL0,14,469.0,3,2026-07-13 06:34,2026-07-13 13:36,7.04,true,true,GT 1684 ROYL,308.3666666666667,60.0,0.0,PCR|TBMPCR2Stage2|33#257
PCR,2026-07-13,A,13,false,TBMPCR6Stage2,GT1564 NEO,155/65 R14 ULTIMA NEO,R14,R14,1325215514075TUNE0,1,158.0,1,2026-07-13 07:15,2026-07-13 09:26,2.19,true,false,GT 1894 MAX,22.0,22.0,0.0,PCR|TBMPCR6Stage2|60#578
PCR,2026-07-13,A,13,false,TBMPCR4Stage2,GT 1412 XPC MM,145 R12 ULTIMA XPC (+6 SKUs),"",R12,1D25114012008QXPC0,7,153.0,1,2026-07-13 08:22,2026-07-13 10:40,2.3,true,false,GT 1402 XPC TATA,28.0,28.0,0.0,PCR|TBMPCR4Stage2|35#427
PCR,2026-07-13,A,13,false,TBMPCR6Stage2,GT 1634 XPC TATA,165 R14 ULTIMA XPC TATA TL (+5 SKUs),R14,R14,1D25216814008QXPC0,6,322.0,2,2026-07-13 09:48,2026-07-13 14:17,4.47,true,false,GT1564 NEO,22.0,22.0,0.0,PCR|TBMPCR6Stage2|61#579
PCR,2026-07-13,A,13,false,TBMPCR9Stage2,GT 2258 RAN HPE,225/55 R 18 Ranger Hpe (+1 SKUs),R 18,R18,1325222318098HRHE0,2,300.0,2,2026-07-13 09:51,2026-07-13 16:01,6.17,true,false,GT 2568 HT2,22.0,22.0,0.0,PCR|TBMPCR9Stage2|29#849
PCR,2026-07-13,A,13,false,TBMPCR7Stage2,GT 1503 NEO MSIL,155/80 R13 ULTIMA NEO MSIL (+6 SKUs),R13,R13,1325215813079TUNE3,7,770.0,5,2026-07-13 10:31,2026-07-13 20:47,10.27,true,false,GT 1583 NEO TATA,86.7,22.0,0.0,PCR|TBMPCR7Stage2|34#695
PCR,2026-07-13,A,13,false,TBMPCR8Stage2,GT 1765 ROYL,175/65 R15 UX ROYALE (+5 SKUs),R15,R15,1325217515084HURL2,6,463.0,3,2026-07-13 11:30,2026-07-13 19:05,7.59,true,false,GT 1925 XPC1,22.0,22.0,0.0,PCR|TBMPCR8Stage2|39#786
PCR,2026-07-13,A,13,false,TBMPCR4Stage2,GT 1412 XPC MM,145 R12 ULTIMA XPC (+6 SKUs),"",R12,1D25114012008QXPC0,7,319.0,2,2026-07-13 11:57,2026-07-13 16:44,4.78,false,false,GT 1412 XPC MM,76.65,0.0,0.0,PCR|TBMPCR4Stage2|35#428
PCR,2026-07-13,A,13,false,TBMPCR1Stage2,GT  T1457 STAR,T145/70 R17 STAR XT (+2 SKUs),R17,R17,1325214617107MSXT0,3,158.0,1,2026-07-13 12:58,2026-07-13 15:44,2.76,true,false,GT 2267 ROYL HYU,191.66666666666666,28.0,0.0,PCR|TBMPCR1Stage2|24#184
PCR,2026-07-13,A,13,false,TBMPCR3Stage2,GT 1925 XPC1,195 R15 ULTIMA XPC1 AL,R15,R15,1225219Z15008SXC11,1,301.0,2,2026-07-13 13:31,2026-07-13 20:17,6.77,true,false,GT 1995 ROYL KIA,28.0,28.0,0.0,PCR|TBMPCR3Stage2|32#339
PCR,2026-07-13,A,13,false,TBMPCR10Stage2,GT 1543 XPC1,155 R13 ULTIMA XPC1 TML (+2 SKUs),R13,R13,1D25215013008SXC1T,3,468.0,3,2026-07-13 14:33,2026-07-13 21:03,6.5,false,false,GT 1543 XPC1,213.76666666666665,0.0,0.0,PCR|TBMPCR10Stage2|49#51
PCR,2026-07-13,A,13,false,TBMPCR2Stage2,GT 2476 SUP MM,245/75 R16 ELANZO SUPRA,"",R16,1325224716111SELS0,1,622.0,4,2026-07-13 14:36,2026-07-14 03:44,13.13,true,true,GT 1482 UHL,60.0,60.0,0.0,PCR|TBMPCR2Stage2|34#258
PCR,2026-07-13,A,13,false,TBMPCR6Stage2,GT 1844 XPC TML,185 R14 ULTIMA XPC 10 PR (+1 SKUs),R14,R14,1D25218014010RXPCT,2,306.0,2,2026-07-13 14:39,2026-07-13 20:46,6.12,true,false,GT 1634 XPC TATA,22.0,22.0,0.0,PCR|TBMPCR6Stage2|62#580
PCR,2026-07-13,B,13,false,TBMPCR1Stage2,GT 2267 ROYL HYU,215/60 R17 UX ROYALE HYUNDAI (+9 SKUs),R17,R17,1325221417096HURL0,10,775.0,5,2026-07-13 16:12,2026-07-14 05:59,13.78,true,false,GT  T1457 STAR,28.0,28.0,0.0,PCR|TBMPCR1Stage2|25#185
PCR,2026-07-13,B,13,false,TBMPCR4Stage2,GT 1482 UHL,145/80 R 12 ULTIMA HI LIFE TL (+13 SKUs),R12,R12,1325214812074TUHL0,14,464.0,3,2026-07-13 17:12,2026-07-14 00:09,6.96,true,false,GT 1412 XPC MM,28.0,28.0,0.0,PCR|TBMPCR4Stage2|36#429
PCR,2026-07-13,B,13,false,TBMPCR9Stage2,GT 2258 RAN HPE,225/55 R 18 Ranger Hpe (+1 SKUs),R 18,R18,1325222318098HRHE0,2,306.0,2,2026-07-13 19:40,2026-07-14 01:57,6.29,false,false,GT 2258 RAN HPE,219.03333333333333,0.0,0.0,PCR|TBMPCR9Stage2|29#850
PCR,2026-07-13,B,13,false,TBMPCR11Stage2,GT 1916 ROYL,195/60 R16 UX ROYALE 89 H (+2 SKUs),R16,R16,1325219416089HURL1,3,157.0,1,2026-07-13 21:01,2026-07-14 00:12,3.18,true,false,GT 2476 SUP MM,303.1333333333333,22.0,0.0,PCR|TBMPCR11Stage2|25#108
PCR,2026-07-13,B,13,false,TBMPCR6Stage2,GT 1634 XPC TATA,165 R14 ULTIMA XPC TATA TL (+5 SKUs),R14,R14,1D25216814008QXPC0,6,317.0,2,2026-07-13 21:08,2026-07-14 01:32,4.4,true,false,GT 1844 XPC TML,22.0,22.0,0.0,PCR|TBMPCR6Stage2|63#581
PCR,2026-07-13,B,13,false,TBMPCR10Stage2,GT 1773 NEOPS,175/70 R13 TORNEL ULTIMA NEO+,R13,R13,1325217613082TUNEE,1,152.0,1,2026-07-13 21:25,2026-07-13 23:34,2.15,true,false,GT 1543 XPC1,22.0,22.0,0.0,PCR|TBMPCR10Stage2|50#52
PCR,2026-07-13,B,13,false,TBMPCR3Stage2,GT 1865 ROYL RENO,185/65 R15 UX ROYALE (+2 SKUs),R15,R15,1325218515088TURL1,3,157.0,1,2026-07-13 21:25,2026-07-14 00:20,2.92,true,false,GT 1925 XPC1,68.0,28.0,0.0,PCR|TBMPCR3Stage2|33#340
PCR,2026-07-13,B,13,false,TBMPCR8Stage2,GT 2455 RAN A/T,215/75 R15 RANGER AT,R15,R15,1325221715100SRAT0,1,160.0,1,2026-07-13 21:49,2026-07-14 00:58,3.16,true,false,GT 1765 ROYL,163.56666666666666,22.0,0.0,PCR|TBMPCR8Stage2|40#787
PCR,2026-07-13,B,13,false,TBMPCR7Stage2,GT 1513 XPC1 MSIL,155 R13 C ULTIMA XPC1 90/89 S TL (MSIL) (+1 SKUs),R13,R13,1D25215013008SXC10,2,1242.0,8,2026-07-13 22:25,2026-07-14 15:40,17.25,true,false,GT 1503 NEO MSIL,98.08333333333333,22.0,0.0,PCR|TBMPCR7Stage2|35#696
PCR,2026-07-13,C,13,false,TBMPCR10Stage2,GT 1503 NEO MSIL,155/80 R13 ULTIMA NEO MSIL (+6 SKUs),R13,R13,1325215813079TUNE3,7,1541.0,10,2026-07-13 23:56,2026-07-14 20:29,20.55,true,false,GT 1773 NEOPS,22.0,22.0,0.0,PCR|TBMPCR10Stage2|51#53
PCR,2026-07-13,C,13,false,TBMPCR4Stage2,GT 1402 XPC TATA,145 R12 ULTIMA XPC TL TATA (+14 SKUs),R12,R12,1D25214012008QXPCT,15,474.0,3,2026-07-14 00:37,2026-07-14 07:44,7.11,true,false,GT 1482 UHL,28.0,28.0,0.0,PCR|TBMPCR4Stage2|37#430
PCR,2026-07-13,C,13,false,TBMPCR3Stage2,GT 1995 ROYL KIA,195/65R15 UX ROYALE (+10 SKUs),R15,R15,1325219515091HURL2,11,510.0,3,2026-07-14 00:48,2026-07-14 09:27,8.64,true,false,GT 1865 ROYL RENO,28.0,28.0,0.0,PCR|TBMPCR3Stage2|34#341
PCR,2026-07-13,C,13,false,TBMPCR8Stage2,GT 1765 ROYL,175/65 R15 UX ROYALE (+5 SKUs),R15,R15,1325217515084HURL2,6,1387.0,9,2026-07-14 01:20,2026-07-15 00:04,22.73,true,false,GT 2455 RAN A/T,22.0,22.0,0.0,PCR|TBMPCR8Stage2|41#788
PCR,2026-07-13,C,13,false,TBMPCR6Stage2,GT 1894 MAX,185/70 R14 TAXIMAX (+6 SKUs),R14,R14,1325218614088TTMX0,7,155.0,1,2026-07-14 01:54,2026-07-14 04:03,2.15,true,false,GT 1634 XPC TATA,22.0,22.0,0.0,PCR|TBMPCR6Stage2|64#582
PCR,2026-07-13,C,13,false,TBMPCR9Stage2,GT 2568 HT2,255/65 R 18 Ranger HT2 111 H,R18,R18,1325225518111HRHB0,1,457.0,3,2026-07-14 02:19,2026-07-14 12:21,10.03,true,false,GT 2258 RAN HPE,22.0,22.0,0.0,PCR|TBMPCR9Stage2|30#851
PCR,2026-07-13,C,13,false,TBMPCR11Stage2,GT2776 RAN AT,235/70 R16 105T RANGER AT,R16,R16,1325223616105TRAT0,1,161.0,1,2026-07-14 04:07,2026-07-14 07:28,3.35,true,false,GT 1916 ROYL,234.76666666666665,22.0,0.0,PCR|TBMPCR11Stage2|26#109
PCR,2026-07-14,A,14,false,TBMPCR6Stage2,GT 1894 MAX,185/70 R14 TAXIMAX (+6 SKUs),R14,R14,1325218614088TTMX0,7,155.0,1,2026-07-14 07:04,2026-07-14 09:14,2.15,false,false,GT 1894 MAX,181.16666666666666,0.0,0.0,PCR|TBMPCR6Stage2|64#583
PCR,2026-07-14,A,14,false,TBMPCR11Stage2,GT 2476 SUP MM,245/75 R16 ELANZO SUPRA,"",R16,1325224716111SELS0,1,634.0,4,2026-07-14 07:50,2026-07-14 21:03,13.21,true,false,GT2776 RAN AT,22.0,22.0,0.0,PCR|TBMPCR11Stage2|27#110
PCR,2026-07-14,A,14,false,TBMPCR4Stage2,GT 1482 UHL,145/80 R 12 ULTIMA HI LIFE TL (+13 SKUs),R12,R12,1325214812074TUHL0,14,462.0,3,2026-07-14 08:12,2026-07-14 15:08,6.93,true,false,GT 1402 XPC TATA,28.0,28.0,0.0,PCR|TBMPCR4Stage2|38#431
PCR,2026-07-14,A,14,false,TBMPCR2Stage2,GT 2158 ROYL HYU,215/55R18 UX ROYALE (+1 SKUs),R18,R18,1325221318095HURL0,2,473.0,3,2026-07-14 09:20,2026-07-14 18:16,8.93,true,true,GT 2476 SUP MM,335.6333333333333,60.0,0.0,PCR|TBMPCR2Stage2|35#259
PCR,2026-07-14,A,14,false,TBMPCR6Stage2,GT1564 NEO,155/65 R14 ULTIMA NEO,R14,R14,1325215514075TUNE0,1,158.0,1,2026-07-14 09:36,2026-07-14 11:47,2.19,true,false,GT 1894 MAX,22.0,22.0,0.0,PCR|TBMPCR6Stage2|65#584
PCR,2026-07-14,A,14,false,TBMPCR3Stage2,GT1915 LT XPC1,195 R15 ULTIMA XPC1,"",R15,1225219Z15008SXC10,1,155.0,1,2026-07-14 09:55,2026-07-14 13:24,3.49,true,false,GT 1995 ROYL KIA,28.0,28.0,0.0,PCR|TBMPCR3Stage2|35#342
PCR,2026-07-14,A,14,false,TBMPCR6Stage2,GT 1684 ROYL,165/80 R 14 UX ROYALE,R 14,R14,1325216814085TURL2,1,156.0,1,2026-07-14 12:09,2026-07-14 14:19,2.17,true,false,GT1564 NEO,22.0,22.0,0.0,PCR|TBMPCR6Stage2|66#585
PCR,2026-07-14,A,14,false,TBMPCR9Stage2,GT 2258 RAN HPE,225/55 R 18 Ranger Hpe (+1 SKUs),R 18,R18,1325222318098HRHE0,2,306.0,2,2026-07-14 12:43,2026-07-14 19:00,6.29,true,false,GT 2568 HT2,22.0,22.0,0.0,PCR|TBMPCR9Stage2|31#852
PCR,2026-07-14,A,14,false,TBMPCR1Stage2,GT 2267 ROYL HYU,215/60 R17 UX ROYALE HYUNDAI (+9 SKUs),R17,R17,1325221417096HURL0,10,775.0,5,2026-07-14 14:20,2026-07-15 04:06,13.78,false,false,GT 2267 ROYL HYU,500.7,0.0,0.0,PCR|TBMPCR1Stage2|25#186
PCR,2026-07-14,A,14,false,TBMPCR6Stage2,GT 1634 XPC TATA,165 R14 ULTIMA XPC TATA TL (+5 SKUs),R14,R14,1D25216814008QXPC0,6,317.0,2,2026-07-14 14:41,2026-07-14 19:05,4.4,true,false,GT 1684 ROYL,22.0,22.0,0.0,PCR|TBMPCR6Stage2|67#586
PCR,2026-07-14,B,14,false,TBMPCR4Stage2,GT 1402 XPC TATA,145 R12 ULTIMA XPC TL TATA (+14 SKUs),R12,R12,1D25214012008QXPCT,15,465.0,3,2026-07-14 15:36,2026-07-14 22:34,6.98,true,false,GT 1482 UHL,28.0,28.0,0.0,PCR|TBMPCR4Stage2|39#432
PCR,2026-07-14,B,14,false,TBMPCR7Stage2,GT 1773 NEO,175/70 R13 ULTIMA NEO,R13,R13,1325217613082TUNE0,1,155.0,1,2026-07-14 16:02,2026-07-14 18:06,2.07,true,false,GT 1513 XPC1 MSIL,22.0,22.0,0.0,PCR|TBMPCR7Stage2|36#697
PCR,2026-07-14,B,14,false,TBMPCR5Stage2,GT 1773 NEOPS,175/70 R13 TORNEL ULTIMA NEO+,R13,R13,1325217613082TUNEE,1,152.0,1,2026-07-14 18:18,2026-07-14 20:22,2.07,true,false,GT 1513 XPC1 MSIL,256.6333333333333,28.0,0.0,PCR|TBMPCR5Stage2|21#502
PCR,2026-07-14,B,14,false,TBMPCR7Stage2,GT 1583 NEO TATA,155/80 R13 ULTIMA NEO LRR (+2 SKUs),R13,R13,1325215813079TUNE5,3,302.0,2,2026-07-14 18:28,2026-07-14 22:30,4.03,true,false,GT 1773 NEO,22.0,22.0,0.0,PCR|TBMPCR7Stage2|37#698
PCR,2026-07-14,B,14,false,TBMPCR2Stage2,GT 2258 RAN HPE,225/55 R 18 Ranger Hpe (+1 SKUs),R 18,R18,1325222318098HRHE0,2,300.0,2,2026-07-14 18:44,2026-07-15 00:59,6.25,true,false,GT 2158 ROYL HYU,28.0,28.0,0.0,PCR|TBMPCR2Stage2|36#260
PCR,2026-07-14,B,14,false,TBMPCR3Stage2,GT 1865 ROYL RENO,185/65 R15 UX ROYALE (+2 SKUs),R15,R15,1325218515088TURL1,3,156.0,1,2026-07-14 19:17,2026-07-14 22:11,2.9,true,false,GT1915 LT XPC1,352.95,28.0,0.0,PCR|TBMPCR3Stage2|36#343
PCR,2026-07-14,B,14,false,TBMPCR9Stage2,GT 2568 HT2,255/65 R 18 Ranger HT2 111 H,R18,R18,1325225518111HRHB0,1,457.0,3,2026-07-14 19:22,2026-07-15 05:24,10.03,true,false,GT 2258 RAN HPE,22.0,22.0,0.0,PCR|TBMPCR9Stage2|32#853
PCR,2026-07-14,B,14,false,TBMPCR6Stage2,GT 1844 XPC TML,185 R14 ULTIMA XPC 10 PR (+1 SKUs),R14,R14,1D25218014010RXPCT,2,300.0,2,2026-07-14 19:27,2026-07-15 01:27,6.0,true,false,GT 1634 XPC TATA,22.0,22.0,0.0,PCR|TBMPCR6Stage2|68#587
PCR,2026-07-14,B,14,false,TBMPCR5Stage2,GT 1503 NEO MSIL,155/80 R13 ULTIMA NEO MSIL (+6 SKUs),R13,R13,1325215813079TUNE3,7,781.0,5,2026-07-14 20:50,2026-07-15 07:54,11.06,true,false,GT 1773 NEOPS,28.0,28.0,0.0,PCR|TBMPCR5Stage2|22#503
PCR,2026-07-14,B,14,false,TBMPCR10Stage2,GT 1773 NEOPS,175/70 R13 TORNEL ULTIMA NEO+,R13,R13,1325217613082TUNEE,1,152.0,1,2026-07-14 20:51,2026-07-14 23:00,2.15,true,false,GT 1503 NEO MSIL,22.0,22.0,0.0,PCR|TBMPCR10Stage2|52#54
PCR,2026-07-14,B,14,false,TBMPCR3Stage2,GT 1995 ROYL KIA,195/65R15 UX ROYALE (+10 SKUs),R15,R15,1325219515091HURL2,11,511.0,3,2026-07-14 22:39,2026-07-15 07:19,8.66,true,false,GT 1865 ROYL RENO,28.0,28.0,0.0,PCR|TBMPCR3Stage2|37#344
PCR,2026-07-14,C,14,false,TBMPCR10Stage2,GT 1543 XPC1,155 R13 ULTIMA XPC1 TML (+2 SKUs),R13,R13,1D25215013008SXC1T,3,468.0,3,2026-07-15 00:24,2026-07-15 06:54,6.5,true,false,GT 1773 NEOPS,84.28333333333333,22.0,0.0,PCR|TBMPCR10Stage2|53#55
PCR,2026-07-14,C,14,false,TBMPCR8Stage2,GT 2455 RAN A/T,215/75 R15 RANGER AT,R15,R15,1325221715100SRAT0,1,160.0,1,2026-07-15 00:26,2026-07-15 03:35,3.16,true,false,GT 1765 ROYL,22.0,22.0,0.0,PCR|TBMPCR8Stage2|42#789
PCR,2026-07-14,C,14,false,TBMPCR4Stage2,GT 1412 XPC MM,145 R12 ULTIMA XPC (+6 SKUs),"",R12,1D25114012008QXPC0,7,165.0,1,2026-07-15 00:49,2026-07-15 03:18,2.48,true,false,GT 1402 XPC TATA,135.23333333333332,28.0,0.0,PCR|TBMPCR4Stage2|40#433
PCR,2026-07-14,C,14,false,TBMPCR2Stage2,GT 2267 ROYL HYU,215/60 R17 UX ROYALE HYUNDAI (+9 SKUs),R17,R17,1325221417096HURL0,10,790.0,5,2026-07-15 02:11,2026-07-15 16:14,14.04,true,true,GT 2258 RAN HPE,72.31666666666666,60.0,0.0,PCR|TBMPCR2Stage2|37#261
PCR,2026-07-14,C,14,false,TBMPCR11Stage2,GT2776 RAN AT,235/70 R16 105T RANGER AT,R16,R16,1325223616105TRAT0,1,160.0,1,2026-07-15 02:22,2026-07-15 05:42,3.33,true,false,GT 2476 SUP MM,318.76666666666665,22.0,0.0,PCR|TBMPCR11Stage2|28#111
PCR,2026-07-14,C,14,false,TBMPCR4Stage2,GT 1482 UHL,145/80 R 12 ULTIMA HI LIFE TL (+13 SKUs),R12,R12,1325214812074TUHL0,14,462.0,3,2026-07-15 03:46,2026-07-15 10:42,6.93,true,false,GT 1412 XPC MM,28.0,28.0,0.0,PCR|TBMPCR4Stage2|41#434
PCR,2026-07-14,C,14,false,TBMPCR8Stage2,GT 1765 ROYL,175/65 R15 UX ROYALE (+5 SKUs),R15,R15,1325217515084HURL2,6,791.0,5,2026-07-15 03:57,2026-07-15 16:55,12.96,true,false,GT 2455 RAN A/T,22.0,22.0,0.0,PCR|TBMPCR8Stage2|43#790
PCR,2026-07-14,C,14,false,TBMPCR1Stage2,GT  T1457 STAR,T145/70 R17 STAR XT (+2 SKUs),R17,R17,1325214617107MSXT0,3,158.0,1,2026-07-15 04:34,2026-07-15 07:20,2.76,true,false,GT 2267 ROYL HYU,28.0,28.0,0.0,PCR|TBMPCR1Stage2|26#187
PCR,2026-07-14,C,14,false,TBMPCR11Stage2,GT 2476 SUP MM,245/75 R16 ELANZO SUPRA,"",R16,1325224716111SELS0,1,1252.0,8,2026-07-15 06:04,2026-07-16 08:09,26.08,true,false,GT2776 RAN AT,22.0,22.0,0.0,PCR|TBMPCR11Stage2|29#112
PCR,2026-07-15,A,15,false,TBMPCR9Stage2,GT 2158 ROYL HYU,215/55R18 UX ROYALE (+1 SKUs),R18,R18,1325221318095HURL0,2,465.0,3,2026-07-15 07:00,2026-07-15 15:32,8.52,true,false,GT 2568 HT2,96.11666666666666,22.0,0.0,PCR|TBMPCR9Stage2|33#854
PCR,2026-07-15,A,15,false,TBMPCR10Stage2,GT 1503 NEO MSIL,155/80 R13 ULTIMA NEO MSIL (+6 SKUs),R13,R13,1325215813079TUNE3,7,781.0,5,2026-07-15 07:16,2026-07-15 17:41,10.41,true,false,GT 1543 XPC1,22.0,22.0,0.0,PCR|TBMPCR10Stage2|54#56
PCR,2026-07-15,A,15,false,TBMPCR3Stage2,GT 1925 XPC1,195 R15 ULTIMA XPC1 AL,R15,R15,1225219Z15008SXC11,1,315.0,2,2026-07-15 07:47,2026-07-15 14:52,7.09,true,false,GT 1995 ROYL KIA,28.0,28.0,0.0,PCR|TBMPCR3Stage2|38#345
PCR,2026-07-15,A,15,false,TBMPCR6Stage2,GT1564 NEO,155/65 R14 ULTIMA NEO,R14,R14,1325215514075TUNE0,1,158.0,1,2026-07-15 07:53,2026-07-15 10:05,2.19,true,false,GT 1844 XPC TML,385.93333333333334,22.0,0.0,PCR|TBMPCR6Stage2|69#588
PCR,2026-07-15,A,15,false,TBMPCR5Stage2,GT 1513 XPC1 MSIL,155 R13 C ULTIMA XPC1 90/89 S TL (MSIL) (+1 SKUs),R13,R13,1D25215013008SXC10,2,1226.0,8,2026-07-15 09:44,2026-07-16 04:07,18.39,true,false,GT 1503 NEO MSIL,110.13333333333333,28.0,0.0,PCR|TBMPCR5Stage2|23#504
PCR,2026-07-15,A,15,false,TBMPCR6Stage2,GT 1844 XPC TML,185 R14 ULTIMA XPC 10 PR (+1 SKUs),R14,R14,1D25218014010RXPCT,2,310.0,2,2026-07-15 10:27,2026-07-15 16:39,6.2,true,false,GT1564 NEO,22.0,22.0,0.0,PCR|TBMPCR6Stage2|70#589
PCR,2026-07-15,A,15,false,TBMPCR1Stage2,GT  T1457 STAR,T145/70 R17 STAR XT (+2 SKUs),R17,R17,1325214617107MSXT0,3,158.0,1,2026-07-15 10:34,2026-07-15 13:20,2.76,false,false,GT  T1457 STAR,193.96666666666667,0.0,0.0,PCR|TBMPCR1Stage2|26#188
PCR,2026-07-15,A,15,false,TBMPCR4Stage2,GT 1402 XPC TATA,145 R12 ULTIMA XPC TL TATA (+14 SKUs),R12,R12,1D25214012008QXPCT,15,470.0,3,2026-07-15 11:10,2026-07-15 18:13,7.05,true,false,GT 1482 UHL,28.0,28.0,0.0,PCR|TBMPCR4Stage2|42#435
PCR,2026-07-15,A,15,false,TBMPCR7Stage2,GT 1773 NEO,175/70 R13 ULTIMA NEO,R13,R13,1325217613082TUNE0,1,155.0,1,2026-07-15 12:15,2026-07-15 14:19,2.07,true,false,GT 1583 NEO TATA,825.05,22.0,0.0,PCR|TBMPCR7Stage2|38#699
PCR,2026-07-15,A,15,false,TBMPCR1Stage2,GT 2167 RAN HPE,215/60R17 RANGER HPE 96 H,R 17,R17,1325221417096HRHE0,1,154.0,1,2026-07-15 13:48,2026-07-15 16:58,3.17,true,false,GT  T1457 STAR,28.0,28.0,0.0,PCR|TBMPCR1Stage2|27#189
PCR,2026-07-15,A,15,false,TBMPCR7Stage2,GT 1543 XPC1,155 R13 ULTIMA XPC1 TML (+2 SKUs),R13,R13,1D25215013008SXC1T,3,474.0,3,2026-07-15 14:41,2026-07-15 21:16,6.58,true,false,GT 1773 NEO,22.0,22.0,0.0,PCR|TBMPCR7Stage2|39#700
PCR,2026-07-15,B,15,false,TBMPCR3Stage2,GT1915 LT XPC1,195 R15 ULTIMA XPC1,"",R15,1225219Z15008SXC10,1,155.0,1,2026-07-15 15:20,2026-07-15 18:49,3.49,true,false,GT 1925 XPC1,28.0,28.0,0.0,PCR|TBMPCR3Stage2|39#346
PCR,2026-07-15,B,15,false,TBMPCR6Stage2,GT 1684 ROYL,165/80 R 14 UX ROYALE,R 14,R14,1325216814085TURL2,1,156.0,1,2026-07-15 17:01,2026-07-15 19:11,2.17,true,false,GT 1844 XPC TML,22.0,22.0,0.0,PCR|TBMPCR6Stage2|71#590
PCR,2026-07-15,B,15,false,TBMPCR2Stage2,GT 1412 XPC MM,145 R12 ULTIMA XPC (+6 SKUs),"",R12,1D25114012008QXPC0,7,153.0,1,2026-07-15 17:14,2026-07-15 19:31,2.3,true,true,GT 2267 ROYL HYU,60.0,60.0,0.0,PCR|TBMPCR2Stage2|38#262
PCR,2026-07-15,B,15,false,TBMPCR1Stage2,GT 2267 ROYL HYU,215/60 R17 UX ROYALE HYUNDAI (+9 SKUs),R17,R17,1325221417096HURL0,10,795.0,5,2026-07-15 17:26,2026-07-16 07:34,14.13,true,false,GT 2167 RAN HPE,28.0,28.0,0.0,PCR|TBMPCR1Stage2|28#190
PCR,2026-07-15,B,15,false,TBMPCR8Stage2,GT 1865 ROYL RENO,185/65 R15 UX ROYALE (+2 SKUs),R15,R15,1325218515088TURL1,3,156.0,1,2026-07-15 17:50,2026-07-15 20:39,2.82,true,false,GT 1765 ROYL,55.266666666666666,22.0,0.0,PCR|TBMPCR8Stage2|44#791
PCR,2026-07-15,B,15,false,TBMPCR10Stage2,GT 1773 NEOPS,175/70 R13 TORNEL ULTIMA NEO+,R13,R13,1325217613082TUNEE,1,152.0,1,2026-07-15 18:03,2026-07-15 20:12,2.15,true,false,GT 1503 NEO MSIL,22.0,22.0,0.0,PCR|TBMPCR10Stage2|55#57
PCR,2026-07-15,B,15,false,TBMPCR4Stage2,GT 1482 UHL,145/80 R 12 ULTIMA HI LIFE TL (+13 SKUs),R12,R12,1325214812074TUHL0,14,459.0,3,2026-07-15 18:41,2026-07-16 01:34,6.88,true,false,GT 1402 XPC TATA,28.0,28.0,0.0,PCR|TBMPCR4Stage2|43#436
PCR,2026-07-15,B,15,false,TBMPCR3Stage2,GT 1995 ROYL KIA,195/65R15 UX ROYALE (+10 SKUs),R15,R15,1325219515091HURL2,11,509.0,3,2026-07-15 19:17,2026-07-16 03:55,8.62,true,false,GT1915 LT XPC1,28.0,28.0,0.0,PCR|TBMPCR3Stage2|40#347
PCR,2026-07-15,B,15,false,TBMPCR6Stage2,GT 1634 XPC TATA,165 R14 ULTIMA XPC TATA TL (+5 SKUs),R14,R14,1D25216814008QXPC0,6,322.0,2,2026-07-15 19:33,2026-07-16 00:01,4.47,true,false,GT 1684 ROYL,22.0,22.0,0.0,PCR|TBMPCR6Stage2|72#591
PCR,2026-07-15,B,15,false,TBMPCR2Stage2,GT 2258 RAN HPE,225/55 R 18 Ranger Hpe (+1 SKUs),R 18,R18,1325222318098HRHE0,2,327.0,2,2026-07-15 20:31,2026-07-16 03:20,6.81,true,true,GT 1412 XPC MM,60.0,60.0,0.0,PCR|TBMPCR2Stage2|39#263
PCR,2026-07-15,B,15,false,TBMPCR8Stage2,GT 1765 ROYL,175/65 R15 UX ROYALE (+5 SKUs),R15,R15,1325217515084HURL2,6,631.0,4,2026-07-15 21:01,2026-07-16 07:22,10.34,true,false,GT 1865 ROYL RENO,22.0,22.0,0.0,PCR|TBMPCR8Stage2|45#792
PCR,2026-07-15,B,15,false,TBMPCR9Stage2,GT 2258 RAN HPE,225/55 R 18 Ranger Hpe (+1 SKUs),R 18,R18,1325222318098HRHE0,2,309.0,2,2026-07-15 21:28,2026-07-16 03:49,6.35,true,false,GT 2158 ROYL HYU,355.9,22.0,0.0,PCR|TBMPCR9Stage2|34#855
PCR,2026-07-15,B,15,false,TBMPCR10Stage2,GT 1513 XPC1 MSIL,155 R13 C ULTIMA XPC1 90/89 S TL (MSIL) (+1 SKUs),R13,R13,1D25215013008SXC10,2,1259.0,8,2026-07-15 21:32,2026-07-16 15:01,17.49,true,false,GT 1773 NEOPS,79.4,22.0,0.0,PCR|TBMPCR10Stage2|56#58
PCR,2026-07-15,C,15,false,TBMPCR7Stage2,GT 1583 NEO TATA,155/80 R13 ULTIMA NEO LRR (+2 SKUs),R13,R13,1325215813079TUNE5,3,317.0,2,2026-07-15 23:24,2026-07-16 03:38,4.23,true,false,GT 1543 XPC1,128.56666666666666,22.0,0.0,PCR|TBMPCR7Stage2|40#701
PCR,2026-07-15,C,15,false,TBMPCR6Stage2,GT 1634 XPC TATA,165 R14 ULTIMA XPC TATA TL (+5 SKUs),R14,R14,1D25216814008QXPC0,6,316.0,2,2026-07-16 02:17,2026-07-16 06:41,4.39,false,false,GT 1634 XPC TATA,135.86666666666667,0.0,0.0,PCR|TBMPCR6Stage2|72#592
PCR,2026-07-15,C,15,false,TBMPCR4Stage2,GT 1412 XPC MM,145 R12 ULTIMA XPC (+6 SKUs),"",R12,1D25114012008QXPC0,7,165.0,1,2026-07-16 02:50,2026-07-16 05:18,2.48,true,false,GT 1482 UHL,75.85,28.0,0.0,PCR|TBMPCR4Stage2|44#437
PCR,2026-07-15,C,15,false,TBMPCR9Stage2,GT 2568 HT2,255/65 R 18 Ranger HT2 111 H,R18,R18,1325225518111HRHB0,1,467.0,3,2026-07-16 04:11,2026-07-16 14:26,10.25,true,false,GT 2258 RAN HPE,22.0,22.0,0.0,PCR|TBMPCR9Stage2|35#856
PCR,2026-07-15,C,15,false,TBMPCR3Stage2,GT 1925 XPC1,195 R15 ULTIMA XPC1 AL,R15,R15,1225219Z15008SXC11,1,301.0,2,2026-07-16 04:23,2026-07-16 11:09,6.77,true,false,GT 1995 ROYL KIA,28.0,28.0,0.0,PCR|TBMPCR3Stage2|41#348
PCR,2026-07-15,C,15,false,TBMPCR2Stage2,GT 2158 ROYL HYU,215/55R18 UX ROYALE (+1 SKUs),R18,R18,1325221318095HURL0,2,468.0,3,2026-07-16 05:32,2026-07-16 14:22,8.84,true,false,GT 2258 RAN HPE,131.26666666666665,28.0,0.0,PCR|TBMPCR2Stage2|40#264
PCR,2026-07-15,C,15,false,TBMPCR4Stage2,GT 1402 XPC TATA,145 R12 ULTIMA XPC TL TATA (+14 SKUs),R12,R12,1D25214012008QXPCT,15,479.0,3,2026-07-16 05:46,2026-07-16 12:57,7.18,true,false,GT 1412 XPC MM,28.0,28.0,0.0,PCR|TBMPCR4Stage2|45#438
PCR,2026-07-16,A,16,false,TBMPCR8Stage2,GT1915 LT XPC1,195 R15 ULTIMA XPC1,"",R15,1225219Z15008SXC10,1,157.0,1,2026-07-16 07:44,2026-07-16 11:10,3.45,true,false,GT 1765 ROYL,22.0,22.0,0.0,PCR|TBMPCR8Stage2|46#793
PCR,2026-07-16,A,16,false,TBMPCR1Stage2,GT  T1457 STAR,T145/70 R17 STAR XT (+2 SKUs),R17,R17,1325214617107MSXT0,3,167.0,1,2026-07-16 08:02,2026-07-16 10:57,2.92,true,false,GT 2267 ROYL HYU,28.0,28.0,0.0,PCR|TBMPCR1Stage2|29#191
PCR,2026-07-16,A,16,false,TBMPCR7Stage2,GT 1773 NEO,175/70 R13 ULTIMA NEO,R13,R13,1325217613082TUNE0,1,312.0,2,2026-07-16 08:27,2026-07-16 12:37,4.16,true,false,GT 1583 NEO TATA,289.46666666666664,22.0,0.0,PCR|TBMPCR7Stage2|41#702
PCR,2026-07-16,A,16,false,TBMPCR11Stage2,GT2266 RAN HT,215/65 R16 RANGER HT,R16,R16,1325221516098HRHT0,1,156.0,1,2026-07-16 08:31,2026-07-16 11:43,3.21,true,false,GT 2476 SUP MM,22.0,22.0,0.0,PCR|TBMPCR11Stage2|30#113
PCR,2026-07-16,A,16,false,TBMPCR6Stage2,GT 1844 XPC TML,185 R14 ULTIMA XPC 10 PR (+1 SKUs),R14,R14,1D25218014010RXPCT,2,309.0,2,2026-07-16 11:00,2026-07-16 17:11,6.18,true,false,GT 1634 XPC TATA,259.3,22.0,0.0,PCR|TBMPCR6Stage2|73#593
PCR,2026-07-16,A,16,false,TBMPCR3Stage2,GT 1765 ROYL,175/65 R15 UX ROYALE (+5 SKUs),R15,R15,1325217515084HURL2,6,311.0,2,2026-07-16 11:37,2026-07-16 16:53,5.27,true,false,GT 1925 XPC1,28.0,28.0,0.0,PCR|TBMPCR3Stage2|42#349
PCR,2026-07-16,A,16,false,TBMPCR8Stage2,GT 2267 ROYL HYU,215/60 R17 UX ROYALE HYUNDAI (+9 SKUs),R17,R17,1325221417096HURL0,10,798.0,5,2026-07-16 11:52,2026-07-17 01:37,13.74,true,true,GT1915 LT XPC1,42.0,42.0,0.0,PCR|TBMPCR8Stage2|47#794
PCR,2026-07-16,A,16,false,TBMPCR11Stage2,GT2776 RAN AT,235/70 R16 105T RANGER AT,R16,R16,1325223616105TRAT0,1,160.0,1,2026-07-16 12:05,2026-07-16 15:25,3.33,true,false,GT2266 RAN HT,22.0,22.0,0.0,PCR|TBMPCR11Stage2|31#114
PCR,2026-07-16,A,16,false,TBMPCR1Stage2,GT 2167 RAN HPE,215/60R17 RANGER HPE 96 H,R 17,R17,1325221417096HRHE0,1,308.0,2,2026-07-16 12:43,2026-07-16 19:03,6.33,true,false,GT  T1457 STAR,105.39999999999999,28.0,0.0,PCR|TBMPCR1Stage2|30#192
PCR,2026-07-16,A,16,false,TBMPCR5Stage2,GT 1513 XPC1 MSIL,155 R13 C ULTIMA XPC1 90/89 S TL (MSIL) (+1 SKUs),R13,R13,1D25215013008SXC10,2,1231.0,8,2026-07-16 14:13,2026-07-17 08:41,18.46,false,false,GT 1513 XPC1 MSIL,606.2166666666667,0.0,0.0,PCR|TBMPCR5Stage2|23#505
PCR,2026-07-16,A,16,false,TBMPCR7Stage2,GT 1543 XPC1,155 R13 ULTIMA XPC1 TML (+2 SKUs),R13,R13,1D25215013008SXC1T,3,470.0,3,2026-07-16 14:48,2026-07-16 21:20,6.53,true,false,GT 1773 NEO,130.98333333333332,22.0,0.0,PCR|TBMPCR7Stage2|42#703
PCR,2026-07-16,B,16,false,TBMPCR11Stage2,GT 2476 SUP MM,245/75 R16 ELANZO SUPRA,"",R16,1325224716111SELS0,1,613.0,4,2026-07-16 15:47,2026-07-17 04:33,12.77,true,false,GT2776 RAN AT,22.0,22.0,0.0,PCR|TBMPCR11Stage2|32#115
PCR,2026-07-16,B,16,false,TBMPCR3Stage2,GT 1995 ROYL KIA,195/65R15 UX ROYALE (+10 SKUs),R15,R15,1325219515091HURL2,11,462.0,3,2026-07-16 17:21,2026-07-17 01:11,7.83,true,false,GT 1765 ROYL,28.0,28.0,0.0,PCR|TBMPCR3Stage2|43#350
PCR,2026-07-16,B,16,false,TBMPCR6Stage2,GT 1684 ROYL,165/80 R 14 UX ROYALE,R 14,R14,1325216814085TURL2,1,156.0,1,2026-07-16 17:33,2026-07-16 19:43,2.17,true,false,GT 1844 XPC TML,22.0,22.0,0.0,PCR|TBMPCR6Stage2|74#594
PCR,2026-07-16,B,16,false,TBMPCR9Stage2,GT 2158 ROYL HYU,215/55R18 UX ROYALE (+1 SKUs),R18,R18,1325221318095HURL0,2,477.0,3,2026-07-16 18:29,2026-07-17 03:13,8.74,true,false,GT 2568 HT2,243.03333333333333,22.0,0.0,PCR|TBMPCR9Stage2|36#857
PCR,2026-07-16,B,16,false,TBMPCR4Stage2,GT 1412 XPC MM,145 R12 ULTIMA XPC (+6 SKUs),"",R12,1D25114012008QXPC0,7,318.0,2,2026-07-16 18:57,2026-07-16 23:43,4.77,true,false,GT 1402 XPC TATA,359.68333333333334,28.0,0.0,PCR|TBMPCR4Stage2|46#439
PCR,2026-07-16,B,16,false,TBMPCR2Stage2,GT 1402 XPC TATA,145 R12 ULTIMA XPC TL TATA (+14 SKUs),R12,R12,1D25214012008QXPCT,15,470.0,3,2026-07-16 19:34,2026-07-17 02:37,7.05,true,true,GT 2158 ROYL HYU,311.8833333333333,60.0,0.0,PCR|TBMPCR2Stage2|41#265
PCR,2026-07-16,B,16,false,TBMPCR1Stage2,GT  T1457 STAR,T145/70 R17 STAR XT (+2 SKUs),R17,R17,1325214617107MSXT0,3,325.0,2,2026-07-16 20:47,2026-07-17 02:28,5.69,true,false,GT 2167 RAN HPE,104.26666666666667,28.0,0.0,PCR|TBMPCR1Stage2|31#193
PCR,2026-07-16,B,16,false,TBMPCR10Stage2,GT 1773 NEOPS,175/70 R13 TORNEL ULTIMA NEO+,R13,R13,1325217613082TUNEE,1,152.0,1,2026-07-16 21:02,2026-07-16 23:11,2.15,true,false,GT 1513 XPC1 MSIL,360.8666666666667,22.0,0.0,PCR|TBMPCR10Stage2|57#59
PCR,2026-07-16,B,16,false,TBMPCR7Stage2,GT 1773 NEO,175/70 R13 ULTIMA NEO,R13,R13,1325217613082TUNE0,1,155.0,1,2026-07-16 21:42,2026-07-16 23:46,2.07,true,false,GT 1543 XPC1,22.0,22.0,0.0,PCR|TBMPCR7Stage2|43#704
PCR,2026-07-16,C,16,false,TBMPCR10Stage2,GT 1503 NEO MSIL,155/80 R13 ULTIMA NEO MSIL (+6 SKUs),R13,R13,1325215813079TUNE3,7,773.0,5,2026-07-16 23:33,2026-07-17 09:51,10.31,true,false,GT 1773 NEOPS,22.0,22.0,0.0,PCR|TBMPCR10Stage2|58#60
PCR,2026-07-16,C,16,false,TBMPCR7Stage2,GT 1583 NEO TATA,155/80 R13 ULTIMA NEO LRR (+2 SKUs),R13,R13,1325215813079TUNE5,3,317.0,2,2026-07-17 00:08,2026-07-17 04:21,4.23,true,false,GT 1773 NEO,22.0,22.0,0.0,PCR|TBMPCR7Stage2|44#705
PCR,2026-07-16,C,16,false,TBMPCR4Stage2,GT 1412 XPC MM,145 R12 ULTIMA XPC (+6 SKUs),"",R12,1D25114012008QXPC0,7,153.0,1,2026-07-17 00:53,2026-07-17 03:10,2.3,false,false,GT 1412 XPC MM,69.65,0.0,0.0,PCR|TBMPCR4Stage2|46#440
PCR,2026-07-16,C,16,false,TBMPCR6Stage2,GT 1894 MAX,185/70 R14 TAXIMAX (+6 SKUs),R14,R14,1325218614088TTMX0,7,151.0,1,2026-07-17 00:57,2026-07-17 03:02,2.1,true,false,GT 1684 ROYL,313.9,22.0,0.0,PCR|TBMPCR6Stage2|75#595
PCR,2026-07-16,C,16,false,TBMPCR3Stage2,GT1915 LT XPC1,195 R15 ULTIMA XPC1,"",R15,1225219Z15008SXC10,1,155.0,1,2026-07-17 01:39,2026-07-17 05:08,3.49,true,false,GT 1995 ROYL KIA,28.0,28.0,0.0,PCR|TBMPCR3Stage2|44#351
PCR,2026-07-16,C,16,false,TBMPCR8Stage2,GT 1765 ROYL,175/65 R15 UX ROYALE (+5 SKUs),R15,R15,1325217515084HURL2,6,648.0,4,2026-07-17 02:19,2026-07-17 13:42,11.39,true,true,GT 2267 ROYL HYU,42.0,42.0,0.0,PCR|TBMPCR8Stage2|48#795
PCR,2026-07-16,C,16,false,TBMPCR1Stage2,GT 2267 ROYL HYU,215/60 R17 UX ROYALE HYUNDAI (+9 SKUs),R17,R17,1325221417096HURL0,10,1574.0,10,2026-07-17 02:56,2026-07-18 06:55,27.98,true,false,GT  T1457 STAR,28.0,28.0,0.0,PCR|TBMPCR1Stage2|32#194
PCR,2026-07-16,C,16,false,TBMPCR6Stage2,GT 1634 XPC TATA,165 R14 ULTIMA XPC TATA TL (+5 SKUs),R14,R14,1D25216814008QXPC0,6,634.0,4,2026-07-17 03:24,2026-07-17 12:13,8.81,true,false,GT 1894 MAX,22.0,22.0,0.0,PCR|TBMPCR6Stage2|76#596
PCR,2026-07-16,C,16,false,TBMPCR9Stage2,GT 2258 RAN HPE,225/55 R 18 Ranger Hpe (+1 SKUs),R 18,R18,1325222318098HRHE0,2,326.0,2,2026-07-17 03:35,2026-07-17 10:17,6.7,true,false,GT 2158 ROYL HYU,22.0,22.0,0.0,PCR|TBMPCR9Stage2|37#858
PCR,2026-07-16,C,16,false,TBMPCR2Stage2,GT 2568 HT2,255/65 R 18 Ranger HT2 111 H,R18,R18,1325225518111HRHB0,1,467.0,3,2026-07-17 03:37,2026-07-17 14:07,10.51,true,true,GT 1402 XPC TATA,60.0,60.0,0.0,PCR|TBMPCR2Stage2|42#266
PCR,2026-07-16,C,16,false,TBMPCR4Stage2,GT 1482 UHL,145/80 R 12 ULTIMA HI LIFE TL (+13 SKUs),R12,R12,1325214812074TUHL0,14,459.0,3,2026-07-17 03:38,2026-07-17 10:32,6.88,true,false,GT 1412 XPC MM,28.0,28.0,0.0,PCR|TBMPCR4Stage2|47#441
PCR,2026-07-16,C,16,false,TBMPCR7Stage2,GT 1513 XPC1 MSIL,155 R13 C ULTIMA XPC1 90/89 S TL (MSIL) (+1 SKUs),R13,R13,1D25215013008SXC10,2,1238.0,8,2026-07-17 04:43,2026-07-17 21:55,17.19,true,false,GT 1583 NEO TATA,22.0,22.0,0.0,PCR|TBMPCR7Stage2|45#706
PCR,2026-07-16,C,16,false,TBMPCR3Stage2,GT 1765 ROYL,175/65 R15 UX ROYALE (+5 SKUs),R15,R15,1325217515084HURL2,6,320.0,2,2026-07-17 05:36,2026-07-17 11:02,5.42,true,false,GT1915 LT XPC1,28.0,28.0,0.0,PCR|TBMPCR3Stage2|45#352
PCR,2026-07-17,A,17,false,TBMPCR11Stage2,GT2266 RAN HT,215/65 R16 RANGER HT,R16,R16,1325221516098HRHT0,1,156.0,1,2026-07-17 08:26,2026-07-17 11:39,3.21,true,false,GT 2476 SUP MM,233.15,22.0,0.0,PCR|TBMPCR11Stage2|33#116
PCR,2026-07-17,A,17,false,TBMPCR5Stage2,GT 1503 NEO MSIL,155/80 R13 ULTIMA NEO MSIL (+6 SKUs),R13,R13,1325215813079TUNE3,7,780.0,5,2026-07-17 09:09,2026-07-17 20:12,11.05,true,false,GT 1513 XPC1 MSIL,28.0,28.0,0.0,PCR|TBMPCR5Stage2|24#506
PCR,2026-07-17,A,17,false,TBMPCR10Stage2,GT 1543 XPC1,155 R13 ULTIMA XPC1 TML (+2 SKUs),R13,R13,1D25215013008SXC1T,3,468.0,3,2026-07-17 10:13,2026-07-17 16:43,6.5,true,false,GT 1503 NEO MSIL,22.0,22.0,0.0,PCR|TBMPCR10Stage2|59#61
PCR,2026-07-17,A,17,false,TBMPCR9Stage2,GT 2158 ROYL HYU,215/55R18 UX ROYALE (+1 SKUs),R18,R18,1325221318095HURL0,2,465.0,3,2026-07-17 10:59,2026-07-17 19:30,8.52,true,false,GT 2258 RAN HPE,41.05,22.0,0.0,PCR|TBMPCR9Stage2|38#859
PCR,2026-07-17,A,17,false,TBMPCR4Stage2,GT 1412 XPC MM,145 R12 ULTIMA XPC (+6 SKUs),"",R12,1D25114012008QXPC0,7,165.0,1,2026-07-17 11:00,2026-07-17 13:28,2.48,true,false,GT 1482 UHL,28.0,28.0,0.0,PCR|TBMPCR4Stage2|48#442
PCR,2026-07-17,A,17,false,TBMPCR3Stage2,GT 1925 XPC1,195 R15 ULTIMA XPC1 AL,R15,R15,1225219Z15008SXC11,1,314.0,2,2026-07-17 11:30,2026-07-17 18:34,7.06,true,false,GT 1765 ROYL,28.0,28.0,0.0,PCR|TBMPCR3Stage2|46#353
PCR,2026-07-17,A,17,false,TBMPCR11Stage2,GT 2476 SUP MM,245/75 R16 ELANZO SUPRA,"",R16,1325224716111SELS0,1,616.0,4,2026-07-17 12:01,2026-07-18 00:51,12.83,true,false,GT2266 RAN HT,22.0,22.0,0.0,PCR|TBMPCR11Stage2|34#117
PCR,2026-07-17,A,17,false,TBMPCR4Stage2,GT 1402 XPC TATA,145 R12 ULTIMA XPC TL TATA (+14 SKUs),R12,R12,1D25214012008QXPCT,15,489.0,3,2026-07-17 13:56,2026-07-17 21:16,7.34,true,false,GT 1412 XPC MM,28.0,28.0,0.0,PCR|TBMPCR4Stage2|49#443
PCR,2026-07-17,A,17,false,TBMPCR8Stage2,GT1915 LT XPC1,195 R15 ULTIMA XPC1,"",R15,1225219Z15008SXC10,1,157.0,1,2026-07-17 14:04,2026-07-17 17:31,3.45,true,false,GT 1765 ROYL,22.0,22.0,0.0,PCR|TBMPCR8Stage2|49#796
PCR,2026-07-17,B,17,false,TBMPCR2Stage2,GT2776 RAN AT,235/70 R16 105T RANGER AT,R16,R16,1325223616105TRAT0,1,160.0,1,2026-07-17 15:07,2026-07-17 18:30,3.38,true,true,GT 2568 HT2,60.0,60.0,0.0,PCR|TBMPCR2Stage2|43#267
PCR,2026-07-17,B,17,false,TBMPCR6Stage2,GT 1684 ROYL,165/80 R 14 UX ROYALE,R 14,R14,1325216814085TURL2,1,156.0,1,2026-07-17 16:07,2026-07-17 18:17,2.17,true,false,GT 1634 XPC TATA,234.15,22.0,0.0,PCR|TBMPCR6Stage2|77#597
PCR,2026-07-17,B,17,false,TBMPCR8Stage2,GT 1765 ROYL,175/65 R15 UX ROYALE (+5 SKUs),R15,R15,1325217515084HURL2,6,983.0,6,2026-07-17 17:53,2026-07-18 10:00,16.11,true,false,GT1915 LT XPC1,22.0,22.0,0.0,PCR|TBMPCR8Stage2|50#797
PCR,2026-07-17,B,17,false,TBMPCR10Stage2,GT 1503 NEO MSIL,155/80 R13 ULTIMA NEO MSIL (+6 SKUs),R13,R13,1325215813079TUNE3,7,780.0,5,2026-07-17 19:39,2026-07-18 06:03,10.4,true,false,GT 1543 XPC1,175.78333333333333,22.0,0.0,PCR|TBMPCR10Stage2|60#62
PCR,2026-07-17,B,17,false,TBMPCR5Stage2,GT 1513 XPC1 MSIL,155 R13 C ULTIMA XPC1 90/89 S TL (MSIL) (+1 SKUs),R13,R13,1D25215013008SXC10,2,2476.0,16,2026-07-17 21:02,2026-07-19 10:10,37.14,true,false,GT 1503 NEO MSIL,49.333333333333336,28.0,0.0,PCR|TBMPCR5Stage2|25#507
PCR,2026-07-17,B,17,false,TBMPCR9Stage2,GT 2258 RAN HPE,225/55 R 18 Ranger Hpe (+1 SKUs),R 18,R18,1325222318098HRHE0,2,309.0,2,2026-07-17 21:41,2026-07-18 04:02,6.35,true,false,GT 2158 ROYL HYU,131.21666666666667,22.0,0.0,PCR|TBMPCR9Stage2|39#860
PCR,2026-07-17,B,17,false,TBMPCR7Stage2,GT 1773 NEO,175/70 R13 ULTIMA NEO,R13,R13,1325217613082TUNE0,1,155.0,1,2026-07-17 22:17,2026-07-18 00:21,2.07,true,false,GT 1513 XPC1 MSIL,22.0,22.0,0.0,PCR|TBMPCR7Stage2|46#707
PCR,2026-07-17,C,17,false,TBMPCR2Stage2,GT 2158 ROYL HYU,215/55R18 UX ROYALE (+1 SKUs),R18,R18,1325221318095HURL0,2,473.0,3,2026-07-17 23:00,2026-07-18 07:57,8.93,true,true,GT2776 RAN AT,270.56666666666666,60.0,0.0,PCR|TBMPCR2Stage2|44#268
PCR,2026-07-17,C,17,false,TBMPCR4Stage2,GT 1482 UHL,145/80 R 12 ULTIMA HI LIFE TL (+13 SKUs),R12,R12,1325214812074TUHL0,14,459.0,3,2026-07-18 00:23,2026-07-18 07:16,6.88,true,false,GT 1402 XPC TATA,186.73333333333332,28.0,0.0,PCR|TBMPCR4Stage2|50#444
PCR,2026-07-17,C,17,false,TBMPCR7Stage2,GT 1583 NEO TATA,155/80 R13 ULTIMA NEO LRR (+2 SKUs),R13,R13,1325215813079TUNE5,3,317.0,2,2026-07-18 00:51,2026-07-18 05:04,4.23,true,false,GT 1773 NEO,30.066666666666666,22.0,0.0,PCR|TBMPCR7Stage2|47#708
PCR,2026-07-17,C,17,false,TBMPCR11Stage2,GT2776 RAN AT,235/70 R16 105T RANGER AT,R16,R16,1325223616105TRAT0,1,160.0,1,2026-07-18 01:13,2026-07-18 04:33,3.33,true,false,GT 2476 SUP MM,22.0,22.0,0.0,PCR|TBMPCR11Stage2|35#118
PCR,2026-07-17,C,17,false,TBMPCR6Stage2,GT 1894 MAX,185/70 R14 TAXIMAX (+6 SKUs),R14,R14,1325218614088TTMX0,7,151.0,1,2026-07-18 01:32,2026-07-18 03:38,2.1,true,false,GT 1684 ROYL,434.9,22.0,0.0,PCR|TBMPCR6Stage2|78#598
PCR,2026-07-17,C,17,false,TBMPCR9Stage2,GT 2568 HT2,255/65 R 18 Ranger HT2 111 H,R18,R18,1325225518111HRHB0,1,465.0,3,2026-07-18 04:24,2026-07-18 14:37,10.2,true,false,GT 2258 RAN HPE,22.0,22.0,0.0,PCR|TBMPCR9Stage2|40#861
PCR,2026-07-17,C,17,false,TBMPCR11Stage2,GT2266 RAN HT,215/65 R16 RANGER HT,R16,R16,1325221516098HRHT0,1,156.0,1,2026-07-18 06:08,2026-07-18 09:20,3.21,true,false,GT2776 RAN AT,95.2,22.0,0.0,PCR|TBMPCR11Stage2|36#119
PCR,2026-07-17,C,17,false,TBMPCR10Stage2,GT 1543 XPC1,155 R13 ULTIMA XPC1 TML (+2 SKUs),R13,R13,1D25215013008SXC1T,3,468.0,3,2026-07-18 06:25,2026-07-18 12:55,6.5,true,false,GT 1503 NEO MSIL,22.0,22.0,0.0,PCR|TBMPCR10Stage2|61#63
PCR,2026-07-18,A,18,false,TBMPCR6Stage2,GT 1684 ROYL,165/80 R 14 UX ROYALE,R 14,R14,1325216814085TURL2,1,156.0,1,2026-07-18 07:09,2026-07-18 09:19,2.17,true,false,GT 1894 MAX,211.03333333333333,22.0,0.0,PCR|TBMPCR6Stage2|79#599
PCR,2026-07-18,A,18,false,TBMPCR4Stage2,GT 1402 XPC TATA,145 R12 ULTIMA XPC TL TATA (+14 SKUs),R12,R12,1D25214012008QXPCT,15,470.0,3,2026-07-18 07:44,2026-07-18 14:47,7.05,true,false,GT 1482 UHL,28.0,28.0,0.0,PCR|TBMPCR4Stage2|51#445
PCR,2026-07-18,A,18,false,TBMPCR1Stage2,GT 2167 RAN HPE,215/60R17 RANGER HPE 96 H,R 17,R17,1325221417096HRHE0,1,154.0,1,2026-07-18 08:08,2026-07-18 11:18,3.17,true,false,GT 2267 ROYL HYU,73.31666666666666,28.0,0.0,PCR|TBMPCR1Stage2|33#195
PCR,2026-07-18,A,18,false,TBMPCR2Stage2,GT  T1457 STAR,T145/70 R17 STAR XT (+2 SKUs),R17,R17,1325214617107MSXT0,3,158.0,1,2026-07-18 08:57,2026-07-18 11:50,2.9,true,true,GT 2158 ROYL HYU,60.0,60.0,0.0,PCR|TBMPCR2Stage2|45#269
PCR,2026-07-18,A,18,false,TBMPCR3Stage2,GT1915 LT XPC1,195 R15 ULTIMA XPC1,"",R15,1225219Z15008SXC10,1,312.0,2,2026-07-18 09:31,2026-07-18 16:32,7.02,true,false,GT 1925 XPC1,897.5833333333334,28.0,0.0,PCR|TBMPCR3Stage2|47#354
PCR,2026-07-18,A,18,false,TBMPCR6Stage2,GT 1634 XPC TATA,165 R14 ULTIMA XPC TATA TL (+5 SKUs),R14,R14,1D25216814008QXPC0,6,315.0,2,2026-07-18 09:41,2026-07-18 14:03,4.38,true,false,GT 1684 ROYL,22.0,22.0,0.0,PCR|TBMPCR6Stage2|80#600
PCR,2026-07-18,A,18,false,TBMPCR11Stage2,GT 2476 SUP MM,245/75 R16 ELANZO SUPRA,"",R16,1325224716111SELS0,1,615.0,4,2026-07-18 09:42,2026-07-18 22:31,12.81,true,false,GT2266 RAN HT,22.0,22.0,0.0,PCR|TBMPCR11Stage2|37#120
PCR,2026-07-18,A,18,false,TBMPCR8Stage2,GT 2267 ROYL HYU,215/60 R17 UX ROYALE HYUNDAI (+9 SKUs),R17,R17,1325221417096HURL0,10,328.0,2,2026-07-18 10:42,2026-07-18 16:21,5.65,true,true,GT 1765 ROYL,42.0,42.0,0.0,PCR|TBMPCR8Stage2|51#798
PCR,2026-07-18,A,18,false,TBMPCR1Stage2,GT 2267 ROYL HYU,215/60 R17 UX ROYALE HYUNDAI (+9 SKUs),R17,R17,1325221417096HURL0,10,2832.0,18,2026-07-18 11:46,2026-07-20 14:07,50.35,true,false,GT 2167 RAN HPE,28.0,28.0,0.0,PCR|TBMPCR1Stage2|34#196
PCR,2026-07-18,A,18,false,TBMPCR2Stage2,GT 2158 ROYL HYU,215/55R18 UX ROYALE (+1 SKUs),R18,R18,1325221318095HURL0,2,468.0,3,2026-07-18 12:50,2026-07-18 21:41,8.84,true,true,GT  T1457 STAR,60.0,60.0,0.0,PCR|TBMPCR2Stage2|46#270
PCR,2026-07-18,A,18,false,TBMPCR6Stage2,GT 1844 XPC TML,185 R14 ULTIMA XPC 10 PR (+1 SKUs),R14,R14,1D25218014010RXPCT,2,309.0,2,2026-07-18 14:25,2026-07-18 20:36,6.18,true,false,GT 1634 XPC TATA,22.0,22.0,0.0,PCR|TBMPCR6Stage2|81#601
PCR,2026-07-18,A,18,false,TBMPCR10Stage2,GT 1503 NEO MSIL,155/80 R13 ULTIMA NEO MSIL (+6 SKUs),R13,R13,1325215813079TUNE3,7,780.0,5,2026-07-18 14:51,2026-07-19 01:15,10.4,true,false,GT 1543 XPC1,116.13333333333333,22.0,0.0,PCR|TBMPCR10Stage2|62#64
PCR,2026-07-18,A,18,false,TBMPCR9Stage2,GT 2258 RAN HPE,225/55 R 18 Ranger Hpe (+1 SKUs),R 18,R18,1325222318098HRHE0,2,326.0,2,2026-07-18 14:59,2026-07-18 21:41,6.7,true,false,GT 2568 HT2,22.0,22.0,0.0,PCR|TBMPCR9Stage2|41#862
PCR,2026-07-18,B,18,false,TBMPCR8Stage2,GT 1765 ROYL,175/65 R15 UX ROYALE (+5 SKUs),R15,R15,1325217515084HURL2,6,2590.0,16,2026-07-18 17:03,2026-07-20 11:29,42.45,true,true,GT 2267 ROYL HYU,42.0,42.0,0.0,PCR|TBMPCR8Stage2|52#799
PCR,2026-07-18,B,18,false,TBMPCR3Stage2,GT 1925 XPC1,195 R15 ULTIMA XPC1 AL,R15,R15,1225219Z15008SXC11,1,615.0,4,2026-07-18 17:45,2026-07-19 07:36,13.84,true,false,GT1915 LT XPC1,73.06666666666666,28.0,0.0,PCR|TBMPCR3Stage2|48#355
PCR,2026-07-18,B,18,false,TBMPCR7Stage2,GT 1583 NEO TATA,155/80 R13 ULTIMA NEO LRR (+2 SKUs),R13,R13,1325215813079TUNE5,3,317.0,2,2026-07-18 19:03,2026-07-18 23:16,4.23,false,false,GT 1583 NEO TATA,838.2166666666667,0.0,0.0,PCR|TBMPCR7Stage2|47#709
PCR,2026-07-18,B,18,false,TBMPCR4Stage2,GT 1412 XPC MM,145 R12 ULTIMA XPC (+6 SKUs),"",R12,1D25114012008QXPC0,7,153.0,1,2026-07-18 20:53,2026-07-18 23:11,2.3,true,false,GT 1402 XPC TATA,366.05,28.0,0.0,PCR|TBMPCR4Stage2|52#446
PCR,2026-07-18,B,18,false,TBMPCR6Stage2,GT 1894 MAX,185/70 R14 TAXIMAX (+6 SKUs),R14,R14,1325218614088TTMX0,7,151.0,1,2026-07-18 20:58,2026-07-18 23:04,2.1,true,false,GT 1844 XPC TML,22.0,22.0,0.0,PCR|TBMPCR6Stage2|82#602
PCR,2026-07-18,B,18,false,TBMPCR9Stage2,GT 2568 HT2,255/65 R 18 Ranger HT2 111 H,R18,R18,1325225518111HRHB0,1,465.0,3,2026-07-18 22:03,2026-07-19 08:15,10.2,true,false,GT 2258 RAN HPE,22.0,22.0,0.0,PCR|TBMPCR9Stage2|42#863
PCR,2026-07-18,B,18,false,TBMPCR2Stage2,GT  T1457 STAR,T145/70 R17 STAR XT (+2 SKUs),R17,R17,1325214617107MSXT0,3,167.0,1,2026-07-18 22:41,2026-07-19 01:44,3.06,true,true,GT 2158 ROYL HYU,60.0,60.0,0.0,PCR|TBMPCR2Stage2|47#271
PCR,2026-07-18,B,18,false,TBMPCR11Stage2,GT 2366 ROYL,235/65 R16 UX ROYALE (+1 SKUs),R16,R16,1325223516103TURL0,2,160.0,1,2026-07-18 22:53,2026-07-19 02:11,3.29,true,false,GT 2476 SUP MM,22.0,22.0,0.0,PCR|TBMPCR11Stage2|38#121
PCR,2026-07-18,C,18,false,TBMPCR7Stage2,GT 1773 NEO,175/70 R13 ULTIMA NEO,R13,R13,1325217613082TUNE0,1,157.0,1,2026-07-18 23:38,2026-07-19 01:44,2.09,true,false,GT 1583 NEO TATA,22.0,22.0,0.0,PCR|TBMPCR7Stage2|48#710
PCR,2026-07-18,C,18,false,TBMPCR4Stage2,GT 1402 XPC TATA,145 R12 ULTIMA XPC TL TATA (+14 SKUs),R12,R12,1D25214012008QXPCT,15,480.0,3,2026-07-18 23:39,2026-07-19 06:51,7.2,true,false,GT 1412 XPC MM,28.0,28.0,0.0,PCR|TBMPCR4Stage2|53#447
PCR,2026-07-18,C,18,false,TBMPCR7Stage2,GT 1503 NEO MSIL,155/80 R13 ULTIMA NEO MSIL (+6 SKUs),R13,R13,1325215813079TUNE3,7,789.0,5,2026-07-19 02:06,2026-07-19 12:37,10.52,true,false,GT 1773 NEO,22.0,22.0,0.0,PCR|TBMPCR7Stage2|49#711
PCR,2026-07-18,C,18,false,TBMPCR2Stage2,GT 2167 RAN HPE,215/60R17 RANGER HPE 96 H,R 17,R17,1325221417096HRHE0,1,154.0,1,2026-07-19 02:12,2026-07-19 05:22,3.17,true,false,GT  T1457 STAR,28.0,28.0,0.0,PCR|TBMPCR2Stage2|48#272
PCR,2026-07-18,C,18,false,TBMPCR11Stage2,GT2266 RAN HT,215/65 R16 RANGER HT,R16,R16,1325221516098HRHT0,1,156.0,1,2026-07-19 03:50,2026-07-19 07:02,3.21,true,false,GT 2366 ROYL,99.11666666666666,22.0,0.0,PCR|TBMPCR11Stage2|39#122
PCR,2026-07-18,C,18,false,TBMPCR6Stage2,GT1564 NEO,155/65 R14 ULTIMA NEO,R14,R14,1325215514075TUNE0,1,154.0,1,2026-07-19 04:11,2026-07-19 06:19,2.14,true,false,GT 1894 MAX,307.1333333333333,22.0,0.0,PCR|TBMPCR6Stage2|83#603
PCR,2026-07-18,C,18,false,TBMPCR2Stage2,GT 2158 ROYL HYU,215/55R18 UX ROYALE (+1 SKUs),R18,R18,1325221318095HURL0,2,467.0,3,2026-07-19 06:22,2026-07-19 15:12,8.82,true,true,GT 2167 RAN HPE,60.0,60.0,0.0,PCR|TBMPCR2Stage2|49#273
PCR,2026-07-18,C,18,false,TBMPCR6Stage2,GT 1634 XPC TATA,165 R14 ULTIMA XPC TATA TL (+5 SKUs),R14,R14,1D25216814008QXPC0,6,633.0,4,2026-07-19 06:41,2026-07-19 16:08,9.44,true,false,GT1564 NEO,22.0,22.0,0.0,PCR|TBMPCR6Stage2|84#604
PCR,2026-07-18,C,18,false,TBMPCR10Stage2,GT 1513 XPC1 MSIL,155 R13 C ULTIMA XPC1 90/89 S TL (MSIL) (+1 SKUs),R13,R13,1D25215013008SXC10,2,1247.0,8,2026-07-19 06:54,2026-07-20 00:13,17.32,true,false,GT 1503 NEO MSIL,338.8,22.0,0.0,PCR|TBMPCR10Stage2|63#65
PCR,2026-07-19,A,19,false,TBMPCR4Stage2,GT 1482 UHL,145/80 R 12 ULTIMA HI LIFE TL (+13 SKUs),R12,R12,1325214812074TUHL0,14,458.0,3,2026-07-19 07:19,2026-07-19 14:11,6.87,true,false,GT 1402 XPC TATA,28.0,28.0,0.0,PCR|TBMPCR4Stage2|54#448
PCR,2026-07-19,A,19,false,TBMPCR11Stage2,GT 2476 SUP MM,245/75 R16 ELANZO SUPRA,"",R16,1325224716111SELS0,1,615.0,4,2026-07-19 07:24,2026-07-19 20:13,12.81,true,false,GT2266 RAN HT,22.0,22.0,0.0,PCR|TBMPCR11Stage2|40#123
PCR,2026-07-19,A,19,false,TBMPCR3Stage2,GT 1995 ROYL KIA,195/65R15 UX ROYALE (+10 SKUs),R15,R15,1325219515091HURL2,11,462.0,3,2026-07-19 08:04,2026-07-19 15:53,7.83,true,false,GT 1925 XPC1,28.0,28.0,0.0,PCR|TBMPCR3Stage2|49#356
PCR,2026-07-19,A,19,false,TBMPCR9Stage2,GT 2258 RAN HPE,225/55 R 18 Ranger Hpe (+1 SKUs),R 18,R18,1325222318098HRHE0,2,634.0,4,2026-07-19 08:37,2026-07-19 21:39,13.03,true,false,GT 2568 HT2,22.0,22.0,0.0,PCR|TBMPCR9Stage2|43#864
PCR,2026-07-19,A,19,false,TBMPCR7Stage2,GT 1543 XPC1,155 R13 ULTIMA XPC1 TML (+2 SKUs),R13,R13,1D25215013008SXC1T,3,477.0,3,2026-07-19 13:01,2026-07-19 19:38,6.62,true,false,GT 1503 NEO MSIL,23.766666666666666,22.0,0.0,PCR|TBMPCR7Stage2|50#712
PCR,2026-07-19,A,19,false,TBMPCR4Stage2,GT 1412 XPC MM,145 R12 ULTIMA XPC (+6 SKUs),"",R12,1D25114012008QXPC0,7,165.0,1,2026-07-19 14:39,2026-07-19 17:07,2.48,true,false,GT 1482 UHL,28.0,28.0,0.0,PCR|TBMPCR4Stage2|55#449
PCR,2026-07-19,B,19,false,TBMPCR2Stage2,GT 1402 XPC TATA,145 R12 ULTIMA XPC TL TATA (+14 SKUs),R12,R12,1D25214012008QXPCT,15,477.0,3,2026-07-19 16:12,2026-07-19 23:21,7.16,true,true,GT 2158 ROYL HYU,60.0,60.0,0.0,PCR|TBMPCR2Stage2|50#274
PCR,2026-07-19,B,19,false,TBMPCR6Stage2,GT 1894 MAX,185/70 R14 TAXIMAX (+6 SKUs),R14,R14,1325218614088TTMX0,7,150.0,1,2026-07-19 16:30,2026-07-19 18:35,2.08,true,false,GT 1634 XPC TATA,22.0,22.0,0.0,PCR|TBMPCR6Stage2|85#605
PCR,2026-07-19,B,19,false,TBMPCR6Stage2,GT1564 NEO,155/65 R14 ULTIMA NEO,R14,R14,1325215514075TUNE0,1,154.0,1,2026-07-19 18:57,2026-07-19 21:05,2.14,true,false,GT 1894 MAX,22.0,22.0,0.0,PCR|TBMPCR6Stage2|86#606
PCR,2026-07-19,B,19,false,TBMPCR7Stage2,GT 1773 NEO,175/70 R13 ULTIMA NEO,R13,R13,1325217613082TUNE0,1,157.0,1,2026-07-19 20:00,2026-07-19 22:06,2.09,true,false,GT 1543 XPC1,22.0,22.0,0.0,PCR|TBMPCR7Stage2|51#713
PCR,2026-07-19,B,19,false,TBMPCR11Stage2,GT2776 RAN AT,235/70 R16 105T RANGER AT,R16,R16,1325223616105TRAT0,1,160.0,1,2026-07-19 20:35,2026-07-19 23:55,3.33,true,false,GT 2476 SUP MM,22.0,22.0,0.0,PCR|TBMPCR11Stage2|41#124
PCR,2026-07-19,B,19,false,TBMPCR5Stage2,GT 1513 XPC1 MSIL,155 R13 C ULTIMA XPC1 90/89 S TL (MSIL) (+1 SKUs),R13,R13,1D25215013008SXC10,2,1234.0,8,2026-07-19 21:19,2026-07-20 15:49,18.51,false,false,GT 1513 XPC1 MSIL,668.8666666666667,0.0,0.0,PCR|TBMPCR5Stage2|25#508
PCR,2026-07-19,B,19,false,TBMPCR4Stage2,GT 1412 XPC MM,145 R12 ULTIMA XPC (+6 SKUs),"",R12,1D25114012008QXPC0,7,153.0,1,2026-07-19 21:51,2026-07-20 00:09,2.3,false,false,GT 1412 XPC MM,283.6666666666667,0.0,0.0,PCR|TBMPCR4Stage2|55#450
PCR,2026-07-19,B,19,false,TBMPCR9Stage2,GT 2158 ROYL HYU,215/55R18 UX ROYALE (+1 SKUs),R18,R18,1325221318095HURL0,2,476.0,3,2026-07-19 22:01,2026-07-20 06:44,8.73,true,false,GT 2258 RAN HPE,22.0,22.0,0.0,PCR|TBMPCR9Stage2|44#865
PCR,2026-07-19,B,19,false,TBMPCR6Stage2,GT 1844 XPC TML,185 R14 ULTIMA XPC 10 PR (+1 SKUs),R14,R14,1D25218014010RXPCT,2,309.0,2,2026-07-19 22:11,2026-07-20 04:22,6.18,true,false,GT1564 NEO,65.96666666666667,22.0,0.0,PCR|TBMPCR6Stage2|87#607
PCR,2026-07-19,C,19,false,TBMPCR2Stage2,GT 2476 SUP MM,245/75 R16 ELANZO SUPRA,"",R16,1325224716111SELS0,1,615.0,4,2026-07-20 00:21,2026-07-20 13:20,12.98,true,true,GT 1402 XPC TATA,60.0,60.0,0.0,PCR|TBMPCR2Stage2|51#275
PCR,2026-07-19,C,19,false,TBMPCR11Stage2,GT2266 RAN HT,215/65 R16 RANGER HT,R16,R16,1325221516098HRHT0,1,155.0,1,2026-07-20 00:54,2026-07-20 04:05,3.19,true,false,GT2776 RAN AT,59.016666666666666,22.0,0.0,PCR|TBMPCR11Stage2|42#125
PCR,2026-07-19,C,19,false,TBMPCR7Stage2,GT 1583 NEO TATA,155/80 R13 ULTIMA NEO LRR (+2 SKUs),R13,R13,1325215813079TUNE5,3,316.0,2,2026-07-20 02:18,2026-07-20 06:30,4.21,true,false,GT 1773 NEO,251.56666666666666,22.0,0.0,PCR|TBMPCR7Stage2|52#714
PCR,2026-07-19,C,19,false,TBMPCR3Stage2,GT 1925 XPC1,195 R15 ULTIMA XPC1 AL,R15,R15,1225219Z15008SXC11,1,313.0,2,2026-07-20 02:42,2026-07-20 09:45,7.04,true,false,GT 1995 ROYL KIA,648.8833333333333,28.0,0.0,PCR|TBMPCR3Stage2|50#357
PCR,2026-07-19,C,19,false,TBMPCR11Stage2,GT2776 RAN AT,235/70 R16 105T RANGER AT,R16,R16,1325223616105TRAT0,1,160.0,1,2026-07-20 04:27,2026-07-20 07:47,3.33,true,false,GT2266 RAN HT,22.0,22.0,0.0,PCR|TBMPCR11Stage2|43#126
PCR,2026-07-19,C,19,false,TBMPCR10Stage2,GT 1543 XPC1,155 R13 ULTIMA XPC1 TML (+2 SKUs),R13,R13,1D25215013008SXC1T,3,473.0,3,2026-07-20 05:22,2026-07-20 11:57,6.57,true,false,GT 1513 XPC1 MSIL,309.05,22.0,0.0,PCR|TBMPCR10Stage2|64#66
PCR,2026-07-20,A,20,false,TBMPCR9Stage2,GT 2568 HT2,255/65 R 18 Ranger HT2 111 H,R18,R18,1325225518111HRHB0,1,622.0,4,2026-07-20 07:06,2026-07-20 20:45,13.65,true,false,GT 2158 ROYL HYU,22.0,22.0,0.0,PCR|TBMPCR9Stage2|45#866
PCR,2026-07-20,A,20,false,TBMPCR4Stage2,GT 1482 UHL,145/80 R 12 ULTIMA HI LIFE TL (+13 SKUs),R12,R12,1325214812074TUHL0,14,458.0,3,2026-07-20 07:28,2026-07-20 14:20,6.87,true,false,GT 1412 XPC MM,438.76666666666665,28.0,0.0,PCR|TBMPCR4Stage2|56#451
PCR,2026-07-20,A,20,false,TBMPCR11Stage2,GT2266 RAN HT,215/65 R16 RANGER HT,R16,R16,1325221516098HRHT0,1,155.0,1,2026-07-20 08:09,2026-07-20 11:20,3.19,true,false,GT2776 RAN AT,22.0,22.0,0.0,PCR|TBMPCR11Stage2|44#127
PCR,2026-07-20,A,20,false,TBMPCR7Stage2,GT 1543 XPC1,155 R13 ULTIMA XPC1 TML (+2 SKUs),R13,R13,1D25215013008SXC1T,3,477.0,3,2026-07-20 09:23,2026-07-20 16:00,6.62,true,false,GT 1583 NEO TATA,172.58333333333334,22.0,0.0,PCR|TBMPCR7Stage2|53#715
PCR,2026-07-20,A,20,false,TBMPCR3Stage2,GT1915 LT XPC1,195 R15 ULTIMA XPC1,"",R15,1225219Z15008SXC10,1,156.0,1,2026-07-20 10:13,2026-07-20 13:43,3.51,true,false,GT 1925 XPC1,28.0,28.0,0.0,PCR|TBMPCR3Stage2|51#358
PCR,2026-07-20,A,20,false,TBMPCR11Stage2,GT 2366 ROYL,235/65 R16 UX ROYALE (+1 SKUs),R16,R16,1325223516103TURL0,2,160.0,1,2026-07-20 11:42,2026-07-20 14:59,3.29,true,false,GT2266 RAN HT,22.0,22.0,0.0,PCR|TBMPCR11Stage2|45#128
PCR,2026-07-20,A,20,false,TBMPCR8Stage2,GT 2267 ROYL HYU,215/60 R17 UX ROYALE HYUNDAI (+9 SKUs),R17,R17,1325221417096HURL0,10,804.0,5,2026-07-20 12:11,2026-07-21 02:02,13.85,true,true,GT 1765 ROYL,42.0,42.0,0.0,PCR|TBMPCR8Stage2|53#800
PCR,2026-07-20,A,20,false,TBMPCR6Stage2,GT 1894 MAX,185/70 R14 TAXIMAX (+6 SKUs),R14,R14,1325218614088TTMX0,7,150.0,1,2026-07-20 13:33,2026-07-20 15:38,2.08,true,false,GT 1844 XPC TML,550.7833333333333,22.0,0.0,PCR|TBMPCR6Stage2|88#608
PCR,2026-07-20,A,20,false,TBMPCR10Stage2,GT 1513 XPC1 MSIL,155 R13 C ULTIMA XPC1 90/89 S TL (MSIL) (+1 SKUs),R13,R13,1D25215013008SXC10,2,3704.0,24,2026-07-20 14:18,2026-07-22 17:45,51.44,true,false,GT 1543 XPC1,141.4,22.0,0.0,PCR|TBMPCR10Stage2|65#67
PCR,2026-07-20,A,20,false,TBMPCR2Stage2,GT 2158 ROYL HYU,215/55R18 UX ROYALE (+1 SKUs),R18,R18,1325221318095HURL0,2,465.0,3,2026-07-20 14:20,2026-07-20 23:07,8.78,true,true,GT 2476 SUP MM,60.0,60.0,0.0,PCR|TBMPCR2Stage2|52#276
PCR,2026-07-20,A,20,false,TBMPCR4Stage2,GT 1402 XPC TATA,145 R12 ULTIMA XPC TL TATA (+14 SKUs),R12,R12,1D25214012008QXPCT,15,468.0,3,2026-07-20 14:48,2026-07-20 21:49,7.02,true,false,GT 1482 UHL,28.0,28.0,0.0,PCR|TBMPCR4Stage2|57#452
PCR,2026-07-20,B,20,false,TBMPCR11Stage2,GT 2476 SUP MM,245/75 R16 ELANZO SUPRA,"",R16,1325224716111SELS0,1,1225.0,8,2026-07-20 15:21,2026-07-21 16:53,25.52,true,false,GT 2366 ROYL,22.0,22.0,0.0,PCR|TBMPCR11Stage2|46#129
PCR,2026-07-20,B,20,false,TBMPCR1Stage2,GT  T1457 STAR,T145/70 R17 STAR XT (+2 SKUs),R17,R17,1325214617107MSXT0,3,166.0,1,2026-07-20 15:27,2026-07-20 18:21,2.9,true,false,GT 2267 ROYL HYU,79.7,28.0,0.0,PCR|TBMPCR1Stage2|35#197
PCR,2026-07-20,B,20,false,TBMPCR6Stage2,GT 1634 XPC TATA,165 R14 ULTIMA XPC TATA TL (+5 SKUs),R14,R14,1D25216814008QXPC0,6,315.0,2,2026-07-20 16:00,2026-07-20 20:22,4.38,true,false,GT 1894 MAX,22.0,22.0,0.0,PCR|TBMPCR6Stage2|89#609
PCR,2026-07-20,B,20,false,TBMPCR7Stage2,GT 1773 NEO,175/70 R13 ULTIMA NEO,R13,R13,1325217613082TUNE0,1,157.0,1,2026-07-20 16:22,2026-07-20 18:28,2.09,true,false,GT 1543 XPC1,22.0,22.0,0.0,PCR|TBMPCR7Stage2|54#716
PCR,2026-07-20,B,20,false,TBMPCR3Stage2,GT 1765 ROYL,175/65 R15 UX ROYALE (+5 SKUs),R15,R15,1325217515084HURL2,6,656.0,4,2026-07-20 18:16,2026-07-21 05:23,11.12,true,false,GT1915 LT XPC1,272.6666666666667,28.0,0.0,PCR|TBMPCR3Stage2|52#359
PCR,2026-07-20,B,20,false,TBMPCR1Stage2,GT 2167 RAN HPE,215/60R17 RANGER HPE 96 H,R 17,R17,1325221417096HRHE0,1,154.0,1,2026-07-20 18:49,2026-07-20 21:59,3.17,true,false,GT  T1457 STAR,28.0,28.0,0.0,PCR|TBMPCR1Stage2|36#198
PCR,2026-07-20,B,20,false,TBMPCR7Stage2,GT 1543 XPC1,155 R13 ULTIMA XPC1 TML (+2 SKUs),R13,R13,1D25215013008SXC1T,3,472.0,3,2026-07-20 18:50,2026-07-21 01:23,6.56,true,false,GT 1773 NEO,22.0,22.0,0.0,PCR|TBMPCR7Stage2|55#717
PCR,2026-07-20,B,20,false,TBMPCR6Stage2,GT1564 NEO,155/65 R14 ULTIMA NEO,R14,R14,1325215514075TUNE0,1,153.0,1,2026-07-20 20:44,2026-07-20 22:52,2.12,true,false,GT 1634 XPC TATA,22.0,22.0,0.0,PCR|TBMPCR6Stage2|90#610
PCR,2026-07-20,B,20,false,TBMPCR9Stage2,GT 2258 RAN HPE,225/55 R 18 Ranger Hpe (+1 SKUs),R 18,R18,1325222318098HRHE0,2,651.0,4,2026-07-20 21:07,2026-07-21 10:30,13.38,true,false,GT 2568 HT2,22.0,22.0,0.0,PCR|TBMPCR9Stage2|46#867
PCR,2026-07-20,B,20,false,TBMPCR4Stage2,GT 1412 XPC MM,145 R12 ULTIMA XPC (+6 SKUs),"",R12,1D25114012008QXPC0,7,153.0,1,2026-07-20 22:17,2026-07-21 00:35,2.3,true,false,GT 1402 XPC TATA,28.0,28.0,0.0,PCR|TBMPCR4Stage2|58#453
PCR,2026-07-20,B,20,false,TBMPCR1Stage2,GT 2267 ROYL HYU,215/60 R17 UX ROYALE HYUNDAI (+9 SKUs),R17,R17,1325221417096HURL0,10,1720.0,11,2026-07-20 22:27,2026-07-22 05:02,30.58,true,false,GT 2167 RAN HPE,28.0,28.0,0.0,PCR|TBMPCR1Stage2|37#199
PCR,2026-07-20,C,20,false,TBMPCR2Stage2,GT 1482 UHL,145/80 R 12 ULTIMA HI LIFE TL (+13 SKUs),R12,R12,1325214812074TUHL0,14,459.0,3,2026-07-21 00:07,2026-07-21 07:00,6.88,true,true,GT 2158 ROYL HYU,60.0,60.0,0.0,PCR|TBMPCR2Stage2|53#277
PCR,2026-07-20,C,20,false,TBMPCR5Stage2,GT 1503 NEO MSIL,155/80 R13 ULTIMA NEO MSIL (+6 SKUs),R13,R13,1325215813079TUNE3,7,787.0,5,2026-07-21 01:24,2026-07-21 12:33,11.15,true,false,GT 1513 XPC1 MSIL,574.8833333333333,28.0,0.0,PCR|TBMPCR5Stage2|26#509
PCR,2026-07-20,C,20,false,TBMPCR6Stage2,GT 1894 MAX,185/70 R14 TAXIMAX (+6 SKUs),R14,R14,1325218614088TTMX0,7,150.0,1,2026-07-21 02:33,2026-07-21 04:38,2.08,true,false,GT1564 NEO,221.45,22.0,0.0,PCR|TBMPCR6Stage2|91#611
PCR,2026-07-20,C,20,false,TBMPCR8Stage2,GT 1765 ROYL,175/65 R15 UX ROYALE (+5 SKUs),R15,R15,1325217515084HURL2,6,639.0,4,2026-07-21 02:44,2026-07-21 13:12,10.47,true,true,GT 2267 ROYL HYU,42.0,42.0,0.0,PCR|TBMPCR8Stage2|54#801
PCR,2026-07-20,C,20,false,TBMPCR7Stage2,GT 1583 NEO TATA,155/80 R13 ULTIMA NEO LRR (+2 SKUs),R13,R13,1325215813079TUNE5,3,316.0,2,2026-07-21 03:01,2026-07-21 07:14,4.21,true,false,GT 1543 XPC1,97.5,22.0,0.0,PCR|TBMPCR7Stage2|56#718
PCR,2026-07-20,C,20,false,TBMPCR4Stage2,GT 1482 UHL,145/80 R 12 ULTIMA HI LIFE TL (+13 SKUs),R12,R12,1325214812074TUHL0,14,457.0,3,2026-07-21 04:53,2026-07-21 11:44,6.86,true,false,GT 1412 XPC MM,257.8833333333333,28.0,0.0,PCR|TBMPCR4Stage2|59#454
PCR,2026-07-20,C,20,false,TBMPCR6Stage2,GT 1844 XPC TML,185 R14 ULTIMA XPC 10 PR (+1 SKUs),R14,R14,1D25218014010RXPCT,2,309.0,2,2026-07-21 05:00,2026-07-21 11:11,6.18,true,false,GT 1894 MAX,22.0,22.0,0.0,PCR|TBMPCR6Stage2|92#612
PCR,2026-07-21,A,21,false,TBMPCR2Stage2,GT 2568 HT2,255/65 R 18 Ranger HT2 111 H,R18,R18,1325225518111HRHB0,1,465.0,3,2026-07-21 08:00,2026-07-21 18:28,10.46,true,true,GT 1482 UHL,60.0,60.0,0.0,PCR|TBMPCR2Stage2|54#278
PCR,2026-07-21,A,21,false,TBMPCR3Stage2,GT1915 LT XPC1,195 R15 ULTIMA XPC1,"",R15,1225219Z15008SXC10,1,156.0,1,2026-07-21 10:17,2026-07-21 13:48,3.51,true,false,GT 1765 ROYL,293.96666666666664,28.0,0.0,PCR|TBMPCR3Stage2|53#360
PCR,2026-07-21,A,21,false,TBMPCR9Stage2,GT 2158 ROYL HYU,215/55R18 UX ROYALE (+1 SKUs),R18,R18,1325221318095HURL0,2,464.0,3,2026-07-21 10:52,2026-07-21 19:23,8.51,true,false,GT 2258 RAN HPE,22.0,22.0,0.0,PCR|TBMPCR9Stage2|47#868
PCR,2026-07-21,A,21,false,TBMPCR6Stage2,GT 1634 XPC TATA,165 R14 ULTIMA XPC TATA TL (+5 SKUs),R14,R14,1D25216814008QXPC0,6,318.0,2,2026-07-21 11:33,2026-07-21 15:58,4.42,true,false,GT 1844 XPC TML,22.0,22.0,0.0,PCR|TBMPCR6Stage2|93#613
PCR,2026-07-21,A,21,false,TBMPCR4Stage2,GT 1402 XPC TATA,145 R12 ULTIMA XPC TL TATA (+14 SKUs),R12,R12,1D25214012008QXPCT,15,486.0,3,2026-07-21 12:12,2026-07-21 19:29,7.29,true,false,GT 1482 UHL,28.0,28.0,0.0,PCR|TBMPCR4Stage2|60#455
PCR,2026-07-21,A,21,false,TBMPCR7Stage2,GT 1773 NEO,175/70 R13 ULTIMA NEO,R13,R13,1325217613082TUNE0,1,156.0,1,2026-07-21 12:45,2026-07-21 14:50,2.08,true,false,GT 1583 NEO TATA,331.6166666666667,22.0,0.0,PCR|TBMPCR7Stage2|57#719
PCR,2026-07-21,A,21,false,TBMPCR8Stage2,GT 2267 ROYL HYU,215/60 R17 UX ROYALE HYUNDAI (+9 SKUs),R17,R17,1325221417096HURL0,10,152.0,1,2026-07-21 13:54,2026-07-21 16:32,2.62,true,true,GT 1765 ROYL,42.0,42.0,0.0,PCR|TBMPCR8Stage2|55#802
PCR,2026-07-21,A,21,false,TBMPCR3Stage2,GT 1925 XPC1,195 R15 ULTIMA XPC1 AL,R15,R15,1225219Z15008SXC11,1,301.0,2,2026-07-21 14:16,2026-07-21 21:02,6.77,true,false,GT1915 LT XPC1,28.0,28.0,0.0,PCR|TBMPCR3Stage2|54#361
PCR,2026-07-21,B,21,false,TBMPCR11Stage2,GT 2366 ROYL,235/65 R16 UX ROYALE (+1 SKUs),R16,R16,1325223516103TURL0,2,160.0,1,2026-07-21 17:15,2026-07-21 20:32,3.29,true,false,GT 2476 SUP MM,22.0,22.0,0.0,PCR|TBMPCR11Stage2|47#130
PCR,2026-07-21,B,21,false,TBMPCR6Stage2,GT1564 NEO,155/65 R14 ULTIMA NEO,R14,R14,1325215514075TUNE0,1,153.0,1,2026-07-21 17:36,2026-07-21 19:43,2.12,true,false,GT 1634 XPC TATA,97.85,22.0,0.0,PCR|TBMPCR6Stage2|94#614
PCR,2026-07-21,B,21,false,TBMPCR8Stage2,GT 1765 ROYL,175/65 R15 UX ROYALE (+5 SKUs),R15,R15,1325217515084HURL2,6,1329.0,8,2026-07-21 18:38,2026-07-22 16:25,21.78,true,true,GT 2267 ROYL HYU,126.66666666666667,42.0,0.0,PCR|TBMPCR8Stage2|56#803
PCR,2026-07-21,B,21,false,TBMPCR2Stage2,GT 2158 ROYL HYU,215/55R18 UX ROYALE (+1 SKUs),R18,R18,1325221318095HURL0,2,476.0,3,2026-07-21 18:56,2026-07-22 03:55,8.99,true,false,GT 2568 HT2,28.0,28.0,0.0,PCR|TBMPCR2Stage2|55#279
PCR,2026-07-21,B,21,false,TBMPCR9Stage2,GT 2258 RAN HPE,225/55 R 18 Ranger Hpe (+1 SKUs),R 18,R18,1325222318098HRHE0,2,309.0,2,2026-07-21 19:45,2026-07-22 02:06,6.35,true,false,GT 2158 ROYL HYU,22.0,22.0,0.0,PCR|TBMPCR9Stage2|48#869
PCR,2026-07-21,B,21,false,TBMPCR7Stage2,GT 1583 NEO TATA,155/80 R13 ULTIMA NEO LRR (+2 SKUs),R13,R13,1325215813079TUNE5,3,316.0,2,2026-07-21 19:55,2026-07-22 00:08,4.21,true,false,GT 1773 NEO,304.8,22.0,0.0,PCR|TBMPCR7Stage2|58#720
PCR,2026-07-21,B,21,false,TBMPCR6Stage2,GT 1634 XPC TATA,165 R14 ULTIMA XPC TATA TL (+5 SKUs),R14,R14,1D25216814008QXPC0,6,315.0,2,2026-07-21 20:05,2026-07-22 00:28,4.38,true,false,GT1564 NEO,22.0,22.0,0.0,PCR|TBMPCR6Stage2|95#615
PCR,2026-07-21,B,21,false,TBMPCR11Stage2,GT2266 RAN HT,215/65 R16 RANGER HT,R16,R16,1325221516098HRHT0,1,155.0,1,2026-07-21 20:54,2026-07-22 00:05,3.19,true,false,GT 2366 ROYL,22.0,22.0,0.0,PCR|TBMPCR11Stage2|48#131
PCR,2026-07-21,B,21,false,TBMPCR3Stage2,GT 1995 ROYL KIA,195/65R15 UX ROYALE (+10 SKUs),R15,R15,1325219515091HURL2,11,462.0,3,2026-07-21 21:30,2026-07-22 05:20,7.83,true,false,GT 1925 XPC1,28.0,28.0,0.0,PCR|TBMPCR3Stage2|55#362
PCR,2026-07-21,C,21,false,TBMPCR5Stage2,GT 1503 NEO MSIL,155/80 R13 ULTIMA NEO MSIL (+6 SKUs),R13,R13,1325215813079TUNE3,7,802.0,5,2026-07-21 23:18,2026-07-22 10:39,11.36,false,false,GT 1503 NEO MSIL,644.3166666666666,0.0,0.0,PCR|TBMPCR5Stage2|26#510
PCR,2026-07-21,C,21,false,TBMPCR4Stage2,GT 1402 XPC TATA,145 R12 ULTIMA XPC TL TATA (+14 SKUs),R12,R12,1D25214012008QXPCT,15,480.0,3,2026-07-21 23:53,2026-07-22 07:05,7.2,false,false,GT 1402 XPC TATA,263.98333333333335,0.0,0.0,PCR|TBMPCR4Stage2|60#456
PCR,2026-07-21,C,21,false,TBMPCR11Stage2,GT 2366 ROYL,235/65 R16 UX ROYALE (+1 SKUs),R16,R16,1325223516103TURL0,2,160.0,1,2026-07-22 00:27,2026-07-22 03:45,3.29,true,false,GT2266 RAN HT,22.0,22.0,0.0,PCR|TBMPCR11Stage2|49#132
PCR,2026-07-21,C,21,false,TBMPCR7Stage2,GT 1543 XPC1,155 R13 ULTIMA XPC1 TML (+2 SKUs),R13,R13,1D25215013008SXC1T,3,473.0,3,2026-07-22 00:30,2026-07-22 07:04,6.57,true,false,GT 1583 NEO TATA,22.0,22.0,0.0,PCR|TBMPCR7Stage2|59#721
PCR,2026-07-21,C,21,false,TBMPCR9Stage2,GT 2568 HT2,255/65 R 18 Ranger HT2 111 H,R18,R18,1325225518111HRHB0,1,465.0,3,2026-07-22 02:28,2026-07-22 12:40,10.2,true,false,GT 2258 RAN HPE,22.0,22.0,0.0,PCR|TBMPCR9Stage2|49#870
PCR,2026-07-21,C,21,false,TBMPCR11Stage2,GT 2476 SUP MM,245/75 R16 ELANZO SUPRA,"",R16,1325224716111SELS0,1,614.0,4,2026-07-22 05:28,2026-07-22 18:15,12.79,true,false,GT 2366 ROYL,103.2,22.0,0.0,PCR|TBMPCR11Stage2|50#133
PCR,2026-07-21,C,21,false,TBMPCR6Stage2,GT 1894 MAX,185/70 R14 TAXIMAX (+6 SKUs),R14,R14,1325218614088TTMX0,7,150.0,1,2026-07-22 05:33,2026-07-22 07:38,2.08,true,false,GT 1634 XPC TATA,304.8833333333333,22.0,0.0,PCR|TBMPCR6Stage2|96#616
PCR,2026-07-21,C,21,false,TBMPCR3Stage2,GT 1925 XPC1,195 R15 ULTIMA XPC1 AL,R15,R15,1225219Z15008SXC11,1,313.0,2,2026-07-22 05:48,2026-07-22 12:50,7.04,true,false,GT 1995 ROYL KIA,28.0,28.0,0.0,PCR|TBMPCR3Stage2|56#363
PCR,2026-07-21,C,21,false,TBMPCR1Stage2,GT 2167 RAN HPE,215/60R17 RANGER HPE 96 H,R 17,R17,1325221417096HRHE0,1,154.0,1,2026-07-22 05:54,2026-07-22 09:04,3.17,true,false,GT 2267 ROYL HYU,52.15,28.0,0.0,PCR|TBMPCR1Stage2|38#200
PCR,2026-07-21,C,21,false,TBMPCR2Stage2,GT 2267 ROYL HYU,215/60 R17 UX ROYALE HYUNDAI (+9 SKUs),R17,R17,1325221417096HURL0,10,482.0,3,2026-07-22 06:26,2026-07-22 15:00,8.57,true,true,GT 2158 ROYL HYU,150.95,60.0,0.0,PCR|TBMPCR2Stage2|56#280
PCR,2026-07-22,A,22,false,TBMPCR7Stage2,GT 1773 NEO,175/70 R13 ULTIMA NEO,R13,R13,1325217613082TUNE0,1,156.0,1,2026-07-22 07:26,2026-07-22 09:31,2.08,true,false,GT 1543 XPC1,22.0,22.0,0.0,PCR|TBMPCR7Stage2|60#722
PCR,2026-07-22,A,22,false,TBMPCR4Stage2,GT 1482 UHL,145/80 R 12 ULTIMA HI LIFE TL (+13 SKUs),R12,R12,1325214812074TUHL0,14,461.0,3,2026-07-22 07:33,2026-07-22 14:28,6.92,true,false,GT 1402 XPC TATA,28.0,28.0,0.0,PCR|TBMPCR4Stage2|61#457
PCR,2026-07-22,A,22,false,TBMPCR6Stage2,GT1564 NEO,155/65 R14 ULTIMA NEO,R14,R14,1325215514075TUNE0,1,153.0,1,2026-07-22 08:00,2026-07-22 10:07,2.12,true,false,GT 1894 MAX,22.0,22.0,0.0,PCR|TBMPCR6Stage2|97#617
PCR,2026-07-22,A,22,false,TBMPCR1Stage2,GT  T1457 STAR,T145/70 R17 STAR XT (+2 SKUs),R17,R17,1325214617107MSXT0,3,166.0,1,2026-07-22 09:32,2026-07-22 12:26,2.9,true,false,GT 2167 RAN HPE,28.0,28.0,0.0,PCR|TBMPCR1Stage2|39#201
PCR,2026-07-22,A,22,false,TBMPCR6Stage2,GT 1844 XPC TML,185 R14 ULTIMA XPC 10 PR (+1 SKUs),R14,R14,1D25218014010RXPCT,2,309.0,2,2026-07-22 11:49,2026-07-22 18:00,6.18,true,false,GT1564 NEO,102.0,22.0,0.0,PCR|TBMPCR6Stage2|98#618
PCR,2026-07-22,A,22,false,TBMPCR1Stage2,GT 2267 ROYL HYU,215/60 R17 UX ROYALE HYUNDAI (+9 SKUs),R17,R17,1325221417096HURL0,10,788.0,5,2026-07-22 12:54,2026-07-23 02:55,14.01,true,false,GT  T1457 STAR,28.0,28.0,0.0,PCR|TBMPCR1Stage2|40#202
PCR,2026-07-22,A,22,false,TBMPCR9Stage2,GT 2158 ROYL HYU,215/55R18 UX ROYALE (+1 SKUs),R18,R18,1325221318095HURL0,2,466.0,3,2026-07-22 13:02,2026-07-22 21:35,8.54,true,false,GT 2568 HT2,22.0,22.0,0.0,PCR|TBMPCR9Stage2|50#871
PCR,2026-07-22,A,22,false,TBMPCR3Stage2,GT 1765 ROYL,175/65 R15 UX ROYALE (+5 SKUs),R15,R15,1325217515084HURL2,6,691.0,4,2026-07-22 13:18,2026-07-23 01:01,11.71,true,false,GT 1925 XPC1,28.0,28.0,0.0,PCR|TBMPCR3Stage2|57#364
PCR,2026-07-22,B,22,false,TBMPCR5Stage2,GT 1513 XPC1 MSIL,155 R13 C ULTIMA XPC1 90/89 S TL (MSIL) (+1 SKUs),R13,R13,1D25215013008SXC10,2,1256.0,8,2026-07-22 15:52,2026-07-23 10:43,18.84,true,false,GT 1503 NEO MSIL,313.0,28.0,0.0,PCR|TBMPCR5Stage2|27#511
PCR,2026-07-22,B,22,false,TBMPCR2Stage2,GT 1482 UHL,145/80 R 12 ULTIMA HI LIFE TL (+13 SKUs),R12,R12,1325214812074TUHL0,14,458.0,3,2026-07-22 16:00,2026-07-22 22:53,6.87,true,true,GT 2267 ROYL HYU,60.0,60.0,0.0,PCR|TBMPCR2Stage2|57#281
PCR,2026-07-22,B,22,false,TBMPCR8Stage2,GT 2267 ROYL HYU,215/60 R17 UX ROYALE HYUNDAI (+9 SKUs),R17,R17,1325221417096HURL0,10,801.0,5,2026-07-22 17:07,2026-07-23 06:55,13.8,true,true,GT 1765 ROYL,42.0,42.0,0.0,PCR|TBMPCR8Stage2|57#804
PCR,2026-07-22,B,22,false,TBMPCR11Stage2,GT2266 RAN HT,215/65 R16 RANGER HT,R16,R16,1325221516098HRHT0,1,155.0,1,2026-07-22 18:37,2026-07-22 21:48,3.19,true,false,GT 2476 SUP MM,22.0,22.0,0.0,PCR|TBMPCR11Stage2|51#134
PCR,2026-07-22,B,22,false,TBMPCR7Stage2,GT 1543 XPC1,155 R13 ULTIMA XPC1 TML (+2 SKUs),R13,R13,1D25215013008SXC1T,3,475.0,3,2026-07-22 19:03,2026-07-23 01:39,6.6,true,false,GT 1773 NEO,572.2166666666667,22.0,0.0,PCR|TBMPCR7Stage2|61#723
PCR,2026-07-22,B,22,false,TBMPCR4Stage2,GT 1402 XPC TATA,145 R12 ULTIMA XPC TL TATA (+14 SKUs),R12,R12,1D25214012008QXPCT,15,477.0,3,2026-07-22 19:13,2026-07-23 02:23,7.16,true,false,GT 1482 UHL,285.26666666666665,28.0,0.0,PCR|TBMPCR4Stage2|62#458
PCR,2026-07-22,B,22,false,TBMPCR6Stage2,GT 1684 ROYL,165/80 R 14 UX ROYALE,R 14,R14,1325216814085TURL2,1,161.0,1,2026-07-22 20:51,2026-07-22 23:06,2.24,true,false,GT 1844 XPC TML,171.53333333333333,22.0,0.0,PCR|TBMPCR6Stage2|99#619
PCR,2026-07-22,B,22,false,TBMPCR9Stage2,GT 2258 RAN HPE,225/55 R 18 Ranger Hpe (+1 SKUs),R 18,R18,1325222318098HRHE0,2,636.0,4,2026-07-22 21:57,2026-07-23 11:01,13.07,true,false,GT 2158 ROYL HYU,22.0,22.0,0.0,PCR|TBMPCR9Stage2|51#872
PCR,2026-07-22,B,22,false,TBMPCR11Stage2,GT 2366 ROYL,235/65 R16 UX ROYALE (+1 SKUs),R16,R16,1325223516103TURL0,2,160.0,1,2026-07-22 22:10,2026-07-23 01:28,3.29,true,false,GT2266 RAN HT,22.0,22.0,0.0,PCR|TBMPCR11Stage2|52#135
PCR,2026-07-22,B,22,false,TBMPCR10Stage2,GT 1503 NEO MSIL,155/80 R13 ULTIMA NEO MSIL (+6 SKUs),R13,R13,1325215813079TUNE3,7,811.0,5,2026-07-22 22:59,2026-07-23 09:48,10.81,true,false,GT 1513 XPC1 MSIL,314.01666666666665,22.0,0.0,PCR|TBMPCR10Stage2|66#68
PCR,2026-07-22,C,22,false,TBMPCR6Stage2,GT 1894 MAX,185/70 R14 TAXIMAX (+6 SKUs),R14,R14,1325218614088TTMX0,7,150.0,1,2026-07-22 23:28,2026-07-23 01:33,2.08,true,false,GT 1684 ROYL,22.0,22.0,0.0,PCR|TBMPCR6Stage2|100#620
PCR,2026-07-22,C,22,false,TBMPCR2Stage2,GT 2158 ROYL HYU,215/55R18 UX ROYALE (+1 SKUs),R18,R18,1325221318095HURL0,2,476.0,3,2026-07-22 23:53,2026-07-23 08:52,8.99,true,true,GT 1482 UHL,60.0,60.0,0.0,PCR|TBMPCR2Stage2|58#282
PCR,2026-07-22,C,22,false,TBMPCR6Stage2,GT 1634 XPC TATA,165 R14 ULTIMA XPC TATA TL (+5 SKUs),R14,R14,1D25216814008QXPC0,6,315.0,2,2026-07-23 01:55,2026-07-23 06:17,4.38,true,false,GT 1894 MAX,22.0,22.0,0.0,PCR|TBMPCR6Stage2|101#621
PCR,2026-07-22,C,22,false,TBMPCR7Stage2,GT 1773 NEO,175/70 R13 ULTIMA NEO,R13,R13,1325217613082TUNE0,1,156.0,1,2026-07-23 02:01,2026-07-23 04:06,2.08,true,false,GT 1543 XPC1,22.0,22.0,0.0,PCR|TBMPCR7Stage2|62#724
PCR,2026-07-22,C,22,false,TBMPCR3Stage2,GT1915 LT XPC1,195 R15 ULTIMA XPC1,"",R15,1225219Z15008SXC10,1,313.0,2,2026-07-23 02:21,2026-07-23 09:23,7.04,true,false,GT 1765 ROYL,80.21666666666667,28.0,0.0,PCR|TBMPCR3Stage2|58#365
PCR,2026-07-22,C,22,false,TBMPCR11Stage2,GT2266 RAN HT,215/65 R16 RANGER HT,R16,R16,1325221516098HRHT0,1,155.0,1,2026-07-23 03:04,2026-07-23 06:15,3.19,true,false,GT 2366 ROYL,96.06666666666666,22.0,0.0,PCR|TBMPCR11Stage2|53#136
PCR,2026-07-22,C,22,false,TBMPCR1Stage2,GT 2167 RAN HPE,215/60R17 RANGER HPE 96 H,R 17,R17,1325221417096HRHE0,1,154.0,1,2026-07-23 03:23,2026-07-23 06:33,3.17,true,false,GT 2267 ROYL HYU,28.0,28.0,0.0,PCR|TBMPCR1Stage2|41#203
PCR,2026-07-22,C,22,false,TBMPCR7Stage2,GT 1583 NEO TATA,155/80 R13 ULTIMA NEO LRR (+2 SKUs),R13,R13,1325215813079TUNE5,3,332.0,2,2026-07-23 04:28,2026-07-23 08:53,4.43,true,false,GT 1773 NEO,22.0,22.0,0.0,PCR|TBMPCR7Stage2|63#725
PCR,2026-07-22,C,22,false,TBMPCR11Stage2,GT 1916 ROYL,195/60 R16 UX ROYALE 89 H (+2 SKUs),R16,R16,1325219416089HURL1,3,168.0,1,2026-07-23 06:37,2026-07-23 10:01,3.41,true,false,GT2266 RAN HT,22.0,22.0,0.0,PCR|TBMPCR11Stage2|54#137
PCR,2026-07-22,C,22,false,TBMPCR6Stage2,GT 1684 ROYL,165/80 R 14 UX ROYALE,R 14,R14,1325216814085TURL2,1,161.0,1,2026-07-23 06:39,2026-07-23 08:53,2.24,true,false,GT 1634 XPC TATA,22.0,22.0,0.0,PCR|TBMPCR6Stage2|102#622
PCR,2026-07-22,C,22,false,TBMPCR4Stage2,GT 1402 XPC TATA,145 R12 ULTIMA XPC TL TATA (+14 SKUs),R12,R12,1D25214012008QXPCT,15,489.0,3,2026-07-23 06:43,2026-07-23 14:03,7.34,false,false,GT 1402 XPC TATA,259.7833333333333,0.0,0.0,PCR|TBMPCR4Stage2|62#459
PCR,2026-07-23,A,23,false,TBMPCR8Stage2,GT 2267 ROYL HYU,215/60 R17 UX ROYALE HYUNDAI (+9 SKUs),R17,R17,1325221417096HURL0,10,795.0,5,2026-07-23 09:18,2026-07-23 23:00,13.69,false,false,GT 2267 ROYL HYU,143.33333333333334,0.0,0.0,PCR|TBMPCR8Stage2|57#805
PCR,2026-07-23,A,23,false,TBMPCR2Stage2,GT 2568 HT2,255/65 R 18 Ranger HT2 111 H,R18,R18,1325225518111HRHB0,1,332.0,2,2026-07-23 09:20,2026-07-23 16:48,7.47,true,false,GT 2158 ROYL HYU,28.0,28.0,0.0,PCR|TBMPCR2Stage2|59#283
PCR,2026-07-23,A,23,false,TBMPCR3Stage2,GT 1925 XPC1,195 R15 ULTIMA XPC1 AL,R15,R15,1225219Z15008SXC11,1,331.0,2,2026-07-23 10:10,2026-07-23 17:37,7.45,true,false,GT1915 LT XPC1,46.9,28.0,0.0,PCR|TBMPCR3Stage2|59#366
PCR,2026-07-23,A,23,false,TBMPCR11Stage2,GT 2476 SUP MM,245/75 R16 ELANZO SUPRA,"",R16,1325224716111SELS0,1,1294.0,8,2026-07-23 10:23,2026-07-24 13:21,26.96,true,false,GT 1916 ROYL,22.0,22.0,0.0,PCR|TBMPCR11Stage2|55#138
PCR,2026-07-23,A,23,false,TBMPCR6Stage2,GT1564 NEO,155/65 R14 ULTIMA NEO,R14,R14,1325215514075TUNE0,1,153.0,1,2026-07-23 10:50,2026-07-23 12:57,2.12,true,false,GT 1684 ROYL,116.35,22.0,0.0,PCR|TBMPCR6Stage2|103#623
PCR,2026-07-23,A,23,false,TBMPCR9Stage2,GT 2568 HT2,255/65 R 18 Ranger HT2 111 H,R18,R18,1325225518111HRHB0,1,483.0,3,2026-07-23 11:23,2026-07-23 21:59,10.6,true,false,GT 2258 RAN HPE,22.0,22.0,0.0,PCR|TBMPCR9Stage2|52#873
PCR,2026-07-23,A,23,false,TBMPCR6Stage2,GT 1634 XPC TATA,165 R14 ULTIMA XPC TATA TL (+5 SKUs),R14,R14,1D25216814008QXPC0,6,319.0,2,2026-07-23 13:19,2026-07-23 17:45,4.43,true,false,GT1564 NEO,22.0,22.0,0.0,PCR|TBMPCR6Stage2|104#624
PCR,2026-07-23,A,23,false,TBMPCR5Stage2,GT 1513 XPC1 MSIL,155 R13 C ULTIMA XPC1 90/89 S TL (MSIL) (+1 SKUs),R13,R13,1D25215013008SXC10,2,1258.0,8,2026-07-23 13:32,2026-07-24 08:25,18.87,false,false,GT 1513 XPC1 MSIL,169.73333333333332,0.0,0.0,PCR|TBMPCR5Stage2|27#512
PCR,2026-07-23,A,23,false,TBMPCR1Stage2,GT  T1457 STAR,T145/70 R17 STAR XT (+2 SKUs),R17,R17,1325214617107MSXT0,3,166.0,1,2026-07-23 13:48,2026-07-23 16:43,2.9,true,false,GT 2167 RAN HPE,435.8,28.0,0.0,PCR|TBMPCR1Stage2|42#204
PCR,2026-07-23,A,23,false,TBMPCR10Stage2,GT 1543 XPC1,155 R13 ULTIMA XPC1 TML (+2 SKUs),R13,R13,1D25215013008SXC1T,3,478.0,3,2026-07-23 14:11,2026-07-23 20:49,6.64,true,false,GT 1503 NEO MSIL,263.3,22.0,0.0,PCR|TBMPCR10Stage2|67#69
PCR,2026-07-23,A,23,false,TBMPCR4Stage2,GT 1482 UHL,145/80 R 12 ULTIMA HI LIFE TL (+13 SKUs),R12,R12,1325214812074TUHL0,14,461.0,3,2026-07-23 14:31,2026-07-23 21:26,6.92,true,false,GT 1402 XPC TATA,28.0,28.0,0.0,PCR|TBMPCR4Stage2|63#460
PCR,2026-07-23,B,23,false,TBMPCR1Stage2,GT 2367 RAN XATW,235/65 R17 RANGER X-AT 104T,R17,R17,1325223517104TRXT0,1,355.0,2,2026-07-23 17:11,2026-07-24 01:10,7.99,true,false,GT  T1457 STAR,28.0,28.0,0.0,PCR|TBMPCR1Stage2|43#205
PCR,2026-07-23,B,23,false,TBMPCR2Stage2,GT 2476 SUP MM,245/75 R16 ELANZO SUPRA,"",R16,1325224716111SELS0,1,651.0,4,2026-07-23 17:48,2026-07-24 07:33,13.74,true,true,GT 2568 HT2,60.0,60.0,0.0,PCR|TBMPCR2Stage2|60#284
PCR,2026-07-23,B,23,false,TBMPCR3Stage2,GT 1765 ROYL,175/65 R15 UX ROYALE (+5 SKUs),R15,R15,1325217515084HURL2,6,478.0,3,2026-07-23 18:05,2026-07-24 02:11,8.1,true,false,GT 1925 XPC1,28.0,28.0,0.0,PCR|TBMPCR3Stage2|60#367
PCR,2026-07-23,B,23,false,TBMPCR6Stage2,GT 1844 XPC TML,185 R14 ULTIMA XPC 10 PR (+1 SKUs),R14,R14,1D25218014010RXPCT,2,309.0,2,2026-07-23 18:07,2026-07-24 00:18,6.18,true,false,GT 1634 XPC TATA,22.0,22.0,0.0,PCR|TBMPCR6Stage2|105#625
PCR,2026-07-23,B,23,false,TBMPCR7Stage2,GT 1583 NEO TATA,155/80 R13 ULTIMA NEO LRR (+2 SKUs),R13,R13,1325215813079TUNE5,3,333.0,2,2026-07-23 21:03,2026-07-24 01:29,4.44,false,false,GT 1583 NEO TATA,729.95,0.0,0.0,PCR|TBMPCR7Stage2|63#726
PCR,2026-07-23,B,23,false,TBMPCR10Stage2,GT 1503 NEO MSIL,155/80 R13 ULTIMA NEO MSIL (+6 SKUs),R13,R13,1325215813079TUNE3,7,846.0,5,2026-07-23 21:11,2026-07-24 08:28,11.28,true,false,GT 1543 XPC1,22.0,22.0,0.0,PCR|TBMPCR10Stage2|68#70
PCR,2026-07-23,B,23,false,TBMPCR9Stage2,GT 2158 ROYL HYU,215/55R18 UX ROYALE (+1 SKUs),R18,R18,1325221318095HURL0,2,635.0,4,2026-07-23 22:21,2026-07-24 10:00,11.64,true,false,GT 2568 HT2,22.0,22.0,0.0,PCR|TBMPCR9Stage2|53#874
PCR,2026-07-23,B,23,false,TBMPCR4Stage2,GT 1402 XPC TATA,145 R12 ULTIMA XPC TL TATA (+14 SKUs),R12,R12,1D25214012008QXPCT,15,986.0,6,2026-07-23 22:47,2026-07-24 13:35,14.79,true,false,GT 1482 UHL,81.65,28.0,0.0,PCR|TBMPCR4Stage2|64#461
PCR,2026-07-23,C,23,false,TBMPCR6Stage2,GT 1684 ROYL,165/80 R 14 UX ROYALE,R 14,R14,1325216814085TURL2,1,161.0,1,2026-07-24 00:40,2026-07-24 02:54,2.24,true,false,GT 1844 XPC TML,22.0,22.0,0.0,PCR|TBMPCR6Stage2|106#626
PCR,2026-07-23,C,23,false,TBMPCR7Stage2,GT 1773 NEO,175/70 R13 ULTIMA NEO,R13,R13,1325217613082TUNE0,1,312.0,2,2026-07-24 01:51,2026-07-24 06:01,4.16,true,false,GT 1583 NEO TATA,22.0,22.0,0.0,PCR|TBMPCR7Stage2|64#727
PCR,2026-07-23,C,23,false,TBMPCR3Stage2,GT 1925 XPC1,195 R15 ULTIMA XPC1 AL,R15,R15,1225219Z15008SXC11,1,335.0,2,2026-07-24 02:39,2026-07-24 10:11,7.54,true,false,GT 1765 ROYL,28.0,28.0,0.0,PCR|TBMPCR3Stage2|61#368
PCR,2026-07-23,C,23,false,TBMPCR6Stage2,GT1564 NEO,155/65 R14 ULTIMA NEO,R14,R14,1325215514075TUNE0,1,153.0,1,2026-07-24 03:35,2026-07-24 05:43,2.12,true,false,GT 1684 ROYL,41.166666666666664,22.0,0.0,PCR|TBMPCR6Stage2|107#627
PCR,2026-07-23,C,23,false,TBMPCR1Stage2,GT 2167 RAN HPE,215/60R17 RANGER HPE 96 H,R 17,R17,1325221417096HRHE0,1,308.0,2,2026-07-24 04:00,2026-07-24 10:20,6.33,true,false,GT 2367 RAN XATW,170.3,28.0,0.0,PCR|TBMPCR1Stage2|44#206
PCR,2026-07-23,C,23,false,TBMPCR6Stage2,GT 1634 XPC TATA,165 R14 ULTIMA XPC TATA TL (+5 SKUs),R14,R14,1D25216814008QXPC0,6,633.0,4,2026-07-24 06:05,2026-07-24 14:52,8.79,true,false,GT1564 NEO,22.0,22.0,0.0,PCR|TBMPCR6Stage2|108#628
PCR,2026-07-24,A,24,false,TBMPCR7Stage2,GT 1513 XPC1 MSIL,155 R13 C ULTIMA XPC1 90/89 S TL (MSIL) (+1 SKUs),R13,R13,1D25215013008SXC10,2,1257.0,8,2026-07-24 07:53,2026-07-25 01:20,17.46,true,false,GT 1773 NEO,111.81666666666666,22.0,0.0,PCR|TBMPCR7Stage2|65#728
PCR,2026-07-24,A,24,false,TBMPCR2Stage2,GT 2258 RAN HPE,225/55 R 18 Ranger Hpe (+1 SKUs),R 18,R18,1325222318098HRHE0,2,325.0,2,2026-07-24 08:33,2026-07-24 15:19,6.77,true,true,GT 2476 SUP MM,60.0,60.0,0.0,PCR|TBMPCR2Stage2|61#285
PCR,2026-07-24,A,24,false,TBMPCR8Stage2,GT1915 LT XPC1,195 R15 ULTIMA XPC1,"",R15,1225219Z15008SXC10,1,156.0,1,2026-07-24 10:30,2026-07-24 13:56,3.42,true,true,GT 2267 ROYL HYU,690.5333333333333,42.0,0.0,PCR|TBMPCR8Stage2|58#806
PCR,2026-07-24,A,24,false,TBMPCR9Stage2,GT 2568 HT2,255/65 R 18 Ranger HT2 111 H,R18,R18,1325225518111HRHB0,1,507.0,3,2026-07-24 10:53,2026-07-24 22:01,11.13,true,false,GT 2158 ROYL HYU,53.733333333333334,22.0,0.0,PCR|TBMPCR9Stage2|54#875
PCR,2026-07-24,A,24,false,TBMPCR1Stage2,GT 2267 ROYL HYU,215/60 R17 UX ROYALE HYUNDAI (+9 SKUs),R17,R17,1325221417096HURL0,10,796.0,5,2026-07-24 13:12,2026-07-25 03:21,14.15,true,false,GT 2167 RAN HPE,171.4,28.0,0.0,PCR|TBMPCR1Stage2|45#207
PCR,2026-07-24,A,24,false,TBMPCR10Stage2,GT 1543 XPC1,155 R13 ULTIMA XPC1 TML (+2 SKUs),R13,R13,1D25215013008SXC1T,3,482.0,3,2026-07-24 13:58,2026-07-24 20:40,6.69,true,false,GT 1503 NEO MSIL,330.1333333333333,22.0,0.0,PCR|TBMPCR10Stage2|69#71
PCR,2026-07-24,A,24,false,TBMPCR4Stage2,GT 1482 UHL,145/80 R 12 ULTIMA HI LIFE TL (+13 SKUs),R12,R12,1325214812074TUHL0,14,460.0,3,2026-07-24 14:03,2026-07-24 20:57,6.9,true,false,GT 1402 XPC TATA,28.0,28.0,0.0,PCR|TBMPCR4Stage2|65#462
PCR,2026-07-24,A,24,false,TBMPCR11Stage2,GT 1916 ROYL,195/60 R16 UX ROYALE 89 H (+2 SKUs),R16,R16,1325219416089HURL1,3,168.0,1,2026-07-24 14:56,2026-07-24 18:21,3.41,true,false,GT 2476 SUP MM,95.56666666666666,22.0,0.0,PCR|TBMPCR11Stage2|56#139
PCR,2026-07-24,B,24,false,TBMPCR3Stage2,GT 1995 ROYL KIA,195/65R15 UX ROYALE (+10 SKUs),R15,R15,1325219515091HURL2,11,308.0,2,2026-07-24 15:04,2026-07-24 20:17,5.22,true,false,GT 1925 XPC1,292.4166666666667,28.0,0.0,PCR|TBMPCR3Stage2|62#369
PCR,2026-07-24,B,24,false,TBMPCR2Stage2,GT 2158 ROYL HYU,215/55R18 UX ROYALE (+1 SKUs),R18,R18,1325221318095HURL0,2,474.0,3,2026-07-24 16:19,2026-07-25 01:17,8.95,true,false,GT 2258 RAN HPE,60.233333333333334,28.0,0.0,PCR|TBMPCR2Stage2|62#286
PCR,2026-07-24,B,24,false,TBMPCR6Stage2,GT1564 NEO,155/65 R14 ULTIMA NEO,R14,R14,1325215514075TUNE0,1,153.0,1,2026-07-24 16:52,2026-07-24 19:00,2.12,true,false,GT 1634 XPC TATA,120.08333333333333,22.0,0.0,PCR|TBMPCR6Stage2|109#629
PCR,2026-07-24,B,24,false,TBMPCR11Stage2,GT 2366 ROYL,235/65 R16 UX ROYALE (+1 SKUs),R16,R16,1325223516103TURL0,2,159.0,1,2026-07-24 18:43,2026-07-24 21:59,3.27,true,false,GT 1916 ROYL,22.0,22.0,0.0,PCR|TBMPCR11Stage2|57#140
PCR,2026-07-24,B,24,false,TBMPCR6Stage2,GT 1634 XPC TATA,165 R14 ULTIMA XPC TATA TL (+5 SKUs),R14,R14,1D25216814008QXPC0,6,319.0,2,2026-07-24 19:22,2026-07-24 23:48,4.43,true,false,GT1564 NEO,22.0,22.0,0.0,PCR|TBMPCR6Stage2|110#630
PCR,2026-07-24,B,24,false,TBMPCR8Stage2,GT 2455 RAN A/T,215/75 R15 RANGER AT,R15,R15,1325221715100SRAT0,1,158.0,1,2026-07-24 20:28,2026-07-24 23:35,3.12,true,false,GT1915 LT XPC1,392.15,22.0,0.0,PCR|TBMPCR8Stage2|59#807
PCR,2026-07-24,B,24,false,TBMPCR9Stage2,GT 2568 RAN AT,255/65 R18 RANGER AT,R18,R18,1325225518111HRAT0,1,176.0,1,2026-07-24 22:23,2026-07-25 02:15,3.86,true,false,GT 2568 HT2,22.0,22.0,0.0,PCR|TBMPCR9Stage2|55#876
PCR,2026-07-24,C,24,false,TBMPCR10Stage2,GT 1513 XPC1 MSIL,155 R13 C ULTIMA XPC1 90/89 S TL (MSIL) (+1 SKUs),R13,R13,1D25215013008SXC10,2,6416.0,39,2026-07-24 23:10,2026-07-28 17:01,89.86,true,false,GT 1543 XPC1,149.76666666666665,22.0,0.0,PCR|TBMPCR10Stage2|70#72
PCR,2026-07-24,C,24,false,TBMPCR6Stage2,GT 1844 XPC TML,185 R14 ULTIMA XPC 10 PR (+1 SKUs),R14,R14,1D25218014010RXPCT,2,318.0,2,2026-07-25 00:10,2026-07-25 06:31,6.36,true,false,GT 1634 XPC TATA,22.0,22.0,0.0,PCR|TBMPCR6Stage2|111#631
PCR,2026-07-24,C,24,false,TBMPCR11Stage2,GT 1916 ROYL,195/60 R16 UX ROYALE 89 H (+2 SKUs),R16,R16,1325219416089HURL1,3,168.0,1,2026-07-25 01:32,2026-07-25 04:57,3.41,true,false,GT 2366 ROYL,213.33333333333334,22.0,0.0,PCR|TBMPCR11Stage2|58#141
PCR,2026-07-24,C,24,false,TBMPCR4Stage2,GT 1402 XPC TATA,145 R12 ULTIMA XPC TL TATA (+14 SKUs),R12,R12,1D25214012008QXPCT,15,986.0,6,2026-07-25 01:39,2026-07-25 16:26,14.79,true,false,GT 1482 UHL,281.9,28.0,0.0,PCR|TBMPCR4Stage2|66#463
PCR,2026-07-24,C,24,false,TBMPCR2Stage2,GT 2568 HT2,255/65 R 18 Ranger HT2 111 H,R18,R18,1325225518111HRHB0,1,466.0,3,2026-07-25 01:45,2026-07-25 12:14,10.48,true,false,GT 2158 ROYL HYU,28.0,28.0,0.0,PCR|TBMPCR2Stage2|63#287
PCR,2026-07-24,C,24,false,TBMPCR3Stage2,GT 3125 RAN MT,31X10.5 R15 RANGER MT,R15,R15,1325231015109QRMT0,1,167.0,1,2026-07-25 02:24,2026-07-25 05:28,3.06,true,false,GT 1995 ROYL KIA,367.0833333333333,28.0,0.0,PCR|TBMPCR3Stage2|63#370
PCR,2026-07-24,C,24,false,TBMPCR9Stage2,GT 2158 ROYL HYU,215/55R18 UX ROYALE (+1 SKUs),R18,R18,1325221318095HURL0,2,476.0,3,2026-07-25 02:37,2026-07-25 11:20,8.73,true,false,GT 2568 RAN AT,22.0,22.0,0.0,PCR|TBMPCR9Stage2|56#877
PCR,2026-07-24,C,24,false,TBMPCR7Stage2,GT 1543 XPC1,155 R13 ULTIMA XPC1 TML (+2 SKUs),R13,R13,1D25215013008SXC1T,3,988.0,6,2026-07-25 04:20,2026-07-25 18:03,13.72,true,false,GT 1513 XPC1 MSIL,179.63333333333333,22.0,0.0,PCR|TBMPCR7Stage2|66#729
PCR,2026-07-24,C,24,false,TBMPCR11Stage2,GT 2476 SUP MM,245/75 R16 ELANZO SUPRA,"",R16,1325224716111SELS0,1,629.0,4,2026-07-25 05:19,2026-07-25 18:25,13.1,true,false,GT 1916 ROYL,22.0,22.0,0.0,PCR|TBMPCR11Stage2|59#142
PCR,2026-07-24,C,24,false,TBMPCR3Stage2,GT1915 LT XPC1,195 R15 ULTIMA XPC1,"",R15,1225219Z15008SXC10,1,157.0,1,2026-07-25 05:56,2026-07-25 09:28,3.53,true,false,GT 3125 RAN MT,28.0,28.0,0.0,PCR|TBMPCR3Stage2|64#371
PCR,2026-07-24,C,24,false,TBMPCR1Stage2,GT 2267 ROYL HYU,215/60 R17 UX ROYALE HYUNDAI (+9 SKUs),R17,R17,1325221417096HURL0,10,810.0,5,2026-07-25 06:20,2026-07-25 20:44,14.4,false,false,GT 2267 ROYL HYU,179.66666666666666,0.0,0.0,PCR|TBMPCR1Stage2|45#208
PCR,2026-07-25,A,25,false,TBMPCR5Stage2,GT 1503 NEO MSIL,155/80 R13 ULTIMA NEO MSIL (+6 SKUs),R13,R13,1325215813079TUNE3,7,854.0,5,2026-07-25 07:21,2026-07-25 19:27,12.1,true,false,GT 1513 XPC1 MSIL,1376.75,28.0,0.0,PCR|TBMPCR5Stage2|28#513
PCR,2026-07-25,A,25,false,TBMPCR6Stage2,GT 1634 XPC TATA,165 R14 ULTIMA XPC TATA TL (+5 SKUs),R14,R14,1D25216814008QXPC0,6,316.0,2,2026-07-25 08:59,2026-07-25 13:22,4.39,true,false,GT 1844 XPC TML,147.53333333333333,22.0,0.0,PCR|TBMPCR6Stage2|112#632
PCR,2026-07-25,A,25,false,TBMPCR3Stage2,GT 1925 XPC1,195 R15 ULTIMA XPC1 AL,R15,R15,1225219Z15008SXC11,1,330.0,2,2026-07-25 09:56,2026-07-25 17:21,7.42,true,false,GT1915 LT XPC1,28.0,28.0,0.0,PCR|TBMPCR3Stage2|65#372
PCR,2026-07-25,A,25,false,TBMPCR9Stage2,GT 2258 RAN HPE,225/55 R 18 Ranger Hpe (+1 SKUs),R 18,R18,1325222318098HRHE0,2,153.0,1,2026-07-25 11:42,2026-07-25 14:51,3.14,true,false,GT 2158 ROYL HYU,22.0,22.0,0.0,PCR|TBMPCR9Stage2|57#878
PCR,2026-07-25,A,25,false,TBMPCR2Stage2,GT 2258 RAN HPE,225/55 R 18 Ranger Hpe (+1 SKUs),R 18,R18,1325222318098HRHE0,2,171.0,1,2026-07-25 12:42,2026-07-25 16:15,3.56,true,false,GT 2568 HT2,28.0,28.0,0.0,PCR|TBMPCR2Stage2|64#288
PCR,2026-07-25,B,25,false,TBMPCR9Stage2,GT 2568 HT2,255/65 R 18 Ranger HT2 111 H,R18,R18,1325225518111HRHB0,1,507.0,3,2026-07-25 15:13,2026-07-26 02:20,11.13,true,false,GT 2258 RAN HPE,22.0,22.0,0.0,PCR|TBMPCR9Stage2|58#879
PCR,2026-07-25,B,25,false,TBMPCR2Stage2,GT 2158 ROYL HYU,215/55R18 UX ROYALE (+1 SKUs),R18,R18,1325221318095HURL0,2,158.0,1,2026-07-25 16:43,2026-07-25 19:42,2.98,true,false,GT 2258 RAN HPE,28.0,28.0,0.0,PCR|TBMPCR2Stage2|65#289
PCR,2026-07-25,B,25,false,TBMPCR4Stage2,GT 1482 UHL,145/80 R 12 ULTIMA HI LIFE TL (+13 SKUs),R12,R12,1325214812074TUHL0,14,459.0,3,2026-07-25 16:54,2026-07-25 23:47,6.88,true,false,GT 1402 XPC TATA,28.0,28.0,0.0,PCR|TBMPCR4Stage2|67#464
PCR,2026-07-25,B,25,false,TBMPCR3Stage2,GT1915 LT XPC1,195 R15 ULTIMA XPC1,"",R15,1225219Z15008SXC10,1,156.0,1,2026-07-25 17:49,2026-07-25 21:20,3.51,true,false,GT 1925 XPC1,28.0,28.0,0.0,PCR|TBMPCR3Stage2|66#373
PCR,2026-07-25,B,25,false,TBMPCR7Stage2,GT 1773 NEO,175/70 R13 ULTIMA NEO,R13,R13,1325217613082TUNE0,1,169.0,1,2026-07-25 18:25,2026-07-25 20:41,2.25,true,false,GT 1543 XPC1,22.0,22.0,0.0,PCR|TBMPCR7Stage2|67#730
PCR,2026-07-25,B,25,false,TBMPCR2Stage2,GT 2368 EZO TOU,235/60 R18 ELANZO TOURING,R18,R18,1325223418103VETR0,1,181.0,1,2026-07-25 20:30,2026-07-26 00:19,3.82,true,false,GT 2158 ROYL HYU,47.55,28.0,0.0,PCR|TBMPCR2Stage2|66#290
PCR,2026-07-25,B,25,false,TBMPCR6Stage2,GT 1634 XPC TATA,165 R14 ULTIMA XPC TATA TL (+5 SKUs),R14,R14,1D25216814008QXPC0,6,350.0,2,2026-07-25 21:10,2026-07-26 02:01,4.86,false,false,GT 1634 XPC TATA,467.59999999999997,0.0,0.0,PCR|TBMPCR6Stage2|112#633
PCR,2026-07-25,B,25,false,TBMPCR11Stage2,GT 2366 ROYL,235/65 R16 UX ROYALE (+1 SKUs),R16,R16,1325223516103TURL0,2,159.0,1,2026-07-25 22:20,2026-07-26 01:36,3.27,true,false,GT 2476 SUP MM,235.16666666666666,22.0,0.0,PCR|TBMPCR11Stage2|60#143
PCR,2026-07-25,B,25,false,TBMPCR8Stage2,GT 2455 RAN A/T,215/75 R15 RANGER AT,R15,R15,1325221715100SRAT0,1,158.0,1,2026-07-25 22:55,2026-07-26 02:02,3.12,false,false,GT 2455 RAN A/T,1400.7333333333333,0.0,0.0,PCR|TBMPCR8Stage2|59#808
PCR,2026-07-25,C,25,false,TBMPCR2Stage2,GT 2476 SUP MM,245/75 R16 ELANZO SUPRA,"",R16,1325224716111SELS0,1,666.0,4,2026-07-26 01:19,2026-07-26 15:23,14.06,true,true,GT 2368 EZO TOU,60.0,60.0,0.0,PCR|TBMPCR2Stage2|67#291
PCR,2026-07-25,C,25,false,TBMPCR1Stage2,GT 2167 RAN HPE,215/60R17 RANGER HPE 96 H,R 17,R17,1325221417096HRHE0,1,153.0,1,2026-07-26 01:51,2026-07-26 05:00,3.14,true,false,GT 2267 ROYL HYU,306.6,28.0,0.0,PCR|TBMPCR1Stage2|46#209
PCR,2026-07-25,C,25,false,TBMPCR11Stage2,GT 2476 SUP MM,245/75 R16 ELANZO SUPRA,"",R16,1325224716111SELS0,1,663.0,4,2026-07-26 01:58,2026-07-26 15:47,13.81,true,false,GT 2366 ROYL,22.0,22.0,0.0,PCR|TBMPCR11Stage2|61#144
PCR,2026-07-25,C,25,false,TBMPCR6Stage2,GT 1684 ROYL,165/80 R 14 UX ROYALE,R 14,R14,1325216814085TURL2,1,161.0,1,2026-07-26 02:23,2026-07-26 04:37,2.24,true,false,GT 1634 XPC TATA,22.0,22.0,0.0,PCR|TBMPCR6Stage2|113#634
PCR,2026-07-25,C,25,false,TBMPCR9Stage2,GT 2158 ROYL HYU,215/55R18 UX ROYALE (+1 SKUs),R18,R18,1325221318095HURL0,2,698.0,4,2026-07-26 02:42,2026-07-26 15:30,12.8,true,false,GT 2568 HT2,22.0,22.0,0.0,PCR|TBMPCR9Stage2|59#880
PCR,2026-07-25,C,25,false,TBMPCR8Stage2,GT 2267 ROYL HYU,215/60 R17 UX ROYALE HYUNDAI (+9 SKUs),R17,R17,1325221417096HURL0,10,817.0,5,2026-07-26 02:44,2026-07-26 16:49,14.07,true,true,GT 2455 RAN A/T,42.0,42.0,0.0,PCR|TBMPCR8Stage2|60#809
PCR,2026-07-25,C,25,false,TBMPCR3Stage2,GT 1925 XPC1,195 R15 ULTIMA XPC1 AL,R15,R15,1225219Z15008SXC11,1,331.0,2,2026-07-26 02:56,2026-07-26 10:23,7.45,true,false,GT1915 LT XPC1,336.21666666666664,28.0,0.0,PCR|TBMPCR3Stage2|67#374
PCR,2026-07-25,C,25,false,TBMPCR7Stage2,GT 1543 XPC1,155 R13 ULTIMA XPC1 TML (+2 SKUs),R13,R13,1D25215013008SXC1T,3,493.0,3,2026-07-26 03:58,2026-07-26 10:49,6.85,true,false,GT 1773 NEO,437.2833333333333,22.0,0.0,PCR|TBMPCR7Stage2|68#731
PCR,2026-07-25,C,25,false,TBMPCR6Stage2,GT 1844 XPC TML,185 R14 ULTIMA XPC 10 PR (+1 SKUs),R14,R14,1D25218014010RXPCT,2,318.0,2,2026-07-26 04:59,2026-07-26 11:21,6.36,true,false,GT 1684 ROYL,22.0,22.0,0.0,PCR|TBMPCR6Stage2|114#635
PCR,2026-07-25,C,25,false,TBMPCR4Stage2,GT 1412 XPC MM,145 R12 ULTIMA XPC (+6 SKUs),"",R12,1D25114012008QXPC0,7,159.0,1,2026-07-26 05:25,2026-07-26 07:48,2.38,true,false,GT 1482 UHL,338.1,28.0,0.0,PCR|TBMPCR4Stage2|68#465
PCR,2026-07-25,C,25,false,TBMPCR1Stage2,GT 2367 RAN XATW,235/65 R17 RANGER X-AT 104T,R17,R17,1325223517104TRXT0,1,177.0,1,2026-07-26 05:28,2026-07-26 09:27,3.98,true,false,GT 2167 RAN HPE,28.0,28.0,0.0,PCR|TBMPCR1Stage2|47#210
PCR,2026-07-25,C,25,false,TBMPCR5Stage2,GT 1503 NEO MSIL,155/80 R13 ULTIMA NEO MSIL (+6 SKUs),R13,R13,1325215813079TUNE3,7,872.0,5,2026-07-26 05:50,2026-07-26 18:11,12.35,false,false,GT 1503 NEO MSIL,622.9666666666667,0.0,0.0,PCR|TBMPCR5Stage2|28#514
PCR,2026-07-26,A,26,false,TBMPCR4Stage2,GT 1402 XPC TATA,145 R12 ULTIMA XPC TL TATA (+14 SKUs),R12,R12,1D25214012008QXPCT,15,521.0,3,2026-07-26 08:16,2026-07-26 16:05,7.82,true,false,GT 1412 XPC MM,28.0,28.0,0.0,PCR|TBMPCR4Stage2|69#466
PCR,2026-07-26,A,26,false,TBMPCR3Stage2,GT1915 LT XPC1,195 R15 ULTIMA XPC1,"",R15,1225219Z15008SXC10,1,157.0,1,2026-07-26 10:51,2026-07-26 14:23,3.53,true,false,GT 1925 XPC1,28.0,28.0,0.0,PCR|TBMPCR3Stage2|68#375
PCR,2026-07-26,A,26,false,TBMPCR7Stage2,GT 1583 NEO TATA,155/80 R13 ULTIMA NEO LRR (+2 SKUs),R13,R13,1325215813079TUNE5,3,366.0,2,2026-07-26 11:11,2026-07-26 16:03,4.88,true,false,GT 1543 XPC1,22.0,22.0,0.0,PCR|TBMPCR7Stage2|69#732
PCR,2026-07-26,A,26,false,TBMPCR6Stage2,GT 1684 ROYL,165/80 R 14 UX ROYALE,R 14,R14,1325216814085TURL2,1,154.0,1,2026-07-26 11:43,2026-07-26 13:51,2.14,true,false,GT 1844 XPC TML,22.0,22.0,0.0,PCR|TBMPCR6Stage2|115#636
PCR,2026-07-26,A,26,false,TBMPCR1Stage2,GT 2367 RAN XATW,235/65 R17 RANGER X-AT 104T,R17,R17,1325223517104TRXT0,1,177.0,1,2026-07-26 13:55,2026-07-26 17:54,3.98,false,false,GT 2367 RAN XATW,268.6,0.0,0.0,PCR|TBMPCR1Stage2|47#211
PCR,2026-07-26,A,26,false,TBMPCR3Stage2,GT 1925 XPC1,195 R15 ULTIMA XPC1 AL,R15,R15,1225219Z15008SXC11,1,335.0,2,2026-07-26 14:51,2026-07-26 22:23,7.54,true,false,GT1915 LT XPC1,28.0,28.0,0.0,PCR|TBMPCR3Stage2|69#376
PCR,2026-07-26,B,26,false,TBMPCR6Stage2,GT 1634 XPC TATA,165 R14 ULTIMA XPC TATA TL (+5 SKUs),R14,R14,1D25216814008QXPC0,6,319.0,2,2026-07-26 15:21,2026-07-26 19:47,4.43,true,false,GT 1684 ROYL,89.68333333333334,22.0,0.0,PCR|TBMPCR6Stage2|116#637
PCR,2026-07-26,B,26,false,TBMPCR9Stage2,GT 2258 RAN HPE,225/55 R 18 Ranger Hpe (+1 SKUs),R 18,R18,1325222318098HRHE0,2,171.0,1,2026-07-26 15:52,2026-07-26 19:23,3.52,true,false,GT 2158 ROYL HYU,22.0,22.0,0.0,PCR|TBMPCR9Stage2|60#881
PCR,2026-07-26,B,26,false,TBMPCR2Stage2,GT 2568 HT2,255/65 R 18 Ranger HT2 111 H,R18,R18,1325225518111HRHB0,1,333.0,2,2026-07-26 16:23,2026-07-26 23:52,7.49,true,true,GT 2476 SUP MM,60.0,60.0,0.0,PCR|TBMPCR2Stage2|68#292
PCR,2026-07-26,B,26,false,TBMPCR7Stage2,GT 1773 NEO,175/70 R13 ULTIMA NEO,R13,R13,1325217613082TUNE0,1,169.0,1,2026-07-26 16:25,2026-07-26 18:41,2.25,true,false,GT 1583 NEO TATA,22.0,22.0,0.0,PCR|TBMPCR7Stage2|70#733
PCR,2026-07-26,B,26,false,TBMPCR11Stage2,GT 1916 ROYL,195/60 R16 UX ROYALE 89 H (+2 SKUs),R16,R16,1325219416089HURL1,3,168.0,1,2026-07-26 16:53,2026-07-26 20:17,3.41,true,false,GT 2476 SUP MM,65.88333333333333,22.0,0.0,PCR|TBMPCR11Stage2|62#145
PCR,2026-07-26,B,26,false,TBMPCR1Stage2,GT  T1457 STAR,T145/70 R17 STAR XT (+2 SKUs),R17,R17,1325214617107MSXT0,3,175.0,1,2026-07-26 18:22,2026-07-26 21:26,3.06,true,false,GT 2367 RAN XATW,28.0,28.0,0.0,PCR|TBMPCR1Stage2|48#212
PCR,2026-07-26,B,26,false,TBMPCR7Stage2,GT 1543 XPC1,155 R13 ULTIMA XPC1 TML (+2 SKUs),R13,R13,1D25215013008SXC1T,3,493.0,3,2026-07-26 19:03,2026-07-27 01:54,6.85,true,false,GT 1773 NEO,22.0,22.0,0.0,PCR|TBMPCR7Stage2|71#734
PCR,2026-07-26,B,26,false,TBMPCR4Stage2,GT 1482 UHL,145/80 R 12 ULTIMA HI LIFE TL (+13 SKUs),R12,R12,1325214812074TUHL0,14,475.0,3,2026-07-26 19:52,2026-07-27 02:59,7.12,true,false,GT 1402 XPC TATA,226.4,28.0,0.0,PCR|TBMPCR4Stage2|70#467
PCR,2026-07-26,B,26,false,TBMPCR6Stage2,GT 1854 XPC TT,185 R 14 Ultima XPC 10 PR TT (+1 SKUs),R14,R14,1D25118014010RXPC0,2,163.0,1,2026-07-26 20:09,2026-07-26 23:25,3.26,true,false,GT 1634 XPC TATA,22.0,22.0,0.0,PCR|TBMPCR6Stage2|117#638
PCR,2026-07-26,B,26,false,TBMPCR9Stage2,GT 2368 EZO TOU,235/60 R18 ELANZO TOURING,R18,R18,1325223418103VETR0,1,181.0,1,2026-07-26 20:24,2026-07-27 00:11,3.77,true,false,GT 2258 RAN HPE,61.21666666666667,22.0,0.0,PCR|TBMPCR9Stage2|61#882
PCR,2026-07-26,B,26,false,TBMPCR11Stage2,GT 2366 ROYL,235/65 R16 UX ROYALE (+1 SKUs),R16,R16,1325223516103TURL0,2,159.0,1,2026-07-26 20:39,2026-07-26 23:55,3.27,true,false,GT 1916 ROYL,22.0,22.0,0.0,PCR|TBMPCR11Stage2|63#146
PCR,2026-07-26,B,26,false,TBMPCR1Stage2,GT 2167 RAN HPE,215/60R17 RANGER HPE 96 H,R 17,R17,1325221417096HRHE0,1,153.0,1,2026-07-26 21:54,2026-07-27 01:03,3.14,true,false,GT  T1457 STAR,28.0,28.0,0.0,PCR|TBMPCR1Stage2|49#213
PCR,2026-07-26,B,26,false,TBMPCR3Stage2,GT 3125 RAN MT,31X10.5 R15 RANGER MT,R15,R15,1325231015109QRMT0,1,167.0,1,2026-07-26 22:51,2026-07-27 01:55,3.06,true,false,GT 1925 XPC1,28.0,28.0,0.0,PCR|TBMPCR3Stage2|70#377
PCR,2026-07-26,C,26,false,TBMPCR11Stage2,GT 2476 SUP MM,245/75 R16 ELANZO SUPRA,"",R16,1325224716111SELS0,1,650.0,4,2026-07-27 00:18,2026-07-27 13:50,13.54,true,false,GT 2366 ROYL,22.133333333333333,22.0,0.0,PCR|TBMPCR11Stage2|64#147
PCR,2026-07-26,C,26,false,TBMPCR9Stage2,GT 2158 ROYL HYU,215/55R18 UX ROYALE (+1 SKUs),R18,R18,1325221318095HURL0,2,1014.0,6,2026-07-27 00:33,2026-07-27 19:08,18.59,true,false,GT 2368 EZO TOU,22.0,22.0,0.0,PCR|TBMPCR9Stage2|62#883
PCR,2026-07-26,C,26,false,TBMPCR2Stage2,GT 2568 HT2,255/65 R 18 Ranger HT2 111 H,R18,R18,1325225518111HRHB0,1,489.0,3,2026-07-27 00:58,2026-07-27 11:58,11.0,false,false,GT 2568 HT2,65.4,0.0,0.0,PCR|TBMPCR2Stage2|68#293
PCR,2026-07-26,C,26,false,TBMPCR8Stage2,GT 2455 RAN A/T,215/75 R15 RANGER AT,R15,R15,1325221715100SRAT0,1,158.0,1,2026-07-27 01:23,2026-07-27 04:30,3.12,true,true,GT 2267 ROYL HYU,514.5,42.0,0.0,PCR|TBMPCR8Stage2|61#810
PCR,2026-07-26,C,26,false,TBMPCR1Stage2,GT 2267 ROYL HYU,215/60 R17 UX ROYALE HYUNDAI (+9 SKUs),R17,R17,1325221417096HURL0,10,818.0,5,2026-07-27 01:31,2026-07-27 16:03,14.54,true,false,GT 2167 RAN HPE,28.0,28.0,0.0,PCR|TBMPCR1Stage2|50#214
PCR,2026-07-26,C,26,false,TBMPCR6Stage2,GT 1684 ROYL,165/80 R 14 UX ROYALE,R 14,R14,1325216814085TURL2,1,160.0,1,2026-07-27 02:16,2026-07-27 04:30,2.22,true,false,GT 1854 XPC TT,171.86666666666667,22.0,0.0,PCR|TBMPCR6Stage2|118#639
PCR,2026-07-26,C,26,false,TBMPCR3Stage2,GT1915 LT XPC1,195 R15 ULTIMA XPC1,"",R15,1225219Z15008SXC10,1,156.0,1,2026-07-27 02:33,2026-07-27 06:04,3.51,true,false,GT 3125 RAN MT,38.28333333333333,28.0,0.0,PCR|TBMPCR3Stage2|71#378
PCR,2026-07-26,C,26,false,TBMPCR5Stage2,GT 1503 NEO MSIL,155/80 R13 ULTIMA NEO MSIL (+6 SKUs),R13,R13,1325215813079TUNE3,7,871.0,5,2026-07-27 04:17,2026-07-27 16:37,12.34,false,false,GT 1503 NEO MSIL,605.5,0.0,0.0,PCR|TBMPCR5Stage2|28#515
PCR,2026-07-26,C,26,false,TBMPCR7Stage2,GT 1773 NEO,175/70 R13 ULTIMA NEO,R13,R13,1325217613082TUNE0,1,169.0,1,2026-07-27 04:36,2026-07-27 06:51,2.25,true,false,GT 1543 XPC1,162.05,22.0,0.0,PCR|TBMPCR7Stage2|72#735
PCR,2026-07-26,C,26,false,TBMPCR6Stage2,GT 1844 XPC TML,185 R14 ULTIMA XPC 10 PR (+1 SKUs),R14,R14,1D25218014010RXPCT,2,328.0,2,2026-07-27 04:52,2026-07-27 11:25,6.56,true,false,GT 1684 ROYL,22.0,22.0,0.0,PCR|TBMPCR6Stage2|119#640
PCR,2026-07-26,C,26,false,TBMPCR3Stage2,GT 1925 XPC1,195 R15 ULTIMA XPC1 AL,R15,R15,1225219Z15008SXC11,1,669.0,4,2026-07-27 06:32,2026-07-27 21:35,15.05,true,false,GT1915 LT XPC1,28.0,28.0,0.0,PCR|TBMPCR3Stage2|72#379
PCR,2026-07-27,A,27,false,TBMPCR7Stage2,GT 1543 XPC1,155 R13 ULTIMA XPC1 TML (+2 SKUs),R13,R13,1D25215013008SXC1T,3,493.0,3,2026-07-27 07:13,2026-07-27 14:04,6.85,true,false,GT 1773 NEO,22.0,22.0,0.0,PCR|TBMPCR7Stage2|73#736
PCR,2026-07-27,A,27,false,TBMPCR4Stage2,GT 1412 XPC MM,145 R12 ULTIMA XPC (+6 SKUs),"",R12,1D25114012008QXPC0,7,159.0,1,2026-07-27 08:42,2026-07-27 11:05,2.38,true,false,GT 1482 UHL,343.15,28.0,0.0,PCR|TBMPCR4Stage2|71#468
PCR,2026-07-27,A,27,false,TBMPCR4Stage2,GT 1402 XPC TATA,145 R12 ULTIMA XPC TL TATA (+14 SKUs),R12,R12,1D25214012008QXPCT,15,521.0,3,2026-07-27 11:33,2026-07-27 19:22,7.82,true,false,GT 1412 XPC MM,28.0,28.0,0.0,PCR|TBMPCR4Stage2|72#469
PCR,2026-07-27,A,27,false,TBMPCR6Stage2,GT 1684 ROYL,165/80 R 14 UX ROYALE,R 14,R14,1325216814085TURL2,1,154.0,1,2026-07-27 11:47,2026-07-27 13:56,2.14,true,false,GT 1844 XPC TML,22.0,22.0,0.0,PCR|TBMPCR6Stage2|120#641
PCR,2026-07-27,A,27,false,TBMPCR2Stage2,GT 2568 RAN AT,255/65 R18 RANGER AT,R18,R18,1325225518111HRAT0,1,176.0,1,2026-07-27 12:26,2026-07-27 16:24,3.96,true,false,GT 2568 HT2,28.0,28.0,0.0,PCR|TBMPCR2Stage2|69#294
PCR,2026-07-27,A,27,false,TBMPCR6Stage2,GT 1854 XPC TT,185 R 14 Ultima XPC 10 PR TT (+1 SKUs),R14,R14,1D25118014010RXPC0,2,163.0,1,2026-07-27 14:18,2026-07-27 17:33,3.26,true,false,GT 1684 ROYL,22.0,22.0,0.0,PCR|TBMPCR6Stage2|121#642
PCR,2026-07-27,A,27,false,TBMPCR7Stage2,GT 1773 NEO,175/70 R13 ULTIMA NEO,R13,R13,1325217613082TUNE0,1,169.0,1,2026-07-27 14:26,2026-07-27 16:41,2.25,true,false,GT 1543 XPC1,22.0,22.0,0.0,PCR|TBMPCR7Stage2|74#737
PCR,2026-07-27,B,27,false,TBMPCR2Stage2,GT 2258 RAN HPE,225/55 R 18 Ranger Hpe (+1 SKUs),R 18,R18,1325222318098HRHE0,2,171.0,1,2026-07-27 16:52,2026-07-27 20:25,3.56,true,false,GT 2568 RAN AT,28.0,28.0,0.0,PCR|TBMPCR2Stage2|70#295
PCR,2026-07-27,B,27,false,TBMPCR7Stage2,GT 1583 NEO TATA,155/80 R13 ULTIMA NEO LRR (+2 SKUs),R13,R13,1325215813079TUNE5,3,730.0,4,2026-07-27 17:03,2026-07-28 02:56,9.88,true,false,GT 1773 NEO,22.0,22.0,0.0,PCR|TBMPCR7Stage2|75#738
PCR,2026-07-27,B,27,false,TBMPCR11Stage2,GT 1916 ROYL,195/60 R16 UX ROYALE 89 H (+2 SKUs),R16,R16,1325219416089HURL1,3,167.0,1,2026-07-27 17:52,2026-07-27 21:15,3.39,true,false,GT 2476 SUP MM,242.26666666666665,22.0,0.0,PCR|TBMPCR11Stage2|65#148
PCR,2026-07-27,B,27,false,TBMPCR9Stage2,GT 2568 HT2,255/65 R 18 Ranger HT2 111 H,R18,R18,1325225518111HRHB0,1,350.0,2,2026-07-27 19:30,2026-07-28 03:11,7.68,true,false,GT 2158 ROYL HYU,22.0,22.0,0.0,PCR|TBMPCR9Stage2|63#884
PCR,2026-07-27,B,27,false,TBMPCR6Stage2,GT 1634 XPC TATA,165 R14 ULTIMA XPC TATA TL (+5 SKUs),R14,R14,1D25216814008QXPC0,6,350.0,2,2026-07-27 19:34,2026-07-28 00:26,4.86,true,false,GT 1854 XPC TT,121.05,22.0,0.0,PCR|TBMPCR6Stage2|122#643
PCR,2026-07-27,B,27,false,TBMPCR4Stage2,GT 1482 UHL,145/80 R 12 ULTIMA HI LIFE TL (+13 SKUs),R12,R12,1325214812074TUHL0,14,475.0,3,2026-07-27 19:50,2026-07-28 02:58,7.12,true,false,GT 1402 XPC TATA,28.0,28.0,0.0,PCR|TBMPCR4Stage2|73#470
PCR,2026-07-27,B,27,false,TBMPCR1Stage2,GT  T1457 STAR,T145/70 R17 STAR XT (+2 SKUs),R17,R17,1325214617107MSXT0,3,175.0,1,2026-07-27 20:15,2026-07-27 23:19,3.06,true,false,GT 2267 ROYL HYU,252.01666666666665,28.0,0.0,PCR|TBMPCR1Stage2|51#215
PCR,2026-07-27,B,27,false,TBMPCR2Stage2,GT 2368 EZO TOU,235/60 R18 ELANZO TOURING,R18,R18,1325223418103VETR0,1,180.0,1,2026-07-27 20:53,2026-07-28 00:41,3.8,true,false,GT 2258 RAN HPE,28.0,28.0,0.0,PCR|TBMPCR2Stage2|71#296
PCR,2026-07-27,B,27,false,TBMPCR11Stage2,GT 2476 SUP MM,245/75 R16 ELANZO SUPRA,"",R16,1325224716111SELS0,1,632.0,4,2026-07-27 21:37,2026-07-28 10:47,13.17,true,false,GT 1916 ROYL,22.0,22.0,0.0,PCR|TBMPCR11Stage2|66#149
PCR,2026-07-27,B,27,false,TBMPCR3Stage2,GT 1925 XPC1,195 R15 ULTIMA XPC1 AL,R15,R15,1225219Z15008SXC11,1,331.0,2,2026-07-27 22:56,2026-07-28 06:23,7.45,false,false,GT 1925 XPC1,81.51666666666667,0.0,0.0,PCR|TBMPCR3Stage2|72#380
PCR,2026-07-27,C,27,false,TBMPCR1Stage2,GT 2267 ROYL HYU,215/60 R17 UX ROYALE HYUNDAI (+9 SKUs),R17,R17,1325221417096HURL0,10,814.0,5,2026-07-27 23:47,2026-07-28 14:15,14.47,true,false,GT  T1457 STAR,28.0,28.0,0.0,PCR|TBMPCR1Stage2|52#216
PCR,2026-07-27,C,27,false,TBMPCR6Stage2,GT 1684 ROYL,165/80 R 14 UX ROYALE,R 14,R14,1325216814085TURL2,1,474.0,3,2026-07-28 00:48,2026-07-28 07:38,6.83,true,false,GT 1634 XPC TATA,22.0,22.0,0.0,PCR|TBMPCR6Stage2|123#644
PCR,2026-07-27,C,27,false,TBMPCR2Stage2,GT 2258 RAN HPE,225/55 R 18 Ranger Hpe (+1 SKUs),R 18,R18,1325222318098HRHE0,2,325.0,2,2026-07-28 01:32,2026-07-28 08:19,6.77,true,false,GT 2368 EZO TOU,50.983333333333334,28.0,0.0,PCR|TBMPCR2Stage2|72#297
PCR,2026-07-27,C,27,false,TBMPCR5Stage2,GT 1503 NEO MSIL,155/80 R13 ULTIMA NEO MSIL (+6 SKUs),R13,R13,1325215813079TUNE3,7,877.0,5,2026-07-28 02:45,2026-07-28 15:11,12.42,false,false,GT 1503 NEO MSIL,608.05,0.0,0.0,PCR|TBMPCR5Stage2|28#516
PCR,2026-07-27,C,27,false,TBMPCR7Stage2,GT 1543 XPC1,155 R13 ULTIMA XPC1 TML (+2 SKUs),R13,R13,1D25215013008SXC1T,3,508.0,3,2026-07-28 03:18,2026-07-28 10:21,7.06,true,false,GT 1583 NEO TATA,22.0,22.0,0.0,PCR|TBMPCR7Stage2|76#739
PCR,2026-07-27,C,27,false,TBMPCR4Stage2,GT 1402 XPC TATA,145 R12 ULTIMA XPC TL TATA (+14 SKUs),R12,R12,1D25214012008QXPCT,15,520.0,3,2026-07-28 03:26,2026-07-28 11:14,7.8,true,false,GT 1482 UHL,28.0,28.0,0.0,PCR|TBMPCR4Stage2|74#471
PCR,2026-07-27,C,27,false,TBMPCR9Stage2,GT 2158 ROYL HYU,215/55R18 UX ROYALE (+1 SKUs),R18,R18,1325221318095HURL0,2,476.0,3,2026-07-28 03:33,2026-07-28 12:16,8.73,true,false,GT 2568 HT2,22.0,22.0,0.0,PCR|TBMPCR9Stage2|64#885
PCR,2026-07-27,C,27,false,TBMPCR8Stage2,GT 2455 RAN A/T,215/75 R15 RANGER AT,R15,R15,1325221715100SRAT0,1,158.0,1,2026-07-28 03:51,2026-07-28 06:58,3.12,false,false,GT 2455 RAN A/T,1400.7333333333333,0.0,0.0,PCR|TBMPCR8Stage2|61#811
PCR,2026-07-27,C,27,false,TBMPCR3Stage2,GT1915 LT XPC1,195 R15 ULTIMA XPC1,"",R15,1225219Z15008SXC10,1,156.0,1,2026-07-28 06:51,2026-07-28 10:22,3.51,true,false,GT 1925 XPC1,28.0,28.0,0.0,PCR|TBMPCR3Stage2|73#381
PCR,2026-07-28,A,28,false,TBMPCR6Stage2,GT 1634 XPC TATA,165 R14 ULTIMA XPC TATA TL (+5 SKUs),R14,R14,1D25216814008QXPC0,6,318.0,2,2026-07-28 08:00,2026-07-28 12:25,4.42,true,false,GT 1684 ROYL,22.0,22.0,0.0,PCR|TBMPCR6Stage2|124#645
PCR,2026-07-28,A,28,false,TBMPCR2Stage2,GT 2368 EZO TOU,235/60 R18 ELANZO TOURING,R18,R18,1325223418103VETR0,1,181.0,1,2026-07-28 08:47,2026-07-28 12:36,3.82,true,false,GT 2258 RAN HPE,28.0,28.0,0.0,PCR|TBMPCR2Stage2|73#298
PCR,2026-07-28,A,28,false,TBMPCR7Stage2,GT 1773 NEO,175/70 R13 ULTIMA NEO,R13,R13,1325217613082TUNE0,1,169.0,1,2026-07-28 10:43,2026-07-28 12:58,2.25,true,false,GT 1543 XPC1,22.0,22.0,0.0,PCR|TBMPCR7Stage2|77#740
PCR,2026-07-28,A,28,false,TBMPCR4Stage2,GT 1412 XPC MM,145 R12 ULTIMA XPC (+6 SKUs),"",R12,1D25114012008QXPC0,7,159.0,1,2026-07-28 12:15,2026-07-28 14:38,2.38,true,false,GT 1402 XPC TATA,61.63333333333333,28.0,0.0,PCR|TBMPCR4Stage2|75#472
PCR,2026-07-28,A,28,false,TBMPCR9Stage2,GT 2568 HT2,255/65 R 18 Ranger HT2 111 H,R18,R18,1325225518111HRHB0,1,488.0,3,2026-07-28 12:38,2026-07-28 23:21,10.71,true,false,GT 2158 ROYL HYU,22.0,22.0,0.0,PCR|TBMPCR9Stage2|65#886
PCR,2026-07-28,A,28,false,TBMPCR6Stage2,GT 1844 XPC TML,185 R14 ULTIMA XPC 10 PR (+1 SKUs),R14,R14,1D25218014010RXPCT,2,328.0,2,2026-07-28 12:47,2026-07-28 19:20,6.56,true,false,GT 1634 XPC TATA,22.0,22.0,0.0,PCR|TBMPCR6Stage2|125#646
PCR,2026-07-28,A,28,false,TBMPCR2Stage2,GT 2568 RAN AT,255/65 R18 RANGER AT,R18,R18,1325225518111HRAT0,1,176.0,1,2026-07-28 13:04,2026-07-28 17:01,3.96,true,false,GT 2368 EZO TOU,28.0,28.0,0.0,PCR|TBMPCR2Stage2|74#299
PCR,2026-07-28,A,28,false,TBMPCR1Stage2,GT  T1457 STAR,T145/70 R17 STAR XT (+2 SKUs),R17,R17,1325214617107MSXT0,3,175.0,1,2026-07-28 14:43,2026-07-28 17:47,3.06,true,false,GT 2267 ROYL HYU,28.0,28.0,0.0,PCR|TBMPCR1Stage2|53#217
PCR,2026-07-28,B,28,false,TBMPCR7Stage2,GT 1513 XPC1 MSIL,155 R13 C ULTIMA XPC1 90/89 S TL (MSIL) (+1 SKUs),R13,R13,1D25215013008SXC10,2,1352.0,8,2026-07-28 15:35,2026-07-29 10:21,18.78,true,false,GT 1773 NEO,156.18333333333334,22.0,0.0,PCR|TBMPCR7Stage2|78#741
PCR,2026-07-28,B,28,false,TBMPCR3Stage2,GT 3125 RAN MT,31X10.5 R15 RANGER MT,R15,R15,1325231015109QRMT0,1,166.0,1,2026-07-28 16:14,2026-07-28 19:16,3.04,true,false,GT1915 LT XPC1,352.05,28.0,0.0,PCR|TBMPCR3Stage2|74#382
PCR,2026-07-28,B,28,false,TBMPCR2Stage2,GT 2158 ROYL HYU,215/55R18 UX ROYALE (+1 SKUs),R18,R18,1325221318095HURL0,2,536.0,3,2026-07-28 17:29,2026-07-29 03:37,10.12,true,false,GT 2568 RAN AT,28.0,28.0,0.0,PCR|TBMPCR2Stage2|75#300
PCR,2026-07-28,B,28,false,TBMPCR1Stage2,GT 2367 RAN XATW,235/65 R17 RANGER X-AT 104T,R17,R17,1325223517104TRXT0,1,177.0,1,2026-07-28 18:15,2026-07-28 22:14,3.98,true,false,GT  T1457 STAR,28.0,28.0,0.0,PCR|TBMPCR1Stage2|54#218
PCR,2026-07-28,B,28,false,TBMPCR4Stage2,GT 1482 UHL,145/80 R 12 ULTIMA HI LIFE TL (+13 SKUs),R12,R12,1325214812074TUHL0,14,483.0,3,2026-07-28 18:50,2026-07-29 02:05,7.24,true,false,GT 1412 XPC MM,251.83333333333334,28.0,0.0,PCR|TBMPCR4Stage2|76#473
PCR,2026-07-28,B,28,false,TBMPCR11Stage2,GT 1916 ROYL,195/60 R16 UX ROYALE 89 H (+2 SKUs),R16,R16,1325219416089HURL1,3,167.0,1,2026-07-28 18:50,2026-07-28 22:14,3.39,true,false,GT 2476 SUP MM,483.01666666666665,22.0,0.0,PCR|TBMPCR11Stage2|67#150
PCR,2026-07-28,B,28,false,TBMPCR6Stage2,GT 1684 ROYL,165/80 R 14 UX ROYALE,R 14,R14,1325216814085TURL2,1,154.0,1,2026-07-28 19:42,2026-07-28 21:51,2.14,true,false,GT 1844 XPC TML,22.0,22.0,0.0,PCR|TBMPCR6Stage2|126#647
PCR,2026-07-28,B,28,false,TBMPCR10Stage2,GT 1543 XPC1,155 R13 ULTIMA XPC1 TML (+2 SKUs),R13,R13,1D25215013008SXC1T,3,508.0,3,2026-07-28 20:26,2026-07-29 03:29,7.06,true,false,GT 1513 XPC1 MSIL,204.88333333333333,22.0,0.0,PCR|TBMPCR10Stage2|71#73
PCR,2026-07-28,B,28,false,TBMPCR5Stage2,GT 1513 XPC1 MSIL,155 R13 C ULTIMA XPC1 90/89 S TL (MSIL) (+1 SKUs),R13,R13,1D25215013008SXC10,2,1919.0,11,2026-07-28 20:42,2026-07-30 01:29,28.78,true,false,GT 1503 NEO MSIL,331.0,28.0,0.0,PCR|TBMPCR5Stage2|29#517
PCR,2026-07-28,B,28,false,TBMPCR1Stage2,GT 2267 ROYL HYU,215/60 R17 UX ROYALE HYUNDAI (+9 SKUs),R17,R17,1325221417096HURL0,10,678.0,4,2026-07-28 22:42,2026-07-29 10:45,12.05,true,false,GT 2367 RAN XATW,28.0,28.0,0.0,PCR|TBMPCR1Stage2|55#219
PCR,2026-07-28,C,28,false,TBMPCR6Stage2,GT 1684 ROYL,165/80 R 14 UX ROYALE,R 14,R14,1325216814085TURL2,1,160.0,1,2026-07-28 23:02,2026-07-29 01:15,2.22,false,false,GT 1684 ROYL,70.86666666666666,0.0,0.0,PCR|TBMPCR6Stage2|126#648
PCR,2026-07-28,C,28,false,TBMPCR9Stage2,GT 2158 ROYL HYU,215/55R18 UX ROYALE (+1 SKUs),R18,R18,1325221318095HURL0,2,611.0,3,2026-07-28 23:43,2026-07-29 10:55,11.2,true,false,GT 2568 HT2,22.0,22.0,0.0,PCR|TBMPCR9Stage2|66#887
PCR,2026-07-28,C,28,false,TBMPCR6Stage2,GT 1844 XPC TML,185 R14 ULTIMA XPC 10 PR (+1 SKUs),R14,R14,1D25218014010RXPCT,2,328.0,2,2026-07-29 01:37,2026-07-29 08:11,6.56,true,false,GT 1684 ROYL,22.0,22.0,0.0,PCR|TBMPCR6Stage2|127#649
PCR,2026-07-28,C,28,false,TBMPCR11Stage2,GT 2666 RAN HT,265/70R16 RANGER HT,R16,R16,1325226616111TRHT0,1,165.0,1,2026-07-29 02:21,2026-07-29 05:45,3.39,true,false,GT 1916 ROYL,247.36666666666667,22.0,0.0,PCR|TBMPCR11Stage2|68#151
PCR,2026-07-28,C,28,false,TBMPCR4Stage2,GT 1402 XPC TATA,145 R12 ULTIMA XPC TL TATA (+14 SKUs),R12,R12,1D25214012008QXPCT,15,519.0,3,2026-07-29 02:33,2026-07-29 10:20,7.78,true,false,GT 1482 UHL,28.0,28.0,0.0,PCR|TBMPCR4Stage2|77#474
PCR,2026-07-28,C,28,false,TBMPCR10Stage2,GT 1503 NEO MSIL,155/80 R13 ULTIMA NEO MSIL (+6 SKUs),R13,R13,1325215813079TUNE3,7,898.0,5,2026-07-29 03:51,2026-07-29 15:50,11.97,true,false,GT 1543 XPC1,22.0,22.0,0.0,PCR|TBMPCR10Stage2|72#74
PCR,2026-07-28,C,28,false,TBMPCR2Stage2,GT 2258 RAN HPE,225/55 R 18 Ranger Hpe (+1 SKUs),R 18,R18,1325222318098HRHE0,2,314.0,2,2026-07-29 04:05,2026-07-29 10:37,6.54,true,false,GT 2158 ROYL HYU,28.0,28.0,0.0,PCR|TBMPCR2Stage2|76#301
PCR,2026-07-28,C,28,false,TBMPCR11Stage2,GT 2476 SUP MM,245/75 R16 ELANZO SUPRA,"",R16,1325224716111SELS0,1,647.0,4,2026-07-29 06:07,2026-07-29 19:35,13.48,true,false,GT 2666 RAN HT,22.0,22.0,0.0,PCR|TBMPCR11Stage2|69#152
PCR,2026-07-28,C,28,false,TBMPCR3Stage2,GT 1925 XPC1,195 R15 ULTIMA XPC1 AL,R15,R15,1225219Z15008SXC11,1,368.0,2,2026-07-29 06:13,2026-07-29 14:29,8.28,true,false,GT 3125 RAN MT,656.0333333333333,28.0,0.0,PCR|TBMPCR3Stage2|75#383
PCR,2026-07-28,C,28,false,TBMPCR8Stage2,GT 2455 RAN A/T,215/75 R15 RANGER AT,R15,R15,1325221715100SRAT0,1,158.0,1,2026-07-29 06:19,2026-07-29 09:25,3.12,false,false,GT 2455 RAN A/T,1400.7333333333333,0.0,0.0,PCR|TBMPCR8Stage2|61#812
PCR,2026-07-29,A,29,false,TBMPCR6Stage2,GT 1634 XPC TATA,165 R14 ULTIMA XPC TATA TL (+5 SKUs),R14,R14,1D25216814008QXPC0,6,350.0,2,2026-07-29 08:33,2026-07-29 13:24,4.86,true,false,GT 1844 XPC TML,22.0,22.0,0.0,PCR|TBMPCR6Stage2|128#650
PCR,2026-07-29,A,29,false,TBMPCR1Stage2,GT 2267 ROYL PG,215/60 R 17 UX ROYALE PUNCTURE GUARD,R17,R17,1325221417096HURP0,1,378.0,2,2026-07-29 11:13,2026-07-29 18:59,7.77,true,false,GT 2267 ROYL HYU,28.0,28.0,0.0,PCR|TBMPCR1Stage2|56#220
PCR,2026-07-29,A,29,false,TBMPCR9Stage2,GT 2568 HT2,255/65 R 18 Ranger HT2 111 H,R18,R18,1325225518111HRHB0,1,337.0,2,2026-07-29 11:17,2026-07-29 18:41,7.4,true,false,GT 2158 ROYL HYU,22.0,22.0,0.0,PCR|TBMPCR9Stage2|67#888
PCR,2026-07-29,A,29,false,TBMPCR2Stage2,GT 1894 MAX,185/70 R14 TAXIMAX (+6 SKUs),R14,R14,1325218614088TTMX0,7,187.0,1,2026-07-29 11:37,2026-07-29 14:26,2.8,true,true,GT 2258 RAN HPE,60.0,60.0,0.0,PCR|TBMPCR2Stage2|77#302
PCR,2026-07-29,A,29,false,TBMPCR4Stage2,GT 1412 XPC MM,145 R12 ULTIMA XPC (+6 SKUs),"",R12,1D25114012008QXPC0,7,159.0,1,2026-07-29 14:08,2026-07-29 16:31,2.38,true,false,GT 1402 XPC TATA,228.04999999999998,28.0,0.0,PCR|TBMPCR4Stage2|78#475
PCR,2026-07-29,A,29,false,TBMPCR7Stage2,GT 1543 XPC1,155 R13 ULTIMA XPC1 TML (+2 SKUs),R13,R13,1D25215013008SXC1T,3,519.0,3,2026-07-29 14:24,2026-07-29 21:36,7.21,true,false,GT 1513 XPC1 MSIL,242.29999999999998,22.0,0.0,PCR|TBMPCR7Stage2|79#742
PCR,2026-07-29,A,29,false,TBMPCR3Stage2,GT1915 LT XPC1,195 R15 ULTIMA XPC1,"",R15,1225219Z15008SXC10,1,156.0,1,2026-07-29 14:57,2026-07-29 18:28,3.51,true,false,GT 1925 XPC1,28.0,28.0,0.0,PCR|TBMPCR3Stage2|76#384
PCR,2026-07-29,B,29,false,TBMPCR2Stage2,GT 2568 HT2,255/65 R 18 Ranger HT2 111 H,R18,R18,1325225518111HRHB0,1,483.0,3,2026-07-29 15:26,2026-07-30 02:18,10.87,true,true,GT 1894 MAX,60.0,60.0,0.0,PCR|TBMPCR2Stage2|78#303
PCR,2026-07-29,B,29,false,TBMPCR6Stage2,GT 1634 XPC TATA,165 R14 ULTIMA XPC TATA TL (+5 SKUs),R14,R14,1D25216814008QXPC0,6,456.0,2,2026-07-29 15:45,2026-07-29 22:05,6.33,false,false,GT 1634 XPC TATA,140.45,0.0,0.0,PCR|TBMPCR6Stage2|128#651
PCR,2026-07-29,B,29,false,TBMPCR10Stage2,GT 1513 XPC1 MSIL,155 R13 C ULTIMA XPC1 90/89 S TL (MSIL) (+1 SKUs),R13,R13,1D25215013008SXC10,2,1280.0,6,2026-07-29 16:12,2026-07-30 09:58,17.78,true,false,GT 1503 NEO MSIL,22.0,22.0,0.0,PCR|TBMPCR10Stage2|73#75
PCR,2026-07-29,B,29,false,TBMPCR3Stage2,GT 1925 XPC1,195 R15 ULTIMA XPC1 AL,R15,R15,1225219Z15008SXC11,1,334.0,2,2026-07-29 18:56,2026-07-30 02:27,7.52,true,false,GT1915 LT XPC1,28.0,28.0,0.0,PCR|TBMPCR3Stage2|77#385
PCR,2026-07-29,B,29,false,TBMPCR4Stage2,GT 1412 XPC MM,145 R12 ULTIMA XPC (+6 SKUs),"",R12,1D25114012008QXPC0,7,158.0,1,2026-07-29 19:22,2026-07-29 21:44,2.37,false,false,GT 1412 XPC MM,170.95,0.0,0.0,PCR|TBMPCR4Stage2|78#476
PCR,2026-07-29,B,29,false,TBMPCR11Stage2,GT 1916 ROYL,195/60 R16 UX ROYALE 89 H (+2 SKUs),R16,R16,1325219416089HURL1,3,156.0,1,2026-07-29 19:57,2026-07-29 23:07,3.16,true,false,GT 2476 SUP MM,22.0,22.0,0.0,PCR|TBMPCR11Stage2|70#153
PCR,2026-07-29,B,29,false,TBMPCR4Stage2,GT 1482 UHL,145/80 R 12 ULTIMA HI LIFE TL (+13 SKUs),R12,R12,1325214812074TUHL0,14,495.0,3,2026-07-29 22:12,2026-07-30 05:38,7.42,true,false,GT 1412 XPC MM,28.0,28.0,0.0,PCR|TBMPCR4Stage2|79#477
PCR,2026-07-29,B,29,false,TBMPCR6Stage2,GT 1844 XPC TML,185 R14 ULTIMA XPC 10 PR (+1 SKUs),R14,R14,1D25218014010RXPCT,2,328.0,2,2026-07-29 22:27,2026-07-30 05:00,6.56,true,false,GT 1634 XPC TATA,22.0,22.0,0.0,PCR|TBMPCR6Stage2|129#652
PCR,2026-07-29,B,29,false,TBMPCR8Stage2,GT1915 LT XPC1,195 R15 ULTIMA XPC1,"",R15,1225219Z15008SXC10,1,448.0,3,2026-07-29 22:36,2026-07-30 08:25,9.83,true,false,GT 2455 RAN A/T,790.05,22.0,0.0,PCR|TBMPCR8Stage2|62#813
PCR,2026-07-29,C,29,false,TBMPCR11Stage2,GT 2476 SUP MM,245/75 R16 ELANZO SUPRA,"",R16,1325224716111SELS0,1,618.0,4,2026-07-29 23:29,2026-07-30 12:22,12.88,true,false,GT 1916 ROYL,22.0,22.0,0.0,PCR|TBMPCR11Stage2|71#154
PCR,2026-07-29,C,29,false,TBMPCR9Stage2,GT 2568 RAN AT,255/65 R18 RANGER AT,R18,R18,1325225518111HRAT0,1,176.0,1,2026-07-29 23:33,2026-07-30 03:25,3.86,true,false,GT 2568 HT2,292.01666666666665,22.0,0.0,PCR|TBMPCR9Stage2|68#889
PCR,2026-07-29,C,29,false,TBMPCR3Stage2,GT 3125 RAN MT,31X10.5 R15 RANGER MT,R15,R15,1325231015109QRMT0,1,166.0,1,2026-07-30 02:55,2026-07-30 05:57,3.04,true,false,GT 1925 XPC1,28.0,28.0,0.0,PCR|TBMPCR3Stage2|78#386
PCR,2026-07-29,C,29,false,TBMPCR9Stage2,GT 2568 HT2,255/65 R 18 Ranger HT2 111 H,R18,R18,1325225518111HRHB0,1,163.0,1,2026-07-30 03:47,2026-07-30 07:21,3.58,true,false,GT 2568 RAN AT,22.0,22.0,0.0,PCR|TBMPCR9Stage2|69#890
PCR,2026-07-29,C,29,false,TBMPCR7Stage2,GT 1583 NEO TATA,155/80 R13 ULTIMA NEO LRR (+2 SKUs),R13,R13,1325215813079TUNE5,3,321.0,2,2026-07-30 03:58,2026-07-30 08:15,4.28,true,false,GT 1543 XPC1,382.1666666666667,22.0,0.0,PCR|TBMPCR7Stage2|80#743
PCR,2026-07-29,C,29,false,TBMPCR5Stage2,GT 1513 XPC1 MSIL,155 R13 C ULTIMA XPC1 90/89 S TL (MSIL) (+1 SKUs),R13,R13,1D25215013008SXC10,2,1365.0,5,2026-07-30 04:33,2026-07-31 01:01,20.48,false,false,GT 1513 XPC1 MSIL,183.56666666666666,0.0,0.0,PCR|TBMPCR5Stage2|29#518
PCR,2026-07-29,C,29,false,TBMPCR6Stage2,GT 1684 ROYL,165/80 R 14 UX ROYALE,R 14,R14,1325216814085TURL2,1,154.0,1,2026-07-30 05:22,2026-07-30 07:31,2.14,true,false,GT 1844 XPC TML,22.0,22.0,0.0,PCR|TBMPCR6Stage2|130#653
PCR,2026-07-29,C,29,false,TBMPCR1Stage2,GT  T1457 STAR,T145/70 R17 STAR XT (+2 SKUs),R17,R17,1325214617107MSXT0,3,355.0,2,2026-07-30 05:22,2026-07-30 11:35,6.21,true,false,GT 2267 ROYL PG,623.1666666666666,28.0,0.0,PCR|TBMPCR1Stage2|57#221
PCR,2026-07-29,C,29,false,TBMPCR4Stage2,GT 1402 XPC TATA,145 R12 ULTIMA XPC TL TATA (+14 SKUs),R12,R12,1D25214012008QXPCT,15,1230.0,6,2026-07-30 06:06,2026-07-31 00:33,18.45,true,false,GT 1482 UHL,28.0,28.0,0.0,PCR|TBMPCR4Stage2|80#478
PCR,2026-07-30,A,30,false,TBMPCR6Stage2,GT1564 NEO,155/65 R14 ULTIMA NEO,R14,R14,1325215514075TUNE0,1,190.0,1,2026-07-30 08:00,2026-07-30 10:39,2.64,true,false,GT 1684 ROYL,29.683333333333334,22.0,0.0,PCR|TBMPCR6Stage2|131#654
PCR,2026-07-30,A,30,false,TBMPCR9Stage2,GT 2158 ROYL HYU,215/55R18 UX ROYALE (+1 SKUs),R18,R18,1325221318095HURL0,2,295.0,1,2026-07-30 08:29,2026-07-30 13:54,5.41,true,false,GT 2568 HT2,68.1,22.0,0.0,PCR|TBMPCR9Stage2|70#891
PCR,2026-07-30,A,30,false,TBMPCR8Stage2,GT 2455 RAN A/T,215/75 R15 RANGER AT,R15,R15,1325221715100SRAT0,1,157.0,1,2026-07-30 08:47,2026-07-30 11:53,3.1,true,false,GT1915 LT XPC1,22.0,22.0,0.0,PCR|TBMPCR8Stage2|63#814
PCR,2026-07-30,A,30,false,TBMPCR10Stage2,GT 1773 NEOPS,175/70 R13 TORNEL ULTIMA NEO+,R13,R13,1325217613082TUNEE,1,166.0,1,2026-07-30 10:20,2026-07-30 12:42,2.35,true,false,GT 1513 XPC1 MSIL,22.0,22.0,0.0,PCR|TBMPCR10Stage2|74#76
PCR,2026-07-30,A,30,false,TBMPCR2Stage2,GT 1844 XPC TML,185 R14 ULTIMA XPC 10 PR (+1 SKUs),R14,R14,1D25218014010RXPCT,2,328.0,2,2026-07-30 10:23,2026-07-30 17:13,6.83,true,true,GT 2568 HT2,485.68333333333334,60.0,0.0,PCR|TBMPCR2Stage2|79#304
PCR,2026-07-30,A,30,false,TBMPCR3Stage2,GT 2275 RAN A/T,215/70 R15 RANGER AT,R15,R15,1325221615109SRAT0,1,150.0,1,2026-07-30 11:29,2026-07-30 14:21,2.88,true,false,GT 3125 RAN MT,331.26666666666665,28.0,0.0,PCR|TBMPCR3Stage2|79#387
PCR,2026-07-30,A,30,false,TBMPCR11Stage2,GT 1916 ROYL,195/60 R16 UX ROYALE 89 H (+2 SKUs),R16,R16,1325219416089HURL1,3,156.0,1,2026-07-30 12:44,2026-07-30 15:53,3.16,true,false,GT 2476 SUP MM,22.0,22.0,0.0,PCR|TBMPCR11Stage2|72#155
PCR,2026-07-30,A,30,false,TBMPCR6Stage2,GT 1894 MAX,185/70 R14 TAXIMAX (+6 SKUs),R14,R14,1325218614088TTMX0,7,187.0,1,2026-07-30 13:22,2026-07-30 15:58,2.6,true,false,GT1564 NEO,163.83333333333334,22.0,0.0,PCR|TBMPCR6Stage2|132#655
PCR,2026-07-30,A,30,false,TBMPCR10Stage2,GT 1503 NEO MSIL,155/80 R13 ULTIMA NEO MSIL (+6 SKUs),R13,R13,1325215813079TUNE3,7,552.0,3,2026-07-30 13:50,2026-07-30 21:12,7.36,true,false,GT 1773 NEOPS,68.41666666666667,22.0,0.0,PCR|TBMPCR10Stage2|75#77
PCR,2026-07-30,A,30,false,TBMPCR9Stage2,GT 2258 RAN HPE,225/55 R 18 Ranger Hpe (+1 SKUs),R 18,R18,1325222318098HRHE0,2,319.0,2,2026-07-30 14:16,2026-07-30 20:49,6.56,true,false,GT 2158 ROYL HYU,22.0,22.0,0.0,PCR|TBMPCR9Stage2|71#892
PCR,2026-07-30,A,30,false,TBMPCR3Stage2,GT 1925 XPC1,195 R15 ULTIMA XPC1 AL,R15,R15,1225219Z15008SXC11,1,368.0,2,2026-07-30 14:49,2026-07-30 23:06,8.28,true,false,GT 2275 RAN A/T,28.0,28.0,0.0,PCR|TBMPCR3Stage2|80#388
PCR,2026-07-30,B,30,false,TBMPCR6Stage2,GT 1634 XPC TATA,165 R14 ULTIMA XPC TATA TL (+5 SKUs),R14,R14,1D25216814008QXPC0,6,456.0,2,2026-07-30 16:20,2026-07-30 22:40,6.33,true,false,GT 1894 MAX,22.0,22.0,0.0,PCR|TBMPCR6Stage2|133#656
PCR,2026-07-30,B,30,false,TBMPCR7Stage2,GT 1543 XPC1,155 R13 ULTIMA XPC1 TML (+2 SKUs),R13,R13,1D25215013008SXC1T,3,508.0,3,2026-07-30 16:52,2026-07-30 23:55,7.06,true,false,GT 1583 NEO TATA,516.95,22.0,0.0,PCR|TBMPCR7Stage2|81#744
PCR,2026-07-30,B,30,false,TBMPCR8Stage2,GT 1865 ROYL RENO,185/65 R15 UX ROYALE (+2 SKUs),R15,R15,1325218515088TURL1,3,173.0,1,2026-07-30 17:06,2026-07-30 20:13,3.12,true,false,GT 2455 RAN A/T,312.75,22.0,0.0,PCR|TBMPCR8Stage2|64#815
PCR,2026-07-30,B,30,false,TBMPCR11Stage2,GT 2476 SUP MM,245/75 R16 ELANZO SUPRA,"",R16,1325224716111SELS0,1,630.0,4,2026-07-30 17:12,2026-07-31 06:20,13.12,true,false,GT 1916 ROYL,78.68333333333334,22.0,0.0,PCR|TBMPCR11Stage2|73#156
PCR,2026-07-30,B,30,false,TBMPCR2Stage2,GT 1854 XPC TT,185 R 14 Ultima XPC 10 PR TT (+1 SKUs),R14,R14,1D25118014010RXPC0,2,163.0,1,2026-07-30 17:41,2026-07-30 21:05,3.4,true,false,GT 1844 XPC TML,28.0,28.0,0.0,PCR|TBMPCR2Stage2|80#305
PCR,2026-07-30,B,30,false,TBMPCR10Stage2,GT 1543 XPC1,155 R13 ULTIMA XPC1 TML (+2 SKUs),R13,R13,1D25215013008SXC1T,3,615.0,3,2026-07-30 21:34,2026-07-31 06:06,8.54,true,false,GT 1503 NEO MSIL,22.0,22.0,0.0,PCR|TBMPCR10Stage2|76#78
PCR,2026-07-30,C,30,false,TBMPCR6Stage2,GT1564 NEO,155/65 R14 ULTIMA NEO,R14,R14,1325215514075TUNE0,1,190.0,1,2026-07-30 23:02,2026-07-31 01:41,2.64,true,false,GT 1634 XPC TATA,22.0,22.0,0.0,PCR|TBMPCR6Stage2|134#657
PCR,2026-07-30,C,30,false,TBMPCR8Stage2,GT 2455 RAN A/T,215/75 R15 RANGER AT,R15,R15,1325221715100SRAT0,1,294.0,1,2026-07-30 23:43,2026-07-31 05:31,5.8,true,false,GT 1865 ROYL RENO,209.76666666666665,22.0,0.0,PCR|TBMPCR8Stage2|65#816
PCR,2026-07-30,C,30,false,TBMPCR6Stage2,GT 1844 XPC TML,185 R14 ULTIMA XPC 10 PR (+1 SKUs),R14,R14,1D25218014010RXPCT,2,583.0,3,2026-07-31 02:13,2026-07-31 13:53,11.66,true,false,GT1564 NEO,32.43333333333333,22.0,0.0,PCR|TBMPCR6Stage2|135#658
PCR,2026-07-30,C,30,false,TBMPCR3Stage2,GT 3125 RAN MT,31X10.5 R15 RANGER MT,R15,R15,1325231015109QRMT0,1,166.0,1,2026-07-31 04:23,2026-07-31 07:25,3.04,true,false,GT 1925 XPC1,316.5833333333333,28.0,0.0,PCR|TBMPCR3Stage2|81#389
PCR,2026-07-30,C,30,false,TBMPCR8Stage2,GT 1865 ROYL RENO,185/65 R15 UX ROYALE (+2 SKUs),R15,R15,1325218515088TURL1,3,173.0,1,2026-07-31 05:53,2026-07-31 09:00,3.12,true,false,GT 2455 RAN A/T,22.0,22.0,0.0,PCR|TBMPCR8Stage2|66#817
PCR,2026-07-30,C,30,false,TBMPCR11Stage2,GT 2666 RAN HT,265/70R16 RANGER HT,R16,R16,1325226616111TRHT0,1,165.0,1,2026-07-31 06:42,2026-07-31 10:05,3.39,true,false,GT 2476 SUP MM,22.0,22.0,0.0,PCR|TBMPCR11Stage2|74#157
PCR,2026-07-31,A,31,false,TBMPCR3Stage2,GT 1925 XPC1,195 R15 ULTIMA XPC1 AL,R15,R15,1225219Z15008SXC11,1,375.0,2,2026-07-31 07:53,2026-07-31 16:19,8.44,true,false,GT 3125 RAN MT,28.0,28.0,0.0,PCR|TBMPCR3Stage2|82#390
PCR,2026-07-31,A,31,false,TBMPCR7Stage2,GT 1583 NEO TATA,155/80 R13 ULTIMA NEO LRR (+2 SKUs),R13,R13,1325215813079TUNE5,3,154.0,1,2026-07-31 08:47,2026-07-31 10:50,2.05,true,false,GT 1543 XPC1,531.6166666666667,22.0,0.0,PCR|TBMPCR7Stage2|82#745
PCR,2026-07-31,A,31,false,TBMPCR4Stage2,GT 1402 XPC TATA,145 R12 ULTIMA XPC TL TATA (+14 SKUs),R12,R12,1D25214012008QXPCT,15,615.0,3,2026-07-31 10:04,2026-07-31 19:17,9.22,false,false,GT 1402 XPC TATA,570.75,0.0,0.0,PCR|TBMPCR4Stage2|80#479
PCR,2026-07-31,A,31,false,TBMPCR8Stage2,GT 1925 XPC1,195 R15 ULTIMA XPC1 AL,R15,R15,1225219Z15008SXC11,1,743.0,4,2026-07-31 11:21,2026-08-01 03:39,16.3,true,false,GT 1865 ROYL RENO,140.58333333333334,22.0,0.0,PCR|TBMPCR8Stage2|67#818
PCR,2026-07-31,A,31,false,TBMPCR10Stage2,GT 1773 NEOPS,175/70 R13 TORNEL ULTIMA NEO+,R13,R13,1325217613082TUNEE,1,166.0,1,2026-07-31 11:34,2026-07-31 13:55,2.35,true,false,GT 1543 XPC1,327.6666666666667,22.0,0.0,PCR|TBMPCR10Stage2|77#79
PCR,2026-07-31,A,31,false,TBMPCR1Stage2,GT  T1457 STAR,T145/70 R17 STAR XT (+2 SKUs),R17,R17,1325214617107MSXT0,3,181.0,1,2026-07-31 13:49,2026-07-31 17:00,3.17,false,false,GT  T1457 STAR,1574.3666666666666,0.0,0.0,PCR|TBMPCR1Stage2|57#222
PCR,2026-07-31,B,31,false,TBMPCR9Stage2,GT 2258 RAN HPE,225/55 R 18 Ranger Hpe (+1 SKUs),R 18,R18,1325222318098HRHE0,2,159.0,1,2026-07-31 15:32,2026-07-31 18:48,3.27,false,false,GT 2258 RAN HPE,1122.8,0.0,0.0,PCR|TBMPCR9Stage2|71#893
PCR,2026-07-31,B,31,false,TBMPCR10Stage2,GT 1543 XPC1,155 R13 ULTIMA XPC1 TML (+2 SKUs),R13,R13,1D25215013008SXC1T,3,269.0,1,2026-07-31 17:49,2026-07-31 21:33,3.74,true,false,GT 1773 NEOPS,234.21666666666667,22.0,0.0,PCR|TBMPCR10Stage2|78#80
PCR,2026-07-31,B,31,false,TBMPCR11Stage2,GT 2476 SUP MM,245/75 R16 ELANZO SUPRA,"",R16,1325224716111SELS0,1,318.0,2,2026-07-31 19:07,2026-08-01 01:44,6.62,true,false,GT 2666 RAN HT,541.9,22.0,0.0,PCR|TBMPCR11Stage2|75#158
PCR,2026-07-31,B,31,false,TBMPCR6Stage2,GT 1844 XPC TML,185 R14 ULTIMA XPC 10 PR (+1 SKUs),R14,R14,1D25218014010RXPCT,2,328.0,2,2026-07-31 19:26,2026-08-01 02:00,6.56,false,false,GT 1844 XPC TML,333.71666666666664,0.0,0.0,PCR|TBMPCR6Stage2|135#659
PCR,2026-07-31,B,31,false,TBMPCR4Stage2,GT 1482 UHL,145/80 R 12 ULTIMA HI LIFE TL (+13 SKUs),R12,R12,1325214812074TUHL0,14,332.0,2,2026-07-31 19:45,2026-08-01 00:44,4.98,true,false,GT 1402 XPC TATA,28.0,28.0,0.0,PCR|TBMPCR4Stage2|81#480
PCR,2026-07-31,B,31,false,TBMPCR3Stage2,GT 2275 RAN A/T,215/70 R15 RANGER AT,R15,R15,1325221615109SRAT0,1,150.0,1,2026-07-31 20:48,2026-07-31 23:41,2.88,true,false,GT 1925 XPC1,268.5833333333333,28.0,0.0,PCR|TBMPCR3Stage2|83#391
TBR,2026-07-01,A,1,false,TBMTBR1Stage2,10.00 R 20 JUH3+,10.00 R 20 JW JETWAY JUH3+ N2 (+1 SKUs),"",R20,1122110020016KH3P0,2,87.0,3,2026-07-01 07:49,2026-07-01 12:31,4.7,false,false,,,0.0,0.0,TBR|TBMTBR1Stage2|1#894
TBR,2026-07-01,A,1,false,TBMTBR7Stage2,8.25R20JDE++,8.25R20JDE++ (+2 SKUs),8.25R20,R20,1121182020016KDEP0,3,110.0,4,2026-07-01 08:12,2026-07-01 13:59,5.78,false,false,,,0.0,0.0,TBR|TBMTBR7Stage2|1#1465
TBR,2026-07-01,A,1,false,TBMTBR5Stage2,11R22.5JTHSD,11R22.5JTHsd 16PR (+1 SKUs),"",R22.5,115221102C016LJTS0,2,96.0,3,2026-07-01 09:53,2026-07-01 15:14,5.34,false,false,,,0.0,0.0,TBR|TBMTBR5Stage2|1#1218
TBR,2026-07-01,A,1,false,TBMTBR6Stage2,11R22.5JUC,11R22.5 JW JUC (+1 SKUs),"",R22.5,112321102C016LJUC0,2,81.0,3,2026-07-01 10:33,2026-07-01 15:04,4.5,false,false,,,0.0,0.0,TBR|TBMTBR6Stage2|1#1340
TBR,2026-07-01,A,1,false,TBMTBR8Stage2,GT 5101 - 11.00R20 JS114,11.00R20 JS114 (+1 SKUs),11.00R20,R20,1121111020016K1141,2,75.0,3,2026-07-01 10:48,2026-07-01 15:01,4.22,false,false,,,0.0,0.0,TBR|TBMTBR8Stage2|1#1590
TBR,2026-07-01,A,1,false,TBMTBR2Stage2,10.00 R 20 JUH5,10.00 R 20 JW JUH5 - N2 (+1 SKUs),10.00 R 20 JUH5,R20,1122110020016KUH50,2,135.0,5,2026-07-01 10:50,2026-07-01 18:25,7.59,false,false,,,0.0,0.0,TBR|TBMTBR2Stage2|1#968
TBR,2026-07-01,A,1,false,TBMTBR4Stage2,GT 5075 - 295/90R20 JUH XF,295/90R20 JUH XF / JW 304 (+3 SKUs),295/90R20,R20,1122129A20152JULF0,4,114.0,4,2026-07-01 12:04,2026-07-01 18:29,6.41,false,false,,,0.0,0.0,TBR|TBMTBR4Stage2|1#1160
TBR,2026-07-01,A,1,false,TBMTBR9Stage2,GT 5103 - 295/80R22.5 JUM XM OEM,295/80R22.5 JUM XM OEM (+2 SKUs),22.5,R22.5,112222982C152MJXM0,3,85.0,3,2026-07-01 12:07,2026-07-01 16:54,4.78,false,false,,,0.0,0.0,TBR|TBMTBR9Stage2|1#1710
TBR,2026-07-01,A,1,false,TBMTBR3Stage2,GT 5076 - 295/90R20 JDE XF,295/90R20 JDE XF / JS121 (+3 SKUs),295/90R20,R20,1121129A20152JDLF0,4,108.0,4,2026-07-01 12:21,2026-07-01 18:25,6.07,false,false,,,0.0,0.0,TBR|TBMTBR3Stage2|1#1053
TBR,2026-07-01,A,1,false,TBMTBR1Stage2,10.00R 20 JW302,295/90R20JUCXM (+1 SKUs),10R20,R20,1123129A20152JUCM0,2,75.0,3,2026-07-01 12:41,2026-07-01 16:54,4.22,true,false,10.00 R 20 JUH3+,10.0,10.0,0.0,TBR|TBMTBR1Stage2|2#895
TBR,2026-07-01,A,1,false,TBMTBR7Stage2,8.25R20JUH5,8.25R20JUH5 (+4 SKUs),8.25R20,R20,1122182020016KUH50,5,77.0,3,2026-07-01 14:09,2026-07-01 18:12,4.05,true,false,8.25R20JDE++,10.0,10.0,0.0,TBR|TBMTBR7Stage2|2#1466
TBR,2026-07-01,B,1,false,TBMTBR8Stage2,9.00 R 20 JUH3,9.00 R 20 JETWAY JUH3 14 PR N2 (+2 SKUs),"",R20,1122190020014KJH30,3,99.0,3,2026-07-01 15:11,2026-07-01 20:20,5.14,true,false,GT 5101 - 11.00R20 JS114,10.0,10.0,0.0,TBR|TBMTBR8Stage2|2#1591
TBR,2026-07-01,B,1,false,TBMTBR6Stage2,255/70R22.5JTH1,255/70 R 22.5 JETWAY JTH1 (+1 SKUs),255/70 R 22.5,R22.5,115222562C016MTH10,2,92.0,3,2026-07-01 15:14,2026-07-01 20:12,4.98,true,false,11R22.5JUC,10.0,10.0,0.0,TBR|TBMTBR6Stage2|2#1341
TBR,2026-07-01,B,1,false,TBMTBR5Stage2,315/80R22.5JUL4,315/80R22.5JUL4 (+1 SKUs),22.5,R22.5,115223182C018LUL40,2,78.0,3,2026-07-01 15:24,2026-07-01 19:55,4.53,true,false,11R22.5JTHSD,10.0,10.0,0.0,TBR|TBMTBR5Stage2|2#1219
TBR,2026-07-01,B,1,false,TBMTBR7Stage2,9.00 R 20 JDE++,9.00 R 20 JDE++ (+1 SKUs),9R20,R20,1121190020016KDEP0,2,81.0,3,2026-07-01 18:22,2026-07-01 22:37,4.26,true,false,8.25R20JUH5,10.0,10.0,0.0,TBR|TBMTBR7Stage2|3#1467
TBR,2026-07-01,B,1,false,TBMTBR3Stage2,10.00 R 20 JUH3+,10.00 R 20 JW JETWAY JUH3+ N2 (+1 SKUs),"",R20,1122110020016KH3P0,2,175.0,7,2026-07-01 19:38,2026-07-02 05:06,9.46,true,false,GT 5076 - 295/90R20 JDE XF,72.43333333333334,10.0,0.0,TBR|TBMTBR3Stage2|2#1054
TBR,2026-07-01,B,1,false,TBMTBR1Stage2,10.00 R 20 JUH5,10.00 R 20 JW JUH5 - N2 (+1 SKUs),10.00 R 20 JUH5,R20,1122110020016KUH50,2,243.0,9,2026-07-01 21:17,2026-07-02 10:57,13.66,true,false,10.00R 20 JW302,262.9,10.0,0.0,TBR|TBMTBR1Stage2|3#896
TBR,2026-07-01,B,1,false,TBMTBR6Stage2,295/75R22.5JTHSD,295/75R22.5JTHsd (+1 SKUs),"",R22.5,115222972C014LJTS0,2,87.0,3,2026-07-01 21:22,2026-07-02 02:13,4.84,true,false,255/70R22.5JTH1,70.16666666666667,10.0,0.0,TBR|TBMTBR6Stage2|3#1342
TBR,2026-07-01,B,1,false,TBMTBR2Stage2,10.00 R 20 JDE,295/90R20JDE++ (+4 SKUs),R20,R20,1121129A20000JDEP0,5,122.0,5,2026-07-01 21:34,2026-07-02 04:25,6.86,true,false,10.00 R 20 JUH5,188.51666666666665,10.0,0.0,TBR|TBMTBR2Stage2|2#969
TBR,2026-07-01,B,1,false,TBMTBR4Stage2,GT 5075 - 295/90R20 JUH XF,295/90R20 JUH XF / JW 304 (+3 SKUs),295/90R20,R20,1122129A20152JULF0,4,115.0,4,2026-07-01 22:09,2026-07-02 04:37,6.46,false,false,GT 5075 - 295/90R20 JUH XF,220.63333333333333,0.0,0.0,TBR|TBMTBR4Stage2|1#1161
TBR,2026-07-01,B,1,false,TBMTBR8Stage2,GT 5096 - 11.00R20 JDC XD,11.00R20 JDC XD (+2 SKUs),"",R20,1121111020016KCXD0,3,82.0,4,2026-07-01 22:31,2026-07-02 03:08,4.61,true,false,9.00 R 20 JUH3,131.3,10.0,0.0,TBR|TBMTBR8Stage2|3#1592
TBR,2026-07-01,B,1,false,TBMTBR7Stage2,8.25R20JDE++,8.25R20JDE++ (+2 SKUs),8.25R20,R20,1121182020016KDEP0,3,87.0,3,2026-07-01 22:47,2026-07-02 03:22,4.57,true,false,9.00 R 20 JDE++,10.0,10.0,0.0,TBR|TBMTBR7Stage2|4#1468
TBR,2026-07-01,C,1,false,TBMTBR5Stage2,295/80R22.5JDL,295/80R22.5 JDL CURE TYRE (+1 SKUs),"",R22.5,112122982C016MJDL0,2,87.0,4,2026-07-02 01:08,2026-07-02 05:59,4.84,true,false,315/80R22.5JUL4,313.0,10.0,0.0,TBR|TBMTBR5Stage2|3#1220
TBR,2026-07-01,C,1,false,TBMTBR6Stage2,315/70R22.5JUL4,315/70R22.5 JW JUL4,"",R22.5,115223162C018LUL40,1,85.0,4,2026-07-02 02:29,2026-07-02 07:25,4.93,true,false,295/75R22.5JTHSD,16.5,10.0,0.0,TBR|TBMTBR6Stage2|4#1343
TBR,2026-07-01,C,1,false,TBMTBR7Stage2,10.00 R 20 JUH3+,10.00 R 20 JW JETWAY JUH3+ N2 (+1 SKUs),"",R20,1122110020016KH3P0,2,175.0,6,2026-07-02 03:32,2026-07-02 12:59,9.46,true,false,8.25R20JDE++,10.0,10.0,0.0,TBR|TBMTBR7Stage2|5#1469
TBR,2026-07-01,C,1,false,TBMTBR9Stage2,GT 5103 - 295/80R22.5 JUM XM OEM,295/80R22.5 JUM XM OEM (+2 SKUs),22.5,R22.5,112222982C152MJXM0,3,85.0,3,2026-07-02 04:30,2026-07-02 09:17,4.78,false,false,GT 5103 - 295/80R22.5 JUM XM OEM,696.2166666666667,0.0,0.0,TBR|TBMTBR9Stage2|1#1711
TBR,2026-07-01,C,1,false,TBMTBR4Stage2,10.00R 20 JW302,295/90R20JUCXM (+1 SKUs),10R20,R20,1123129A20152JUCM0,2,78.0,3,2026-07-02 04:47,2026-07-02 09:10,4.38,true,false,GT 5075 - 295/90R20 JUH XF,10.0,10.0,0.0,TBR|TBMTBR4Stage2|2#1162
TBR,2026-07-01,C,1,false,TBMTBR2Stage2,10.00 R 20 JDE,295/90R20JDE++ (+4 SKUs),R20,R20,1121129A20000JDEP0,5,135.0,5,2026-07-02 06:04,2026-07-02 13:39,7.59,false,false,10.00 R 20 JDE,98.28333333333333,0.0,0.0,TBR|TBMTBR2Stage2|2#970
TBR,2026-07-01,C,1,false,TBMTBR3Stage2,GT 5076 - 295/90R20 JDE XF,295/90R20 JDE XF / JS121 (+3 SKUs),295/90R20,R20,1121129A20152JDLF0,4,108.0,4,2026-07-02 06:08,2026-07-02 12:12,6.07,true,false,10.00 R 20 JUH3+,62.083333333333336,10.0,0.0,TBR|TBMTBR3Stage2|3#1055
TBR,2026-07-01,C,1,false,TBMTBR5Stage2,GT 5078 - 295/80R22.5 JUX E,295/80R22.5 JUXe (+5 SKUs),"",R22.5,112222982C016JUXE0,6,78.0,3,2026-07-02 06:09,2026-07-02 10:32,4.38,true,false,295/80R22.5JDL,10.0,10.0,0.0,TBR|TBMTBR5Stage2|4#1221
TBR,2026-07-02,A,2,false,TBMTBR6Stage2,GT 5079 - 255/70R22.5 JUX E,255/70R22.5 JUXe 140/137 M (+2 SKUs),22.5,R22.5,112222562C016MUXE0,3,78.0,3,2026-07-02 07:35,2026-07-02 11:48,4.22,true,false,315/70R22.5JUL4,10.0,10.0,0.0,TBR|TBMTBR6Stage2|5#1344
TBR,2026-07-02,A,2,false,TBMTBR8Stage2,11.00R20JDE++,11.00R20 JDE++ (+1 SKUs),11.00R20,R20,1121111020016KDEP0,2,96.0,4,2026-07-02 07:46,2026-07-02 13:10,5.4,true,false,GT 5096 - 11.00R20 JDC XD,278.26666666666665,10.0,0.0,TBR|TBMTBR8Stage2|4#1593
TBR,2026-07-02,A,2,false,TBMTBR5Stage2,GT 5083 - 295/80R22.5 JUM XM,295/80R22.5 JUM XM (+1 SKUs),22.5,R22.5,112222982C016MJXM0,2,93.0,4,2026-07-02 11:41,2026-07-02 16:54,5.23,true,false,GT 5078 - 295/80R22.5 JUX E,68.85,10.0,0.0,TBR|TBMTBR5Stage2|5#1222
TBR,2026-07-02,A,2,false,TBMTBR9Stage2,295/80R22.5JUL1,295/80R22.5 JUM (+2 SKUs),"",R22.5,112222982C016MJUM0,3,94.0,4,2026-07-02 11:54,2026-07-02 17:08,5.23,true,false,GT 5103 - 295/80R22.5 JUM XM OEM,157.21666666666667,10.0,0.0,TBR|TBMTBR9Stage2|2#1712
TBR,2026-07-02,A,2,false,TBMTBR4Stage2,GT 5075 - 295/90R20 JUH XF,295/90R20 JUH XF / JW 304 (+3 SKUs),295/90R20,R20,1122129A20152JULF0,4,115.0,4,2026-07-02 12:19,2026-07-02 18:47,6.46,true,false,10.00R 20 JW302,188.4,10.0,0.0,TBR|TBMTBR4Stage2|3#1163
TBR,2026-07-02,A,2,false,TBMTBR6Stage2,315/70R22.5JDL3,315/70R22.5 JS JDL3 (+1 SKUs),"",R22.5,115123162C018LDL30,2,78.0,3,2026-07-02 12:59,2026-07-02 17:31,4.53,true,false,GT 5079 - 255/70R22.5 JUX E,71.0,10.0,0.0,TBR|TBMTBR6Stage2|6#1345
TBR,2026-07-02,A,2,false,TBMTBR7Stage2,8.25R20JUH5,8.25R20JUH5 (+4 SKUs),8.25R20,R20,1122182020016KUH50,5,92.0,3,2026-07-02 13:09,2026-07-02 18:00,4.83,true,false,10.00 R 20 JUH3+,10.0,10.0,0.0,TBR|TBMTBR7Stage2|6#1470
TBR,2026-07-02,A,2,false,TBMTBR8Stage2,GT 5095 - 11.00R20 JUC3,11.00R20 JUC3 (+1 SKUs),"",R20,1123111020016KJC30,2,78.0,3,2026-07-02 13:20,2026-07-02 17:43,4.38,true,false,11.00R20JDE++,10.0,10.0,0.0,TBR|TBMTBR8Stage2|5#1594
TBR,2026-07-02,A,2,false,TBMTBR3Stage2,11.00R20 JUH5,11.00R20 JUH5 (+2 SKUs),11R20,R20,1122111020016KUH50,3,81.0,3,2026-07-02 13:42,2026-07-02 18:16,4.55,true,false,GT 5076 - 295/90R20 JDE XF,90.51666666666667,10.0,0.0,TBR|TBMTBR3Stage2|4#1056
TBR,2026-07-02,A,2,false,TBMTBR2Stage2,295/90R20JDCXD,295/90R20_JDC XD_152/148_J_TT (+1 SKUs),10R20,R20,1121129A20152JCXD0,2,95.0,4,2026-07-02 13:49,2026-07-02 19:09,5.34,true,false,10.00 R 20 JDE,10.0,10.0,0.0,TBR|TBMTBR2Stage2|3#971
TBR,2026-07-02,A,2,false,TBMTBR1Stage2,10.00 R 20 JUH5,10.00 R 20 JW JUH5 - N2 (+1 SKUs),10.00 R 20 JUH5,R20,1122110020016KUH50,2,263.0,10,2026-07-02 13:51,2026-07-03 04:38,14.78,false,false,10.00 R 20 JUH5,173.86666666666667,0.0,0.0,TBR|TBMTBR1Stage2|3#897
TBR,2026-07-02,B,2,false,TBMTBR4Stage2,10.00R 20 JW302,295/90R20JUCXM (+1 SKUs),10R20,R20,1123129A20152JUCM0,2,78.0,3,2026-07-02 18:57,2026-07-02 23:20,4.38,true,false,GT 5075 - 295/90R20 JUH XF,10.0,10.0,0.0,TBR|TBMTBR4Stage2|4#1164
TBR,2026-07-02,B,2,false,TBMTBR7Stage2,9.00 R 20 JDE++,9.00 R 20 JDE++ (+1 SKUs),9R20,R20,1121190020016KDEP0,2,81.0,3,2026-07-02 19:14,2026-07-02 23:29,4.26,true,false,8.25R20JUH5,74.16666666666667,10.0,0.0,TBR|TBMTBR7Stage2|7#1471
TBR,2026-07-02,B,2,false,TBMTBR8Stage2,GT 5095 - 11.00R20 JUC3,11.00R20 JUC3 (+1 SKUs),"",R20,1123111020016KJC30,2,78.0,3,2026-07-02 19:35,2026-07-02 23:59,4.38,false,false,GT 5095 - 11.00R20 JUC3,112.5,0.0,0.0,TBR|TBMTBR8Stage2|5#1595
TBR,2026-07-02,B,2,false,TBMTBR9Stage2,GT 5103 - 295/80R22.5 JUM XM OEM,295/80R22.5 JUM XM OEM (+2 SKUs),22.5,R22.5,112222982C152MJXM0,3,85.0,3,2026-07-02 20:53,2026-07-03 01:40,4.78,true,false,295/80R22.5JUL1,225.31666666666666,10.0,0.0,TBR|TBMTBR9Stage2|3#1713
TBR,2026-07-02,B,2,false,TBMTBR5Stage2,GT 5078 - 295/80R22.5 JUX E,295/80R22.5 JUXe (+5 SKUs),"",R22.5,112222982C016JUXE0,6,78.0,3,2026-07-02 22:18,2026-07-03 02:42,4.38,true,false,GT 5083 - 295/80R22.5 JUM XM,324.18333333333334,10.0,0.0,TBR|TBMTBR5Stage2|6#1223
TBR,2026-07-02,C,2,false,TBMTBR6Stage2,GT 5079 - 255/70R22.5 JUX E,255/70R22.5 JUXe 140/137 M (+2 SKUs),22.5,R22.5,112222562C016MUXE0,3,78.0,3,2026-07-02 23:25,2026-07-03 03:38,4.22,true,false,315/70R22.5JDL3,353.8,10.0,0.0,TBR|TBMTBR6Stage2|7#1346
TBR,2026-07-02,C,2,false,TBMTBR4Stage2,10.00 R 20 JUH5,10.00 R 20 JW JUH5 - N2 (+1 SKUs),10.00 R 20 JUH5,R20,1122110020016KUH50,2,243.0,9,2026-07-02 23:30,2026-07-03 13:09,13.66,true,false,10.00R 20 JW302,10.0,10.0,0.0,TBR|TBMTBR4Stage2|5#1165
TBR,2026-07-02,C,2,false,TBMTBR2Stage2,10.00 R 20 JUH3+,10.00 R 20 JW JETWAY JUH3+ N2 (+1 SKUs),"",R20,1122110020016KH3P0,2,175.0,6,2026-07-02 23:36,2026-07-03 09:04,9.46,true,false,295/90R20JDCXD,267.1166666666667,10.0,0.0,TBR|TBMTBR2Stage2|4#972
TBR,2026-07-02,C,2,false,TBMTBR7Stage2,8.25R20JDE++,8.25R20JDE++ (+2 SKUs),8.25R20,R20,1121182020016KDEP0,3,87.0,3,2026-07-02 23:39,2026-07-03 04:13,4.57,true,false,9.00 R 20 JDE++,10.0,10.0,0.0,TBR|TBMTBR7Stage2|8#1472
TBR,2026-07-02,C,2,false,TBMTBR3Stage2,GT 5076 - 295/90R20 JDE XF,295/90R20 JDE XF / JS121 (+3 SKUs),295/90R20,R20,1121129A20152JDLF0,4,108.0,4,2026-07-02 23:54,2026-07-03 05:59,6.07,true,false,11.00R20 JUH5,338.6666666666667,10.0,0.0,TBR|TBMTBR3Stage2|5#1057
TBR,2026-07-02,C,2,false,TBMTBR8Stage2,GT 5096 - 11.00R20 JDC XD,11.00R20 JDC XD (+2 SKUs),"",R20,1121111020016KCXD0,3,78.0,3,2026-07-03 00:09,2026-07-03 04:32,4.38,true,false,GT 5095 - 11.00R20 JUC3,10.0,10.0,0.0,TBR|TBMTBR8Stage2|6#1596
TBR,2026-07-02,C,2,false,TBMTBR6Stage2,295/80R22.5JUL1,295/80R22.5 JUM (+2 SKUs),"",R22.5,112222982C016MJUM0,3,104.0,4,2026-07-03 03:48,2026-07-03 09:35,5.78,true,false,GT 5079 - 255/70R22.5 JUX E,10.0,10.0,0.0,TBR|TBMTBR6Stage2|8#1347
TBR,2026-07-02,C,2,false,TBMTBR5Stage2,GT 5083 - 295/80R22.5 JUM XM,295/80R22.5 JUM XM (+1 SKUs),22.5,R22.5,112222982C016MJXM0,2,108.0,4,2026-07-03 04:41,2026-07-03 10:45,6.07,true,false,GT 5078 - 295/80R22.5 JUX E,119.36666666666666,10.0,0.0,TBR|TBMTBR5Stage2|7#1224
TBR,2026-07-02,C,2,false,TBMTBR7Stage2,8.25R20JUH5,8.25R20JUH5 (+4 SKUs),8.25R20,R20,1122182020016KUH50,5,92.0,3,2026-07-03 05:11,2026-07-03 10:01,4.83,true,false,8.25R20JDE++,57.916666666666664,10.0,0.0,TBR|TBMTBR7Stage2|9#1473
TBR,2026-07-02,C,2,false,TBMTBR8Stage2,11.00R20JDE++,11.00R20 JDE++ (+1 SKUs),11.00R20,R20,1121111020016KDEP0,2,100.0,4,2026-07-03 05:24,2026-07-03 11:01,5.62,true,false,GT 5096 - 11.00R20 JDC XD,52.06666666666666,10.0,0.0,TBR|TBMTBR8Stage2|7#1597
TBR,2026-07-02,C,2,false,TBMTBR1Stage2,10.00 R 20 JDE,295/90R20JDE++ (+4 SKUs),R20,R20,1121129A20000JDEP0,5,135.0,5,2026-07-03 06:17,2026-07-03 13:52,7.59,true,false,10.00 R 20 JUH5,98.86666666666666,10.0,0.0,TBR|TBMTBR1Stage2|4#898
TBR,2026-07-03,A,3,false,TBMTBR2Stage2,295/90R20JDCXD,295/90R20_JDC XD_152/148_J_TT (+1 SKUs),10R20,R20,1121129A20152JCXD0,2,81.0,3,2026-07-03 09:27,2026-07-03 14:01,4.55,true,false,10.00 R 20 JUH3+,23.0,10.0,0.0,TBR|TBMTBR2Stage2|5#973
TBR,2026-07-03,A,3,false,TBMTBR9Stage2,GT 5103 - 295/80R22.5 JUM XM OEM,295/80R22.5 JUM XM OEM (+2 SKUs),22.5,R22.5,112222982C152MJXM0,3,85.0,3,2026-07-03 09:32,2026-07-03 14:18,4.78,false,false,GT 5103 - 295/80R22.5 JUM XM OEM,471.55,0.0,0.0,TBR|TBMTBR9Stage2|3#1714
TBR,2026-07-03,A,3,false,TBMTBR6Stage2,255/70R22.5JTH1,255/70 R 22.5 JETWAY JTH1 (+1 SKUs),255/70 R 22.5,R22.5,115222562C016MTH10,2,90.0,3,2026-07-03 09:45,2026-07-03 14:37,4.87,true,false,295/80R22.5JUL1,10.0,10.0,0.0,TBR|TBMTBR6Stage2|9#1348
TBR,2026-07-03,A,3,false,TBMTBR8Stage2,9.00 R 20 JUH3,9.00 R 20 JETWAY JUH3 14 PR N2 (+2 SKUs),"",R20,1122190020014KJH30,3,99.0,3,2026-07-03 11:11,2026-07-03 16:20,5.14,true,false,11.00R20JDE++,10.0,10.0,0.0,TBR|TBMTBR8Stage2|8#1598
TBR,2026-07-03,A,3,false,TBMTBR5Stage2,GT 5079 - 255/70R22.5 JUX E,255/70R22.5 JUXe 140/137 M (+2 SKUs),22.5,R22.5,112222562C016MUXE0,3,78.0,3,2026-07-03 11:18,2026-07-03 15:31,4.22,true,false,GT 5083 - 295/80R22.5 JUM XM,33.13333333333333,10.0,0.0,TBR|TBMTBR5Stage2|8#1225
TBR,2026-07-03,A,3,false,TBMTBR7Stage2,9.00 R 20 JDE++,9.00 R 20 JDE++ (+1 SKUs),9R20,R20,1121190020016KDEP0,2,81.0,3,2026-07-03 11:22,2026-07-03 15:37,4.26,true,false,8.25R20JUH5,80.46666666666667,10.0,0.0,TBR|TBMTBR7Stage2|10#1474
TBR,2026-07-03,A,3,false,TBMTBR3Stage2,GT 5096 - 11.00R20 JDC XD,11.00R20 JDC XD (+2 SKUs),"",R20,1121111020016KCXD0,3,78.0,3,2026-07-03 11:38,2026-07-03 16:01,4.38,true,false,GT 5076 - 295/90R20 JDE XF,339.1333333333333,10.0,0.0,TBR|TBMTBR3Stage2|6#1058
TBR,2026-07-03,A,3,false,TBMTBR4Stage2,10.00R 20 JW302,295/90R20JUCXM (+1 SKUs),10R20,R20,1123129A20152JUCM0,2,78.0,3,2026-07-03 13:19,2026-07-03 17:42,4.38,true,false,10.00 R 20 JUH5,10.0,10.0,0.0,TBR|TBMTBR4Stage2|6#1166
TBR,2026-07-03,A,3,false,TBMTBR2Stage2,10.00 R 20 JUH3+,10.00 R 20 JW JETWAY JUH3+ N2 (+1 SKUs),"",R20,1122110020016KH3P0,2,175.0,6,2026-07-03 14:11,2026-07-03 23:38,9.46,true,false,295/90R20JDCXD,10.0,10.0,0.0,TBR|TBMTBR2Stage2|6#974
TBR,2026-07-03,A,3,false,TBMTBR9Stage2,GT 5078 - 295/80R22.5 JUX E,295/80R22.5 JUXe (+5 SKUs),"",R22.5,112222982C016JUXE0,6,78.0,3,2026-07-03 14:28,2026-07-03 18:51,4.38,true,false,GT 5103 - 295/80R22.5 JUM XM OEM,10.0,10.0,0.0,TBR|TBMTBR9Stage2|4#1715
TBR,2026-07-03,A,3,false,TBMTBR6Stage2,11R22.5JTHSD,11R22.5JTHsd 16PR (+1 SKUs),"",R22.5,115221102C016LJTS0,2,96.0,3,2026-07-03 14:47,2026-07-03 20:07,5.34,true,false,255/70R22.5JTH1,10.0,10.0,0.0,TBR|TBMTBR6Stage2|10#1349
TBR,2026-07-03,B,3,false,TBMTBR5Stage2,315/80R22.5JUL4,315/80R22.5JUL4 (+1 SKUs),22.5,R22.5,115223182C018LUL40,2,78.0,3,2026-07-03 15:41,2026-07-03 20:13,4.53,true,false,GT 5079 - 255/70R22.5 JUX E,10.0,10.0,0.0,TBR|TBMTBR5Stage2|9#1226
TBR,2026-07-03,B,3,false,TBMTBR7Stage2,8.25R20JDE++,8.25R20JDE++ (+2 SKUs),8.25R20,R20,1121182020016KDEP0,3,87.0,3,2026-07-03 15:47,2026-07-03 20:22,4.57,true,false,9.00 R 20 JDE++,10.0,10.0,0.0,TBR|TBMTBR7Stage2|11#1475
TBR,2026-07-03,B,3,false,TBMTBR3Stage2,11.00R20 JUH5,11.00R20 JUH5 (+2 SKUs),11R20,R20,1122111020016KUH50,3,81.0,3,2026-07-03 16:11,2026-07-03 20:44,4.55,true,false,GT 5096 - 11.00R20 JDC XD,10.0,10.0,0.0,TBR|TBMTBR3Stage2|7#1059
TBR,2026-07-03,B,3,false,TBMTBR8Stage2,GT 5101 - 11.00R20 JS114,11.00R20 JS114 (+1 SKUs),11.00R20,R20,1121111020016K1141,2,75.0,3,2026-07-03 16:30,2026-07-03 20:43,4.22,true,false,9.00 R 20 JUH3,10.0,10.0,0.0,TBR|TBMTBR8Stage2|9#1599
TBR,2026-07-03,B,3,false,TBMTBR1Stage2,10.00R 20 JW302,295/90R20JUCXM (+1 SKUs),10R20,R20,1123129A20152JUCM0,2,78.0,3,2026-07-03 18:05,2026-07-03 22:28,4.38,true,false,10.00 R 20 JDE,252.95,10.0,0.0,TBR|TBMTBR1Stage2|5#899
TBR,2026-07-03,B,3,false,TBMTBR6Stage2,295/75R22.5JTHSD,295/75R22.5JTHsd (+1 SKUs),"",R22.5,115222972C014LJTS0,2,96.0,3,2026-07-03 20:39,2026-07-04 01:59,5.34,true,false,11R22.5JTHSD,31.75,10.0,0.0,TBR|TBMTBR6Stage2|11#1350
TBR,2026-07-03,B,3,false,TBMTBR7Stage2,8.25R20JUH5,8.25R20JUH5 (+4 SKUs),8.25R20,R20,1122182020016KUH50,5,92.0,3,2026-07-03 21:13,2026-07-04 02:03,4.83,true,false,8.25R20JDE++,51.61666666666667,10.0,0.0,TBR|TBMTBR7Stage2|12#1476
TBR,2026-07-03,B,3,false,TBMTBR8Stage2,GT 5096 - 11.00R20 JDC XD,11.00R20 JDC XD (+2 SKUs),"",R20,1121111020016KCXD0,3,78.0,3,2026-07-03 22:30,2026-07-04 02:53,4.38,true,false,GT 5101 - 11.00R20 JS114,107.66666666666667,10.0,0.0,TBR|TBMTBR8Stage2|10#1600
TBR,2026-07-03,B,3,false,TBMTBR5Stage2,GT 5083 - 295/80R22.5 JUM XM,295/80R22.5 JUM XM (+1 SKUs),22.5,R22.5,112222982C016MJXM0,2,108.0,4,2026-07-03 22:32,2026-07-04 04:36,6.07,true,false,315/80R22.5JUL4,138.73333333333332,10.0,0.0,TBR|TBMTBR5Stage2|10#1227
TBR,2026-07-03,B,3,false,TBMTBR1Stage2,10.00 R 20 JDE,295/90R20JDE++ (+4 SKUs),R20,R20,1121129A20000JDEP0,5,135.0,5,2026-07-03 22:38,2026-07-04 06:13,7.59,true,false,10.00R 20 JW302,10.0,10.0,0.0,TBR|TBMTBR1Stage2|6#900
TBR,2026-07-03,C,3,false,TBMTBR3Stage2,GT 5076 - 295/90R20 JDE XF,295/90R20 JDE XF / JS121 (+3 SKUs),295/90R20,R20,1121129A20152JDLF0,4,108.0,4,2026-07-03 23:22,2026-07-04 05:26,6.07,true,false,11.00R20 JUH5,157.68333333333334,10.0,0.0,TBR|TBMTBR3Stage2|8#1060
TBR,2026-07-03,C,3,false,TBMTBR9Stage2,295/80R22.5JUL1,295/80R22.5 JUM (+2 SKUs),"",R22.5,112222982C016MJUM0,3,104.0,4,2026-07-03 23:42,2026-07-04 05:29,5.78,true,false,GT 5078 - 295/80R22.5 JUX E,290.73333333333335,10.0,0.0,TBR|TBMTBR9Stage2|5#1716
TBR,2026-07-03,C,3,false,TBMTBR4Stage2,10.00 R 20 JUH5,10.00 R 20 JW JUH5 - N2 (+1 SKUs),10.00 R 20 JUH5,R20,1122110020016KUH50,2,243.0,9,2026-07-04 00:41,2026-07-04 14:21,13.66,true,false,10.00R 20 JW302,419.0,10.0,0.0,TBR|TBMTBR4Stage2|7#1167
TBR,2026-07-03,C,3,false,TBMTBR2Stage2,10.00 R 20 JUH3+,10.00 R 20 JW JETWAY JUH3+ N2 (+1 SKUs),"",R20,1122110020016KH3P0,2,175.0,6,2026-07-04 01:56,2026-07-04 11:23,9.46,false,false,10.00 R 20 JUH3+,137.08333333333334,0.0,0.0,TBR|TBMTBR2Stage2|6#975
TBR,2026-07-03,C,3,false,TBMTBR6Stage2,11R22.5JUC,11R22.5 JW JUC (+1 SKUs),"",R22.5,112321102C016LJUC0,2,81.0,3,2026-07-04 02:45,2026-07-04 07:15,4.5,true,false,295/75R22.5JTHSD,45.7,10.0,0.0,TBR|TBMTBR6Stage2|12#1351
TBR,2026-07-03,C,3,false,TBMTBR8Stage2,11.00R20JDE++,11.00R20 JDE++ (+1 SKUs),11.00R20,R20,1121111020016KDEP0,2,100.0,4,2026-07-04 03:03,2026-07-04 08:41,5.62,true,false,GT 5096 - 11.00R20 JDC XD,10.0,10.0,0.0,TBR|TBMTBR8Stage2|11#1601
TBR,2026-07-03,C,3,false,TBMTBR7Stage2,9.00 R 20 JDE++,9.00 R 20 JDE++ (+1 SKUs),9R20,R20,1121190020016KDEP0,2,81.0,3,2026-07-04 03:30,2026-07-04 07:45,4.26,true,false,8.25R20JUH5,86.76666666666667,10.0,0.0,TBR|TBMTBR7Stage2|13#1477
TBR,2026-07-03,C,3,false,TBMTBR3Stage2,GT 5075 - 295/90R20 JUH XF,295/90R20 JUH XF / JW 304 (+3 SKUs),295/90R20,R20,1122129A20152JULF0,4,113.0,4,2026-07-04 05:36,2026-07-04 11:57,6.35,true,false,GT 5076 - 295/90R20 JDE XF,10.0,10.0,0.0,TBR|TBMTBR3Stage2|9#1061
TBR,2026-07-03,C,3,false,TBMTBR9Stage2,GT 5103 - 295/80R22.5 JUM XM OEM,295/80R22.5 JUM XM OEM (+2 SKUs),22.5,R22.5,112222982C152MJXM0,3,85.0,3,2026-07-04 05:39,2026-07-04 10:26,4.78,true,false,295/80R22.5JUL1,10.0,10.0,0.0,TBR|TBMTBR9Stage2|6#1717
TBR,2026-07-03,C,3,false,TBMTBR5Stage2,GT 5078 - 295/80R22.5 JUX E,295/80R22.5 JUXe (+5 SKUs),"",R22.5,112222982C016JUXE0,6,78.0,3,2026-07-04 05:53,2026-07-04 10:16,4.38,true,false,GT 5083 - 295/80R22.5 JUM XM,76.93333333333334,10.0,0.0,TBR|TBMTBR5Stage2|11#1228
TBR,2026-07-04,A,4,false,TBMTBR6Stage2,GT 5079 - 255/70R22.5 JUX E,255/70R22.5 JUXe 140/137 M (+2 SKUs),22.5,R22.5,112222562C016MUXE0,3,78.0,3,2026-07-04 07:25,2026-07-04 11:39,4.22,true,false,11R22.5JUC,10.0,10.0,0.0,TBR|TBMTBR6Stage2|13#1352
TBR,2026-07-04,A,4,false,TBMTBR7Stage2,8.25R20JDE++,8.25R20JDE++ (+2 SKUs),8.25R20,R20,1121182020016KDEP0,3,87.0,3,2026-07-04 07:55,2026-07-04 12:30,4.57,true,false,9.00 R 20 JDE++,10.0,10.0,0.0,TBR|TBMTBR7Stage2|14#1478
TBR,2026-07-04,A,4,false,TBMTBR1Stage2,10.00 R 20 JUH5,10.00 R 20 JW JUH5 - N2 (+1 SKUs),10.00 R 20 JUH5,R20,1122110020016KUH50,2,243.0,9,2026-07-04 08:05,2026-07-04 21:45,13.66,true,false,10.00 R 20 JDE,111.63333333333333,10.0,0.0,TBR|TBMTBR1Stage2|7#901
TBR,2026-07-04,A,4,false,TBMTBR8Stage2,GT 5096 - 11.00R20 JDC XD,11.00R20 JDC XD (+2 SKUs),"",R20,1121111020016KCXD0,3,78.0,3,2026-07-04 08:51,2026-07-04 13:14,4.38,true,false,11.00R20JDE++,10.0,10.0,0.0,TBR|TBMTBR8Stage2|12#1602
TBR,2026-07-04,A,4,false,TBMTBR5Stage2,295/80R22.5JUL1,295/80R22.5 JUM (+2 SKUs),"",R22.5,112222982C016MJUM0,3,104.0,4,2026-07-04 10:26,2026-07-04 16:13,5.78,true,false,GT 5078 - 295/80R22.5 JUX E,10.0,10.0,0.0,TBR|TBMTBR5Stage2|12#1229
TBR,2026-07-04,A,4,false,TBMTBR2Stage2,10.00 R 20 JDE,295/90R20JDE++ (+4 SKUs),R20,R20,1121129A20000JDEP0,5,135.0,5,2026-07-04 11:33,2026-07-04 19:09,7.59,true,false,10.00 R 20 JUH3+,10.0,10.0,0.0,TBR|TBMTBR2Stage2|7#976
TBR,2026-07-04,A,4,false,TBMTBR6Stage2,315/70R22.5JDL3,315/70R22.5 JS JDL3 (+1 SKUs),"",R22.5,115123162C018LDL30,2,78.0,3,2026-07-04 11:49,2026-07-04 16:20,4.53,true,false,GT 5079 - 255/70R22.5 JUX E,10.0,10.0,0.0,TBR|TBMTBR6Stage2|14#1353
TBR,2026-07-04,A,4,false,TBMTBR7Stage2,8.25R20JUH5,8.25R20JUH5 (+4 SKUs),8.25R20,R20,1122182020016KUH50,5,92.0,3,2026-07-04 13:15,2026-07-04 18:05,4.83,true,false,8.25R20JDE++,45.31666666666666,10.0,0.0,TBR|TBMTBR7Stage2|15#1479
TBR,2026-07-04,A,4,false,TBMTBR8Stage2,GT 5095 - 11.00R20 JUC3,11.00R20 JUC3 (+1 SKUs),"",R20,1123111020016KJC30,2,78.0,3,2026-07-04 13:26,2026-07-04 17:49,4.38,true,false,GT 5096 - 11.00R20 JDC XD,12.3,10.0,0.0,TBR|TBMTBR8Stage2|13#1603
TBR,2026-07-04,A,4,false,TBMTBR3Stage2,11.00R20 JUH5,11.00R20 JUH5 (+2 SKUs),11R20,R20,1122111020016KUH50,3,81.0,3,2026-07-04 14:28,2026-07-04 19:01,4.55,true,false,GT 5075 - 295/90R20 JUH XF,150.38333333333333,10.0,0.0,TBR|TBMTBR3Stage2|10#1062
TBR,2026-07-04,B,4,false,TBMTBR5Stage2,295/80R22.5JDL,295/80R22.5 JDL CURE TYRE (+1 SKUs),"",R22.5,112122982C016MJDL0,2,78.0,3,2026-07-04 16:23,2026-07-04 20:44,4.34,true,false,295/80R22.5JUL1,10.0,10.0,0.0,TBR|TBMTBR5Stage2|13#1230
TBR,2026-07-04,B,4,false,TBMTBR6Stage2,11R22.5JTHSD,11R22.5JTHsd 16PR (+1 SKUs),"",R22.5,115221102C016LJTS0,2,94.0,3,2026-07-04 16:30,2026-07-04 21:44,5.23,true,false,315/70R22.5JDL3,10.0,10.0,0.0,TBR|TBMTBR6Stage2|15#1354
TBR,2026-07-04,B,4,false,TBMTBR2Stage2,10.00 R 20 JUH3+,10.00 R 20 JW JETWAY JUH3+ N2 (+1 SKUs),"",R20,1122110020016KH3P0,2,174.0,6,2026-07-04 19:19,2026-07-05 04:43,9.41,true,false,10.00 R 20 JDE,10.0,10.0,0.0,TBR|TBMTBR2Stage2|8#977
TBR,2026-07-04,B,4,false,TBMTBR7Stage2,9.00 R 20 JDE++,9.00 R 20 JDE++ (+1 SKUs),9R20,R20,1121190020016KDEP0,2,81.0,3,2026-07-04 19:38,2026-07-04 23:54,4.26,true,false,8.25R20JUH5,93.08333333333333,10.0,0.0,TBR|TBMTBR7Stage2|16#1480
TBR,2026-07-04,B,4,false,TBMTBR8Stage2,9.00 R 20 JUH3,9.00 R 20 JETWAY JUH3 14 PR N2 (+2 SKUs),"",R20,1122190020014KJH30,3,99.0,3,2026-07-04 19:53,2026-07-05 01:02,5.14,true,false,GT 5095 - 11.00R20 JUC3,123.96666666666667,10.0,0.0,TBR|TBMTBR8Stage2|14#1604
TBR,2026-07-04,B,4,false,TBMTBR5Stage2,GT 5078 - 295/80R22.5 JUX E,295/80R22.5 JUXe (+5 SKUs),"",R22.5,112222982C016JUXE0,6,78.0,3,2026-07-04 20:54,2026-07-05 01:17,4.38,true,false,295/80R22.5JDL,10.0,10.0,0.0,TBR|TBMTBR5Stage2|14#1231
TBR,2026-07-04,B,4,false,TBMTBR3Stage2,GT 5076 - 295/90R20 JDE XF,295/90R20 JDE XF / JS121 (+3 SKUs),295/90R20,R20,1121129A20152JDLF0,4,108.0,4,2026-07-04 20:54,2026-07-05 02:58,6.07,true,false,11.00R20 JUH5,113.05,10.0,0.0,TBR|TBMTBR3Stage2|11#1063
TBR,2026-07-04,B,4,false,TBMTBR9Stage2,GT 5103 - 295/80R22.5 JUM XM OEM,295/80R22.5 JUM XM OEM (+2 SKUs),22.5,R22.5,112222982C152MJXM0,3,85.0,3,2026-07-04 21:41,2026-07-05 02:27,4.78,false,false,GT 5103 - 295/80R22.5 JUM XM OEM,674.9,0.0,0.0,TBR|TBMTBR9Stage2|6#1718
TBR,2026-07-04,B,4,false,TBMTBR6Stage2,GT 5079 - 255/70R22.5 JUX E,255/70R22.5 JUXe 140/137 M (+2 SKUs),22.5,R22.5,112222562C016MUXE0,3,78.0,3,2026-07-04 21:54,2026-07-05 02:07,4.22,true,false,11R22.5JTHSD,10.0,10.0,0.0,TBR|TBMTBR6Stage2|16#1355
TBR,2026-07-04,B,4,false,TBMTBR1Stage2,10.00R 20 JW302,295/90R20JUCXM (+1 SKUs),10R20,R20,1123129A20152JUCM0,2,77.0,3,2026-07-04 21:55,2026-07-05 02:14,4.33,true,false,10.00 R 20 JUH5,10.0,10.0,0.0,TBR|TBMTBR1Stage2|8#902
TBR,2026-07-04,C,4,false,TBMTBR4Stage2,GT 5075 - 295/90R20 JUH XF,295/90R20 JUH XF / JW 304 (+3 SKUs),295/90R20,R20,1122129A20152JULF0,4,113.0,4,2026-07-04 23:33,2026-07-05 05:54,6.35,true,false,10.00 R 20 JUH5,551.6166666666667,10.0,0.0,TBR|TBMTBR4Stage2|8#1168
TBR,2026-07-04,C,4,false,TBMTBR7Stage2,8.25R20JDE++,8.25R20JDE++ (+2 SKUs),8.25R20,R20,1121182020016KDEP0,3,87.0,3,2026-07-05 00:04,2026-07-05 04:38,4.57,true,false,9.00 R 20 JDE++,10.0,10.0,0.0,TBR|TBMTBR7Stage2|17#1481
TBR,2026-07-04,C,4,false,TBMTBR8Stage2,GT 5096 - 11.00R20 JDC XD,11.00R20 JDC XD (+2 SKUs),"",R20,1121111020016KCXD0,3,78.0,3,2026-07-05 01:12,2026-07-05 05:35,4.38,true,false,9.00 R 20 JUH3,10.0,10.0,0.0,TBR|TBMTBR8Stage2|15#1605
TBR,2026-07-04,C,4,false,TBMTBR5Stage2,GT 5083 - 295/80R22.5 JUM XM,295/80R22.5 JUM XM (+1 SKUs),22.5,R22.5,112222982C016MJXM0,2,108.0,4,2026-07-05 01:27,2026-07-05 07:31,6.07,true,false,GT 5078 - 295/80R22.5 JUX E,10.0,10.0,0.0,TBR|TBMTBR5Stage2|15#1232
TBR,2026-07-04,C,4,false,TBMTBR6Stage2,315/70R22.5JUL4,315/70R22.5 JW JUL4,"",R22.5,115223162C018LUL40,1,72.0,3,2026-07-05 02:17,2026-07-05 06:28,4.18,true,false,GT 5079 - 255/70R22.5 JUX E,10.0,10.0,0.0,TBR|TBMTBR6Stage2|17#1356
TBR,2026-07-04,C,4,false,TBMTBR3Stage2,10.00 R 20 JUH3+,10.00 R 20 JW JETWAY JUH3+ N2 (+1 SKUs),"",R20,1122110020016KH3P0,2,175.0,6,2026-07-05 03:08,2026-07-05 12:36,9.46,true,false,GT 5076 - 295/90R20 JDE XF,10.0,10.0,0.0,TBR|TBMTBR3Stage2|12#1064
TBR,2026-07-04,C,4,false,TBMTBR1Stage2,295/90R20JDCXD,295/90R20_JDC XD_152/148_J_TT (+1 SKUs),10R20,R20,1121129A20152JCXD0,2,80.0,3,2026-07-05 03:19,2026-07-05 07:49,4.5,true,false,10.00R 20 JW302,65.06666666666666,10.0,0.0,TBR|TBMTBR1Stage2|9#903
TBR,2026-07-04,C,4,false,TBMTBR7Stage2,8.25R20JUH5,8.25R20JUH5 (+4 SKUs),8.25R20,R20,1122182020016KUH50,5,92.0,3,2026-07-05 05:17,2026-07-05 10:07,4.83,true,false,8.25R20JDE++,39.016666666666666,10.0,0.0,TBR|TBMTBR7Stage2|18#1482
TBR,2026-07-04,C,4,false,TBMTBR8Stage2,11.00R20JDE++,11.00R20 JDE++ (+1 SKUs),11.00R20,R20,1121111020016KDEP0,2,100.0,4,2026-07-05 05:50,2026-07-05 11:28,5.62,true,false,GT 5096 - 11.00R20 JDC XD,15.583333333333334,10.0,0.0,TBR|TBMTBR8Stage2|16#1606
TBR,2026-07-04,C,4,false,TBMTBR6Stage2,GT 5079 - 255/70R22.5 JUX E,255/70R22.5 JUXe 140/137 M (+2 SKUs),22.5,R22.5,112222562C016MUXE0,3,78.0,3,2026-07-05 06:38,2026-07-05 10:51,4.22,true,false,315/70R22.5JUL4,10.0,10.0,0.0,TBR|TBMTBR6Stage2|18#1357
TBR,2026-07-05,A,5,false,TBMTBR2Stage2,10.00 R 20 JDE,295/90R20JDE++ (+4 SKUs),R20,R20,1121129A20000JDEP0,5,135.0,5,2026-07-05 07:21,2026-07-05 14:56,7.59,true,false,10.00 R 20 JUH3+,157.36666666666667,10.0,0.0,TBR|TBMTBR2Stage2|9#978
TBR,2026-07-05,A,5,false,TBMTBR5Stage2,GT 5078 - 295/80R22.5 JUX E,295/80R22.5 JUXe (+5 SKUs),"",R22.5,112222982C016JUXE0,6,77.0,3,2026-07-05 07:41,2026-07-05 12:01,4.33,true,false,GT 5083 - 295/80R22.5 JUM XM,10.0,10.0,0.0,TBR|TBMTBR5Stage2|16#1233
TBR,2026-07-05,A,5,false,TBMTBR4Stage2,10.00 R 20 JUH5,10.00 R 20 JW JUH5 - N2 (+1 SKUs),10.00 R 20 JUH5,R20,1122110020016KUH50,2,243.0,9,2026-07-05 09:08,2026-07-05 22:48,13.66,true,false,GT 5075 - 295/90R20 JUH XF,194.38333333333333,10.0,0.0,TBR|TBMTBR4Stage2|9#1169
TBR,2026-07-05,A,5,false,TBMTBR6Stage2,255/70R22.5JTH1,255/70 R 22.5 JETWAY JTH1 (+1 SKUs),255/70 R 22.5,R22.5,115222562C016MTH10,2,90.0,3,2026-07-05 11:01,2026-07-05 15:53,4.87,true,false,GT 5079 - 255/70R22.5 JUX E,10.0,10.0,0.0,TBR|TBMTBR6Stage2|19#1358
TBR,2026-07-05,A,5,false,TBMTBR7Stage2,9.00 R 20 JDE++,9.00 R 20 JDE++ (+1 SKUs),9R20,R20,1121190020016KDEP0,2,80.0,3,2026-07-05 11:50,2026-07-05 16:02,4.2,true,false,8.25R20JUH5,102.53333333333333,10.0,0.0,TBR|TBMTBR7Stage2|19#1483
TBR,2026-07-05,A,5,false,TBMTBR5Stage2,315/80R22.5JUL4,315/80R22.5JUL4 (+1 SKUs),22.5,R22.5,115223182C018LUL40,2,78.0,3,2026-07-05 12:11,2026-07-05 16:42,4.53,true,false,GT 5078 - 295/80R22.5 JUX E,10.0,10.0,0.0,TBR|TBMTBR5Stage2|17#1234
TBR,2026-07-05,A,5,false,TBMTBR1Stage2,10.00R 20 JW302,295/90R20JUCXM (+1 SKUs),10R20,R20,1123129A20152JUCM0,2,77.0,3,2026-07-05 12:13,2026-07-05 16:33,4.33,true,false,295/90R20JDCXD,263.6166666666667,10.0,0.0,TBR|TBMTBR1Stage2|10#904
TBR,2026-07-05,A,5,false,TBMTBR3Stage2,11.00R20 JUH5,11.00R20 JUH5 (+2 SKUs),11R20,R20,1122111020016KUH50,3,81.0,3,2026-07-05 12:46,2026-07-05 17:19,4.55,true,false,10.00 R 20 JUH3+,10.0,10.0,0.0,TBR|TBMTBR3Stage2|13#1065
TBR,2026-07-05,A,5,false,TBMTBR8Stage2,GT 5095 - 11.00R20 JUC3,11.00R20 JUC3 (+1 SKUs),"",R20,1123111020016KJC30,2,78.0,3,2026-07-05 12:56,2026-07-05 17:19,4.38,true,false,11.00R20JDE++,88.6,10.0,0.0,TBR|TBMTBR8Stage2|17#1607
TBR,2026-07-05,A,5,false,TBMTBR9Stage2,GT 5103 - 295/80R22.5 JUM XM OEM,295/80R22.5 JUM XM OEM (+2 SKUs),22.5,R22.5,112222982C152MJXM0,3,85.0,3,2026-07-05 13:40,2026-07-05 18:27,4.78,false,false,GT 5103 - 295/80R22.5 JUM XM OEM,672.3833333333333,0.0,0.0,TBR|TBMTBR9Stage2|6#1719
TBR,2026-07-05,B,5,false,TBMTBR6Stage2,GT 5113 - 295/80R22.5 JDC XD,295/80R22.5 JETSTEEL JDC XD,"",R22.5,115122982C018KCXD0,1,75.0,3,2026-07-05 16:03,2026-07-05 20:16,4.22,true,false,255/70R22.5JTH1,10.0,10.0,0.0,TBR|TBMTBR6Stage2|20#1359
TBR,2026-07-05,B,5,false,TBMTBR7Stage2,8.25R20JDE++,8.25R20JDE++ (+2 SKUs),8.25R20,R20,1121182020016KDEP0,3,87.0,3,2026-07-05 16:12,2026-07-05 20:46,4.57,true,false,9.00 R 20 JDE++,10.0,10.0,0.0,TBR|TBMTBR7Stage2|20#1484
TBR,2026-07-05,B,5,false,TBMTBR1Stage2,295/90R20JDCXD,295/90R20_JDC XD_152/148_J_TT (+1 SKUs),10R20,R20,1121129A20152JCXD0,2,80.0,3,2026-07-05 16:43,2026-07-05 21:12,4.5,true,false,10.00R 20 JW302,10.0,10.0,0.0,TBR|TBMTBR1Stage2|11#905
TBR,2026-07-05,B,5,false,TBMTBR5Stage2,GT 5102 - 295/80R22.5 JDL XM DOM,295/80R22.5 JDL XM DOM,"",R22.5,112122982C016MJXM0,1,75.0,3,2026-07-05 16:52,2026-07-05 21:05,4.22,true,false,315/80R22.5JUL4,10.0,10.0,0.0,TBR|TBMTBR5Stage2|18#1235
TBR,2026-07-05,B,5,false,TBMTBR2Stage2,GT 5076 - 295/90R20 JDE XF,295/90R20 JDE XF / JS121 (+3 SKUs),295/90R20,R20,1121129A20152JDLF0,4,108.0,4,2026-07-05 16:57,2026-07-05 23:01,6.07,true,false,10.00 R 20 JDE,120.71666666666667,10.0,0.0,TBR|TBMTBR2Stage2|10#979
TBR,2026-07-05,B,5,false,TBMTBR3Stage2,GT 5075 - 295/90R20 JUH XF,295/90R20 JUH XF / JW 304 (+3 SKUs),295/90R20,R20,1122129A20152JULF0,4,114.0,4,2026-07-05 17:29,2026-07-05 23:54,6.41,true,false,11.00R20 JUH5,10.0,10.0,0.0,TBR|TBMTBR3Stage2|14#1066
TBR,2026-07-05,B,5,false,TBMTBR8Stage2,GT 5101 - 11.00R20 JS114,11.00R20 JS114 (+1 SKUs),11.00R20,R20,1121111020016K1141,2,75.0,3,2026-07-05 17:29,2026-07-05 21:42,4.22,true,false,GT 5095 - 11.00R20 JUC3,10.0,10.0,0.0,TBR|TBMTBR8Stage2|18#1608
TBR,2026-07-05,B,5,false,TBMTBR6Stage2,295/75R22.5JTHSD,295/75R22.5JTHsd (+1 SKUs),"",R22.5,115222972C014LJTS0,2,96.0,3,2026-07-05 20:26,2026-07-06 01:46,5.34,true,false,GT 5113 - 295/80R22.5 JDC XD,10.0,10.0,0.0,TBR|TBMTBR6Stage2|21#1360
TBR,2026-07-05,B,5,false,TBMTBR9Stage2,GT 5083 - 295/80R22.5 JUM XM,295/80R22.5 JUM XM (+1 SKUs),22.5,R22.5,112222982C016MJXM0,2,108.0,4,2026-07-05 20:59,2026-07-06 03:03,6.07,true,false,GT 5103 - 295/80R22.5 JUM XM OEM,152.63333333333333,10.0,0.0,TBR|TBMTBR9Stage2|7#1720
TBR,2026-07-05,B,5,false,TBMTBR7Stage2,8.25R20JUH5,8.25R20JUH5 (+4 SKUs),8.25R20,R20,1122182020016KUH50,5,92.0,3,2026-07-05 21:19,2026-07-06 02:09,4.83,true,false,8.25R20JDE++,32.71666666666667,10.0,0.0,TBR|TBMTBR7Stage2|21#1485
TBR,2026-07-05,B,5,false,TBMTBR1Stage2,10.00 R 20 JUH3+,10.00 R 20 JW JETWAY JUH3+ N2 (+1 SKUs),"",R20,1122110020016KH3P0,2,175.0,6,2026-07-05 21:22,2026-07-06 06:50,9.46,true,false,295/90R20JDCXD,10.0,10.0,0.0,TBR|TBMTBR1Stage2|12#906
TBR,2026-07-05,B,5,false,TBMTBR5Stage2,295/80R22.5JUL1,295/80R22.5 JUM (+2 SKUs),"",R22.5,112222982C016MJUM0,3,104.0,4,2026-07-05 21:32,2026-07-06 03:19,5.78,true,false,GT 5102 - 295/80R22.5 JDL XM DOM,26.833333333333332,10.0,0.0,TBR|TBMTBR5Stage2|19#1236
TBR,2026-07-05,C,5,false,TBMTBR8Stage2,11.00R20JDE++,11.00R20 JDE++ (+1 SKUs),11.00R20,R20,1121111020016KDEP0,2,100.0,4,2026-07-05 23:34,2026-07-06 05:11,5.62,true,false,GT 5101 - 11.00R20 JS114,111.61666666666666,10.0,0.0,TBR|TBMTBR8Stage2|19#1609
TBR,2026-07-05,C,5,false,TBMTBR2Stage2,10.00 R 20 JDE,295/90R20JDE++ (+4 SKUs),R20,R20,1121129A20000JDEP0,5,135.0,5,2026-07-05 23:42,2026-07-06 07:18,7.59,true,false,GT 5076 - 295/90R20 JDE XF,41.016666666666666,10.0,0.0,TBR|TBMTBR2Stage2|11#980
TBR,2026-07-05,C,5,false,TBMTBR3Stage2,10.00 R 20 JUH5,10.00 R 20 JW JUH5 - N2 (+1 SKUs),10.00 R 20 JUH5,R20,1122110020016KUH50,2,243.0,9,2026-07-06 01:22,2026-07-06 15:01,13.66,true,false,GT 5075 - 295/90R20 JUH XF,87.83333333333333,10.0,0.0,TBR|TBMTBR3Stage2|15#1067
TBR,2026-07-05,C,5,false,TBMTBR6Stage2,315/70R22.5JDL3,315/70R22.5 JS JDL3 (+1 SKUs),"",R22.5,115123162C018LDL30,2,78.0,3,2026-07-06 01:59,2026-07-06 06:30,4.53,true,false,295/75R22.5JTHSD,12.333333333333334,10.0,0.0,TBR|TBMTBR6Stage2|22#1361
TBR,2026-07-05,C,5,false,TBMTBR7Stage2,9.00 R 20 JDE++,9.00 R 20 JDE++ (+1 SKUs),9R20,R20,1121190020016KDEP0,2,79.0,3,2026-07-06 04:01,2026-07-06 08:10,4.15,true,false,8.25R20JUH5,111.98333333333333,10.0,0.0,TBR|TBMTBR7Stage2|22#1486
TBR,2026-07-05,C,5,false,TBMTBR8Stage2,GT 5095 - 11.00R20 JUC3,11.00R20 JUC3 (+1 SKUs),"",R20,1123111020016KJC30,2,77.0,3,2026-07-06 05:24,2026-07-06 09:44,4.33,true,false,11.00R20JDE++,12.783333333333333,10.0,0.0,TBR|TBMTBR8Stage2|20#1610
TBR,2026-07-05,C,5,false,TBMTBR9Stage2,GT 5103 - 295/80R22.5 JUM XM OEM,295/80R22.5 JUM XM OEM (+2 SKUs),22.5,R22.5,112222982C152MJXM0,3,85.0,3,2026-07-06 05:39,2026-07-06 10:26,4.78,true,false,GT 5083 - 295/80R22.5 JUM XM,155.46666666666667,10.0,0.0,TBR|TBMTBR9Stage2|8#1721
TBR,2026-07-05,C,5,false,TBMTBR4Stage2,10.00R 20 JW302,295/90R20JUCXM (+1 SKUs),10R20,R20,1123129A20152JUCM0,2,77.0,3,2026-07-06 05:52,2026-07-06 10:11,4.33,true,false,10.00 R 20 JUH5,423.73333333333335,10.0,0.0,TBR|TBMTBR4Stage2|10#1170
TBR,2026-07-05,C,5,false,TBMTBR5Stage2,GT 5078 - 295/80R22.5 JUX E,295/80R22.5 JUXe (+5 SKUs),"",R22.5,112222982C016JUXE0,6,154.0,6,2026-07-06 06:27,2026-07-06 15:41,9.24,true,false,295/80R22.5JUL1,187.88333333333333,10.0,0.0,TBR|TBMTBR5Stage2|20#1237
TBR,2026-07-05,C,5,false,TBMTBR6Stage2,GT 5079 - 255/70R22.5 JUX E,255/70R22.5 JUXe 140/137 M (+2 SKUs),22.5,R22.5,112222562C016MUXE0,3,78.0,3,2026-07-06 06:40,2026-07-06 10:53,4.22,true,false,315/70R22.5JDL3,10.0,10.0,0.0,TBR|TBMTBR6Stage2|23#1362
TBR,2026-07-06,A,6,false,TBMTBR1Stage2,10.00R 20 JW302,295/90R20JUCXM (+1 SKUs),10R20,R20,1123129A20152JUCM0,2,77.0,3,2026-07-06 07:25,2026-07-06 11:45,4.33,true,false,10.00 R 20 JUH3+,34.95,10.0,0.0,TBR|TBMTBR1Stage2|13#907
TBR,2026-07-06,A,6,false,TBMTBR7Stage2,8.25R20JDE++,8.25R20JDE++ (+2 SKUs),8.25R20,R20,1121182020016KDEP0,3,87.0,3,2026-07-06 08:20,2026-07-06 12:54,4.57,true,false,9.00 R 20 JDE++,10.0,10.0,0.0,TBR|TBMTBR7Stage2|23#1487
TBR,2026-07-06,A,6,false,TBMTBR2Stage2,GT 5076 - 295/90R20 JDE XF,295/90R20 JDE XF / JS121 (+3 SKUs),295/90R20,R20,1121129A20152JDLF0,4,108.0,4,2026-07-06 09:49,2026-07-06 15:54,6.07,true,false,10.00 R 20 JDE,151.75,10.0,0.0,TBR|TBMTBR2Stage2|12#981
TBR,2026-07-06,A,6,false,TBMTBR8Stage2,GT 5096 - 11.00R20 JDC XD,11.00R20 JDC XD (+2 SKUs),"",R20,1121111020016KCXD0,3,78.0,3,2026-07-06 09:54,2026-07-06 14:17,4.38,true,false,GT 5095 - 11.00R20 JUC3,10.0,10.0,0.0,TBR|TBMTBR8Stage2|21#1611
TBR,2026-07-06,A,6,false,TBMTBR6Stage2,295/80R22.5JUL1,295/80R22.5 JUM (+2 SKUs),"",R22.5,112222982C016MJUM0,3,104.0,4,2026-07-06 11:03,2026-07-06 16:50,5.78,true,false,GT 5079 - 255/70R22.5 JUX E,10.0,10.0,0.0,TBR|TBMTBR6Stage2|24#1363
TBR,2026-07-06,A,6,false,TBMTBR4Stage2,GT 5075 - 295/90R20 JUH XF,295/90R20 JUH XF / JW 304 (+3 SKUs),295/90R20,R20,1122129A20152JULF0,4,112.0,4,2026-07-06 11:07,2026-07-06 17:25,6.3,true,false,10.00R 20 JW302,55.93333333333333,10.0,0.0,TBR|TBMTBR4Stage2|11#1171
TBR,2026-07-06,A,6,false,TBMTBR1Stage2,10.00 R 20 JUH3+,10.00 R 20 JW JETWAY JUH3+ N2 (+1 SKUs),"",R20,1122110020016KH3P0,2,175.0,6,2026-07-06 11:55,2026-07-06 21:23,9.46,true,false,10.00R 20 JW302,10.0,10.0,0.0,TBR|TBMTBR1Stage2|14#908
TBR,2026-07-06,A,6,false,TBMTBR7Stage2,8.25R20JUH5,8.25R20JUH5 (+4 SKUs),8.25R20,R20,1122182020016KUH50,5,92.0,3,2026-07-06 13:21,2026-07-06 18:11,4.83,true,false,8.25R20JDE++,26.416666666666668,10.0,0.0,TBR|TBMTBR7Stage2|24#1488
TBR,2026-07-06,B,6,false,TBMTBR3Stage2,11.00R20 JUH5,11.00R20 JUH5 (+2 SKUs),11R20,R20,1122111020016KUH50,3,81.0,3,2026-07-06 15:13,2026-07-06 19:46,4.55,true,false,10.00 R 20 JUH5,11.5,10.0,0.0,TBR|TBMTBR3Stage2|16#1068
TBR,2026-07-06,B,6,false,TBMTBR8Stage2,GT 5101 - 11.00R20 JS114,11.00R20 JS114 (+1 SKUs),11.00R20,R20,1121111020016K1141,2,75.0,3,2026-07-06 15:51,2026-07-06 20:04,4.22,true,false,GT 5096 - 11.00R20 JDC XD,94.18333333333334,10.0,0.0,TBR|TBMTBR8Stage2|22#1612
TBR,2026-07-06,B,6,false,TBMTBR5Stage2,GT 5083 - 295/80R22.5 JUM XM,295/80R22.5 JUM XM (+1 SKUs),22.5,R22.5,112222982C016MJXM0,2,107.0,4,2026-07-06 15:51,2026-07-06 21:52,6.02,true,false,GT 5078 - 295/80R22.5 JUX E,10.0,10.0,0.0,TBR|TBMTBR5Stage2|21#1238
TBR,2026-07-06,B,6,false,TBMTBR2Stage2,10.00 R 20 JDE,295/90R20JDE++ (+4 SKUs),R20,R20,1121129A20000JDEP0,5,133.0,5,2026-07-06 16:04,2026-07-06 23:32,7.48,true,false,GT 5076 - 295/90R20 JDE XF,10.0,10.0,0.0,TBR|TBMTBR2Stage2|13#982
TBR,2026-07-06,B,6,false,TBMTBR6Stage2,315/70R22.5JUL4,315/70R22.5 JW JUL4,"",R22.5,115223162C018LUL40,1,72.0,3,2026-07-06 17:00,2026-07-06 21:11,4.18,true,false,295/80R22.5JUL1,10.0,10.0,0.0,TBR|TBMTBR6Stage2|25#1364
TBR,2026-07-06,B,6,false,TBMTBR4Stage2,10.00 R 20 JUH5,10.00 R 20 JW JUH5 - N2 (+1 SKUs),10.00 R 20 JUH5,R20,1122110020016KUH50,2,243.0,9,2026-07-06 17:35,2026-07-07 07:15,13.66,true,false,GT 5075 - 295/90R20 JUH XF,10.0,10.0,0.0,TBR|TBMTBR4Stage2|12#1172
TBR,2026-07-06,B,6,false,TBMTBR7Stage2,9.00 R 20 JDE++,9.00 R 20 JDE++ (+1 SKUs),9R20,R20,1121190020016KDEP0,2,78.0,3,2026-07-06 20:12,2026-07-07 00:18,4.1,true,false,8.25R20JUH5,121.43333333333334,10.0,0.0,TBR|TBMTBR7Stage2|25#1489
TBR,2026-07-06,B,6,false,TBMTBR8Stage2,11.00R20JDE++,11.00R20 JDE++ (+1 SKUs),11.00R20,R20,1121111020016KDEP0,2,100.0,4,2026-07-06 20:14,2026-07-07 01:51,5.62,true,false,GT 5101 - 11.00R20 JS114,10.0,10.0,0.0,TBR|TBMTBR8Stage2|23#1613
TBR,2026-07-06,B,6,false,TBMTBR6Stage2,GT 5079 - 255/70R22.5 JUX E,255/70R22.5 JUXe 140/137 M (+2 SKUs),22.5,R22.5,112222562C016MUXE0,3,78.0,3,2026-07-06 21:21,2026-07-07 01:34,4.22,true,false,315/70R22.5JUL4,10.0,10.0,0.0,TBR|TBMTBR6Stage2|26#1365
TBR,2026-07-06,B,6,false,TBMTBR9Stage2,GT 5103 - 295/80R22.5 JUM XM OEM,295/80R22.5 JUM XM OEM (+2 SKUs),22.5,R22.5,112222982C152MJXM0,3,85.0,3,2026-07-06 21:38,2026-07-07 02:25,4.78,false,false,GT 5103 - 295/80R22.5 JUM XM OEM,672.3833333333333,0.0,0.0,TBR|TBMTBR9Stage2|8#1722
TBR,2026-07-06,B,6,false,TBMTBR1Stage2,10.00R 20 JW302,295/90R20JUCXM (+1 SKUs),10R20,R20,1123129A20152JUCM0,2,77.0,3,2026-07-06 21:50,2026-07-07 02:10,4.33,true,false,10.00 R 20 JUH3+,27.216666666666665,10.0,0.0,TBR|TBMTBR1Stage2|15#909
TBR,2026-07-06,B,6,false,TBMTBR5Stage2,GT 5078 - 295/80R22.5 JUX E,295/80R22.5 JUXe (+5 SKUs),"",R22.5,112222982C016JUXE0,6,77.0,3,2026-07-06 22:18,2026-07-07 02:38,4.33,true,false,GT 5083 - 295/80R22.5 JUM XM,25.8,10.0,0.0,TBR|TBMTBR5Stage2|22#1239
TBR,2026-07-06,C,6,false,TBMTBR3Stage2,GT 5075 - 295/90R20 JUH XF,295/90R20 JUH XF / JW 304 (+3 SKUs),295/90R20,R20,1122129A20152JULF0,4,113.0,4,2026-07-06 23:05,2026-07-07 05:26,6.35,true,false,11.00R20 JUH5,198.68333333333334,10.0,0.0,TBR|TBMTBR3Stage2|17#1069
TBR,2026-07-06,C,6,false,TBMTBR2Stage2,10.00 R 20 JUH3+,10.00 R 20 JW JETWAY JUH3+ N2 (+1 SKUs),"",R20,1122110020016KH3P0,2,175.0,6,2026-07-07 00:26,2026-07-07 09:54,9.46,true,false,10.00 R 20 JDE,53.483333333333334,10.0,0.0,TBR|TBMTBR2Stage2|14#983
TBR,2026-07-06,C,6,false,TBMTBR7Stage2,8.25R20JDE++,8.25R20JDE++ (+2 SKUs),8.25R20,R20,1121182020016KDEP0,3,87.0,3,2026-07-07 00:28,2026-07-07 05:03,4.57,true,false,9.00 R 20 JDE++,10.0,10.0,0.0,TBR|TBMTBR7Stage2|26#1490
TBR,2026-07-06,C,6,false,TBMTBR6Stage2,11R22.5JUC,11R22.5 JW JUC (+1 SKUs),"",R22.5,112321102C016LJUC0,2,81.0,3,2026-07-07 01:44,2026-07-07 06:15,4.5,true,false,GT 5079 - 255/70R22.5 JUX E,10.0,10.0,0.0,TBR|TBMTBR6Stage2|27#1366
TBR,2026-07-06,C,6,false,TBMTBR8Stage2,GT 5096 - 11.00R20 JDC XD,11.00R20 JDC XD (+2 SKUs),"",R20,1121111020016KCXD0,3,78.0,3,2026-07-07 02:01,2026-07-07 06:24,4.38,true,false,11.00R20JDE++,10.0,10.0,0.0,TBR|TBMTBR8Stage2|24#1614
TBR,2026-07-06,C,6,false,TBMTBR5Stage2,295/80R22.5JDL,295/80R22.5 JDL CURE TYRE (+1 SKUs),"",R22.5,112122982C016MJDL0,2,78.0,3,2026-07-07 03:01,2026-07-07 07:21,4.34,true,false,GT 5078 - 295/80R22.5 JUX E,23.4,10.0,0.0,TBR|TBMTBR5Stage2|23#1240
TBR,2026-07-06,C,6,false,TBMTBR1Stage2,295/90R20JDCXD,295/90R20_JDC XD_152/148_J_TT (+1 SKUs),10R20,R20,1121129A20152JCXD0,2,79.0,3,2026-07-07 03:12,2026-07-07 07:38,4.44,true,false,10.00R 20 JW302,62.016666666666666,10.0,0.0,TBR|TBMTBR1Stage2|16#910
TBR,2026-07-06,C,6,false,TBMTBR7Stage2,8.25R20JUH5,8.25R20JUH5 (+4 SKUs),8.25R20,R20,1122182020016KUH50,5,92.0,3,2026-07-07 05:23,2026-07-07 10:13,4.83,true,false,8.25R20JDE++,20.116666666666667,10.0,0.0,TBR|TBMTBR7Stage2|27#1491
TBR,2026-07-06,C,6,false,TBMTBR6Stage2,GT 5079 - 255/70R22.5 JUX E,255/70R22.5 JUXe 140/137 M (+2 SKUs),22.5,R22.5,112222562C016MUXE0,3,78.0,3,2026-07-07 06:25,2026-07-07 10:38,4.22,true,false,11R22.5JUC,10.0,10.0,0.0,TBR|TBMTBR6Stage2|28#1367
TBR,2026-07-06,C,6,false,TBMTBR3Stage2,GT 5076 - 295/90R20 JDE XF,295/90R20 JDE XF / JS121 (+3 SKUs),295/90R20,R20,1121129A20152JDLF0,4,108.0,4,2026-07-07 06:59,2026-07-07 13:03,6.07,true,false,GT 5075 - 295/90R20 JUH XF,93.21666666666667,10.0,0.0,TBR|TBMTBR3Stage2|18#1070
TBR,2026-07-07,A,7,false,TBMTBR5Stage2,11R22.5JTHSD,11R22.5JTHsd 16PR (+1 SKUs),"",R22.5,115221102C016LJTS0,2,93.0,3,2026-07-07 07:31,2026-07-07 12:42,5.17,true,false,295/80R22.5JDL,10.0,10.0,0.0,TBR|TBMTBR5Stage2|24#1241
TBR,2026-07-07,A,7,false,TBMTBR9Stage2,295/80R22.5JUL1,295/80R22.5 JUM (+2 SKUs),"",R22.5,112222982C016MJUM0,3,104.0,4,2026-07-07 07:40,2026-07-07 13:27,5.78,true,false,GT 5103 - 295/80R22.5 JUM XM OEM,315.3333333333333,10.0,0.0,TBR|TBMTBR9Stage2|9#1723
TBR,2026-07-07,A,7,false,TBMTBR1Stage2,10.00 R 20 JDE,295/90R20JDE++ (+4 SKUs),R20,R20,1121129A20000JDEP0,5,133.0,5,2026-07-07 08:25,2026-07-07 15:54,7.48,true,false,295/90R20JDCXD,46.666666666666664,10.0,0.0,TBR|TBMTBR1Stage2|17#911
TBR,2026-07-07,A,7,false,TBMTBR8Stage2,9.00 R 20 JUH3,9.00 R 20 JETWAY JUH3 14 PR N2 (+2 SKUs),"",R20,1122190020014KJH30,3,96.0,3,2026-07-07 09:04,2026-07-07 14:03,4.99,true,false,GT 5096 - 11.00R20 JDC XD,159.13333333333333,10.0,0.0,TBR|TBMTBR8Stage2|25#1615
TBR,2026-07-07,A,7,false,TBMTBR4Stage2,10.00 R 20 JUH5,10.00 R 20 JW JUH5 - N2 (+1 SKUs),10.00 R 20 JUH5,R20,1122110020016KUH50,2,243.0,9,2026-07-07 09:48,2026-07-07 23:28,13.66,false,false,10.00 R 20 JUH5,153.76666666666665,0.0,0.0,TBR|TBMTBR4Stage2|12#1173
TBR,2026-07-07,A,7,false,TBMTBR2Stage2,295/90R20JDCXD,295/90R20_JDC XD_152/148_J_TT (+1 SKUs),10R20,R20,1121129A20152JCXD0,2,78.0,3,2026-07-07 10:27,2026-07-07 14:50,4.38,true,false,10.00 R 20 JUH3+,33.11666666666667,10.0,0.0,TBR|TBMTBR2Stage2|15#984
TBR,2026-07-07,A,7,false,TBMTBR6Stage2,255/70R22.5JTH1,255/70 R 22.5 JETWAY JTH1 (+1 SKUs),255/70 R 22.5,R22.5,115222562C016MTH10,2,90.0,3,2026-07-07 10:48,2026-07-07 15:40,4.87,true,false,GT 5079 - 255/70R22.5 JUX E,10.0,10.0,0.0,TBR|TBMTBR6Stage2|29#1368
TBR,2026-07-07,A,7,false,TBMTBR7Stage2,9.00 R 20 JDE++,9.00 R 20 JDE++ (+1 SKUs),9R20,R20,1121190020016KDEP0,2,78.0,3,2026-07-07 12:20,2026-07-07 16:26,4.1,true,false,8.25R20JUH5,127.73333333333333,10.0,0.0,TBR|TBMTBR7Stage2|28#1492
TBR,2026-07-07,A,7,false,TBMTBR5Stage2,315/80R22.5JUL4,315/80R22.5JUL4 (+1 SKUs),22.5,R22.5,115223182C018LUL40,2,78.0,3,2026-07-07 12:52,2026-07-07 17:23,4.53,true,false,11R22.5JTHSD,10.0,10.0,0.0,TBR|TBMTBR5Stage2|25#1242
TBR,2026-07-07,A,7,false,TBMTBR3Stage2,GT 5096 - 11.00R20 JDC XD,11.00R20 JDC XD (+2 SKUs),"",R20,1121111020016KCXD0,3,78.0,3,2026-07-07 13:13,2026-07-07 17:36,4.38,true,false,GT 5076 - 295/90R20 JDE XF,10.0,10.0,0.0,TBR|TBMTBR3Stage2|19#1071
TBR,2026-07-07,A,7,false,TBMTBR9Stage2,GT 5103 - 295/80R22.5 JUM XM OEM,295/80R22.5 JUM XM OEM (+2 SKUs),22.5,R22.5,112222982C152MJXM0,3,85.0,3,2026-07-07 13:37,2026-07-07 18:24,4.78,true,false,295/80R22.5JUL1,10.0,10.0,0.0,TBR|TBMTBR9Stage2|10#1724
TBR,2026-07-07,A,7,false,TBMTBR8Stage2,GT 5095 - 11.00R20 JUC3,11.00R20 JUC3 (+1 SKUs),"",R20,1123111020016KJC30,2,76.0,3,2026-07-07 14:13,2026-07-07 18:29,4.27,true,false,9.00 R 20 JUH3,10.0,10.0,0.0,TBR|TBMTBR8Stage2|26#1616
TBR,2026-07-07,B,7,false,TBMTBR2Stage2,10.00 R 20 JUH3+,10.00 R 20 JW JETWAY JUH3+ N2 (+1 SKUs),"",R20,1122110020016KH3P0,2,173.0,6,2026-07-07 15:00,2026-07-08 00:21,9.36,true,false,295/90R20JDCXD,10.0,10.0,0.0,TBR|TBMTBR2Stage2|16#985
TBR,2026-07-07,B,7,false,TBMTBR6Stage2,GT 5113 - 295/80R22.5 JDC XD,295/80R22.5 JETSTEEL JDC XD,"",R22.5,115122982C018KCXD0,1,75.0,3,2026-07-07 15:50,2026-07-07 20:03,4.22,true,false,255/70R22.5JTH1,10.0,10.0,0.0,TBR|TBMTBR6Stage2|30#1369
TBR,2026-07-07,B,7,false,TBMTBR7Stage2,8.25R20JDE++,8.25R20JDE++ (+2 SKUs),8.25R20,R20,1121182020016KDEP0,3,87.0,3,2026-07-07 16:36,2026-07-07 21:11,4.57,true,false,9.00 R 20 JDE++,10.0,10.0,0.0,TBR|TBMTBR7Stage2|29#1493
TBR,2026-07-07,B,7,false,TBMTBR5Stage2,GT 5102 - 295/80R22.5 JDL XM DOM,295/80R22.5 JDL XM DOM,"",R22.5,112122982C016MJXM0,1,75.0,3,2026-07-07 17:33,2026-07-07 21:46,4.22,true,false,315/80R22.5JUL4,10.0,10.0,0.0,TBR|TBMTBR5Stage2|26#1243
TBR,2026-07-07,B,7,false,TBMTBR3Stage2,11.00R20 JUH5,11.00R20 JUH5 (+2 SKUs),11R20,R20,1122111020016KUH50,3,81.0,3,2026-07-07 17:46,2026-07-07 22:20,4.55,true,false,GT 5096 - 11.00R20 JDC XD,10.0,10.0,0.0,TBR|TBMTBR3Stage2|20#1072
TBR,2026-07-07,B,7,false,TBMTBR9Stage2,GT 5083 - 295/80R22.5 JUM XM,295/80R22.5 JUM XM (+1 SKUs),22.5,R22.5,112222982C016MJXM0,2,106.0,4,2026-07-07 19:26,2026-07-08 01:23,5.96,true,false,GT 5103 - 295/80R22.5 JUM XM OEM,62.0,10.0,0.0,TBR|TBMTBR9Stage2|11#1725
TBR,2026-07-07,B,7,false,TBMTBR1Stage2,10.00 R 20 JUH3+,10.00 R 20 JW JETWAY JUH3+ N2 (+1 SKUs),"",R20,1122110020016KH3P0,2,173.0,6,2026-07-07 20:07,2026-07-08 05:28,9.36,true,false,10.00 R 20 JDE,253.33333333333334,10.0,0.0,TBR|TBMTBR1Stage2|18#912
TBR,2026-07-07,B,7,false,TBMTBR6Stage2,295/75R22.5JTHSD,295/75R22.5JTHsd (+1 SKUs),"",R22.5,115222972C014LJTS0,2,96.0,3,2026-07-07 20:13,2026-07-08 01:33,5.34,true,false,GT 5113 - 295/80R22.5 JDC XD,10.0,10.0,0.0,TBR|TBMTBR6Stage2|31#1370
TBR,2026-07-07,B,7,false,TBMTBR7Stage2,8.25R20JUH5,8.25R20JUH5 (+4 SKUs),8.25R20,R20,1122182020016KUH50,5,92.0,3,2026-07-07 21:25,2026-07-08 02:15,4.83,true,false,8.25R20JDE++,13.799999999999999,10.0,0.0,TBR|TBMTBR7Stage2|30#1494
TBR,2026-07-07,C,7,false,TBMTBR3Stage2,GT 5095 - 11.00R20 JUC3,11.00R20 JUC3 (+1 SKUs),"",R20,1123111020016KJC30,2,77.0,3,2026-07-07 23:02,2026-07-08 03:22,4.33,true,false,11.00R20 JUH5,42.21666666666667,10.0,0.0,TBR|TBMTBR3Stage2|21#1073
TBR,2026-07-07,C,7,false,TBMTBR8Stage2,11.00R20JDE++,11.00R20 JDE++ (+1 SKUs),11.00R20,R20,1121111020016KDEP0,2,100.0,4,2026-07-07 23:07,2026-07-08 04:45,5.62,true,false,GT 5095 - 11.00R20 JUC3,278.3,10.0,0.0,TBR|TBMTBR8Stage2|27#1617
TBR,2026-07-07,C,7,false,TBMTBR2Stage2,10.00 R 20 JDE,295/90R20JDE++ (+4 SKUs),R20,R20,1121129A20000JDEP0,5,133.0,5,2026-07-08 00:46,2026-07-08 08:15,7.48,true,false,10.00 R 20 JUH3+,25.2,10.0,0.0,TBR|TBMTBR2Stage2|17#986
TBR,2026-07-07,C,7,false,TBMTBR4Stage2,10.00 R 20 JUH5,10.00 R 20 JW JUH5 - N2 (+1 SKUs),10.00 R 20 JUH5,R20,1122110020016KUH50,2,243.0,9,2026-07-08 02:02,2026-07-08 15:41,13.66,false,false,10.00 R 20 JUH5,153.76666666666665,0.0,0.0,TBR|TBMTBR4Stage2|12#1174
TBR,2026-07-07,C,7,false,TBMTBR3Stage2,GT 5075 - 295/90R20 JUH XF,295/90R20 JUH XF / JW 304 (+3 SKUs),295/90R20,R20,1122129A20152JULF0,4,112.0,4,2026-07-08 03:32,2026-07-08 09:49,6.3,true,false,GT 5095 - 11.00R20 JUC3,10.0,10.0,0.0,TBR|TBMTBR3Stage2|22#1074
TBR,2026-07-07,C,7,false,TBMTBR6Stage2,315/70R22.5JDL3,315/70R22.5 JS JDL3 (+1 SKUs),"",R22.5,115123162C018LDL30,2,75.0,3,2026-07-08 03:52,2026-07-08 08:14,4.35,true,false,295/75R22.5JTHSD,139.2,10.0,0.0,TBR|TBMTBR6Stage2|32#1371
TBR,2026-07-07,C,7,false,TBMTBR7Stage2,9.00 R 20 JDE++,9.00 R 20 JDE++ (+1 SKUs),9R20,R20,1121190020016KDEP0,2,78.0,3,2026-07-08 04:29,2026-07-08 08:35,4.1,true,false,8.25R20JUH5,134.03333333333333,10.0,0.0,TBR|TBMTBR7Stage2|31#1495
TBR,2026-07-07,C,7,false,TBMTBR8Stage2,8.25R20JUH5,8.25R20JUH5 (+4 SKUs),8.25R20,R20,1122182020016KUH50,5,92.0,3,2026-07-08 04:57,2026-07-08 09:47,4.83,true,false,11.00R20JDE++,12.283333333333333,10.0,0.0,TBR|TBMTBR8Stage2|28#1618
TBR,2026-07-07,C,7,false,TBMTBR9Stage2,GT 5103 - 295/80R22.5 JUM XM OEM,295/80R22.5 JUM XM OEM (+2 SKUs),22.5,R22.5,112222982C152MJXM0,3,85.0,3,2026-07-08 05:36,2026-07-08 10:23,4.78,true,false,GT 5083 - 295/80R22.5 JUM XM,252.83333333333334,10.0,0.0,TBR|TBMTBR9Stage2|12#1726
TBR,2026-07-07,C,7,false,TBMTBR1Stage2,10.00R 20 JW302,295/90R20JUCXM (+1 SKUs),10R20,R20,1123129A20152JUCM0,2,77.0,3,2026-07-08 05:38,2026-07-08 09:58,4.33,true,false,10.00 R 20 JUH3+,10.0,10.0,0.0,TBR|TBMTBR1Stage2|19#913
TBR,2026-07-07,C,7,false,TBMTBR5Stage2,GT 5078 - 295/80R22.5 JUX E,295/80R22.5 JUXe (+5 SKUs),"",R22.5,112222982C016JUXE0,6,77.0,3,2026-07-08 06:00,2026-07-08 10:20,4.33,true,false,GT 5102 - 295/80R22.5 JDL XM DOM,493.65,10.0,0.0,TBR|TBMTBR5Stage2|27#1244
TBR,2026-07-08,A,8,false,TBMTBR6Stage2,GT 5079 - 255/70R22.5 JUX E,255/70R22.5 JUXe 140/137 M (+2 SKUs),22.5,R22.5,112222562C016MUXE0,3,78.0,3,2026-07-08 08:24,2026-07-08 12:37,4.22,true,false,315/70R22.5JDL3,10.0,10.0,0.0,TBR|TBMTBR6Stage2|33#1372
TBR,2026-07-08,A,8,false,TBMTBR7Stage2,8.25R20JDE++,8.25R20JDE++ (+2 SKUs),8.25R20,R20,1121182020016KDEP0,3,87.0,3,2026-07-08 08:45,2026-07-08 13:19,4.57,true,false,9.00 R 20 JDE++,10.0,10.0,0.0,TBR|TBMTBR7Stage2|32#1496
TBR,2026-07-08,A,8,false,TBMTBR2Stage2,10.00 R 20 JDE,295/90R20JDE++ (+4 SKUs),R20,R20,1121129A20000JDEP0,5,266.0,10,2026-07-08 09:39,2026-07-09 00:36,14.95,false,false,10.00 R 20 JDE,84.16666666666667,0.0,0.0,TBR|TBMTBR2Stage2|17#987
TBR,2026-07-08,A,8,false,TBMTBR8Stage2,GT 5096 - 11.00R20 JDC XD,11.00R20 JDC XD (+2 SKUs),"",R20,1121111020016KCXD0,3,78.0,3,2026-07-08 09:57,2026-07-08 14:20,4.38,true,false,8.25R20JUH5,10.0,10.0,0.0,TBR|TBMTBR8Stage2|29#1619
TBR,2026-07-08,A,8,false,TBMTBR3Stage2,GT 5076 - 295/90R20 JDE XF,295/90R20 JDE XF / JS121 (+3 SKUs),295/90R20,R20,1121129A20152JDLF0,4,108.0,4,2026-07-08 09:59,2026-07-08 16:04,6.07,true,false,GT 5075 - 295/90R20 JUH XF,10.0,10.0,0.0,TBR|TBMTBR3Stage2|23#1075
TBR,2026-07-08,A,8,false,TBMTBR1Stage2,10.00 R 20 JUH3+,10.00 R 20 JW JETWAY JUH3+ N2 (+1 SKUs),"",R20,1122110020016KH3P0,2,172.0,6,2026-07-08 11:59,2026-07-08 21:17,9.3,true,false,10.00R 20 JW302,120.98333333333333,10.0,0.0,TBR|TBMTBR1Stage2|20#914
TBR,2026-07-08,A,8,false,TBMTBR5Stage2,GT 5083 - 295/80R22.5 JUM XM,295/80R22.5 JUM XM (+1 SKUs),22.5,R22.5,112222982C016MJXM0,2,107.0,4,2026-07-08 12:22,2026-07-08 18:23,6.02,true,false,GT 5078 - 295/80R22.5 JUX E,122.41666666666667,10.0,0.0,TBR|TBMTBR5Stage2|28#1245
TBR,2026-07-08,A,8,false,TBMTBR6Stage2,295/80R22.5JUL1,295/80R22.5 JUM (+2 SKUs),"",R22.5,112222982C016MJUM0,3,104.0,4,2026-07-08 13:06,2026-07-08 18:53,5.78,true,false,GT 5079 - 255/70R22.5 JUX E,29.766666666666666,10.0,0.0,TBR|TBMTBR6Stage2|34#1373
TBR,2026-07-08,B,8,false,TBMTBR7Stage2,8.25R20JUH5,8.25R20JUH5 (+4 SKUs),8.25R20,R20,1122182020016KUH50,5,91.0,3,2026-07-08 15:40,2026-07-08 20:27,4.78,true,false,8.25R20JDE++,141.01666666666665,10.0,0.0,TBR|TBMTBR7Stage2|33#1497
TBR,2026-07-08,B,8,false,TBMTBR8Stage2,11.00R20 JUH5,11.00R20 JUH5 (+2 SKUs),11R20,R20,1122111020016KUH50,3,81.0,3,2026-07-08 15:58,2026-07-08 20:31,4.55,true,false,GT 5096 - 11.00R20 JDC XD,97.63333333333333,10.0,0.0,TBR|TBMTBR8Stage2|30#1620
TBR,2026-07-08,B,8,false,TBMTBR3Stage2,11.00R20JDE++,11.00R20 JDE++ (+1 SKUs),11.00R20,R20,1121111020016KDEP0,2,100.0,4,2026-07-08 16:51,2026-07-08 22:28,5.62,true,false,GT 5076 - 295/90R20 JDE XF,47.46666666666667,10.0,0.0,TBR|TBMTBR3Stage2|24#1076
TBR,2026-07-08,B,8,false,TBMTBR4Stage2,10.00 R 20 JUH5,10.00 R 20 JW JUH5 - N2 (+1 SKUs),10.00 R 20 JUH5,R20,1122110020016KUH50,2,243.0,9,2026-07-08 18:15,2026-07-09 07:55,13.66,false,false,10.00 R 20 JUH5,153.76666666666665,0.0,0.0,TBR|TBMTBR4Stage2|12#1175
TBR,2026-07-08,B,8,false,TBMTBR5Stage2,GT 5078 - 295/80R22.5 JUX E,295/80R22.5 JUXe (+5 SKUs),"",R22.5,112222982C016JUXE0,6,77.0,3,2026-07-08 18:33,2026-07-08 22:53,4.33,true,false,GT 5083 - 295/80R22.5 JUM XM,10.0,10.0,0.0,TBR|TBMTBR5Stage2|29#1246
TBR,2026-07-08,B,8,false,TBMTBR6Stage2,315/70R22.5JUL4,315/70R22.5 JW JUL4,"",R22.5,115223162C018LUL40,1,72.0,3,2026-07-08 19:03,2026-07-08 23:14,4.18,true,false,295/80R22.5JUL1,10.0,10.0,0.0,TBR|TBMTBR6Stage2|35#1374
TBR,2026-07-08,B,8,false,TBMTBR7Stage2,9.00 R 20 JDE++,9.00 R 20 JDE++ (+1 SKUs),9R20,R20,1121190020016KDEP0,2,78.0,3,2026-07-08 20:37,2026-07-09 00:43,4.1,true,false,8.25R20JUH5,10.0,10.0,0.0,TBR|TBMTBR7Stage2|34#1498
TBR,2026-07-08,B,8,false,TBMTBR1Stage2,10.00R 20 JW302,295/90R20JUCXM (+1 SKUs),10R20,R20,1123129A20152JUCM0,2,77.0,3,2026-07-08 21:27,2026-07-09 01:47,4.33,true,false,10.00 R 20 JUH3+,10.0,10.0,0.0,TBR|TBMTBR1Stage2|21#915
TBR,2026-07-08,B,8,false,TBMTBR8Stage2,GT 5096 - 11.00R20 JDC XD,11.00R20 JDC XD (+2 SKUs),"",R20,1121111020016KCXD0,3,156.0,6,2026-07-08 21:32,2026-07-09 06:18,8.77,true,false,11.00R20 JUH5,60.85,10.0,0.0,TBR|TBMTBR8Stage2|31#1621
TBR,2026-07-08,B,8,false,TBMTBR9Stage2,GT 5103 - 295/80R22.5 JUM XM OEM,295/80R22.5 JUM XM OEM (+2 SKUs),22.5,R22.5,112222982C152MJXM0,3,85.0,3,2026-07-08 21:35,2026-07-09 02:22,4.78,false,false,GT 5103 - 295/80R22.5 JUM XM OEM,672.3833333333333,0.0,0.0,TBR|TBMTBR9Stage2|12#1727
TBR,2026-07-08,C,8,false,TBMTBR5Stage2,295/80R22.5JDL,295/80R22.5 JDL CURE TYRE (+1 SKUs),"",R22.5,112122982C016MJDL0,2,78.0,3,2026-07-08 23:03,2026-07-09 03:23,4.34,true,false,GT 5078 - 295/80R22.5 JUX E,10.0,10.0,0.0,TBR|TBMTBR5Stage2|30#1247
TBR,2026-07-08,C,8,false,TBMTBR6Stage2,GT 5079 - 255/70R22.5 JUX E,255/70R22.5 JUXe 140/137 M (+2 SKUs),22.5,R22.5,112222562C016MUXE0,3,78.0,3,2026-07-08 23:24,2026-07-09 03:37,4.22,true,false,315/70R22.5JUL4,10.0,10.0,0.0,TBR|TBMTBR6Stage2|36#1375
TBR,2026-07-08,C,8,false,TBMTBR7Stage2,8.25R20JDE++,8.25R20JDE++ (+2 SKUs),8.25R20,R20,1121182020016KDEP0,3,87.0,3,2026-07-09 00:53,2026-07-09 05:27,4.57,true,false,9.00 R 20 JDE++,10.0,10.0,0.0,TBR|TBMTBR7Stage2|35#1499
TBR,2026-07-08,C,8,false,TBMTBR2Stage2,295/90R20JDCXD,295/90R20_JDC XD_152/148_J_TT (+1 SKUs),10R20,R20,1121129A20152JCXD0,2,78.0,3,2026-07-09 01:38,2026-07-09 06:02,4.38,true,false,10.00 R 20 JDE,62.05,10.0,0.0,TBR|TBMTBR2Stage2|18#988
TBR,2026-07-08,C,8,false,TBMTBR5Stage2,255/70R22.5JTH1,255/70 R 22.5 JETWAY JTH1 (+1 SKUs),255/70 R 22.5,R22.5,115222562C016MTH10,2,90.0,3,2026-07-09 03:33,2026-07-09 08:25,4.87,true,false,295/80R22.5JDL,10.0,10.0,0.0,TBR|TBMTBR5Stage2|31#1248
TBR,2026-07-08,C,8,false,TBMTBR6Stage2,GT 5083 - 295/80R22.5 JUM XM,295/80R22.5 JUM XM (+1 SKUs),22.5,R22.5,112222982C016MJXM0,2,107.0,4,2026-07-09 03:47,2026-07-09 09:48,6.02,true,false,GT 5079 - 255/70R22.5 JUX E,10.0,10.0,0.0,TBR|TBMTBR6Stage2|37#1376
TBR,2026-07-08,C,8,false,TBMTBR3Stage2,11.00R20 JUH5,11.00R20 JUH5 (+2 SKUs),11R20,R20,1122111020016KUH50,3,81.0,3,2026-07-09 04:33,2026-07-09 09:06,4.55,true,false,11.00R20JDE++,364.8666666666667,10.0,0.0,TBR|TBMTBR3Stage2|25#1077
TBR,2026-07-08,C,8,false,TBMTBR1Stage2,10.00R 20 JW302,295/90R20JUCXM (+1 SKUs),10R20,R20,1123129A20152JUCM0,2,231.0,9,2026-07-09 04:37,2026-07-09 17:36,12.99,false,false,10.00R 20 JW302,169.66666666666666,0.0,0.0,TBR|TBMTBR1Stage2|21#916
TBR,2026-07-08,C,8,false,TBMTBR2Stage2,10.00 R 20 JUH3+,10.00 R 20 JW JETWAY JUH3+ N2 (+1 SKUs),"",R20,1122110020016KH3P0,2,172.0,6,2026-07-09 06:12,2026-07-09 15:30,9.3,true,false,295/90R20JDCXD,10.0,10.0,0.0,TBR|TBMTBR2Stage2|19#989
TBR,2026-07-09,A,9,false,TBMTBR7Stage2,8.25R20JUH5,8.25R20JUH5 (+4 SKUs),8.25R20,R20,1122182020016KUH50,5,90.0,3,2026-07-09 07:51,2026-07-09 12:35,4.73,true,false,8.25R20JDE++,144.16666666666666,10.0,0.0,TBR|TBMTBR7Stage2|36#1500
TBR,2026-07-09,A,9,false,TBMTBR5Stage2,315/80R22.5JUL4,315/80R22.5JUL4 (+1 SKUs),22.5,R22.5,115223182C018LUL40,2,78.0,3,2026-07-09 08:35,2026-07-09 13:07,4.53,true,false,255/70R22.5JTH1,10.0,10.0,0.0,TBR|TBMTBR5Stage2|32#1249
TBR,2026-07-09,A,9,false,TBMTBR9Stage2,GT 5103 - 295/80R22.5 JUM XM OEM,295/80R22.5 JUM XM OEM (+2 SKUs),22.5,R22.5,112222982C152MJXM0,3,83.0,3,2026-07-09 08:52,2026-07-09 13:32,4.67,false,false,GT 5103 - 295/80R22.5 JUM XM OEM,390.1333333333333,0.0,0.0,TBR|TBMTBR9Stage2|12#1728
TBR,2026-07-09,A,9,false,TBMTBR3Stage2,GT 5076 - 295/90R20 JDE XF,295/90R20 JDE XF / JS121 (+3 SKUs),295/90R20,R20,1121129A20152JDLF0,4,108.0,4,2026-07-09 09:16,2026-07-09 15:21,6.07,true,false,11.00R20 JUH5,10.0,10.0,0.0,TBR|TBMTBR3Stage2|26#1078
TBR,2026-07-09,A,9,false,TBMTBR8Stage2,GT 5101 - 11.00R20 JS114,11.00R20 JS114 (+1 SKUs),11.00R20,R20,1121111020016K1141,2,75.0,3,2026-07-09 09:24,2026-07-09 13:37,4.22,true,false,GT 5096 - 11.00R20 JDC XD,186.03333333333333,10.0,0.0,TBR|TBMTBR8Stage2|32#1622
TBR,2026-07-09,A,9,false,TBMTBR6Stage2,11R22.5JTHSD,11R22.5JTHsd 16PR (+1 SKUs),"",R22.5,115221102C016LJTS0,2,93.0,3,2026-07-09 09:58,2026-07-09 15:09,5.17,true,false,GT 5083 - 295/80R22.5 JUM XM,10.0,10.0,0.0,TBR|TBMTBR6Stage2|38#1377
TBR,2026-07-09,A,9,false,TBMTBR4Stage2,10.00 R 20 JUH5,10.00 R 20 JW JUH5 - N2 (+1 SKUs),10.00 R 20 JUH5,R20,1122110020016KUH50,2,243.0,9,2026-07-09 10:29,2026-07-10 00:08,13.66,false,false,10.00 R 20 JUH5,153.76666666666665,0.0,0.0,TBR|TBMTBR4Stage2|12#1176
TBR,2026-07-09,A,9,false,TBMTBR7Stage2,9.00 R 20 JDE++,9.00 R 20 JDE++ (+1 SKUs),9R20,R20,1121190020016KDEP0,2,78.0,3,2026-07-09 12:45,2026-07-09 16:51,4.1,true,false,8.25R20JUH5,10.0,10.0,0.0,TBR|TBMTBR7Stage2|37#1501
TBR,2026-07-09,A,9,false,TBMTBR5Stage2,GT 5113 - 295/80R22.5 JDC XD,295/80R22.5 JETSTEEL JDC XD,"",R22.5,115122982C018KCXD0,1,75.0,3,2026-07-09 13:17,2026-07-09 17:30,4.22,true,false,315/80R22.5JUL4,10.0,10.0,0.0,TBR|TBMTBR5Stage2|33#1250
TBR,2026-07-09,A,9,false,TBMTBR9Stage2,GT 5078 - 295/80R22.5 JUX E,295/80R22.5 JUXe (+5 SKUs),"",R22.5,112222982C016JUXE0,6,77.0,3,2026-07-09 13:42,2026-07-09 18:02,4.33,true,false,GT 5103 - 295/80R22.5 JUM XM OEM,10.0,10.0,0.0,TBR|TBMTBR9Stage2|13#1729
TBR,2026-07-09,A,9,false,TBMTBR8Stage2,GT 5095 - 11.00R20 JUC3,11.00R20 JUC3 (+1 SKUs),"",R20,1123111020016KJC30,2,76.0,3,2026-07-09 13:47,2026-07-09 18:04,4.27,true,false,GT 5101 - 11.00R20 JS114,10.0,10.0,0.0,TBR|TBMTBR8Stage2|33#1623
TBR,2026-07-09,B,9,false,TBMTBR6Stage2,GT 5079 - 255/70R22.5 JUX E,255/70R22.5 JUXe 140/137 M (+2 SKUs),22.5,R22.5,112222562C016MUXE0,3,78.0,3,2026-07-09 15:19,2026-07-09 19:32,4.22,true,false,11R22.5JTHSD,10.0,10.0,0.0,TBR|TBMTBR6Stage2|39#1378
TBR,2026-07-09,B,9,false,TBMTBR3Stage2,GT 5075 - 295/90R20 JUH XF,295/90R20 JUH XF / JW 304 (+3 SKUs),295/90R20,R20,1122129A20152JULF0,4,112.0,4,2026-07-09 15:31,2026-07-09 21:49,6.3,true,false,GT 5076 - 295/90R20 JDE XF,10.0,10.0,0.0,TBR|TBMTBR3Stage2|27#1079
TBR,2026-07-09,B,9,false,TBMTBR2Stage2,295/90R20JDCXD,295/90R20_JDC XD_152/148_J_TT (+1 SKUs),10R20,R20,1121129A20152JCXD0,2,78.0,3,2026-07-09 15:40,2026-07-09 20:03,4.38,true,false,10.00 R 20 JUH3+,10.0,10.0,0.0,TBR|TBMTBR2Stage2|20#990
TBR,2026-07-09,B,9,false,TBMTBR7Stage2,8.25R20JDE++,8.25R20JDE++ (+2 SKUs),8.25R20,R20,1121182020016KDEP0,3,87.0,3,2026-07-09 17:01,2026-07-09 21:35,4.57,true,false,9.00 R 20 JDE++,10.0,10.0,0.0,TBR|TBMTBR7Stage2|38#1502
TBR,2026-07-09,B,9,false,TBMTBR5Stage2,11R22.5JUC,11R22.5 JW JUC (+1 SKUs),"",R22.5,112321102C016LJUC0,2,81.0,3,2026-07-09 17:40,2026-07-09 22:10,4.5,true,false,GT 5113 - 295/80R22.5 JDC XD,10.0,10.0,0.0,TBR|TBMTBR5Stage2|34#1251
TBR,2026-07-09,B,9,false,TBMTBR9Stage2,295/80R22.5JUL1,295/80R22.5 JUM (+2 SKUs),"",R22.5,112222982C016MJUM0,3,104.0,4,2026-07-09 18:52,2026-07-10 00:39,5.78,true,false,GT 5078 - 295/80R22.5 JUX E,49.9,10.0,0.0,TBR|TBMTBR9Stage2|14#1730
TBR,2026-07-09,B,9,false,TBMTBR8Stage2,9.00 R 20 JUH3,9.00 R 20 JETWAY JUH3 14 PR N2 (+2 SKUs),"",R20,1122190020014KJH30,3,96.0,3,2026-07-09 19:37,2026-07-10 00:36,4.99,true,false,GT 5095 - 11.00R20 JUC3,93.28333333333333,10.0,0.0,TBR|TBMTBR8Stage2|34#1624
TBR,2026-07-09,B,9,false,TBMTBR6Stage2,295/75R22.5JTHSD,295/75R22.5JTHsd (+1 SKUs),"",R22.5,115222972C014LJTS0,2,95.0,3,2026-07-09 19:42,2026-07-10 00:59,5.28,true,false,GT 5079 - 255/70R22.5 JUX E,10.0,10.0,0.0,TBR|TBMTBR6Stage2|40#1379
TBR,2026-07-09,B,9,false,TBMTBR2Stage2,10.00 R 20 JDE,295/90R20JDE++ (+4 SKUs),R20,R20,1121129A20000JDEP0,5,133.0,5,2026-07-09 20:13,2026-07-10 03:41,7.48,true,false,295/90R20JDCXD,10.0,10.0,0.0,TBR|TBMTBR2Stage2|21#991
TBR,2026-07-09,B,9,false,TBMTBR1Stage2,10.00 R 20 JUH3+,10.00 R 20 JW JETWAY JUH3+ N2 (+1 SKUs),"",R20,1122110020016KH3P0,2,172.0,6,2026-07-09 21:41,2026-07-10 07:00,9.3,true,false,10.00R 20 JW302,245.7,10.0,0.0,TBR|TBMTBR1Stage2|22#917
TBR,2026-07-09,B,9,false,TBMTBR3Stage2,11.00R20JDE++,11.00R20 JDE++ (+1 SKUs),11.00R20,R20,1121111020016KDEP0,2,100.0,4,2026-07-09 22:35,2026-07-10 04:13,5.62,true,false,GT 5075 - 295/90R20 JUH XF,46.81666666666666,10.0,0.0,TBR|TBMTBR3Stage2|28#1080
TBR,2026-07-09,C,9,false,TBMTBR5Stage2,295/80R22.5JUL1,295/80R22.5 JUM (+2 SKUs),"",R22.5,112222982C016MJUM0,3,104.0,4,2026-07-09 23:36,2026-07-10 05:23,5.78,true,false,11R22.5JUC,85.96666666666667,10.0,0.0,TBR|TBMTBR5Stage2|35#1252
TBR,2026-07-09,C,9,false,TBMTBR7Stage2,8.25R20JUH5,8.25R20JUH5 (+4 SKUs),8.25R20,R20,1122182020016KUH50,5,90.0,3,2026-07-09 23:59,2026-07-10 04:43,4.73,true,false,8.25R20JDE++,144.16666666666666,10.0,0.0,TBR|TBMTBR7Stage2|39#1503
TBR,2026-07-09,C,9,false,TBMTBR6Stage2,315/70R22.5JDL3,315/70R22.5 JS JDL3 (+1 SKUs),"",R22.5,115123162C018LDL30,2,75.0,3,2026-07-10 01:09,2026-07-10 05:30,4.35,true,false,295/75R22.5JTHSD,10.0,10.0,0.0,TBR|TBMTBR6Stage2|41#1380
TBR,2026-07-09,C,9,false,TBMTBR4Stage2,10.00 R 20 JUH5,10.00 R 20 JW JUH5 - N2 (+1 SKUs),10.00 R 20 JUH5,R20,1122110020016KUH50,2,243.0,9,2026-07-10 02:42,2026-07-10 16:22,13.66,false,false,10.00 R 20 JUH5,153.76666666666665,0.0,0.0,TBR|TBMTBR4Stage2|12#1177
TBR,2026-07-09,C,9,false,TBMTBR2Stage2,10.00 R 20 JUH3+,10.00 R 20 JW JETWAY JUH3+ N2 (+1 SKUs),"",R20,1122110020016KH3P0,2,344.0,12,2026-07-10 03:51,2026-07-10 22:28,18.6,true,false,10.00 R 20 JDE,10.0,10.0,0.0,TBR|TBMTBR2Stage2|22#992
TBR,2026-07-09,C,9,false,TBMTBR7Stage2,9.00 R 20 JDE++,9.00 R 20 JDE++ (+1 SKUs),9R20,R20,1121190020016KDEP0,2,78.0,3,2026-07-10 04:53,2026-07-10 08:59,4.1,true,false,8.25R20JUH5,10.0,10.0,0.0,TBR|TBMTBR7Stage2|40#1504
TBR,2026-07-09,C,9,false,TBMTBR8Stage2,GT 5095 - 11.00R20 JUC3,11.00R20 JUC3 (+1 SKUs),"",R20,1123111020016KJC30,2,77.0,3,2026-07-10 05:24,2026-07-10 09:44,4.33,true,false,9.00 R 20 JUH3,288.43333333333334,10.0,0.0,TBR|TBMTBR8Stage2|35#1625
TBR,2026-07-09,C,9,false,TBMTBR5Stage2,GT 5078 - 295/80R22.5 JUX E,295/80R22.5 JUXe (+5 SKUs),"",R22.5,112222982C016JUXE0,6,77.0,3,2026-07-10 05:33,2026-07-10 09:53,4.33,true,false,295/80R22.5JUL1,10.0,10.0,0.0,TBR|TBMTBR5Stage2|36#1253
TBR,2026-07-09,C,9,false,TBMTBR9Stage2,GT 5103 - 295/80R22.5 JUM XM OEM,295/80R22.5 JUM XM OEM (+2 SKUs),22.5,R22.5,112222982C152MJXM0,3,83.0,3,2026-07-10 05:37,2026-07-10 10:17,4.67,true,false,295/80R22.5JUL1,298.0833333333333,10.0,0.0,TBR|TBMTBR9Stage2|15#1731
TBR,2026-07-09,C,9,false,TBMTBR6Stage2,GT 5079 - 255/70R22.5 JUX E,255/70R22.5 JUXe 140/137 M (+2 SKUs),22.5,R22.5,112222562C016MUXE0,3,78.0,3,2026-07-10 05:40,2026-07-10 09:53,4.22,true,false,315/70R22.5JDL3,10.0,10.0,0.0,TBR|TBMTBR6Stage2|42#1381
TBR,2026-07-10,A,10,false,TBMTBR7Stage2,8.25R20JDE++,8.25R20JDE++ (+2 SKUs),8.25R20,R20,1121182020016KDEP0,3,87.0,3,2026-07-10 09:09,2026-07-10 13:43,4.57,true,false,9.00 R 20 JDE++,10.0,10.0,0.0,TBR|TBMTBR7Stage2|41#1505
TBR,2026-07-10,A,10,false,TBMTBR3Stage2,GT 5076 - 295/90R20 JDE XF,295/90R20 JDE XF / JS121 (+3 SKUs),295/90R20,R20,1121129A20152JDLF0,4,108.0,4,2026-07-10 09:15,2026-07-10 15:19,6.07,true,false,11.00R20JDE++,302.46666666666664,10.0,0.0,TBR|TBMTBR3Stage2|29#1081
TBR,2026-07-10,A,10,false,TBMTBR8Stage2,GT 5096 - 11.00R20 JDC XD,11.00R20 JDC XD (+2 SKUs),"",R20,1121111020016KCXD0,3,102.0,4,2026-07-10 09:54,2026-07-10 15:38,5.73,true,false,GT 5095 - 11.00R20 JUC3,10.0,10.0,0.0,TBR|TBMTBR8Stage2|36#1626
TBR,2026-07-10,A,10,false,TBMTBR6Stage2,295/80R22.5JDL,295/80R22.5 JDL CURE TYRE (+1 SKUs),"",R22.5,112122982C016MJDL0,2,75.0,3,2026-07-10 10:03,2026-07-10 14:13,4.17,true,false,GT 5079 - 255/70R22.5 JUX E,10.0,10.0,0.0,TBR|TBMTBR6Stage2|43#1382
TBR,2026-07-10,A,10,false,TBMTBR1Stage2,GT 5075 - 295/90R20 JUH XF,295/90R20 JUH XF / JW 304 (+3 SKUs),295/90R20,R20,1122129A20152JULF0,4,112.0,4,2026-07-10 10:06,2026-07-10 16:24,6.3,true,false,10.00 R 20 JUH3+,186.56666666666666,10.0,0.0,TBR|TBMTBR1Stage2|23#918
TBR,2026-07-10,A,10,false,TBMTBR5Stage2,GT 5083 - 295/80R22.5 JUM XM,295/80R22.5 JUM XM (+1 SKUs),22.5,R22.5,112222982C016MJXM0,2,106.0,4,2026-07-10 11:18,2026-07-10 17:16,5.96,true,false,GT 5078 - 295/80R22.5 JUX E,85.45,10.0,0.0,TBR|TBMTBR5Stage2|37#1254
TBR,2026-07-10,A,10,false,TBMTBR6Stage2,315/70R22.5JUL4,315/70R22.5 JW JUL4,"",R22.5,115223162C018LUL40,1,72.0,3,2026-07-10 14:23,2026-07-10 18:34,4.18,true,false,295/80R22.5JDL,10.0,10.0,0.0,TBR|TBMTBR6Stage2|44#1383
TBR,2026-07-10,B,10,false,TBMTBR8Stage2,11.00R20JDE++,11.00R20 JDE++ (+1 SKUs),11.00R20,R20,1121111020016KDEP0,2,100.0,4,2026-07-10 16:25,2026-07-10 22:02,5.62,true,false,GT 5096 - 11.00R20 JDC XD,46.31666666666666,10.0,0.0,TBR|TBMTBR8Stage2|37#1627
TBR,2026-07-10,B,10,false,TBMTBR3Stage2,11.00R20 JUH5,11.00R20 JUH5 (+2 SKUs),11R20,R20,1122111020016KUH50,3,81.0,3,2026-07-10 16:43,2026-07-10 21:16,4.55,true,false,GT 5076 - 295/90R20 JDE XF,83.6,10.0,0.0,TBR|TBMTBR3Stage2|30#1082
TBR,2026-07-10,B,10,false,TBMTBR7Stage2,8.25R20JDE++,8.25R20JDE++ (+2 SKUs),8.25R20,R20,1121182020016KDEP0,3,87.0,3,2026-07-10 17:36,2026-07-10 22:11,4.57,false,false,8.25R20JDE++,233.0,0.0,0.0,TBR|TBMTBR7Stage2|41#1506
TBR,2026-07-10,B,10,false,TBMTBR1Stage2,10.00 R 20 JDE,295/90R20JDE++ (+4 SKUs),R20,R20,1121129A20000JDEP0,5,132.0,5,2026-07-10 18:12,2026-07-11 01:37,7.42,true,false,GT 5075 - 295/90R20 JUH XF,108.05,10.0,0.0,TBR|TBMTBR1Stage2|24#919
TBR,2026-07-10,B,10,false,TBMTBR5Stage2,GT 5078 - 295/80R22.5 JUX E,295/80R22.5 JUXe (+5 SKUs),"",R22.5,112222982C016JUXE0,6,77.0,3,2026-07-10 18:19,2026-07-10 22:39,4.33,true,false,GT 5083 - 295/80R22.5 JUM XM,63.43333333333333,10.0,0.0,TBR|TBMTBR5Stage2|38#1255
TBR,2026-07-10,B,10,false,TBMTBR6Stage2,GT 5079 - 255/70R22.5 JUX E,255/70R22.5 JUXe 140/137 M (+2 SKUs),22.5,R22.5,112222562C016MUXE0,3,78.0,3,2026-07-10 18:44,2026-07-10 22:57,4.22,true,false,315/70R22.5JUL4,10.0,10.0,0.0,TBR|TBMTBR6Stage2|45#1384
TBR,2026-07-10,B,10,false,TBMTBR4Stage2,10.00 R 20 JUH5,10.00 R 20 JW JUH5 - N2 (+1 SKUs),10.00 R 20 JUH5,R20,1122110020016KUH50,2,243.0,9,2026-07-10 18:53,2026-07-11 08:33,13.66,false,false,10.00 R 20 JUH5,151.73333333333332,0.0,0.0,TBR|TBMTBR4Stage2|12#1178
TBR,2026-07-10,B,10,false,TBMTBR9Stage2,GT 5103 - 295/80R22.5 JUM XM OEM,295/80R22.5 JUM XM OEM (+2 SKUs),22.5,R22.5,112222982C152MJXM0,3,83.0,3,2026-07-10 21:36,2026-07-11 02:16,4.67,false,false,GT 5103 - 295/80R22.5 JUM XM OEM,679.1333333333333,0.0,0.0,TBR|TBMTBR9Stage2|15#1732
TBR,2026-07-10,B,10,false,TBMTBR7Stage2,9.00 R 20 JDE++,9.00 R 20 JDE++ (+1 SKUs),9R20,R20,1121190020016KDEP0,2,78.0,3,2026-07-10 22:21,2026-07-11 02:27,4.1,true,false,8.25R20JDE++,10.0,10.0,0.0,TBR|TBMTBR7Stage2|42#1507
TBR,2026-07-10,B,10,false,TBMTBR2Stage2,295/90R20JDCXD,295/90R20_JDC XD_152/148_J_TT (+1 SKUs),10R20,R20,1121129A20152JCXD0,2,78.0,3,2026-07-10 22:38,2026-07-11 03:01,4.38,true,false,10.00 R 20 JUH3+,10.0,10.0,0.0,TBR|TBMTBR2Stage2|23#993
TBR,2026-07-10,B,10,false,TBMTBR5Stage2,GT 5083 - 295/80R22.5 JUM XM,295/80R22.5 JUM XM (+1 SKUs),22.5,R22.5,112222982C016MJXM0,2,105.0,4,2026-07-10 22:49,2026-07-11 04:43,5.9,true,false,GT 5078 - 295/80R22.5 JUX E,10.0,10.0,0.0,TBR|TBMTBR5Stage2|39#1256
TBR,2026-07-10,B,10,false,TBMTBR8Stage2,GT 5095 - 11.00R20 JUC3,11.00R20 JUC3 (+1 SKUs),"",R20,1123111020016KJC30,2,76.0,3,2026-07-10 22:50,2026-07-11 03:06,4.27,true,false,11.00R20JDE++,48.2,10.0,0.0,TBR|TBMTBR8Stage2|38#1628
TBR,2026-07-10,C,10,false,TBMTBR6Stage2,295/80R22.5JUL1,295/80R22.5 JUM (+2 SKUs),"",R22.5,112222982C016MJUM0,3,104.0,4,2026-07-10 23:07,2026-07-11 04:54,5.78,true,false,GT 5079 - 255/70R22.5 JUX E,10.0,10.0,0.0,TBR|TBMTBR6Stage2|46#1385
TBR,2026-07-10,C,10,false,TBMTBR3Stage2,GT 5076 - 295/90R20 JDE XF,295/90R20 JDE XF / JS121 (+3 SKUs),295/90R20,R20,1121129A20152JDLF0,4,108.0,4,2026-07-11 03:02,2026-07-11 09:06,6.07,true,false,11.00R20 JUH5,345.56666666666666,10.0,0.0,TBR|TBMTBR3Stage2|31#1083
TBR,2026-07-10,C,10,false,TBMTBR2Stage2,10.00 R 20 JDE,295/90R20JDE++ (+4 SKUs),R20,R20,1121129A20000JDEP0,5,132.0,5,2026-07-11 03:11,2026-07-11 10:36,7.42,true,false,295/90R20JDCXD,10.0,10.0,0.0,TBR|TBMTBR2Stage2|24#994
TBR,2026-07-10,C,10,false,TBMTBR8Stage2,GT 5096 - 11.00R20 JDC XD,11.00R20 JDC XD (+2 SKUs),"",R20,1121111020016KCXD0,3,103.0,4,2026-07-11 03:16,2026-07-11 09:04,5.79,true,false,GT 5095 - 11.00R20 JUC3,10.0,10.0,0.0,TBR|TBMTBR8Stage2|39#1629
TBR,2026-07-10,C,10,false,TBMTBR1Stage2,GT 5075 - 295/90R20 JUH XF,295/90R20 JUH XF / JW 304 (+3 SKUs),295/90R20,R20,1122129A20152JULF0,4,112.0,4,2026-07-11 04:30,2026-07-11 10:48,6.3,true,false,10.00 R 20 JDE,172.6,10.0,0.0,TBR|TBMTBR1Stage2|25#920
TBR,2026-07-10,C,10,false,TBMTBR5Stage2,GT 5078 - 295/80R22.5 JUX E,295/80R22.5 JUXe (+5 SKUs),"",R22.5,112222982C016JUXE0,6,77.0,3,2026-07-11 04:53,2026-07-11 09:13,4.33,true,false,GT 5083 - 295/80R22.5 JUM XM,10.0,10.0,0.0,TBR|TBMTBR5Stage2|40#1257
TBR,2026-07-10,C,10,false,TBMTBR6Stage2,255/70R22.5JTH1,255/70 R 22.5 JETWAY JTH1 (+1 SKUs),255/70 R 22.5,R22.5,115222562C016MTH10,2,90.0,3,2026-07-11 05:04,2026-07-11 09:56,4.87,true,false,295/80R22.5JUL1,10.0,10.0,0.0,TBR|TBMTBR6Stage2|47#1386
TBR,2026-07-10,C,10,false,TBMTBR7Stage2,8.25R20JUH5,8.25R20JUH5 (+4 SKUs),8.25R20,R20,1122182020016KUH50,5,90.0,3,2026-07-11 05:37,2026-07-11 10:21,4.73,true,false,9.00 R 20 JDE++,190.38333333333333,10.0,0.0,TBR|TBMTBR7Stage2|43#1508
TBR,2026-07-11,A,11,false,TBMTBR5Stage2,315/80R22.5JUL4,315/80R22.5JUL4 (+1 SKUs),22.5,R22.5,115223182C018LUL40,2,75.0,3,2026-07-11 09:23,2026-07-11 13:44,4.35,true,false,GT 5078 - 295/80R22.5 JUX E,10.0,10.0,0.0,TBR|TBMTBR5Stage2|41#1258
TBR,2026-07-11,A,11,false,TBMTBR8Stage2,11.00R20JDE++,11.00R20 JDE++ (+1 SKUs),11.00R20,R20,1121111020016KDEP0,2,100.0,4,2026-07-11 10:00,2026-07-11 15:38,5.62,true,false,GT 5096 - 11.00R20 JDC XD,56.449999999999996,10.0,0.0,TBR|TBMTBR8Stage2|40#1630
TBR,2026-07-11,A,11,false,TBMTBR6Stage2,11R22.5JTHSD,11R22.5JTHsd 16PR (+1 SKUs),"",R22.5,115221102C016LJTS0,2,93.0,3,2026-07-11 10:06,2026-07-11 15:17,5.17,true,false,255/70R22.5JTH1,10.0,10.0,0.0,TBR|TBMTBR6Stage2|48#1387
TBR,2026-07-11,A,11,false,TBMTBR2Stage2,10.00 R 20 JUH3+,10.00 R 20 JW JETWAY JUH3+ N2 (+1 SKUs),"",R20,1122110020016KH3P0,2,173.0,6,2026-07-11 10:46,2026-07-11 20:07,9.36,true,false,10.00 R 20 JDE,10.0,10.0,0.0,TBR|TBMTBR2Stage2|25#995
TBR,2026-07-11,A,11,false,TBMTBR4Stage2,10.00 R 20 JUH5,10.00 R 20 JW JUH5 - N2 (+1 SKUs),10.00 R 20 JUH5,R20,1122110020016KUH50,2,240.0,9,2026-07-11 11:11,2026-07-12 00:40,13.49,false,false,10.00 R 20 JUH5,157.78333333333333,0.0,0.0,TBR|TBMTBR4Stage2|12#1179
TBR,2026-07-11,A,11,false,TBMTBR7Stage2,9.00 R 20 JDE++,9.00 R 20 JDE++ (+1 SKUs),9R20,R20,1121190020016KDEP0,2,78.0,3,2026-07-11 12:14,2026-07-11 16:20,4.1,true,false,8.25R20JUH5,112.93333333333334,10.0,0.0,TBR|TBMTBR7Stage2|44#1509
TBR,2026-07-11,A,11,false,TBMTBR1Stage2,10.00R 20 JW302,295/90R20JUCXM (+1 SKUs),10R20,R20,1123129A20152JUCM0,2,76.0,3,2026-07-11 12:43,2026-07-11 16:59,4.27,true,false,GT 5075 - 295/90R20 JUH XF,114.95,10.0,0.0,TBR|TBMTBR1Stage2|26#921
TBR,2026-07-11,A,11,false,TBMTBR3Stage2,GT 5096 - 11.00R20 JDC XD,11.00R20 JDC XD (+2 SKUs),"",R20,1121111020016KCXD0,3,103.0,4,2026-07-11 13:25,2026-07-11 19:12,5.79,true,false,GT 5076 - 295/90R20 JDE XF,258.4,10.0,0.0,TBR|TBMTBR3Stage2|32#1084
TBR,2026-07-11,A,11,false,TBMTBR9Stage2,GT 5103 - 295/80R22.5 JUM XM OEM,295/80R22.5 JUM XM OEM (+2 SKUs),22.5,R22.5,112222982C152MJXM0,3,83.0,3,2026-07-11 13:35,2026-07-11 18:15,4.67,false,false,GT 5103 - 295/80R22.5 JUM XM OEM,679.1333333333333,0.0,0.0,TBR|TBMTBR9Stage2|15#1733
TBR,2026-07-11,A,11,false,TBMTBR5Stage2,GT 5113 - 295/80R22.5 JDC XD,295/80R22.5 JETSTEEL JDC XD,"",R22.5,115122982C018KCXD0,1,75.0,3,2026-07-11 13:54,2026-07-11 18:07,4.22,true,false,315/80R22.5JUL4,10.0,10.0,0.0,TBR|TBMTBR5Stage2|42#1259
TBR,2026-07-11,B,11,false,TBMTBR6Stage2,GT 5079 - 255/70R22.5 JUX E,255/70R22.5 JUXe 140/137 M (+2 SKUs),22.5,R22.5,112222562C016MUXE0,3,78.0,3,2026-07-11 15:27,2026-07-11 19:40,4.22,true,false,11R22.5JTHSD,10.0,10.0,0.0,TBR|TBMTBR6Stage2|49#1388
TBR,2026-07-11,B,11,false,TBMTBR8Stage2,8.25R20JDE++,8.25R20JDE++ (+2 SKUs),8.25R20,R20,1121182020016KDEP0,3,86.0,3,2026-07-11 15:48,2026-07-11 20:19,4.52,true,false,11.00R20JDE++,10.0,10.0,0.0,TBR|TBMTBR8Stage2|41#1631
TBR,2026-07-11,B,11,false,TBMTBR7Stage2,9.00 R 20 JUH3,9.00 R 20 JETWAY JUH3 14 PR N2 (+2 SKUs),"",R20,1122190020014KJH30,3,96.0,3,2026-07-11 16:30,2026-07-11 21:29,4.99,true,false,9.00 R 20 JDE++,10.0,10.0,0.0,TBR|TBMTBR7Stage2|45#1510
TBR,2026-07-11,B,11,false,TBMTBR5Stage2,11R22.5JUC,11R22.5 JW JUC (+1 SKUs),"",R22.5,112321102C016LJUC0,2,78.0,3,2026-07-11 18:17,2026-07-11 22:37,4.34,true,false,GT 5113 - 295/80R22.5 JDC XD,10.0,10.0,0.0,TBR|TBMTBR5Stage2|43#1260
TBR,2026-07-11,B,11,false,TBMTBR1Stage2,10.00 R 20 JUH3+,10.00 R 20 JW JETWAY JUH3+ N2 (+1 SKUs),"",R20,1122110020016KH3P0,2,173.0,6,2026-07-11 19:00,2026-07-12 04:21,9.36,true,false,10.00R 20 JW302,121.1,10.0,0.0,TBR|TBMTBR1Stage2|27#922
TBR,2026-07-11,B,11,false,TBMTBR3Stage2,11.00R20 JUH5,11.00R20 JUH5 (+2 SKUs),11R20,R20,1122111020016KUH50,3,81.0,3,2026-07-11 19:22,2026-07-11 23:55,4.55,true,false,GT 5096 - 11.00R20 JDC XD,10.0,10.0,0.0,TBR|TBMTBR3Stage2|33#1085
TBR,2026-07-11,B,11,false,TBMTBR6Stage2,295/75R22.5JTHSD,295/75R22.5JTHsd (+1 SKUs),"",R22.5,115222972C014LJTS0,2,93.0,3,2026-07-11 19:50,2026-07-12 01:00,5.17,true,false,GT 5079 - 255/70R22.5 JUX E,10.0,10.0,0.0,TBR|TBMTBR6Stage2|50#1389
TBR,2026-07-11,B,11,false,TBMTBR2Stage2,295/90R20JDCXD,295/90R20_JDC XD_152/148_J_TT (+1 SKUs),10R20,R20,1121129A20152JCXD0,2,78.0,3,2026-07-11 20:17,2026-07-12 00:40,4.38,true,false,10.00 R 20 JUH3+,10.0,10.0,0.0,TBR|TBMTBR2Stage2|26#996
TBR,2026-07-11,B,11,false,TBMTBR8Stage2,GT 5101 - 11.00R20 JS114,11.00R20 JS114 (+1 SKUs),11.00R20,R20,1121111020016K1141,2,75.0,3,2026-07-11 20:29,2026-07-12 00:42,4.22,true,false,8.25R20JDE++,10.0,10.0,0.0,TBR|TBMTBR8Stage2|42#1632
TBR,2026-07-11,B,11,false,TBMTBR7Stage2,8.25R20JUH5,8.25R20JUH5 (+4 SKUs),8.25R20,R20,1122182020016KUH50,5,90.0,3,2026-07-11 21:39,2026-07-12 02:23,4.73,true,false,9.00 R 20 JUH3,10.0,10.0,0.0,TBR|TBMTBR7Stage2|46#1511
TBR,2026-07-11,C,11,false,TBMTBR5Stage2,GT 5083 - 295/80R22.5 JUM XM,295/80R22.5 JUM XM (+1 SKUs),22.5,R22.5,112222982C016MJXM0,2,106.0,4,2026-07-12 00:47,2026-07-12 06:45,5.96,true,false,11R22.5JUC,129.73333333333332,10.0,0.0,TBR|TBMTBR5Stage2|44#1261
TBR,2026-07-11,C,11,false,TBMTBR3Stage2,GT 5076 - 295/90R20 JDE XF,295/90R20 JDE XF / JS121 (+3 SKUs),295/90R20,R20,1121129A20152JDLF0,4,106.0,4,2026-07-12 01:27,2026-07-12 07:24,5.96,true,false,11.00R20 JUH5,91.73333333333333,10.0,0.0,TBR|TBMTBR3Stage2|34#1086
TBR,2026-07-11,C,11,false,TBMTBR6Stage2,GT 5078 - 295/80R22.5 JUX E,295/80R22.5 JUXe (+5 SKUs),"",R22.5,112222982C016JUXE0,6,77.0,3,2026-07-12 02:24,2026-07-12 06:44,4.33,true,false,295/75R22.5JTHSD,84.08333333333333,10.0,0.0,TBR|TBMTBR6Stage2|51#1390
TBR,2026-07-11,C,11,false,TBMTBR8Stage2,GT 5095 - 11.00R20 JUC3,11.00R20 JUC3 (+1 SKUs),"",R20,1123111020016KJC30,2,77.0,3,2026-07-12 02:25,2026-07-12 06:44,4.33,true,false,GT 5101 - 11.00R20 JS114,102.8,10.0,0.0,TBR|TBMTBR8Stage2|43#1633
TBR,2026-07-11,C,11,false,TBMTBR2Stage2,10.00 R 20 JDE,295/90R20JDE++ (+4 SKUs),R20,R20,1121129A20000JDEP0,5,132.0,5,2026-07-12 02:55,2026-07-12 10:20,7.42,true,false,295/90R20JDCXD,134.3,10.0,0.0,TBR|TBMTBR2Stage2|27#997
TBR,2026-07-11,C,11,false,TBMTBR4Stage2,10.00 R 20 JUH5,10.00 R 20 JW JUH5 - N2 (+1 SKUs),10.00 R 20 JUH5,R20,1122110020016KUH50,2,238.0,9,2026-07-12 03:25,2026-07-12 16:48,13.38,false,false,10.00 R 20 JUH5,164.53333333333333,0.0,0.0,TBR|TBMTBR4Stage2|12#1180
TBR,2026-07-11,C,11,false,TBMTBR1Stage2,10.00R 20 JW302,295/90R20JUCXM (+1 SKUs),10R20,R20,1123129A20152JUCM0,2,76.0,3,2026-07-12 04:31,2026-07-12 08:48,4.27,true,false,10.00 R 20 JUH3+,10.0,10.0,0.0,TBR|TBMTBR1Stage2|28#923
TBR,2026-07-11,C,11,false,TBMTBR9Stage2,GT 5103 - 295/80R22.5 JUM XM OEM,295/80R22.5 JUM XM OEM (+2 SKUs),22.5,R22.5,112222982C152MJXM0,3,83.0,3,2026-07-12 05:34,2026-07-12 10:14,4.67,false,false,GT 5103 - 295/80R22.5 JUM XM OEM,679.1333333333333,0.0,0.0,TBR|TBMTBR9Stage2|15#1734
TBR,2026-07-11,C,11,false,TBMTBR7Stage2,9.00 R 20 JDE++,9.00 R 20 JDE++ (+1 SKUs),9R20,R20,1121190020016KDEP0,2,78.0,3,2026-07-12 06:11,2026-07-12 10:17,4.1,true,false,8.25R20JUH5,227.79999999999998,10.0,0.0,TBR|TBMTBR7Stage2|47#1512
TBR,2026-07-11,C,11,false,TBMTBR6Stage2,315/70R22.5JDL3,315/70R22.5 JS JDL3 (+1 SKUs),"",R22.5,115123162C018LDL30,2,75.0,3,2026-07-12 06:54,2026-07-12 11:15,4.35,true,false,GT 5078 - 295/80R22.5 JUX E,10.0,10.0,0.0,TBR|TBMTBR6Stage2|52#1391
TBR,2026-07-11,C,11,false,TBMTBR8Stage2,8.25R20JDE++,8.25R20JDE++ (+2 SKUs),8.25R20,R20,1121182020016KDEP0,3,86.0,3,2026-07-12 06:54,2026-07-12 11:25,4.52,true,false,GT 5095 - 11.00R20 JUC3,10.0,10.0,0.0,TBR|TBMTBR8Stage2|44#1634
TBR,2026-07-11,C,11,false,TBMTBR5Stage2,GT 5079 - 255/70R22.5 JUX E,255/70R22.5 JUXe 140/137 M (+2 SKUs),22.5,R22.5,112222562C016MUXE0,3,102.0,4,2026-07-12 06:55,2026-07-12 12:26,5.52,true,false,GT 5083 - 295/80R22.5 JUM XM,10.0,10.0,0.0,TBR|TBMTBR5Stage2|45#1262
TBR,2026-07-12,A,12,false,TBMTBR3Stage2,GT 5075 - 295/90R20 JUH XF,295/90R20 JUH XF / JW 304 (+3 SKUs),295/90R20,R20,1122129A20152JULF0,4,112.0,4,2026-07-12 07:34,2026-07-12 13:52,6.3,true,false,GT 5076 - 295/90R20 JDE XF,10.0,10.0,0.0,TBR|TBMTBR3Stage2|35#1087
TBR,2026-07-12,A,12,false,TBMTBR1Stage2,10.00 R 20 JUH3+,10.00 R 20 JW JETWAY JUH3+ N2 (+1 SKUs),"",R20,1122110020016KH3P0,2,172.0,6,2026-07-12 10:52,2026-07-12 20:10,9.3,true,false,10.00R 20 JW302,124.35,10.0,0.0,TBR|TBMTBR1Stage2|29#924
TBR,2026-07-12,A,12,false,TBMTBR9Stage2,295/80R22.5JUL1,295/80R22.5 JUM (+2 SKUs),"",R22.5,112222982C016MJUM0,3,104.0,4,2026-07-12 11:01,2026-07-12 16:48,5.78,true,false,GT 5103 - 295/80R22.5 JUM XM OEM,46.416666666666664,10.0,0.0,TBR|TBMTBR9Stage2|16#1735
TBR,2026-07-12,A,12,false,TBMTBR6Stage2,295/80R22.5JUL1,295/80R22.5 JUM (+2 SKUs),"",R22.5,112222982C016MJUM0,3,104.0,4,2026-07-12 11:25,2026-07-12 17:12,5.78,true,false,315/70R22.5JDL3,10.0,10.0,0.0,TBR|TBMTBR6Stage2|53#1392
TBR,2026-07-12,A,12,false,TBMTBR8Stage2,11.00R20JDE++,11.00R20 JDE++ (+1 SKUs),11.00R20,R20,1121111020016KDEP0,2,99.0,4,2026-07-12 11:35,2026-07-12 17:09,5.57,true,false,8.25R20JDE++,10.0,10.0,0.0,TBR|TBMTBR8Stage2|45#1635
TBR,2026-07-12,A,12,false,TBMTBR5Stage2,295/80R22.5JDL,295/80R22.5 JDL CURE TYRE (+1 SKUs),"",R22.5,112122982C016MJDL0,2,75.0,3,2026-07-12 12:36,2026-07-12 16:46,4.17,true,false,GT 5079 - 255/70R22.5 JUX E,10.0,10.0,0.0,TBR|TBMTBR5Stage2|46#1263
TBR,2026-07-12,A,12,false,TBMTBR7Stage2,8.25R20JUH5,8.25R20JUH5 (+4 SKUs),8.25R20,R20,1122182020016KUH50,5,90.0,3,2026-07-12 13:41,2026-07-12 18:25,4.73,true,false,9.00 R 20 JDE++,204.36666666666667,10.0,0.0,TBR|TBMTBR7Stage2|48#1513
TBR,2026-07-12,A,12,false,TBMTBR2Stage2,295/90R20JDCXD,295/90R20_JDC XD_152/148_J_TT (+1 SKUs),10R20,R20,1121129A20152JCXD0,2,78.0,3,2026-07-12 14:43,2026-07-12 19:06,4.38,true,false,10.00 R 20 JDE,263.06666666666666,10.0,0.0,TBR|TBMTBR2Stage2|28#998
TBR,2026-07-12,B,12,false,TBMTBR5Stage2,GT 5078 - 295/80R22.5 JUX E,295/80R22.5 JUXe (+5 SKUs),"",R22.5,112222982C016JUXE0,6,77.0,3,2026-07-12 16:56,2026-07-12 21:16,4.33,true,false,295/80R22.5JDL,10.0,10.0,0.0,TBR|TBMTBR5Stage2|47#1264
TBR,2026-07-12,B,12,false,TBMTBR8Stage2,GT 5095 - 11.00R20 JUC3,11.00R20 JUC3 (+1 SKUs),"",R20,1123111020016KJC30,2,76.0,3,2026-07-12 17:19,2026-07-12 21:36,4.27,true,false,11.00R20JDE++,10.0,10.0,0.0,TBR|TBMTBR8Stage2|46#1636
TBR,2026-07-12,B,12,false,TBMTBR6Stage2,315/70R22.5JUL4,315/70R22.5 JW JUL4,"",R22.5,115223162C018LUL40,1,72.0,3,2026-07-12 17:22,2026-07-12 21:33,4.18,true,false,295/80R22.5JUL1,10.0,10.0,0.0,TBR|TBMTBR6Stage2|54#1393
TBR,2026-07-12,B,12,false,TBMTBR3Stage2,11.00R20 JUH5,11.00R20 JUH5 (+2 SKUs),11R20,R20,1122111020016KUH50,3,81.0,3,2026-07-12 17:28,2026-07-12 22:01,4.55,true,false,GT 5075 - 295/90R20 JUH XF,215.95,10.0,0.0,TBR|TBMTBR3Stage2|36#1088
TBR,2026-07-12,B,12,false,TBMTBR2Stage2,10.00 R 20 JDE,295/90R20JDE++ (+4 SKUs),R20,R20,1121129A20000JDEP0,5,132.0,5,2026-07-12 19:16,2026-07-13 02:41,7.42,true,false,295/90R20JDCXD,10.0,10.0,0.0,TBR|TBMTBR2Stage2|29#999
TBR,2026-07-12,B,12,false,TBMTBR4Stage2,10.00 R 20 JUH5,10.00 R 20 JW JUH5 - N2 (+1 SKUs),10.00 R 20 JUH5,R20,1122110020016KUH50,2,237.0,9,2026-07-12 19:36,2026-07-13 08:55,13.32,false,false,10.00 R 20 JUH5,167.9,0.0,0.0,TBR|TBMTBR4Stage2|12#1181
TBR,2026-07-12,B,12,false,TBMTBR1Stage2,10.00R 20 JW302,295/90R20JUCXM (+1 SKUs),10R20,R20,1123129A20152JUCM0,2,76.0,3,2026-07-12 20:20,2026-07-13 00:37,4.27,true,false,10.00 R 20 JUH3+,10.0,10.0,0.0,TBR|TBMTBR1Stage2|30#925
TBR,2026-07-12,B,12,false,TBMTBR5Stage2,GT 5083 - 295/80R22.5 JUM XM,295/80R22.5 JUM XM (+1 SKUs),22.5,R22.5,112222982C016MJXM0,2,105.0,4,2026-07-12 21:26,2026-07-13 03:20,5.9,true,false,GT 5078 - 295/80R22.5 JUX E,10.0,10.0,0.0,TBR|TBMTBR5Stage2|48#1265
TBR,2026-07-12,B,12,false,TBMTBR9Stage2,GT 5103 - 295/80R22.5 JUM XM OEM,295/80R22.5 JUM XM OEM (+2 SKUs),22.5,R22.5,112222982C152MJXM0,3,83.0,3,2026-07-12 21:33,2026-07-13 02:13,4.67,true,false,295/80R22.5JUL1,285.65,10.0,0.0,TBR|TBMTBR9Stage2|17#1736
TBR,2026-07-12,B,12,false,TBMTBR6Stage2,GT 5079 - 255/70R22.5 JUX E,255/70R22.5 JUXe 140/137 M (+2 SKUs),22.5,R22.5,112222562C016MUXE0,3,103.0,4,2026-07-12 21:43,2026-07-13 03:17,5.57,true,false,315/70R22.5JUL4,10.0,10.0,0.0,TBR|TBMTBR6Stage2|55#1394
TBR,2026-07-12,B,12,false,TBMTBR8Stage2,8.25R20JDE++,8.25R20JDE++ (+2 SKUs),8.25R20,R20,1121182020016KDEP0,3,86.0,3,2026-07-12 21:46,2026-07-13 02:17,4.52,true,false,GT 5095 - 11.00R20 JUC3,10.0,10.0,0.0,TBR|TBMTBR8Stage2|47#1637
TBR,2026-07-12,B,12,false,TBMTBR7Stage2,9.00 R 20 JDE++,9.00 R 20 JDE++ (+1 SKUs),9R20,R20,1121190020016KDEP0,2,78.0,3,2026-07-12 22:05,2026-07-13 02:11,4.1,true,false,8.25R20JUH5,220.81666666666666,10.0,0.0,TBR|TBMTBR7Stage2|49#1514
TBR,2026-07-12,C,12,false,TBMTBR3Stage2,GT 5096 - 11.00R20 JDC XD,11.00R20 JDC XD (+2 SKUs),"",R20,1121111020016KCXD0,3,102.0,4,2026-07-13 01:53,2026-07-13 07:37,5.73,true,false,11.00R20 JUH5,231.58333333333334,10.0,0.0,TBR|TBMTBR3Stage2|37#1089
TBR,2026-07-12,C,12,false,TBMTBR1Stage2,GT 5076 - 295/90R20 JDE XF,295/90R20 JDE XF / JS121 (+3 SKUs),295/90R20,R20,1121129A20152JDLF0,4,107.0,4,2026-07-13 02:18,2026-07-13 08:19,6.02,true,false,10.00R 20 JW302,101.06666666666666,10.0,0.0,TBR|TBMTBR1Stage2|31#926
TBR,2026-07-12,C,12,false,TBMTBR8Stage2,11.00R20JDE++,11.00R20 JDE++ (+1 SKUs),11.00R20,R20,1121111020016KDEP0,2,99.0,4,2026-07-13 02:27,2026-07-13 08:01,5.57,true,false,8.25R20JDE++,10.0,10.0,0.0,TBR|TBMTBR8Stage2|48#1638
TBR,2026-07-12,C,12,false,TBMTBR2Stage2,GT 5075 - 295/90R20 JUH XF,295/90R20 JUH XF / JW 304 (+3 SKUs),295/90R20,R20,1122129A20152JULF0,4,112.0,4,2026-07-13 02:57,2026-07-13 09:15,6.3,true,false,10.00 R 20 JDE,15.916666666666666,10.0,0.0,TBR|TBMTBR2Stage2|30#1000
TBR,2026-07-12,C,12,false,TBMTBR6Stage2,255/70R22.5JTH1,255/70 R 22.5 JETWAY JTH1 (+1 SKUs),255/70 R 22.5,R22.5,115222562C016MTH10,2,90.0,3,2026-07-13 03:27,2026-07-13 08:19,4.87,true,false,GT 5079 - 255/70R22.5 JUX E,10.0,10.0,0.0,TBR|TBMTBR6Stage2|56#1395
TBR,2026-07-12,C,12,false,TBMTBR5Stage2,GT 5078 - 295/80R22.5 JUX E,295/80R22.5 JUXe (+5 SKUs),"",R22.5,112222982C016JUXE0,6,77.0,3,2026-07-13 03:30,2026-07-13 07:50,4.33,true,false,GT 5083 - 295/80R22.5 JUM XM,10.0,10.0,0.0,TBR|TBMTBR5Stage2|49#1266
TBR,2026-07-12,C,12,false,TBMTBR7Stage2,8.25R20JUH5,8.25R20JUH5 (+4 SKUs),8.25R20,R20,1122182020016KUH50,5,89.0,3,2026-07-13 05:43,2026-07-13 10:23,4.68,true,false,9.00 R 20 JDE++,211.35,10.0,0.0,TBR|TBMTBR7Stage2|50#1515
TBR,2026-07-13,A,13,false,TBMTBR9Stage2,295/80R22.5JUL1,295/80R22.5 JUM (+2 SKUs),"",R22.5,112222982C016MJUM0,3,104.0,4,2026-07-13 07:34,2026-07-13 13:21,5.78,true,false,GT 5103 - 295/80R22.5 JUM XM OEM,320.6166666666667,10.0,0.0,TBR|TBMTBR9Stage2|18#1737
TBR,2026-07-13,A,13,false,TBMTBR3Stage2,10.00 R 20 JUH3+,10.00 R 20 JW JETWAY JUH3+ N2 (+1 SKUs),"",R20,1122110020016KH3P0,2,172.0,6,2026-07-13 07:47,2026-07-13 17:05,9.3,true,false,GT 5096 - 11.00R20 JDC XD,10.0,10.0,0.0,TBR|TBMTBR3Stage2|38#1090
TBR,2026-07-13,A,13,false,TBMTBR5Stage2,315/80R22.5JUL4,315/80R22.5JUL4 (+1 SKUs),22.5,R22.5,115223182C018LUL40,2,100.0,4,2026-07-13 08:00,2026-07-13 13:48,5.8,true,false,GT 5078 - 295/80R22.5 JUX E,10.0,10.0,0.0,TBR|TBMTBR5Stage2|50#1267
TBR,2026-07-13,A,13,false,TBMTBR8Stage2,8.25R20JDE++,8.25R20JDE++ (+2 SKUs),8.25R20,R20,1121182020016KDEP0,3,86.0,3,2026-07-13 08:11,2026-07-13 12:42,4.52,true,false,11.00R20JDE++,10.0,10.0,0.0,TBR|TBMTBR8Stage2|49#1639
TBR,2026-07-13,A,13,false,TBMTBR6Stage2,385/65R22.5JTL,385/65R22.5 JETWAY JTL - 24PR (+3 SKUs),"",R22.5,115223852C024KJTL0,4,84.0,3,2026-07-13 08:29,2026-07-13 13:30,5.0,true,false,255/70R22.5JTH1,10.0,10.0,0.0,TBR|TBMTBR6Stage2|57#1396
TBR,2026-07-13,A,13,false,TBMTBR2Stage2,10.00 R 20 JDE,295/90R20JDE++ (+4 SKUs),R20,R20,1121129A20000JDEP0,5,133.0,5,2026-07-13 11:38,2026-07-13 19:06,7.48,true,false,GT 5075 - 295/90R20 JUH XF,142.45,10.0,0.0,TBR|TBMTBR2Stage2|31#1001
TBR,2026-07-13,A,13,false,TBMTBR4Stage2,10.00 R 20 JUH5,10.00 R 20 JW JUH5 - N2 (+1 SKUs),10.00 R 20 JUH5,R20,1122110020016KUH50,2,237.0,9,2026-07-13 11:43,2026-07-14 01:02,13.32,false,false,10.00 R 20 JUH5,167.9,0.0,0.0,TBR|TBMTBR4Stage2|12#1182
TBR,2026-07-13,A,13,false,TBMTBR1Stage2,10.00R 20 JW302,295/90R20JUCXM (+1 SKUs),10R20,R20,1123129A20152JUCM0,2,76.0,3,2026-07-13 12:09,2026-07-13 16:25,4.27,true,false,GT 5076 - 295/90R20 JDE XF,230.5,10.0,0.0,TBR|TBMTBR1Stage2|32#927
TBR,2026-07-13,A,13,false,TBMTBR8Stage2,GT 5096 - 11.00R20 JDC XD,11.00R20 JDC XD (+2 SKUs),"",R20,1121111020016KCXD0,3,78.0,3,2026-07-13 12:52,2026-07-13 17:15,4.38,true,false,8.25R20JDE++,10.0,10.0,0.0,TBR|TBMTBR8Stage2|50#1640
TBR,2026-07-13,A,13,false,TBMTBR9Stage2,GT 5103 - 295/80R22.5 JUM XM OEM,295/80R22.5 JUM XM OEM (+2 SKUs),22.5,R22.5,112222982C152MJXM0,3,83.0,3,2026-07-13 13:31,2026-07-13 18:11,4.67,true,false,295/80R22.5JUL1,10.0,10.0,0.0,TBR|TBMTBR9Stage2|19#1738
TBR,2026-07-13,A,13,false,TBMTBR6Stage2,11R22.5JUC,11R22.5 JW JUC (+1 SKUs),"",R22.5,112321102C016LJUC0,2,104.0,4,2026-07-13 13:40,2026-07-13 19:27,5.78,true,false,385/65R22.5JTL,10.0,10.0,0.0,TBR|TBMTBR6Stage2|58#1397
TBR,2026-07-13,A,13,false,TBMTBR5Stage2,GT 5113 - 295/80R22.5 JDC XD,295/80R22.5 JETSTEEL JDC XD,"",R22.5,115122982C018KCXD0,1,72.0,3,2026-07-13 13:58,2026-07-13 18:01,4.05,true,false,315/80R22.5JUL4,10.0,10.0,0.0,TBR|TBMTBR5Stage2|51#1268
TBR,2026-07-13,A,13,false,TBMTBR7Stage2,9.00 R 20 JDE++,9.00 R 20 JDE++ (+1 SKUs),9R20,R20,1121190020016KDEP0,2,78.0,3,2026-07-13 14:00,2026-07-13 18:06,4.1,true,false,8.25R20JUH5,216.98333333333332,10.0,0.0,TBR|TBMTBR7Stage2|51#1516
TBR,2026-07-13,B,13,false,TBMTBR3Stage2,11.00R20 JUH5,11.00R20 JUH5 (+2 SKUs),11R20,R20,1122111020016KUH50,3,81.0,3,2026-07-13 17:15,2026-07-13 21:48,4.55,true,false,10.00 R 20 JUH3+,10.0,10.0,0.0,TBR|TBMTBR3Stage2|39#1091
TBR,2026-07-13,B,13,false,TBMTBR8Stage2,GT 5101 - 11.00R20 JS114,11.00R20 JS114 (+1 SKUs),11.00R20,R20,1121111020016K1141,2,75.0,3,2026-07-13 17:25,2026-07-13 21:38,4.22,true,false,GT 5096 - 11.00R20 JDC XD,10.0,10.0,0.0,TBR|TBMTBR8Stage2|51#1641
TBR,2026-07-13,B,13,false,TBMTBR5Stage2,GT 5102 - 295/80R22.5 JDL XM DOM,295/80R22.5 JDL XM DOM,"",R22.5,112122982C016MJXM0,1,75.0,3,2026-07-13 18:11,2026-07-13 22:24,4.22,true,false,GT 5113 - 295/80R22.5 JDC XD,10.0,10.0,0.0,TBR|TBMTBR5Stage2|52#1269
TBR,2026-07-13,B,13,false,TBMTBR1Stage2,GT 5076 - 295/90R20 JDE XF,295/90R20 JDE XF / JS121 (+3 SKUs),295/90R20,R20,1121129A20152JDLF0,4,105.0,4,2026-07-13 18:37,2026-07-14 00:31,5.9,true,false,10.00R 20 JW302,131.21666666666667,10.0,0.0,TBR|TBMTBR1Stage2|33#928
TBR,2026-07-13,B,13,false,TBMTBR6Stage2,295/75R22.5JTHSD,295/75R22.5JTHsd (+1 SKUs),"",R22.5,115222972C014LJTS0,2,93.0,3,2026-07-13 19:37,2026-07-14 00:47,5.17,true,false,11R22.5JUC,10.0,10.0,0.0,TBR|TBMTBR6Stage2|59#1398
TBR,2026-07-13,B,13,false,TBMTBR2Stage2,295/90R20JDCXD,295/90R20_JDC XD_152/148_J_TT (+1 SKUs),10R20,R20,1121129A20152JCXD0,2,78.0,3,2026-07-13 20:06,2026-07-14 00:29,4.38,true,false,10.00 R 20 JDE,60.233333333333334,10.0,0.0,TBR|TBMTBR2Stage2|32#1002
TBR,2026-07-13,B,13,false,TBMTBR9Stage2,GT 5083 - 295/80R22.5 JUM XM,295/80R22.5 JUM XM (+1 SKUs),22.5,R22.5,112222982C016MJXM0,2,105.0,4,2026-07-13 20:40,2026-07-14 02:34,5.9,true,false,GT 5103 - 295/80R22.5 JUM XM OEM,149.11666666666667,10.0,0.0,TBR|TBMTBR9Stage2|20#1739
TBR,2026-07-13,B,13,false,TBMTBR7Stage2,8.25R20JUH5,8.25R20JUH5 (+4 SKUs),8.25R20,R20,1122182020016KUH50,5,89.0,3,2026-07-13 21:45,2026-07-14 02:25,4.68,true,false,9.00 R 20 JDE++,218.33333333333334,10.0,0.0,TBR|TBMTBR7Stage2|52#1517
TBR,2026-07-13,B,13,false,TBMTBR8Stage2,9.00 R 20 JUH3,9.00 R 20 JETWAY JUH3 14 PR N2 (+2 SKUs),"",R20,1122190020014KJH30,3,96.0,3,2026-07-13 21:48,2026-07-14 02:47,4.99,true,false,GT 5101 - 11.00R20 JS114,10.0,10.0,0.0,TBR|TBMTBR8Stage2|52#1642
TBR,2026-07-13,B,13,false,TBMTBR3Stage2,GT 5075 - 295/90R20 JUH XF,295/90R20 JUH XF / JW 304 (+3 SKUs),295/90R20,R20,1122129A20152JULF0,4,113.0,4,2026-07-13 21:58,2026-07-14 04:20,6.35,true,false,11.00R20 JUH5,10.0,10.0,0.0,TBR|TBMTBR3Stage2|40#1092
TBR,2026-07-13,B,13,false,TBMTBR5Stage2,GT 5079 - 255/70R22.5 JUX E,255/70R22.5 JUXe 140/137 M (+2 SKUs),22.5,R22.5,112222562C016MUXE0,3,103.0,4,2026-07-13 22:34,2026-07-14 04:08,5.57,true,false,GT 5102 - 295/80R22.5 JDL XM DOM,10.0,10.0,0.0,TBR|TBMTBR5Stage2|53#1270
TBR,2026-07-13,C,13,false,TBMTBR6Stage2,GT 5113 - 295/80R22.5 JDC XD,295/80R22.5 JETSTEEL JDC XD,"",R22.5,115122982C018KCXD0,1,72.0,3,2026-07-14 01:04,2026-07-14 05:06,4.05,true,false,295/75R22.5JTHSD,16.55,10.0,0.0,TBR|TBMTBR6Stage2|60#1399
TBR,2026-07-13,C,13,false,TBMTBR2Stage2,10.00 R 20 JUH3+,10.00 R 20 JW JETWAY JUH3+ N2 (+1 SKUs),"",R20,1122110020016KH3P0,2,171.0,6,2026-07-14 02:07,2026-07-14 11:22,9.25,true,false,295/90R20JDCXD,97.68333333333334,10.0,0.0,TBR|TBMTBR2Stage2|33#1003
TBR,2026-07-13,C,13,false,TBMTBR8Stage2,11.00R20JDE++,11.00R20 JDE++ (+1 SKUs),11.00R20,R20,1121111020016KDEP0,2,99.0,4,2026-07-14 03:25,2026-07-14 08:59,5.57,true,false,9.00 R 20 JUH3,38.0,10.0,0.0,TBR|TBMTBR8Stage2|53#1643
TBR,2026-07-13,C,13,false,TBMTBR4Stage2,10.00 R 20 JUH5,10.00 R 20 JW JUH5 - N2 (+1 SKUs),10.00 R 20 JUH5,R20,1122110020016KUH50,2,237.0,9,2026-07-14 03:50,2026-07-14 17:10,13.32,false,false,10.00 R 20 JUH5,167.9,0.0,0.0,TBR|TBMTBR4Stage2|12#1183
TBR,2026-07-13,C,13,false,TBMTBR1Stage2,10.00R 20 JW302,295/90R20JUCXM (+1 SKUs),10R20,R20,1123129A20152JUCM0,2,76.0,3,2026-07-14 03:58,2026-07-14 08:14,4.27,true,false,GT 5076 - 295/90R20 JDE XF,207.1,10.0,0.0,TBR|TBMTBR1Stage2|34#929
TBR,2026-07-13,C,13,false,TBMTBR5Stage2,GT 5078 - 295/80R22.5 JUX E,295/80R22.5 JUXe (+5 SKUs),"",R22.5,112222982C016JUXE0,6,77.0,3,2026-07-14 04:39,2026-07-14 08:59,4.33,true,false,GT 5079 - 255/70R22.5 JUX E,31.4,10.0,0.0,TBR|TBMTBR5Stage2|54#1271
TBR,2026-07-13,C,13,false,TBMTBR7Stage2,9.00 R 20 JDE++,9.00 R 20 JDE++ (+1 SKUs),9R20,R20,1121190020016KDEP0,2,78.0,3,2026-07-14 04:49,2026-07-14 08:55,4.1,true,false,8.25R20JUH5,143.66666666666666,10.0,0.0,TBR|TBMTBR7Stage2|53#1518
TBR,2026-07-13,C,13,false,TBMTBR3Stage2,GT 5096 - 11.00R20 JDC XD,11.00R20 JDC XD (+2 SKUs),"",R20,1121111020016KCXD0,3,103.0,4,2026-07-14 04:51,2026-07-14 10:39,5.79,true,false,GT 5075 - 295/90R20 JUH XF,31.916666666666668,10.0,0.0,TBR|TBMTBR3Stage2|41#1093
TBR,2026-07-13,C,13,false,TBMTBR6Stage2,GT 5079 - 255/70R22.5 JUX E,255/70R22.5 JUXe 140/137 M (+2 SKUs),22.5,R22.5,112222562C016MUXE0,3,103.0,4,2026-07-14 05:16,2026-07-14 10:51,5.57,true,false,GT 5113 - 295/80R22.5 JDC XD,10.0,10.0,0.0,TBR|TBMTBR6Stage2|61#1400
TBR,2026-07-13,C,13,false,TBMTBR9Stage2,GT 5103 - 295/80R22.5 JUM XM OEM,295/80R22.5 JUM XM OEM (+2 SKUs),22.5,R22.5,112222982C152MJXM0,3,83.0,3,2026-07-14 05:25,2026-07-14 10:05,4.67,true,false,GT 5083 - 295/80R22.5 JUM XM,170.5,10.0,0.0,TBR|TBMTBR9Stage2|21#1740
TBR,2026-07-14,A,14,false,TBMTBR7Stage2,8.25R20JUH5,8.25R20JUH5 (+4 SKUs),8.25R20,R20,1122182020016KUH50,5,90.0,3,2026-07-14 09:05,2026-07-14 13:49,4.73,true,false,9.00 R 20 JDE++,10.0,10.0,0.0,TBR|TBMTBR7Stage2|54#1519
TBR,2026-07-14,A,14,false,TBMTBR8Stage2,8.25R20JDE++,8.25R20JDE++ (+2 SKUs),8.25R20,R20,1121182020016KDEP0,3,86.0,3,2026-07-14 09:16,2026-07-14 13:47,4.52,true,false,11.00R20JDE++,16.733333333333334,10.0,0.0,TBR|TBMTBR8Stage2|54#1644
TBR,2026-07-14,A,14,false,TBMTBR1Stage2,10.00 R 20 JDE,295/90R20JDE++ (+4 SKUs),R20,R20,1121129A20000JDEP0,5,132.0,5,2026-07-14 10:45,2026-07-14 18:11,7.42,true,false,10.00R 20 JW302,151.06666666666666,10.0,0.0,TBR|TBMTBR1Stage2|35#930
TBR,2026-07-14,A,14,false,TBMTBR3Stage2,GT 5076 - 295/90R20 JDE XF,295/90R20 JDE XF / JS121 (+3 SKUs),295/90R20,R20,1121129A20152JDLF0,4,106.0,4,2026-07-14 10:49,2026-07-14 16:46,5.96,true,false,GT 5096 - 11.00R20 JDC XD,10.0,10.0,0.0,TBR|TBMTBR3Stage2|42#1094
TBR,2026-07-14,A,14,false,TBMTBR5Stage2,295/80R22.5JDL,295/80R22.5 JDL CURE TYRE (+1 SKUs),"",R22.5,112122982C016MJDL0,2,75.0,3,2026-07-14 11:00,2026-07-14 15:10,4.17,true,false,GT 5078 - 295/80R22.5 JUX E,120.75,10.0,0.0,TBR|TBMTBR5Stage2|55#1272
TBR,2026-07-14,A,14,false,TBMTBR6Stage2,315/70R22.5JDL3,315/70R22.5 JS JDL3 (+1 SKUs),"",R22.5,115123162C018LDL30,2,75.0,3,2026-07-14 11:01,2026-07-14 15:22,4.35,true,false,GT 5079 - 255/70R22.5 JUX E,10.0,10.0,0.0,TBR|TBMTBR6Stage2|62#1401
TBR,2026-07-14,A,14,false,TBMTBR8Stage2,GT 5095 - 11.00R20 JUC3,11.00R20 JUC3 (+1 SKUs),"",R20,1123111020016KJC30,2,77.0,3,2026-07-14 13:57,2026-07-14 18:17,4.33,true,false,8.25R20JDE++,10.0,10.0,0.0,TBR|TBMTBR8Stage2|55#1645
TBR,2026-07-14,A,14,false,TBMTBR7Stage2,9.00 R 20 JUH5,9.00R20 JW JUH5 16PR (+2 SKUs),"",R20,1122190020016KUH50,3,87.0,3,2026-07-14 13:59,2026-07-14 18:33,4.57,true,false,8.25R20JUH5,10.0,10.0,0.0,TBR|TBMTBR7Stage2|55#1520
TBR,2026-07-14,A,14,false,TBMTBR2Stage2,GT 5075 - 295/90R20 JUH XF,295/90R20 JUH XF / JW 304 (+3 SKUs),295/90R20,R20,1122129A20152JULF0,4,113.0,4,2026-07-14 14:21,2026-07-14 20:42,6.35,true,false,10.00 R 20 JUH3+,178.45,10.0,0.0,TBR|TBMTBR2Stage2|34#1004
TBR,2026-07-14,B,14,false,TBMTBR5Stage2,GT 5078 - 295/80R22.5 JUX E,295/80R22.5 JUXe (+5 SKUs),"",R22.5,112222982C016JUXE0,6,77.0,3,2026-07-14 15:20,2026-07-14 19:40,4.33,true,false,295/80R22.5JDL,10.0,10.0,0.0,TBR|TBMTBR5Stage2|56#1273
TBR,2026-07-14,B,14,false,TBMTBR6Stage2,255/70R22.5JTH1,255/70 R 22.5 JETWAY JTH1 (+1 SKUs),255/70 R 22.5,R22.5,115222562C016MTH10,2,120.0,4,2026-07-14 17:25,2026-07-14 23:54,6.49,true,false,315/70R22.5JDL3,123.03333333333333,10.0,0.0,TBR|TBMTBR6Stage2|63#1402
TBR,2026-07-14,B,14,false,TBMTBR3Stage2,11.00R20 JUH5,11.00R20 JUH5 (+2 SKUs),11R20,R20,1122111020016KUH50,3,81.0,3,2026-07-14 18:13,2026-07-14 22:47,4.55,true,false,GT 5076 - 295/90R20 JDE XF,86.9,10.0,0.0,TBR|TBMTBR3Stage2|43#1095
TBR,2026-07-14,B,14,false,TBMTBR7Stage2,10.00 R 20 JUH3+,10.00 R 20 JW JETWAY JUH3+ N2 (+1 SKUs),"",R20,1122110020016KH3P0,2,171.0,6,2026-07-14 19:26,2026-07-15 04:41,9.25,true,false,9.00 R 20 JUH5,53.199999999999996,10.0,0.0,TBR|TBMTBR7Stage2|56#1521
TBR,2026-07-14,B,14,false,TBMTBR1Stage2,10.00R 20 JW302,295/90R20JUCXM (+1 SKUs),10R20,R20,1123129A20152JUCM0,2,152.0,6,2026-07-14 19:47,2026-07-15 04:23,8.6,true,false,10.00 R 20 JDE,96.18333333333334,10.0,0.0,TBR|TBMTBR1Stage2|36#931
TBR,2026-07-14,B,14,false,TBMTBR5Stage2,GT 5083 - 295/80R22.5 JUM XM,295/80R22.5 JUM XM (+1 SKUs),22.5,R22.5,112222982C016MJXM0,2,106.0,4,2026-07-14 19:50,2026-07-15 01:47,5.96,true,false,GT 5078 - 295/80R22.5 JUX E,10.0,10.0,0.0,TBR|TBMTBR5Stage2|57#1274
TBR,2026-07-14,B,14,false,TBMTBR8Stage2,GT 5096 - 11.00R20 JDC XD,11.00R20 JDC XD (+2 SKUs),"",R20,1121111020016KCXD0,3,103.0,4,2026-07-14 19:56,2026-07-15 01:43,5.79,true,false,GT 5095 - 11.00R20 JUC3,98.73333333333333,10.0,0.0,TBR|TBMTBR8Stage2|56#1646
TBR,2026-07-14,B,14,false,TBMTBR4Stage2,10.00 R 20 JUH5,10.00 R 20 JW JUH5 - N2 (+1 SKUs),10.00 R 20 JUH5,R20,1122110020016KUH50,2,261.0,10,2026-07-14 20:04,2026-07-15 10:45,14.67,false,false,10.00 R 20 JUH5,174.65,0.0,0.0,TBR|TBMTBR4Stage2|12#1184
TBR,2026-07-14,B,14,false,TBMTBR9Stage2,GT 5103 - 295/80R22.5 JUM XM OEM,295/80R22.5 JUM XM OEM (+2 SKUs),22.5,R22.5,112222982C152MJXM0,3,83.0,3,2026-07-14 21:19,2026-07-15 01:58,4.67,false,false,GT 5103 - 295/80R22.5 JUM XM OEM,673.8,0.0,0.0,TBR|TBMTBR9Stage2|21#1741
TBR,2026-07-14,B,14,false,TBMTBR2Stage2,9.00 R 20 JDE++,9.00 R 20 JDE++ (+1 SKUs),9R20,R20,1121190020016KDEP0,2,78.0,3,2026-07-14 22:15,2026-07-15 02:21,4.1,true,false,GT 5075 - 295/90R20 JUH XF,93.78333333333333,10.0,0.0,TBR|TBMTBR2Stage2|35#1005
TBR,2026-07-14,C,14,false,TBMTBR6Stage2,315/70R22.5JUL4,315/70R22.5 JW JUL4,"",R22.5,115223162C018LUL40,1,72.0,3,2026-07-15 00:04,2026-07-15 04:15,4.18,true,false,255/70R22.5JTH1,10.0,10.0,0.0,TBR|TBMTBR6Stage2|64#1403
TBR,2026-07-14,C,14,false,TBMTBR3Stage2,GT 5076 - 295/90R20 JDE XF,295/90R20 JDE XF / JS121 (+3 SKUs),295/90R20,R20,1121129A20152JDLF0,4,105.0,4,2026-07-15 00:39,2026-07-15 06:33,5.9,true,false,11.00R20 JUH5,111.96666666666667,10.0,0.0,TBR|TBMTBR3Stage2|44#1096
TBR,2026-07-14,C,14,false,TBMTBR8Stage2,8.25R20JDE++,8.25R20JDE++ (+2 SKUs),8.25R20,R20,1121182020016KDEP0,3,86.0,3,2026-07-15 01:53,2026-07-15 06:24,4.52,true,false,GT 5096 - 11.00R20 JDC XD,10.0,10.0,0.0,TBR|TBMTBR8Stage2|57#1647
TBR,2026-07-14,C,14,false,TBMTBR2Stage2,295/90R20JDCXD,295/90R20_JDC XD_152/148_J_TT (+1 SKUs),10R20,R20,1121129A20152JCXD0,2,79.0,3,2026-07-15 02:31,2026-07-15 06:58,4.44,true,false,9.00 R 20 JDE++,10.0,10.0,0.0,TBR|TBMTBR2Stage2|36#1006
TBR,2026-07-14,C,14,false,TBMTBR5Stage2,295/80R22.5JUL1,295/80R22.5 JUM (+2 SKUs),"",R22.5,112222982C016MJUM0,3,207.0,8,2026-07-15 03:09,2026-07-15 14:44,11.57,true,false,GT 5083 - 295/80R22.5 JUM XM,82.06666666666666,10.0,0.0,TBR|TBMTBR5Stage2|58#1275
TBR,2026-07-14,C,14,false,TBMTBR6Stage2,GT 5079 - 255/70R22.5 JUX E,255/70R22.5 JUXe 140/137 M (+2 SKUs),22.5,R22.5,112222562C016MUXE0,3,103.0,4,2026-07-15 04:25,2026-07-15 09:59,5.57,true,false,315/70R22.5JUL4,10.0,10.0,0.0,TBR|TBMTBR6Stage2|65#1404
TBR,2026-07-14,C,14,false,TBMTBR1Stage2,10.00 R 20 JDE,295/90R20JDE++ (+4 SKUs),R20,R20,1121129A20000JDEP0,5,132.0,5,2026-07-15 04:33,2026-07-15 11:58,7.42,true,false,10.00R 20 JW302,10.0,10.0,0.0,TBR|TBMTBR1Stage2|37#932
TBR,2026-07-14,C,14,false,TBMTBR8Stage2,11.00R20JDE++,11.00R20 JDE++ (+1 SKUs),11.00R20,R20,1121111020016KDEP0,2,97.0,4,2026-07-15 06:34,2026-07-15 12:01,5.45,true,false,8.25R20JDE++,10.0,10.0,0.0,TBR|TBMTBR8Stage2|58#1648
TBR,2026-07-14,C,14,false,TBMTBR3Stage2,GT 5075 - 295/90R20 JUH XF,295/90R20 JUH XF / JW 304 (+3 SKUs),295/90R20,R20,1122129A20152JULF0,4,113.0,4,2026-07-15 06:43,2026-07-15 13:04,6.35,true,false,GT 5076 - 295/90R20 JDE XF,10.0,10.0,0.0,TBR|TBMTBR3Stage2|45#1097
TBR,2026-07-15,A,15,false,TBMTBR7Stage2,9.00 R 20 JUH3,9.00 R 20 JETWAY JUH3 14 PR N2 (+2 SKUs),"",R20,1122190020014KJH30,3,96.0,3,2026-07-15 08:12,2026-07-15 13:11,4.99,true,false,10.00 R 20 JUH3+,210.56666666666666,10.0,0.0,TBR|TBMTBR7Stage2|57#1522
TBR,2026-07-15,A,15,false,TBMTBR2Stage2,10.00 R 20 JDE,295/90R20JDE++ (+4 SKUs),R20,R20,1121129A20000JDEP0,5,132.0,5,2026-07-15 08:18,2026-07-15 15:43,7.42,true,false,295/90R20JDCXD,79.93333333333334,10.0,0.0,TBR|TBMTBR2Stage2|37#1007
TBR,2026-07-15,A,15,false,TBMTBR9Stage2,GT 5083 - 295/80R22.5 JUM XM,295/80R22.5 JUM XM (+1 SKUs),22.5,R22.5,112222982C016MJXM0,2,105.0,4,2026-07-15 08:57,2026-07-15 14:51,5.9,true,false,GT 5103 - 295/80R22.5 JUM XM OEM,418.1666666666667,10.0,0.0,TBR|TBMTBR9Stage2|22#1742
TBR,2026-07-15,A,15,false,TBMTBR6Stage2,385/65R22.5JTL,385/65R22.5 JETWAY JTL - 24PR (+3 SKUs),"",R22.5,115223852C024KJTL0,4,140.0,5,2026-07-15 10:09,2026-07-15 18:30,8.34,true,false,GT 5079 - 255/70R22.5 JUX E,10.0,10.0,0.0,TBR|TBMTBR6Stage2|66#1405
TBR,2026-07-15,A,15,false,TBMTBR8Stage2,GT 5095 - 11.00R20 JUC3,11.00R20 JUC3 (+1 SKUs),"",R20,1123111020016KJC30,2,75.0,3,2026-07-15 12:11,2026-07-15 16:24,4.22,true,false,11.00R20JDE++,10.0,10.0,0.0,TBR|TBMTBR8Stage2|59#1649
TBR,2026-07-15,A,15,false,TBMTBR7Stage2,8.25R20JUH5,8.25R20JUH5 (+4 SKUs),8.25R20,R20,1122182020016KUH50,5,90.0,3,2026-07-15 13:21,2026-07-15 18:05,4.73,true,false,9.00 R 20 JUH3,10.0,10.0,0.0,TBR|TBMTBR7Stage2|58#1523
TBR,2026-07-15,A,15,false,TBMTBR1Stage2,10.00 R 20 JUH5,10.00 R 20 JW JUH5 - N2 (+1 SKUs),10.00 R 20 JUH5,R20,1122110020016KUH50,2,261.0,10,2026-07-15 13:39,2026-07-16 04:20,14.67,true,false,10.00 R 20 JDE,101.15,10.0,0.0,TBR|TBMTBR1Stage2|38#933
TBR,2026-07-15,A,15,false,TBMTBR5Stage2,GT 5078 - 295/80R22.5 JUX E,295/80R22.5 JUXe (+5 SKUs),"",R22.5,112222982C016JUXE0,6,77.0,3,2026-07-15 14:54,2026-07-15 19:13,4.33,true,false,295/80R22.5JUL1,10.0,10.0,0.0,TBR|TBMTBR5Stage2|59#1276
TBR,2026-07-15,A,15,false,TBMTBR3Stage2,GT 5076 - 295/90R20 JDE XF,295/90R20 JDE XF / JS121 (+3 SKUs),295/90R20,R20,1121129A20152JDLF0,4,105.0,4,2026-07-15 14:57,2026-07-15 20:51,5.9,true,false,GT 5075 - 295/90R20 JUH XF,112.85,10.0,0.0,TBR|TBMTBR3Stage2|46#1098
TBR,2026-07-15,B,15,false,TBMTBR9Stage2,GT 5103 - 295/80R22.5 JUM XM OEM,295/80R22.5 JUM XM OEM (+2 SKUs),22.5,R22.5,112222982C152MJXM0,3,84.0,3,2026-07-15 15:01,2026-07-15 19:44,4.72,true,false,GT 5083 - 295/80R22.5 JUM XM,10.0,10.0,0.0,TBR|TBMTBR9Stage2|23#1743
TBR,2026-07-15,B,15,false,TBMTBR2Stage2,295/90R20JDCXD,295/90R20_JDC XD_152/148_J_TT (+1 SKUs),10R20,R20,1121129A20152JCXD0,2,79.0,3,2026-07-15 15:53,2026-07-15 20:20,4.44,true,false,10.00 R 20 JDE,10.0,10.0,0.0,TBR|TBMTBR2Stage2|38#1008
TBR,2026-07-15,B,15,false,TBMTBR8Stage2,GT 5096 - 11.00R20 JDC XD,11.00R20 JDC XD (+2 SKUs),"",R20,1121111020016KCXD0,3,102.0,4,2026-07-15 16:34,2026-07-15 22:18,5.73,true,false,GT 5095 - 11.00R20 JUC3,10.0,10.0,0.0,TBR|TBMTBR8Stage2|60#1650
TBR,2026-07-15,B,15,false,TBMTBR4Stage2,GT 5075 - 295/90R20 JUH XF,295/90R20 JUH XF / JW 304 (+3 SKUs),295/90R20,R20,1122129A20152JULF0,4,225.0,8,2026-07-15 16:43,2026-07-16 05:22,12.65,true,false,10.00 R 20 JUH5,357.98333333333335,10.0,0.0,TBR|TBMTBR4Stage2|13#1185
TBR,2026-07-15,B,15,false,TBMTBR7Stage2,8.25R20JDE++,8.25R20JDE++ (+2 SKUs),8.25R20,R20,1121182020016KDEP0,3,87.0,3,2026-07-15 18:15,2026-07-15 22:49,4.57,true,false,8.25R20JUH5,10.0,10.0,0.0,TBR|TBMTBR7Stage2|59#1524
TBR,2026-07-15,B,15,false,TBMTBR6Stage2,GT 5102 - 295/80R22.5 JDL XM DOM,295/80R22.5 JDL XM DOM,"",R22.5,112122982C016MJXM0,1,72.0,3,2026-07-15 18:40,2026-07-15 22:43,4.05,true,false,385/65R22.5JTL,10.0,10.0,0.0,TBR|TBMTBR6Stage2|67#1406
TBR,2026-07-15,B,15,false,TBMTBR5Stage2,295/75R22.5JTHSD,295/75R22.5JTHsd (+1 SKUs),"",R22.5,115222972C014LJTS0,2,93.0,3,2026-07-15 19:23,2026-07-16 00:34,5.17,true,false,GT 5078 - 295/80R22.5 JUX E,10.0,10.0,0.0,TBR|TBMTBR5Stage2|60#1277
TBR,2026-07-15,B,15,false,TBMTBR2Stage2,10.00 R 20 JUH3+,10.00 R 20 JW JETWAY JUH3+ N2 (+1 SKUs),"",R20,1122110020016KH3P0,2,172.0,6,2026-07-15 20:30,2026-07-16 05:48,9.3,true,false,295/90R20JDCXD,10.0,10.0,0.0,TBR|TBMTBR2Stage2|39#1009
TBR,2026-07-15,B,15,false,TBMTBR3Stage2,11.00R20 JUH5,11.00R20 JUH5 (+2 SKUs),11R20,R20,1122111020016KUH50,3,80.0,3,2026-07-15 21:01,2026-07-16 01:31,4.5,true,false,GT 5076 - 295/90R20 JDE XF,10.0,10.0,0.0,TBR|TBMTBR3Stage2|47#1099
TBR,2026-07-15,B,15,false,TBMTBR8Stage2,GT 5101 - 11.00R20 JS114,11.00R20 JS114 (+1 SKUs),11.00R20,R20,1121111020016K1141,2,75.0,3,2026-07-15 22:28,2026-07-16 02:41,4.22,true,false,GT 5096 - 11.00R20 JDC XD,10.0,10.0,0.0,TBR|TBMTBR8Stage2|61#1651
TBR,2026-07-15,B,15,false,TBMTBR6Stage2,GT 5079 - 255/70R22.5 JUX E,255/70R22.5 JUXe 140/137 M (+2 SKUs),22.5,R22.5,112222562C016MUXE0,3,203.0,8,2026-07-15 22:53,2026-07-16 10:30,11.63,true,false,GT 5102 - 295/80R22.5 JDL XM DOM,10.0,10.0,0.0,TBR|TBMTBR6Stage2|68#1407
TBR,2026-07-15,C,15,false,TBMTBR7Stage2,8.25R20JDE++,8.25R20JDE++ (+2 SKUs),8.25R20,R20,1121182020016KDEP0,3,87.0,3,2026-07-16 00:10,2026-07-16 04:45,4.57,false,false,8.25R20JDE++,81.4,0.0,0.0,TBR|TBMTBR7Stage2|59#1525
TBR,2026-07-15,C,15,false,TBMTBR3Stage2,GT 5095 - 11.00R20 JUC3,11.00R20 JUC3 (+1 SKUs),"",R20,1123111020016KJC30,2,75.0,3,2026-07-16 02:36,2026-07-16 06:49,4.22,true,false,11.00R20 JUH5,65.61666666666666,10.0,0.0,TBR|TBMTBR3Stage2|48#1100
TBR,2026-07-15,C,15,false,TBMTBR8Stage2,11.00R20JDE++,11.00R20 JDE++ (+1 SKUs),11.00R20,R20,1121111020016KDEP0,2,98.0,4,2026-07-16 03:02,2026-07-16 08:33,5.51,true,false,GT 5101 - 11.00R20 JS114,20.816666666666666,10.0,0.0,TBR|TBMTBR8Stage2|62#1652
TBR,2026-07-15,C,15,false,TBMTBR5Stage2,295/80R22.5JUL1,295/80R22.5 JUM (+2 SKUs),"",R22.5,112222982C016MJUM0,3,103.0,4,2026-07-16 03:40,2026-07-16 09:24,5.73,true,false,295/75R22.5JTHSD,186.28333333333333,10.0,0.0,TBR|TBMTBR5Stage2|61#1278
TBR,2026-07-15,C,15,false,TBMTBR7Stage2,9.00 R 20 JDE++,9.00 R 20 JDE++ (+1 SKUs),9R20,R20,1121190020016KDEP0,2,78.0,3,2026-07-16 04:55,2026-07-16 09:01,4.1,true,false,8.25R20JDE++,10.0,10.0,0.0,TBR|TBMTBR7Stage2|60#1526
TBR,2026-07-15,C,15,false,TBMTBR4Stage2,10.00 R 20 JUH5,10.00 R 20 JW JUH5 - N2 (+1 SKUs),10.00 R 20 JUH5,R20,1122110020016KUH50,2,262.0,10,2026-07-16 05:43,2026-07-16 20:27,14.73,true,false,GT 5075 - 295/90R20 JUH XF,21.666666666666668,10.0,0.0,TBR|TBMTBR4Stage2|14#1186
TBR,2026-07-15,C,15,false,TBMTBR1Stage2,10.00R 20 JW302,295/90R20JUCXM (+1 SKUs),10R20,R20,1123129A20152JUCM0,2,76.0,3,2026-07-16 06:57,2026-07-16 11:13,4.27,true,false,10.00 R 20 JUH5,156.96666666666667,10.0,0.0,TBR|TBMTBR1Stage2|39#934
TBR,2026-07-15,C,15,false,TBMTBR3Stage2,11.00R20 JUH5,11.00R20 JUH5 (+2 SKUs),11R20,R20,1122111020016KUH50,3,80.0,3,2026-07-16 06:59,2026-07-16 11:29,4.5,true,false,GT 5095 - 11.00R20 JUC3,10.0,10.0,0.0,TBR|TBMTBR3Stage2|49#1101
TBR,2026-07-16,A,16,false,TBMTBR7Stage2,8.25R20JUH5,8.25R20JUH5 (+4 SKUs),8.25R20,R20,1122182020016KUH50,5,90.0,3,2026-07-16 09:11,2026-07-16 13:54,4.73,true,false,9.00 R 20 JDE++,10.0,10.0,0.0,TBR|TBMTBR7Stage2|61#1527
TBR,2026-07-16,A,16,false,TBMTBR5Stage2,GT 5083 - 295/80R22.5 JUM XM,295/80R22.5 JUM XM (+1 SKUs),22.5,R22.5,112222982C016MJXM0,2,105.0,4,2026-07-16 09:34,2026-07-16 15:28,5.9,true,false,295/80R22.5JUL1,10.0,10.0,0.0,TBR|TBMTBR5Stage2|62#1279
TBR,2026-07-16,A,16,false,TBMTBR9Stage2,GT 5103 - 295/80R22.5 JUM XM OEM,295/80R22.5 JUM XM OEM (+2 SKUs),22.5,R22.5,112222982C152MJXM0,3,84.0,3,2026-07-16 10:11,2026-07-16 14:55,4.72,false,false,GT 5103 - 295/80R22.5 JUM XM OEM,867.25,0.0,0.0,TBR|TBMTBR9Stage2|23#1744
TBR,2026-07-16,A,16,false,TBMTBR2Stage2,295/90R20JDCXD,295/90R20_JDC XD_152/148_J_TT (+1 SKUs),10R20,R20,1121129A20152JCXD0,2,79.0,3,2026-07-16 10:24,2026-07-16 14:51,4.44,true,false,10.00 R 20 JUH3+,276.43333333333334,10.0,0.0,TBR|TBMTBR2Stage2|40#1010
TBR,2026-07-16,A,16,false,TBMTBR6Stage2,315/70R22.5JDL3,315/70R22.5 JS JDL3 (+1 SKUs),"",R22.5,115123162C018LDL30,2,75.0,3,2026-07-16 10:40,2026-07-16 15:01,4.35,true,false,GT 5079 - 255/70R22.5 JUX E,10.0,10.0,0.0,TBR|TBMTBR6Stage2|69#1408
TBR,2026-07-16,A,16,false,TBMTBR8Stage2,GT 5096 - 11.00R20 JDC XD,11.00R20 JDC XD (+2 SKUs),"",R20,1121111020016KCXD0,3,102.0,4,2026-07-16 10:53,2026-07-16 16:37,5.73,true,false,11.00R20JDE++,140.51666666666665,10.0,0.0,TBR|TBMTBR8Stage2|63#1653
TBR,2026-07-16,A,16,false,TBMTBR3Stage2,GT 5076 - 295/90R20 JDE XF,295/90R20 JDE XF / JS121 (+3 SKUs),295/90R20,R20,1121129A20152JDLF0,4,105.0,4,2026-07-16 11:39,2026-07-16 17:33,5.9,true,false,11.00R20 JUH5,10.0,10.0,0.0,TBR|TBMTBR3Stage2|50#1102
TBR,2026-07-16,A,16,false,TBMTBR7Stage2,9.00 R 20 JUH5,9.00R20 JW JUH5 16PR (+2 SKUs),"",R20,1122190020016KUH50,3,87.0,3,2026-07-16 14:04,2026-07-16 18:39,4.57,true,false,8.25R20JUH5,10.0,10.0,0.0,TBR|TBMTBR7Stage2|62#1528
TBR,2026-07-16,A,16,false,TBMTBR1Stage2,10.00 R 20 JUH3+,10.00 R 20 JW JETWAY JUH3+ N2 (+1 SKUs),"",R20,1122110020016KH3P0,2,172.0,6,2026-07-16 14:06,2026-07-16 23:24,9.3,true,false,10.00R 20 JW302,173.11666666666667,10.0,0.0,TBR|TBMTBR1Stage2|40#935
TBR,2026-07-16,B,16,false,TBMTBR9Stage2,GT 5078 - 295/80R22.5 JUX E,295/80R22.5 JUXe (+5 SKUs),"",R22.5,112222982C016JUXE0,6,77.0,3,2026-07-16 15:05,2026-07-16 19:24,4.33,true,false,GT 5103 - 295/80R22.5 JUM XM OEM,10.0,10.0,0.0,TBR|TBMTBR9Stage2|24#1745
TBR,2026-07-16,B,16,false,TBMTBR2Stage2,295/90R20JDCXD,295/90R20_JDC XD_152/148_J_TT (+1 SKUs),10R20,R20,1121129A20152JCXD0,2,79.0,3,2026-07-16 16:51,2026-07-16 21:18,4.44,false,false,295/90R20JDCXD,120.86666666666666,0.0,0.0,TBR|TBMTBR2Stage2|40#1011
TBR,2026-07-16,B,16,false,TBMTBR5Stage2,295/80R22.5JUL1,295/80R22.5 JUM (+2 SKUs),"",R22.5,112222982C016MJUM0,3,104.0,4,2026-07-16 18:04,2026-07-16 23:51,5.78,true,false,GT 5083 - 295/80R22.5 JUM XM,156.3,10.0,0.0,TBR|TBMTBR5Stage2|63#1280
TBR,2026-07-16,B,16,false,TBMTBR6Stage2,295/80R22.5JDL,295/80R22.5 JDL CURE TYRE (+1 SKUs),"",R22.5,112122982C016MJDL0,2,77.0,3,2026-07-16 19:44,2026-07-17 00:00,4.28,true,false,315/70R22.5JDL3,282.0833333333333,10.0,0.0,TBR|TBMTBR6Stage2|70#1409
TBR,2026-07-16,B,16,false,TBMTBR8Stage2,11.00R20JDE++,11.00R20 JDE++ (+1 SKUs),11.00R20,R20,1121111020016KDEP0,2,97.0,4,2026-07-16 20:41,2026-07-17 02:08,5.45,true,false,GT 5096 - 11.00R20 JDC XD,243.26666666666665,10.0,0.0,TBR|TBMTBR8Stage2|64#1654
TBR,2026-07-16,B,16,false,TBMTBR2Stage2,10.00 R 20 JDE,295/90R20JDE++ (+4 SKUs),R20,R20,1121129A20000JDEP0,5,130.0,5,2026-07-16 21:28,2026-07-17 04:46,7.31,true,false,295/90R20JDCXD,10.0,10.0,0.0,TBR|TBMTBR2Stage2|41#1012
TBR,2026-07-16,B,16,false,TBMTBR3Stage2,11.00R20 JUH5,11.00R20 JUH5 (+2 SKUs),11R20,R20,1122111020016KUH50,3,79.0,3,2026-07-16 21:47,2026-07-17 02:14,4.44,true,false,GT 5076 - 295/90R20 JDE XF,253.91666666666666,10.0,0.0,TBR|TBMTBR3Stage2|51#1103
TBR,2026-07-16,B,16,false,TBMTBR7Stage2,8.25R20JDE++,8.25R20JDE++ (+2 SKUs),8.25R20,R20,1121182020016KDEP0,3,88.0,3,2026-07-16 22:19,2026-07-17 02:57,4.62,true,false,9.00 R 20 JUH5,220.6,10.0,0.0,TBR|TBMTBR7Stage2|63#1529
TBR,2026-07-16,C,16,false,TBMTBR4Stage2,10.00 R 20 JUH5,10.00 R 20 JW JUH5 - N2 (+1 SKUs),10.00 R 20 JUH5,R20,1122110020016KUH50,2,238.0,9,2026-07-16 23:11,2026-07-17 12:34,13.38,false,false,10.00 R 20 JUH5,164.53333333333333,0.0,0.0,TBR|TBMTBR4Stage2|14#1187
TBR,2026-07-16,C,16,false,TBMTBR5Stage2,GT 5083 - 295/80R22.5 JUM XM,295/80R22.5 JUM XM (+1 SKUs),22.5,R22.5,112222982C016MJXM0,2,106.0,4,2026-07-17 00:01,2026-07-17 05:59,5.96,true,false,295/80R22.5JUL1,10.0,10.0,0.0,TBR|TBMTBR5Stage2|64#1281
TBR,2026-07-16,C,16,false,TBMTBR6Stage2,315/70R22.5JUL4,315/70R22.5 JW JUL4,"",R22.5,115223162C018LUL40,1,72.0,3,2026-07-17 00:10,2026-07-17 04:21,4.18,true,false,295/80R22.5JDL,10.0,10.0,0.0,TBR|TBMTBR6Stage2|71#1410
TBR,2026-07-16,C,16,false,TBMTBR8Stage2,GT 5096 - 11.00R20 JDC XD,11.00R20 JDC XD (+2 SKUs),"",R20,1121111020016KCXD0,3,102.0,4,2026-07-17 02:18,2026-07-17 08:02,5.73,true,false,11.00R20JDE++,10.0,10.0,0.0,TBR|TBMTBR8Stage2|65#1655
TBR,2026-07-16,C,16,false,TBMTBR3Stage2,GT 5076 - 295/90R20 JDE XF,295/90R20 JDE XF / JS121 (+3 SKUs),295/90R20,R20,1121129A20152JDLF0,4,106.0,4,2026-07-17 02:24,2026-07-17 08:21,5.96,true,false,11.00R20 JUH5,10.0,10.0,0.0,TBR|TBMTBR3Stage2|52#1104
TBR,2026-07-16,C,16,false,TBMTBR7Stage2,9.00 R 20 JDE++,9.00 R 20 JDE++ (+1 SKUs),9R20,R20,1121190020016KDEP0,2,78.0,3,2026-07-17 03:07,2026-07-17 07:13,4.1,true,false,8.25R20JDE++,10.0,10.0,0.0,TBR|TBMTBR7Stage2|64#1530
TBR,2026-07-16,C,16,false,TBMTBR6Stage2,GT 5079 - 255/70R22.5 JUX E,255/70R22.5 JUXe 140/137 M (+2 SKUs),22.5,R22.5,112222562C016MUXE0,3,103.0,4,2026-07-17 04:31,2026-07-17 10:06,5.57,true,false,315/70R22.5JUL4,10.0,10.0,0.0,TBR|TBMTBR6Stage2|72#1411
TBR,2026-07-16,C,16,false,TBMTBR1Stage2,10.00R 20 JW302,295/90R20JUCXM (+1 SKUs),10R20,R20,1123129A20152JUCM0,2,154.0,6,2026-07-17 05:36,2026-07-17 15:09,9.55,true,false,10.00 R 20 JUH3+,371.8,10.0,0.0,TBR|TBMTBR1Stage2|41#936
TBR,2026-07-16,C,16,false,TBMTBR5Stage2,295/80R22.5JDL,295/80R22.5 JDL CURE TYRE (+1 SKUs),"",R22.5,112122982C016MJDL0,2,76.0,3,2026-07-17 06:09,2026-07-17 10:22,4.23,true,false,GT 5083 - 295/80R22.5 JUM XM,10.0,10.0,0.0,TBR|TBMTBR5Stage2|65#1282
TBR,2026-07-17,A,17,false,TBMTBR8Stage2,GT 5095 - 11.00R20 JUC3,11.00R20 JUC3 (+1 SKUs),"",R20,1123111020016KJC30,2,75.0,3,2026-07-17 08:12,2026-07-17 12:25,4.22,true,false,GT 5096 - 11.00R20 JDC XD,10.0,10.0,0.0,TBR|TBMTBR8Stage2|66#1656
TBR,2026-07-17,A,17,false,TBMTBR2Stage2,10.00 R 20 JUH3+,10.00 R 20 JW JETWAY JUH3+ N2 (+1 SKUs),"",R20,1122110020016KH3P0,2,172.0,6,2026-07-17 08:26,2026-07-17 17:44,9.3,true,false,10.00 R 20 JDE,219.83333333333334,10.0,0.0,TBR|TBMTBR2Stage2|42#1013
TBR,2026-07-17,A,17,false,TBMTBR3Stage2,GT 5075 - 295/90R20 JUH XF,295/90R20 JUH XF / JW 304 (+3 SKUs),295/90R20,R20,1122129A20152JULF0,4,112.0,4,2026-07-17 08:53,2026-07-17 15:10,6.3,true,false,GT 5076 - 295/90R20 JDE XF,31.433333333333334,10.0,0.0,TBR|TBMTBR3Stage2|53#1105
TBR,2026-07-17,A,17,false,TBMTBR6Stage2,GT 5113 - 295/80R22.5 JDC XD,295/80R22.5 JETSTEEL JDC XD,"",R22.5,115122982C018KCXD0,1,72.0,3,2026-07-17 10:16,2026-07-17 14:18,4.05,true,false,GT 5079 - 255/70R22.5 JUX E,10.0,10.0,0.0,TBR|TBMTBR6Stage2|73#1412
TBR,2026-07-17,A,17,false,TBMTBR5Stage2,GT 5083 - 295/80R22.5 JUM XM,295/80R22.5 JUM XM (+1 SKUs),22.5,R22.5,112222982C016MJXM0,2,105.0,4,2026-07-17 10:32,2026-07-17 16:27,5.9,true,false,295/80R22.5JDL,10.0,10.0,0.0,TBR|TBMTBR5Stage2|66#1283
TBR,2026-07-17,A,17,false,TBMTBR7Stage2,GT 5098 - 275/90R20 JDE XF,275/90R20 JETSTEEL JDE XF,"",R20,1121127A20149KDEF0,1,81.0,3,2026-07-17 10:33,2026-07-17 15:06,4.55,true,false,9.00 R 20 JDE++,199.98333333333332,10.0,0.0,TBR|TBMTBR7Stage2|65#1531
TBR,2026-07-17,A,17,false,TBMTBR9Stage2,GT 5103 - 295/80R22.5 JUM XM OEM,295/80R22.5 JUM XM OEM (+2 SKUs),22.5,R22.5,112222982C152MJXM0,3,85.0,3,2026-07-17 10:46,2026-07-17 15:32,4.78,true,false,GT 5078 - 295/80R22.5 JUX E,921.0833333333334,10.0,0.0,TBR|TBMTBR9Stage2|25#1746
TBR,2026-07-17,A,17,false,TBMTBR8Stage2,GT 5096 - 11.00R20 JDC XD,11.00R20 JDC XD (+2 SKUs),"",R20,1121111020016KCXD0,3,101.0,4,2026-07-17 12:35,2026-07-17 18:15,5.68,true,false,GT 5095 - 11.00R20 JUC3,10.0,10.0,0.0,TBR|TBMTBR8Stage2|67#1657
TBR,2026-07-17,A,17,false,TBMTBR4Stage2,10.00 R 20 JDE,295/90R20JDE++ (+4 SKUs),R20,R20,1121129A20000JDEP0,5,260.0,10,2026-07-17 13:10,2026-07-18 03:47,14.62,true,false,10.00 R 20 JUH5,36.05,10.0,0.0,TBR|TBMTBR4Stage2|15#1188
TBR,2026-07-17,A,17,false,TBMTBR6Stage2,295/75R22.5JTHSD,295/75R22.5JTHsd (+1 SKUs),"",R22.5,115222972C014LJTS0,2,93.0,3,2026-07-17 14:28,2026-07-17 19:39,5.17,true,false,GT 5113 - 295/80R22.5 JDC XD,10.0,10.0,0.0,TBR|TBMTBR6Stage2|74#1413
TBR,2026-07-17,B,17,false,TBMTBR1Stage2,10.00 R 20 JUH5,10.00 R 20 JW JUH5 - N2 (+1 SKUs),10.00 R 20 JUH5,R20,1122110020016KUH50,2,238.0,9,2026-07-17 15:19,2026-07-18 04:42,13.38,true,false,10.00R 20 JW302,10.0,10.0,0.0,TBR|TBMTBR1Stage2|42#937
TBR,2026-07-17,B,17,false,TBMTBR3Stage2,GT 5076 - 295/90R20 JDE XF,295/90R20 JDE XF / JS121 (+3 SKUs),295/90R20,R20,1121129A20152JDLF0,4,106.0,4,2026-07-17 15:20,2026-07-17 21:18,5.96,true,false,GT 5075 - 295/90R20 JUH XF,10.0,10.0,0.0,TBR|TBMTBR3Stage2|54#1106
TBR,2026-07-17,B,17,false,TBMTBR7Stage2,9.00 R 20 JUH5,9.00R20 JW JUH5 16PR (+2 SKUs),"",R20,1122190020016KUH50,3,87.0,3,2026-07-17 15:22,2026-07-17 19:56,4.57,true,false,GT 5098 - 275/90R20 JDE XF,15.966666666666667,10.0,0.0,TBR|TBMTBR7Stage2|66#1532
TBR,2026-07-17,B,17,false,TBMTBR5Stage2,GT 5078 - 295/80R22.5 JUX E,295/80R22.5 JUXe (+5 SKUs),"",R22.5,112222982C016JUXE0,6,76.0,3,2026-07-17 16:37,2026-07-17 20:53,4.27,true,false,GT 5083 - 295/80R22.5 JUM XM,10.0,10.0,0.0,TBR|TBMTBR5Stage2|67#1284
TBR,2026-07-17,B,17,false,TBMTBR9Stage2,GT 5103 - 295/80R22.5 JUM XM OEM,295/80R22.5 JUM XM OEM (+2 SKUs),22.5,R22.5,112222982C152MJXM0,3,85.0,3,2026-07-17 17:15,2026-07-17 22:02,4.78,false,false,GT 5103 - 295/80R22.5 JUM XM OEM,102.83333333333333,0.0,0.0,TBR|TBMTBR9Stage2|25#1747
TBR,2026-07-17,B,17,false,TBMTBR2Stage2,295/90R20JDCXD,295/90R20_JDC XD_152/148_J_TT (+1 SKUs),10R20,R20,1121129A20152JCXD0,2,160.0,6,2026-07-17 18:17,2026-07-18 03:34,9.28,true,false,10.00 R 20 JUH3+,32.416666666666664,10.0,0.0,TBR|TBMTBR2Stage2|43#1014
TBR,2026-07-17,B,17,false,TBMTBR8Stage2,GT 5101 - 11.00R20 JS114,11.00R20 JS114 (+1 SKUs),11.00R20,R20,1121111020016K1141,2,96.0,4,2026-07-17 18:25,2026-07-17 23:49,5.4,true,false,GT 5096 - 11.00R20 JDC XD,10.0,10.0,0.0,TBR|TBMTBR8Stage2|68#1658
TBR,2026-07-17,B,17,false,TBMTBR6Stage2,315/80R22.5JUL3,315/80R22.5 JUL3 CURE TYRE (+2 SKUs),315/80R22.5 JUL3,R22.5,115223182C018MUL30,3,81.0,3,2026-07-17 19:49,2026-07-18 00:31,4.7,true,false,295/75R22.5JTHSD,10.0,10.0,0.0,TBR|TBMTBR6Stage2|75#1414
TBR,2026-07-17,B,17,false,TBMTBR7Stage2,8.25R20JUH5,8.25R20JUH5 (+4 SKUs),8.25R20,R20,1122182020016KUH50,5,90.0,3,2026-07-17 20:06,2026-07-18 00:50,4.73,true,false,9.00 R 20 JUH5,10.0,10.0,0.0,TBR|TBMTBR7Stage2|67#1533
TBR,2026-07-17,B,17,false,TBMTBR5Stage2,GT 5102 - 295/80R22.5 JDL XM DOM,295/80R22.5 JDL XM DOM,"",R22.5,112122982C016MJXM0,1,72.0,3,2026-07-17 21:03,2026-07-18 01:06,4.05,true,false,GT 5078 - 295/80R22.5 JUX E,10.0,10.0,0.0,TBR|TBMTBR5Stage2|68#1285
TBR,2026-07-17,B,17,false,TBMTBR3Stage2,11.00R20 JUH5,11.00R20 JUH5 (+2 SKUs),11R20,R20,1122111020016KUH50,3,80.0,3,2026-07-17 21:28,2026-07-18 01:58,4.5,true,false,GT 5076 - 295/90R20 JDE XF,10.0,10.0,0.0,TBR|TBMTBR3Stage2|55#1107
TBR,2026-07-17,B,17,false,TBMTBR9Stage2,295/80R22.5JUL1,295/80R22.5 JUM (+2 SKUs),"",R22.5,112222982C016MJUM0,3,104.0,4,2026-07-17 22:12,2026-07-18 03:59,5.78,true,false,GT 5103 - 295/80R22.5 JUM XM OEM,10.0,10.0,0.0,TBR|TBMTBR9Stage2|26#1748
TBR,2026-07-17,C,17,false,TBMTBR8Stage2,9.00 R 20 JUH3,9.00 R 20 JETWAY JUH3 14 PR N2 (+2 SKUs),"",R20,1122190020014KJH30,3,96.0,3,2026-07-17 23:59,2026-07-18 04:58,4.99,true,false,GT 5101 - 11.00R20 JS114,10.0,10.0,0.0,TBR|TBMTBR8Stage2|69#1659
TBR,2026-07-17,C,17,false,TBMTBR6Stage2,GT 5079 - 255/70R22.5 JUX E,255/70R22.5 JUXe 140/137 M (+2 SKUs),22.5,R22.5,112222562C016MUXE0,3,101.0,4,2026-07-18 00:41,2026-07-18 06:09,5.46,true,false,315/80R22.5JUL3,10.0,10.0,0.0,TBR|TBMTBR6Stage2|76#1415
TBR,2026-07-17,C,17,false,TBMTBR7Stage2,9.00 R 20 JDE++,9.00 R 20 JDE++ (+1 SKUs),9R20,R20,1121190020016KDEP0,2,78.0,3,2026-07-18 01:47,2026-07-18 05:53,4.1,true,false,8.25R20JUH5,57.36666666666667,10.0,0.0,TBR|TBMTBR7Stage2|68#1534
TBR,2026-07-17,C,17,false,TBMTBR3Stage2,GT 5076 - 295/90R20 JDE XF,295/90R20 JDE XF / JS121 (+3 SKUs),295/90R20,R20,1121129A20152JDLF0,4,212.0,8,2026-07-18 02:08,2026-07-18 14:03,11.92,true,false,11.00R20 JUH5,10.0,10.0,0.0,TBR|TBMTBR3Stage2|56#1108
TBR,2026-07-17,C,17,false,TBMTBR2Stage2,10.00 R 20 JUH3+,10.00 R 20 JW JETWAY JUH3+ N2 (+1 SKUs),"",R20,1122110020016KH3P0,2,174.0,6,2026-07-18 03:44,2026-07-18 13:08,9.41,true,false,295/90R20JDCXD,10.0,10.0,0.0,TBR|TBMTBR2Stage2|44#1015
TBR,2026-07-17,C,17,false,TBMTBR7Stage2,8.25R20JDE++,8.25R20JDE++ (+2 SKUs),8.25R20,R20,1121182020016KDEP0,3,87.0,3,2026-07-18 06:03,2026-07-18 10:38,4.57,true,false,9.00 R 20 JDE++,10.0,10.0,0.0,TBR|TBMTBR7Stage2|69#1535
TBR,2026-07-17,C,17,false,TBMTBR4Stage2,GT 5075 - 295/90R20 JUH XF,295/90R20 JUH XF / JW 304 (+3 SKUs),295/90R20,R20,1122129A20152JULF0,4,113.0,4,2026-07-18 06:47,2026-07-18 13:08,6.35,true,false,10.00 R 20 JDE,179.41666666666666,10.0,0.0,TBR|TBMTBR4Stage2|16#1189
TBR,2026-07-18,A,18,false,TBMTBR1Stage2,10.00 R 20 JUH5,10.00 R 20 JW JUH5 - N2 (+1 SKUs),10.00 R 20 JUH5,R20,1122110020016KUH50,2,238.0,9,2026-07-18 07:26,2026-07-18 20:49,13.38,false,false,10.00 R 20 JUH5,164.53333333333333,0.0,0.0,TBR|TBMTBR1Stage2|42#938
TBR,2026-07-18,A,18,false,TBMTBR8Stage2,11.00R20 JUH5,11.00R20 JUH5 (+2 SKUs),11R20,R20,1122111020016KUH50,3,80.0,3,2026-07-18 07:44,2026-07-18 12:14,4.5,true,false,9.00 R 20 JUH3,166.03333333333333,10.0,0.0,TBR|TBMTBR8Stage2|70#1660
TBR,2026-07-18,A,18,false,TBMTBR5Stage2,GT 5078 - 295/80R22.5 JUX E,295/80R22.5 JUXe (+5 SKUs),"",R22.5,112222982C016JUXE0,6,75.0,3,2026-07-18 08:03,2026-07-18 12:16,4.22,true,false,GT 5102 - 295/80R22.5 JDL XM DOM,417.4,10.0,0.0,TBR|TBMTBR5Stage2|69#1286
TBR,2026-07-18,A,18,false,TBMTBR6Stage2,315/70R22.5JDL3,315/70R22.5 JS JDL3 (+1 SKUs),"",R22.5,115123162C018LDL30,2,76.0,3,2026-07-18 10:20,2026-07-18 14:45,4.41,true,false,GT 5079 - 255/70R22.5 JUX E,251.29999999999998,10.0,0.0,TBR|TBMTBR6Stage2|77#1416
TBR,2026-07-18,A,18,false,TBMTBR8Stage2,GT 5096 - 11.00R20 JDC XD,11.00R20 JDC XD (+2 SKUs),"",R20,1121111020016KCXD0,3,101.0,4,2026-07-18 12:24,2026-07-18 18:05,5.68,true,false,11.00R20 JUH5,10.0,10.0,0.0,TBR|TBMTBR8Stage2|71#1661
TBR,2026-07-18,A,18,false,TBMTBR5Stage2,GT 5083 - 295/80R22.5 JUM XM,295/80R22.5 JUM XM (+1 SKUs),22.5,R22.5,112222982C016MJXM0,2,105.0,4,2026-07-18 12:26,2026-07-18 18:20,5.9,true,false,GT 5078 - 295/80R22.5 JUX E,10.0,10.0,0.0,TBR|TBMTBR5Stage2|70#1287
TBR,2026-07-18,A,18,false,TBMTBR7Stage2,8.25R20JUH5,8.25R20JUH5 (+4 SKUs),8.25R20,R20,1122182020016KUH50,5,90.0,3,2026-07-18 13:58,2026-07-18 18:42,4.73,true,false,8.25R20JDE++,200.25,10.0,0.0,TBR|TBMTBR7Stage2|70#1536
TBR,2026-07-18,A,18,false,TBMTBR4Stage2,10.00R 20 JW302,295/90R20JUCXM (+1 SKUs),10R20,R20,1123129A20152JUCM0,2,77.0,3,2026-07-18 14:08,2026-07-18 18:28,4.33,true,false,GT 5075 - 295/90R20 JUH XF,60.3,10.0,0.0,TBR|TBMTBR4Stage2|17#1190
TBR,2026-07-18,A,18,false,TBMTBR3Stage2,GT 5095 - 11.00R20 JUC3,11.00R20 JUC3 (+1 SKUs),"",R20,1123111020016KJC30,2,75.0,3,2026-07-18 14:13,2026-07-18 18:26,4.22,true,false,GT 5076 - 295/90R20 JDE XF,10.0,10.0,0.0,TBR|TBMTBR3Stage2|57#1109
TBR,2026-07-18,B,18,false,TBMTBR2Stage2,295/90R20JDCXD,295/90R20_JDC XD_152/148_J_TT (+1 SKUs),10R20,R20,1121129A20152JCXD0,2,81.0,3,2026-07-18 16:30,2026-07-18 21:03,4.55,true,false,10.00 R 20 JUH3+,201.76666666666665,10.0,0.0,TBR|TBMTBR2Stage2|45#1016
TBR,2026-07-18,B,18,false,TBMTBR5Stage2,295/80R22.5JDL,295/80R22.5 JDL CURE TYRE (+1 SKUs),"",R22.5,112122982C016MJDL0,2,76.0,3,2026-07-18 18:30,2026-07-18 22:44,4.23,true,false,GT 5083 - 295/80R22.5 JUM XM,10.0,10.0,0.0,TBR|TBMTBR5Stage2|71#1288
TBR,2026-07-18,B,18,false,TBMTBR9Stage2,GT 5103 - 295/80R22.5 JUM XM OEM,295/80R22.5 JUM XM OEM (+2 SKUs),22.5,R22.5,112222982C152MJXM0,3,85.0,3,2026-07-18 19:30,2026-07-19 00:17,4.78,true,false,295/80R22.5JUL1,931.5833333333334,10.0,0.0,TBR|TBMTBR9Stage2|27#1749
TBR,2026-07-18,B,18,false,TBMTBR6Stage2,GT 5079 - 255/70R22.5 JUX E,255/70R22.5 JUXe 140/137 M (+2 SKUs),22.5,R22.5,112222562C016MUXE0,3,101.0,4,2026-07-18 19:45,2026-07-19 01:13,5.46,true,false,315/70R22.5JDL3,300.76666666666665,10.0,0.0,TBR|TBMTBR6Stage2|78#1417
TBR,2026-07-18,B,18,false,TBMTBR8Stage2,11.00R20JDE++,11.00R20 JDE++ (+1 SKUs),11.00R20,R20,1121111020016KDEP0,2,98.0,4,2026-07-18 19:48,2026-07-19 01:19,5.51,true,false,GT 5096 - 11.00R20 JDC XD,102.93333333333334,10.0,0.0,TBR|TBMTBR8Stage2|72#1662
TBR,2026-07-18,B,18,false,TBMTBR7Stage2,8.25R20JDE++,8.25R20JDE++ (+2 SKUs),8.25R20,R20,1121182020016KDEP0,3,88.0,3,2026-07-18 20:39,2026-07-19 01:16,4.62,true,false,8.25R20JUH5,117.33333333333333,10.0,0.0,TBR|TBMTBR7Stage2|71#1537
TBR,2026-07-18,B,18,false,TBMTBR3Stage2,11.00R20 JUH5,11.00R20 JUH5 (+2 SKUs),11R20,R20,1122111020016KUH50,3,80.0,3,2026-07-18 21:11,2026-07-19 01:41,4.5,true,false,GT 5095 - 11.00R20 JUC3,165.26666666666665,10.0,0.0,TBR|TBMTBR3Stage2|58#1110
TBR,2026-07-18,B,18,false,TBMTBR2Stage2,10.00 R 20 JDE,295/90R20JDE++ (+4 SKUs),R20,R20,1121129A20000JDEP0,5,130.0,5,2026-07-18 21:13,2026-07-19 04:32,7.31,true,false,295/90R20JDCXD,10.0,10.0,0.0,TBR|TBMTBR2Stage2|46#1017
TBR,2026-07-18,B,18,false,TBMTBR1Stage2,10.00 R 20 JUH5,10.00 R 20 JW JUH5 - N2 (+1 SKUs),10.00 R 20 JUH5,R20,1122110020016KUH50,2,239.0,9,2026-07-18 22:02,2026-07-19 11:28,13.44,false,false,10.00 R 20 JUH5,73.45,0.0,0.0,TBR|TBMTBR1Stage2|42#939
TBR,2026-07-18,B,18,false,TBMTBR5Stage2,295/80R22.5JUL1,295/80R22.5 JUM (+2 SKUs),"",R22.5,112222982C016MJUM0,3,104.0,4,2026-07-18 22:54,2026-07-19 04:41,5.78,true,false,295/80R22.5JDL,10.0,10.0,0.0,TBR|TBMTBR5Stage2|72#1289
TBR,2026-07-18,C,18,false,TBMTBR4Stage2,GT 5075 - 295/90R20 JUH XF,295/90R20 JUH XF / JW 304 (+3 SKUs),295/90R20,R20,1122129A20152JULF0,4,112.0,4,2026-07-18 23:01,2026-07-19 05:19,6.3,true,false,10.00R 20 JW302,273.45,10.0,0.0,TBR|TBMTBR4Stage2|18#1191
TBR,2026-07-18,C,18,false,TBMTBR6Stage2,315/70R22.5JUL4,315/70R22.5 JW JUL4,"",R22.5,115223162C018LUL40,1,73.0,3,2026-07-19 01:23,2026-07-19 05:37,4.24,true,false,GT 5079 - 255/70R22.5 JUX E,10.0,10.0,0.0,TBR|TBMTBR6Stage2|79#1418
TBR,2026-07-18,C,18,false,TBMTBR7Stage2,GT 5098 - 275/90R20 JDE XF,275/90R20 JETSTEEL JDE XF,"",R20,1121127A20149KDEF0,1,81.0,3,2026-07-19 01:39,2026-07-19 06:13,4.55,true,false,8.25R20JDE++,22.916666666666668,10.0,0.0,TBR|TBMTBR7Stage2|72#1538
TBR,2026-07-18,C,18,false,TBMTBR8Stage2,GT 5095 - 11.00R20 JUC3,11.00R20 JUC3 (+1 SKUs),"",R20,1123111020016KJC30,2,76.0,3,2026-07-19 01:59,2026-07-19 06:15,4.27,true,false,11.00R20JDE++,40.61666666666667,10.0,0.0,TBR|TBMTBR8Stage2|73#1663
TBR,2026-07-18,C,18,false,TBMTBR3Stage2,GT 5076 - 295/90R20 JDE XF,295/90R20 JDE XF / JS121 (+3 SKUs),295/90R20,R20,1121129A20152JDLF0,4,107.0,4,2026-07-19 03:27,2026-07-19 09:28,6.02,true,false,11.00R20 JUH5,105.68333333333334,10.0,0.0,TBR|TBMTBR3Stage2|59#1111
TBR,2026-07-18,C,18,false,TBMTBR2Stage2,10.00 R 20 JUH3+,10.00 R 20 JW JETWAY JUH3+ N2 (+1 SKUs),"",R20,1122110020016KH3P0,2,174.0,6,2026-07-19 04:42,2026-07-19 14:06,9.41,true,false,10.00 R 20 JDE,10.0,10.0,0.0,TBR|TBMTBR2Stage2|47#1018
TBR,2026-07-18,C,18,false,TBMTBR5Stage2,GT 5078 - 295/80R22.5 JUX E,295/80R22.5 JUXe (+5 SKUs),"",R22.5,112222982C016JUXE0,6,75.0,3,2026-07-19 04:51,2026-07-19 09:04,4.22,true,false,295/80R22.5JUL1,10.0,10.0,0.0,TBR|TBMTBR5Stage2|73#1290
TBR,2026-07-18,C,18,false,TBMTBR7Stage2,8.25R20JDE++,8.25R20JDE++ (+2 SKUs),8.25R20,R20,1121182020016KDEP0,3,88.0,3,2026-07-19 06:23,2026-07-19 11:00,4.62,true,false,GT 5098 - 275/90R20 JDE XF,10.0,10.0,0.0,TBR|TBMTBR7Stage2|73#1539
TBR,2026-07-18,C,18,false,TBMTBR4Stage2,10.00R 20 JW302,295/90R20JUCXM (+1 SKUs),10R20,R20,1123129A20152JUCM0,2,77.0,3,2026-07-19 06:24,2026-07-19 10:44,4.33,true,false,GT 5075 - 295/90R20 JUH XF,65.1,10.0,0.0,TBR|TBMTBR4Stage2|19#1192
TBR,2026-07-18,C,18,false,TBMTBR8Stage2,GT 5096 - 11.00R20 JDC XD,11.00R20 JDC XD (+2 SKUs),"",R20,1121111020016KCXD0,3,102.0,4,2026-07-19 06:25,2026-07-19 12:10,5.73,true,false,GT 5095 - 11.00R20 JUC3,10.0,10.0,0.0,TBR|TBMTBR8Stage2|74#1664
TBR,2026-07-18,C,18,false,TBMTBR6Stage2,GT 5113 - 295/80R22.5 JDC XD,295/80R22.5 JETSTEEL JDC XD,"",R22.5,115122982C018KCXD0,1,72.0,3,2026-07-19 06:50,2026-07-19 10:53,4.05,true,false,315/70R22.5JUL4,72.28333333333333,10.0,0.0,TBR|TBMTBR6Stage2|80#1419
TBR,2026-07-19,A,19,false,TBMTBR5Stage2,295/80R22.5JUL1,295/80R22.5 JUM (+2 SKUs),"",R22.5,112222982C016MJUM0,3,104.0,4,2026-07-19 09:14,2026-07-19 15:01,5.78,true,false,GT 5078 - 295/80R22.5 JUX E,10.0,10.0,0.0,TBR|TBMTBR5Stage2|74#1291
TBR,2026-07-19,A,19,false,TBMTBR6Stage2,295/75R22.5JTHSD,295/75R22.5JTHsd (+1 SKUs),"",R22.5,115222972C014LJTS0,2,124.0,4,2026-07-19 11:03,2026-07-19 17:56,6.9,true,false,GT 5113 - 295/80R22.5 JDC XD,10.0,10.0,0.0,TBR|TBMTBR6Stage2|81#1420
TBR,2026-07-19,A,19,false,TBMTBR3Stage2,11.00R20JDE++,11.00R20 JDE++ (+1 SKUs),11.00R20,R20,1121111020016KDEP0,2,98.0,4,2026-07-19 11:36,2026-07-19 17:07,5.51,true,false,GT 5076 - 295/90R20 JDE XF,128.58333333333334,10.0,0.0,TBR|TBMTBR3Stage2|60#1112
TBR,2026-07-19,A,19,false,TBMTBR9Stage2,GT 5103 - 295/80R22.5 JUM XM OEM,295/80R22.5 JUM XM OEM (+2 SKUs),22.5,R22.5,112222982C152MJXM0,3,85.0,3,2026-07-19 11:53,2026-07-19 16:40,4.78,false,false,GT 5103 - 295/80R22.5 JUM XM OEM,695.7333333333333,0.0,0.0,TBR|TBMTBR9Stage2|27#1750
TBR,2026-07-19,A,19,false,TBMTBR1Stage2,10.00 R 20 JUH5,10.00 R 20 JW JUH5 - N2 (+1 SKUs),10.00 R 20 JUH5,R20,1122110020016KUH50,2,238.0,9,2026-07-19 12:45,2026-07-20 02:08,13.38,false,false,10.00 R 20 JUH5,76.83333333333333,0.0,0.0,TBR|TBMTBR1Stage2|42#940
TBR,2026-07-19,A,19,false,TBMTBR8Stage2,11.00R20 JUH5,11.00R20 JUH5 (+2 SKUs),11R20,R20,1122111020016KUH50,3,80.0,3,2026-07-19 12:58,2026-07-19 17:27,4.5,true,false,GT 5096 - 11.00R20 JDC XD,48.1,10.0,0.0,TBR|TBMTBR8Stage2|75#1665
TBR,2026-07-19,A,19,false,TBMTBR7Stage2,8.25R20JUH5,8.25R20JUH5 (+4 SKUs),8.25R20,R20,1122182020016KUH50,5,90.0,3,2026-07-19 14:10,2026-07-19 18:54,4.73,true,false,8.25R20JDE++,189.96666666666667,10.0,0.0,TBR|TBMTBR7Stage2|74#1540
TBR,2026-07-19,B,19,false,TBMTBR5Stage2,GT 5083 - 295/80R22.5 JUM XM,295/80R22.5 JUM XM (+1 SKUs),22.5,R22.5,112222982C016MJXM0,2,105.0,4,2026-07-19 15:11,2026-07-19 21:05,5.9,true,false,295/80R22.5JUL1,10.0,10.0,0.0,TBR|TBMTBR5Stage2|75#1292
TBR,2026-07-19,B,19,false,TBMTBR4Stage2,GT 5075 - 295/90R20 JUH XF,295/90R20 JUH XF / JW 304 (+3 SKUs),295/90R20,R20,1122129A20152JULF0,4,112.0,4,2026-07-19 15:13,2026-07-19 21:30,6.3,true,false,10.00R 20 JW302,268.65,10.0,0.0,TBR|TBMTBR4Stage2|20#1193
TBR,2026-07-19,B,19,false,TBMTBR2Stage2,GT 5076 - 295/90R20 JDE XF,295/90R20 JDE XF / JS121 (+3 SKUs),295/90R20,R20,1121129A20152JDLF0,4,107.0,4,2026-07-19 15:33,2026-07-19 21:34,6.02,true,false,10.00 R 20 JUH3+,86.45,10.0,0.0,TBR|TBMTBR2Stage2|48#1019
TBR,2026-07-19,B,19,false,TBMTBR8Stage2,9.00 R 20 JDE++,9.00 R 20 JDE++ (+1 SKUs),9R20,R20,1121190020016KDEP0,2,78.0,3,2026-07-19 17:44,2026-07-19 21:50,4.1,true,false,11.00R20 JUH5,16.75,10.0,0.0,TBR|TBMTBR8Stage2|76#1666
TBR,2026-07-19,B,19,false,TBMTBR6Stage2,315/70R22.5JDL3,315/70R22.5 JS JDL3 (+1 SKUs),"",R22.5,115123162C018LDL30,2,76.0,3,2026-07-19 18:06,2026-07-19 22:31,4.41,true,false,295/75R22.5JTHSD,10.0,10.0,0.0,TBR|TBMTBR6Stage2|82#1421
TBR,2026-07-19,B,19,false,TBMTBR7Stage2,8.25R20JDE++,8.25R20JDE++ (+2 SKUs),8.25R20,R20,1121182020016KDEP0,3,88.0,3,2026-07-19 19:04,2026-07-19 23:41,4.62,true,false,8.25R20JUH5,10.0,10.0,0.0,TBR|TBMTBR7Stage2|75#1541
TBR,2026-07-19,B,19,false,TBMTBR3Stage2,295/90R20JDCXD,295/90R20_JDC XD_152/148_J_TT (+1 SKUs),10R20,R20,1121129A20152JCXD0,2,81.0,3,2026-07-19 19:06,2026-07-19 23:40,4.55,true,false,11.00R20JDE++,119.56666666666666,10.0,0.0,TBR|TBMTBR3Stage2|61#1113
TBR,2026-07-19,B,19,false,TBMTBR5Stage2,GT 5102 - 295/80R22.5 JDL XM DOM,295/80R22.5 JDL XM DOM,"",R22.5,112122982C016MJXM0,1,72.0,3,2026-07-19 21:15,2026-07-20 01:18,4.05,true,false,GT 5083 - 295/80R22.5 JUM XM,10.0,10.0,0.0,TBR|TBMTBR5Stage2|76#1293
TBR,2026-07-19,B,19,false,TBMTBR9Stage2,295/80R22.5JDL,295/80R22.5 JDL CURE TYRE (+1 SKUs),"",R22.5,112122982C016MJDL0,2,77.0,3,2026-07-19 21:28,2026-07-20 01:45,4.28,true,false,GT 5103 - 295/80R22.5 JUM XM OEM,288.6333333333333,10.0,0.0,TBR|TBMTBR9Stage2|28#1751
TBR,2026-07-19,B,19,false,TBMTBR2Stage2,295/90R20JDCXD,295/90R20_JDC XD_152/148_J_TT (+1 SKUs),10R20,R20,1121129A20152JCXD0,2,81.0,3,2026-07-19 21:44,2026-07-20 02:17,4.55,true,false,GT 5076 - 295/90R20 JDE XF,10.0,10.0,0.0,TBR|TBMTBR2Stage2|49#1020
TBR,2026-07-19,B,19,false,TBMTBR8Stage2,11.00R20JDE++,11.00R20 JDE++ (+1 SKUs),11.00R20,R20,1121111020016KDEP0,2,97.0,4,2026-07-19 22:00,2026-07-20 03:27,5.45,true,false,9.00 R 20 JDE++,10.0,10.0,0.0,TBR|TBMTBR8Stage2|77#1667
TBR,2026-07-19,B,19,false,TBMTBR4Stage2,10.00R 20 JW302,295/90R20JUCXM (+1 SKUs),10R20,R20,1123129A20152JUCM0,2,77.0,3,2026-07-19 22:40,2026-07-20 03:00,4.33,true,false,GT 5075 - 295/90R20 JUH XF,69.91666666666667,10.0,0.0,TBR|TBMTBR4Stage2|21#1194
TBR,2026-07-19,C,19,false,TBMTBR6Stage2,GT 5079 - 255/70R22.5 JUX E,255/70R22.5 JUXe 140/137 M (+2 SKUs),22.5,R22.5,112222562C016MUXE0,3,101.0,4,2026-07-19 23:11,2026-07-20 04:39,5.46,true,false,315/70R22.5JDL3,40.166666666666664,10.0,0.0,TBR|TBMTBR6Stage2|83#1422
TBR,2026-07-19,C,19,false,TBMTBR3Stage2,GT 5095 - 11.00R20 JUC3,11.00R20 JUC3 (+1 SKUs),"",R20,1123111020016KJC30,2,77.0,3,2026-07-20 00:14,2026-07-20 04:34,4.33,true,false,295/90R20JDCXD,34.93333333333333,10.0,0.0,TBR|TBMTBR3Stage2|62#1114
TBR,2026-07-19,C,19,false,TBMTBR5Stage2,315/80R22.5JUL3,315/80R22.5 JUL3 CURE TYRE (+2 SKUs),315/80R22.5 JUL3,R22.5,115223182C018MUL30,3,81.0,3,2026-07-20 01:28,2026-07-20 06:10,4.7,true,false,GT 5102 - 295/80R22.5 JDL XM DOM,10.0,10.0,0.0,TBR|TBMTBR5Stage2|77#1294
TBR,2026-07-19,C,19,false,TBMTBR7Stage2,9.00 R 20 JDE++,9.00 R 20 JDE++ (+1 SKUs),9R20,R20,1121190020016KDEP0,2,78.0,3,2026-07-20 02:18,2026-07-20 06:24,4.1,true,false,8.25R20JDE++,156.93333333333334,10.0,0.0,TBR|TBMTBR7Stage2|76#1542
TBR,2026-07-19,C,19,false,TBMTBR2Stage2,10.00 R 20 JUH3+,10.00 R 20 JW JETWAY JUH3+ N2 (+1 SKUs),"",R20,1122110020016KH3P0,2,171.0,6,2026-07-20 02:27,2026-07-20 11:42,9.25,true,false,295/90R20JDCXD,10.0,10.0,0.0,TBR|TBMTBR2Stage2|50#1021
TBR,2026-07-19,C,19,false,TBMTBR1Stage2,295/90R20JDCXD,295/90R20_JDC XD_152/148_J_TT (+1 SKUs),10R20,R20,1121129A20152JCXD0,2,80.0,3,2026-07-20 02:43,2026-07-20 07:13,4.5,true,false,10.00 R 20 JUH5,35.1,10.0,0.0,TBR|TBMTBR1Stage2|43#941
TBR,2026-07-19,C,19,false,TBMTBR8Stage2,10.00 R 20 JUH5,10.00 R 20 JW JUH5 - N2 (+1 SKUs),10.00 R 20 JUH5,R20,1122110020016KUH50,2,238.0,9,2026-07-20 03:37,2026-07-20 17:00,13.38,true,false,11.00R20JDE++,10.0,10.0,0.0,TBR|TBMTBR8Stage2|78#1668
TBR,2026-07-19,C,19,false,TBMTBR9Stage2,GT 5103 - 295/80R22.5 JUM XM OEM,295/80R22.5 JUM XM OEM (+2 SKUs),22.5,R22.5,112222982C152MJXM0,3,85.0,3,2026-07-20 04:15,2026-07-20 09:02,4.78,true,false,295/80R22.5JDL,150.13333333333333,10.0,0.0,TBR|TBMTBR9Stage2|29#1752
TBR,2026-07-19,C,19,false,TBMTBR3Stage2,11.00R20 JUH5,11.00R20 JUH5 (+2 SKUs),11R20,R20,1122111020016KUH50,3,79.0,3,2026-07-20 04:44,2026-07-20 09:11,4.44,true,false,GT 5095 - 11.00R20 JUC3,10.0,10.0,0.0,TBR|TBMTBR3Stage2|63#1115
TBR,2026-07-19,C,19,false,TBMTBR5Stage2,GT 5078 - 295/80R22.5 JUX E,295/80R22.5 JUXe (+5 SKUs),"",R22.5,112222982C016JUXE0,6,75.0,3,2026-07-20 06:27,2026-07-20 10:40,4.22,true,false,315/80R22.5JUL3,17.05,10.0,0.0,TBR|TBMTBR5Stage2|78#1295
TBR,2026-07-19,C,19,false,TBMTBR7Stage2,8.25R20JDE++,8.25R20JDE++ (+2 SKUs),8.25R20,R20,1121182020016KDEP0,3,87.0,3,2026-07-20 06:34,2026-07-20 11:08,4.57,true,false,9.00 R 20 JDE++,10.0,10.0,0.0,TBR|TBMTBR7Stage2|77#1543
TBR,2026-07-20,A,20,false,TBMTBR1Stage2,GT 5076 - 295/90R20 JDE XF,295/90R20 JDE XF / JS121 (+3 SKUs),295/90R20,R20,1121129A20152JDLF0,4,106.0,4,2026-07-20 07:23,2026-07-20 13:21,5.96,true,false,295/90R20JDCXD,10.0,10.0,0.0,TBR|TBMTBR1Stage2|44#942
TBR,2026-07-20,A,20,false,TBMTBR4Stage2,GT 5075 - 295/90R20 JUH XF,295/90R20 JUH XF / JW 304 (+3 SKUs),295/90R20,R20,1122129A20152JULF0,4,112.0,4,2026-07-20 07:24,2026-07-20 13:42,6.3,true,false,10.00R 20 JW302,263.8333333333333,10.0,0.0,TBR|TBMTBR4Stage2|22#1195
TBR,2026-07-20,A,20,false,TBMTBR6Stage2,315/70R22.5JUL4,315/70R22.5 JW JUL4,"",R22.5,115223162C018LUL40,1,73.0,3,2026-07-20 09:06,2026-07-20 13:20,4.24,true,false,GT 5079 - 255/70R22.5 JUX E,266.6333333333333,10.0,0.0,TBR|TBMTBR6Stage2|84#1423
TBR,2026-07-20,A,20,false,TBMTBR3Stage2,GT 5096 - 11.00R20 JDC XD,11.00R20 JDC XD (+2 SKUs),"",R20,1121111020016KCXD0,3,100.0,4,2026-07-20 10:01,2026-07-20 15:38,5.62,true,false,11.00R20 JUH5,50.3,10.0,0.0,TBR|TBMTBR3Stage2|64#1116
TBR,2026-07-20,A,20,false,TBMTBR5Stage2,GT 5083 - 295/80R22.5 JUM XM,295/80R22.5 JUM XM (+1 SKUs),22.5,R22.5,112222982C016MJXM0,2,105.0,4,2026-07-20 10:50,2026-07-20 16:44,5.9,true,false,GT 5078 - 295/80R22.5 JUX E,10.0,10.0,0.0,TBR|TBMTBR5Stage2|79#1296
TBR,2026-07-20,A,20,false,TBMTBR2Stage2,10.00 R 20 JDE,295/90R20JDE++ (+4 SKUs),R20,R20,1121129A20000JDEP0,5,130.0,5,2026-07-20 11:52,2026-07-20 19:10,7.31,true,false,10.00 R 20 JUH3+,10.0,10.0,0.0,TBR|TBMTBR2Stage2|51#1022
TBR,2026-07-20,A,20,false,TBMTBR7Stage2,9.00 R 20 JUH5,9.00R20 JW JUH5 16PR (+2 SKUs),"",R20,1122190020016KUH50,3,87.0,3,2026-07-20 14:16,2026-07-20 18:50,4.57,true,false,8.25R20JDE++,187.43333333333334,10.0,0.0,TBR|TBMTBR7Stage2|78#1544
TBR,2026-07-20,A,20,false,TBMTBR9Stage2,295/80R22.5JUL1,295/80R22.5 JUM (+2 SKUs),"",R22.5,112222982C016MJUM0,3,104.0,4,2026-07-20 14:21,2026-07-20 20:08,5.78,true,false,GT 5103 - 295/80R22.5 JUM XM OEM,318.6,10.0,0.0,TBR|TBMTBR9Stage2|30#1753
TBR,2026-07-20,A,20,false,TBMTBR1Stage2,10.00R 20 JW302,295/90R20JUCXM (+1 SKUs),10R20,R20,1123129A20152JUCM0,2,77.0,3,2026-07-20 14:56,2026-07-20 19:16,4.33,true,false,GT 5076 - 295/90R20 JDE XF,95.78333333333333,10.0,0.0,TBR|TBMTBR1Stage2|45#943
TBR,2026-07-20,B,20,false,TBMTBR3Stage2,11.00R20 JUH5,11.00R20 JUH5 (+2 SKUs),11R20,R20,1122111020016KUH50,3,79.0,3,2026-07-20 15:48,2026-07-20 20:15,4.44,true,false,GT 5096 - 11.00R20 JDC XD,10.0,10.0,0.0,TBR|TBMTBR3Stage2|65#1117
TBR,2026-07-20,B,20,false,TBMTBR4Stage2,10.00 R 20 JUH5,10.00 R 20 JW JUH5 - N2 (+1 SKUs),10.00 R 20 JUH5,R20,1122110020016KUH50,2,238.0,9,2026-07-20 16:48,2026-07-21 06:10,13.38,true,false,GT 5075 - 295/90R20 JUH XF,186.06666666666666,10.0,0.0,TBR|TBMTBR4Stage2|23#1196
TBR,2026-07-20,B,20,false,TBMTBR6Stage2,GT 5079 - 255/70R22.5 JUX E,255/70R22.5 JUXe 140/137 M (+2 SKUs),22.5,R22.5,112222562C016MUXE0,3,100.0,4,2026-07-20 17:13,2026-07-20 22:37,5.41,true,false,315/70R22.5JUL4,232.75,10.0,0.0,TBR|TBMTBR6Stage2|85#1424
TBR,2026-07-20,B,20,false,TBMTBR5Stage2,295/80R22.5JUL1,295/80R22.5 JUM (+2 SKUs),"",R22.5,112222982C016MJUM0,3,104.0,4,2026-07-20 17:55,2026-07-20 23:42,5.78,true,false,GT 5083 - 295/80R22.5 JUM XM,71.01666666666667,10.0,0.0,TBR|TBMTBR5Stage2|80#1297
TBR,2026-07-20,B,20,false,TBMTBR8Stage2,11.00R20JDE++,11.00R20 JDE++ (+1 SKUs),11.00R20,R20,1121111020016KDEP0,2,98.0,4,2026-07-20 19:35,2026-07-21 01:05,5.51,true,false,10.00 R 20 JUH5,154.41666666666666,10.0,0.0,TBR|TBMTBR8Stage2|79#1669
TBR,2026-07-20,B,20,false,TBMTBR2Stage2,GT 5075 - 295/90R20 JUH XF,295/90R20 JUH XF / JW 304 (+3 SKUs),295/90R20,R20,1122129A20152JULF0,4,112.0,4,2026-07-20 19:58,2026-07-21 02:16,6.3,true,false,10.00 R 20 JDE,48.0,10.0,0.0,TBR|TBMTBR2Stage2|52#1023
TBR,2026-07-20,B,20,false,TBMTBR3Stage2,10.00 R 20 JUH3+,10.00 R 20 JW JETWAY JUH3+ N2 (+1 SKUs),"",R20,1122110020016KH3P0,2,169.0,6,2026-07-20 20:25,2026-07-21 05:33,9.14,true,false,11.00R20 JUH5,10.0,10.0,0.0,TBR|TBMTBR3Stage2|66#1118
TBR,2026-07-20,B,20,false,TBMTBR9Stage2,GT 5103 - 295/80R22.5 JUM XM OEM,295/80R22.5 JUM XM OEM (+2 SKUs),22.5,R22.5,112222982C152MJXM0,3,84.0,3,2026-07-20 20:38,2026-07-21 01:21,4.72,true,false,295/80R22.5JUL1,30.066666666666666,10.0,0.0,TBR|TBMTBR9Stage2|31#1754
TBR,2026-07-20,B,20,false,TBMTBR7Stage2,8.25R20JDE++,8.25R20JDE++ (+2 SKUs),8.25R20,R20,1121182020016KDEP0,3,88.0,3,2026-07-20 21:10,2026-07-21 01:47,4.62,true,false,9.00 R 20 JUH5,139.61666666666667,10.0,0.0,TBR|TBMTBR7Stage2|79#1545
TBR,2026-07-20,B,20,false,TBMTBR1Stage2,GT 5076 - 295/90R20 JDE XF,295/90R20 JDE XF / JS121 (+3 SKUs),295/90R20,R20,1121129A20152JDLF0,4,106.0,4,2026-07-20 21:46,2026-07-21 03:43,5.96,true,false,10.00R 20 JW302,149.4,10.0,0.0,TBR|TBMTBR1Stage2|46#944
TBR,2026-07-20,C,20,false,TBMTBR5Stage2,295/80R22.5JDL,295/80R22.5 JDL CURE TYRE (+1 SKUs),"",R22.5,112122982C016MJDL0,2,77.0,3,2026-07-20 23:52,2026-07-21 04:09,4.28,true,false,295/80R22.5JUL1,10.0,10.0,0.0,TBR|TBMTBR5Stage2|81#1298
TBR,2026-07-20,C,20,false,TBMTBR6Stage2,315/70R22.5JDL3,315/70R22.5 JS JDL3 (+1 SKUs),"",R22.5,115123162C018LDL30,2,77.0,3,2026-07-21 00:22,2026-07-21 04:50,4.47,true,false,GT 5079 - 255/70R22.5 JUX E,105.06666666666666,10.0,0.0,TBR|TBMTBR6Stage2|86#1425
TBR,2026-07-20,C,20,false,TBMTBR7Stage2,GT 5098 - 275/90R20 JDE XF,275/90R20 JETSTEEL JDE XF,"",R20,1121127A20149KDEF0,1,78.0,3,2026-07-21 01:57,2026-07-21 06:20,4.38,true,false,8.25R20JDE++,10.05,10.0,0.0,TBR|TBMTBR7Stage2|80#1546
TBR,2026-07-20,C,20,false,TBMTBR2Stage2,10.00 R 20 JUH5,10.00 R 20 JW JUH5 - N2 (+1 SKUs),10.00 R 20 JUH5,R20,1122110020016KUH50,2,475.0,18,2026-07-21 02:26,2026-07-22 05:08,26.7,true,false,GT 5075 - 295/90R20 JUH XF,10.0,10.0,0.0,TBR|TBMTBR2Stage2|53#1024
TBR,2026-07-20,C,20,false,TBMTBR8Stage2,GT 5096 - 11.00R20 JDC XD,11.00R20 JDC XD (+2 SKUs),"",R20,1121111020016KCXD0,3,100.0,4,2026-07-21 04:16,2026-07-21 09:53,5.62,true,false,11.00R20JDE++,190.78333333333333,10.0,0.0,TBR|TBMTBR8Stage2|80#1670
TBR,2026-07-20,C,20,false,TBMTBR5Stage2,GT 5083 - 295/80R22.5 JUM XM,295/80R22.5 JUM XM (+1 SKUs),22.5,R22.5,112222982C016MJXM0,2,104.0,4,2026-07-21 04:19,2026-07-21 10:10,5.85,true,false,295/80R22.5JDL,10.0,10.0,0.0,TBR|TBMTBR5Stage2|82#1299
TBR,2026-07-20,C,20,false,TBMTBR1Stage2,10.00 R 20 JDE,295/90R20JDE++ (+4 SKUs),R20,R20,1121129A20000JDEP0,5,130.0,5,2026-07-21 05:01,2026-07-21 12:19,7.31,true,false,GT 5076 - 295/90R20 JDE XF,77.91666666666667,10.0,0.0,TBR|TBMTBR1Stage2|47#945
TBR,2026-07-20,C,20,false,TBMTBR3Stage2,GT 5076 - 295/90R20 JDE XF,295/90R20 JDE XF / JS121 (+3 SKUs),295/90R20,R20,1121129A20152JDLF0,4,106.0,4,2026-07-21 05:43,2026-07-21 11:41,5.96,true,false,10.00 R 20 JUH3+,10.0,10.0,0.0,TBR|TBMTBR3Stage2|67#1119
TBR,2026-07-20,C,20,false,TBMTBR7Stage2,8.25R20JDE++,8.25R20JDE++ (+2 SKUs),8.25R20,R20,1121182020016KDEP0,3,88.0,3,2026-07-21 06:30,2026-07-21 11:08,4.62,true,false,GT 5098 - 275/90R20 JDE XF,10.0,10.0,0.0,TBR|TBMTBR7Stage2|81#1547
TBR,2026-07-21,A,21,false,TBMTBR4Stage2,10.00R 20 JW302,295/90R20JUCXM (+1 SKUs),10R20,R20,1123129A20152JUCM0,2,77.0,3,2026-07-21 07:12,2026-07-21 11:32,4.33,true,false,10.00 R 20 JUH5,61.949999999999996,10.0,0.0,TBR|TBMTBR4Stage2|24#1197
TBR,2026-07-21,A,21,false,TBMTBR6Stage2,315/70R22.5JDL3,315/70R22.5 JS JDL3 (+1 SKUs),"",R22.5,115123162C018LDL30,2,75.0,3,2026-07-21 08:02,2026-07-21 12:24,4.35,false,false,315/70R22.5JDL3,192.1,0.0,0.0,TBR|TBMTBR6Stage2|86#1426
TBR,2026-07-21,A,21,false,TBMTBR8Stage2,11.00R20JDE++,11.00R20 JDE++ (+1 SKUs),11.00R20,R20,1121111020016KDEP0,2,99.0,4,2026-07-21 11:52,2026-07-21 17:26,5.57,true,false,GT 5096 - 11.00R20 JDC XD,118.48333333333333,10.0,0.0,TBR|TBMTBR8Stage2|81#1671
TBR,2026-07-21,A,21,false,TBMTBR6Stage2,315/70R22.5JUL4,315/70R22.5 JW JUL4,"",R22.5,115223162C018LUL40,1,75.0,3,2026-07-21 12:34,2026-07-21 16:55,4.35,true,false,315/70R22.5JDL3,10.0,10.0,0.0,TBR|TBMTBR6Stage2|87#1427
TBR,2026-07-21,A,21,false,TBMTBR3Stage2,11.00R20 JUH5,11.00R20 JUH5 (+2 SKUs),11R20,R20,1122111020016KUH50,3,158.0,6,2026-07-21 12:47,2026-07-21 22:24,9.61,true,false,GT 5076 - 295/90R20 JDE XF,66.51666666666667,10.0,0.0,TBR|TBMTBR3Stage2|68#1120
TBR,2026-07-21,A,21,false,TBMTBR1Stage2,GT 5076 - 295/90R20 JDE XF,295/90R20 JDE XF / JS121 (+3 SKUs),295/90R20,R20,1121129A20152JDLF0,4,107.0,4,2026-07-21 13:12,2026-07-21 19:13,6.02,true,false,10.00 R 20 JDE,52.233333333333334,10.0,0.0,TBR|TBMTBR1Stage2|48#946
TBR,2026-07-21,A,21,false,TBMTBR5Stage2,295/80R22.5JUL1,295/80R22.5 JUM (+2 SKUs),"",R22.5,112222982C016MJUM0,3,104.0,4,2026-07-21 14:20,2026-07-21 20:08,5.78,true,false,GT 5083 - 295/80R22.5 JUM XM,250.28333333333333,10.0,0.0,TBR|TBMTBR5Stage2|83#1300
TBR,2026-07-21,A,21,false,TBMTBR7Stage2,8.25R20JUH5,8.25R20JUH5 (+4 SKUs),8.25R20,R20,1122182020016KUH50,5,90.0,3,2026-07-21 14:35,2026-07-21 19:18,4.73,true,false,8.25R20JDE++,206.68333333333334,10.0,0.0,TBR|TBMTBR7Stage2|82#1548
TBR,2026-07-21,A,21,false,TBMTBR9Stage2,GT 5103 - 295/80R22.5 JUM XM OEM,295/80R22.5 JUM XM OEM (+2 SKUs),22.5,R22.5,112222982C152MJXM0,3,82.0,3,2026-07-21 14:56,2026-07-21 19:33,4.61,false,false,GT 5103 - 295/80R22.5 JUM XM OEM,814.9833333333333,0.0,0.0,TBR|TBMTBR9Stage2|31#1755
TBR,2026-07-21,B,21,false,TBMTBR4Stage2,GT 5075 - 295/90R20 JUH XF,295/90R20 JUH XF / JW 304 (+3 SKUs),295/90R20,R20,1122129A20152JULF0,4,112.0,4,2026-07-21 15:46,2026-07-21 22:04,6.3,true,false,10.00R 20 JW302,254.21666666666667,10.0,0.0,TBR|TBMTBR4Stage2|25#1198
TBR,2026-07-21,B,21,false,TBMTBR1Stage2,295/90R20JDCXD,295/90R20_JDC XD_152/148_J_TT (+1 SKUs),10R20,R20,1121129A20152JCXD0,2,79.0,3,2026-07-21 19:23,2026-07-21 23:49,4.44,true,false,GT 5076 - 295/90R20 JDE XF,10.0,10.0,0.0,TBR|TBMTBR1Stage2|49#947
TBR,2026-07-21,B,21,false,TBMTBR7Stage2,8.25R20JDE++,8.25R20JDE++ (+2 SKUs),8.25R20,R20,1121182020016KDEP0,3,87.0,3,2026-07-21 19:28,2026-07-22 00:03,4.57,true,false,8.25R20JUH5,10.0,10.0,0.0,TBR|TBMTBR7Stage2|83#1549
TBR,2026-07-21,B,21,false,TBMTBR8Stage2,GT 5095 - 11.00R20 JUC3,11.00R20 JUC3 (+1 SKUs),"",R20,1123111020016KJC30,2,76.0,3,2026-07-21 19:53,2026-07-22 00:09,4.27,true,false,11.00R20JDE++,147.11666666666667,10.0,0.0,TBR|TBMTBR8Stage2|82#1672
TBR,2026-07-21,B,21,false,TBMTBR5Stage2,GT 5083 - 295/80R22.5 JUM XM,295/80R22.5 JUM XM (+1 SKUs),22.5,R22.5,112222982C016MJXM0,2,104.0,4,2026-07-21 20:18,2026-07-22 02:08,5.85,true,false,295/80R22.5JUL1,10.0,10.0,0.0,TBR|TBMTBR5Stage2|84#1301
TBR,2026-07-21,B,21,false,TBMTBR6Stage2,GT 5079 - 255/70R22.5 JUX E,255/70R22.5 JUXe 140/137 M (+2 SKUs),22.5,R22.5,112222562C016MUXE0,3,102.0,4,2026-07-21 20:38,2026-07-22 02:09,5.52,true,false,315/70R22.5JUL4,222.76666666666665,10.0,0.0,TBR|TBMTBR6Stage2|88#1428
TBR,2026-07-21,B,21,false,TBMTBR3Stage2,GT 5096 - 11.00R20 JDC XD,11.00R20 JDC XD (+2 SKUs),"",R20,1121111020016KCXD0,3,100.0,4,2026-07-21 22:34,2026-07-22 04:11,5.62,true,false,11.00R20 JUH5,10.0,10.0,0.0,TBR|TBMTBR3Stage2|69#1121
TBR,2026-07-21,C,21,false,TBMTBR4Stage2,10.00R 20 JW302,295/90R20JUCXM (+1 SKUs),10R20,R20,1123129A20152JUCM0,2,78.0,3,2026-07-21 23:29,2026-07-22 03:52,4.38,true,false,GT 5075 - 295/90R20 JUH XF,84.33333333333333,10.0,0.0,TBR|TBMTBR4Stage2|26#1199
TBR,2026-07-21,C,21,false,TBMTBR8Stage2,11.00R20JDE++,11.00R20 JDE++ (+1 SKUs),11.00R20,R20,1121111020016KDEP0,2,98.0,4,2026-07-22 00:19,2026-07-22 05:50,5.51,true,false,GT 5095 - 11.00R20 JUC3,10.0,10.0,0.0,TBR|TBMTBR8Stage2|83#1673
TBR,2026-07-21,C,21,false,TBMTBR1Stage2,10.00 R 20 JDE,295/90R20JDE++ (+4 SKUs),R20,R20,1121129A20000JDEP0,5,130.0,5,2026-07-22 01:21,2026-07-22 08:40,7.31,true,false,295/90R20JDCXD,92.06666666666666,10.0,0.0,TBR|TBMTBR1Stage2|50#948
TBR,2026-07-21,C,21,false,TBMTBR7Stage2,GT 5099 - 275/90R20 JUH XF,275/90R20 JETWAY JUH XF (+1 SKUs),275/90R20,R20,1122127A20149KUHF0,2,81.0,3,2026-07-22 02:02,2026-07-22 06:35,4.55,true,false,8.25R20JDE++,119.63333333333333,10.0,0.0,TBR|TBMTBR7Stage2|84#1550
TBR,2026-07-21,C,21,false,TBMTBR9Stage2,295/80R22.5JDL,295/80R22.5 JDL CURE TYRE (+1 SKUs),"",R22.5,112122982C016MJDL0,2,78.0,3,2026-07-22 02:25,2026-07-22 06:45,4.34,true,false,GT 5103 - 295/80R22.5 JUM XM OEM,412.21666666666664,10.0,0.0,TBR|TBMTBR9Stage2|32#1756
TBR,2026-07-21,C,21,false,TBMTBR6Stage2,315/80R22.5JUL3,315/80R22.5 JUL3 CURE TYRE (+2 SKUs),315/80R22.5 JUL3,R22.5,115223182C018MUL30,3,80.0,3,2026-07-22 03:26,2026-07-22 08:05,4.64,true,false,GT 5079 - 255/70R22.5 JUX E,77.55,10.0,0.0,TBR|TBMTBR6Stage2|89#1429
TBR,2026-07-21,C,21,false,TBMTBR3Stage2,11.00R20 JUH5,11.00R20 JUH5 (+2 SKUs),11R20,R20,1122111020016KUH50,3,79.0,3,2026-07-22 05:02,2026-07-22 09:29,4.44,true,false,GT 5096 - 11.00R20 JDC XD,51.266666666666666,10.0,0.0,TBR|TBMTBR3Stage2|70#1122
TBR,2026-07-21,C,21,false,TBMTBR2Stage2,10.00 R 20 JUH3+,10.00 R 20 JW JETWAY JUH3+ N2 (+1 SKUs),"",R20,1122110020016KH3P0,2,170.0,6,2026-07-22 05:18,2026-07-22 14:30,9.19,true,false,10.00 R 20 JUH5,10.0,10.0,0.0,TBR|TBMTBR2Stage2|54#1025
TBR,2026-07-21,C,21,false,TBMTBR8Stage2,10.00 R 20 JUH5,10.00 R 20 JW JUH5 - N2 (+1 SKUs),10.00 R 20 JUH5,R20,1122110020016KUH50,2,238.0,9,2026-07-22 06:00,2026-07-22 19:22,13.38,true,false,11.00R20JDE++,10.0,10.0,0.0,TBR|TBMTBR8Stage2|84#1674
TBR,2026-07-21,C,21,false,TBMTBR5Stage2,GT 5083 - 295/80R22.5 JUM XM,295/80R22.5 JUM XM (+1 SKUs),22.5,R22.5,112222982C016MJXM0,2,104.0,4,2026-07-22 06:31,2026-07-22 12:22,5.85,false,false,GT 5083 - 295/80R22.5 JUM XM,262.48333333333335,0.0,0.0,TBR|TBMTBR5Stage2|84#1302
TBR,2026-07-21,C,21,false,TBMTBR7Stage2,8.25R20JDE++,8.25R20JDE++ (+2 SKUs),8.25R20,R20,1121182020016KDEP0,3,88.0,3,2026-07-22 06:45,2026-07-22 11:23,4.62,true,false,GT 5099 - 275/90R20 JUH XF,10.0,10.0,0.0,TBR|TBMTBR7Stage2|85#1551
TBR,2026-07-21,C,21,false,TBMTBR9Stage2,GT 5103 - 295/80R22.5 JUM XM OEM,295/80R22.5 JUM XM OEM (+2 SKUs),22.5,R22.5,112222982C152MJXM0,3,82.0,3,2026-07-22 06:55,2026-07-22 11:32,4.61,true,false,295/80R22.5JDL,10.0,10.0,0.0,TBR|TBMTBR9Stage2|33#1757
TBR,2026-07-22,A,22,false,TBMTBR4Stage2,GT 5075 - 295/90R20 JUH XF,295/90R20 JUH XF / JW 304 (+3 SKUs),295/90R20,R20,1122129A20152JULF0,4,112.0,4,2026-07-22 07:48,2026-07-22 14:06,6.3,true,false,10.00R 20 JW302,236.61666666666667,10.0,0.0,TBR|TBMTBR4Stage2|27#1200
TBR,2026-07-22,A,22,false,TBMTBR1Stage2,GT 5076 - 295/90R20 JDE XF,295/90R20 JDE XF / JS121 (+3 SKUs),295/90R20,R20,1121129A20152JDLF0,4,107.0,4,2026-07-22 08:50,2026-07-22 14:51,6.02,true,false,10.00 R 20 JDE,10.0,10.0,0.0,TBR|TBMTBR1Stage2|51#949
TBR,2026-07-22,A,22,false,TBMTBR3Stage2,295/90R20JDCXD,295/90R20_JDC XD_152/148_J_TT (+1 SKUs),10R20,R20,1121129A20152JCXD0,2,79.0,3,2026-07-22 11:19,2026-07-22 15:45,4.44,true,false,11.00R20 JUH5,110.26666666666667,10.0,0.0,TBR|TBMTBR3Stage2|71#1123
TBR,2026-07-22,A,22,false,TBMTBR7Stage2,9.00 R 20 JUH5,9.00R20 JW JUH5 16PR (+2 SKUs),"",R20,1122190020016KUH50,3,113.0,4,2026-07-22 11:33,2026-07-22 17:29,5.94,true,false,8.25R20JDE++,10.0,10.0,0.0,TBR|TBMTBR7Stage2|86#1552
TBR,2026-07-22,A,22,false,TBMTBR5Stage2,295/75R22.5JUL3,295/75R22.5JUL3,22.5,R22.5,115222972C016LUL30,1,87.0,3,2026-07-22 12:32,2026-07-22 17:22,4.84,true,false,GT 5083 - 295/80R22.5 JUM XM,10.0,10.0,0.0,TBR|TBMTBR5Stage2|85#1303
TBR,2026-07-22,A,22,false,TBMTBR6Stage2,GT 5079 - 255/70R22.5 JUX E,255/70R22.5 JUXe 140/137 M (+2 SKUs),22.5,R22.5,112222562C016MUXE0,3,102.0,4,2026-07-22 12:42,2026-07-22 18:13,5.52,true,false,315/80R22.5JUL3,276.81666666666666,10.0,0.0,TBR|TBMTBR6Stage2|90#1430
TBR,2026-07-22,A,22,false,TBMTBR9Stage2,295/80R22.5JUL1,295/80R22.5 JUM (+2 SKUs),"",R22.5,112222982C016MJUM0,3,104.0,4,2026-07-22 14:27,2026-07-22 20:14,5.78,true,false,GT 5103 - 295/80R22.5 JUM XM OEM,175.46666666666667,10.0,0.0,TBR|TBMTBR9Stage2|34#1758
TBR,2026-07-22,B,22,false,TBMTBR2Stage2,9.00 R 20 JDE++,9.00 R 20 JDE++ (+1 SKUs),9R20,R20,1121190020016KDEP0,2,78.0,3,2026-07-22 16:26,2026-07-22 20:32,4.1,true,false,10.00 R 20 JUH3+,115.93333333333334,10.0,0.0,TBR|TBMTBR2Stage2|55#1026
TBR,2026-07-22,B,22,false,TBMTBR3Stage2,11.00R20JDE++,11.00R20 JDE++ (+1 SKUs),11.00R20,R20,1121111020016KDEP0,2,99.0,4,2026-07-22 17:14,2026-07-22 22:48,5.57,true,false,295/90R20JDCXD,88.2,10.0,0.0,TBR|TBMTBR3Stage2|72#1124
TBR,2026-07-22,B,22,false,TBMTBR7Stage2,8.25R20JDE++,8.25R20JDE++ (+2 SKUs),8.25R20,R20,1121182020016KDEP0,3,87.0,3,2026-07-22 17:39,2026-07-22 22:14,4.57,true,false,9.00 R 20 JUH5,10.0,10.0,0.0,TBR|TBMTBR7Stage2|87#1553
TBR,2026-07-22,B,22,false,TBMTBR5Stage2,GT 5078 - 295/80R22.5 JUX E,295/80R22.5 JUXe (+5 SKUs),"",R22.5,112222982C016JUXE0,6,75.0,3,2026-07-22 17:54,2026-07-22 22:07,4.22,true,false,295/75R22.5JUL3,31.816666666666666,10.0,0.0,TBR|TBMTBR5Stage2|86#1304
TBR,2026-07-22,B,22,false,TBMTBR1Stage2,10.00R 20 JW302,295/90R20JUCXM (+1 SKUs),10R20,R20,1123129A20152JUCM0,2,77.0,3,2026-07-22 18:55,2026-07-22 23:15,4.33,true,false,GT 5076 - 295/90R20 JDE XF,244.35,10.0,0.0,TBR|TBMTBR1Stage2|52#950
TBR,2026-07-22,B,22,false,TBMTBR8Stage2,GT 5095 - 11.00R20 JUC3,11.00R20 JUC3 (+1 SKUs),"",R20,1123111020016KJC30,2,77.0,3,2026-07-22 19:32,2026-07-22 23:52,4.33,true,false,10.00 R 20 JUH5,10.0,10.0,0.0,TBR|TBMTBR8Stage2|85#1675
TBR,2026-07-22,B,22,false,TBMTBR2Stage2,295/90R20JDCXD,295/90R20_JDC XD_152/148_J_TT (+1 SKUs),10R20,R20,1121129A20152JCXD0,2,79.0,3,2026-07-22 20:42,2026-07-23 01:08,4.44,true,false,9.00 R 20 JDE++,10.0,10.0,0.0,TBR|TBMTBR2Stage2|56#1027
TBR,2026-07-22,B,22,false,TBMTBR4Stage2,10.00 R 20 JUH5,10.00 R 20 JW JUH5 - N2 (+1 SKUs),10.00 R 20 JUH5,R20,1122110020016KUH50,2,237.0,9,2026-07-22 21:25,2026-07-23 10:45,13.32,true,false,GT 5075 - 295/90R20 JUH XF,439.23333333333335,10.0,0.0,TBR|TBMTBR4Stage2|28#1201
TBR,2026-07-22,B,22,false,TBMTBR5Stage2,295/80R22.5JUL1,295/80R22.5 JUM (+2 SKUs),"",R22.5,112222982C016MJUM0,3,104.0,4,2026-07-22 22:17,2026-07-23 04:04,5.78,true,false,GT 5078 - 295/80R22.5 JUX E,10.0,10.0,0.0,TBR|TBMTBR5Stage2|87#1305
TBR,2026-07-22,B,22,false,TBMTBR7Stage2,10.00 R 20 JUH3+,10.00 R 20 JW JETWAY JUH3+ N2 (+1 SKUs),"",R20,1122110020016KH3P0,2,169.0,6,2026-07-22 22:24,2026-07-23 07:32,9.14,true,false,8.25R20JDE++,10.0,10.0,0.0,TBR|TBMTBR7Stage2|88#1554
TBR,2026-07-22,B,22,false,TBMTBR9Stage2,GT 5103 - 295/80R22.5 JUM XM OEM,295/80R22.5 JUM XM OEM (+2 SKUs),22.5,R22.5,112222982C152MJXM0,3,82.0,3,2026-07-22 22:54,2026-07-23 03:31,4.61,true,false,295/80R22.5JUL1,159.98333333333332,10.0,0.0,TBR|TBMTBR9Stage2|35#1759
TBR,2026-07-22,B,22,false,TBMTBR3Stage2,GT 5075 - 295/90R20 JUH XF,295/90R20 JUH XF / JW 304 (+3 SKUs),295/90R20,R20,1122129A20152JULF0,4,112.0,4,2026-07-22 22:58,2026-07-23 05:15,6.3,true,false,11.00R20JDE++,10.0,10.0,0.0,TBR|TBMTBR3Stage2|73#1125
TBR,2026-07-22,C,22,false,TBMTBR1Stage2,GT 5076 - 295/90R20 JDE XF,295/90R20 JDE XF / JS121 (+3 SKUs),295/90R20,R20,1121129A20152JDLF0,4,106.0,4,2026-07-22 23:25,2026-07-23 05:22,5.96,true,false,10.00R 20 JW302,10.0,10.0,0.0,TBR|TBMTBR1Stage2|53#951
TBR,2026-07-22,C,22,false,TBMTBR8Stage2,GT 5096 - 11.00R20 JDC XD,11.00R20 JDC XD (+2 SKUs),"",R20,1121111020016KCXD0,3,100.0,4,2026-07-23 00:02,2026-07-23 05:39,5.62,true,false,GT 5095 - 11.00R20 JUC3,10.0,10.0,0.0,TBR|TBMTBR8Stage2|86#1676
TBR,2026-07-22,C,22,false,TBMTBR6Stage2,315/70R22.5JDL3,315/70R22.5 JS JDL3 (+1 SKUs),"",R22.5,115123162C018LDL30,2,75.0,3,2026-07-23 00:22,2026-07-23 04:43,4.35,true,false,GT 5079 - 255/70R22.5 JUX E,369.3666666666667,10.0,0.0,TBR|TBMTBR6Stage2|91#1431
TBR,2026-07-22,C,22,false,TBMTBR2Stage2,10.00 R 20 JDE,295/90R20JDE++ (+4 SKUs),R20,R20,1121129A20000JDEP0,5,130.0,5,2026-07-23 01:18,2026-07-23 08:37,7.31,true,false,295/90R20JDCXD,10.0,10.0,0.0,TBR|TBMTBR2Stage2|57#1028
TBR,2026-07-22,C,22,false,TBMTBR5Stage2,GT 5083 - 295/80R22.5 JUM XM,295/80R22.5 JUM XM (+1 SKUs),22.5,R22.5,112222982C016MJXM0,2,104.0,4,2026-07-23 04:14,2026-07-23 10:05,5.85,true,false,295/80R22.5JUL1,10.0,10.0,0.0,TBR|TBMTBR5Stage2|88#1306
TBR,2026-07-22,C,22,false,TBMTBR6Stage2,GT 5079 - 255/70R22.5 JUX E,255/70R22.5 JUXe 140/137 M (+2 SKUs),22.5,R22.5,112222562C016MUXE0,3,102.0,4,2026-07-23 04:53,2026-07-23 10:24,5.52,true,false,315/70R22.5JDL3,10.0,10.0,0.0,TBR|TBMTBR6Stage2|92#1432
TBR,2026-07-22,C,22,false,TBMTBR3Stage2,GT 5076 - 295/90R20 JDE XF,295/90R20 JDE XF / JS121 (+3 SKUs),295/90R20,R20,1121129A20152JDLF0,4,106.0,4,2026-07-23 05:25,2026-07-23 11:23,5.96,true,false,GT 5075 - 295/90R20 JUH XF,10.0,10.0,0.0,TBR|TBMTBR3Stage2|74#1126
TBR,2026-07-22,C,22,false,TBMTBR8Stage2,11.00R20JDE++,11.00R20 JDE++ (+1 SKUs),11.00R20,R20,1121111020016KDEP0,2,196.0,8,2026-07-23 05:49,2026-07-23 16:51,11.02,true,false,GT 5096 - 11.00R20 JDC XD,10.0,10.0,0.0,TBR|TBMTBR8Stage2|87#1677
TBR,2026-07-23,A,23,false,TBMTBR1Stage2,GT 5076 - 295/90R20 JDE XF,295/90R20 JDE XF / JS121 (+3 SKUs),295/90R20,R20,1121129A20152JDLF0,4,106.0,4,2026-07-23 07:28,2026-07-23 13:25,5.96,false,false,GT 5076 - 295/90R20 JDE XF,125.66666666666667,0.0,0.0,TBR|TBMTBR1Stage2|53#952
TBR,2026-07-23,A,23,false,TBMTBR7Stage2,GT 5098 - 275/90R20 JDE XF,275/90R20 JETSTEEL JDE XF,"",R20,1121127A20149KDEF0,1,78.0,3,2026-07-23 07:42,2026-07-23 12:05,4.38,true,false,10.00 R 20 JUH3+,10.0,10.0,0.0,TBR|TBMTBR7Stage2|89#1555
TBR,2026-07-23,A,23,false,TBMTBR3Stage2,11.00R20 JUH5,11.00R20 JUH5 (+2 SKUs),11R20,R20,1122111020016KUH50,3,79.0,3,2026-07-23 11:33,2026-07-23 15:59,4.44,true,false,GT 5076 - 295/90R20 JDE XF,10.0,10.0,0.0,TBR|TBMTBR3Stage2|75#1127
TBR,2026-07-23,A,23,false,TBMTBR2Stage2,10.00 R 20 JDE,295/90R20JDE++ (+4 SKUs),R20,R20,1121129A20000JDEP0,5,130.0,5,2026-07-23 11:43,2026-07-23 19:02,7.31,false,false,10.00 R 20 JDE,186.28333333333333,0.0,0.0,TBR|TBMTBR2Stage2|57#1029
TBR,2026-07-23,A,23,false,TBMTBR7Stage2,8.25R20JDE++,8.25R20JDE++ (+2 SKUs),8.25R20,R20,1121182020016KDEP0,3,87.0,3,2026-07-23 12:15,2026-07-23 16:49,4.57,true,false,GT 5098 - 275/90R20 JDE XF,10.0,10.0,0.0,TBR|TBMTBR7Stage2|90#1556
TBR,2026-07-23,A,23,false,TBMTBR6Stage2,315/70R22.5JUL4,315/70R22.5 JW JUL4,"",R22.5,115223162C018LUL40,1,75.0,3,2026-07-23 13:09,2026-07-23 17:30,4.35,true,false,GT 5079 - 255/70R22.5 JUX E,164.35,10.0,0.0,TBR|TBMTBR6Stage2|93#1433
TBR,2026-07-23,A,23,false,TBMTBR1Stage2,10.00 R 20 JUH5,10.00 R 20 JW JUH5 - N2 (+1 SKUs),10.00 R 20 JUH5,R20,1122110020016KUH50,2,263.0,10,2026-07-23 13:35,2026-07-24 04:22,14.78,true,false,GT 5076 - 295/90R20 JDE XF,10.0,10.0,0.0,TBR|TBMTBR1Stage2|54#953
TBR,2026-07-23,A,23,false,TBMTBR5Stage2,295/80R22.5JUL1,295/80R22.5 JUM (+2 SKUs),"",R22.5,112222982C016MJUM0,3,104.0,4,2026-07-23 14:15,2026-07-23 20:02,5.78,true,false,GT 5083 - 295/80R22.5 JUM XM,250.28333333333333,10.0,0.0,TBR|TBMTBR5Stage2|89#1307
TBR,2026-07-23,A,23,false,TBMTBR9Stage2,GT 5103 - 295/80R22.5 JUM XM OEM,295/80R22.5 JUM XM OEM (+2 SKUs),22.5,R22.5,112222982C152MJXM0,3,82.0,3,2026-07-23 14:53,2026-07-23 19:30,4.61,false,false,GT 5103 - 295/80R22.5 JUM XM OEM,682.5,0.0,0.0,TBR|TBMTBR9Stage2|35#1760
TBR,2026-07-23,B,23,false,TBMTBR4Stage2,GT 5075 - 295/90R20 JUH XF,295/90R20 JUH XF / JW 304 (+3 SKUs),295/90R20,R20,1122129A20152JULF0,4,112.0,4,2026-07-23 15:50,2026-07-23 22:08,6.3,true,false,10.00 R 20 JUH5,305.4166666666667,10.0,0.0,TBR|TBMTBR4Stage2|29#1202
TBR,2026-07-23,B,23,false,TBMTBR3Stage2,GT 5096 - 11.00R20 JDC XD,11.00R20 JDC XD (+2 SKUs),"",R20,1121111020016KCXD0,3,100.0,4,2026-07-23 16:09,2026-07-23 21:47,5.62,true,false,11.00R20 JUH5,10.0,10.0,0.0,TBR|TBMTBR3Stage2|76#1128
TBR,2026-07-23,B,23,false,TBMTBR7Stage2,8.25R20JUH5,8.25R20JUH5 (+4 SKUs),8.25R20,R20,1122182020016KUH50,5,95.0,3,2026-07-23 16:59,2026-07-23 21:59,4.99,true,false,8.25R20JDE++,10.0,10.0,0.0,TBR|TBMTBR7Stage2|91#1557
TBR,2026-07-23,B,23,false,TBMTBR8Stage2,9.00 R 20 JUH3,9.00 R 20 JETWAY JUH3 14 PR N2 (+2 SKUs),"",R20,1122190020014KJH30,3,99.0,3,2026-07-23 17:01,2026-07-23 22:09,5.14,true,false,11.00R20JDE++,10.0,10.0,0.0,TBR|TBMTBR8Stage2|88#1678
TBR,2026-07-23,B,23,false,TBMTBR2Stage2,295/90R20JDCXD,295/90R20_JDC XD_152/148_J_TT (+1 SKUs),10R20,R20,1121129A20152JCXD0,2,79.0,3,2026-07-23 19:12,2026-07-23 23:38,4.44,true,false,10.00 R 20 JDE,10.0,10.0,0.0,TBR|TBMTBR2Stage2|58#1030
TBR,2026-07-23,B,23,false,TBMTBR5Stage2,GT 5083 - 295/80R22.5 JUM XM,295/80R22.5 JUM XM (+1 SKUs),22.5,R22.5,112222982C016MJXM0,2,104.0,4,2026-07-23 20:12,2026-07-24 02:03,5.85,true,false,295/80R22.5JUL1,10.0,10.0,0.0,TBR|TBMTBR5Stage2|90#1308
TBR,2026-07-23,B,23,false,TBMTBR6Stage2,GT 5079 - 255/70R22.5 JUX E,255/70R22.5 JUXe 140/137 M (+2 SKUs),22.5,R22.5,112222562C016MUXE0,3,102.0,4,2026-07-23 20:40,2026-07-24 02:11,5.52,true,false,315/70R22.5JUL4,189.98333333333332,10.0,0.0,TBR|TBMTBR6Stage2|94#1434
TBR,2026-07-23,B,23,false,TBMTBR3Stage2,11.00R20 JUH5,11.00R20 JUH5 (+2 SKUs),11R20,R20,1122111020016KUH50,3,79.0,3,2026-07-23 21:57,2026-07-24 02:23,4.44,true,false,GT 5096 - 11.00R20 JDC XD,10.0,10.0,0.0,TBR|TBMTBR3Stage2|77#1129
TBR,2026-07-23,B,23,false,TBMTBR8Stage2,GT 5095 - 11.00R20 JUC3,11.00R20 JUC3 (+1 SKUs),"",R20,1123111020016KJC30,2,76.0,3,2026-07-23 22:29,2026-07-24 02:46,4.27,true,false,9.00 R 20 JUH3,20.266666666666666,10.0,0.0,TBR|TBMTBR8Stage2|89#1679
TBR,2026-07-23,B,23,false,TBMTBR4Stage2,10.00R 20 JW302,295/90R20JUCXM (+1 SKUs),10R20,R20,1123129A20152JUCM0,2,77.0,3,2026-07-23 22:49,2026-07-24 03:09,4.33,true,false,GT 5075 - 295/90R20 JUH XF,41.15,10.0,0.0,TBR|TBMTBR4Stage2|30#1203
TBR,2026-07-23,C,23,false,TBMTBR2Stage2,295/90R20JDCXD,295/90R20_JDC XD_152/148_J_TT (+1 SKUs),10R20,R20,1121129A20152JCXD0,2,79.0,3,2026-07-24 01:29,2026-07-24 05:56,4.44,false,false,295/90R20JDCXD,111.13333333333333,0.0,0.0,TBR|TBMTBR2Stage2|58#1031
TBR,2026-07-23,C,23,false,TBMTBR7Stage2,GT 5099 - 275/90R20 JUH XF,275/90R20 JETWAY JUH XF (+1 SKUs),275/90R20,R20,1122127A20149KUHF0,2,81.0,3,2026-07-24 02:19,2026-07-24 06:52,4.55,true,false,8.25R20JUH5,259.68333333333334,10.0,0.0,TBR|TBMTBR7Stage2|92#1558
TBR,2026-07-23,C,23,false,TBMTBR3Stage2,GT 5076 - 295/90R20 JDE XF,295/90R20 JDE XF / JS121 (+3 SKUs),295/90R20,R20,1121129A20152JDLF0,4,106.0,4,2026-07-24 02:33,2026-07-24 08:31,5.96,true,false,11.00R20 JUH5,10.0,10.0,0.0,TBR|TBMTBR3Stage2|78#1130
TBR,2026-07-23,C,23,false,TBMTBR8Stage2,11.00R20JDE++,11.00R20 JDE++ (+1 SKUs),11.00R20,R20,1121111020016KDEP0,2,98.0,4,2026-07-24 05:00,2026-07-24 10:31,5.51,true,false,GT 5095 - 11.00R20 JUC3,134.5,10.0,0.0,TBR|TBMTBR8Stage2|90#1680
TBR,2026-07-23,C,23,false,TBMTBR6Stage2,315/80R22.5JUL3,315/80R22.5 JUL3 CURE TYRE (+2 SKUs),315/80R22.5 JUL3,R22.5,115223182C018MUL30,3,78.0,3,2026-07-24 05:28,2026-07-24 10:00,4.53,true,false,GT 5079 - 255/70R22.5 JUX E,197.03333333333333,10.0,0.0,TBR|TBMTBR6Stage2|95#1435
TBR,2026-07-23,C,23,false,TBMTBR4Stage2,10.00R 20 JW302,295/90R20JUCXM (+1 SKUs),10R20,R20,1123129A20152JUCM0,2,77.0,3,2026-07-24 05:36,2026-07-24 09:56,4.33,false,false,10.00R 20 JW302,147.41666666666666,0.0,0.0,TBR|TBMTBR4Stage2|30#1204
TBR,2026-07-23,C,23,false,TBMTBR5Stage2,295/80R22.5JUL1,295/80R22.5 JUM (+2 SKUs),"",R22.5,112222982C016MJUM0,3,104.0,4,2026-07-24 05:59,2026-07-24 11:46,5.78,true,false,GT 5083 - 295/80R22.5 JUM XM,236.4,10.0,0.0,TBR|TBMTBR5Stage2|91#1309
TBR,2026-07-23,C,23,false,TBMTBR2Stage2,10.00 R 20 JUH3+,10.00 R 20 JW JETWAY JUH3+ N2 (+1 SKUs),"",R20,1122110020016KH3P0,2,174.0,6,2026-07-24 06:06,2026-07-24 15:30,9.41,true,false,295/90R20JDCXD,10.0,10.0,0.0,TBR|TBMTBR2Stage2|59#1032
TBR,2026-07-23,C,23,false,TBMTBR9Stage2,GT 5103 - 295/80R22.5 JUM XM OEM,295/80R22.5 JUM XM OEM (+2 SKUs),22.5,R22.5,112222982C152MJXM0,3,81.0,3,2026-07-24 06:52,2026-07-24 11:26,4.55,false,false,GT 5103 - 295/80R22.5 JUM XM OEM,682.5,0.0,0.0,TBR|TBMTBR9Stage2|35#1761
TBR,2026-07-24,A,24,false,TBMTBR1Stage2,10.00 R 20 JUH5,10.00 R 20 JW JUH5 - N2 (+1 SKUs),10.00 R 20 JUH5,R20,1122110020016KUH50,2,262.0,10,2026-07-24 07:11,2026-07-24 21:55,14.73,false,false,10.00 R 20 JUH5,168.68333333333334,0.0,0.0,TBR|TBMTBR1Stage2|54#954
TBR,2026-07-24,A,24,false,TBMTBR7Stage2,8.25R20JDE++,8.25R20JDE++ (+2 SKUs),8.25R20,R20,1121182020016KDEP0,3,86.0,3,2026-07-24 08:31,2026-07-24 13:02,4.52,true,false,GT 5099 - 275/90R20 JUH XF,99.36666666666666,10.0,0.0,TBR|TBMTBR7Stage2|93#1559
TBR,2026-07-24,A,24,false,TBMTBR3Stage2,GT 5096 - 11.00R20 JDC XD,11.00R20 JDC XD (+2 SKUs),"",R20,1121111020016KCXD0,3,100.0,4,2026-07-24 08:41,2026-07-24 14:18,5.62,true,false,GT 5076 - 295/90R20 JDE XF,10.0,10.0,0.0,TBR|TBMTBR3Stage2|79#1131
TBR,2026-07-24,A,24,false,TBMTBR4Stage2,GT 5075 - 295/90R20 JUH XF,295/90R20 JUH XF / JW 304 (+3 SKUs),295/90R20,R20,1122129A20152JULF0,4,111.0,4,2026-07-24 10:06,2026-07-24 16:20,6.24,true,false,10.00R 20 JW302,10.0,10.0,0.0,TBR|TBMTBR4Stage2|31#1205
TBR,2026-07-24,A,24,false,TBMTBR6Stage2,295/80R22.5JDL,295/80R22.5 JDL CURE TYRE (+1 SKUs),"",R22.5,112122982C016MJDL0,2,78.0,3,2026-07-24 11:12,2026-07-24 15:32,4.34,true,false,315/80R22.5JUL3,72.6,10.0,0.0,TBR|TBMTBR6Stage2|96#1436
TBR,2026-07-24,A,24,false,TBMTBR8Stage2,8.25R20JUH5,8.25R20JUH5 (+4 SKUs),8.25R20,R20,1122182020016KUH50,5,92.0,3,2026-07-24 11:41,2026-07-24 16:31,4.83,true,false,11.00R20JDE++,70.31666666666666,10.0,0.0,TBR|TBMTBR8Stage2|91#1681
TBR,2026-07-24,A,24,false,TBMTBR5Stage2,295/75R22.5JUL3,295/75R22.5JUL3,22.5,R22.5,115222972C016LUL30,1,85.0,3,2026-07-24 11:56,2026-07-24 16:40,4.73,true,false,295/80R22.5JUL1,10.0,10.0,0.0,TBR|TBMTBR5Stage2|92#1310
TBR,2026-07-24,A,24,false,TBMTBR3Stage2,11.00R20 JUH5,11.00R20 JUH5 (+2 SKUs),11R20,R20,1122111020016KUH50,3,80.0,3,2026-07-24 14:28,2026-07-24 18:58,4.5,true,false,GT 5096 - 11.00R20 JDC XD,10.0,10.0,0.0,TBR|TBMTBR3Stage2|80#1132
TBR,2026-07-24,B,24,false,TBMTBR6Stage2,GT 5079 - 255/70R22.5 JUX E,255/70R22.5 JUXe 140/137 M (+2 SKUs),22.5,R22.5,112222562C016MUXE0,3,102.0,4,2026-07-24 15:42,2026-07-24 21:13,5.52,true,false,295/80R22.5JDL,10.0,10.0,0.0,TBR|TBMTBR6Stage2|97#1437
TBR,2026-07-24,B,24,false,TBMTBR7Stage2,9.00 R 20 JDE++,9.00 R 20 JDE++ (+1 SKUs),9R20,R20,1121190020016KDEP0,2,78.0,3,2026-07-24 16:07,2026-07-24 20:13,4.1,true,false,8.25R20JDE++,184.7,10.0,0.0,TBR|TBMTBR7Stage2|94#1560
TBR,2026-07-24,B,24,false,TBMTBR5Stage2,GT 5078 - 295/80R22.5 JUX E,295/80R22.5 JUXe (+5 SKUs),"",R22.5,112222982C016JUXE0,6,75.0,3,2026-07-24 16:56,2026-07-24 21:09,4.22,true,false,295/75R22.5JUL3,15.783333333333333,10.0,0.0,TBR|TBMTBR5Stage2|93#1311
TBR,2026-07-24,B,24,false,TBMTBR8Stage2,11.00R20JDE++,11.00R20 JDE++ (+1 SKUs),11.00R20,R20,1121111020016KDEP0,2,99.0,4,2026-07-24 17:36,2026-07-24 23:10,5.57,true,false,8.25R20JUH5,65.26666666666667,10.0,0.0,TBR|TBMTBR8Stage2|92#1682
TBR,2026-07-24,B,24,false,TBMTBR4Stage2,GT 5075 - 295/90R20 JUH XF,295/90R20 JUH XF / JW 304 (+3 SKUs),295/90R20,R20,1122129A20152JULF0,4,111.0,4,2026-07-24 18:19,2026-07-25 00:34,6.24,false,false,GT 5075 - 295/90R20 JUH XF,118.86666666666666,0.0,0.0,TBR|TBMTBR4Stage2|31#1206
TBR,2026-07-24,B,24,false,TBMTBR3Stage2,10.00 R 20 JUH3+,10.00 R 20 JW JETWAY JUH3+ N2 (+1 SKUs),"",R20,1122110020016KH3P0,2,177.0,6,2026-07-24 19:08,2026-07-25 04:42,9.57,true,false,11.00R20 JUH5,10.0,10.0,0.0,TBR|TBMTBR3Stage2|81#1133
TBR,2026-07-24,B,24,false,TBMTBR7Stage2,GT 5098 - 275/90R20 JDE XF,275/90R20 JETSTEEL JDE XF,"",R20,1121127A20149KDEF0,1,78.0,3,2026-07-24 20:23,2026-07-25 00:46,4.38,true,false,9.00 R 20 JDE++,10.0,10.0,0.0,TBR|TBMTBR7Stage2|95#1561
TBR,2026-07-24,B,24,false,TBMTBR2Stage2,295/90R20JDCXD,295/90R20_JDC XD_152/148_J_TT (+1 SKUs),10R20,R20,1121129A20152JCXD0,2,79.0,3,2026-07-24 20:32,2026-07-25 00:59,4.44,true,false,10.00 R 20 JUH3+,302.01666666666665,10.0,0.0,TBR|TBMTBR2Stage2|60#1033
TBR,2026-07-24,B,24,false,TBMTBR9Stage2,GT 5103 - 295/80R22.5 JUM XM OEM,295/80R22.5 JUM XM OEM (+2 SKUs),22.5,R22.5,112222982C152MJXM0,3,82.0,3,2026-07-24 22:56,2026-07-25 03:32,4.61,false,false,GT 5103 - 295/80R22.5 JUM XM OEM,690.0666666666666,0.0,0.0,TBR|TBMTBR9Stage2|35#1762
TBR,2026-07-24,B,24,false,TBMTBR5Stage2,GT 5083 - 295/80R22.5 JUM XM,295/80R22.5 JUM XM (+1 SKUs),22.5,R22.5,112222982C016MJXM0,2,104.0,4,2026-07-24 22:59,2026-07-25 04:50,5.85,true,false,GT 5078 - 295/80R22.5 JUX E,110.14999999999999,10.0,0.0,TBR|TBMTBR5Stage2|94#1312
TBR,2026-07-24,C,24,false,TBMTBR8Stage2,GT 5095 - 11.00R20 JUC3,11.00R20 JUC3 (+1 SKUs),"",R20,1123111020016KJC30,2,76.0,3,2026-07-24 23:20,2026-07-25 03:37,4.27,true,false,11.00R20JDE++,10.0,10.0,0.0,TBR|TBMTBR8Stage2|93#1683
TBR,2026-07-24,C,24,false,TBMTBR1Stage2,GT 5076 - 295/90R20 JDE XF,295/90R20 JDE XF / JS121 (+3 SKUs),295/90R20,R20,1121129A20152JDLF0,4,105.0,4,2026-07-24 23:29,2026-07-25 05:23,5.9,true,false,10.00 R 20 JUH5,94.41666666666667,10.0,0.0,TBR|TBMTBR1Stage2|55#955
TBR,2026-07-24,C,24,false,TBMTBR6Stage2,315/70R22.5JUL4,315/70R22.5 JW JUL4,"",R22.5,115223162C018LUL40,1,75.0,3,2026-07-25 00:25,2026-07-25 04:46,4.35,true,false,GT 5079 - 255/70R22.5 JUX E,191.7,10.0,0.0,TBR|TBMTBR6Stage2|98#1438
TBR,2026-07-24,C,24,false,TBMTBR4Stage2,10.00 R 20 JUH5,10.00 R 20 JW JUH5 - N2 (+1 SKUs),10.00 R 20 JUH5,R20,1122110020016KUH50,2,263.0,10,2026-07-25 00:44,2026-07-25 15:31,14.78,true,false,GT 5075 - 295/90R20 JUH XF,10.0,10.0,0.0,TBR|TBMTBR4Stage2|32#1207
TBR,2026-07-24,C,24,false,TBMTBR7Stage2,8.25R20JDE++,8.25R20JDE++ (+2 SKUs),8.25R20,R20,1121182020016KDEP0,3,86.0,3,2026-07-25 00:56,2026-07-25 05:27,4.52,true,false,GT 5098 - 275/90R20 JDE XF,10.0,10.0,0.0,TBR|TBMTBR7Stage2|96#1562
TBR,2026-07-24,C,24,false,TBMTBR2Stage2,10.00 R 20 JDE,295/90R20JDE++ (+4 SKUs),R20,R20,1121129A20000JDEP0,5,131.0,5,2026-07-25 01:09,2026-07-25 08:31,7.36,true,false,295/90R20JDCXD,10.0,10.0,0.0,TBR|TBMTBR2Stage2|61#1034
TBR,2026-07-24,C,24,false,TBMTBR8Stage2,GT 5096 - 11.00R20 JDC XD,11.00R20 JDC XD (+2 SKUs),"",R20,1121111020016KCXD0,3,102.0,4,2026-07-25 04:44,2026-07-25 10:28,5.73,true,false,GT 5095 - 11.00R20 JUC3,67.26666666666667,10.0,0.0,TBR|TBMTBR8Stage2|94#1684
TBR,2026-07-24,C,24,false,TBMTBR3Stage2,GT 5076 - 295/90R20 JDE XF,295/90R20 JDE XF / JS121 (+3 SKUs),295/90R20,R20,1121129A20152JDLF0,4,105.0,4,2026-07-25 04:52,2026-07-25 10:46,5.9,true,false,10.00 R 20 JUH3+,10.0,10.0,0.0,TBR|TBMTBR3Stage2|82#1134
TBR,2026-07-24,C,24,false,TBMTBR6Stage2,385/65R22.5JUCXD,385/65R22.5 JETWAY JUCXD (+1 SKUs),385/65R22.5 JW JUCXD,R22.5,115323852C020KUCD0,2,81.0,3,2026-07-25 04:56,2026-07-25 09:46,4.83,true,false,315/70R22.5JUL4,10.0,10.0,0.0,TBR|TBMTBR6Stage2|99#1439
TBR,2026-07-24,C,24,false,TBMTBR5Stage2,295/80R22.5JUL1,295/80R22.5 JUM (+2 SKUs),"",R22.5,112222982C016MJUM0,3,104.0,4,2026-07-25 06:36,2026-07-25 12:23,5.78,true,false,GT 5083 - 295/80R22.5 JUM XM,106.56666666666666,10.0,0.0,TBR|TBMTBR5Stage2|95#1313
TBR,2026-07-25,A,25,false,TBMTBR7Stage2,8.25R20VUH3+,8.25R20_VUH3+_DOT_16PR_K_TT,8.25R20,R20,1152182020016KH3PV,1,94.0,3,2026-07-25 07:03,2026-07-25 11:59,4.94,true,false,8.25R20JDE++,95.26666666666667,10.0,0.0,TBR|TBMTBR7Stage2|97#1563
TBR,2026-07-25,A,25,false,TBMTBR1Stage2,10.00R 20 JW302,295/90R20JUCXM (+1 SKUs),10R20,R20,1123129A20152JUCM0,2,77.0,3,2026-07-25 07:21,2026-07-25 11:41,4.33,true,false,GT 5076 - 295/90R20 JDE XF,117.66666666666667,10.0,0.0,TBR|TBMTBR1Stage2|56#956
TBR,2026-07-25,A,25,false,TBMTBR6Stage2,GT 5079 - 255/70R22.5 JUX E,255/70R22.5 JUXe 140/137 M (+2 SKUs),22.5,R22.5,112222562C016MUXE0,3,78.0,3,2026-07-25 09:56,2026-07-25 14:09,4.22,true,false,385/65R22.5JUCXD,10.0,10.0,0.0,TBR|TBMTBR6Stage2|100#1440
TBR,2026-07-25,A,25,false,TBMTBR8Stage2,11.00R20JDE++,11.00R20 JDE++ (+1 SKUs),11.00R20,R20,1121111020016KDEP0,2,98.0,4,2026-07-25 10:38,2026-07-25 16:09,5.51,true,false,GT 5096 - 11.00R20 JDC XD,10.0,10.0,0.0,TBR|TBMTBR8Stage2|95#1685
TBR,2026-07-25,A,25,false,TBMTBR3Stage2,11.00R20 JUH5,11.00R20 JUH5 (+2 SKUs),11R20,R20,1122111020016KUH50,3,79.0,3,2026-07-25 10:56,2026-07-25 15:23,4.44,true,false,GT 5076 - 295/90R20 JDE XF,10.0,10.0,0.0,TBR|TBMTBR3Stage2|83#1135
TBR,2026-07-25,A,25,false,TBMTBR1Stage2,GT 5076 - 295/90R20 JDE XF,295/90R20 JDE XF / JS121 (+3 SKUs),295/90R20,R20,1121129A20152JDLF0,4,106.0,4,2026-07-25 12:12,2026-07-25 18:09,5.96,true,false,10.00R 20 JW302,30.933333333333334,10.0,0.0,TBR|TBMTBR1Stage2|57#957
TBR,2026-07-25,A,25,false,TBMTBR7Stage2,8.25R20JUH5,8.25R20JUH5 (+4 SKUs),8.25R20,R20,1122182020016KUH50,5,92.0,3,2026-07-25 12:21,2026-07-25 17:11,4.83,true,false,8.25R20VUH3+,22.0,10.0,0.0,TBR|TBMTBR7Stage2|98#1564
TBR,2026-07-25,A,25,false,TBMTBR5Stage2,GT 5078 - 295/80R22.5 JUX E,295/80R22.5 JUXe (+5 SKUs),"",R22.5,112222982C016JUXE0,6,75.0,3,2026-07-25 12:45,2026-07-25 16:58,4.22,true,false,295/80R22.5JUL1,21.383333333333333,10.0,0.0,TBR|TBMTBR5Stage2|96#1314
TBR,2026-07-25,A,25,false,TBMTBR2Stage2,295/90R20JDCXD,295/90R20_JDC XD_152/148_J_TT (+1 SKUs),10R20,R20,1121129A20152JCXD0,2,79.0,3,2026-07-25 14:02,2026-07-25 18:29,4.44,true,false,10.00 R 20 JDE,331.3833333333333,10.0,0.0,TBR|TBMTBR2Stage2|62#1035
TBR,2026-07-25,B,25,false,TBMTBR9Stage2,GT 5103 - 295/80R22.5 JUM XM OEM,295/80R22.5 JUM XM OEM (+2 SKUs),22.5,R22.5,112222982C152MJXM0,3,82.0,3,2026-07-25 15:18,2026-07-25 19:55,4.61,false,false,GT 5103 - 295/80R22.5 JUM XM OEM,705.85,0.0,0.0,TBR|TBMTBR9Stage2|35#1763
TBR,2026-07-25,B,25,false,TBMTBR6Stage2,315/70R22.5JDL3,315/70R22.5 JS JDL3 (+1 SKUs),"",R22.5,115123162C018LDL30,2,75.0,3,2026-07-25 15:55,2026-07-25 20:16,4.35,true,false,GT 5079 - 255/70R22.5 JUX E,105.81666666666666,10.0,0.0,TBR|TBMTBR6Stage2|101#1441
TBR,2026-07-25,B,25,false,TBMTBR3Stage2,11.00R20JDE++,11.00R20 JDE++ (+1 SKUs),11.00R20,R20,1121111020016KDEP0,2,97.0,4,2026-07-25 16:11,2026-07-25 21:38,5.45,true,false,11.00R20 JUH5,48.05,10.0,0.0,TBR|TBMTBR3Stage2|84#1136
TBR,2026-07-25,B,25,false,TBMTBR5Stage2,GT 5083 - 295/80R22.5 JUM XM,295/80R22.5 JUM XM (+1 SKUs),22.5,R22.5,112222982C016MJXM0,2,105.0,4,2026-07-25 17:08,2026-07-25 23:02,5.9,true,false,GT 5078 - 295/80R22.5 JUX E,10.0,10.0,0.0,TBR|TBMTBR5Stage2|97#1315
TBR,2026-07-25,B,25,false,TBMTBR7Stage2,8.25R20JDE++,8.25R20JDE++ (+2 SKUs),8.25R20,R20,1121182020016KDEP0,3,86.0,3,2026-07-25 17:21,2026-07-25 21:52,4.52,true,false,8.25R20JUH5,10.0,10.0,0.0,TBR|TBMTBR7Stage2|99#1565
TBR,2026-07-25,B,25,false,TBMTBR1Stage2,10.00 R 20 JUH5,10.00 R 20 JW JUH5 - N2 (+1 SKUs),10.00 R 20 JUH5,R20,1122110020016KUH50,2,260.0,10,2026-07-25 18:19,2026-07-26 08:56,14.62,true,false,GT 5076 - 295/90R20 JDE XF,10.0,10.0,0.0,TBR|TBMTBR1Stage2|58#958
TBR,2026-07-25,B,25,false,TBMTBR2Stage2,10.00 R 20 JDE,295/90R20JDE++ (+4 SKUs),R20,R20,1121129A20000JDEP0,5,129.0,5,2026-07-25 18:39,2026-07-26 01:54,7.25,true,false,295/90R20JDCXD,10.0,10.0,0.0,TBR|TBMTBR2Stage2|63#1036
TBR,2026-07-25,B,25,false,TBMTBR8Stage2,9.00 R 20 JUH3,9.00 R 20 JETWAY JUH3 14 PR N2 (+2 SKUs),"",R20,1122190020014KJH30,3,99.0,3,2026-07-25 18:49,2026-07-25 23:58,5.14,true,false,11.00R20JDE++,160.35,10.0,0.0,TBR|TBMTBR8Stage2|96#1686
TBR,2026-07-25,B,25,false,TBMTBR4Stage2,10.00R 20 JW302,295/90R20JUCXM (+1 SKUs),10R20,R20,1123129A20152JUCM0,2,156.0,6,2026-07-25 19:11,2026-07-26 03:57,8.77,true,false,10.00 R 20 JUH5,220.06666666666666,10.0,0.0,TBR|TBMTBR4Stage2|33#1208
TBR,2026-07-25,B,25,false,TBMTBR3Stage2,GT 5095 - 11.00R20 JUC3,11.00R20 JUC3 (+1 SKUs),"",R20,1123111020016KJC30,2,76.0,3,2026-07-25 21:48,2026-07-26 02:04,4.27,true,false,11.00R20JDE++,10.0,10.0,0.0,TBR|TBMTBR3Stage2|85#1137
TBR,2026-07-25,B,25,false,TBMTBR6Stage2,295/80R22.5JUL1,295/80R22.5 JUM (+2 SKUs),"",R22.5,112222982C016MJUM0,3,104.0,4,2026-07-25 22:38,2026-07-26 04:25,5.78,true,false,315/70R22.5JDL3,142.2,10.0,0.0,TBR|TBMTBR6Stage2|102#1442
TBR,2026-07-25,B,25,false,TBMTBR7Stage2,GT 5099 - 275/90R20 JUH XF,275/90R20 JETWAY JUH XF (+1 SKUs),275/90R20,R20,1122127A20149KUHF0,2,78.0,3,2026-07-25 22:46,2026-07-26 03:10,4.38,true,false,8.25R20JDE++,54.333333333333336,10.0,0.0,TBR|TBMTBR7Stage2|100#1566
TBR,2026-07-25,C,25,false,TBMTBR8Stage2,11.00R20 JUH5,11.00R20 JUH5 (+2 SKUs),11R20,R20,1122111020016KUH50,3,80.0,3,2026-07-26 00:08,2026-07-26 04:37,4.5,true,false,9.00 R 20 JUH3,10.0,10.0,0.0,TBR|TBMTBR8Stage2|97#1687
TBR,2026-07-25,C,25,false,TBMTBR3Stage2,10.00R20JUC,10.00 R 20 JUC,20,R20,1123110020016KJUC0,1,77.0,3,2026-07-26 02:14,2026-07-26 06:34,4.33,true,false,GT 5095 - 11.00R20 JUC3,10.0,10.0,0.0,TBR|TBMTBR3Stage2|86#1138
TBR,2026-07-25,C,25,false,TBMTBR2Stage2,295/90R20JDCXD,295/90R20_JDC XD_152/148_J_TT (+1 SKUs),10R20,R20,1121129A20152JCXD0,2,79.0,3,2026-07-26 02:17,2026-07-26 06:43,4.44,true,false,10.00 R 20 JDE,22.9,10.0,0.0,TBR|TBMTBR2Stage2|64#1037
TBR,2026-07-25,C,25,false,TBMTBR5Stage2,GT 5079 - 255/70R22.5 JUX E,255/70R22.5 JUXe 140/137 M (+2 SKUs),22.5,R22.5,112222562C016MUXE0,3,78.0,3,2026-07-26 02:34,2026-07-26 06:47,4.22,true,false,GT 5083 - 295/80R22.5 JUM XM,212.41666666666666,10.0,0.0,TBR|TBMTBR5Stage2|98#1316
TBR,2026-07-25,C,25,false,TBMTBR7Stage2,8.25R20JDE++,8.25R20JDE++ (+2 SKUs),8.25R20,R20,1121182020016KDEP0,3,86.0,3,2026-07-26 03:20,2026-07-26 07:51,4.52,true,false,GT 5099 - 275/90R20 JUH XF,10.0,10.0,0.0,TBR|TBMTBR7Stage2|101#1567
TBR,2026-07-25,C,25,false,TBMTBR6Stage2,315/70R22.5JUL4,315/70R22.5 JW JUL4,"",R22.5,115223162C018LUL40,1,72.0,3,2026-07-26 04:45,2026-07-26 08:56,4.18,true,false,295/80R22.5JUL1,19.5,10.0,0.0,TBR|TBMTBR6Stage2|103#1443
TBR,2026-07-25,C,25,false,TBMTBR8Stage2,11.00R20JDE++,11.00R20 JDE++ (+1 SKUs),11.00R20,R20,1121111020016KDEP0,2,98.0,4,2026-07-26 04:47,2026-07-26 10:18,5.51,true,false,11.00R20 JUH5,10.0,10.0,0.0,TBR|TBMTBR8Stage2|98#1688
TBR,2026-07-25,C,25,false,TBMTBR3Stage2,GT 5075 - 295/90R20 JUH XF,295/90R20 JUH XF / JW 304 (+3 SKUs),295/90R20,R20,1122129A20152JULF0,4,110.0,4,2026-07-26 06:44,2026-07-26 12:55,6.18,true,false,10.00R20JUC,10.0,10.0,0.0,TBR|TBMTBR3Stage2|87#1139
TBR,2026-07-25,C,25,false,TBMTBR2Stage2,10.00 R 20 JUH3+,10.00 R 20 JW JETWAY JUH3+ N2 (+1 SKUs),"",R20,1122110020016KH3P0,2,176.0,6,2026-07-26 06:53,2026-07-26 16:24,9.52,true,false,295/90R20JDCXD,10.0,10.0,0.0,TBR|TBMTBR2Stage2|65#1038
TBR,2026-07-26,A,26,false,TBMTBR5Stage2,GT 5078 - 295/80R22.5 JUX E,295/80R22.5 JUXe (+5 SKUs),"",R22.5,112222982C016JUXE0,6,75.0,3,2026-07-26 07:01,2026-07-26 11:14,4.22,true,false,GT 5079 - 255/70R22.5 JUX E,13.833333333333334,10.0,0.0,TBR|TBMTBR5Stage2|99#1317
TBR,2026-07-26,A,26,false,TBMTBR4Stage2,10.00 R 20 JUH5,10.00 R 20 JW JUH5 - N2 (+1 SKUs),10.00 R 20 JUH5,R20,1122110020016KUH50,2,260.0,10,2026-07-26 07:29,2026-07-26 22:06,14.62,true,false,10.00R 20 JW302,211.71666666666667,10.0,0.0,TBR|TBMTBR4Stage2|34#1209
TBR,2026-07-26,A,26,false,TBMTBR9Stage2,GT 5103 - 295/80R22.5 JUM XM OEM,295/80R22.5 JUM XM OEM (+2 SKUs),22.5,R22.5,112222982C152MJXM0,3,82.0,3,2026-07-26 07:41,2026-07-26 12:17,4.61,false,false,GT 5103 - 295/80R22.5 JUM XM OEM,705.85,0.0,0.0,TBR|TBMTBR9Stage2|35#1764
TBR,2026-07-26,A,26,false,TBMTBR7Stage2,8.25R20JUH5,8.25R20JUH5 (+4 SKUs),8.25R20,R20,1122182020016KUH50,5,94.0,3,2026-07-26 08:01,2026-07-26 12:57,4.94,true,false,8.25R20JDE++,10.0,10.0,0.0,TBR|TBMTBR7Stage2|102#1568
TBR,2026-07-26,A,26,false,TBMTBR6Stage2,GT 5083 - 295/80R22.5 JUM XM,295/80R22.5 JUM XM (+1 SKUs),22.5,R22.5,112222982C016MJXM0,2,105.0,4,2026-07-26 09:06,2026-07-26 15:00,5.9,true,false,315/70R22.5JUL4,10.0,10.0,0.0,TBR|TBMTBR6Stage2|104#1444
TBR,2026-07-26,A,26,false,TBMTBR8Stage2,GT 5096 - 11.00R20 JDC XD,11.00R20 JDC XD (+2 SKUs),"",R20,1121111020016KCXD0,3,102.0,4,2026-07-26 10:28,2026-07-26 16:12,5.73,true,false,11.00R20JDE++,10.0,10.0,0.0,TBR|TBMTBR8Stage2|99#1689
TBR,2026-07-26,A,26,false,TBMTBR5Stage2,295/75R22.5JUL3,295/75R22.5JUL3,22.5,R22.5,115222972C016LUL30,1,112.0,4,2026-07-26 11:24,2026-07-26 17:38,6.23,true,false,GT 5078 - 295/80R22.5 JUX E,10.0,10.0,0.0,TBR|TBMTBR5Stage2|100#1318
TBR,2026-07-26,A,26,false,TBMTBR1Stage2,10.00 R 20 JDE,295/90R20JDE++ (+4 SKUs),R20,R20,1121129A20000JDEP0,5,129.0,5,2026-07-26 12:04,2026-07-26 19:20,7.25,true,false,10.00 R 20 JUH5,188.06666666666666,10.0,0.0,TBR|TBMTBR1Stage2|59#959
TBR,2026-07-26,A,26,false,TBMTBR3Stage2,11.00R20 JUH5,11.00R20 JUH5 (+2 SKUs),11R20,R20,1122111020016KUH50,3,79.0,3,2026-07-26 13:05,2026-07-26 17:32,4.44,true,false,GT 5075 - 295/90R20 JUH XF,10.0,10.0,0.0,TBR|TBMTBR3Stage2|88#1140
TBR,2026-07-26,A,26,false,TBMTBR7Stage2,9.00 R 20 JDE++,9.00 R 20 JDE++ (+1 SKUs),9R20,R20,1121190020016KDEP0,2,79.0,3,2026-07-26 13:07,2026-07-26 17:16,4.15,true,false,8.25R20JUH5,10.0,10.0,0.0,TBR|TBMTBR7Stage2|103#1569
TBR,2026-07-26,A,26,false,TBMTBR9Stage2,295/80R22.5JUL1,295/80R22.5 JUM (+2 SKUs),"",R22.5,112222982C016MJUM0,3,103.0,4,2026-07-26 14:41,2026-07-26 20:24,5.73,true,false,GT 5103 - 295/80R22.5 JUM XM OEM,143.25,10.0,0.0,TBR|TBMTBR9Stage2|36#1765
TBR,2026-07-26,B,26,false,TBMTBR6Stage2,295/80R22.5JDL,295/80R22.5 JDL CURE TYRE (+1 SKUs),"",R22.5,112122982C016MJDL0,2,79.0,3,2026-07-26 16:27,2026-07-26 20:51,4.39,true,false,GT 5083 - 295/80R22.5 JUM XM,87.36666666666666,10.0,0.0,TBR|TBMTBR6Stage2|105#1445
TBR,2026-07-26,B,26,false,TBMTBR7Stage2,8.25R20JDE++,8.25R20JDE++ (+2 SKUs),8.25R20,R20,1121182020016KDEP0,3,85.0,3,2026-07-26 17:26,2026-07-26 21:54,4.47,true,false,9.00 R 20 JDE++,10.0,10.0,0.0,TBR|TBMTBR7Stage2|104#1570
TBR,2026-07-26,B,26,false,TBMTBR3Stage2,10.00 R 20 JUH3+,10.00 R 20 JW JETWAY JUH3+ N2 (+1 SKUs),"",R20,1122110020016KH3P0,2,175.0,6,2026-07-26 17:42,2026-07-27 03:09,9.46,true,false,11.00R20 JUH5,10.0,10.0,0.0,TBR|TBMTBR3Stage2|89#1141
TBR,2026-07-26,B,26,false,TBMTBR8Stage2,GT 5095 - 11.00R20 JUC3,11.00R20 JUC3 (+1 SKUs),"",R20,1123111020016KJC30,2,76.0,3,2026-07-26 17:49,2026-07-26 22:06,4.27,true,false,GT 5096 - 11.00R20 JDC XD,97.2,10.0,0.0,TBR|TBMTBR8Stage2|100#1690
TBR,2026-07-26,B,26,false,TBMTBR2Stage2,GT 5076 - 295/90R20 JDE XF,295/90R20 JDE XF / JS121 (+3 SKUs),295/90R20,R20,1121129A20152JDLF0,4,108.0,4,2026-07-26 18:07,2026-07-27 00:11,6.07,true,false,10.00 R 20 JUH3+,102.76666666666667,10.0,0.0,TBR|TBMTBR2Stage2|66#1039
TBR,2026-07-26,B,26,false,TBMTBR5Stage2,GT 5079 - 255/70R22.5 JUX E,255/70R22.5 JUXe 140/137 M (+2 SKUs),22.5,R22.5,112222562C016MUXE0,3,103.0,4,2026-07-26 19:16,2026-07-27 00:50,5.57,true,false,295/75R22.5JUL3,97.73333333333333,10.0,0.0,TBR|TBMTBR5Stage2|101#1319
TBR,2026-07-26,B,26,false,TBMTBR1Stage2,10.00 R 20 JUH5,10.00 R 20 JW JUH5 - N2 (+1 SKUs),10.00 R 20 JUH5,R20,1122110020016KUH50,2,780.0,30,2026-07-26 20:38,2026-07-28 17:58,45.34,true,false,10.00 R 20 JDE,78.46666666666667,10.0,0.0,TBR|TBMTBR1Stage2|60#960
TBR,2026-07-26,B,26,false,TBMTBR6Stage2,11R22.5 JUL2+,11R22.5 JUL2+,22.5,R22.5,115221102C016LL2P0,1,84.0,3,2026-07-26 21:43,2026-07-27 02:23,4.67,true,false,295/80R22.5JDL,51.766666666666666,10.0,0.0,TBR|TBMTBR6Stage2|106#1446
TBR,2026-07-26,B,26,false,TBMTBR7Stage2,8.25R20VUH3+,8.25R20_VUH3+_DOT_16PR_K_TT,8.25R20,R20,1152182020016KH3PV,1,94.0,3,2026-07-26 22:04,2026-07-27 03:01,4.94,true,false,8.25R20JDE++,10.0,10.0,0.0,TBR|TBMTBR7Stage2|105#1571
TBR,2026-07-26,B,26,false,TBMTBR8Stage2,11.00R20JDE++,11.00R20 JDE++ (+1 SKUs),11.00R20,R20,1121111020016KDEP0,2,96.0,4,2026-07-26 22:16,2026-07-27 03:39,5.4,true,false,GT 5095 - 11.00R20 JUC3,10.0,10.0,0.0,TBR|TBMTBR8Stage2|101#1691
TBR,2026-07-26,C,26,false,TBMTBR9Stage2,GT 5103 - 295/80R22.5 JUM XM OEM,295/80R22.5 JUM XM OEM (+2 SKUs),22.5,R22.5,112222982C152MJXM0,3,82.0,3,2026-07-27 00:03,2026-07-27 04:40,4.61,true,false,295/80R22.5JUL1,218.86666666666667,10.0,0.0,TBR|TBMTBR9Stage2|37#1766
TBR,2026-07-26,C,26,false,TBMTBR5Stage2,GT 5083 - 295/80R22.5 JUM XM,295/80R22.5 JUM XM (+1 SKUs),22.5,R22.5,112222982C016MJXM0,2,105.0,4,2026-07-27 01:04,2026-07-27 06:58,5.9,true,false,GT 5079 - 255/70R22.5 JUX E,14.233333333333333,10.0,0.0,TBR|TBMTBR5Stage2|102#1320
TBR,2026-07-26,C,26,false,TBMTBR2Stage2,295/90R20JDCXD,295/90R20_JDC XD_152/148_J_TT (+1 SKUs),10R20,R20,1121129A20152JCXD0,2,79.0,3,2026-07-27 02:12,2026-07-27 06:38,4.44,true,false,GT 5076 - 295/90R20 JDE XF,120.55,10.0,0.0,TBR|TBMTBR2Stage2|67#1040
TBR,2026-07-26,C,26,false,TBMTBR7Stage2,GT 5098 - 275/90R20 JDE XF,275/90R20 JETSTEEL JDE XF,"",R20,1121127A20149KDEF0,1,130.0,5,2026-07-27 03:11,2026-07-27 10:29,7.31,true,false,8.25R20VUH3+,10.0,10.0,0.0,TBR|TBMTBR7Stage2|106#1572
TBR,2026-07-26,C,26,false,TBMTBR3Stage2,GT 5075 - 295/90R20 JUH XF,295/90R20 JUH XF / JW 304 (+3 SKUs),295/90R20,R20,1122129A20152JULF0,4,108.0,4,2026-07-27 03:19,2026-07-27 09:24,6.07,true,false,10.00 R 20 JUH3+,10.0,10.0,0.0,TBR|TBMTBR3Stage2|90#1142
TBR,2026-07-26,C,26,false,TBMTBR4Stage2,10.00R 20 JW302,295/90R20JUCXM (+1 SKUs),10R20,R20,1123129A20152JUCM0,2,77.0,3,2026-07-27 03:32,2026-07-27 07:51,4.33,true,false,10.00 R 20 JUH5,325.9166666666667,10.0,0.0,TBR|TBMTBR4Stage2|35#1210
TBR,2026-07-26,C,26,false,TBMTBR8Stage2,GT 5096 - 11.00R20 JDC XD,11.00R20 JDC XD (+2 SKUs),"",R20,1121111020016KCXD0,3,102.0,4,2026-07-27 04:05,2026-07-27 09:50,5.73,true,false,11.00R20JDE++,26.066666666666666,10.0,0.0,TBR|TBMTBR8Stage2|102#1692
TBR,2026-07-26,C,26,false,TBMTBR6Stage2,295/80R22.5JUL1,295/80R22.5 JUM (+2 SKUs),"",R22.5,112222982C016MJUM0,3,103.0,4,2026-07-27 04:28,2026-07-27 10:11,5.73,true,false,11R22.5 JUL2+,124.68333333333334,10.0,0.0,TBR|TBMTBR6Stage2|107#1447
TBR,2026-07-27,A,27,false,TBMTBR5Stage2,GT 5083 - 295/80R22.5 JUM XM,295/80R22.5 JUM XM (+1 SKUs),22.5,R22.5,112222982C016MJXM0,2,105.0,4,2026-07-27 08:06,2026-07-27 14:00,5.9,false,false,GT 5083 - 295/80R22.5 JUM XM,67.65,0.0,0.0,TBR|TBMTBR5Stage2|102#1321
TBR,2026-07-27,A,27,false,TBMTBR3Stage2,11.00R20 JUH5,11.00R20 JUH5 (+2 SKUs),11R20,R20,1122111020016KUH50,3,79.0,3,2026-07-27 09:34,2026-07-27 14:00,4.44,true,false,GT 5075 - 295/90R20 JUH XF,10.0,10.0,0.0,TBR|TBMTBR3Stage2|91#1143
TBR,2026-07-27,A,27,false,TBMTBR4Stage2,10.00R 20 JW302,295/90R20JUCXM (+1 SKUs),10R20,R20,1123129A20152JUCM0,2,77.0,3,2026-07-27 09:37,2026-07-27 13:57,4.33,false,false,10.00R 20 JW302,105.75,0.0,0.0,TBR|TBMTBR4Stage2|35#1211
TBR,2026-07-27,A,27,false,TBMTBR2Stage2,295/90R20JDCXD,295/90R20_JDC XD_152/148_J_TT (+1 SKUs),10R20,R20,1121129A20152JCXD0,2,79.0,3,2026-07-27 09:45,2026-07-27 14:11,4.44,false,false,295/90R20JDCXD,186.4,0.0,0.0,TBR|TBMTBR2Stage2|67#1041
TBR,2026-07-27,A,27,false,TBMTBR6Stage2,385/65R22.5JUCXD,385/65R22.5 JETWAY JUCXD (+1 SKUs),385/65R22.5 JW JUCXD,R22.5,115323852C020KUCD0,2,81.0,3,2026-07-27 10:21,2026-07-27 15:11,4.83,true,false,295/80R22.5JUL1,10.0,10.0,0.0,TBR|TBMTBR6Stage2|108#1448
TBR,2026-07-27,A,27,false,TBMTBR7Stage2,8.25R20JUH5,8.25R20JUH5 (+4 SKUs),8.25R20,R20,1122182020016KUH50,5,90.0,3,2026-07-27 10:39,2026-07-27 15:23,4.73,true,false,GT 5098 - 275/90R20 JDE XF,10.0,10.0,0.0,TBR|TBMTBR7Stage2|107#1573
TBR,2026-07-27,A,27,false,TBMTBR8Stage2,11.00R20JDE++,11.00R20 JDE++ (+1 SKUs),11.00R20,R20,1121111020016KDEP0,2,96.0,4,2026-07-27 12:50,2026-07-27 18:14,5.4,true,false,GT 5096 - 11.00R20 JDC XD,180.93333333333334,10.0,0.0,TBR|TBMTBR8Stage2|103#1693
TBR,2026-07-27,A,27,false,TBMTBR5Stage2,GT 5078 - 295/80R22.5 JUX E,295/80R22.5 JUXe (+5 SKUs),"",R22.5,112222982C016JUXE0,6,74.0,3,2026-07-27 14:10,2026-07-27 18:20,4.16,true,false,GT 5083 - 295/80R22.5 JUM XM,10.0,10.0,0.0,TBR|TBMTBR5Stage2|103#1322
TBR,2026-07-27,A,27,false,TBMTBR2Stage2,10.00 R 20 JDE,295/90R20JDE++ (+4 SKUs),R20,R20,1121129A20000JDEP0,5,132.0,5,2026-07-27 14:21,2026-07-27 21:46,7.42,true,false,295/90R20JDCXD,10.0,10.0,0.0,TBR|TBMTBR2Stage2|68#1042
TBR,2026-07-27,B,27,false,TBMTBR3Stage2,GT 5095 - 11.00R20 JUC3,11.00R20 JUC3 (+1 SKUs),"",R20,1123111020016KJC30,2,77.0,3,2026-07-27 15:04,2026-07-27 19:24,4.33,true,false,11.00R20 JUH5,63.8,10.0,0.0,TBR|TBMTBR3Stage2|92#1144
TBR,2026-07-27,B,27,false,TBMTBR6Stage2,315/70R22.5JDL3,315/70R22.5 JS JDL3 (+1 SKUs),"",R22.5,115123162C018LDL30,2,75.0,3,2026-07-27 15:21,2026-07-27 19:42,4.35,true,false,385/65R22.5JUCXD,10.0,10.0,0.0,TBR|TBMTBR6Stage2|109#1449
TBR,2026-07-27,B,27,false,TBMTBR7Stage2,8.25R20JDE++,8.25R20JDE++ (+2 SKUs),8.25R20,R20,1121182020016KDEP0,3,88.0,3,2026-07-27 15:33,2026-07-27 20:10,4.62,true,false,8.25R20JUH5,10.0,10.0,0.0,TBR|TBMTBR7Stage2|108#1574
TBR,2026-07-27,B,27,false,TBMTBR9Stage2,GT 5103 - 295/80R22.5 JUM XM OEM,295/80R22.5 JUM XM OEM (+2 SKUs),22.5,R22.5,112222982C152MJXM0,3,83.0,3,2026-07-27 16:26,2026-07-27 21:06,4.67,false,false,GT 5103 - 295/80R22.5 JUM XM OEM,705.9,0.0,0.0,TBR|TBMTBR9Stage2|37#1767
TBR,2026-07-27,B,27,false,TBMTBR5Stage2,GT 5083 - 295/80R22.5 JUM XM,295/80R22.5 JUM XM (+1 SKUs),22.5,R22.5,112222982C016MJXM0,2,105.0,4,2026-07-27 18:30,2026-07-28 00:24,5.9,true,false,GT 5078 - 295/80R22.5 JUX E,10.0,10.0,0.0,TBR|TBMTBR5Stage2|104#1323
TBR,2026-07-27,B,27,false,TBMTBR8Stage2,9.00 R 20 JUH3,9.00 R 20 JETWAY JUH3 14 PR N2 (+2 SKUs),"",R20,1122190020014KJH30,3,131.0,4,2026-07-27 19:29,2026-07-28 02:17,6.81,true,false,11.00R20JDE++,74.75,10.0,0.0,TBR|TBMTBR8Stage2|104#1694
TBR,2026-07-27,B,27,false,TBMTBR3Stage2,GT 5096 - 11.00R20 JDC XD,11.00R20 JDC XD (+2 SKUs),"",R20,1121111020016KCXD0,3,101.0,4,2026-07-27 19:34,2026-07-28 01:14,5.68,true,false,GT 5095 - 11.00R20 JUC3,10.0,10.0,0.0,TBR|TBMTBR3Stage2|93#1145
TBR,2026-07-27,B,27,false,TBMTBR7Stage2,8.25R20VUH3+,8.25R20_VUH3+_DOT_16PR_K_TT,8.25R20,R20,1152182020016KH3PV,1,93.0,3,2026-07-27 20:20,2026-07-28 01:14,4.89,true,false,8.25R20JDE++,10.0,10.0,0.0,TBR|TBMTBR7Stage2|109#1575
TBR,2026-07-27,B,27,false,TBMTBR6Stage2,GT 5079 - 255/70R22.5 JUX E,255/70R22.5 JUXe 140/137 M (+2 SKUs),22.5,R22.5,112222562C016MUXE0,3,103.0,4,2026-07-27 20:25,2026-07-28 01:59,5.57,true,false,315/70R22.5JDL3,42.7,10.0,0.0,TBR|TBMTBR6Stage2|110#1450
TBR,2026-07-27,C,27,false,TBMTBR2Stage2,GT 5076 - 295/90R20 JDE XF,295/90R20 JDE XF / JS121 (+3 SKUs),295/90R20,R20,1121129A20152JDLF0,4,107.0,4,2026-07-27 23:26,2026-07-28 05:27,6.02,true,false,10.00 R 20 JDE,99.76666666666667,10.0,0.0,TBR|TBMTBR2Stage2|69#1043
TBR,2026-07-27,C,27,false,TBMTBR4Stage2,10.00R 20 JW302,295/90R20JUCXM (+1 SKUs),10R20,R20,1123129A20152JUCM0,2,77.0,3,2026-07-28 00:29,2026-07-28 04:49,4.33,false,false,10.00R 20 JW302,632.0166666666667,0.0,0.0,TBR|TBMTBR4Stage2|35#1212
TBR,2026-07-27,C,27,false,TBMTBR5Stage2,295/80R22.5JDL,295/80R22.5 JDL CURE TYRE (+1 SKUs),"",R22.5,112122982C016MJDL0,2,79.0,3,2026-07-28 01:03,2026-07-28 05:27,4.39,true,false,GT 5083 - 295/80R22.5 JUM XM,39.2,10.0,0.0,TBR|TBMTBR5Stage2|105#1324
TBR,2026-07-27,C,27,false,TBMTBR7Stage2,GT 5099 - 275/90R20 JUH XF,275/90R20 JETWAY JUH XF (+1 SKUs),275/90R20,R20,1122127A20149KUHF0,2,78.0,3,2026-07-28 01:24,2026-07-28 05:47,4.38,true,false,8.25R20VUH3+,10.0,10.0,0.0,TBR|TBMTBR7Stage2|110#1576
TBR,2026-07-27,C,27,false,TBMTBR3Stage2,11.00R20 JUH5,11.00R20 JUH5 (+2 SKUs),11R20,R20,1122111020016KUH50,3,81.0,3,2026-07-28 01:24,2026-07-28 05:58,4.55,true,false,GT 5096 - 11.00R20 JDC XD,10.0,10.0,0.0,TBR|TBMTBR3Stage2|94#1146
TBR,2026-07-27,C,27,false,TBMTBR8Stage2,11.00R20JDE++,11.00R20 JDE++ (+1 SKUs),11.00R20,R20,1121111020016KDEP0,2,97.0,4,2026-07-28 02:27,2026-07-28 07:55,5.45,true,false,9.00 R 20 JUH3,10.0,10.0,0.0,TBR|TBMTBR8Stage2|105#1695
TBR,2026-07-27,C,27,false,TBMTBR7Stage2,GT 5018 - 9.00R20 JUC2,9.00 R 20 JETWAY JUC2 16PR-N2 (+1 SKUs),"",R20,1123190020016KJC20,2,84.0,3,2026-07-28 05:57,2026-07-28 10:21,4.41,true,false,GT 5099 - 275/90R20 JUH XF,10.0,10.0,0.0,TBR|TBMTBR7Stage2|111#1577
TBR,2026-07-27,C,27,false,TBMTBR6Stage2,11R22.5 JUL2+,11R22.5 JUL2+,22.5,R22.5,115221102C016LL2P0,1,84.0,3,2026-07-28 06:00,2026-07-28 10:40,4.67,true,false,GT 5079 - 255/70R22.5 JUX E,240.68333333333334,10.0,0.0,TBR|TBMTBR6Stage2|111#1451
TBR,2026-07-27,C,27,false,TBMTBR2Stage2,10.00 R 20 JUH3+,10.00 R 20 JW JETWAY JUH3+ N2 (+1 SKUs),"",R20,1122110020016KH3P0,2,171.0,6,2026-07-28 06:10,2026-07-28 15:24,9.25,true,false,GT 5076 - 295/90R20 JDE XF,42.46666666666667,10.0,0.0,TBR|TBMTBR2Stage2|70#1044
TBR,2026-07-28,A,28,false,TBMTBR4Stage2,10.00R 20 JW302,295/90R20JUCXM (+1 SKUs),10R20,R20,1123129A20152JUCM0,2,77.0,3,2026-07-28 07:29,2026-07-28 11:49,4.33,false,false,10.00R 20 JW302,160.53333333333333,0.0,0.0,TBR|TBMTBR4Stage2|35#1213
TBR,2026-07-28,A,28,false,TBMTBR5Stage2,295/80R22.5JUL1,295/80R22.5 JUM (+2 SKUs),"",R22.5,112222982C016MJUM0,3,102.0,4,2026-07-28 07:42,2026-07-28 13:22,5.67,true,false,295/80R22.5JDL,135.05,10.0,0.0,TBR|TBMTBR5Stage2|106#1325
TBR,2026-07-28,A,28,false,TBMTBR3Stage2,GT 5075 - 295/90R20 JUH XF,295/90R20 JUH XF / JW 304 (+3 SKUs),295/90R20,R20,1122129A20152JULF0,4,112.0,4,2026-07-28 08:36,2026-07-28 14:54,6.3,true,false,11.00R20 JUH5,158.83333333333334,10.0,0.0,TBR|TBMTBR3Stage2|95#1147
TBR,2026-07-28,A,28,false,TBMTBR8Stage2,11.00R20 JUH5,11.00R20 JUH5 (+2 SKUs),11R20,R20,1122111020016KUH50,3,80.0,3,2026-07-28 09:09,2026-07-28 13:39,4.5,true,false,11.00R20JDE++,74.88333333333333,10.0,0.0,TBR|TBMTBR8Stage2|106#1696
TBR,2026-07-28,A,28,false,TBMTBR9Stage2,GT 5083 - 295/80R22.5 JUM XM,295/80R22.5 JUM XM (+1 SKUs),22.5,R22.5,112222982C016MJXM0,2,103.0,4,2026-07-28 09:59,2026-07-28 15:46,5.79,true,false,GT 5103 - 295/80R22.5 JUM XM OEM,773.4333333333333,10.0,0.0,TBR|TBMTBR9Stage2|38#1768
TBR,2026-07-28,A,28,false,TBMTBR7Stage2,9.00 R 20 JDE++,9.00 R 20 JDE++ (+1 SKUs),9R20,R20,1121190020016KDEP0,2,80.0,3,2026-07-28 10:31,2026-07-28 14:44,4.2,true,false,GT 5018 - 9.00R20 JUC2,10.0,10.0,0.0,TBR|TBMTBR7Stage2|112#1578
TBR,2026-07-28,A,28,false,TBMTBR6Stage2,11R22.5 JDH5+,11R22.5 JS JDH5+ (+1 SKUs),"",R22.5,115121102C016LH5P0,2,75.0,3,2026-07-28 11:23,2026-07-28 15:33,4.17,true,false,11R22.5 JUL2+,42.916666666666664,10.0,0.0,TBR|TBMTBR6Stage2|112#1452
TBR,2026-07-28,A,28,false,TBMTBR4Stage2,10.00 R 20 JDE,295/90R20JDE++ (+4 SKUs),R20,R20,1121129A20000JDEP0,5,129.0,5,2026-07-28 11:59,2026-07-28 19:14,7.25,true,false,10.00R 20 JW302,10.0,10.0,0.0,TBR|TBMTBR4Stage2|36#1214
TBR,2026-07-28,A,28,false,TBMTBR8Stage2,11.00R20JDE++,11.00R20 JDE++ (+1 SKUs),11.00R20,R20,1121111020016KDEP0,2,96.0,4,2026-07-28 13:49,2026-07-28 19:13,5.4,true,false,11.00R20 JUH5,10.0,10.0,0.0,TBR|TBMTBR8Stage2|107#1697
TBR,2026-07-28,A,28,false,TBMTBR7Stage2,8.25R20JUH5,8.25R20JUH5 (+4 SKUs),8.25R20,R20,1122182020016KUH50,5,93.0,3,2026-07-28 14:54,2026-07-28 19:47,4.89,true,false,9.00 R 20 JDE++,10.0,10.0,0.0,TBR|TBMTBR7Stage2|113#1579
TBR,2026-07-28,B,28,false,TBMTBR3Stage2,295/90R20JDCXD,295/90R20_JDC XD_152/148_J_TT (+1 SKUs),10R20,R20,1121129A20152JCXD0,2,80.0,3,2026-07-28 15:04,2026-07-28 19:34,4.5,true,false,GT 5075 - 295/90R20 JUH XF,10.0,10.0,0.0,TBR|TBMTBR3Stage2|96#1148
TBR,2026-07-28,B,28,false,TBMTBR5Stage2,GT 5078 - 295/80R22.5 JUX E,295/80R22.5 JUXe (+5 SKUs),"",R22.5,112222982C016JUXE0,6,73.0,3,2026-07-28 15:35,2026-07-28 19:41,4.1,true,false,295/80R22.5JUL1,132.68333333333334,10.0,0.0,TBR|TBMTBR5Stage2|107#1326
TBR,2026-07-28,B,28,false,TBMTBR6Stage2,GT 5079 - 255/70R22.5 JUX E,255/70R22.5 JUXe 140/137 M (+2 SKUs),22.5,R22.5,112222562C016MUXE0,3,102.0,4,2026-07-28 15:43,2026-07-28 21:14,5.52,true,false,11R22.5 JDH5+,10.0,10.0,0.0,TBR|TBMTBR6Stage2|113#1453
TBR,2026-07-28,B,28,false,TBMTBR9Stage2,GT 5103 - 295/80R22.5 JUM XM OEM,295/80R22.5 JUM XM OEM (+2 SKUs),22.5,R22.5,112222982C152MJXM0,3,81.0,3,2026-07-28 15:56,2026-07-28 20:30,4.55,true,false,GT 5083 - 295/80R22.5 JUM XM,10.0,10.0,0.0,TBR|TBMTBR9Stage2|39#1769
TBR,2026-07-28,B,28,false,TBMTBR2Stage2,GT 5076 - 295/90R20 JDE XF,295/90R20 JDE XF / JS121 (+3 SKUs),295/90R20,R20,1121129A20152JDLF0,4,106.0,4,2026-07-28 18:08,2026-07-29 00:06,5.96,true,false,10.00 R 20 JUH3+,163.86666666666667,10.0,0.0,TBR|TBMTBR2Stage2|71#1045
TBR,2026-07-28,B,28,false,TBMTBR1Stage2,10.00R 20 JW302,295/90R20JUCXM (+1 SKUs),10R20,R20,1123129A20152JUCM0,2,78.0,3,2026-07-28 19:16,2026-07-28 23:39,4.38,true,false,10.00 R 20 JUH5,77.41666666666667,10.0,0.0,TBR|TBMTBR1Stage2|61#961
TBR,2026-07-28,B,28,false,TBMTBR3Stage2,11.00R20 JUH5,11.00R20 JUH5 (+2 SKUs),11R20,R20,1122111020016KUH50,3,80.0,3,2026-07-28 19:44,2026-07-29 00:14,4.5,true,false,295/90R20JDCXD,10.366666666666667,10.0,0.0,TBR|TBMTBR3Stage2|97#1149
TBR,2026-07-28,B,28,false,TBMTBR7Stage2,10.00 R 20 JUH3+,10.00 R 20 JW JETWAY JUH3+ N2 (+1 SKUs),"",R20,1122110020016KH3P0,2,172.0,6,2026-07-28 19:57,2026-07-29 05:15,9.3,true,false,8.25R20JUH5,10.0,10.0,0.0,TBR|TBMTBR7Stage2|114#1580
TBR,2026-07-28,B,28,false,TBMTBR5Stage2,GT 5113 - 295/80R22.5 JDC XD,295/80R22.5 JETSTEEL JDC XD,"",R22.5,115122982C018KCXD0,1,78.0,3,2026-07-28 20:01,2026-07-29 00:24,4.38,true,false,GT 5078 - 295/80R22.5 JUX E,19.833333333333332,10.0,0.0,TBR|TBMTBR5Stage2|108#1327
TBR,2026-07-28,B,28,false,TBMTBR6Stage2,385/55R22.5JTL,385/55R22.5 JW JTL- EXPORT,"",R22.5,115223832C020KJTL0,1,78.0,3,2026-07-28 21:24,2026-07-29 02:03,4.65,true,false,GT 5079 - 255/70R22.5 JUX E,10.0,10.0,0.0,TBR|TBMTBR6Stage2|114#1454
TBR,2026-07-28,B,28,false,TBMTBR8Stage2,GT 5095 - 11.00R20 JUC3,11.00R20 JUC3 (+1 SKUs),"",R20,1123111020016KJC30,2,76.0,3,2026-07-28 21:28,2026-07-29 01:45,4.27,true,false,11.00R20JDE++,135.35,10.0,0.0,TBR|TBMTBR8Stage2|108#1698
TBR,2026-07-28,C,28,false,TBMTBR1Stage2,10.00 R 20 JUH5,10.00 R 20 JW JUH5 - N2 (+1 SKUs),10.00 R 20 JUH5,R20,1122110020016KUH50,2,240.0,9,2026-07-28 23:49,2026-07-29 13:18,13.49,true,false,10.00R 20 JW302,10.0,10.0,0.0,TBR|TBMTBR1Stage2|62#962
TBR,2026-07-28,C,28,false,TBMTBR9Stage2,295/80R22.5JUL1,295/80R22.5 JUM (+2 SKUs),"",R22.5,112222982C016MJUM0,3,101.0,4,2026-07-29 00:12,2026-07-29 05:49,5.62,true,false,GT 5103 - 295/80R22.5 JUM XM OEM,222.7,10.0,0.0,TBR|TBMTBR9Stage2|40#1770
TBR,2026-07-28,C,28,false,TBMTBR3Stage2,11.00R20JDE++,11.00R20 JDE++ (+1 SKUs),11.00R20,R20,1121111020016KDEP0,2,96.0,4,2026-07-29 00:24,2026-07-29 05:48,5.4,true,false,11.00R20 JUH5,10.0,10.0,0.0,TBR|TBMTBR3Stage2|98#1150
TBR,2026-07-28,C,28,false,TBMTBR5Stage2,GT 5083 - 295/80R22.5 JUM XM,295/80R22.5 JUM XM (+1 SKUs),22.5,R22.5,112222982C016MJXM0,2,102.0,4,2026-07-29 00:34,2026-07-29 06:18,5.73,true,false,GT 5113 - 295/80R22.5 JDC XD,10.0,10.0,0.0,TBR|TBMTBR5Stage2|109#1328
TBR,2026-07-28,C,28,false,TBMTBR8Stage2,GT 5096 - 11.00R20 JDC XD,11.00R20 JDC XD (+2 SKUs),"",R20,1121111020016KCXD0,3,101.0,4,2026-07-29 01:55,2026-07-29 07:35,5.68,true,false,GT 5095 - 11.00R20 JUC3,10.0,10.0,0.0,TBR|TBMTBR8Stage2|109#1699
TBR,2026-07-28,C,28,false,TBMTBR6Stage2,11R22.5 JUL2+,11R22.5 JUL2+,22.5,R22.5,115221102C016LL2P0,1,84.0,3,2026-07-29 02:13,2026-07-29 06:53,4.67,true,false,385/55R22.5JTL,10.0,10.0,0.0,TBR|TBMTBR6Stage2|115#1455
TBR,2026-07-28,C,28,false,TBMTBR2Stage2,10.00R20JUC,10.00 R 20 JUC,20,R20,1123110020016KJUC0,1,125.0,5,2026-07-29 04:46,2026-07-29 11:48,7.03,true,false,GT 5076 - 295/90R20 JDE XF,280.48333333333335,10.0,0.0,TBR|TBMTBR2Stage2|72#1046
TBR,2026-07-28,C,28,false,TBMTBR7Stage2,8.25R20VUH3+,8.25R20_VUH3+_DOT_16PR_K_TT,8.25R20,R20,1152182020016KH3PV,1,93.0,3,2026-07-29 05:25,2026-07-29 10:18,4.89,true,false,10.00 R 20 JUH3+,10.0,10.0,0.0,TBR|TBMTBR7Stage2|115#1581
TBR,2026-07-28,C,28,false,TBMTBR5Stage2,GT 5078 - 295/80R22.5 JUX E,295/80R22.5 JUXe (+5 SKUs),"",R22.5,112222982C016JUXE0,6,72.0,3,2026-07-29 06:28,2026-07-29 10:31,4.05,true,false,GT 5083 - 295/80R22.5 JUM XM,10.0,10.0,0.0,TBR|TBMTBR5Stage2|110#1329
TBR,2026-07-29,A,29,false,TBMTBR6Stage2,315/70R22.5JDL3,315/70R22.5 JS JDL3 (+1 SKUs),"",R22.5,115123162C018LDL30,2,79.0,3,2026-07-29 07:03,2026-07-29 11:39,4.59,true,false,11R22.5 JUL2+,10.0,10.0,0.0,TBR|TBMTBR6Stage2|116#1456
TBR,2026-07-29,A,29,false,TBMTBR3Stage2,GT 5075 - 295/90R20 JUH XF,295/90R20 JUH XF / JW 304 (+3 SKUs),295/90R20,R20,1122129A20152JULF0,4,115.0,4,2026-07-29 07:26,2026-07-29 13:54,6.46,true,false,11.00R20JDE++,98.26666666666667,10.0,0.0,TBR|TBMTBR3Stage2|99#1151
TBR,2026-07-29,A,29,false,TBMTBR8Stage2,8.25R20JDE++,8.25R20JDE++ (+2 SKUs),8.25R20,R20,1121182020016KDEP0,3,90.0,3,2026-07-29 07:45,2026-07-29 12:29,4.73,true,false,GT 5096 - 11.00R20 JDC XD,10.0,10.0,0.0,TBR|TBMTBR8Stage2|110#1700
TBR,2026-07-29,A,29,false,TBMTBR9Stage2,295/80R22.5JUL1,295/80R22.5 JUM (+2 SKUs),"",R22.5,112222982C016MJUM0,3,98.0,4,2026-07-29 10:00,2026-07-29 15:27,5.45,false,false,295/80R22.5JUL1,250.56666666666666,0.0,0.0,TBR|TBMTBR9Stage2|40#1771
TBR,2026-07-29,A,29,false,TBMTBR7Stage2,9.00 R 20 JDE++,9.00 R 20 JDE++ (+1 SKUs),9R20,R20,1121190020016KDEP0,2,77.0,3,2026-07-29 10:28,2026-07-29 14:31,4.05,true,false,8.25R20VUH3+,10.0,10.0,0.0,TBR|TBMTBR7Stage2|116#1582
TBR,2026-07-29,A,29,false,TBMTBR5Stage2,GT 5079 - 255/70R22.5 JUX E,255/70R22.5 JUXe 140/137 M (+2 SKUs),22.5,R22.5,112222562C016MUXE0,3,103.0,4,2026-07-29 10:41,2026-07-29 16:15,5.57,true,false,GT 5078 - 295/80R22.5 JUX E,10.0,10.0,0.0,TBR|TBMTBR5Stage2|111#1330
TBR,2026-07-29,A,29,false,TBMTBR6Stage2,315/70R22.5JUL4,315/70R22.5 JW JUL4,"",R22.5,115223162C018LUL40,1,71.0,3,2026-07-29 11:49,2026-07-29 15:56,4.12,true,false,315/70R22.5JDL3,10.0,10.0,0.0,TBR|TBMTBR6Stage2|117#1457
TBR,2026-07-29,A,29,false,TBMTBR8Stage2,11.00R20JDE++,11.00R20 JDE++ (+1 SKUs),11.00R20,R20,1121111020016KDEP0,2,95.0,4,2026-07-29 12:39,2026-07-29 18:00,5.34,true,false,8.25R20JDE++,10.0,10.0,0.0,TBR|TBMTBR8Stage2|111#1701
TBR,2026-07-29,A,29,false,TBMTBR2Stage2,10.00 R 20 JDE,295/90R20JDE++ (+4 SKUs),R20,R20,1121129A20000JDEP0,5,128.0,5,2026-07-29 12:41,2026-07-29 19:53,7.2,true,false,10.00R20JUC,53.266666666666666,10.0,0.0,TBR|TBMTBR2Stage2|73#1047
TBR,2026-07-29,A,29,false,TBMTBR3Stage2,GT 5076 - 295/90R20 JDE XF,295/90R20 JDE XF / JS121 (+3 SKUs),295/90R20,R20,1121129A20152JDLF0,4,108.0,4,2026-07-29 14:04,2026-07-29 20:09,6.07,true,false,GT 5075 - 295/90R20 JUH XF,10.0,10.0,0.0,TBR|TBMTBR3Stage2|100#1152
TBR,2026-07-29,A,29,false,TBMTBR7Stage2,8.25R20JUH5,8.25R20JUH5 (+4 SKUs),8.25R20,R20,1122182020016KUH50,5,88.0,3,2026-07-29 14:41,2026-07-29 19:19,4.62,true,false,9.00 R 20 JDE++,10.0,10.0,0.0,TBR|TBMTBR7Stage2|117#1583
TBR,2026-07-29,B,29,false,TBMTBR9Stage2,GT 5103 - 295/80R22.5 JUM XM OEM,295/80R22.5 JUM XM OEM (+2 SKUs),22.5,R22.5,112222982C152MJXM0,3,81.0,3,2026-07-29 15:37,2026-07-29 20:10,4.55,true,false,295/80R22.5JUL1,10.0,10.0,0.0,TBR|TBMTBR9Stage2|41#1772
TBR,2026-07-29,B,29,false,TBMTBR6Stage2,385/65R22.5JUCXD,385/65R22.5 JETWAY JUCXD (+1 SKUs),385/65R22.5 JW JUCXD,R22.5,115323852C020KUCD0,2,107.0,4,2026-07-29 16:06,2026-07-29 22:28,6.38,true,false,315/70R22.5JUL4,10.0,10.0,0.0,TBR|TBMTBR6Stage2|118#1458
TBR,2026-07-29,B,29,false,TBMTBR4Stage2,10.00 R 20 JUH5,10.00 R 20 JW JUH5 - N2 (+1 SKUs),10.00 R 20 JUH5,R20,1122110020016KUH50,2,241.0,9,2026-07-29 16:16,2026-07-30 05:49,13.55,true,false,10.00 R 20 JDE,1262.2666666666667,10.0,0.0,TBR|TBMTBR4Stage2|37#1215
TBR,2026-07-29,B,29,false,TBMTBR5Stage2,295/80R22.5JDL,295/80R22.5 JDL CURE TYRE (+1 SKUs),"",R22.5,112122982C016MJDL0,2,104.0,4,2026-07-29 16:25,2026-07-29 22:12,5.78,true,false,GT 5079 - 255/70R22.5 JUX E,10.0,10.0,0.0,TBR|TBMTBR5Stage2|112#1331
TBR,2026-07-29,B,29,false,TBMTBR1Stage2,295/90R20JDCXD,295/90R20_JDC XD_152/148_J_TT (+1 SKUs),10R20,R20,1121129A20152JCXD0,2,78.0,3,2026-07-29 16:34,2026-07-29 20:57,4.38,true,false,10.00 R 20 JUH5,195.65,10.0,0.0,TBR|TBMTBR1Stage2|63#963
TBR,2026-07-29,B,29,false,TBMTBR8Stage2,GT 5096 - 11.00R20 JDC XD,11.00R20 JDC XD (+2 SKUs),"",R20,1121111020016KCXD0,3,101.0,4,2026-07-29 18:10,2026-07-29 23:50,5.68,true,false,11.00R20JDE++,10.0,10.0,0.0,TBR|TBMTBR8Stage2|112#1702
TBR,2026-07-29,B,29,false,TBMTBR7Stage2,8.25R20VUH3+,8.25R20_VUH3+_DOT_16PR_K_TT,8.25R20,R20,1152182020016KH3PV,1,124.0,4,2026-07-29 19:29,2026-07-30 02:00,6.52,true,false,8.25R20JUH5,10.0,10.0,0.0,TBR|TBMTBR7Stage2|118#1584
TBR,2026-07-29,B,29,false,TBMTBR2Stage2,10.00 R 20 JUH3+,10.00 R 20 JW JETWAY JUH3+ N2 (+1 SKUs),"",R20,1122110020016KH3P0,2,169.0,6,2026-07-29 20:03,2026-07-30 05:11,9.14,true,false,10.00 R 20 JDE,10.0,10.0,0.0,TBR|TBMTBR2Stage2|74#1048
TBR,2026-07-29,B,29,false,TBMTBR3Stage2,GT 5095 - 11.00R20 JUC3,11.00R20 JUC3 (+1 SKUs),"",R20,1123111020016KJC30,2,77.0,3,2026-07-29 22:08,2026-07-30 02:27,4.33,true,false,GT 5076 - 295/90R20 JDE XF,119.16666666666667,10.0,0.0,TBR|TBMTBR3Stage2|101#1153
TBR,2026-07-29,B,29,false,TBMTBR5Stage2,11R22.5 JDH5+,11R22.5 JS JDH5+ (+1 SKUs),"",R22.5,115121102C016LH5P0,2,75.0,3,2026-07-29 22:22,2026-07-30 02:32,4.17,true,false,295/80R22.5JDL,10.0,10.0,0.0,TBR|TBMTBR5Stage2|113#1332
TBR,2026-07-29,B,29,false,TBMTBR6Stage2,11R22.5 JUL2+,11R22.5 JUL2+,22.5,R22.5,115221102C016LL2P0,1,140.0,5,2026-07-29 22:38,2026-07-30 06:26,7.79,true,false,385/65R22.5JUCXD,10.0,10.0,0.0,TBR|TBMTBR6Stage2|119#1459
TBR,2026-07-29,C,29,false,TBMTBR8Stage2,11.00R20JDE++,11.00R20 JDE++ (+1 SKUs),11.00R20,R20,1121111020016KDEP0,2,95.0,4,2026-07-30 00:00,2026-07-30 05:21,5.34,true,false,GT 5096 - 11.00R20 JDC XD,10.0,10.0,0.0,TBR|TBMTBR8Stage2|113#1703
TBR,2026-07-29,C,29,false,TBMTBR7Stage2,GT 5099 - 275/90R20 JUH XF,275/90R20 JETWAY JUH XF (+1 SKUs),275/90R20,R20,1122127A20149KUHF0,2,104.0,4,2026-07-30 02:10,2026-07-30 08:00,5.85,true,false,8.25R20VUH3+,10.0,10.0,0.0,TBR|TBMTBR7Stage2|119#1585
TBR,2026-07-29,C,29,false,TBMTBR3Stage2,11.00R20 JUH5,11.00R20 JUH5 (+2 SKUs),11R20,R20,1122111020016KUH50,3,74.0,3,2026-07-30 02:37,2026-07-30 06:47,4.16,true,false,GT 5095 - 11.00R20 JUC3,10.0,10.0,0.0,TBR|TBMTBR3Stage2|102#1154
TBR,2026-07-29,C,29,false,TBMTBR5Stage2,GT 5094 - 11R22.5 JUH5 EXP,11R22.5 VUH5 - Export (+1 SKUs),11R22.5,R22.5,115221102C016LVH50,2,90.0,3,2026-07-30 03:32,2026-07-30 08:33,5.01,true,false,11R22.5 JDH5+,60.016666666666666,10.0,0.0,TBR|TBMTBR5Stage2|114#1333
TBR,2026-07-29,C,29,false,TBMTBR1Stage2,10.00R 20 JW302,295/90R20JUCXM (+1 SKUs),10R20,R20,1123129A20152JUCM0,2,78.0,3,2026-07-30 03:52,2026-07-30 08:15,4.38,true,false,295/90R20JDCXD,414.76666666666665,10.0,0.0,TBR|TBMTBR1Stage2|64#964
TBR,2026-07-29,C,29,false,TBMTBR8Stage2,8.25R20JDE++,8.25R20JDE++ (+2 SKUs),8.25R20,R20,1121182020016KDEP0,3,90.0,3,2026-07-30 05:31,2026-07-30 10:15,4.73,true,false,11.00R20JDE++,10.0,10.0,0.0,TBR|TBMTBR8Stage2|114#1704
TBR,2026-07-29,C,29,false,TBMTBR2Stage2,10.00 R 20 JDE,295/90R20JDE++ (+4 SKUs),R20,R20,1121129A20000JDEP0,5,128.0,5,2026-07-30 06:29,2026-07-30 13:40,7.2,true,false,10.00 R 20 JUH3+,77.15,10.0,0.0,TBR|TBMTBR2Stage2|75#1049
TBR,2026-07-29,C,29,false,TBMTBR6Stage2,315/70R22.5JDL3,315/70R22.5 JS JDL3 (+1 SKUs),"",R22.5,115123162C018LDL30,2,77.0,3,2026-07-30 06:36,2026-07-30 11:04,4.47,true,false,11R22.5 JUL2+,10.0,10.0,0.0,TBR|TBMTBR6Stage2|120#1460
TBR,2026-07-29,C,29,false,TBMTBR3Stage2,GT 5076 - 295/90R20 JDE XF,295/90R20 JDE XF / JS121 (+3 SKUs),295/90R20,R20,1121129A20152JDLF0,4,104.0,4,2026-07-30 06:57,2026-07-30 12:48,5.85,true,false,11.00R20 JUH5,10.0,10.0,0.0,TBR|TBMTBR3Stage2|103#1155
TBR,2026-07-30,A,30,false,TBMTBR9Stage2,GT 5103 - 295/80R22.5 JUM XM OEM,295/80R22.5 JUM XM OEM (+2 SKUs),22.5,R22.5,112222982C152MJXM0,3,81.0,3,2026-07-30 07:59,2026-07-30 12:33,4.55,false,false,GT 5103 - 295/80R22.5 JUM XM OEM,709.2666666666667,0.0,0.0,TBR|TBMTBR9Stage2|41#1773
TBR,2026-07-30,A,30,false,TBMTBR4Stage2,GT 5075 - 295/90R20 JUH XF,295/90R20 JUH XF / JW 304 (+3 SKUs),295/90R20,R20,1122129A20152JULF0,4,141.0,5,2026-07-30 08:03,2026-07-30 15:58,7.93,true,false,10.00 R 20 JUH5,133.56666666666666,10.0,0.0,TBR|TBMTBR4Stage2|38#1216
TBR,2026-07-30,A,30,false,TBMTBR7Stage2,GT 5018 - 9.00R20 JUC2,9.00 R 20 JETWAY JUC2 16PR-N2 (+1 SKUs),"",R20,1123190020016KJC20,2,109.0,4,2026-07-30 08:10,2026-07-30 13:54,5.73,true,false,GT 5099 - 275/90R20 JUH XF,10.0,10.0,0.0,TBR|TBMTBR7Stage2|120#1586
TBR,2026-07-30,A,30,false,TBMTBR1Stage2,10.00 R 20 JUH5,10.00 R 20 JW JUH5 - N2 (+1 SKUs),10.00 R 20 JUH5,R20,1122110020016KUH50,2,239.0,9,2026-07-30 08:25,2026-07-30 21:51,13.44,true,false,10.00R 20 JW302,10.0,10.0,0.0,TBR|TBMTBR1Stage2|65#965
TBR,2026-07-30,A,30,false,TBMTBR5Stage2,GT 5083 - 295/80R22.5 JUM XM,295/80R22.5 JUM XM (+1 SKUs),22.5,R22.5,112222982C016MJXM0,2,104.0,4,2026-07-30 08:43,2026-07-30 14:33,5.85,true,false,GT 5094 - 11R22.5 JUH5 EXP,10.0,10.0,0.0,TBR|TBMTBR5Stage2|115#1334
TBR,2026-07-30,A,30,false,TBMTBR8Stage2,9.00 R 20 JDE++,9.00 R 20 JDE++ (+1 SKUs),9R20,R20,1121190020016KDEP0,2,75.0,3,2026-07-30 10:25,2026-07-30 14:21,3.94,true,false,8.25R20JDE++,10.0,10.0,0.0,TBR|TBMTBR8Stage2|115#1705
TBR,2026-07-30,A,30,false,TBMTBR9Stage2,GT 5078 - 295/80R22.5 JUX E,295/80R22.5 JUXe (+5 SKUs),"",R22.5,112222982C016JUXE0,6,72.0,3,2026-07-30 12:43,2026-07-30 16:46,4.05,true,false,GT 5103 - 295/80R22.5 JUM XM OEM,10.0,10.0,0.0,TBR|TBMTBR9Stage2|42#1774
TBR,2026-07-30,A,30,false,TBMTBR3Stage2,GT 5096 - 11.00R20 JDC XD,11.00R20 JDC XD (+2 SKUs),"",R20,1121111020016KCXD0,3,101.0,4,2026-07-30 12:58,2026-07-30 18:39,5.68,true,false,GT 5076 - 295/90R20 JDE XF,10.0,10.0,0.0,TBR|TBMTBR3Stage2|104#1156
TBR,2026-07-30,A,30,false,TBMTBR6Stage2,GT 5079 - 255/70R22.5 JUX E,255/70R22.5 JUXe 140/137 M (+2 SKUs),22.5,R22.5,112222562C016MUXE0,3,99.0,4,2026-07-30 13:06,2026-07-30 18:27,5.35,true,false,315/70R22.5JDL3,122.43333333333334,10.0,0.0,TBR|TBMTBR6Stage2|121#1461
TBR,2026-07-30,A,30,false,TBMTBR8Stage2,8.25R20JUH5,8.25R20JUH5 (+4 SKUs),8.25R20,R20,1122182020016KUH50,5,143.0,5,2026-07-30 14:31,2026-07-30 22:02,7.51,true,false,9.00 R 20 JDE++,10.0,10.0,0.0,TBR|TBMTBR8Stage2|116#1706
TBR,2026-07-30,A,30,false,TBMTBR7Stage2,10.00 R 20 JUH3+,10.00 R 20 JW JETWAY JUH3+ N2 (+1 SKUs),"",R20,1122110020016KH3P0,2,200.0,8,2026-07-30 14:35,2026-07-31 01:24,10.82,true,false,GT 5018 - 9.00R20 JUC2,41.11666666666667,10.0,0.0,TBR|TBMTBR7Stage2|121#1587
TBR,2026-07-30,A,30,false,TBMTBR5Stage2,11R22.5 JDH5+,11R22.5 JS JDH5+ (+1 SKUs),"",R22.5,115121102C016LH5P0,2,74.0,3,2026-07-30 14:43,2026-07-30 18:50,4.12,true,false,GT 5083 - 295/80R22.5 JUM XM,10.0,10.0,0.0,TBR|TBMTBR5Stage2|116#1335
TBR,2026-07-30,B,30,false,TBMTBR2Stage2,295/90R20JDCXD,295/90R20_JDC XD_152/148_J_TT (+1 SKUs),10R20,R20,1121129A20152JCXD0,2,77.0,3,2026-07-30 15:40,2026-07-30 20:00,4.33,true,false,10.00 R 20 JDE,119.73333333333333,10.0,0.0,TBR|TBMTBR2Stage2|76#1050
TBR,2026-07-30,B,30,false,TBMTBR3Stage2,11.00R20 JUH5,11.00R20 JUH5 (+2 SKUs),11R20,R20,1122111020016KUH50,3,103.0,4,2026-07-30 18:49,2026-07-31 00:36,5.79,true,false,GT 5096 - 11.00R20 JDC XD,10.0,10.0,0.0,TBR|TBMTBR3Stage2|105#1157
TBR,2026-07-30,B,30,false,TBMTBR8Stage2,11.00R20JDE++,11.00R20 JDE++ (+1 SKUs),11.00R20,R20,1121111020016KDEP0,2,95.0,4,2026-07-30 22:12,2026-07-31 03:32,5.34,true,false,8.25R20JUH5,10.0,10.0,0.0,TBR|TBMTBR8Stage2|117#1707
TBR,2026-07-30,B,30,false,TBMTBR6Stage2,385/55R22.5JTL,385/55R22.5 JW JTL- EXPORT,"",R22.5,115223832C020KJTL0,1,82.0,3,2026-07-30 22:36,2026-07-31 03:29,4.89,true,false,GT 5079 - 255/70R22.5 JUX E,248.08333333333334,10.0,0.0,TBR|TBMTBR6Stage2|122#1462
TBR,2026-07-30,C,30,false,TBMTBR2Stage2,10.00 R 20 JDE,295/90R20JDE++ (+4 SKUs),R20,R20,1121129A20000JDEP0,5,129.0,5,2026-07-31 00:16,2026-07-31 07:31,7.25,true,false,295/90R20JDCXD,256.0333333333333,10.0,0.0,TBR|TBMTBR2Stage2|77#1051
TBR,2026-07-30,C,30,false,TBMTBR1Stage2,10.00 R 20 JUH5,10.00 R 20 JW JUH5 - N2 (+1 SKUs),10.00 R 20 JUH5,R20,1122110020016KUH50,2,243.0,9,2026-07-31 03:13,2026-07-31 16:53,13.66,false,false,10.00 R 20 JUH5,321.8,0.0,0.0,TBR|TBMTBR1Stage2|65#966
TBR,2026-07-30,C,30,false,TBMTBR7Stage2,9.00 R 20 JDE++,9.00 R 20 JDE++ (+1 SKUs),9R20,R20,1121190020016KDEP0,2,97.0,4,2026-07-31 03:49,2026-07-31 08:55,5.1,true,false,10.00 R 20 JUH3+,144.61666666666667,10.0,0.0,TBR|TBMTBR7Stage2|122#1588
TBR,2026-07-30,C,30,false,TBMTBR5Stage2,GT 5083 - 295/80R22.5 JUM XM,295/80R22.5 JUM XM (+1 SKUs),22.5,R22.5,112222982C016MJXM0,2,78.0,3,2026-07-31 05:41,2026-07-31 10:04,4.38,true,false,11R22.5 JDH5+,650.1166666666667,10.0,0.0,TBR|TBMTBR5Stage2|117#1336
TBR,2026-07-30,C,30,false,TBMTBR9Stage2,GT 5078 - 295/80R22.5 JUX E,295/80R22.5 JUXe (+5 SKUs),"",R22.5,112222982C016JUXE0,6,98.0,4,2026-07-31 06:03,2026-07-31 11:34,5.51,false,false,GT 5078 - 295/80R22.5 JUX E,797.6,0.0,0.0,TBR|TBMTBR9Stage2|42#1775
TBR,2026-07-30,C,30,false,TBMTBR8Stage2,GT 5096 - 11.00R20 JDC XD,11.00R20 JDC XD (+2 SKUs),"",R20,1121111020016KCXD0,3,101.0,4,2026-07-31 06:46,2026-07-31 12:27,5.68,true,false,11.00R20JDE++,193.5,10.0,0.0,TBR|TBMTBR8Stage2|118#1708
TBR,2026-07-31,A,31,false,TBMTBR4Stage2,10.00R 20 JW302,295/90R20JUCXM (+1 SKUs),10R20,R20,1123129A20152JUCM0,2,77.0,3,2026-07-31 07:11,2026-07-31 11:31,4.33,true,false,GT 5075 - 295/90R20 JUH XF,913.1166666666667,10.0,0.0,TBR|TBMTBR4Stage2|39#1217
TBR,2026-07-31,A,31,false,TBMTBR6Stage2,GT 5079 - 255/70R22.5 JUX E,255/70R22.5 JUXe 140/137 M (+2 SKUs),22.5,R22.5,112222562C016MUXE0,3,97.0,4,2026-07-31 08:22,2026-07-31 13:37,5.25,true,false,385/55R22.5JTL,293.81666666666666,10.0,0.0,TBR|TBMTBR6Stage2|123#1463
TBR,2026-07-31,A,31,false,TBMTBR7Stage2,8.25R20JDE++,8.25R20JDE++ (+2 SKUs),8.25R20,R20,1121182020016KDEP0,3,146.0,5,2026-07-31 10:04,2026-07-31 17:45,7.67,true,false,9.00 R 20 JDE++,69.6,10.0,0.0,TBR|TBMTBR7Stage2|123#1589
TBR,2026-07-31,A,31,false,TBMTBR5Stage2,GT 5094 - 11R22.5 JUH5 EXP,11R22.5 VUH5 - Export (+1 SKUs),11R22.5,R22.5,115221102C016LVH50,2,86.0,3,2026-07-31 14:26,2026-07-31 19:13,4.78,true,false,GT 5083 - 295/80R22.5 JUM XM,262.1,10.0,0.0,TBR|TBMTBR5Stage2|118#1337
TBR,2026-07-31,A,31,false,TBMTBR9Stage2,GT 5103 - 295/80R22.5 JUM XM OEM,295/80R22.5 JUM XM OEM (+2 SKUs),22.5,R22.5,112222982C152MJXM0,3,108.0,4,2026-07-31 14:45,2026-07-31 20:49,6.07,true,false,GT 5078 - 295/80R22.5 JUX E,191.3,10.0,0.0,TBR|TBMTBR9Stage2|43#1776
TBR,2026-07-31,B,31,false,TBMTBR2Stage2,295/90R20JDCXD,295/90R20_JDC XD_152/148_J_TT (+1 SKUs),10R20,R20,1121129A20152JCXD0,2,95.0,4,2026-07-31 15:24,2026-07-31 20:45,5.34,true,false,10.00 R 20 JDE,473.3,10.0,0.0,TBR|TBMTBR2Stage2|78#1052
TBR,2026-07-31,B,31,false,TBMTBR3Stage2,GT 5076 - 295/90R20 JDE XF,295/90R20 JDE XF / JS121 (+3 SKUs),295/90R20,R20,1121129A20152JDLF0,4,78.0,3,2026-07-31 15:47,2026-07-31 20:10,4.38,true,false,11.00R20 JUH5,910.6166666666667,10.0,0.0,TBR|TBMTBR3Stage2|106#1158
TBR,2026-07-31,B,31,false,TBMTBR6Stage2,315/70R22.5JDL3,315/70R22.5 JS JDL3 (+1 SKUs),"",R22.5,115123162C018LDL30,2,108.0,4,2026-07-31 15:47,2026-07-31 22:03,6.27,true,false,GT 5079 - 255/70R22.5 JUX E,129.76666666666665,10.0,0.0,TBR|TBMTBR6Stage2|124#1464
TBR,2026-07-31,B,31,false,TBMTBR8Stage2,11.00R20JDE++,11.00R20 JDE++ (+1 SKUs),11.00R20,R20,1121111020016KDEP0,2,120.0,5,2026-07-31 15:49,2026-07-31 22:33,6.75,true,false,GT 5096 - 11.00R20 JDC XD,202.05,10.0,0.0,TBR|TBMTBR8Stage2|119#1709
TBR,2026-07-31,B,31,false,TBMTBR5Stage2,11R22.5 JDH5+,11R22.5 JS JDH5+ (+1 SKUs),"",R22.5,115121102C016LH5P0,2,72.0,3,2026-07-31 19:23,2026-07-31 23:23,4.0,true,false,GT 5094 - 11R22.5 JUH5 EXP,10.0,10.0,0.0,TBR|TBMTBR5Stage2|119#1338
TBR,2026-07-31,B,31,false,TBMTBR3Stage2,GT 5095 - 11.00R20 JUC3,11.00R20 JUC3 (+1 SKUs),"",R20,1123111020016KJC30,2,120.0,5,2026-07-31 20:20,2026-08-01 03:04,6.75,true,false,GT 5076 - 295/90R20 JDE XF,10.0,10.0,0.0,TBR|TBMTBR3Stage2|107#1159
TBR,2026-07-31,B,31,false,TBMTBR1Stage2,10.00 R 20 JUH5,10.00 R 20 JW JUH5 - N2 (+1 SKUs),10.00 R 20 JUH5,R20,1122110020016KUH50,2,136.0,5,2026-07-31 22:35,2026-08-01 06:13,7.65,false,false,10.00 R 20 JUH5,341.81666666666666,0.0,0.0,TBR|TBMTBR1Stage2|65#967
TBR,2026-07-31,C,31,false,TBMTBR5Stage2,GT 5115 - 295/80R22.5 JW305,295/80R22.5 JW306 (+2 SKUs),"",R22.5,112322982C016M3061,3,98.0,4,2026-08-01 00:43,2026-08-01 06:13,5.51,true,false,11R22.5 JDH5+,79.55,10.0,0.0,TBR|TBMTBR5Stage2|120#1339
