plant,start_date,start_shift,plant_day,carry_out,finishes_next_month,press,gt_code,gt_description,tyre_size,rim,modal_sku,n_skus,mould_set,qty_planned,qty_fed,qty_unfed,start_ts,end_ts,hours,campaign_id
PCR,2026-07-01,A,1,false,false,119,GT 1503 NEO MSIL,155/80 R13 ULTIMA NEO MSIL (+6 SKUs),R13,R13,1325215813079TUNE3,7,G::PCR::GT 1503 NEO MSIL,4404.0,4404.0,0.0,2026-07-01 07:00,2026-07-24 11:52,556.87,PCR-119-07010700
PCR,2026-07-01,A,1,false,false,120,GT 1513 XPC1 MSIL,155 R13 C ULTIMA XPC1 90/89 S TL (MSIL) (+1 SKUs),R13,R13,1D25215013008SXC10,2,G::PCR::GT 1513 XPC1 MSIL,3975.0,3975.0,0.0,2026-07-01 07:00,2026-07-29 01:26,666.45,PCR-120-07010700
PCR,2026-07-01,A,1,false,false,121,GT 2267 ROYL HYU,215/60 R17 UX ROYALE HYUNDAI (+9 SKUs),R17,R17,1325221417096HURL0,10,G::PCR::GT 2267 ROYL HYU,4066.0,4066.0,0.0,2026-07-01 07:00,2026-07-25 17:29,586.49,PCR-121-07010700
PCR,2026-07-01,A,1,false,false,122,GT 1995 ROYL KIA,195/65R15 UX ROYALE (+10 SKUs),R15,R15,1325219515091HURL2,11,G::PCR::GT 1995 ROYL KIA,4483.0,4483.0,0.0,2026-07-01 07:00,2026-07-26 11:39,604.65,PCR-122-07010700
PCR,2026-07-01,A,1,false,false,123,GT 1503 NEO MSIL,155/80 R13 ULTIMA NEO MSIL (+6 SKUs),R13,R13,1325215813079TUNE3,7,G::PCR::GT 1503 NEO MSIL,3978.0,3825.0,153.0,2026-07-01 07:00,2026-07-22 06:00,503.01,PCR-123-07010700
PCR,2026-07-01,A,1,false,false,125,GT 2267 ROYL HYU,215/60 R17 UX ROYALE HYUNDAI (+9 SKUs),R17,R17,1325221417096HURL0,10,G::PCR::GT 2267 ROYL HYU,3669.0,3516.0,153.0,2026-07-01 07:00,2026-07-23 08:13,529.23,PCR-125-07010700
PCR,2026-07-01,A,1,false,false,126,GT 2568 HT2,255/65 R 18 Ranger HT2 111 H,R18,R18,1325225518111HRHB0,1,G::PCR::GT 2568 HT2,3780.0,3780.0,0.0,2026-07-01 07:00,2026-07-26 05:20,598.35,PCR-126-07010700
PCR,2026-07-01,A,1,false,false,127,GT 1634 XPC TATA,165 R14 ULTIMA XPC TATA TL (+5 SKUs),R14,R14,1D25216814008QXPC0,6,G::PCR::GT 1634 XPC TATA,3441.0,3441.0,0.0,2026-07-01 07:00,2026-07-26 16:08,609.15,PCR-127-07010700
PCR,2026-07-01,A,1,false,false,184,GT 2476 SUP MM,245/75 R16 ELANZO SUPRA,"",R16,1325224716111SELS0,1,G::PCR::GT 2476 SUP MM,3809.0,3809.0,0.0,2026-07-01 07:00,2026-07-27 03:46,620.78,PCR-184-07010700
PCR,2026-07-01,A,1,false,false,185,GT 2267 ROYL HYU,215/60 R17 UX ROYALE HYUNDAI (+9 SKUs),R17,R17,1325221417096HURL0,10,G::PCR::GT 2267 ROYL HYU,3669.0,3516.0,153.0,2026-07-01 07:00,2026-07-23 08:13,529.23,PCR-185-07010700
PCR,2026-07-01,A,1,false,false,188,GT 1513 XPC1 MSIL,155 R13 C ULTIMA XPC1 90/89 S TL (MSIL) (+1 SKUs),R13,R13,1D25215013008SXC10,2,G::PCR::GT 1513 XPC1 MSIL,3177.0,3166.0,11.0,2026-07-01 07:00,2026-07-23 11:39,532.65,PCR-188-07010700
PCR,2026-07-01,A,1,false,false,189,GT 1513 XPC1 MSIL,155 R13 C ULTIMA XPC1 90/89 S TL (MSIL) (+1 SKUs),R13,R13,1D25215013008SXC10,2,G::PCR::GT 1513 XPC1 MSIL,3177.0,3177.0,0.0,2026-07-01 07:00,2026-07-23 11:39,532.65,PCR-189-07010700
PCR,2026-07-01,A,1,false,false,190,GT 1513 XPC1 MSIL,155 R13 C ULTIMA XPC1 90/89 S TL (MSIL) (+1 SKUs),R13,R13,1D25215013008SXC10,2,G::PCR::GT 1513 XPC1 MSIL,3177.0,3177.0,0.0,2026-07-01 07:00,2026-07-23 11:39,532.65,PCR-190-07010700
PCR,2026-07-01,A,1,false,false,191,GT 1402 XPC TATA,145 R12 ULTIMA XPC TL TATA (+14 SKUs),R12,R12,1D25214012008QXPCT,15,G::PCR::GT 1402 XPC TATA,3229.0,3229.0,0.0,2026-07-01 07:00,2026-07-26 23:58,616.98,PCR-191-07010700
PCR,2026-07-01,A,1,false,false,192,GT 1995 ROYL KIA,195/65R15 UX ROYALE (+10 SKUs),R15,R15,1325219515091HURL2,11,G::PCR::GT 1995 ROYL KIA,2822.0,2665.0,157.0,2026-07-01 07:00,2026-07-17 03:37,380.62,PCR-192-07010700
PCR,2026-07-01,A,1,false,false,193,GT 1513 XPC1 MSIL,155 R13 C ULTIMA XPC1 90/89 S TL (MSIL) (+1 SKUs),R13,R13,1D25215013008SXC10,2,G::PCR::GT 1513 XPC1 MSIL,3177.0,3025.0,152.0,2026-07-01 07:00,2026-07-23 11:39,532.65,PCR-193-07010700
PCR,2026-07-01,A,1,false,false,194,GT 1482 UHL,145/80 R 12 ULTIMA HI LIFE TL (+13 SKUs),R12,R12,1325214812074TUHL0,14,G::PCR::GT 1482 UHL,3872.0,3820.0,52.0,2026-07-01 07:00,2026-07-25 07:38,576.64,PCR-194-07010700
PCR,2026-07-01,A,1,false,false,195,GT 2158 ROYL HYU,215/55R18 UX ROYALE (+1 SKUs),R18,R18,1325221318095HURL0,2,G::PCR::GT 2158 ROYL HYU,3423.0,3217.0,206.0,2026-07-01 07:00,2026-07-25 04:53,573.9,PCR-195-07010700
PCR,2026-07-01,A,1,false,false,196,GT 1513 XPC1 MSIL,155 R13 C ULTIMA XPC1 90/89 S TL (MSIL) (+1 SKUs),R13,R13,1D25215013008SXC10,2,G::PCR::GT 1513 XPC1 MSIL,3177.0,3177.0,0.0,2026-07-01 07:00,2026-07-23 11:39,532.65,PCR-196-07010700
PCR,2026-07-01,A,1,false,false,210,GT 2267 ROYL HYU,215/60 R17 UX ROYALE HYUNDAI (+9 SKUs),R17,R17,1325221417096HURL0,10,G::PCR::GT 2267 ROYL HYU,2395.0,2395.0,0.0,2026-07-01 07:00,2026-07-15 16:27,345.46,PCR-210-07010700
PCR,2026-07-01,A,1,false,false,23,GT 1412 XPC MM,145 R12 ULTIMA XPC (+6 SKUs),"",R12,1D25114012008QXPC0,7,G::PCR::GT 1402 XPC TATA,3064.0,2829.0,235.0,2026-07-01 07:00,2026-07-22 02:21,499.36,PCR-23-07010700
PCR,2026-07-01,A,1,false,false,234,GT 2568 HT2,255/65 R 18 Ranger HT2 111 H,R18,R18,1325225518111HRHB0,1,G::PCR::GT 2568 HT2,2302.0,2302.0,0.0,2026-07-01 07:00,2026-07-16 11:23,364.39,PCR-234-07010700
PCR,2026-07-01,A,1,false,false,236,GT 2568 HT2,255/65 R 18 Ranger HT2 111 H,R18,R18,1325225518111HRHB0,1,G::PCR::GT 2568 HT2,2302.0,2302.0,0.0,2026-07-01 07:00,2026-07-16 11:23,364.39,PCR-236-07010700
PCR,2026-07-01,A,1,false,false,258,GT 1844 XPC TML,185 R14 ULTIMA XPC 10 PR (+1 SKUs),R14,R14,1D25218014010RXPCT,2,G::PCR::GT 1844 XPC TML,2956.0,2956.0,0.0,2026-07-01 07:00,2026-07-25 23:30,592.51,PCR-258-07010700
PCR,2026-07-01,A,1,false,false,26,GT 1773 NEO,175/70 R13 ULTIMA NEO,R13,R13,1325217613082TUNE0,1,G::PCR::GT 1773 NEO,3260.0,3260.0,0.0,2026-07-01 07:00,2026-07-18 23:25,424.43,PCR-26-07010700
PCR,2026-07-01,A,1,false,false,286,GT 1916 ROYL,195/60 R16 UX ROYALE 89 H (+2 SKUs),R16,R16,1325219416089HURL1,3,G::PCR::GT 1916 ROYL,2209.0,2209.0,0.0,2026-07-01 07:00,2026-07-14 23:58,328.98,PCR-286-07010700
PCR,2026-07-01,A,1,false,false,288,GT 1925 XPC1,195 R15 ULTIMA XPC1 AL,R15,R15,1225219Z15008SXC11,1,G::PCR::GT 1925 XPC1,2415.0,2365.0,50.0,2026-07-01 07:00,2026-07-24 18:14,563.24,PCR-288-07010700
PCR,2026-07-01,A,1,false,false,29,GT1564 NEO,155/65 R14 ULTIMA NEO,R14,R14,1325215514075TUNE0,1,G::PCR::GT1564 NEO,2692.0,2692.0,0.0,2026-07-01 07:00,2026-07-16 07:34,360.57,PCR-29-07010700
PCR,2026-07-01,A,1,false,false,296,GT1915 LT XPC1,195 R15 ULTIMA XPC1,"",R15,1225219Z15008SXC10,1,G::PCR::GT1915 LT XPC1,2175.0,2020.0,155.0,2026-07-01 07:00,2026-07-19 21:08,446.15,PCR-296-07010700
PCR,2026-07-01,A,1,false,false,30,GT 1894 MAX,185/70 R14 TAXIMAX (+6 SKUs),R14,R14,1325218614088TTMX0,7,G::PCR::GT 1894 MAX,2642.0,2642.0,0.0,2026-07-01 07:00,2026-07-15 22:23,351.4,PCR-30-07010700
PCR,2026-07-01,A,1,false,false,308,GT 1995 ROYL KIA,195/65R15 UX ROYALE (+10 SKUs),R15,R15,1325219515091HURL2,11,G::PCR::GT 1995 ROYL KIA,1927.0,1766.0,161.0,2026-07-01 07:00,2026-07-12 02:54,259.91,PCR-308-07010700
PCR,2026-07-01,A,1,false,false,31,GT 1513 XPC1 MSIL,155 R13 C ULTIMA XPC1 90/89 S TL (MSIL) (+1 SKUs),R13,R13,1D25215013008SXC10,2,G::PCR::GT 1513 XPC1 MSIL,2074.0,2074.0,0.0,2026-07-01 07:00,2026-07-15 18:43,347.73,PCR-31-07010700
PCR,2026-07-01,A,1,false,false,32,GT 1513 XPC1 MSIL,155 R13 C ULTIMA XPC1 90/89 S TL (MSIL) (+1 SKUs),R13,R13,1D25215013008SXC10,2,G::PCR::GT 1513 XPC1 MSIL,2074.0,2074.0,0.0,2026-07-01 07:00,2026-07-15 18:43,347.73,PCR-32-07010700
PCR,2026-07-01,A,1,false,false,52,GT 1844 XPC TML,185 R14 ULTIMA XPC 10 PR (+1 SKUs),R14,R14,1D25218014010RXPCT,2,G::PCR::GT 1844 XPC TML,1800.0,1729.0,71.0,2026-07-01 07:00,2026-07-16 07:47,360.8,PCR-52-07010700
PCR,2026-07-01,A,1,false,false,53,GT 1844 XPC TML,185 R14 ULTIMA XPC 10 PR (+1 SKUs),R14,R14,1D25218014010RXPCT,2,G::PCR::GT 1844 XPC TML,1800.0,1800.0,0.0,2026-07-01 07:00,2026-07-16 07:47,360.8,PCR-53-07010700
PCR,2026-07-01,B,1,false,false,124,GT 1765 ROYL,175/65 R15 UX ROYALE (+5 SKUs),R15,R15,1325217515084HURL2,6,G::PCR::GT 1765 ROYL,4236.0,4236.0,0.0,2026-07-01 18:51,2026-07-25 14:11,571.34,PCR-124-07011851
PCR,2026-07-01,B,1,false,false,186,GT 1765 ROYL,175/65 R15 UX ROYALE (+5 SKUs),R15,R15,1325217515084HURL2,6,G::PCR::GT 1765 ROYL,3949.0,3797.0,152.0,2026-07-01 18:51,2026-07-23 23:29,532.63,PCR-186-07011851
PCR,2026-07-01,B,1,false,false,187,GT 1765 ROYL,175/65 R15 UX ROYALE (+5 SKUs),R15,R15,1325217515084HURL2,6,G::PCR::GT 1765 ROYL,2579.0,2579.0,0.0,2026-07-01 18:51,2026-07-16 06:42,347.85,PCR-187-07011851
PCR,2026-07-01,B,1,false,false,197,GT 2258 RAN HPE,225/55 R 18 Ranger Hpe (+1 SKUs),R 18,R18,1325222318098HRHE0,2,G::PCR::GT 2258 RAN HPE,3579.0,3579.0,0.0,2026-07-01 18:51,2026-07-25 09:23,566.53,PCR-197-07011851
PCR,2026-07-01,B,1,false,false,198,GT 1765 ROYL,175/65 R15 UX ROYALE (+5 SKUs),R15,R15,1325217515084HURL2,6,G::PCR::GT 1765 ROYL,2579.0,2427.0,152.0,2026-07-01 18:51,2026-07-16 06:42,347.85,PCR-198-07011851
PCR,2026-07-01,B,1,false,false,203,GT 1503 NEO MSIL,155/80 R13 ULTIMA NEO MSIL (+6 SKUs),R13,R13,1325215813079TUNE3,7,G::PCR::GT 1503 NEO MSIL,3978.0,3978.0,0.0,2026-07-01 18:51,2026-07-22 17:51,503.01,PCR-203-07011851
PCR,2026-07-01,B,1,false,false,204,GT 1482 UHL,145/80 R 12 ULTIMA HI LIFE TL (+13 SKUs),R12,R12,1325214812074TUHL0,14,G::PCR::GT 1482 UHL,3609.0,3458.0,151.0,2026-07-01 18:51,2026-07-24 04:20,537.48,PCR-204-07011851
PCR,2026-07-01,B,1,false,false,205,GT 1583 NEO TATA,155/80 R13 ULTIMA NEO LRR (+2 SKUs),R13,R13,1325215813079TUNE5,3,G::PCR::GT 1583 NEO TATA,3470.0,3470.0,0.0,2026-07-01 18:51,2026-07-23 07:38,516.78,PCR-205-07011851
PCR,2026-07-01,B,1,false,false,206,GT 2158 ROYL HYU,215/55R18 UX ROYALE (+1 SKUs),R18,R18,1325221318095HURL0,2,G::PCR::GT 2158 ROYL HYU,3190.0,3190.0,0.0,2026-07-01 18:51,2026-07-24 01:41,534.83,PCR-206-07011851
PCR,2026-07-01,B,1,false,false,207,GT 1543 XPC1,155 R13 ULTIMA XPC1 TML (+2 SKUs),R13,R13,1D25215013008SXC1T,3,G::PCR::GT 1513 XPC1 MSIL,3119.0,3119.0,0.0,2026-07-01 18:51,2026-07-24 19:00,552.14,PCR-207-07011851
PCR,2026-07-01,B,1,false,false,208,GT 1543 XPC1,155 R13 ULTIMA XPC1 TML (+2 SKUs),R13,R13,1D25215013008SXC1T,3,G::PCR::GT 1513 XPC1 MSIL,2910.0,2910.0,0.0,2026-07-01 18:51,2026-07-23 06:00,515.15,PCR-208-07011851
PCR,2026-07-01,B,1,false,false,209,GT 2476 SUP MM,245/75 R16 ELANZO SUPRA,"",R16,1325224716111SELS0,1,G::PCR::GT 2476 SUP MM,3440.0,3283.0,157.0,2026-07-01 18:51,2026-07-25 03:29,560.64,PCR-209-07011851
PCR,2026-07-01,B,1,false,false,211,GT 1402 XPC TATA,145 R12 ULTIMA XPC TL TATA (+14 SKUs),R12,R12,1D25214012008QXPCT,15,G::PCR::GT 1402 XPC TATA,2914.0,2760.0,154.0,2026-07-01 18:51,2026-07-24 23:39,556.79,PCR-211-07011851
PCR,2026-07-01,B,1,false,false,212,GT 1865 ROYL RENO,185/65 R15 UX ROYALE (+2 SKUs),R15,R15,1325218515088TURL1,3,G::PCR::GT 1865 ROYL RENO,2510.0,2510.0,0.0,2026-07-01 18:51,2026-07-16 20:54,362.05,PCR-212-07011851
PCR,2026-07-01,B,1,false,false,232,GT 2267 ROYL HYU,215/60 R17 UX ROYALE HYUNDAI (+9 SKUs),R17,R17,1325221417096HURL0,10,G::PCR::GT 2267 ROYL HYU,2395.0,2395.0,0.0,2026-07-01 18:51,2026-07-16 04:19,345.46,PCR-232-07011851
PCR,2026-07-01,B,1,false,false,233,GT 2267 ROYL HYU,215/60 R17 UX ROYALE HYUNDAI (+9 SKUs),R17,R17,1325221417096HURL0,10,G::PCR::GT 2267 ROYL HYU,2395.0,2395.0,0.0,2026-07-01 18:51,2026-07-16 04:19,345.46,PCR-233-07011851
PCR,2026-07-01,B,1,false,false,235,GT 1684 ROYL,165/80 R 14 UX ROYALE,R 14,R14,1325216814085TURL2,1,G::PCR::GT 1684 ROYL,2973.0,2973.0,0.0,2026-07-01 18:51,2026-07-19 15:41,428.84,PCR-235-07011851
PCR,2026-07-01,B,1,false,false,24,GT 1482 UHL,145/80 R 12 ULTIMA HI LIFE TL (+13 SKUs),R12,R12,1325214812074TUHL0,14,G::PCR::GT 1482 UHL,2356.0,2356.0,0.0,2026-07-01 18:51,2026-07-16 09:43,350.87,PCR-24-07011851
PCR,2026-07-01,B,1,false,false,25,GT 1503 NEO MSIL,155/80 R13 ULTIMA NEO MSIL (+6 SKUs),R13,R13,1325215813079TUNE3,7,G::PCR::GT 1503 NEO MSIL,2597.0,2597.0,0.0,2026-07-01 18:51,2026-07-15 11:14,328.38,PCR-25-07011851
PCR,2026-07-01,B,1,false,false,259,GT 1503 NEO MSIL,155/80 R13 ULTIMA NEO MSIL (+6 SKUs),R13,R13,1325215813079TUNE3,7,G::PCR::GT 1503 NEO MSIL,2597.0,2597.0,0.0,2026-07-01 18:51,2026-07-15 11:14,328.38,PCR-259-07011851
PCR,2026-07-01,B,1,false,false,27,GT 1503 NEO MSIL,155/80 R13 ULTIMA NEO MSIL (+6 SKUs),R13,R13,1325215813079TUNE3,7,G::PCR::GT 1503 NEO MSIL,2597.0,2597.0,0.0,2026-07-01 18:51,2026-07-15 11:14,328.38,PCR-27-07011851
PCR,2026-07-01,B,1,false,false,28,GT 1583 NEO TATA,155/80 R13 ULTIMA NEO LRR (+2 SKUs),R13,R13,1325215813079TUNE5,3,G::PCR::GT 1583 NEO TATA,2187.0,2187.0,0.0,2026-07-01 18:51,2026-07-15 08:33,325.7,PCR-28-07011851
PCR,2026-07-01,B,1,false,false,287,GT 1634 XPC TATA,165 R14 ULTIMA XPC TATA TL (+5 SKUs),R14,R14,1D25216814008QXPC0,6,G::PCR::GT 1634 XPC TATA,2096.0,2096.0,0.0,2026-07-01 18:51,2026-07-17 05:54,371.05,PCR-287-07011851
PCR,2026-07-01,B,1,false,false,289,GT 1925 XPC1,195 R15 ULTIMA XPC1 AL,R15,R15,1225219Z15008SXC11,1,G::PCR::GT 1925 XPC1,2250.0,2100.0,150.0,2026-07-01 18:51,2026-07-23 15:36,524.76,PCR-289-07011851
PCR,2026-07-01,B,1,false,false,295,GT 2258 RAN HPE,225/55 R 18 Ranger Hpe (+1 SKUs),R 18,R18,1325222318098HRHE0,2,G::PCR::GT 2258 RAN HPE,2254.0,2254.0,0.0,2026-07-01 18:51,2026-07-16 15:39,356.79,PCR-295-07011851
PCR,2026-07-01,B,1,false,false,297,GT 2158 ROYL HYU,215/55R18 UX ROYALE (+1 SKUs),R18,R18,1325221318095HURL0,2,G::PCR::GT 2158 ROYL HYU,2083.0,2083.0,0.0,2026-07-01 18:51,2026-07-16 08:05,349.23,PCR-297-07011851
PCR,2026-07-01,B,1,false,false,298,GT 2258 RAN HPE,225/55 R 18 Ranger Hpe (+1 SKUs),R 18,R18,1325222318098HRHE0,2,G::PCR::GT 2258 RAN HPE,2254.0,2254.0,0.0,2026-07-01 18:51,2026-07-16 15:39,356.79,PCR-298-07011851
PCR,2026-07-01,B,1,false,false,307,GT 2476 SUP MM,245/75 R16 ELANZO SUPRA,"",R16,1325224716111SELS0,1,G::PCR::GT 2476 SUP MM,2246.0,2246.0,0.0,2026-07-01 18:51,2026-07-17 00:54,366.04,PCR-307-07011851
PCR,2026-07-01,B,1,false,false,309,GT 2476 SUP MM,245/75 R16 ELANZO SUPRA,"",R16,1325224716111SELS0,1,G::PCR::GT 2476 SUP MM,2246.0,2246.0,0.0,2026-07-01 18:51,2026-07-17 00:54,366.04,PCR-309-07011851
PCR,2026-07-01,B,1,false,false,310,GT 2476 SUP MM,245/75 R16 ELANZO SUPRA,"",R16,1325224716111SELS0,1,G::PCR::GT 2476 SUP MM,2246.0,2246.0,0.0,2026-07-01 18:51,2026-07-17 00:54,366.04,PCR-310-07011851
PCR,2026-07-01,B,1,false,false,311,GT 1995 ROYL KIA,195/65R15 UX ROYALE (+10 SKUs),R15,R15,1325219515091HURL2,11,G::PCR::GT 1995 ROYL KIA,1927.0,1927.0,0.0,2026-07-01 18:51,2026-07-12 14:46,259.91,PCR-311-07011851
PCR,2026-07-01,B,1,false,false,313,GT 1995 ROYL KIA,195/65R15 UX ROYALE (+10 SKUs),R15,R15,1325219515091HURL2,11,G::PCR::GT 1995 ROYL KIA,1287.0,1287.0,0.0,2026-07-01 18:51,2026-07-09 00:26,173.59,PCR-313-07011851
PCR,2026-07-01,B,1,false,false,33,GT 1513 XPC1 MSIL,155 R13 C ULTIMA XPC1 90/89 S TL (MSIL) (+1 SKUs),R13,R13,1D25215013008SXC10,2,G::PCR::GT 1513 XPC1 MSIL,2074.0,2074.0,0.0,2026-07-01 18:51,2026-07-16 06:35,347.73,PCR-33-07011851
PCR,2026-07-01,B,1,false,false,34,GT 1513 XPC1 MSIL,155 R13 C ULTIMA XPC1 90/89 S TL (MSIL) (+1 SKUs),R13,R13,1D25215013008SXC10,2,G::PCR::GT 1513 XPC1 MSIL,2074.0,2074.0,0.0,2026-07-01 18:51,2026-07-16 06:35,347.73,PCR-34-07011851
PCR,2026-07-01,B,1,false,false,35,GT 1483 UHL,145/80 R13 ULTIMA HI LIFE,R13,R13,1325214813075SUHL0,1,G::PCR::GT 1483 UHL,2076.0,2076.0,0.0,2026-07-01 18:51,2026-07-13 20:35,289.73,PCR-35-07011851
PCR,2026-07-01,B,1,false,false,36,GT 1673 NEO,165/70 R13 ULTIMA NEO,R13,R13,1325216613079HUNE0,1,G::PCR::GT 1673 NEO,2126.0,2126.0,0.0,2026-07-01 18:51,2026-07-13 07:39,276.79,PCR-36-07011851
PCR,2026-07-01,B,1,false,false,37,GT 1513 XPC1 MSIL,155 R13 C ULTIMA XPC1 90/89 S TL (MSIL) (+1 SKUs),R13,R13,1D25215013008SXC10,2,G::PCR::GT 1513 XPC1 MSIL,2074.0,2074.0,0.0,2026-07-01 18:51,2026-07-16 06:35,347.73,PCR-37-07011851
PCR,2026-07-01,B,1,false,false,38,GT 1513 XPC1 MSIL,155 R13 C ULTIMA XPC1 90/89 S TL (MSIL) (+1 SKUs),R13,R13,1D25215013008SXC10,2,G::PCR::GT 1513 XPC1 MSIL,2074.0,2074.0,0.0,2026-07-01 18:51,2026-07-16 06:35,347.73,PCR-38-07011851
PCR,2026-07-01,B,1,false,false,39,GT 1773 NEOPS,175/70 R13 TORNEL ULTIMA NEO+,R13,R13,1325217613082TUNEE,1,G::PCR::GT 1773 NEO,3208.0,3208.0,0.0,2026-07-01 18:51,2026-07-17 22:28,387.61,PCR-39-07011851
PCR,2026-07-01,B,1,false,false,40,GT  T1457 STAR,T145/70 R17 STAR XT (+2 SKUs),R17,R17,1325214617107MSXT0,3,G::PCR::GT  T1457 STAR,2697.0,2697.0,0.0,2026-07-01 18:51,2026-07-19 13:46,426.92,PCR-40-07011851
PCR,2026-07-01,B,1,false,false,41,GT 1482 UHL,145/80 R 12 ULTIMA HI LIFE TL (+13 SKUs),R12,R12,1325214812074TUHL0,14,G::PCR::GT 1482 UHL,2356.0,2356.0,0.0,2026-07-01 18:51,2026-07-16 09:43,350.87,PCR-41-07011851
PCR,2026-07-01,B,1,false,false,42,GT 2455 RAN A/T,215/75 R15 RANGER AT,R15,R15,1325221715100SRAT0,1,G::PCR::GT 2455 RAN A/T,2081.0,2081.0,0.0,2026-07-01 18:51,2026-07-16 07:45,348.9,PCR-42-07011851
PCR,2026-07-01,B,1,false,false,43,GT 1503 NEO MSIL,155/80 R13 ULTIMA NEO MSIL (+6 SKUs),R13,R13,1325215813079TUNE3,7,G::PCR::GT 1503 NEO MSIL,1774.0,1774.0,0.0,2026-07-01 18:51,2026-07-11 03:10,224.32,PCR-43-07011851
PCR,2026-07-01,B,1,false,false,44,GT 1402 XPC TATA,145 R12 ULTIMA XPC TL TATA (+14 SKUs),R12,R12,1D25214012008QXPCT,15,G::PCR::GT 1402 XPC TATA,1903.0,1903.0,0.0,2026-07-01 18:51,2026-07-16 22:28,363.62,PCR-44-07011851
PCR,2026-07-01,B,1,false,false,45,GT 1402 XPC TATA,145 R12 ULTIMA XPC TL TATA (+14 SKUs),R12,R12,1D25214012008QXPCT,15,G::PCR::GT 1402 XPC TATA,1902.0,1902.0,0.0,2026-07-01 18:51,2026-07-16 22:17,363.43,PCR-45-07011851
PCR,2026-07-01,B,1,false,false,46,GT 1402 XPC TATA,145 R12 ULTIMA XPC TL TATA (+14 SKUs),R12,R12,1D25214012008QXPCT,15,G::PCR::GT 1402 XPC TATA,1902.0,1902.0,0.0,2026-07-01 18:51,2026-07-16 22:17,363.43,PCR-46-07011851
PCR,2026-07-01,B,1,false,false,47,GT 1482 UHL,145/80 R 12 ULTIMA HI LIFE TL (+13 SKUs),R12,R12,1325214812074TUHL0,14,G::PCR::GT 1482 UHL,1609.0,1609.0,0.0,2026-07-01 18:51,2026-07-11 18:28,239.62,PCR-47-07011851
PCR,2026-07-01,B,1,false,false,48,GT 1482 UHL,145/80 R 12 ULTIMA HI LIFE TL (+13 SKUs),R12,R12,1325214812074TUHL0,14,G::PCR::GT 1482 UHL,1609.0,1609.0,0.0,2026-07-01 18:51,2026-07-11 18:28,239.62,PCR-48-07011851
PCR,2026-07-01,B,1,false,false,49,GT  T1457 STAR,T145/70 R17 STAR XT (+2 SKUs),R17,R17,1325214617107MSXT0,3,G::PCR::GT  T1457 STAR,1747.0,1747.0,0.0,2026-07-01 18:51,2026-07-13 07:23,276.54,PCR-49-07011851
PCR,2026-07-01,B,1,false,false,50,GT 1925 XPC1,195 R15 ULTIMA XPC1 AL,R15,R15,1225219Z15008SXC11,1,G::PCR::GT 1925 XPC1,1469.0,1469.0,0.0,2026-07-01 18:51,2026-07-16 01:27,342.61,PCR-50-07011851
PCR,2026-07-01,B,1,false,false,51,GT 1634 XPC TATA,165 R14 ULTIMA XPC TATA TL (+5 SKUs),R14,R14,1D25216814008QXPC0,6,G::PCR::GT 1634 XPC TATA,2096.0,2096.0,0.0,2026-07-01 18:51,2026-07-17 05:54,371.05,PCR-51-07011851
PCR,2026-07-08,C,8,false,false,313,GT 1995 ROYL KIA,195/65R15 UX ROYALE (+10 SKUs),R15,R15,1325219515091HURL2,11,G::PCR::GT 1995 ROYL KIA,772.0,772.0,0.0,2026-07-09 00:26,2026-07-13 08:34,104.12,PCR-313-07090026
PCR,2026-07-10,C,10,false,false,43,GT 1503 NEO MSIL,155/80 R13 ULTIMA NEO MSIL (+6 SKUs),R13,R13,1325215813079TUNE3,7,G::PCR::GT 1503 NEO MSIL,1774.0,1774.0,0.0,2026-07-11 03:10,2026-07-20 11:29,224.32,PCR-43-07110310
PCR,2026-07-11,B,11,false,false,47,GT2776 RAN AT,235/70 R16 105T RANGER AT,R16,R16,1325223616105TRAT0,1,G::PCR::GT2776 RAN AT,1443.0,1443.0,0.0,2026-07-11 22:58,2026-07-22 14:25,255.45,PCR-47-07112258
PCR,2026-07-11,B,11,false,false,48,GT 1412 XPC MM,145 R12 ULTIMA XPC (+6 SKUs),"",R12,1D25114012008QXPC0,7,G::PCR::GT 1402 XPC TATA,1323.0,1323.0,0.0,2026-07-11 22:58,2026-07-20 22:35,215.62,PCR-48-07112258
PCR,2026-07-12,A,12,false,false,308,GT 1765 ROYL,175/65 R15 UX ROYALE (+5 SKUs),R15,R15,1325217515084HURL2,6,G::PCR::GT 1765 ROYL,1761.0,1761.0,0.0,2026-07-12 09:54,2026-07-22 07:25,237.52,PCR-308-07120954
PCR,2026-07-12,B,12,false,false,311,GT 1765 ROYL,175/65 R15 UX ROYALE (+5 SKUs),R15,R15,1325217515084HURL2,6,G::PCR::GT 1765 ROYL,1761.0,1761.0,0.0,2026-07-12 21:46,2026-07-22 19:17,237.52,PCR-311-07122146
PCR,2026-07-13,A,13,false,false,313,GT 1995 ROYL KIA,195/65R15 UX ROYALE (+10 SKUs),R15,R15,1325219515091HURL2,11,G::PCR::GT 1995 ROYL KIA,399.0,399.0,0.0,2026-07-13 08:34,2026-07-15 14:23,53.82,PCR-313-07130834
PCR,2026-07-13,A,13,false,false,49,GT 2476 SUP MM,245/75 R16 ELANZO SUPRA,"",R16,1325224716111SELS0,1,G::PCR::GT 2476 SUP MM,1534.0,1534.0,0.0,2026-07-13 11:53,2026-07-23 21:54,250.01,PCR-49-07131153
PCR,2026-07-13,A,13,false,false,36,GT 1513 XPC1 MSIL,155 R13 C ULTIMA XPC1 90/89 S TL (MSIL) (+1 SKUs),R13,R13,1D25215013008SXC10,2,G::PCR::GT 1513 XPC1 MSIL,2074.0,2074.0,0.0,2026-07-13 14:49,2026-07-28 02:32,347.73,PCR-36-07131449
PCR,2026-07-13,C,13,false,false,35,GT 1543 XPC1,155 R13 ULTIMA XPC1 TML (+2 SKUs),R13,R13,1D25215013008SXC1T,3,G::PCR::GT 1513 XPC1 MSIL,1900.0,1900.0,0.0,2026-07-14 03:45,2026-07-28 04:06,336.35,PCR-35-07140345
PCR,2026-07-14,C,14,false,false,286,GT 2158 ROYL HYU,215/55R18 UX ROYALE (+1 SKUs),R18,R18,1325221318095HURL0,2,G::PCR::GT 2158 ROYL HYU,2083.0,2083.0,0.0,2026-07-15 05:58,2026-07-29 19:12,349.23,PCR-286-07150558
PCR,2026-07-15,A,15,false,false,25,GT 1503 NEO MSIL,155/80 R13 ULTIMA NEO MSIL (+6 SKUs),R13,R13,1325215813079TUNE3,7,G::PCR::GT 1503 NEO MSIL,1774.0,1774.0,0.0,2026-07-15 11:14,2026-07-24 19:33,224.32,PCR-25-07151114
PCR,2026-07-15,A,15,false,false,313,GT 1995 ROYL KIA,195/65R15 UX ROYALE (+10 SKUs),R15,R15,1325219515091HURL2,11,G::PCR::GT 1995 ROYL KIA,399.0,399.0,0.0,2026-07-15 14:23,2026-07-17 20:12,53.82,PCR-313-07151423
PCR,2026-07-15,B,15,false,false,28,GT 1543 XPC1,155 R13 ULTIMA XPC1 TML (+2 SKUs),R13,R13,1D25215013008SXC1T,3,G::PCR::GT 1513 XPC1 MSIL,1900.0,1900.0,0.0,2026-07-15 15:43,2026-07-29 16:04,336.35,PCR-28-07151543
PCR,2026-07-15,B,15,false,false,210,GT 2267 ROYL HYU,215/60 R17 UX ROYALE HYUNDAI (+9 SKUs),R17,R17,1325221417096HURL0,10,G::PCR::GT 2267 ROYL HYU,1636.0,1636.0,0.0,2026-07-15 16:27,2026-07-25 12:26,235.98,PCR-210-07151627
PCR,2026-07-15,B,15,false,false,259,GT 2167 RAN HPE,215/60R17 RANGER HPE 96 H,R 17,R17,1325221417096HRHE0,1,G::PCR::GT 2167 RAN HPE,2000.0,1846.0,154.0,2026-07-15 17:14,2026-07-28 03:05,297.85,PCR-259-07151714
PCR,2026-07-15,B,15,false,false,27,GT 2267 ROYL HYU,215/60 R17 UX ROYALE HYUNDAI (+9 SKUs),R17,R17,1325221417096HURL0,10,G::PCR::GT 2267 ROYL HYU,1636.0,1636.0,0.0,2026-07-15 18:24,2026-07-25 14:23,235.98,PCR-27-07151824
PCR,2026-07-15,B,15,false,false,32,GT 1513 XPC1 MSIL,155 R13 C ULTIMA XPC1 90/89 S TL (MSIL) (+1 SKUs),R13,R13,1D25215013008SXC10,2,G::PCR::GT 1513 XPC1 MSIL,1416.0,1416.0,0.0,2026-07-15 18:43,2026-07-25 16:07,237.41,PCR-32-07151843
PCR,2026-07-15,C,15,false,false,50,GT 1925 XPC1,195 R15 ULTIMA XPC1 AL,R15,R15,1225219Z15008SXC11,1,G::PCR::GT 1925 XPC1,1469.0,1469.0,0.0,2026-07-16 01:27,2026-07-30 08:04,342.61,PCR-50-07160127
PCR,2026-07-15,C,15,false,false,31,GT 1583 NEO TATA,155/80 R13 ULTIMA NEO LRR (+2 SKUs),R13,R13,1325215813079TUNE5,3,G::PCR::GT 1583 NEO TATA,1494.0,1494.0,0.0,2026-07-16 01:53,2026-07-25 08:23,222.5,PCR-31-07160153
PCR,2026-07-15,C,15,false,false,232,GT 2267 ROYL HYU,215/60 R17 UX ROYALE HYUNDAI (+9 SKUs),R17,R17,1325221417096HURL0,10,G::PCR::GT 2267 ROYL HYU,1636.0,1636.0,0.0,2026-07-16 04:19,2026-07-26 00:18,235.98,PCR-232-07160419
PCR,2026-07-15,C,15,false,false,233,GT 2267 ROYL HYU,215/60 R17 UX ROYALE HYUNDAI (+9 SKUs),R17,R17,1325221417096HURL0,10,G::PCR::GT 2267 ROYL HYU,1636.0,1636.0,0.0,2026-07-16 04:19,2026-07-26 00:18,235.98,PCR-233-07160419
PCR,2026-07-15,C,15,false,false,30,GT 1634 XPC TATA,165 R14 ULTIMA XPC TATA TL (+5 SKUs),R14,R14,1D25216814008QXPC0,6,G::PCR::GT 1634 XPC TATA,1432.0,1432.0,0.0,2026-07-16 05:33,2026-07-26 19:03,253.5,PCR-30-07160533
PCR,2026-07-15,C,15,false,false,33,GT 1513 XPC1 MSIL,155 R13 C ULTIMA XPC1 90/89 S TL (MSIL) (+1 SKUs),R13,R13,1D25215013008SXC10,2,G::PCR::GT 1513 XPC1 MSIL,1416.0,1416.0,0.0,2026-07-16 06:35,2026-07-26 03:59,237.41,PCR-33-07160635
PCR,2026-07-15,C,15,false,false,34,GT 1513 XPC1 MSIL,155 R13 C ULTIMA XPC1 90/89 S TL (MSIL) (+1 SKUs),R13,R13,1D25215013008SXC10,2,G::PCR::GT 1513 XPC1 MSIL,1416.0,1256.0,160.0,2026-07-16 06:35,2026-07-26 03:59,237.41,PCR-34-07160635
PCR,2026-07-15,C,15,false,false,37,GT 1513 XPC1 MSIL,155 R13 C ULTIMA XPC1 90/89 S TL (MSIL) (+1 SKUs),R13,R13,1D25215013008SXC10,2,G::PCR::GT 1513 XPC1 MSIL,1416.0,1256.0,160.0,2026-07-16 06:35,2026-07-26 03:59,237.41,PCR-37-07160635
PCR,2026-07-15,C,15,false,false,38,GT 1513 XPC1 MSIL,155 R13 C ULTIMA XPC1 90/89 S TL (MSIL) (+1 SKUs),R13,R13,1D25215013008SXC10,2,G::PCR::GT 1513 XPC1 MSIL,1416.0,1256.0,160.0,2026-07-16 06:35,2026-07-26 03:59,237.41,PCR-38-07160635
PCR,2026-07-15,C,15,false,false,187,GT 1765 ROYL,175/65 R15 UX ROYALE (+5 SKUs),R15,R15,1325217515084HURL2,6,G::PCR::GT 1765 ROYL,1175.0,1175.0,0.0,2026-07-16 06:42,2026-07-22 21:11,158.48,PCR-187-07160642
PCR,2026-07-16,A,16,false,false,297,GT 2158 ROYL HYU,215/55R18 UX ROYALE (+1 SKUs),R18,R18,1325221318095HURL0,2,G::PCR::GT 2158 ROYL HYU,1422.0,1422.0,0.0,2026-07-16 08:05,2026-07-26 06:30,238.41,PCR-297-07160805
PCR,2026-07-16,A,16,false,false,234,GT 2568 HT2,255/65 R 18 Ranger HT2 111 H,R18,R18,1325225518111HRHB0,1,G::PCR::GT 2568 HT2,1572.0,1572.0,0.0,2026-07-16 11:23,2026-07-26 20:13,248.84,PCR-234-07161123
PCR,2026-07-16,A,16,false,false,236,GT 2568 HT2,255/65 R 18 Ranger HT2 111 H,R18,R18,1325225518111HRHB0,1,G::PCR::GT 2568 HT2,1572.0,1265.0,307.0,2026-07-16 11:23,2026-07-26 20:13,248.84,PCR-236-07161123
PCR,2026-07-16,A,16,false,false,42,GT 1402 XPC TATA,145 R12 ULTIMA XPC TL TATA (+14 SKUs),R12,R12,1D25214012008QXPCT,15,G::PCR::GT 1402 XPC TATA,1299.0,1299.0,0.0,2026-07-16 12:15,2026-07-26 20:27,248.21,PCR-42-07161215
PCR,2026-07-16,A,16,false,false,198,GT 2258 RAN HPE,225/55 R 18 Ranger Hpe (+1 SKUs),R 18,R18,1325222318098HRHE0,2,G::PCR::GT 2258 RAN HPE,1539.0,1539.0,0.0,2026-07-16 12:42,2026-07-26 16:19,243.61,PCR-198-07161242
PCR,2026-07-16,A,16,false,false,24,GT 1402 XPC TATA,145 R12 ULTIMA XPC TL TATA (+14 SKUs),R12,R12,1D25214012008QXPCT,15,G::PCR::GT 1402 XPC TATA,1299.0,1299.0,0.0,2026-07-16 13:13,2026-07-26 21:26,248.21,PCR-24-07161313
PCR,2026-07-16,A,16,false,false,52,GT 2476 SUP MM,245/75 R16 ELANZO SUPRA,"",R16,1325224716111SELS0,1,G::PCR::GT 2476 SUP MM,1534.0,1534.0,0.0,2026-07-16 13:47,2026-07-26 23:48,250.01,PCR-52-07161347
PCR,2026-07-16,A,16,false,false,53,GT1915 LT XPC1,195 R15 ULTIMA XPC1,"",R15,1225219Z15008SXC10,1,G::PCR::GT1915 LT XPC1,1407.0,1407.0,0.0,2026-07-16 13:47,2026-07-28 14:24,288.61,PCR-53-07161347
PCR,2026-07-16,A,16,false,false,41,GT2266 RAN HT,215/65 R16 RANGER HT,R16,R16,1325221516098HRHT0,1,G::PCR::GT2266 RAN HT,1399.0,1399.0,0.0,2026-07-16 14:13,2026-07-24 17:28,195.24,PCR-41-07161413
PCR,2026-07-16,A,16,false,false,29,GT 1513 XPC1 MSIL,155 R13 C ULTIMA XPC1 90/89 S TL (MSIL) (+1 SKUs),R13,R13,1D25215013008SXC10,2,G::PCR::GT 1513 XPC1 MSIL,1416.0,1416.0,0.0,2026-07-16 14:44,2026-07-26 12:08,237.41,PCR-29-07161444
PCR,2026-07-16,B,16,false,false,298,GT 2258 RAN HPE,225/55 R 18 Ranger Hpe (+1 SKUs),R 18,R18,1325222318098HRHE0,2,G::PCR::GT 2258 RAN HPE,1028.0,1028.0,0.0,2026-07-16 15:39,2026-07-23 10:22,162.73,PCR-298-07161539
PCR,2026-07-16,B,16,false,false,295,GT 2158 ROYL HYU,215/55R18 UX ROYALE (+1 SKUs),R18,R18,1325221318095HURL0,2,G::PCR::GT 2158 ROYL HYU,1422.0,1422.0,0.0,2026-07-16 21:39,2026-07-26 20:03,238.41,PCR-295-07162139
PCR,2026-07-16,B,16,false,false,45,GT 1402 XPC TATA,145 R12 ULTIMA XPC TL TATA (+14 SKUs),R12,R12,1D25214012008QXPCT,15,G::PCR::GT 1402 XPC TATA,1299.0,1299.0,0.0,2026-07-16 22:17,2026-07-27 06:29,248.21,PCR-45-07162217
PCR,2026-07-16,C,16,false,false,307,GT 2476 SUP MM,245/75 R16 ELANZO SUPRA,"",R16,1325224716111SELS0,1,G::PCR::GT 2476 SUP MM,1533.0,1533.0,0.0,2026-07-17 00:54,2026-07-27 10:44,249.84,PCR-307-07170054
PCR,2026-07-16,C,16,false,false,46,GT  T1457 STAR,T145/70 R17 STAR XT (+2 SKUs),R17,R17,1325214617107MSXT0,3,G::PCR::GT  T1457 STAR,1166.0,999.0,167.0,2026-07-17 02:47,2026-07-24 19:21,184.57,PCR-46-07170247
PCR,2026-07-16,C,16,false,false,212,GT 1765 ROYL,175/65 R15 UX ROYALE (+5 SKUs),R15,R15,1325217515084HURL2,6,G::PCR::GT 1765 ROYL,1175.0,1175.0,0.0,2026-07-17 02:54,2026-07-23 17:23,158.48,PCR-212-07170254
PCR,2026-07-16,C,16,false,false,44,GT 1482 UHL,145/80 R 12 ULTIMA HI LIFE TL (+13 SKUs),R12,R12,1325214812074TUHL0,14,G::PCR::GT 1482 UHL,1074.0,1074.0,0.0,2026-07-17 02:58,2026-07-23 18:55,159.95,PCR-44-07170258
PCR,2026-07-16,C,16,false,false,287,GT 1634 XPC TATA,165 R14 ULTIMA XPC TATA TL (+5 SKUs),R14,R14,1D25216814008QXPC0,6,G::PCR::GT 1634 XPC TATA,1432.0,1270.0,162.0,2026-07-17 05:54,2026-07-27 19:24,253.5,PCR-287-07170554
PCR,2026-07-17,A,17,false,false,309,GT 2267 ROYL HYU,215/60 R17 UX ROYALE HYUNDAI (+9 SKUs),R17,R17,1325221417096HURL0,10,G::PCR::GT 2267 ROYL HYU,1092.0,1092.0,0.0,2026-07-17 07:54,2026-07-23 21:25,157.51,PCR-309-07170754
PCR,2026-07-17,A,17,false,false,310,GT 1894 MAX,185/70 R14 TAXIMAX (+6 SKUs),R14,R14,1325218614088TTMX0,7,G::PCR::GT 1894 MAX,1203.0,1203.0,0.0,2026-07-17 07:54,2026-07-23 23:54,160.0,PCR-310-07170754
PCR,2026-07-17,A,17,false,false,192,GT 1765 ROYL,175/65 R15 UX ROYALE (+5 SKUs),R15,R15,1325217515084HURL2,6,G::PCR::GT 1765 ROYL,705.0,705.0,0.0,2026-07-17 09:37,2026-07-21 08:42,95.09,PCR-192-07170937
PCR,2026-07-17,A,17,false,false,51,GT 1844 XPC TML,185 R14 ULTIMA XPC 10 PR (+1 SKUs),R14,R14,1D25218014010RXPCT,2,G::PCR::GT 1844 XPC TML,1230.0,1230.0,0.0,2026-07-17 11:54,2026-07-27 18:26,246.54,PCR-51-07171154
PCR,2026-07-17,C,17,false,false,39,GT 1773 NEO,175/70 R13 ULTIMA NEO,R13,R13,1325217613082TUNE0,1,G::PCR::GT 1773 NEO,1408.0,1408.0,0.0,2026-07-18 05:38,2026-07-25 20:57,183.31,PCR-39-07180538
PCR,2026-07-18,C,18,false,false,26,GT1564 NEO,155/65 R14 ULTIMA NEO,R14,R14,1325215514075TUNE0,1,G::PCR::GT1564 NEO,1226.0,1226.0,0.0,2026-07-19 06:35,2026-07-26 02:48,164.21,PCR-26-07190635
PCR,2026-07-19,B,19,false,false,40,GT 2366 ROYL,235/65 R16 UX ROYALE (+1 SKUs),R16,R16,1325223516103TURL0,2,G::PCR::GT 2366 ROYL,1277.0,1277.0,0.0,2026-07-19 18:16,2026-07-28 04:24,202.14,PCR-40-07191816
PCR,2026-07-19,B,19,false,false,235,GT 1543 XPC1,155 R13 ULTIMA XPC1 TML (+2 SKUs),R13,R13,1D25215013008SXC1T,3,G::PCR::GT 1513 XPC1 MSIL,1297.0,1297.0,0.0,2026-07-19 21:41,2026-07-29 11:17,229.6,PCR-235-07192141
PCR,2026-07-19,C,19,false,false,296,GT 2267 ROYL HYU,215/60 R17 UX ROYALE HYUNDAI (+9 SKUs),R17,R17,1325221417096HURL0,10,G::PCR::GT 2267 ROYL HYU,1092.0,1092.0,0.0,2026-07-20 03:08,2026-07-26 16:39,157.51,PCR-296-07200308
PCR,2026-07-20,A,20,false,false,43,GT 1503 NEO MSIL,155/80 R13 ULTIMA NEO MSIL (+6 SKUs),R13,R13,1325215813079TUNE3,7,G::PCR::GT 1503 NEO MSIL,1184.0,1184.0,0.0,2026-07-20 11:29,2026-07-26 17:12,149.71,PCR-43-07201129
PCR,2026-07-20,C,20,false,false,48,GT 1482 UHL,145/80 R 12 ULTIMA HI LIFE TL (+13 SKUs),R12,R12,1325214812074TUHL0,14,G::PCR::GT 1482 UHL,1074.0,1074.0,0.0,2026-07-21 03:05,2026-07-27 19:02,159.95,PCR-48-07210305
PCR,2026-07-21,A,21,false,false,192,GT 1765 ROYL,175/65 R15 UX ROYALE (+5 SKUs),R15,R15,1325217515084HURL2,6,G::PCR::GT 1765 ROYL,705.0,705.0,0.0,2026-07-21 08:42,2026-07-25 07:47,95.09,PCR-192-07210842
PCR,2026-07-21,C,21,false,false,23,GT 1402 XPC TATA,145 R12 ULTIMA XPC TL TATA (+14 SKUs),R12,R12,1D25214012008QXPCT,15,G::PCR::GT 1402 XPC TATA,867.0,867.0,0.0,2026-07-22 05:51,2026-07-29 03:31,165.66,PCR-23-07220551
PCR,2026-07-22,A,22,false,false,308,GT 1765 ROYL,175/65 R15 UX ROYALE (+5 SKUs),R15,R15,1325217515084HURL2,6,G::PCR::GT 1765 ROYL,365.0,365.0,0.0,2026-07-22 07:25,2026-07-24 08:39,49.23,PCR-308-07220725
PCR,2026-07-22,A,22,false,false,123,GT 1543 XPC1,155 R13 ULTIMA XPC1 TML (+2 SKUs),R13,R13,1D25215013008SXC1T,3,G::PCR::GT 1513 XPC1 MSIL,1297.0,1297.0,0.0,2026-07-22 12:00,2026-08-01 01:36,229.6,PCR-123-07221200
PCR,2026-07-22,B,22,false,false,203,GT 1503 NEO MSIL,155/80 R13 ULTIMA NEO MSIL (+6 SKUs),R13,R13,1325215813079TUNE3,7,G::PCR::GT 1503 NEO MSIL,1184.0,1184.0,0.0,2026-07-22 17:51,2026-07-28 23:34,149.71,PCR-203-07221751
PCR,2026-07-22,B,22,false,false,47,GT 1482 UHL,145/80 R 12 ULTIMA HI LIFE TL (+13 SKUs),R12,R12,1325214812074TUHL0,14,G::PCR::GT 1482 UHL,1074.0,1074.0,0.0,2026-07-22 18:55,2026-07-29 10:52,159.95,PCR-47-07221855
PCR,2026-07-22,B,22,false,false,311,GT 1765 ROYL,175/65 R15 UX ROYALE (+5 SKUs),R15,R15,1325217515084HURL2,6,G::PCR::GT 1765 ROYL,365.0,365.0,0.0,2026-07-22 19:17,2026-07-24 20:30,49.23,PCR-311-07221917
PCR,2026-07-22,C,22,false,false,187,GT 2267 ROYL HYU,215/60 R17 UX ROYALE HYUNDAI (+9 SKUs),R17,R17,1325221417096HURL0,10,G::PCR::GT 2267 ROYL HYU,1092.0,1092.0,0.0,2026-07-23 03:11,2026-07-29 16:42,157.51,PCR-187-07230311
PCR,2026-07-23,A,23,false,false,298,GT 2258 RAN HPE,225/55 R 18 Ranger Hpe (+1 SKUs),R 18,R18,1325222318098HRHE0,2,G::PCR::GT 2258 RAN HPE,1027.0,1027.0,0.0,2026-07-23 10:22,2026-07-30 04:56,162.57,PCR-298-07231022
PCR,2026-07-23,A,23,false,false,190,GT 1513 XPC1 MSIL,155 R13 C ULTIMA XPC1 90/89 S TL (MSIL) (+1 SKUs),R13,R13,1D25215013008SXC10,2,G::PCR::GT 1513 XPC1 MSIL,946.0,946.0,0.0,2026-07-23 11:39,2026-07-30 02:15,158.61,PCR-190-07231139
PCR,2026-07-23,A,23,false,false,196,GT 1513 XPC1 MSIL,155 R13 C ULTIMA XPC1 90/89 S TL (MSIL) (+1 SKUs),R13,R13,1D25215013008SXC10,2,G::PCR::GT 1513 XPC1 MSIL,946.0,946.0,0.0,2026-07-23 11:39,2026-07-30 02:15,158.61,PCR-196-07231139
PCR,2026-07-23,A,23,false,false,208,GT 2158 ROYL HYU,215/55R18 UX ROYALE (+1 SKUs),R18,R18,1325221318095HURL0,2,G::PCR::GT 2158 ROYL HYU,950.0,950.0,0.0,2026-07-23 12:00,2026-07-30 03:16,159.28,PCR-208-07231200
PCR,2026-07-23,A,23,false,false,205,GT 1684 ROYL,165/80 R 14 UX ROYALE,R 14,R14,1325216814085TURL2,1,G::PCR::GT 1684 ROYL,1284.0,1284.0,0.0,2026-07-23 13:38,2026-07-31 06:50,185.21,PCR-205-07231338
PCR,2026-07-23,A,23,false,false,125,GT 1925 XPC1,195 R15 ULTIMA XPC1 AL,R15,R15,1225219Z15008SXC11,1,G::PCR::GT 1925 XPC1,895.0,1003.0,0.0,2026-07-23 14:13,2026-08-01 07:00,208.76711469885183,PCR-125-07231413
PCR,2026-07-23,A,23,false,false,185,GT 2476 SUP MM,245/75 R16 ELANZO SUPRA,"",R16,1325224716111SELS0,1,G::PCR::GT 2476 SUP MM,1024.0,1024.0,0.0,2026-07-23 14:13,2026-07-30 13:07,166.89,PCR-185-07231413
PCR,2026-07-23,B,23,false,false,188,GT 1916 ROYL,195/60 R16 UX ROYALE 89 H (+2 SKUs),R16,R16,1325219416089HURL1,3,G::PCR::GT 1916 ROYL,1006.0,1006.0,0.0,2026-07-23 17:39,2026-07-29 23:28,149.82,PCR-188-07231739
PCR,2026-07-23,B,23,false,false,189,GT 2568 HT2,255/65 R 18 Ranger HT2 111 H,R18,R18,1325225518111HRHB0,1,G::PCR::GT 2568 HT2,1049.0,1049.0,0.0,2026-07-23 17:39,2026-07-30 15:42,166.05,PCR-189-07231739
PCR,2026-07-23,B,23,false,false,193,GT 1634 XPC TATA,165 R14 ULTIMA XPC TATA TL (+5 SKUs),R14,R14,1D25216814008QXPC0,6,G::PCR::GT 1634 XPC TATA,956.0,956.0,0.0,2026-07-23 17:39,2026-07-30 18:53,169.24,PCR-193-07231739
PCR,2026-07-23,B,23,false,false,289,GT 2568 HT2,255/65 R 18 Ranger HT2 111 H,R18,R18,1325225518111HRHB0,1,G::PCR::GT 2568 HT2,1049.0,1049.0,0.0,2026-07-23 21:36,2026-07-30 19:39,166.05,PCR-289-07232136
PCR,2026-07-23,B,23,false,false,49,GT 2476 SUP MM,245/75 R16 ELANZO SUPRA,"",R16,1325224716111SELS0,1,G::PCR::GT 2476 SUP MM,1024.0,1024.0,0.0,2026-07-23 21:54,2026-07-30 20:47,166.89,PCR-49-07232154
PCR,2026-07-23,C,23,false,false,212,GT 2158 ROYL HYU,215/55R18 UX ROYALE (+1 SKUs),R18,R18,1325221318095HURL0,2,G::PCR::GT 2158 ROYL HYU,949.0,949.0,0.0,2026-07-23 23:23,2026-07-30 14:29,159.11,PCR-212-07232323
PCR,2026-07-23,C,23,false,false,44,GT 2367 RAN XATW,235/65 R17 RANGER X-AT 104T,R17,R17,1325223517104TRXT0,1,G::PCR::GT 2367 RAN XATW,886.0,886.0,0.0,2026-07-23 23:25,2026-07-30 08:07,152.7,PCR-44-07232325
PCR,2026-07-23,C,23,false,false,206,GT 2158 ROYL HYU,215/55R18 UX ROYALE (+1 SKUs),R18,R18,1325221318095HURL0,2,G::PCR::GT 2158 ROYL HYU,949.0,480.0,469.0,2026-07-24 01:41,2026-07-30 16:48,159.11,PCR-206-07240141
PCR,2026-07-23,C,23,false,false,309,GT 2476 SUP MM,245/75 R16 ELANZO SUPRA,"",R16,1325224716111SELS0,1,G::PCR::GT 2476 SUP MM,1024.0,1024.0,0.0,2026-07-24 04:25,2026-07-31 03:18,166.89,PCR-309-07240425
PCR,2026-07-23,C,23,false,false,186,GT 1513 XPC1 MSIL,155 R13 C ULTIMA XPC1 90/89 S TL (MSIL) (+1 SKUs),R13,R13,1D25215013008SXC10,2,G::PCR::GT 1513 XPC1 MSIL,945.0,945.0,0.0,2026-07-24 05:29,2026-07-30 19:55,158.44,PCR-186-07240529
PCR,2026-07-23,C,23,false,false,310,GT 1925 XPC1,195 R15 ULTIMA XPC1 AL,R15,R15,1225219Z15008SXC11,1,G::PCR::GT 1925 XPC1,824.0,1003.0,0.0,2026-07-24 06:54,2026-08-01 07:00,192.08935621349272,PCR-310-07240654
PCR,2026-07-24,A,24,false,false,204,GT1915 LT XPC1,195 R15 ULTIMA XPC1,"",R15,1225219Z15008SXC10,1,G::PCR::GT1915 LT XPC1,920.0,939.0,0.0,2026-07-24 10:20,2026-08-01 07:00,188.66227346211812,PCR-204-07241020
PCR,2026-07-24,A,24,false,false,119,GT 1503 NEO MSIL,155/80 R13 ULTIMA NEO MSIL (+6 SKUs),R13,R13,1325215813079TUNE3,7,G::PCR::GT 1503 NEO MSIL,1184.0,1184.0,0.0,2026-07-24 11:52,2026-07-30 17:35,149.71,PCR-119-07241152
PCR,2026-07-24,B,24,false,false,41,GT 1402 XPC TATA,145 R12 ULTIMA XPC TL TATA (+14 SKUs),R12,R12,1D25214012008QXPCT,15,G::PCR::GT 1402 XPC TATA,867.0,867.0,0.0,2026-07-24 21:58,2026-07-31 19:38,165.66,PCR-41-07242158
PCR,2026-07-24,C,24,false,false,46,GT 2455 RAN A/T,215/75 R15 RANGER AT,R15,R15,1325221715100SRAT0,1,G::PCR::GT 2455 RAN A/T,947.0,947.0,0.0,2026-07-24 23:51,2026-07-31 14:37,158.77,PCR-46-07242351
PCR,2026-07-24,C,24,false,false,288,GT 1513 XPC1 MSIL,155 R13 C ULTIMA XPC1 90/89 S TL (MSIL) (+1 SKUs),R13,R13,1D25215013008SXC10,2,G::PCR::GT 1513 XPC1 MSIL,945.0,945.0,0.0,2026-07-25 00:14,2026-07-31 14:40,158.44,PCR-288-07250014
PCR,2026-07-24,C,24,false,false,207,GT 1513 XPC1 MSIL,155 R13 C ULTIMA XPC1 90/89 S TL (MSIL) (+1 SKUs),R13,R13,1D25215013008SXC10,2,G::PCR::GT 1513 XPC1 MSIL,945.0,945.0,0.0,2026-07-25 01:00,2026-07-31 15:26,158.44,PCR-207-07250100
PCR,2026-07-24,C,24,false,false,25,GT 1583 NEO TATA,155/80 R13 ULTIMA NEO LRR (+2 SKUs),R13,R13,1325215813079TUNE5,3,G::PCR::GT 1583 NEO TATA,997.0,997.0,0.0,2026-07-25 02:43,2026-07-31 07:12,148.48,PCR-25-07250243
PCR,2026-07-24,C,24,false,false,211,GT 2568 RAN AT,255/65 R18 RANGER AT,R18,R18,1325225518111HRAT0,1,G::PCR::GT 2568 RAN AT,880.0,704.0,176.0,2026-07-25 05:39,2026-07-31 09:11,147.54,PCR-211-07250539
PCR,2026-07-25,A,25,false,false,209,GT 2267 ROYL HYU,215/60 R17 UX ROYALE HYUNDAI (+9 SKUs),R17,R17,1325221417096HURL0,10,G::PCR::GT 2267 ROYL HYU,655.0,655.0,0.0,2026-07-25 09:29,2026-07-29 07:58,94.48,PCR-209-07250929
PCR,2026-07-25,A,25,false,false,195,GT 2267 ROYL HYU,215/60 R17 UX ROYALE HYUNDAI (+9 SKUs),R17,R17,1325221417096HURL0,10,G::PCR::GT 2267 ROYL HYU,655.0,655.0,0.0,2026-07-25 10:53,2026-07-29 09:22,94.48,PCR-195-07251053
PCR,2026-07-25,A,25,false,false,210,GT 2267 ROYL HYU,215/60 R17 UX ROYALE HYUNDAI (+9 SKUs),R17,R17,1325221417096HURL0,10,G::PCR::GT 2267 ROYL HYU,655.0,655.0,0.0,2026-07-25 12:26,2026-07-29 10:55,94.48,PCR-210-07251226
PCR,2026-07-25,A,25,false,false,194,GT 1634 XPC TATA,165 R14 ULTIMA XPC TATA TL (+5 SKUs),R14,R14,1D25216814008QXPC0,6,G::PCR::GT 1634 XPC TATA,911.0,956.0,0.0,2026-07-25 13:38,2026-08-01 07:00,161.35928922678957,PCR-194-07251338
PCR,2026-07-25,B,25,false,false,197,GT 2568 HT2,255/65 R 18 Ranger HT2 111 H,R18,R18,1325225518111HRHB0,1,G::PCR::GT 2568 HT2,629.0,629.0,0.0,2026-07-25 15:23,2026-07-29 18:57,99.57,PCR-197-07251523
PCR,2026-07-25,B,25,false,false,31,GT 1513 XPC1 MSIL,155 R13 C ULTIMA XPC1 90/89 S TL (MSIL) (+1 SKUs),R13,R13,1D25215013008SXC10,2,G::PCR::GT 1513 XPC1 MSIL,945.0,785.0,160.0,2026-07-25 15:33,2026-08-01 05:59,158.44,PCR-31-07251533
PCR,2026-07-25,B,25,false,false,32,GT 1513 XPC1 MSIL,155 R13 C ULTIMA XPC1 90/89 S TL (MSIL) (+1 SKUs),R13,R13,1D25215013008SXC10,2,G::PCR::GT 1513 XPC1 MSIL,945.0,785.0,160.0,2026-07-25 16:07,2026-08-01 06:34,158.44,PCR-32-07251607
PCR,2026-07-25,B,25,false,false,124,GT 3125 RAN MT,31X10.5 R15 RANGER MT,R15,R15,1325231015109QRMT0,1,G::PCR::GT 3125 RAN MT,722.0,998.0,0.0,2026-07-25 20:11,2026-08-01 07:00,154.8002134368682,PCR-124-07252011
PCR,2026-07-25,B,25,false,false,39,GT 1773 NEO,175/70 R13 ULTIMA NEO,R13,R13,1325217613082TUNE0,1,G::PCR::GT 1773 NEO,845.0,845.0,0.0,2026-07-25 20:57,2026-07-30 10:57,110.01,PCR-39-07252057
PCR,2026-07-25,B,25,false,false,27,GT 1543 XPC1,155 R13 ULTIMA XPC1 TML (+2 SKUs),R13,R13,1D25215013008SXC1T,3,G::PCR::GT 1513 XPC1 MSIL,866.0,866.0,0.0,2026-07-25 21:33,2026-08-01 06:51,153.3,PCR-27-07252133
PCR,2026-07-25,C,25,false,false,121,GT 1543 XPC1,155 R13 ULTIMA XPC1 TML (+2 SKUs),R13,R13,1D25215013008SXC1T,3,G::PCR::GT 1513 XPC1 MSIL,856.0,866.0,0.0,2026-07-25 23:29,2026-08-01 07:00,151.50199657181787,PCR-121-07252329
PCR,2026-07-25,C,25,false,false,258,GT 1844 XPC TML,185 R14 ULTIMA XPC 10 PR (+1 SKUs),R14,R14,1D25218014010RXPCT,2,G::PCR::GT 1844 XPC TML,756.0,821.0,0.0,2026-07-25 23:30,2026-08-01 07:00,151.49049839136026,PCR-258-07252330
PCR,2026-07-25,C,25,false,false,233,GT 2267 ROYL HYU,215/60 R17 UX ROYALE HYUNDAI (+9 SKUs),R17,R17,1325221417096HURL0,10,G::PCR::GT 2267 ROYL HYU,339.0,339.0,0.0,2026-07-26 00:18,2026-07-28 01:12,48.9,PCR-233-07260018
PCR,2026-07-25,C,25,false,false,232,GT 2368 EZO TOU,235/60 R18 ELANZO TOURING,R18,R18,1325223418103VETR0,1,G::PCR::GT 2368 EZO TOU,723.0,723.0,0.0,2026-07-26 06:18,2026-07-31 00:44,114.45,PCR-232-07260618
PCR,2026-07-25,C,25,false,false,297,GT 2158 ROYL HYU,215/55R18 UX ROYALE (+1 SKUs),R18,R18,1325221318095HURL0,2,G::PCR::GT 2158 ROYL HYU,569.0,569.0,0.0,2026-07-26 06:30,2026-07-30 05:54,95.4,PCR-297-07260630
PCR,2026-07-26,A,26,false,false,26,GT 1503 NEO MSIL,155/80 R13 ULTIMA NEO MSIL (+6 SKUs),R13,R13,1325215813079TUNE3,7,G::PCR::GT 1503 NEO MSIL,710.0,710.0,0.0,2026-07-26 09:58,2026-07-30 03:45,89.78,PCR-26-07260958
PCR,2026-07-26,A,26,false,false,33,GT 1412 XPC MM,145 R12 ULTIMA XPC (+6 SKUs),"",R12,1D25114012008QXPC0,7,G::PCR::GT 1402 XPC TATA,794.0,794.0,0.0,2026-07-26 11:09,2026-07-31 20:33,129.4,PCR-33-07261109
PCR,2026-07-26,A,26,false,false,34,GT 1402 XPC TATA,145 R12 ULTIMA XPC TL TATA (+14 SKUs),R12,R12,1D25214012008QXPCT,15,G::PCR::GT 1402 XPC TATA,732.0,867.0,0.0,2026-07-26 11:09,2026-08-01 07:00,139.84038964762695,PCR-34-07261109
PCR,2026-07-26,A,26,false,false,37,GT 1503 NEO MSIL,155/80 R13 ULTIMA NEO MSIL (+6 SKUs),R13,R13,1325215813079TUNE3,7,G::PCR::GT 1503 NEO MSIL,710.0,710.0,0.0,2026-07-26 11:09,2026-07-30 04:56,89.78,PCR-37-07261109
PCR,2026-07-26,A,26,false,false,38,GT 1503 NEO MSIL,155/80 R13 ULTIMA NEO MSIL (+6 SKUs),R13,R13,1325215813079TUNE3,7,G::PCR::GT 1503 NEO MSIL,710.0,710.0,0.0,2026-07-26 11:09,2026-07-30 04:56,89.78,PCR-38-07261109
PCR,2026-07-26,A,26,false,false,126,GT 1844 XPC TML,185 R14 ULTIMA XPC 10 PR (+1 SKUs),R14,R14,1D25218014010RXPCT,2,G::PCR::GT 1844 XPC TML,697.0,821.0,0.0,2026-07-26 11:20,2026-08-01 07:00,139.64986492827796,PCR-126-07261120
PCR,2026-07-26,B,26,false,false,127,GT 1634 XPC TATA,165 R14 ULTIMA XPC TATA TL (+5 SKUs),R14,R14,1D25216814008QXPC0,6,G::PCR::GT 1634 XPC TATA,573.0,573.0,0.0,2026-07-26 16:08,2026-07-30 21:34,101.44,PCR-127-07261608
PCR,2026-07-26,B,26,false,false,198,GT 2258 RAN HPE,225/55 R 18 Ranger Hpe (+1 SKUs),R 18,R18,1325222318098HRHE0,2,G::PCR::GT 2258 RAN HPE,616.0,616.0,0.0,2026-07-26 16:19,2026-07-30 17:49,97.51,PCR-198-07261619
PCR,2026-07-26,B,26,false,false,122,GT 1684 ROYL,165/80 R 14 UX ROYALE,R 14,R14,1325216814085TURL2,1,G::PCR::GT 1684 ROYL,770.0,770.0,0.0,2026-07-26 17:39,2026-07-31 08:43,111.07,PCR-122-07261739
PCR,2026-07-26,B,26,false,false,29,GT 1583 NEO TATA,155/80 R13 ULTIMA NEO LRR (+2 SKUs),R13,R13,1325215813079TUNE5,3,G::PCR::GT 1583 NEO TATA,598.0,598.0,0.0,2026-07-26 19:18,2026-07-30 12:21,89.06,PCR-29-07261918
PCR,2026-07-26,B,26,false,false,295,GT 2158 ROYL HYU,215/55R18 UX ROYALE (+1 SKUs),R18,R18,1325221318095HURL0,2,G::PCR::GT 2158 ROYL HYU,569.0,569.0,0.0,2026-07-26 20:03,2026-07-30 19:27,95.4,PCR-295-07262003
PCR,2026-07-26,B,26,false,false,234,GT 2568 HT2,255/65 R 18 Ranger HT2 111 H,R18,R18,1325225518111HRHB0,1,G::PCR::GT 2568 HT2,629.0,620.0,9.0,2026-07-26 20:13,2026-07-30 23:47,99.57,PCR-234-07262013
PCR,2026-07-26,B,26,false,false,43,GT  T1457 STAR,T145/70 R17 STAR XT (+2 SKUs),R17,R17,1325214617107MSXT0,3,G::PCR::GT  T1457 STAR,699.0,699.0,0.0,2026-07-26 21:42,2026-07-31 12:21,110.65,PCR-43-07262142
PCR,2026-07-26,B,26,false,false,296,GT 1925 XPC1,195 R15 ULTIMA XPC1 AL,R15,R15,1225219Z15008SXC11,1,G::PCR::GT 1925 XPC1,550.0,670.0,0.0,2026-07-26 22:39,2026-08-01 07:00,128.33838296858693,PCR-296-07262239
PCR,2026-07-26,C,26,false,false,24,GT 1482 UHL,145/80 R 12 ULTIMA HI LIFE TL (+13 SKUs),R12,R12,1325214812074TUHL0,14,G::PCR::GT 1482 UHL,644.0,644.0,0.0,2026-07-27 00:56,2026-07-31 00:50,95.91,PCR-24-07270056
PCR,2026-07-26,C,26,false,false,42,GT 1482 UHL,145/80 R 12 ULTIMA HI LIFE TL (+13 SKUs),R12,R12,1325214812074TUHL0,14,G::PCR::GT 1482 UHL,644.0,644.0,0.0,2026-07-27 00:57,2026-07-31 00:52,95.91,PCR-42-07270057
PCR,2026-07-26,C,26,false,false,236,GT 1513 XPC1 MSIL,155 R13 C ULTIMA XPC1 90/89 S TL (MSIL) (+1 SKUs),R13,R13,1D25215013008SXC10,2,G::PCR::GT 1513 XPC1 MSIL,567.0,567.0,0.0,2026-07-27 02:13,2026-07-31 01:17,95.06,PCR-236-07270213
PCR,2026-07-26,C,26,false,false,30,GT 1513 XPC1 MSIL,155 R13 C ULTIMA XPC1 90/89 S TL (MSIL) (+1 SKUs),R13,R13,1D25215013008SXC10,2,G::PCR::GT 1513 XPC1 MSIL,567.0,567.0,0.0,2026-07-27 02:13,2026-07-31 01:17,95.06,PCR-30-07270213
PCR,2026-07-26,C,26,false,false,184,GT 2476 SUP MM,245/75 R16 ELANZO SUPRA,"",R16,1325224716111SELS0,1,G::PCR::GT 2476 SUP MM,614.0,575.0,39.0,2026-07-27 03:46,2026-07-31 07:50,100.07,PCR-184-07270346
PCR,2026-07-26,C,26,false,false,52,GT 1925 XPC1,195 R15 ULTIMA XPC1 AL,R15,R15,1225219Z15008SXC11,1,G::PCR::GT 1925 XPC1,520.0,670.0,0.0,2026-07-27 05:48,2026-08-01 07:00,121.19811788380142,PCR-52-07270548
PCR,2026-07-26,C,26,false,false,191,GT 1513 XPC1 MSIL,155 R13 C ULTIMA XPC1 90/89 S TL (MSIL) (+1 SKUs),R13,R13,1D25215013008SXC10,2,G::PCR::GT 1513 XPC1 MSIL,567.0,567.0,0.0,2026-07-27 05:58,2026-07-31 05:02,95.06,PCR-191-07270558
PCR,2026-07-26,C,26,false,false,45,GT 1402 XPC TATA,145 R12 ULTIMA XPC TL TATA (+14 SKUs),R12,R12,1D25214012008QXPCT,15,G::PCR::GT 1402 XPC TATA,520.0,520.0,0.0,2026-07-27 06:29,2026-07-31 09:51,99.36,PCR-45-07270629
PCR,2026-07-27,A,27,false,false,307,GT 2476 SUP MM,245/75 R16 ELANZO SUPRA,"",R16,1325224716111SELS0,1,G::PCR::GT 2476 SUP MM,614.0,614.0,0.0,2026-07-27 10:44,2026-07-31 14:48,100.07,PCR-307-07271044
PCR,2026-07-27,C,27,false,false,48,GT 1402 XPC TATA,145 R12 ULTIMA XPC TL TATA (+14 SKUs),R12,R12,1D25214012008QXPCT,15,G::PCR::GT 1402 XPC TATA,520.0,520.0,0.0,2026-07-27 23:32,2026-08-01 02:54,99.36,PCR-48-07272332
PCR,2026-07-27,C,27,false,false,51,GT 1854 XPC TT,185 R 14 Ultima XPC 10 PR TT (+1 SKUs),R14,R14,1D25118014010RXPC0,2,G::PCR::GT 1844 XPC TML,478.0,813.0,0.0,2026-07-28 00:26,2026-08-01 07:00,102.54957542045385,PCR-51-07280026
PCR,2026-07-27,C,27,false,false,233,GT 2267 ROYL HYU,215/60 R17 UX ROYALE HYUNDAI (+9 SKUs),R17,R17,1325221417096HURL0,10,G::PCR::GT 2267 ROYL HYU,339.0,179.0,160.0,2026-07-28 01:12,2026-07-30 02:06,48.9,PCR-233-07280112
PCR,2026-07-27,C,27,false,false,287,GT 1513 XPC1 MSIL,155 R13 C ULTIMA XPC1 90/89 S TL (MSIL) (+1 SKUs),R13,R13,1D25215013008SXC10,2,G::PCR::GT 1513 XPC1 MSIL,567.0,567.0,0.0,2026-07-28 01:24,2026-08-01 00:28,95.06,PCR-287-07280124
PCR,2026-07-27,C,27,false,false,36,GT 1513 XPC1 MSIL,155 R13 C ULTIMA XPC1 90/89 S TL (MSIL) (+1 SKUs),R13,R13,1D25215013008SXC10,2,G::PCR::GT 1513 XPC1 MSIL,567.0,567.0,0.0,2026-07-28 02:32,2026-08-01 01:36,95.06,PCR-36-07280232
PCR,2026-07-28,A,28,false,false,40,GT 2476 SUP MM,245/75 R16 ELANZO SUPRA,"",R16,1325224716111SELS0,1,G::PCR::GT 2476 SUP MM,577.0,614.0,0.0,2026-07-28 08:54,2026-08-01 07:00,94.08677836010237,PCR-40-07280854
PCR,2026-07-28,A,28,false,false,259,GT 1543 XPC1,155 R13 ULTIMA XPC1 TML (+2 SKUs),R13,R13,1D25215013008SXC1T,3,G::PCR::GT 1513 XPC1 MSIL,519.0,519.0,0.0,2026-07-28 09:05,2026-08-01 04:58,91.88,PCR-259-07280905
PCR,2026-07-28,A,28,false,false,35,GT 1513 XPC1 MSIL,155 R13 C ULTIMA XPC1 90/89 S TL (MSIL) (+1 SKUs),R13,R13,1D25215013008SXC10,2,G::PCR::GT 1513 XPC1 MSIL,547.0,567.0,0.0,2026-07-28 11:16,2026-08-01 07:00,91.72870845581575,PCR-35-07281116
PCR,2026-07-28,B,28,false,false,53,GT 1844 XPC TML,185 R14 ULTIMA XPC 10 PR (+1 SKUs),R14,R14,1D25218014010RXPCT,2,G::PCR::GT 1844 XPC TML,412.0,342.0,150.0,2026-07-28 20:24,2026-08-01 07:00,82.59487154353381,PCR-53-07282024
PCR,2026-07-28,C,28,false,false,120,GT 1513 XPC1 MSIL,155 R13 C ULTIMA XPC1 90/89 S TL (MSIL) (+1 SKUs),R13,R13,1D25215013008SXC10,2,G::PCR::GT 1513 XPC1 MSIL,463.0,567.0,0.0,2026-07-29 01:26,2026-08-01 07:00,77.55106718951804,PCR-120-07290126
PCR,2026-07-28,C,28,false,false,23,GT 1402 XPC TATA,145 R12 ULTIMA XPC TL TATA (+14 SKUs),R12,R12,1D25214012008QXPCT,15,G::PCR::GT 1402 XPC TATA,395.0,520.0,0.0,2026-07-29 03:31,2026-08-01 07:00,75.47868859608658,PCR-23-07290331
PCR,2026-07-28,C,28,false,false,203,GT 1543 XPC1,155 R13 ULTIMA XPC1 TML (+2 SKUs),R13,R13,1D25215013008SXC1T,3,G::PCR::GT 1513 XPC1 MSIL,415.0,519.0,0.0,2026-07-29 05:34,2026-08-01 07:00,73.42371906698311,PCR-203-07290534
PCR,2026-07-29,A,29,false,false,209,GT 2267 ROYL HYU,215/60 R17 UX ROYALE HYUNDAI (+9 SKUs),R17,R17,1325221417096HURL0,10,G::PCR::GT 2267 ROYL HYU,339.0,339.0,0.0,2026-07-29 07:58,2026-07-31 08:52,48.9,PCR-209-07290758
PCR,2026-07-29,A,29,false,false,210,GT 2267 ROYL HYU,215/60 R17 UX ROYALE HYUNDAI (+9 SKUs),R17,R17,1325221417096HURL0,10,G::PCR::GT 2267 ROYL HYU,339.0,179.0,160.0,2026-07-29 10:55,2026-07-31 11:49,48.9,PCR-210-07291055
PCR,2026-07-29,B,29,false,false,47,GT 1894 MAX,185/70 R14 TAXIMAX (+6 SKUs),R14,R14,1325218614088TTMX0,7,G::PCR::GT 1894 MAX,374.0,374.0,0.0,2026-07-29 15:22,2026-07-31 17:07,49.74,PCR-47-07291522
PCR,2026-07-29,B,29,false,false,195,GT 2267 ROYL PG,215/60 R 17 UX ROYALE PUNCTURE GUARD,R17,R17,1325221417096HURP0,1,G::PCR::GT 2267 ROYL PG,378.0,378.0,0.0,2026-07-29 15:22,2026-07-31 21:54,54.52,PCR-195-07291522
PCR,2026-07-29,B,29,false,false,235,GT 1503 NEO MSIL,155/80 R13 ULTIMA NEO MSIL (+6 SKUs),R13,R13,1325215813079TUNE3,7,G::PCR::GT 1503 NEO MSIL,368.0,368.0,0.0,2026-07-29 17:17,2026-07-31 15:49,46.53,PCR-235-07291717
PCR,2026-07-29,B,29,false,false,197,GT 2568 HT2,255/65 R 18 Ranger HT2 111 H,R18,R18,1325225518111HRHB0,1,G::PCR::GT 2568 HT2,326.0,169.0,157.0,2026-07-29 18:57,2026-07-31 22:33,51.6,PCR-197-07291857
PCR,2026-07-29,B,29,false,false,187,GT 2568 HT2,255/65 R 18 Ranger HT2 111 H,R18,R18,1325225518111HRHB0,1,G::PCR::GT 2568 HT2,326.0,326.0,0.0,2026-07-29 22:42,2026-08-01 02:18,51.6,PCR-187-07292242
PCR,2026-07-29,C,29,false,false,28,GT 1503 NEO MSIL,155/80 R13 ULTIMA NEO MSIL (+6 SKUs),R13,R13,1325215813079TUNE3,7,G::PCR::GT 1503 NEO MSIL,368.0,368.0,0.0,2026-07-29 23:14,2026-07-31 21:46,46.53,PCR-28-07292314
PCR,2026-07-29,C,29,false,false,188,GT 1916 ROYL,195/60 R16 UX ROYALE 89 H (+2 SKUs),R16,R16,1325219416089HURL1,3,G::PCR::GT 1916 ROYL,312.0,312.0,0.0,2026-07-29 23:28,2026-07-31 21:56,46.47,PCR-188-07292328
PCR,2026-07-29,C,29,false,false,286,GT 1844 XPC TML,185 R14 ULTIMA XPC 10 PR (+1 SKUs),R14,R14,1D25218014010RXPCT,2,G::PCR::GT 1844 XPC TML,268.0,492.0,0.0,2026-07-30 01:12,2026-08-01 07:00,53.787474614320764,PCR-286-07300112
PCR,2026-07-29,C,29,false,false,190,GT 1513 XPC1 MSIL,155 R13 C ULTIMA XPC1 90/89 S TL (MSIL) (+1 SKUs),R13,R13,1D25215013008SXC10,2,G::PCR::GT 1513 XPC1 MSIL,294.0,142.0,152.0,2026-07-30 02:15,2026-08-01 03:33,49.29,PCR-190-07300215
PCR,2026-07-29,C,29,false,false,196,GT 1513 XPC1 MSIL,155 R13 C ULTIMA XPC1 90/89 S TL (MSIL) (+1 SKUs),R13,R13,1D25215013008SXC10,2,G::PCR::GT 1513 XPC1 MSIL,294.0,142.0,152.0,2026-07-30 02:15,2026-08-01 03:33,49.29,PCR-196-07300215
PCR,2026-07-29,C,29,false,false,37,GT 1503 NEO MSIL,155/80 R13 ULTIMA NEO MSIL (+6 SKUs),R13,R13,1325215813079TUNE3,7,G::PCR::GT 1503 NEO MSIL,368.0,368.0,0.0,2026-07-30 04:56,2026-08-01 03:28,46.53,PCR-37-07300456
PCR,2026-07-29,C,29,false,false,298,GT 2258 RAN HPE,225/55 R 18 Ranger Hpe (+1 SKUs),R 18,R18,1325222318098HRHE0,2,G::PCR::GT 2258 RAN HPE,316.0,168.0,151.0,2026-07-30 04:56,2026-08-01 07:00,50.06079226330295,PCR-298-07300456
PCR,2026-07-29,C,29,false,false,297,GT 2158 ROYL HYU,215/55R18 UX ROYALE (+1 SKUs),R18,R18,1325221318095HURL0,2,G::PCR::GT 2158 ROYL HYU,293.0,295.0,0.0,2026-07-30 05:54,2026-08-01 07:00,49.096662585507765,PCR-297-07300554
PCR,2026-07-30,A,30,false,false,50,GT 1925 XPC1,195 R15 ULTIMA XPC1 AL,R15,R15,1225219Z15008SXC11,1,G::PCR::GT 1925 XPC1,201.0,402.0,0.0,2026-07-30 08:04,2026-08-01 07:00,46.92861312744058,PCR-50-07300804
PCR,2026-07-30,A,30,false,false,208,GT 2666 RAN HT,265/70R16 RANGER HT,R16,R16,1325226616111TRHT0,1,G::PCR::GT 2666 RAN HT,289.0,495.0,0.0,2026-07-30 09:16,2026-08-01 07:00,45.72180630889328,PCR-208-07300916
PCR,2026-07-30,A,30,false,false,26,GT1564 NEO,155/65 R14 ULTIMA NEO,R14,R14,1325215514075TUNE0,1,G::PCR::GT1564 NEO,329.0,380.0,0.0,2026-07-30 10:55,2026-08-01 07:00,44.082683512525236,PCR-26-07301055
PCR,2026-07-30,A,30,false,false,38,GT 1583 NEO TATA,155/80 R13 ULTIMA NEO LRR (+2 SKUs),R13,R13,1325215813079TUNE5,3,G::PCR::GT 1583 NEO TATA,288.0,309.0,0.0,2026-07-30 12:06,2026-08-01 07:00,42.90014595720279,PCR-38-07301206
PCR,2026-07-30,A,30,false,false,44,GT  T1457 STAR,T145/70 R17 STAR XT (+2 SKUs),R17,R17,1325214617107MSXT0,3,G::PCR::GT  T1457 STAR,268.0,362.0,0.0,2026-07-30 12:37,2026-08-01 07:00,42.37967297987755,PCR-44-07301237
PCR,2026-07-30,A,30,false,false,185,GT 2476 SUP MM,245/75 R16 ELANZO SUPRA,"",R16,1325224716111SELS0,1,G::PCR::GT 2476 SUP MM,257.0,318.0,0.0,2026-07-30 13:07,2026-08-01 07:00,41.88597384429853,PCR-185-07301307
PCR,2026-07-30,B,30,false,false,198,GT 2258 RAN HPE,225/55 R 18 Ranger Hpe (+1 SKUs),R 18,R18,1325222318098HRHE0,2,G::PCR::GT 2258 RAN HPE,235.0,11.0,308.0,2026-07-30 17:49,2026-08-01 07:00,37.175142890149246,PCR-198-07301749
PCR,2026-07-30,B,30,false,false,39,GT 1773 NEOPS,175/70 R13 TORNEL ULTIMA NEO+,R13,R13,1325217613082TUNEE,1,G::PCR::GT 1773 NEO,305.0,664.0,0.0,2026-07-30 18:07,2026-08-01 07:00,36.86760515883321,PCR-39-07301807
PCR,2026-07-30,B,30,false,false,193,GT 1634 XPC TATA,165 R14 ULTIMA XPC TATA TL (+5 SKUs),R14,R14,1D25216814008QXPC0,6,G::PCR::GT 1634 XPC TATA,204.0,297.0,0.0,2026-07-30 18:53,2026-08-01 07:00,36.11117817367231,PCR-193-07301853
PCR,2026-07-30,B,30,false,false,295,GT 2158 ROYL HYU,215/55R18 UX ROYALE (+1 SKUs),R18,R18,1325221318095HURL0,2,G::PCR::GT 2158 ROYL HYU,212.0,295.0,0.0,2026-07-30 19:27,2026-08-01 07:00,35.53873251934806,PCR-295-07301927
PCR,2026-07-30,B,30,false,false,29,GT 1513 XPC1 MSIL,155 R13 C ULTIMA XPC1 90/89 S TL (MSIL) (+1 SKUs),R13,R13,1D25215013008SXC10,2,G::PCR::GT 1513 XPC1 MSIL,212.0,294.0,0.0,2026-07-30 19:31,2026-08-01 07:00,35.46741183431953,PCR-29-07301931
PCR,2026-07-30,B,30,false,false,212,GT 1865 ROYL RENO,185/65 R15 UX ROYALE (+2 SKUs),R15,R15,1325218515088TURL1,3,G::PCR::GT 1865 ROYL RENO,239.0,362.0,157.0,2026-07-30 20:29,2026-08-01 07:00,34.499809205058185,PCR-212-07302029
PCR,2026-07-30,B,30,false,false,49,GT 2476 SUP MM,245/75 R16 ELANZO SUPRA,"",R16,1325224716111SELS0,1,G::PCR::GT 2476 SUP MM,210.0,318.0,0.0,2026-07-30 20:47,2026-08-01 07:00,34.211828058421546,PCR-49-07302047
PCR,2026-07-30,B,30,false,false,127,GT 1634 XPC TATA,165 R14 ULTIMA XPC TATA TL (+5 SKUs),R14,R14,1D25216814008QXPC0,6,G::PCR::GT 1634 XPC TATA,189.0,223.0,74.0,2026-07-30 21:34,2026-08-01 07:00,33.4198964475158,PCR-127-07302134
PCR,2026-07-30,B,30,false,false,189,GT 1513 XPC1 MSIL,155 R13 C ULTIMA XPC1 90/89 S TL (MSIL) (+1 SKUs),R13,R13,1D25215013008SXC10,2,G::PCR::GT 1513 XPC1 MSIL,199.0,142.0,152.0,2026-07-30 21:42,2026-08-01 07:00,33.29498529163144,PCR-189-07302142
PCR,2026-07-30,B,30,false,false,206,GT 2275 RAN A/T,215/70 R15 RANGER AT,R15,R15,1325221615109SRAT0,1,G::PCR::GT 2275 RAN A/T,192.0,450.0,0.0,2026-07-30 22:48,2026-08-01 07:00,32.19947810815587,PCR-206-07302248
PCR,2026-07-30,C,30,false,false,119,GT 1925 XPC1,195 R15 ULTIMA XPC1 AL,R15,R15,1225219Z15008SXC11,1,G::PCR::GT 1925 XPC1,135.0,402.0,0.0,2026-07-30 23:35,2026-08-01 07:00,31.414636320002845,PCR-119-07302335
PCR,2026-07-30,C,30,false,false,24,GT 1482 UHL,145/80 R 12 ULTIMA HI LIFE TL (+13 SKUs),R12,R12,1325214812074TUHL0,14,G::PCR::GT 1482 UHL,202.0,333.0,0.0,2026-07-31 00:50,2026-08-01 07:00,30.152368805767004,PCR-24-07310050
PCR,2026-07-30,C,30,false,false,42,GT 1482 UHL,145/80 R 12 ULTIMA HI LIFE TL (+13 SKUs),R12,R12,1325214812074TUHL0,14,G::PCR::GT 1482 UHL,202.0,333.0,0.0,2026-07-31 00:52,2026-08-01 07:00,30.124036900741043,PCR-42-07310052
PCR,2026-07-30,C,30,false,false,236,GT 1513 XPC1 MSIL,155 R13 C ULTIMA XPC1 90/89 S TL (MSIL) (+1 SKUs),R13,R13,1D25215013008SXC10,2,G::PCR::GT 1513 XPC1 MSIL,177.0,294.0,0.0,2026-07-31 01:17,2026-08-01 07:00,29.708717666948438,PCR-236-07310117
PCR,2026-07-30,C,30,false,false,30,GT 1513 XPC1 MSIL,155 R13 C ULTIMA XPC1 90/89 S TL (MSIL) (+1 SKUs),R13,R13,1D25215013008SXC10,2,G::PCR::GT 1513 XPC1 MSIL,177.0,294.0,0.0,2026-07-31 01:17,2026-08-01 07:00,29.705662214708365,PCR-30-07310117
PCR,2026-07-30,C,30,false,false,289,GT1915 LT XPC1,195 R15 ULTIMA XPC1,"",R15,1225219Z15008SXC10,1,G::PCR::GT1915 LT XPC1,143.0,292.0,0.0,2026-07-31 01:39,2026-08-01 07:00,29.337601970068683,PCR-289-07310139
PCR,2026-07-30,C,30,false,false,186,GT 2476 SUP MM,245/75 R16 ELANZO SUPRA,"",R16,1325224716111SELS0,1,G::PCR::GT 2476 SUP MM,178.0,318.0,0.0,2026-07-31 01:55,2026-08-01 07:00,29.07563687525124,PCR-186-07310155
PCR,2026-07-30,C,30,false,false,234,GT 2455 RAN A/T,215/75 R15 RANGER AT,R15,R15,1325221715100SRAT0,1,G::PCR::GT 2455 RAN A/T,150.0,294.0,0.0,2026-07-31 05:47,2026-08-01 07:00,25.205258833474215,PCR-234-07310547
PCR,2026-07-31,A,31,false,false,45,GT 1402 XPC TATA,145 R12 ULTIMA XPC TL TATA (+14 SKUs),R12,R12,1D25214012008QXPCT,15,G::PCR::GT 1402 XPC TATA,111.0,269.0,0.0,2026-07-31 09:51,2026-08-01 07:00,21.148676210703805,PCR-45-07310951
PCR,2026-07-31,A,31,false,false,191,GT 1402 XPC TATA,145 R12 ULTIMA XPC TL TATA (+14 SKUs),R12,R12,1D25214012008QXPCT,15,G::PCR::GT 1402 XPC TATA,104.0,249.0,20.0,2026-07-31 11:02,2026-08-01 07:00,19.953934618481707,PCR-191-07311102
PCR,2026-07-31,A,31,false,false,205,GT 1925 XPC1,195 R15 ULTIMA XPC1 AL,R15,R15,1225219Z15008SXC11,1,G::PCR::GT 1925 XPC1,78.0,208.0,0.0,2026-07-31 12:50,2026-08-01 07:00,18.156736506373182,PCR-205-07311250
PCR,2026-07-31,A,31,false,false,25,GT 1402 XPC TATA,145 R12 ULTIMA XPC TL TATA (+14 SKUs),R12,R12,1D25214012008QXPCT,15,G::PCR::GT 1402 XPC TATA,87.0,269.0,0.0,2026-07-31 14:22,2026-08-01 07:00,16.62749179893751,PCR-25-07311422
PCR,2026-07-31,A,31,false,false,122,GT 1844 XPC TML,185 R14 ULTIMA XPC 10 PR (+1 SKUs),R14,R14,1D25218014010RXPCT,2,G::PCR::GT 1844 XPC TML,81.0,255.0,0.0,2026-07-31 14:43,2026-08-01 07:00,16.27837042471672,PCR-122-07311443
PCR,2026-07-31,B,31,false,false,46,GT 1925 XPC1,195 R15 ULTIMA XPC1 AL,R15,R15,1225219Z15008SXC11,1,G::PCR::GT 1925 XPC1,51.0,208.0,0.0,2026-07-31 19:07,2026-08-01 07:00,11.87153070923854,PCR-46-07311907
PCR,2026-07-31,B,31,false,false,207,GT 1543 XPC1,155 R13 ULTIMA XPC1 TML (+2 SKUs),R13,R13,1D25215013008SXC1T,3,G::PCR::GT 1513 XPC1 MSIL,54.0,269.0,0.0,2026-07-31 21:26,2026-08-01 07:00,9.558666868886023,PCR-207-07312126
PCR,2026-07-31,B,31,false,false,235,GT 1543 XPC1,155 R13 ULTIMA XPC1 TML (+2 SKUs),R13,R13,1D25215013008SXC1T,3,G::PCR::GT 1513 XPC1 MSIL,52.0,269.0,0.0,2026-07-31 21:49,2026-08-01 07:00,9.170053490908877,PCR-235-07312149
TBR,2026-07-01,A,1,false,false,133,10.00 R 20 JUH5,10.00 R 20 JW JUH5 - N2 (+1 SKUs),10.00 R 20 JUH5,R20,1122110020016KUH50,2,G::TBR::10.00 R 20 JUH5,1226.0,1302.0,0.0,2026-07-01 07:00,2026-08-01 07:00,743.9979070994058,TBR-133-07010700
TBR,2026-07-01,A,1,false,false,134,295/80R22.5JUL1,295/80R22.5 JUM (+2 SKUs),"",R22.5,112222982C016MJUM0,3,G::TBR::295/80R22.5JUL1,1189.0,1164.0,25.0,2026-07-01 07:00,2026-07-31 20:22,733.37,TBR-134-07010700
TBR,2026-07-01,A,1,false,false,135,10.00 R 20 JUH3+,10.00 R 20 JW JETWAY JUH3+ N2 (+1 SKUs),"",R20,1122110020016KH3P0,2,G::TBR::10.00 R 20 JUH3+,1286.0,1286.0,0.0,2026-07-01 07:00,2026-07-31 02:33,715.57,TBR-135-07010700
TBR,2026-07-01,A,1,false,false,136,10.00 R 20 JDE,295/90R20JDE++ (+4 SKUs),R20,R20,1121129A20000JDEP0,5,G::TBR::10.00 R 20 JDE,1226.0,1237.0,0.0,2026-07-01 07:00,2026-08-01 07:00,743.9958696084233,TBR-136-07010700
TBR,2026-07-01,A,1,false,false,137,GT 5083 - 295/80R22.5 JUM XM,295/80R22.5 JUM XM (+1 SKUs),22.5,R22.5,112222982C016MJXM0,2,G::TBR::GT 5083 - 295/80R22.5 JUM XM,1226.0,1237.0,0.0,2026-07-01 07:00,2026-08-01 07:00,743.9958696084233,TBR-137-07010700
TBR,2026-07-01,A,1,false,false,138,GT 5096 - 11.00R20 JDC XD,11.00R20 JDC XD (+2 SKUs),"",R20,1121111020016KCXD0,3,G::TBR::GT 5096 - 11.00R20 JDC XD,1187.0,1197.0,0.0,2026-07-01 07:00,2026-08-01 07:00,743.996970315085,TBR-138-07010700
TBR,2026-07-01,A,1,false,false,140,11.00R20JDE++,11.00R20 JDE++ (+1 SKUs),11.00R20,R20,1121111020016KDEP0,2,G::TBR::11.00R20JDE++,1132.0,1163.0,25.0,2026-07-01 07:00,2026-08-01 07:00,743.9978818957603,TBR-140-07010700
TBR,2026-07-01,A,1,false,false,142,10.00 R 20 JUH5,10.00 R 20 JW JUH5 - N2 (+1 SKUs),10.00 R 20 JUH5,R20,1122110020016KUH50,2,G::TBR::10.00 R 20 JUH5,1113.0,1113.0,0.0,2026-07-01 07:00,2026-07-29 10:17,675.3,TBR-142-07010700
TBR,2026-07-01,A,1,false,false,143,10.00 R 20 JUH5,10.00 R 20 JW JUH5 - N2 (+1 SKUs),10.00 R 20 JUH5,R20,1122110020016KUH50,2,G::TBR::10.00 R 20 JUH5,1113.0,1113.0,0.0,2026-07-01 07:00,2026-07-29 10:17,675.3,TBR-143-07010700
TBR,2026-07-01,A,1,false,false,145,10.00 R 20 JUH3+,10.00 R 20 JW JETWAY JUH3+ N2 (+1 SKUs),"",R20,1122110020016KH3P0,2,G::TBR::10.00 R 20 JUH3+,1009.0,980.0,29.0,2026-07-01 07:00,2026-07-24 16:26,561.44,TBR-145-07010700
TBR,2026-07-01,A,1,false,false,146,10.00 R 20 JUH3+,10.00 R 20 JW JETWAY JUH3+ N2 (+1 SKUs),"",R20,1122110020016KH3P0,2,G::TBR::10.00 R 20 JUH3+,1009.0,980.0,29.0,2026-07-01 07:00,2026-07-24 16:26,561.44,TBR-146-07010700
TBR,2026-07-01,A,1,false,false,147,10.00 R 20 JDE,295/90R20JDE++ (+4 SKUs),R20,R20,1121129A20000JDEP0,5,G::TBR::10.00 R 20 JDE,919.0,919.0,0.0,2026-07-01 07:00,2026-07-24 12:35,557.59,TBR-147-07010700
TBR,2026-07-01,A,1,false,false,150,8.25R20JUH5,8.25R20JUH5 (+4 SKUs),8.25R20,R20,1122182020016KUH50,5,G::TBR::8.25R20JUH5,1213.0,1213.0,0.0,2026-07-01 07:00,2026-07-27 21:19,638.33,TBR-150-07010700
TBR,2026-07-01,A,1,false,false,151,295/80R22.5JUL1,295/80R22.5 JUM (+2 SKUs),"",R22.5,112222982C016MJUM0,3,G::TBR::295/80R22.5JUL1,884.0,884.0,0.0,2026-07-01 07:00,2026-07-24 00:15,545.25,TBR-151-07010700
TBR,2026-07-01,A,1,false,false,152,8.25R20JDE++,8.25R20JDE++ (+2 SKUs),8.25R20,R20,1121182020016KDEP0,3,G::TBR::8.25R20JDE++,1211.0,1211.0,0.0,2026-07-01 07:00,2026-07-29 08:50,673.83,TBR-152-07010700
TBR,2026-07-01,A,1,false,false,153,295/75R22.5JTHSD,295/75R22.5JTHsd (+1 SKUs),"",R22.5,115222972C014LJTS0,2,G::TBR::295/75R22.5JTHSD,1007.0,1007.0,0.0,2026-07-01 07:00,2026-07-22 12:39,509.66,TBR-153-07010700
TBR,2026-07-01,A,1,false,false,154,11.00R20 JUH5,11.00R20 JUH5 (+2 SKUs),11R20,R20,1122111020016KUH50,3,G::TBR::11.00R20 JUH5,991.0,962.0,29.0,2026-07-01 07:00,2026-07-26 08:16,601.28,TBR-154-07010700
TBR,2026-07-01,A,1,false,false,158,GT 5078 - 295/80R22.5 JUX E,295/80R22.5 JUXe (+5 SKUs),"",R22.5,112222982C016JUXE0,6,G::TBR::GT 5078 - 295/80R22.5 JUX E,1026.0,1026.0,0.0,2026-07-01 07:00,2026-07-28 02:09,643.16,TBR-158-07010700
TBR,2026-07-01,A,1,false,false,159,8.25R20JUH5,8.25R20JUH5 (+4 SKUs),8.25R20,R20,1122182020016KUH50,5,G::TBR::8.25R20JUH5,853.0,822.0,31.0,2026-07-01 07:00,2026-07-19 23:53,448.88,TBR-159-07010700
TBR,2026-07-01,A,1,false,false,162,9.00 R 20 JDE++,9.00 R 20 JDE++ (+1 SKUs),9R20,R20,1121190020016KDEP0,2,G::TBR::9.00 R 20 JDE++,970.0,970.0,0.0,2026-07-01 07:00,2026-07-25 19:32,588.54,TBR-162-07010700
TBR,2026-07-01,A,1,false,false,163,11.00R20JDE++,11.00R20 JDE++ (+1 SKUs),11.00R20,R20,1121111020016KDEP0,2,G::TBR::11.00R20JDE++,882.0,882.0,0.0,2026-07-01 07:00,2026-07-25 10:30,579.52,TBR-163-07010700
TBR,2026-07-01,A,1,false,false,165,GT 5096 - 11.00R20 JDC XD,11.00R20 JDC XD (+2 SKUs),"",R20,1121111020016KCXD0,3,G::TBR::GT 5096 - 11.00R20 JDC XD,889.0,889.0,0.0,2026-07-01 07:00,2026-07-24 12:16,557.28,TBR-165-07010700
TBR,2026-07-01,A,1,false,false,166,GT 5079 - 255/70R22.5 JUX E,255/70R22.5 JUXe 140/137 M (+2 SKUs),22.5,R22.5,112222562C016MUXE0,3,G::TBR::GT 5079 - 255/70R22.5 JUX E,1179.0,1163.0,16.0,2026-07-01 07:00,2026-08-01 02:04,739.07,TBR-166-07010700
TBR,2026-07-01,A,1,false,false,167,GT 5079 - 255/70R22.5 JUX E,255/70R22.5 JUXe 140/137 M (+2 SKUs),22.5,R22.5,112222562C016MUXE0,3,G::TBR::GT 5079 - 255/70R22.5 JUX E,875.0,823.0,52.0,2026-07-01 07:00,2026-07-24 03:30,548.5,TBR-167-07010700
TBR,2026-07-01,A,1,false,false,168,295/90R20JDCXD,295/90R20_JDC XD_152/148_J_TT (+1 SKUs),10R20,R20,1121129A20152JCXD0,2,G::TBR::295/90R20JDCXD,972.0,972.0,0.0,2026-07-01 07:00,2026-07-25 20:44,589.75,TBR-168-07010700
TBR,2026-07-01,A,1,false,false,170,GT 5083 - 295/80R22.5 JUM XM,295/80R22.5 JUM XM (+1 SKUs),22.5,R22.5,112222982C016MJXM0,2,G::TBR::GT 5083 - 295/80R22.5 JUM XM,919.0,865.0,54.0,2026-07-01 07:00,2026-07-24 12:35,557.59,TBR-170-07010700
TBR,2026-07-01,A,1,false,false,172,295/80R22.5JDL,295/80R22.5 JDL CURE TYRE (+1 SKUs),"",R22.5,112122982C016MJDL0,2,G::TBR::295/80R22.5JDL,790.0,790.0,0.0,2026-07-01 07:00,2026-07-21 22:13,495.22,TBR-172-07010700
TBR,2026-07-01,A,1,false,false,173,GT 5095 - 11.00R20 JUC3,11.00R20 JUC3 (+1 SKUs),"",R20,1123111020016KJC30,2,G::TBR::GT 5095 - 11.00R20 JUC3,972.0,972.0,0.0,2026-07-01 07:00,2026-07-26 16:18,609.31,TBR-173-07010700
TBR,2026-07-01,A,1,false,false,220,295/90R20JDCXD,295/90R20_JDC XD_152/148_J_TT (+1 SKUs),10R20,R20,1121129A20152JCXD0,2,G::TBR::295/90R20JDCXD,683.0,683.0,0.0,2026-07-01 07:00,2026-07-18 13:24,414.4,TBR-220-07010700
TBR,2026-07-01,A,1,false,false,221,10.00 R 20 JDE,295/90R20JDE++ (+4 SKUs),R20,R20,1121129A20000JDEP0,5,G::TBR::10.00 R 20 JDE,647.0,620.0,27.0,2026-07-01 07:00,2026-07-17 15:33,392.56,TBR-221-07010700
TBR,2026-07-01,A,1,false,false,55,315/70R22.5JDL3,315/70R22.5 JS JDL3 (+1 SKUs),"",R22.5,115123162C018LDL30,2,G::TBR::315/70R22.5JDL3,811.0,811.0,0.0,2026-07-01 07:00,2026-07-22 11:23,508.38,TBR-55-07010700
TBR,2026-07-01,A,1,false,false,57,GT 5083 - 295/80R22.5 JUM XM,295/80R22.5 JUM XM (+1 SKUs),22.5,R22.5,112222982C016MJXM0,2,G::TBR::GT 5083 - 295/80R22.5 JUM XM,646.0,592.0,54.0,2026-07-01 07:00,2026-07-17 14:57,391.95,TBR-57-07010700
TBR,2026-07-01,A,1,false,false,58,295/80R22.5JUL1,295/80R22.5 JUM (+2 SKUs),"",R22.5,112222982C016MJUM0,3,G::TBR::295/80R22.5JUL1,622.0,570.0,52.0,2026-07-01 07:00,2026-07-17 06:38,383.65,TBR-58-07010700
TBR,2026-07-01,A,1,false,false,59,315/70R22.5JUL4,315/70R22.5 JW JUL4,"",R22.5,115223162C018LUL40,1,G::TBR::315/70R22.5JUL4,748.0,748.0,0.0,2026-07-01 07:00,2026-07-21 18:28,491.47,TBR-59-07010700
TBR,2026-07-01,A,1,false,false,60,8.25R20JUH5,8.25R20JUH5 (+4 SKUs),8.25R20,R20,1122182020016KUH50,5,G::TBR::8.25R20JUH5,628.0,568.0,60.0,2026-07-01 07:00,2026-07-15 01:28,330.48,TBR-60-07010700
TBR,2026-07-01,A,1,false,false,70,11.00R20JDE++,11.00R20 JDE++ (+1 SKUs),11.00R20,R20,1121111020016KDEP0,2,G::TBR::11.00R20JDE++,621.0,621.0,0.0,2026-07-01 07:00,2026-07-18 07:01,408.03,TBR-70-07010700
TBR,2026-07-01,B,1,false,false,139,GT 5076 - 295/90R20 JDE XF,295/90R20 JDE XF / JS121 (+3 SKUs),295/90R20,R20,1121129A20152JDLF0,4,G::TBR::GT 5076 - 295/90R20 JDE XF,1209.0,1282.0,0.0,2026-07-01 17:10,2026-08-01 07:00,733.823453921736,TBR-139-07011710
TBR,2026-07-01,B,1,false,false,141,GT 5075 - 295/90R20 JUH XF,295/90R20 JUH XF / JW 304 (+3 SKUs),295/90R20,R20,1122129A20152JULF0,4,G::TBR::GT 5075 - 295/90R20 JUH XF,1250.0,1250.0,0.0,2026-07-01 17:10,2026-07-31 17:52,720.69,TBR-141-07011710
TBR,2026-07-01,B,1,false,false,144,10.00R 20 JW302,295/90R20JUCXM (+1 SKUs),10R20,R20,1123129A20152JUCM0,2,G::TBR::10.00R 20 JW302,1064.0,1064.0,0.0,2026-07-01 17:10,2026-07-29 12:09,666.98,TBR-144-07011710
TBR,2026-07-01,B,1,false,false,148,GT 5076 - 295/90R20 JDE XF,295/90R20 JDE XF / JS121 (+3 SKUs),295/90R20,R20,1121129A20152JDLF0,4,G::TBR::GT 5076 - 295/90R20 JDE XF,952.0,952.0,0.0,2026-07-01 17:10,2026-07-25 18:47,577.61,TBR-148-07011710
TBR,2026-07-01,B,1,false,false,149,GT 5075 - 295/90R20 JUH XF,295/90R20 JUH XF / JW 304 (+3 SKUs),295/90R20,R20,1122129A20152JULF0,4,G::TBR::GT 5075 - 295/90R20 JUH XF,928.0,928.0,0.0,2026-07-01 17:10,2026-07-24 00:13,535.04,TBR-149-07011710
TBR,2026-07-01,B,1,false,false,157,8.25R20JDE++,8.25R20JDE++ (+2 SKUs),8.25R20,R20,1121182020016KDEP0,3,G::TBR::8.25R20JDE++,899.0,899.0,0.0,2026-07-01 17:10,2026-07-22 13:24,500.23,TBR-157-07011710
TBR,2026-07-01,B,1,false,false,161,GT 5103 - 295/80R22.5 JUM XM OEM,295/80R22.5 JUM XM OEM (+2 SKUs),22.5,R22.5,112222982C152MJXM0,3,G::TBR::GT 5083 - 295/80R22.5 JUM XM,1109.0,1109.0,0.0,2026-07-01 17:10,2026-07-28 08:34,639.4,TBR-161-07011710
TBR,2026-07-01,B,1,false,false,174,10.00 R 20 JUH5,10.00 R 20 JW JUH5 - N2 (+1 SKUs),10.00 R 20 JUH5,R20,1122110020016KUH50,2,G::TBR::10.00 R 20 JUH5,873.0,846.0,27.0,2026-07-01 17:10,2026-07-23 18:51,529.68,TBR-174-07011710
TBR,2026-07-01,B,1,false,false,175,10.00 R 20 JUH5,10.00 R 20 JW JUH5 - N2 (+1 SKUs),10.00 R 20 JUH5,R20,1122110020016KUH50,2,G::TBR::10.00 R 20 JUH5,873.0,846.0,27.0,2026-07-01 17:10,2026-07-23 18:51,529.68,TBR-175-07011710
TBR,2026-07-01,B,1,false,false,176,10.00 R 20 JUH5,10.00 R 20 JW JUH5 - N2 (+1 SKUs),10.00 R 20 JUH5,R20,1122110020016KUH50,2,G::TBR::10.00 R 20 JUH5,873.0,873.0,0.0,2026-07-01 17:10,2026-07-23 18:51,529.68,TBR-176-07011710
TBR,2026-07-01,B,1,false,false,177,10.00R 20 JW302,295/90R20JUCXM (+1 SKUs),10R20,R20,1123129A20152JUCM0,2,G::TBR::10.00R 20 JW302,790.0,790.0,0.0,2026-07-01 17:10,2026-07-22 08:23,495.22,TBR-177-07011710
TBR,2026-07-01,B,1,false,false,200,10.00 R 20 JUH3+,10.00 R 20 JW JETWAY JUH3+ N2 (+1 SKUs),"",R20,1122110020016KH3P0,2,G::TBR::10.00 R 20 JUH3+,710.0,710.0,0.0,2026-07-01 17:10,2026-07-18 04:14,395.06,TBR-200-07011710
TBR,2026-07-01,B,1,false,false,201,9.00 R 20 JUH3,9.00 R 20 JETWAY JUH3 14 PR N2 (+2 SKUs),"",R20,1122190020014KJH30,3,G::TBR::9.00 R 20 JUH3,873.0,873.0,0.0,2026-07-01 17:10,2026-07-20 03:01,441.84,TBR-201-07011710
TBR,2026-07-01,B,1,false,false,202,10.00 R 20 JUH3+,10.00 R 20 JW JETWAY JUH3+ N2 (+1 SKUs),"",R20,1122110020016KH3P0,2,G::TBR::10.00 R 20 JUH3+,710.0,710.0,0.0,2026-07-01 17:10,2026-07-18 04:14,395.06,TBR-202-07011710
TBR,2026-07-01,B,1,false,false,219,GT 5103 - 295/80R22.5 JUM XM OEM,295/80R22.5 JUM XM OEM (+2 SKUs),22.5,R22.5,112222982C152MJXM0,3,G::TBR::GT 5083 - 295/80R22.5 JUM XM,824.0,824.0,0.0,2026-07-01 17:10,2026-07-21 12:15,475.08,TBR-219-07011710
TBR,2026-07-01,B,1,false,false,222,385/65R22.5JTL,385/65R22.5 JETWAY JTL - 24PR (+3 SKUs),"",R22.5,115223852C024KJTL0,4,G::TBR::385/65R22.5JTL,744.0,224.0,520.0,2026-07-01 17:10,2026-07-19 01:18,416.13,TBR-222-07011710
TBR,2026-07-01,B,1,false,false,223,9.00 R 20 JDE++,9.00 R 20 JDE++ (+1 SKUs),9R20,R20,1121190020016KDEP0,2,G::TBR::9.00 R 20 JDE++,682.0,655.0,27.0,2026-07-01 17:10,2026-07-18 22:58,413.79,TBR-223-07011710
TBR,2026-07-01,B,1,false,false,224,GT 5076 - 295/90R20 JDE XF,295/90R20 JDE XF / JS121 (+3 SKUs),295/90R20,R20,1121129A20152JDLF0,4,G::TBR::GT 5076 - 295/90R20 JDE XF,670.0,670.0,0.0,2026-07-01 17:10,2026-07-18 15:41,406.51,TBR-224-07011710
TBR,2026-07-01,B,1,false,false,225,11.00R20 JUH5,11.00R20 JUH5 (+2 SKUs),11R20,R20,1122111020016KUH50,3,G::TBR::11.00R20 JUH5,697.0,643.0,54.0,2026-07-01 17:10,2026-07-19 08:04,422.9,TBR-225-07011710
TBR,2026-07-01,B,1,false,false,226,8.25R20JDE++,8.25R20JDE++ (+2 SKUs),8.25R20,R20,1121182020016KDEP0,3,G::TBR::8.25R20JDE++,632.0,632.0,0.0,2026-07-01 17:10,2026-07-16 08:50,351.66,TBR-226-07011710
TBR,2026-07-01,B,1,false,false,227,10.00 R 20 JDE,295/90R20JDE++ (+4 SKUs),R20,R20,1121129A20000JDEP0,5,G::TBR::10.00 R 20 JDE,646.0,619.0,27.0,2026-07-01 17:10,2026-07-18 01:07,391.95,TBR-227-07011710
TBR,2026-07-01,B,1,false,false,228,GT 5113 - 295/80R22.5 JDC XD,295/80R22.5 JETSTEEL JDC XD,"",R22.5,115122982C018KCXD0,1,G::TBR::GT 5113 - 295/80R22.5 JDC XD,738.0,588.0,150.0,2026-07-01 17:10,2026-07-21 22:04,484.9,TBR-228-07011710
TBR,2026-07-01,B,1,false,false,229,255/70R22.5JTH1,255/70 R 22.5 JETWAY JTH1 (+1 SKUs),255/70 R 22.5,R22.5,115222562C016MTH10,2,G::TBR::255/70R22.5JTH1,752.0,752.0,0.0,2026-07-01 17:10,2026-07-18 04:54,395.73,TBR-229-07011710
TBR,2026-07-01,B,1,false,false,54,GT 5075 - 295/90R20 JUH XF,295/90R20 JUH XF / JW 304 (+3 SKUs),295/90R20,R20,1122129A20152JULF0,4,G::TBR::GT 5075 - 295/90R20 JUH XF,653.0,653.0,0.0,2026-07-01 17:10,2026-07-17 09:40,376.49,TBR-54-07011710
TBR,2026-07-01,B,1,false,false,56,GT 5078 - 295/80R22.5 JUX E,295/80R22.5 JUXe (+5 SKUs),"",R22.5,112222982C016JUXE0,6,G::TBR::GT 5078 - 295/80R22.5 JUX E,722.0,696.0,26.0,2026-07-01 17:10,2026-07-20 13:46,452.59,TBR-56-07011710
TBR,2026-07-01,B,1,false,false,61,GT 5078 - 295/80R22.5 JUX E,295/80R22.5 JUXe (+5 SKUs),"",R22.5,112222982C016JUXE0,6,G::TBR::GT 5078 - 295/80R22.5 JUX E,531.0,505.0,26.0,2026-07-01 17:10,2026-07-15 14:02,332.86,TBR-61-07011710
TBR,2026-07-01,B,1,false,false,62,GT 5079 - 255/70R22.5 JUX E,255/70R22.5 JUXe 140/137 M (+2 SKUs),22.5,R22.5,112222562C016MUXE0,3,G::TBR::GT 5079 - 255/70R22.5 JUX E,616.0,590.0,26.0,2026-07-01 17:10,2026-07-17 19:19,386.15,TBR-62-07011710
TBR,2026-07-01,B,1,false,false,63,11R22.5JUC,11R22.5 JW JUC (+1 SKUs),"",R22.5,112321102C016LJUC0,2,G::TBR::11R22.5JUC,587.0,506.0,81.0,2026-07-01 17:10,2026-07-16 13:20,356.15,TBR-63-07011710
TBR,2026-07-01,B,1,false,false,64,GT 5096 - 11.00R20 JDC XD,11.00R20 JDC XD (+2 SKUs),"",R20,1121111020016KCXD0,3,G::TBR::GT 5096 - 11.00R20 JDC XD,626.0,599.0,27.0,2026-07-01 17:10,2026-07-18 01:35,392.42,TBR-64-07011710
TBR,2026-07-01,B,1,false,false,65,GT 5095 - 11.00R20 JUC3,11.00R20 JUC3 (+1 SKUs),"",R20,1123111020016KJC30,2,G::TBR::GT 5095 - 11.00R20 JUC3,683.0,683.0,0.0,2026-07-01 17:10,2026-07-19 13:19,428.15,TBR-65-07011710
TBR,2026-07-01,B,1,false,false,68,10.00 R 20 JUH5,10.00 R 20 JW JUH5 - N2 (+1 SKUs),10.00 R 20 JUH5,R20,1122110020016KUH50,2,G::TBR::10.00 R 20 JUH5,615.0,615.0,0.0,2026-07-01 17:10,2026-07-17 06:19,373.14,TBR-68-07011710
TBR,2026-07-01,B,1,false,false,69,10.00 R 20 JUH5,10.00 R 20 JW JUH5 - N2 (+1 SKUs),10.00 R 20 JUH5,R20,1122110020016KUH50,2,G::TBR::10.00 R 20 JUH5,614.0,614.0,0.0,2026-07-01 17:10,2026-07-17 05:42,372.54,TBR-69-07011710
TBR,2026-07-01,B,1,false,false,71,10.00 R 20 JUH5,10.00 R 20 JW JUH5 - N2 (+1 SKUs),10.00 R 20 JUH5,R20,1122110020016KUH50,2,G::TBR::10.00 R 20 JUH5,614.0,614.0,0.0,2026-07-01 17:10,2026-07-17 05:42,372.54,TBR-71-07011710
TBR,2026-07-01,B,1,false,false,72,315/80R22.5JUL4,315/80R22.5JUL4 (+1 SKUs),22.5,R22.5,115223182C018LUL40,2,G::TBR::315/80R22.5JUL4,565.0,565.0,0.0,2026-07-01 17:10,2026-07-16 11:21,354.18,TBR-72-07011710
TBR,2026-07-01,B,1,false,false,73,10.00R 20 JW302,295/90R20JUCXM (+1 SKUs),10R20,R20,1123129A20152JUCM0,2,G::TBR::10.00R 20 JW302,555.0,555.0,0.0,2026-07-01 17:10,2026-07-16 05:05,347.91,TBR-73-07011710
TBR,2026-07-01,B,1,false,false,74,GT 5101 - 11.00R20 JS114,11.00R20 JS114 (+1 SKUs),11.00R20,R20,1121111020016K1141,2,G::TBR::GT 5101 - 11.00R20 JS114,696.0,696.0,0.0,2026-07-01 17:10,2026-07-20 18:29,457.3,TBR-74-07011710
TBR,2026-07-01,B,1,false,false,75,GT 5103 - 295/80R22.5 JUM XM OEM,295/80R22.5 JUM XM OEM (+2 SKUs),22.5,R22.5,112222982C152MJXM0,3,G::TBR::GT 5083 - 295/80R22.5 JUM XM,579.0,579.0,0.0,2026-07-01 17:10,2026-07-15 15:00,333.82,TBR-75-07011710
TBR,2026-07-01,B,1,false,false,76,10.00 R 20 JUH3+,10.00 R 20 JW JETWAY JUH3+ N2 (+1 SKUs),"",R20,1122110020016KH3P0,2,G::TBR::10.00 R 20 JUH3+,522.0,522.0,0.0,2026-07-01 17:10,2026-07-13 19:38,290.46,TBR-76-07011710
TBR,2026-07-01,B,1,false,false,77,10.00 R 20 JUH3+,10.00 R 20 JW JETWAY JUH3+ N2 (+1 SKUs),"",R20,1122110020016KH3P0,2,G::TBR::10.00 R 20 JUH3+,522.0,522.0,0.0,2026-07-01 17:10,2026-07-13 19:38,290.46,TBR-77-07011710
TBR,2026-07-01,B,1,false,false,78,GT 5102 - 295/80R22.5 JDL XM DOM,295/80R22.5 JDL XM DOM,"",R22.5,112122982C016MJXM0,1,G::TBR::GT 5102 - 295/80R22.5 JDL XM DOM,741.0,441.0,300.0,2026-07-01 17:10,2026-07-22 00:03,486.87,TBR-78-07011710
TBR,2026-07-01,B,1,false,false,79,11R22.5JTHSD,11R22.5JTHsd 16PR (+1 SKUs),"",R22.5,115221102C016LJTS0,2,G::TBR::11R22.5JTHSD,565.0,565.0,0.0,2026-07-01 17:10,2026-07-13 15:08,285.96,TBR-79-07011710
TBR,2026-07-01,B,1,false,false,80,9.00 R 20 JDE++,9.00 R 20 JDE++ (+1 SKUs),9R20,R20,1121190020016KDEP0,2,G::TBR::9.00 R 20 JDE++,502.0,475.0,27.0,2026-07-01 17:10,2026-07-14 09:45,304.58,TBR-80-07011710
TBR,2026-07-01,B,1,false,false,81,10.00 R 20 JDE,295/90R20JDE++ (+4 SKUs),R20,R20,1121129A20000JDEP0,5,G::TBR::10.00 R 20 JDE,476.0,449.0,27.0,2026-07-01 17:10,2026-07-13 17:59,288.81,TBR-81-07011710
TBR,2026-07-13,B,13,false,false,79,GT 5076 - 295/90R20 JDE XF,295/90R20 JDE XF / JS121 (+3 SKUs),295/90R20,R20,1121129A20152JDLF0,4,G::TBR::GT 5076 - 295/90R20 JDE XF,493.0,493.0,0.0,2026-07-13 21:09,2026-07-26 08:16,299.12,TBR-79-07132109
TBR,2026-07-13,C,13,false,false,81,GT 5096 - 11.00R20 JDC XD,11.00R20 JDC XD (+2 SKUs),"",R20,1121111020016KCXD0,3,G::TBR::GT 5096 - 11.00R20 JDC XD,460.0,460.0,0.0,2026-07-14 00:00,2026-07-26 00:21,288.36,TBR-81-07140000
TBR,2026-07-13,C,13,false,false,76,GT 5075 - 295/90R20 JUH XF,295/90R20 JUH XF / JW 304 (+3 SKUs),295/90R20,R20,1122129A20152JULF0,4,G::TBR::GT 5075 - 295/90R20 JUH XF,480.0,480.0,0.0,2026-07-14 01:39,2026-07-25 14:23,276.74,TBR-76-07140139
TBR,2026-07-13,C,13,false,false,77,GT 5079 - 255/70R22.5 JUX E,255/70R22.5 JUXe 140/137 M (+2 SKUs),22.5,R22.5,112222562C016MUXE0,3,G::TBR::GT 5079 - 255/70R22.5 JUX E,453.0,453.0,0.0,2026-07-14 01:39,2026-07-25 21:37,283.97,TBR-77-07140139
TBR,2026-07-14,B,14,false,false,80,9.00 R 20 JUH5,9.00R20 JW JUH5 16PR (+2 SKUs),"",R20,1122190020016KUH50,3,G::TBR::9.00 R 20 JUH5,461.0,461.0,0.0,2026-07-14 15:46,2026-07-25 08:17,256.51,TBR-80-07141546
TBR,2026-07-15,A,15,false,false,60,295/90R20JDCXD,295/90R20_JDC XD_152/148_J_TT (+1 SKUs),10R20,R20,1121129A20152JCXD0,2,G::TBR::295/90R20JDCXD,503.0,503.0,0.0,2026-07-15 07:29,2026-07-28 00:41,305.19,TBR-60-07150729
TBR,2026-07-15,B,15,false,false,61,295/80R22.5JUL1,295/80R22.5 JUM (+2 SKUs),"",R22.5,112222982C016MJUM0,3,G::TBR::295/80R22.5JUL1,458.0,458.0,0.0,2026-07-15 20:03,2026-07-27 14:33,282.49,TBR-61-07152003
TBR,2026-07-15,B,15,false,false,75,GT 5083 - 295/80R22.5 JUM XM,295/80R22.5 JUM XM (+1 SKUs),22.5,R22.5,112222982C016MJXM0,2,G::TBR::GT 5083 - 295/80R22.5 JUM XM,476.0,476.0,0.0,2026-07-15 21:01,2026-07-27 21:49,288.81,TBR-75-07152101
TBR,2026-07-16,A,16,false,false,73,10.00 R 20 JUH5,10.00 R 20 JW JUH5 - N2 (+1 SKUs),10.00 R 20 JUH5,R20,1122110020016KUH50,2,G::TBR::10.00 R 20 JUH5,452.0,452.0,0.0,2026-07-16 11:06,2026-07-27 21:20,274.25,TBR-73-07161106
TBR,2026-07-16,A,16,false,false,226,11.00R20 JUH5,11.00R20 JUH5 (+2 SKUs),11R20,R20,1122111020016KUH50,3,G::TBR::11.00R20 JUH5,513.0,513.0,0.0,2026-07-16 14:51,2026-07-29 14:06,311.26,TBR-226-07161451
TBR,2026-07-16,C,16,false,false,69,10.00 R 20 JUH5,10.00 R 20 JW JUH5 - N2 (+1 SKUs),10.00 R 20 JUH5,R20,1122110020016KUH50,2,G::TBR::10.00 R 20 JUH5,452.0,452.0,0.0,2026-07-17 05:42,2026-07-28 15:57,274.25,TBR-69-07170542
TBR,2026-07-16,C,16,false,false,71,10.00 R 20 JUH5,10.00 R 20 JW JUH5 - N2 (+1 SKUs),10.00 R 20 JUH5,R20,1122110020016KUH50,2,G::TBR::10.00 R 20 JUH5,452.0,452.0,0.0,2026-07-17 05:42,2026-07-28 15:57,274.25,TBR-71-07170542
TBR,2026-07-16,C,16,false,false,63,GT 5076 - 295/90R20 JDE XF,295/90R20 JDE XF / JS121 (+3 SKUs),295/90R20,R20,1121129A20152JDLF0,4,G::TBR::GT 5076 - 295/90R20 JDE XF,375.0,375.0,0.0,2026-07-17 06:00,2026-07-26 17:31,227.53,TBR-63-07170600
TBR,2026-07-16,C,16,false,false,72,295/80R22.5JDL,295/80R22.5 JDL CURE TYRE (+1 SKUs),"",R22.5,112122982C016MJDL0,2,G::TBR::295/80R22.5JDL,442.0,442.0,0.0,2026-07-17 06:00,2026-07-28 19:04,277.07,TBR-72-07170600
TBR,2026-07-17,A,17,false,false,68,GT 5098 - 275/90R20 JDE XF,275/90R20 JETSTEEL JDE XF,"",R20,1121127A20149KDEF0,1,G::TBR::GT 5098 - 275/90R20 JDE XF,526.0,526.0,0.0,2026-07-17 12:20,2026-07-30 19:28,319.14,TBR-68-07171220
TBR,2026-07-17,A,17,false,false,58,GT 5103 - 295/80R22.5 JUM XM OEM,295/80R22.5 JUM XM OEM (+2 SKUs),22.5,R22.5,112222982C152MJXM0,3,G::TBR::GT 5083 - 295/80R22.5 JUM XM,426.0,426.0,0.0,2026-07-17 12:39,2026-07-27 18:16,245.61,TBR-58-07171239
TBR,2026-07-17,B,17,false,false,54,8.25R20JDE++,8.25R20JDE++ (+2 SKUs),8.25R20,R20,1121182020016KDEP0,3,G::TBR::8.25R20JDE++,465.0,465.0,0.0,2026-07-17 15:41,2026-07-28 10:25,258.74,TBR-54-07171541
TBR,2026-07-17,B,17,false,false,57,10.00R 20 JW302,295/90R20JUCXM (+1 SKUs),10R20,R20,1123129A20152JUCM0,2,G::TBR::10.00R 20 JW302,409.0,409.0,0.0,2026-07-17 20:58,2026-07-28 13:21,256.39,TBR-57-07172058
TBR,2026-07-17,B,17,false,false,221,10.00 R 20 JUH3+,10.00 R 20 JW JETWAY JUH3+ N2 (+1 SKUs),"",R20,1122110020016KH3P0,2,G::TBR::10.00 R 20 JUH3+,397.0,397.0,0.0,2026-07-17 21:34,2026-07-27 02:28,220.9,TBR-221-07172134
TBR,2026-07-17,C,17,false,false,62,315/80R22.5JUL3,315/80R22.5 JUL3 CURE TYRE (+2 SKUs),315/80R22.5 JUL3,R22.5,115223182C018MUL30,3,G::TBR::315/80R22.5JUL3,372.0,320.0,52.0,2026-07-18 01:20,2026-07-27 18:32,233.19,TBR-62-07180120
TBR,2026-07-18,A,18,false,false,70,11.00R20JDE++,11.00R20 JDE++ (+1 SKUs),11.00R20,R20,1121111020016KDEP0,2,G::TBR::11.00R20JDE++,457.0,382.0,75.0,2026-07-18 07:01,2026-07-30 19:17,300.27,TBR-70-07180701
TBR,2026-07-18,A,18,false,false,227,11.00R20 JUH5,11.00R20 JUH5 (+2 SKUs),11R20,R20,1122111020016KUH50,3,G::TBR::11.00R20 JUH5,390.0,390.0,0.0,2026-07-18 07:08,2026-07-28 03:46,236.63,TBR-227-07180708
TBR,2026-07-18,A,18,false,false,64,GT 5076 - 295/90R20 JDE XF,295/90R20 JDE XF / JS121 (+3 SKUs),295/90R20,R20,1121129A20152JDLF0,4,G::TBR::GT 5076 - 295/90R20 JDE XF,375.0,375.0,0.0,2026-07-18 07:36,2026-07-27 19:08,227.53,TBR-64-07180736
TBR,2026-07-18,A,18,false,false,202,GT 5075 - 295/90R20 JUH XF,295/90R20 JUH XF / JW 304 (+3 SKUs),295/90R20,R20,1122129A20152JULF0,4,G::TBR::GT 5075 - 295/90R20 JUH XF,365.0,365.0,0.0,2026-07-18 10:15,2026-07-27 04:42,210.44,TBR-202-07181015
TBR,2026-07-18,A,18,false,false,220,295/90R20JDCXD,295/90R20_JDC XD_152/148_J_TT (+1 SKUs),10R20,R20,1121129A20152JCXD0,2,G::TBR::295/90R20JDCXD,383.0,302.0,81.0,2026-07-18 13:24,2026-07-28 05:46,232.38,TBR-220-07181324
TBR,2026-07-18,A,18,false,false,200,10.00 R 20 JDE,295/90R20JDE++ (+4 SKUs),R20,R20,1121129A20000JDEP0,5,G::TBR::10.00 R 20 JDE,362.0,362.0,0.0,2026-07-18 14:00,2026-07-27 17:38,219.64,TBR-200-07181400
TBR,2026-07-18,B,18,false,false,229,10.00 R 20 JDE,295/90R20JDE++ (+4 SKUs),R20,R20,1121129A20000JDEP0,5,G::TBR::10.00 R 20 JDE,362.0,362.0,0.0,2026-07-18 16:00,2026-07-27 19:38,219.64,TBR-229-07181600
TBR,2026-07-18,C,18,false,false,224,8.25R20JDE++,8.25R20JDE++ (+2 SKUs),8.25R20,R20,1121182020016KDEP0,3,G::TBR::8.25R20JDE++,354.0,354.0,0.0,2026-07-18 23:00,2026-07-27 03:58,196.98,TBR-224-07182300
TBR,2026-07-19,A,19,false,false,223,10.00 R 20 JUH5,10.00 R 20 JW JUH5 - N2 (+1 SKUs),10.00 R 20 JUH5,R20,1122110020016KUH50,2,G::TBR::10.00 R 20 JUH5,344.0,344.0,0.0,2026-07-19 09:00,2026-07-28 01:43,208.72,TBR-223-07190900
TBR,2026-07-19,A,19,false,false,225,11.00R20JDE++,11.00R20 JDE++ (+1 SKUs),11.00R20,R20,1121111020016KDEP0,2,G::TBR::11.00R20JDE++,347.0,347.0,0.0,2026-07-19 14:05,2026-07-29 02:05,228.0,TBR-225-07191405
TBR,2026-07-19,B,19,false,false,65,315/70R22.5JDL3,315/70R22.5 JS JDL3 (+1 SKUs),"",R22.5,115123162C018LDL30,2,G::TBR::315/70R22.5JDL3,454.0,454.0,0.0,2026-07-19 19:20,2026-07-31 15:56,284.6,TBR-65-07191920
TBR,2026-07-19,C,19,false,false,159,315/70R22.5JUL4,315/70R22.5 JW JUL4,"",R22.5,115223162C018LUL40,1,G::TBR::315/70R22.5JUL4,419.0,395.0,24.0,2026-07-20 05:54,2026-07-31 17:12,275.3,TBR-159-07200554
TBR,2026-07-20,A,20,false,false,201,GT 5095 - 11.00R20 JUC3,11.00R20 JUC3 (+1 SKUs),"",R20,1123111020016KJC30,2,G::TBR::GT 5095 - 11.00R20 JUC3,383.0,383.0,0.0,2026-07-20 09:02,2026-07-30 09:07,240.09,TBR-201-07200902
TBR,2026-07-20,B,20,false,false,56,295/80R22.5JUL1,295/80R22.5 JUM (+2 SKUs),"",R22.5,112222982C016MJUM0,3,G::TBR::295/80R22.5JUL1,348.0,348.0,0.0,2026-07-20 19:47,2026-07-29 18:26,214.65,TBR-56-07201947
TBR,2026-07-21,B,21,false,false,219,GT 5083 - 295/80R22.5 JUM XM,295/80R22.5 JUM XM (+1 SKUs),22.5,R22.5,112222982C016MJXM0,2,G::TBR::GT 5083 - 295/80R22.5 JUM XM,362.0,362.0,0.0,2026-07-21 18:16,2026-07-30 21:54,219.64,TBR-219-07211816
TBR,2026-07-21,C,21,false,false,59,GT 5079 - 255/70R22.5 JUX E,255/70R22.5 JUXe 140/137 M (+2 SKUs),22.5,R22.5,112222562C016MUXE0,3,G::TBR::GT 5079 - 255/70R22.5 JUX E,345.0,345.0,0.0,2026-07-22 00:29,2026-07-31 00:45,216.27,TBR-59-07220029
TBR,2026-07-21,C,21,false,false,228,GT 5099 - 275/90R20 JUH XF,275/90R20 JETWAY JUH XF (+1 SKUs),275/90R20,R20,1122127A20149KUHF0,2,G::TBR::GT 5099 - 275/90R20 JUH XF,400.0,422.0,0.0,2026-07-22 04:05,2026-08-01 07:00,242.9004345840272,TBR-228-07220405
TBR,2026-07-21,C,21,false,false,172,11.00R20JDE++,11.00R20 JDE++ (+1 SKUs),11.00R20,R20,1121111020016KDEP0,2,G::TBR::11.00R20JDE++,347.0,347.0,0.0,2026-07-22 04:14,2026-07-31 16:13,228.0,TBR-172-07220414
TBR,2026-07-21,C,21,false,false,78,GT 5103 - 295/80R22.5 JUM XM OEM,295/80R22.5 JUM XM OEM (+2 SKUs),22.5,R22.5,112222982C152MJXM0,3,G::TBR::GT 5083 - 295/80R22.5 JUM XM,324.0,324.0,0.0,2026-07-22 06:04,2026-07-30 00:52,186.8,TBR-78-07220604
TBR,2026-07-22,A,22,false,false,74,10.00 R 20 JUH5,10.00 R 20 JW JUH5 - N2 (+1 SKUs),10.00 R 20 JUH5,R20,1122110020016KUH50,2,G::TBR::10.00 R 20 JUH5,344.0,344.0,0.0,2026-07-22 09:00,2026-07-31 01:43,208.72,TBR-74-07220900
TBR,2026-07-22,A,22,false,false,222,10.00 R 20 JUH5,10.00 R 20 JW JUH5 - N2 (+1 SKUs),10.00 R 20 JUH5,R20,1122110020016KUH50,2,G::TBR::10.00 R 20 JUH5,344.0,344.0,0.0,2026-07-22 14:00,2026-07-31 06:43,208.72,TBR-222-07221400
TBR,2026-07-22,A,22,false,false,177,295/75R22.5JUL3,295/75R22.5JUL3,22.5,R22.5,115222972C016LUL30,1,G::TBR::295/75R22.5JUL3,284.0,284.0,0.0,2026-07-22 14:24,2026-07-29 04:26,158.03,TBR-177-07221424
TBR,2026-07-23,B,23,false,false,153,9.00 R 20 JUH3,9.00 R 20 JETWAY JUH3 14 PR N2 (+2 SKUs),"",R20,1122190020014KJH30,3,G::TBR::9.00 R 20 JUH3,329.0,329.0,0.0,2026-07-23 19:00,2026-07-30 17:30,166.51,TBR-153-07231900
TBR,2026-07-23,B,23,false,false,157,8.25R20JUH5,8.25R20JUH5 (+4 SKUs),8.25R20,R20,1122182020016KUH50,5,G::TBR::8.25R20JUH5,321.0,321.0,0.0,2026-07-23 19:00,2026-07-30 19:55,168.92,TBR-157-07231900
TBR,2026-07-23,C,23,false,false,151,295/80R22.5JUL1,295/80R22.5 JUM (+2 SKUs),"",R22.5,112222982C016MJUM0,3,G::TBR::295/80R22.5JUL1,234.0,182.0,52.0,2026-07-24 00:15,2026-07-30 00:34,144.33,TBR-151-07240015
TBR,2026-07-23,C,23,false,false,175,GT 5096 - 11.00R20 JDC XD,11.00R20 JDC XD (+2 SKUs),"",R20,1121111020016KCXD0,3,G::TBR::GT 5096 - 11.00R20 JDC XD,316.0,350.0,0.0,2026-07-24 00:52,2026-08-01 07:00,198.12096803803277,TBR-175-07240052
TBR,2026-07-23,C,23,false,false,174,10.00R 20 JW302,295/90R20JUCXM (+1 SKUs),10R20,R20,1123129A20152JUCM0,2,G::TBR::10.00R 20 JW302,311.0,311.0,0.0,2026-07-24 01:00,2026-08-01 03:57,194.95,TBR-174-07240100
TBR,2026-07-24,A,24,false,false,149,10.00 R 20 JUH3+,10.00 R 20 JW JETWAY JUH3+ N2 (+1 SKUs),"",R20,1122110020016KH3P0,2,G::TBR::10.00 R 20 JUH3+,267.0,267.0,0.0,2026-07-24 13:00,2026-07-30 17:33,148.57,TBR-149-07241300
TBR,2026-07-24,A,24,false,false,176,10.00 R 20 JUH3+,10.00 R 20 JW JETWAY JUH3+ N2 (+1 SKUs),"",R20,1122110020016KH3P0,2,G::TBR::10.00 R 20 JUH3+,267.0,267.0,0.0,2026-07-24 13:00,2026-07-30 17:33,148.57,TBR-176-07241300
TBR,2026-07-24,B,24,false,false,167,GT 5076 - 295/90R20 JDE XF,295/90R20 JDE XF / JS121 (+3 SKUs),295/90R20,R20,1121129A20152JDLF0,4,G::TBR::GT 5076 - 295/90R20 JDE XF,252.0,252.0,0.0,2026-07-24 17:00,2026-07-31 01:53,152.9,TBR-167-07241700
TBR,2026-07-24,B,24,false,false,170,GT 5078 - 295/80R22.5 JUX E,295/80R22.5 JUXe (+5 SKUs),"",R22.5,112222982C016JUXE0,6,G::TBR::GT 5078 - 295/80R22.5 JUX E,272.0,272.0,0.0,2026-07-24 18:36,2026-07-31 21:06,170.51,TBR-170-07241836
TBR,2026-07-24,B,24,false,false,146,11.00R20 JUH5,11.00R20 JUH5 (+2 SKUs),11R20,R20,1122111020016KUH50,3,G::TBR::11.00R20 JUH5,263.0,263.0,0.0,2026-07-24 22:27,2026-07-31 14:01,159.57,TBR-146-07242227
TBR,2026-07-25,A,25,false,false,55,8.25R20VUH3+,8.25R20_VUH3+_DOT_16PR_K_TT,8.25R20,R20,1152182020016KH3PV,1,G::TBR::8.25R20VUH3+,249.0,249.0,0.0,2026-07-25 09:00,2026-07-30 15:01,126.02,TBR-55-07250900
TBR,2026-07-25,A,25,false,false,163,11.00R20JDE++,11.00R20 JDE++ (+1 SKUs),11.00R20,R20,1121111020016KDEP0,2,G::TBR::11.00R20JDE++,234.0,136.0,98.0,2026-07-25 10:30,2026-07-31 20:15,153.75,TBR-163-07251030
TBR,2026-07-25,A,25,false,false,145,GT 5075 - 295/90R20 JUH XF,295/90R20 JUH XF / JW 304 (+3 SKUs),295/90R20,R20,1122129A20152JULF0,4,G::TBR::GT 5075 - 295/90R20 JUH XF,246.0,246.0,0.0,2026-07-25 11:00,2026-07-31 08:49,141.83,TBR-145-07251100
TBR,2026-07-25,A,25,false,false,80,385/65R22.5JUCXD,385/65R22.5 JETWAY JUCXD (+1 SKUs),385/65R22.5 JW JUCXD,R22.5,115323852C020KUCD0,2,G::TBR::385/65R22.5JUCXD,256.0,269.0,0.0,2026-07-25 14:18,2026-08-01 07:00,160.6964575687091,TBR-80-07251418
TBR,2026-07-25,B,25,false,false,147,10.00 R 20 JDE,295/90R20JDE++ (+4 SKUs),R20,R20,1121129A20000JDEP0,5,G::TBR::10.00 R 20 JDE,243.0,189.0,54.0,2026-07-25 15:00,2026-07-31 18:26,147.44,TBR-147-07251500
TBR,2026-07-25,B,25,false,false,162,9.00 R 20 JDE++,9.00 R 20 JDE++ (+1 SKUs),9R20,R20,1121190020016KDEP0,2,G::TBR::9.00 R 20 JDE++,256.0,225.0,32.0,2026-07-25 19:32,2026-08-01 07:00,155.46305971465372,TBR-162-07251932
TBR,2026-07-25,B,25,false,false,76,GT 5083 - 295/80R22.5 JUM XM,295/80R22.5 JUM XM (+1 SKUs),22.5,R22.5,112222982C016MJXM0,2,G::TBR::GT 5083 - 295/80R22.5 JUM XM,243.0,243.0,0.0,2026-07-25 20:24,2026-07-31 23:50,147.44,TBR-76-07252024
TBR,2026-07-25,B,25,false,false,168,295/90R20JDCXD,295/90R20_JDC XD_152/148_J_TT (+1 SKUs),10R20,R20,1121129A20152JCXD0,2,G::TBR::295/90R20JDCXD,254.0,257.0,0.0,2026-07-25 20:44,2026-08-01 07:00,154.2497371885427,TBR-168-07252044
TBR,2026-07-25,B,25,false,false,165,GT 5096 - 11.00R20 JDC XD,11.00R20 JDC XD (+2 SKUs),"",R20,1121111020016KCXD0,3,G::TBR::GT 5096 - 11.00R20 JDC XD,236.0,184.0,52.0,2026-07-25 21:00,2026-08-01 00:56,147.94,TBR-165-07252100
TBR,2026-07-25,B,25,false,false,77,GT 5079 - 255/70R22.5 JUX E,255/70R22.5 JUXe 140/137 M (+2 SKUs),22.5,R22.5,112222562C016MUXE0,3,G::TBR::GT 5079 - 255/70R22.5 JUX E,232.0,232.0,0.0,2026-07-25 21:37,2026-07-31 23:03,145.43,TBR-77-07252137
TBR,2026-07-25,C,25,false,false,81,10.00 R 20 JUH5,10.00 R 20 JW JUH5 - N2 (+1 SKUs),10.00 R 20 JUH5,R20,1122110020016KUH50,2,G::TBR::10.00 R 20 JUH5,231.0,231.0,0.0,2026-07-26 06:22,2026-08-01 02:31,140.16,TBR-81-07260622
TBR,2026-07-26,A,26,false,false,148,10.00 R 20 JUH5,10.00 R 20 JW JUH5 - N2 (+1 SKUs),10.00 R 20 JUH5,R20,1122110020016KUH50,2,G::TBR::10.00 R 20 JUH5,231.0,231.0,0.0,2026-07-26 09:00,2026-08-01 05:09,140.16,TBR-148-07260900
TBR,2026-07-26,A,26,false,false,79,10.00 R 20 JUH5,10.00 R 20 JW JUH5 - N2 (+1 SKUs),10.00 R 20 JUH5,R20,1122110020016KUH50,2,G::TBR::10.00 R 20 JUH5,225.0,231.0,0.0,2026-07-26 14:17,2026-08-01 07:00,136.7132376992322,TBR-79-07261417
TBR,2026-07-26,A,26,false,false,154,10.00R 20 JW302,295/90R20JUCXM (+1 SKUs),10R20,R20,1123129A20152JUCM0,2,G::TBR::10.00R 20 JW302,209.0,209.0,0.0,2026-07-26 14:17,2026-08-01 01:18,131.01,TBR-154-07261417
TBR,2026-07-26,B,26,false,false,173,GT 5095 - 11.00R20 JUC3,11.00R20 JUC3 (+1 SKUs),"",R20,1123111020016KJC30,2,G::TBR::GT 5095 - 11.00R20 JUC3,215.0,230.0,27.0,2026-07-26 16:18,2026-08-01 07:00,134.68776871986924,TBR-173-07261618
TBR,2026-07-26,C,26,false,false,63,11R22.5 JUL2+,11R22.5 JUL2+,22.5,R22.5,115221102C016LL2P0,1,G::TBR::11R22.5 JUL2+,196.0,196.0,0.0,2026-07-26 23:32,2026-07-31 16:32,113.0,TBR-63-07262332
TBR,2026-07-27,A,27,false,false,221,10.00R20JUC,10.00 R 20 JUC,20,R20,1123110020016KJUC0,1,G::TBR::10.00R20JUC,195.0,202.0,0.0,2026-07-27 08:29,2026-08-01 07:00,118.50474979545305,TBR-221-07270829
TBR,2026-07-27,A,27,false,false,224,8.25R20VUH3+,8.25R20_VUH3+_DOT_16PR_K_TT,8.25R20,R20,1152182020016KH3PV,1,G::TBR::8.25R20VUH3+,231.0,249.0,0.0,2026-07-27 09:59,2026-08-01 07:00,117.0049408066866,TBR-224-07270959
TBR,2026-07-27,B,27,false,false,202,10.00 R 20 JUH3+,10.00 R 20 JW JETWAY JUH3+ N2 (+1 SKUs),"",R20,1122110020016KH3P0,2,G::TBR::10.00 R 20 JUH3+,166.0,166.0,0.0,2026-07-27 18:00,2026-07-31 14:22,92.37,TBR-202-07271800
TBR,2026-07-27,B,27,false,false,58,GT 5103 - 295/80R22.5 JUM XM OEM,295/80R22.5 JUM XM OEM (+2 SKUs),22.5,R22.5,112222982C152MJXM0,3,G::TBR::GT 5083 - 295/80R22.5 JUM XM,189.0,218.0,0.0,2026-07-27 18:16,2026-08-01 07:00,108.72473754467077,TBR-58-07271816
TBR,2026-07-27,B,27,false,false,61,295/80R22.5JDL,295/80R22.5 JDL CURE TYRE (+1 SKUs),"",R22.5,112122982C016MJDL0,2,G::TBR::295/80R22.5JDL,170.0,184.0,0.0,2026-07-27 20:34,2026-08-01 07:00,106.42769317467543,TBR-61-07272034
TBR,2026-07-27,B,27,false,false,150,8.25R20JUH5,8.25R20JUH5 (+4 SKUs),8.25R20,R20,1122182020016KUH50,5,G::TBR::8.25R20JUH5,199.0,199.0,0.0,2026-07-27 21:19,2026-08-01 06:03,104.72,TBR-150-07272119
TBR,2026-07-27,C,27,false,false,200,10.00 R 20 JUH3+,10.00 R 20 JW JETWAY JUH3+ N2 (+1 SKUs),"",R20,1122110020016KH3P0,2,G::TBR::10.00 R 20 JUH3+,166.0,137.0,29.0,2026-07-27 23:39,2026-07-31 20:01,92.37,TBR-200-07272339
TBR,2026-07-27,C,27,false,false,60,295/90R20JDCXD,295/90R20_JDC XD_152/148_J_TT (+1 SKUs),10R20,R20,1121129A20152JCXD0,2,G::TBR::295/90R20JDCXD,160.0,160.0,0.0,2026-07-28 00:41,2026-08-01 01:45,97.08,TBR-60-07280041
TBR,2026-07-27,C,27,false,false,64,8.25R20JDE++,8.25R20JDE++ (+2 SKUs),8.25R20,R20,1121182020016KDEP0,3,G::TBR::8.25R20JDE++,183.0,238.0,0.0,2026-07-28 01:09,2026-08-01 07:00,101.84576918155753,TBR-64-07280109
TBR,2026-07-27,C,27,false,false,229,11R22.5 JUL2+,11R22.5 JUL2+,22.5,R22.5,115221102C016LL2P0,1,G::TBR::11R22.5 JUL2+,176.0,196.0,0.0,2026-07-28 01:39,2026-08-01 07:00,101.34067903267832,TBR-229-07280139
TBR,2026-07-27,C,27,false,false,158,GT 5078 - 295/80R22.5 JUX E,295/80R22.5 JUXe (+5 SKUs),"",R22.5,112222982C016JUXE0,6,G::TBR::GT 5078 - 295/80R22.5 JUX E,161.0,139.0,29.0,2026-07-28 02:09,2026-08-01 07:00,100.83760617210683,TBR-158-07280209
TBR,2026-07-27,C,27,false,false,227,11.00R20 JUH5,11.00R20 JUH5 (+2 SKUs),11R20,R20,1122111020016KUH50,3,G::TBR::11.00R20 JUH5,163.0,163.0,0.0,2026-07-28 03:46,2026-08-01 06:40,98.9,TBR-227-07280346
TBR,2026-07-27,C,27,false,false,75,9.00 R 20 JDE++,9.00 R 20 JDE++ (+1 SKUs),9R20,R20,1121190020016KDEP0,2,G::TBR::9.00 R 20 JDE++,159.0,159.0,0.0,2026-07-28 03:50,2026-08-01 04:18,96.47,TBR-75-07280350
TBR,2026-07-27,C,27,false,false,73,GT 5076 - 295/90R20 JDE XF,295/90R20 JDE XF / JS121 (+3 SKUs),295/90R20,R20,1121129A20152JDLF0,4,G::TBR::GT 5076 - 295/90R20 JDE XF,157.0,157.0,0.0,2026-07-28 04:00,2026-08-01 03:15,95.26,TBR-73-07280400
TBR,2026-07-28,A,28,false,false,223,GT 5018 - 9.00R20 JUC2,9.00 R 20 JETWAY JUC2 16PR-N2 (+1 SKUs),"",R20,1123190020016KJC20,2,G::TBR::GT 5018 - 9.00R20 JUC2,157.0,193.0,0.0,2026-07-28 07:44,2026-08-01 07:00,95.26532957270715,TBR-223-07280744
TBR,2026-07-28,A,28,false,false,62,10.00 R 20 JDE,295/90R20JDE++ (+4 SKUs),R20,R20,1121129A20000JDEP0,5,G::TBR::10.00 R 20 JDE,151.0,151.0,0.0,2026-07-28 11:00,2026-08-01 06:37,91.62,TBR-62-07281100
TBR,2026-07-28,A,28,false,false,220,10.00 R 20 JDE,295/90R20JDE++ (+4 SKUs),R20,R20,1121129A20000JDEP0,5,G::TBR::10.00 R 20 JDE,150.0,151.0,0.0,2026-07-28 11:47,2026-08-01 07:00,91.20387627265616,TBR-220-07281147
TBR,2026-07-28,A,28,false,false,161,GT 5083 - 295/80R22.5 JUM XM,295/80R22.5 JUM XM (+1 SKUs),22.5,R22.5,112222982C016MJXM0,2,G::TBR::GT 5083 - 295/80R22.5 JUM XM,146.0,151.0,0.0,2026-07-28 14:35,2026-08-01 07:00,88.41129160577525,TBR-161-07281435
TBR,2026-07-28,B,28,false,false,54,GT 5075 - 295/90R20 JUH XF,295/90R20 JUH XF / JW 304 (+3 SKUs),295/90R20,R20,1122129A20152JULF0,4,G::TBR::GT 5075 - 295/90R20 JUH XF,150.0,152.0,0.0,2026-07-28 16:26,2026-08-01 07:00,86.56467109788296,TBR-54-07281626
TBR,2026-07-28,B,28,false,false,57,11R22.5 JDH5+,11R22.5 JS JDH5+ (+1 SKUs),"",R22.5,115121102C016LH5P0,2,G::TBR::11R22.5 JDH5+,138.0,148.0,0.0,2026-07-28 19:22,2026-08-01 07:00,83.63062341269963,TBR-57-07281922
TBR,2026-07-28,B,28,false,false,69,GT 5113 - 295/80R22.5 JDC XD,295/80R22.5 JETSTEEL JDC XD,"",R22.5,115122982C018KCXD0,1,G::TBR::GT 5113 - 295/80R22.5 JDC XD,123.0,154.0,78.0,2026-07-28 21:58,2026-08-01 07:00,81.01943449381794,TBR-69-07282158
TBR,2026-07-28,B,28,false,false,71,295/80R22.5JUL1,295/80R22.5 JUM (+2 SKUs),"",R22.5,112222982C016MJUM0,3,G::TBR::295/80R22.5JUL1,131.0,97.0,48.0,2026-07-28 21:58,2026-08-01 07:00,81.02571912202727,TBR-71-07282158
TBR,2026-07-28,C,28,false,false,72,385/55R22.5JTL,385/55R22.5 JW JTL- EXPORT,"",R22.5,115223832C020KJTL0,1,G::TBR::385/55R22.5JTL,128.0,130.0,0.0,2026-07-29 01:05,2026-08-01 07:00,77.91467123080227,TBR-72-07290105
TBR,2026-07-28,C,28,false,false,225,11.00R20JDE++,11.00R20 JDE++ (+1 SKUs),11.00R20,R20,1121111020016KDEP0,2,G::TBR::11.00R20JDE++,117.0,145.0,0.0,2026-07-29 02:05,2026-08-01 07:00,76.91143227845517,TBR-225-07290205
TBR,2026-07-29,A,29,false,false,142,10.00 R 20 JUH5,10.00 R 20 JW JUH5 - N2 (+1 SKUs),10.00 R 20 JUH5,R20,1122110020016KUH50,2,G::TBR::10.00 R 20 JUH5,113.0,117.0,27.0,2026-07-29 10:17,2026-08-01 07:00,68.70111111111112,TBR-142-07291017
TBR,2026-07-29,A,29,false,false,143,10.00 R 20 JUH5,10.00 R 20 JW JUH5 - N2 (+1 SKUs),10.00 R 20 JUH5,R20,1122110020016KUH50,2,G::TBR::10.00 R 20 JUH5,113.0,117.0,27.0,2026-07-29 10:17,2026-08-01 07:00,68.70111111111112,TBR-143-07291017
TBR,2026-07-29,A,29,false,false,177,11R22.5 JDH5+,11R22.5 JS JDH5+ (+1 SKUs),"",R22.5,115121102C016LH5P0,2,G::TBR::11R22.5 JDH5+,113.0,148.0,0.0,2026-07-29 10:27,2026-08-01 07:00,68.54399896061793,TBR-177-07291027
TBR,2026-07-29,A,29,false,false,152,315/70R22.5JDL3,315/70R22.5 JS JDL3 (+1 SKUs),"",R22.5,115123162C018LDL30,2,G::TBR::315/70R22.5JDL3,102.0,189.0,0.0,2026-07-29 14:51,2026-08-01 07:00,64.15124928490374,TBR-152-07291451
TBR,2026-07-29,B,29,false,false,144,10.00 R 20 JUH5,10.00 R 20 JW JUH5 - N2 (+1 SKUs),10.00 R 20 JUH5,R20,1122110020016KUH50,2,G::TBR::10.00 R 20 JUH5,100.0,144.0,0.0,2026-07-29 18:10,2026-08-01 07:00,60.82361111111111,TBR-144-07291810
TBR,2026-07-29,B,29,false,false,226,8.25R20JDE++,8.25R20JDE++ (+2 SKUs),8.25R20,R20,1121182020016KDEP0,3,G::TBR::8.25R20JDE++,106.0,148.0,0.0,2026-07-29 20:07,2026-08-01 07:00,58.868094608451614,TBR-226-07292007
TBR,2026-07-29,C,29,false,false,56,GT 5103 - 295/80R22.5 JUM XM OEM,295/80R22.5 JUM XM OEM (+2 SKUs),22.5,R22.5,112222982C152MJXM0,3,G::TBR::GT 5083 - 295/80R22.5 JUM XM,95.0,135.0,0.0,2026-07-30 00:27,2026-08-01 07:00,54.54410750738747,TBR-56-07300027
TBR,2026-07-29,C,29,false,false,151,GT 5094 - 11R22.5 JUH5 EXP,11R22.5 VUH5 - Export (+1 SKUs),11R22.5,R22.5,115221102C016LVH50,2,G::TBR::GT 5094 - 11R22.5 JUH5 EXP,84.0,208.0,0.0,2026-07-30 06:35,2026-08-01 07:00,48.400379874965545,TBR-151-07300635
TBR,2026-07-29,C,29,false,false,78,11.00R20 JUH5,11.00R20 JUH5 (+2 SKUs),11R20,R20,1122111020016KUH50,3,G::TBR::11.00R20 JUH5,71.0,71.0,0.0,2026-07-30 06:53,2026-08-01 01:57,43.08,TBR-78-07300653
TBR,2026-07-30,B,30,false,false,201,9.00 R 20 JDE++,9.00 R 20 JDE++ (+1 SKUs),9R20,R20,1121190020016KDEP0,2,G::TBR::9.00 R 20 JDE++,66.0,70.0,0.0,2026-07-30 15:08,2026-08-01 07:00,39.85758543333093,TBR-201-07301508
TBR,2026-07-30,B,30,false,false,149,10.00 R 20 JUH3+,10.00 R 20 JW JETWAY JUH3+ N2 (+1 SKUs),"",R20,1122110020016KH3P0,2,G::TBR::10.00 R 20 JUH3+,67.0,73.0,0.0,2026-07-30 17:33,2026-08-01 07:00,37.434379090330914,TBR-149-07301733
TBR,2026-07-30,B,30,false,false,176,10.00 R 20 JUH3+,10.00 R 20 JW JETWAY JUH3+ N2 (+1 SKUs),"",R20,1122110020016KH3P0,2,G::TBR::10.00 R 20 JUH3+,67.0,73.0,0.0,2026-07-30 17:33,2026-08-01 07:00,37.434379090330914,TBR-176-07301733
TBR,2026-07-30,B,30,false,false,157,8.25R20JUH5,8.25R20JUH5 (+4 SKUs),8.25R20,R20,1122182020016KUH50,5,G::TBR::8.25R20JUH5,67.0,87.0,0.0,2026-07-30 19:55,2026-08-01 07:00,35.07426069968086,TBR-157-07301955
TBR,2026-07-30,B,30,false,false,55,315/70R22.5JUL4,315/70R22.5 JW JUL4,"",R22.5,115223162C018LUL40,1,G::TBR::315/70R22.5JUL4,52.0,115.0,46.0,2026-07-30 21:02,2026-08-01 07:00,33.95857319916812,TBR-55-07302102
TBR,2026-07-30,C,30,false,false,153,10.00R 20 JW302,295/90R20JUCXM (+1 SKUs),10R20,R20,1123129A20152JUCM0,2,G::TBR::10.00R 20 JW302,50.0,130.0,0.0,2026-07-30 23:31,2026-08-01 07:00,31.4698046500847,TBR-153-07302331
TBR,2026-07-30,C,30,false,false,59,GT 5079 - 255/70R22.5 JUX E,255/70R22.5 JUXe 140/137 M (+2 SKUs),22.5,R22.5,112222562C016MUXE0,3,G::TBR::GT 5079 - 255/70R22.5 JUX E,48.0,96.0,48.0,2026-07-31 00:45,2026-08-01 07:00,30.24518900555138,TBR-59-07310045
TBR,2026-07-30,C,30,false,false,219,GT 5096 - 11.00R20 JDC XD,11.00R20 JDC XD (+2 SKUs),"",R20,1121111020016KCXD0,3,G::TBR::GT 5096 - 11.00R20 JDC XD,43.0,146.0,0.0,2026-07-31 03:55,2026-08-01 07:00,27.069507038406204,TBR-219-07310355
TBR,2026-07-31,A,31,false,false,74,GT 5078 - 295/80R22.5 JUX E,295/80R22.5 JUXe (+5 SKUs),"",R22.5,112222982C016JUXE0,6,G::TBR::GT 5078 - 295/80R22.5 JUX E,37.0,74.0,0.0,2026-07-31 07:44,2026-08-01 07:00,23.2668094254319,TBR-74-07310744
TBR,2026-07-31,B,31,false,false,65,GT 5095 - 11.00R20 JUC3,11.00R20 JUC3 (+1 SKUs),"",R20,1123111020016KJC30,2,G::TBR::GT 5095 - 11.00R20 JUC3,14.0,18.0,52.0,2026-07-31 21:57,2026-08-01 07:00,9.046053846007762,TBR-65-07312157
TBR,2026-07-31,C,31,false,false,159,GT 5094 - 11R22.5 JUH5 EXP,11R22.5 VUH5 - Export (+1 SKUs),11R22.5,R22.5,115221102C016LVH50,2,G::TBR::GT 5094 - 11R22.5 JUH5 EXP,13.0,138.0,0.0,2026-07-31 23:13,2026-08-01 07:00,7.779064204168558,TBR-159-07312313
TBR,2026-07-31,C,31,false,false,60,295/90R20JDCXD,295/90R20_JDC XD_152/148_J_TT (+1 SKUs),10R20,R20,1121129A20152JCXD0,2,G::TBR::295/90R20JDCXD,9.0,70.0,0.0,2026-08-01 01:45,2026-08-01 07:00,5.236217649790382,TBR-60-08010145
TBR,2026-07-31,C,31,false,false,134,GT 5115 - 295/80R22.5 JW305,295/80R22.5 JW306 (+2 SKUs),"",R22.5,112322982C016M3061,3,G::TBR::GT 5115 - 295/80R22.5 JW305,7.0,122.0,0.0,2026-08-01 02:23,2026-08-01 07:00,4.608795243301358,TBR-134-08010223
