plant,date,shift,plant_day,carry_out,machine,gt_code,gt_description,tyre_size,rim,modal_sku,n_skus,run_qty,slices,start_ts,end_ts,duration_h,changeover,size_change,prev_gt,gap_before_min,setup_required_min,setup_shortfall_min,block_id
PCR,2026-08-01,A,1,false,TBMPCR10Stage2,GT 1583 NEO TATA,155/80 R13 ULTIMA NEO LRR (+2 SKUs),R13,R13,1325215813079TUNE5,3,307.0,2,2026-08-01 07:00,2026-08-01 11:05,4.09,false,false,,,0.0,0.0,PCR|TBMPCR10Stage2|1#1
PCR,2026-08-01,A,1,false,TBMPCR11Stage2,GT 2476 SUP MM,245/75 R16 ELANZO SUPRA,"",R16,1325224716111SELS0,1,304.0,2,2026-08-01 07:00,2026-08-01 13:20,6.33,false,false,,,0.0,0.0,PCR|TBMPCR11Stage2|1#69
PCR,2026-08-01,A,1,false,TBMPCR1Stage2,GT 2267 ROYL HYU,215/60 R17 UX ROYALE HYUNDAI (+9 SKUs),R17,R17,1325221417096HURL0,10,1201.0,8,2026-08-01 07:00,2026-08-02 05:16,22.28,false,false,,,0.0,0.0,PCR|TBMPCR1Stage2|1#139
PCR,2026-08-01,A,1,false,TBMPCR2Stage2,GT 2158 ROYL HYU,215/55R18 UX ROYALE (+1 SKUs),R18,R18,1325221318095HURL0,2,307.0,2,2026-08-01 07:00,2026-08-01 12:47,5.8,false,false,,,0.0,0.0,PCR|TBMPCR2Stage2|1#207
PCR,2026-08-01,A,1,false,TBMPCR3Stage2,GT1915 LT XPC1,195 R15 ULTIMA XPC1,"",R15,1225219Z15008SXC10,1,162.0,1,2026-08-01 07:00,2026-08-01 10:38,3.64,false,false,,,0.0,0.0,PCR|TBMPCR3Stage2|1#283
PCR,2026-08-01,A,1,false,TBMPCR5Stage2,GT 1503 NEO MSIL,155/80 R13 ULTIMA NEO MSIL (+6 SKUs),R13,R13,1325215813079TUNE3,7,462.0,3,2026-08-01 07:00,2026-08-01 13:32,6.54,false,false,,,0.0,0.0,PCR|TBMPCR5Stage2|1#456
PCR,2026-08-01,A,1,false,TBMPCR8Stage2,GT 1995 ROYL KIA,195/65R15 UX ROYALE (+10 SKUs),R15,R15,1325219515091HURL2,11,638.0,4,2026-08-01 07:00,2026-08-01 17:27,10.46,false,false,,,0.0,0.0,PCR|TBMPCR8Stage2|1#789
PCR,2026-08-01,A,1,false,TBMPCR7Stage2,GT 1503 NEO MSIL,155/80 R13 ULTIMA NEO MSIL (+6 SKUs),R13,R13,1325215813079TUNE3,7,427.0,3,2026-08-01 08:02,2026-08-01 13:44,5.69,false,false,,,0.0,0.0,PCR|TBMPCR7Stage2|1#696
PCR,2026-08-01,A,1,false,TBMPCR6Stage2,GT 1894 MAX,185/70 R14 TAXIMAX (+6 SKUs),R14,R14,1325218614088TTMX0,7,153.0,1,2026-08-01 09:43,2026-08-01 11:51,2.12,false,false,,,0.0,0.0,PCR|TBMPCR6Stage2|1#537
PCR,2026-08-01,A,1,false,TBMPCR3Stage2,GT 1925 XPC1,195 R15 ULTIMA XPC1 AL,R15,R15,1225219Z15008SXC11,1,151.0,1,2026-08-01 11:32,2026-08-01 14:56,3.4,true,false,GT1915 LT XPC1,53.88333333333333,28.0,0.0,PCR|TBMPCR3Stage2|2#284
PCR,2026-08-01,A,1,false,TBMPCR4Stage2,GT 1402 XPC TATA,145 R12 ULTIMA XPC TL TATA (+14 SKUs),R12,R12,1D25214012008QXPCT,15,468.0,3,2026-08-01 11:34,2026-08-01 18:35,7.02,false,false,,,0.0,0.0,PCR|TBMPCR4Stage2|1#378
PCR,2026-08-01,A,1,false,TBMPCR9Stage2,GT 2158 ROYL HYU,215/55R18 UX ROYALE (+1 SKUs),R18,R18,1325221318095HURL0,2,157.0,1,2026-08-01 11:51,2026-08-01 14:44,2.88,false,false,,,0.0,0.0,PCR|TBMPCR9Stage2|1#856
PCR,2026-08-01,A,1,false,TBMPCR10Stage2,GT 1503 NEO MSIL,155/80 R13 ULTIMA NEO MSIL (+6 SKUs),R13,R13,1325215813079TUNE3,7,924.0,6,2026-08-01 12:19,2026-08-02 00:38,12.32,true,false,GT 1583 NEO TATA,73.85,22.0,0.0,PCR|TBMPCR10Stage2|2#2
PCR,2026-08-01,A,1,false,TBMPCR6Stage2,GT1914 XPC1,195 R14 ULTIMA XPC1,"",(no rim),1D25219Z14008SXC10,1,158.0,1,2026-08-01 12:33,2026-08-01 15:42,3.16,true,true,GT 1894 MAX,42.0,42.0,0.0,PCR|TBMPCR6Stage2|2#538
PCR,2026-08-01,A,1,false,TBMPCR7Stage2,GT 1673 NEO,165/70 R13 ULTIMA NEO,R13,R13,1325216613079HUNE0,1,155.0,1,2026-08-01 14:06,2026-08-01 16:10,2.07,true,false,GT 1503 NEO MSIL,22.0,22.0,0.0,PCR|TBMPCR7Stage2|2#697
PCR,2026-08-01,B,1,false,TBMPCR9Stage2,GT 2568 RAN AT,255/65 R18 RANGER AT,R18,R18,1325225518111HRAT0,1,159.0,1,2026-08-01 15:06,2026-08-01 18:35,3.49,true,false,GT 2158 ROYL HYU,22.0,22.0,0.0,PCR|TBMPCR9Stage2|2#857
PCR,2026-08-01,B,1,false,TBMPCR3Stage2,GT 2455 RAN A/T,215/75 R15 RANGER AT,R15,R15,1325221715100SRAT0,1,314.0,2,2026-08-01 15:24,2026-08-01 21:46,6.37,true,false,GT 1925 XPC1,28.0,28.0,0.0,PCR|TBMPCR3Stage2|3#285
PCR,2026-08-01,B,1,false,TBMPCR11Stage2,GT 2476 SUP MM,245/75 R16 ELANZO SUPRA,"",R16,1325224716111SELS0,1,681.0,5,2026-08-01 15:25,2026-08-02 05:36,14.19,false,false,GT 2476 SUP MM,125.45,0.0,0.0,PCR|TBMPCR11Stage2|1#70
PCR,2026-08-01,B,1,false,TBMPCR2Stage2,GT 2267 ROYL HYU,215/60 R17 UX ROYALE HYUNDAI (+9 SKUs),R17,R17,1325221417096HURL0,10,154.0,1,2026-08-01 15:51,2026-08-01 18:35,2.74,true,true,GT 2158 ROYL HYU,183.25,60.0,0.0,PCR|TBMPCR2Stage2|2#208
PCR,2026-08-01,B,1,false,TBMPCR6Stage2,GT1564 NEO,155/65 R14 ULTIMA NEO,R14,R14,1325215514075TUNE0,1,157.0,1,2026-08-01 16:24,2026-08-01 18:35,2.18,true,true,GT1914 XPC1,42.0,42.0,0.0,PCR|TBMPCR6Stage2|3#539
PCR,2026-08-01,B,1,false,TBMPCR5Stage2,GT1513 NEO,155/65 R 13 ULTIMA NEO,R13,(no rim),1325215513073TUNE0,1,151.0,1,2026-08-01 16:27,2026-08-01 18:35,2.14,true,true,GT 1503 NEO MSIL,174.4,60.0,0.0,PCR|TBMPCR5Stage2|2#457
PCR,2026-08-01,B,1,false,TBMPCR7Stage2,GT 1583 NEO TATA,155/80 R13 ULTIMA NEO LRR (+2 SKUs),R13,R13,1325215813079TUNE5,3,307.0,2,2026-08-01 16:32,2026-08-01 20:37,4.09,true,false,GT 1673 NEO,22.0,22.0,0.0,PCR|TBMPCR7Stage2|3#698
PCR,2026-08-01,B,1,false,TBMPCR9Stage2,GT 2568 HT2,255/65 R 18 Ranger HT2 111 H,R18,R18,1325225518111HRHB0,1,305.0,2,2026-08-01 18:57,2026-08-02 01:39,6.69,true,false,GT 2568 RAN AT,22.0,22.0,0.0,PCR|TBMPCR9Stage2|3#858
PCR,2026-08-01,B,1,false,TBMPCR2Stage2,GT 2258 RAN HPE,225/55 R 18 Ranger Hpe (+1 SKUs),R 18,R18,1325222318098HRHE0,2,282.0,2,2026-08-01 19:35,2026-08-02 01:27,5.88,true,true,GT 2267 ROYL HYU,60.0,60.0,0.0,PCR|TBMPCR2Stage2|3#209
PCR,2026-08-01,B,1,false,TBMPCR8Stage2,GT 1965 ROYL,195/65 R 15 UX ROYALE 91 H,R15,(no rim),1325219515091HURL3,1,166.0,1,2026-08-01 21:28,2026-08-02 00:30,3.04,true,true,GT 1995 ROYL KIA,240.68333333333334,42.0,0.0,PCR|TBMPCR8Stage2|2#790
PCR,2026-08-01,B,1,false,TBMPCR4Stage2,GT 1412 XPC MM,145 R12 ULTIMA XPC (+6 SKUs),"",R12,1D25114012008QXPC0,7,151.0,1,2026-08-01 21:43,2026-08-01 23:59,2.26,true,false,GT 1402 XPC TATA,187.73333333333332,28.0,0.0,PCR|TBMPCR4Stage2|2#379
PCR,2026-08-01,B,1,false,TBMPCR5Stage2,GT 1503 NEO MSIL,155/80 R13 ULTIMA NEO MSIL (+6 SKUs),R13,R13,1325215813079TUNE3,7,930.0,6,2026-08-01 21:51,2026-08-02 11:01,13.18,true,true,GT1513 NEO,195.85,60.0,0.0,PCR|TBMPCR5Stage2|3#458
PCR,2026-08-01,C,1,false,TBMPCR4Stage2,GT 1482 UHL,145/80 R 12 ULTIMA HI LIFE TL (+13 SKUs),R12,R12,1325214812074TUHL0,14,604.0,4,2026-08-02 00:27,2026-08-02 09:30,9.06,true,false,GT 1412 XPC MM,28.0,28.0,0.0,PCR|TBMPCR4Stage2|3#380
PCR,2026-08-01,C,1,false,TBMPCR7Stage2,GT 1773 NEO,175/70 R13 ULTIMA NEO,R13,R13,1325217613082TUNE0,1,302.0,2,2026-08-02 00:35,2026-08-02 04:37,4.03,true,false,GT 1583 NEO TATA,238.1,22.0,0.0,PCR|TBMPCR7Stage2|4#699
PCR,2026-08-01,C,1,false,TBMPCR3Stage2,GT 1765 ROYL,175/65 R15 UX ROYALE (+5 SKUs),R15,R15,1325217515084HURL2,6,628.0,4,2026-08-02 00:49,2026-08-02 11:28,10.64,true,false,GT 2455 RAN A/T,183.26666666666665,28.0,0.0,PCR|TBMPCR3Stage2|4#286
PCR,2026-08-01,C,1,false,TBMPCR10Stage2,GT 1513 XPC1 MSIL,155 R13 C ULTIMA XPC1 90/89 S TL (MSIL) (+1 SKUs),R13,R13,1D25215013008SXC10,2,781.0,5,2026-08-02 01:00,2026-08-02 11:51,10.85,true,false,GT 1503 NEO MSIL,22.0,22.0,0.0,PCR|TBMPCR10Stage2|3#3
PCR,2026-08-01,C,1,false,TBMPCR8Stage2,GT 1995 ROYL KIA,195/65R15 UX ROYALE (+10 SKUs),R15,R15,1325219515091HURL2,11,1256.0,8,2026-08-02 01:12,2026-08-02 21:47,20.58,true,true,GT 1965 ROYL,42.0,42.0,0.0,PCR|TBMPCR8Stage2|3#791
PCR,2026-08-01,C,1,false,TBMPCR9Stage2,GT 2258 RAN HPE,225/55 R 18 Ranger Hpe (+1 SKUs),R 18,R18,1325222318098HRHE0,2,151.0,1,2026-08-02 03:24,2026-08-02 06:30,3.1,true,false,GT 2568 HT2,105.14999999999999,22.0,0.0,PCR|TBMPCR9Stage2|4#859
PCR,2026-08-01,C,1,false,TBMPCR7Stage2,GT 1513 XPC1 MSIL,155 R13 C ULTIMA XPC1 90/89 S TL (MSIL) (+1 SKUs),R13,R13,1D25215013008SXC10,2,281.0,2,2026-08-02 04:59,2026-08-02 08:53,3.9,true,false,GT 1773 NEO,22.0,22.0,0.0,PCR|TBMPCR7Stage2|5#700
PCR,2026-08-01,C,1,false,TBMPCR2Stage2,GT  T1457 STAR,T145/70 R17 STAR XT (+2 SKUs),R17,R17,1325214617107MSXT0,3,315.0,2,2026-08-02 05:05,2026-08-02 10:52,5.78,true,true,GT 2258 RAN HPE,217.65,60.0,0.0,PCR|TBMPCR2Stage2|4#210
PCR,2026-08-01,C,1,false,TBMPCR6Stage2,GT 1894 MAX,185/70 R14 TAXIMAX (+6 SKUs),R14,R14,1325218614088TTMX0,7,153.0,1,2026-08-02 05:54,2026-08-02 08:01,2.12,true,false,GT1564 NEO,678.8666666666667,22.0,0.0,PCR|TBMPCR6Stage2|4#540
PCR,2026-08-01,C,1,false,TBMPCR9Stage2,GT 2158 ROYL HYU,215/55R18 UX ROYALE (+1 SKUs),R18,R18,1325221318095HURL0,2,467.0,3,2026-08-02 06:52,2026-08-02 15:26,8.56,true,false,GT 2258 RAN HPE,22.0,22.0,0.0,PCR|TBMPCR9Stage2|5#860
PCR,2026-08-02,A,2,false,TBMPCR6Stage2,GT 1634 XPC TATA,165 R14 ULTIMA XPC TATA TL (+5 SKUs),R14,R14,1D25216814008QXPC0,6,267.0,2,2026-08-02 08:23,2026-08-02 12:06,3.71,true,false,GT 1894 MAX,22.0,22.0,0.0,PCR|TBMPCR6Stage2|5#541
PCR,2026-08-02,A,2,false,TBMPCR1Stage2,GT 2267 ROYL HYU,215/60 R17 UX ROYALE HYUNDAI (+9 SKUs),R17,R17,1325221417096HURL0,10,759.0,5,2026-08-02 08:32,2026-08-02 22:02,13.49,false,false,GT 2267 ROYL HYU,196.0,0.0,0.0,PCR|TBMPCR1Stage2|1#140
PCR,2026-08-02,A,2,false,TBMPCR4Stage2,GT 1402 XPC TATA,145 R12 ULTIMA XPC TL TATA (+14 SKUs),R12,R12,1D25214012008QXPCT,15,623.0,4,2026-08-02 09:58,2026-08-02 19:19,9.35,true,false,GT 1482 UHL,28.0,28.0,0.0,PCR|TBMPCR4Stage2|4#381
PCR,2026-08-02,A,2,false,TBMPCR2Stage2,GT 2476 SUP MM,245/75 R16 ELANZO SUPRA,"",R16,1325224716111SELS0,1,610.0,4,2026-08-02 11:52,2026-08-03 00:44,12.88,true,true,GT  T1457 STAR,60.0,60.0,0.0,PCR|TBMPCR2Stage2|5#211
PCR,2026-08-02,A,2,false,TBMPCR3Stage2,GT 1925 XPC1,195 R15 ULTIMA XPC1 AL,R15,R15,1225219Z15008SXC11,1,308.0,2,2026-08-02 11:56,2026-08-02 18:52,6.93,true,false,GT 1765 ROYL,28.0,28.0,0.0,PCR|TBMPCR3Stage2|5#287
PCR,2026-08-02,A,2,false,TBMPCR5Stage2,GT1513 NEO,155/65 R 13 ULTIMA NEO,R13,(no rim),1325215513073TUNE0,1,151.0,1,2026-08-02 12:01,2026-08-02 14:10,2.14,true,true,GT 1503 NEO MSIL,60.0,60.0,0.0,PCR|TBMPCR5Stage2|4#459
PCR,2026-08-02,A,2,false,TBMPCR10Stage2,GT 1583 NEO TATA,155/80 R13 ULTIMA NEO LRR (+2 SKUs),R13,R13,1325215813079TUNE5,3,308.0,2,2026-08-02 12:13,2026-08-02 16:19,4.11,true,false,GT 1513 XPC1 MSIL,22.0,22.0,0.0,PCR|TBMPCR10Stage2|4#4
PCR,2026-08-02,A,2,false,TBMPCR7Stage2,GT 1673 NEO,165/70 R13 ULTIMA NEO,R13,R13,1325216613079HUNE0,1,155.0,1,2026-08-02 12:24,2026-08-02 14:28,2.07,true,false,GT 1513 XPC1 MSIL,210.48333333333332,22.0,0.0,PCR|TBMPCR7Stage2|6#701
PCR,2026-08-02,A,2,false,TBMPCR6Stage2,GT1564 NEO,155/65 R14 ULTIMA NEO,R14,R14,1325215514075TUNE0,1,157.0,1,2026-08-02 12:28,2026-08-02 14:39,2.18,true,false,GT 1634 XPC TATA,22.0,22.0,0.0,PCR|TBMPCR6Stage2|6#542
PCR,2026-08-02,A,2,false,TBMPCR11Stage2,GT 2076 RAN HT,205/60 R16 RANGER HT,R16,(no rim),1325220416092HRHT0,1,158.0,1,2026-08-02 13:39,2026-08-02 16:35,2.94,true,true,GT 2476 SUP MM,482.56666666666666,42.0,0.0,PCR|TBMPCR11Stage2|2#71
PCR,2026-08-02,A,2,false,TBMPCR7Stage2,GT 1513 XPC1 MSIL,155 R13 C ULTIMA XPC1 90/89 S TL (MSIL) (+1 SKUs),R13,R13,1D25215013008SXC10,2,314.0,2,2026-08-02 14:50,2026-08-02 19:11,4.36,true,false,GT 1673 NEO,22.0,22.0,0.0,PCR|TBMPCR7Stage2|7#702
PCR,2026-08-02,B,2,false,TBMPCR5Stage2,GT 1513 XPC1 MSIL,155 R13 C ULTIMA XPC1 90/89 S TL (MSIL) (+1 SKUs),R13,R13,1D25215013008SXC10,2,626.0,4,2026-08-02 15:10,2026-08-03 00:33,9.39,true,true,GT1513 NEO,60.0,60.0,0.0,PCR|TBMPCR5Stage2|5#460
PCR,2026-08-02,B,2,false,TBMPCR10Stage2,GT 1513 XPC1 MSIL,155 R13 C ULTIMA XPC1 90/89 S TL (MSIL) (+1 SKUs),R13,R13,1D25215013008SXC10,2,776.0,5,2026-08-02 16:41,2026-08-03 03:28,10.78,true,false,GT 1583 NEO TATA,22.0,22.0,0.0,PCR|TBMPCR10Stage2|5#5
PCR,2026-08-02,B,2,false,TBMPCR9Stage2,GT 2568 RAN AT,255/65 R18 RANGER AT,R18,R18,1325225518111HRAT0,1,159.0,1,2026-08-02 17:39,2026-08-02 21:09,3.49,true,false,GT 2158 ROYL HYU,133.78333333333333,22.0,0.0,PCR|TBMPCR9Stage2|6#861
PCR,2026-08-02,B,2,false,TBMPCR3Stage2,GT1915 LT XPC1,195 R15 ULTIMA XPC1,"",R15,1225219Z15008SXC10,1,162.0,1,2026-08-02 19:20,2026-08-02 22:58,3.64,true,false,GT 1925 XPC1,28.0,28.0,0.0,PCR|TBMPCR3Stage2|6#288
PCR,2026-08-02,B,2,false,TBMPCR7Stage2,GT 1503 NEO MSIL,155/80 R13 ULTIMA NEO MSIL (+6 SKUs),R13,R13,1325215813079TUNE3,7,916.0,6,2026-08-02 19:33,2026-08-03 07:46,12.21,true,false,GT 1513 XPC1 MSIL,22.0,22.0,0.0,PCR|TBMPCR7Stage2|8#703
PCR,2026-08-02,B,2,false,TBMPCR6Stage2,GT1914 XPC1,195 R14 ULTIMA XPC1,"",(no rim),1D25219Z14008SXC10,1,158.0,1,2026-08-02 20:08,2026-08-02 23:18,3.16,true,true,GT1564 NEO,329.2833333333333,42.0,0.0,PCR|TBMPCR6Stage2|7#543
PCR,2026-08-02,B,2,false,TBMPCR9Stage2,GT 2568 HT2,255/65 R 18 Ranger HT2 111 H,R18,R18,1325225518111HRHB0,1,305.0,2,2026-08-02 21:42,2026-08-03 04:24,6.69,true,false,GT 2568 RAN AT,33.61666666666667,22.0,0.0,PCR|TBMPCR9Stage2|7#862
PCR,2026-08-02,B,2,false,TBMPCR4Stage2,GT 1402 XPC TATA,145 R12 ULTIMA XPC TL TATA (+14 SKUs),R12,R12,1D25214012008QXPCT,15,623.0,4,2026-08-02 22:23,2026-08-03 07:44,9.35,false,false,GT 1402 XPC TATA,183.98333333333332,0.0,0.0,PCR|TBMPCR4Stage2|4#382
PCR,2026-08-02,C,2,false,TBMPCR3Stage2,GT 1925 XPC1,195 R15 ULTIMA XPC1 AL,R15,R15,1225219Z15008SXC11,1,305.0,2,2026-08-03 00:37,2026-08-03 07:29,6.86,true,false,GT1915 LT XPC1,99.05,28.0,0.0,PCR|TBMPCR3Stage2|7#289
PCR,2026-08-02,C,2,false,TBMPCR2Stage2,GT 1482 UHL,145/80 R 12 ULTIMA HI LIFE TL (+13 SKUs),R12,R12,1325214812074TUHL0,14,404.0,3,2026-08-03 01:44,2026-08-03 07:48,6.06,true,true,GT 2476 SUP MM,60.0,60.0,0.0,PCR|TBMPCR2Stage2|6#212
PCR,2026-08-02,C,2,false,TBMPCR5Stage2,GT 1773 NEO,175/70 R13 ULTIMA NEO,R13,R13,1325217613082TUNE0,1,302.0,2,2026-08-03 02:10,2026-08-03 06:26,4.28,true,false,GT 1513 XPC1 MSIL,96.68333333333334,28.0,0.0,PCR|TBMPCR5Stage2|6#461
PCR,2026-08-02,C,2,false,TBMPCR11Stage2,GT 2076 RAN HT,205/60 R16 RANGER HT,R16,(no rim),1325220416092HRHT0,1,158.0,1,2026-08-03 02:20,2026-08-03 05:16,2.94,false,false,GT 2076 RAN HT,584.5833333333334,0.0,0.0,PCR|TBMPCR11Stage2|2#72
PCR,2026-08-02,C,2,false,TBMPCR1Stage2,GT  T1457 STAR,T145/70 R17 STAR XT (+2 SKUs),R17,R17,1325214617107MSXT0,3,316.0,2,2026-08-03 02:46,2026-08-03 08:17,5.53,true,false,GT 2267 ROYL HYU,283.8833333333333,28.0,0.0,PCR|TBMPCR1Stage2|2#141
PCR,2026-08-02,C,2,false,TBMPCR10Stage2,GT 1503 NEO MSIL,155/80 R13 ULTIMA NEO MSIL (+6 SKUs),R13,R13,1325215813079TUNE3,7,921.0,6,2026-08-03 03:50,2026-08-03 16:07,12.28,true,false,GT 1513 XPC1 MSIL,22.0,22.0,0.0,PCR|TBMPCR10Stage2|6#6
PCR,2026-08-02,C,2,false,TBMPCR9Stage2,GT 2258 RAN HPE,225/55 R 18 Ranger Hpe (+1 SKUs),R 18,R18,1325222318098HRHE0,2,612.0,4,2026-08-03 04:46,2026-08-03 17:21,12.58,true,false,GT 2568 HT2,22.0,22.0,0.0,PCR|TBMPCR9Stage2|8#863
PCR,2026-08-02,C,2,false,TBMPCR8Stage2,GT 2267 ROYL HYU,215/60 R17 UX ROYALE HYUNDAI (+9 SKUs),R17,R17,1325221417096HURL0,10,150.0,1,2026-08-03 05:13,2026-08-03 07:48,2.58,true,true,GT 1995 ROYL KIA,445.45,42.0,0.0,PCR|TBMPCR8Stage2|4#792
PCR,2026-08-02,C,2,false,TBMPCR11Stage2,GT 2476 SUP MM,245/75 R16 ELANZO SUPRA,"",R16,1325224716111SELS0,1,611.0,4,2026-08-03 05:58,2026-08-03 18:42,12.73,true,true,GT 2076 RAN HT,42.0,42.0,0.0,PCR|TBMPCR11Stage2|3#73
PCR,2026-08-02,C,2,false,TBMPCR6Stage2,GT 1894 MAX,185/70 R14 TAXIMAX (+6 SKUs),R14,R14,1325218614088TTMX0,7,153.0,1,2026-08-03 06:27,2026-08-03 08:34,2.12,true,true,GT1914 XPC1,429.3833333333333,42.0,0.0,PCR|TBMPCR6Stage2|8#544
PCR,2026-08-03,A,3,false,TBMPCR5Stage2,GT1513 NEO,155/65 R 13 ULTIMA NEO,R13,(no rim),1325215513073TUNE0,1,151.0,1,2026-08-03 07:26,2026-08-03 09:35,2.14,true,true,GT 1773 NEO,60.0,60.0,0.0,PCR|TBMPCR5Stage2|7#462
PCR,2026-08-03,A,3,false,TBMPCR3Stage2,GT 1765 ROYL,175/65 R15 UX ROYALE (+5 SKUs),R15,R15,1325217515084HURL2,6,473.0,3,2026-08-03 07:57,2026-08-03 15:58,8.01,true,false,GT 1925 XPC1,28.0,28.0,0.0,PCR|TBMPCR3Stage2|8#290
PCR,2026-08-03,A,3,false,TBMPCR7Stage2,GT 1673 NEO,165/70 R13 ULTIMA NEO,R13,R13,1325216613079HUNE0,1,155.0,1,2026-08-03 08:08,2026-08-03 10:12,2.07,true,false,GT 1503 NEO MSIL,22.0,22.0,0.0,PCR|TBMPCR7Stage2|9#704
PCR,2026-08-03,A,3,false,TBMPCR8Stage2,GT 1995 ROYL KIA,195/65R15 UX ROYALE (+10 SKUs),R15,R15,1325219515091HURL2,11,635.0,4,2026-08-03 08:30,2026-08-03 18:54,10.41,true,true,GT 2267 ROYL HYU,42.0,42.0,0.0,PCR|TBMPCR8Stage2|5#793
PCR,2026-08-03,A,3,false,TBMPCR1Stage2,GT 2367 RAN XATW,235/65 R17 RANGER X-AT 104T,R17,R17,1325223517104TRXT0,1,156.0,1,2026-08-03 08:45,2026-08-03 12:16,3.51,true,false,GT  T1457 STAR,28.0,28.0,0.0,PCR|TBMPCR1Stage2|3#142
PCR,2026-08-03,A,3,false,TBMPCR2Stage2,GT 2267 ROYL HYU,215/60 R17 UX ROYALE HYUNDAI (+9 SKUs),R17,R17,1325221417096HURL0,10,304.0,2,2026-08-03 08:48,2026-08-03 14:12,5.4,true,true,GT 1482 UHL,60.0,60.0,0.0,PCR|TBMPCR2Stage2|7#213
PCR,2026-08-03,A,3,false,TBMPCR6Stage2,GT1564 NEO,155/65 R14 ULTIMA NEO,R14,R14,1325215514075TUNE0,1,157.0,1,2026-08-03 08:56,2026-08-03 11:07,2.18,true,false,GT 1894 MAX,22.0,22.0,0.0,PCR|TBMPCR6Stage2|9#545
PCR,2026-08-03,A,3,false,TBMPCR7Stage2,GT 1583 NEO TATA,155/80 R13 ULTIMA NEO LRR (+2 SKUs),R13,R13,1325215813079TUNE5,3,307.0,2,2026-08-03 10:34,2026-08-03 14:40,4.09,true,false,GT 1673 NEO,22.0,22.0,0.0,PCR|TBMPCR7Stage2|10#705
PCR,2026-08-03,A,3,false,TBMPCR5Stage2,GT 1583 NEO TATA,155/80 R13 ULTIMA NEO LRR (+2 SKUs),R13,R13,1325215813079TUNE5,3,307.0,2,2026-08-03 10:35,2026-08-03 14:56,4.35,true,true,GT1513 NEO,60.0,60.0,0.0,PCR|TBMPCR5Stage2|8#463
PCR,2026-08-03,A,3,false,TBMPCR6Stage2,GT 1634 XPC TATA,165 R14 ULTIMA XPC TATA TL (+5 SKUs),R14,R14,1D25216814008QXPC0,6,311.0,2,2026-08-03 11:29,2026-08-03 15:48,4.32,true,false,GT1564 NEO,22.0,22.0,0.0,PCR|TBMPCR6Stage2|10#546
PCR,2026-08-03,A,3,false,TBMPCR4Stage2,GT 1412 XPC MM,145 R12 ULTIMA XPC (+6 SKUs),"",R12,1D25114012008QXPC0,7,151.0,1,2026-08-03 13:09,2026-08-03 15:25,2.26,true,false,GT 1402 XPC TATA,325.1166666666667,28.0,0.0,PCR|TBMPCR4Stage2|5#383
PCR,2026-08-03,B,3,false,TBMPCR7Stage2,GT 1773 NEO,175/70 R13 ULTIMA NEO,R13,R13,1325217613082TUNE0,1,151.0,1,2026-08-03 15:02,2026-08-03 17:03,2.01,true,false,GT 1583 NEO TATA,22.0,22.0,0.0,PCR|TBMPCR7Stage2|11#706
PCR,2026-08-03,B,3,false,TBMPCR2Stage2,GT 1844 XPC TML,185 R14 ULTIMA XPC 10 PR (+1 SKUs),R14,R14,1D25218014010RXPCT,2,151.0,1,2026-08-03 15:12,2026-08-03 18:21,3.15,true,true,GT 2267 ROYL HYU,60.0,60.0,0.0,PCR|TBMPCR2Stage2|8#214
PCR,2026-08-03,B,3,false,TBMPCR5Stage2,GT 1513 XPC1 MSIL,155 R13 C ULTIMA XPC1 90/89 S TL (MSIL) (+1 SKUs),R13,R13,1D25215013008SXC10,2,471.0,3,2026-08-03 15:24,2026-08-03 22:28,7.06,true,false,GT 1583 NEO TATA,28.0,28.0,0.0,PCR|TBMPCR5Stage2|9#464
PCR,2026-08-03,B,3,false,TBMPCR4Stage2,GT 1402 XPC TATA,145 R12 ULTIMA XPC TL TATA (+14 SKUs),R12,R12,1D25214012008QXPCT,15,626.0,4,2026-08-03 15:53,2026-08-04 01:16,9.39,true,false,GT 1412 XPC MM,28.0,28.0,0.0,PCR|TBMPCR4Stage2|6#384
PCR,2026-08-03,B,3,false,TBMPCR6Stage2,GT 1844 XPC TML,185 R14 ULTIMA XPC 10 PR (+1 SKUs),R14,R14,1D25218014010RXPCT,2,151.0,1,2026-08-03 16:10,2026-08-03 19:12,3.02,true,false,GT 1634 XPC TATA,22.0,22.0,0.0,PCR|TBMPCR6Stage2|11#547
PCR,2026-08-03,B,3,false,TBMPCR3Stage2,GT 2455 RAN A/T,215/75 R15 RANGER AT,R15,R15,1325221715100SRAT0,1,157.0,1,2026-08-03 16:36,2026-08-03 19:47,3.18,true,false,GT 1765 ROYL,37.61666666666667,28.0,0.0,PCR|TBMPCR3Stage2|9#291
PCR,2026-08-03,B,3,false,TBMPCR10Stage2,GT 1513 XPC1 MSIL,155 R13 C ULTIMA XPC1 90/89 S TL (MSIL) (+1 SKUs),R13,R13,1D25215013008SXC10,2,313.0,2,2026-08-03 16:43,2026-08-03 21:03,4.35,true,false,GT 1503 NEO MSIL,35.71666666666667,22.0,0.0,PCR|TBMPCR10Stage2|7#7
PCR,2026-08-03,B,3,false,TBMPCR7Stage2,GT 1513 XPC1 MSIL,155 R13 C ULTIMA XPC1 90/89 S TL (MSIL) (+1 SKUs),R13,R13,1D25215013008SXC10,2,314.0,2,2026-08-03 17:25,2026-08-03 21:46,4.36,true,false,GT 1773 NEO,22.0,22.0,0.0,PCR|TBMPCR7Stage2|12#707
PCR,2026-08-03,B,3,false,TBMPCR11Stage2,GT 2076 RAN HT,205/60 R16 RANGER HT,R16,(no rim),1325220416092HRHT0,1,158.0,1,2026-08-03 19:24,2026-08-03 22:20,2.94,true,true,GT 2476 SUP MM,42.0,42.0,0.0,PCR|TBMPCR11Stage2|4#74
PCR,2026-08-03,B,3,false,TBMPCR6Stage2,GT 1854 XPC TT,185 R 14 Ultima XPC 10 PR TT (+1 SKUs),R14,R14,1D25118014010RXPC0,2,156.0,1,2026-08-03 19:34,2026-08-03 22:41,3.12,true,false,GT 1844 XPC TML,22.0,22.0,0.0,PCR|TBMPCR6Stage2|12#548
PCR,2026-08-03,B,3,false,TBMPCR8Stage2,GT 2267 ROYL HYU,215/60 R17 UX ROYALE HYUNDAI (+9 SKUs),R17,R17,1325221417096HURL0,10,751.0,5,2026-08-03 19:36,2026-08-04 08:32,12.93,true,true,GT 1995 ROYL KIA,42.0,42.0,0.0,PCR|TBMPCR8Stage2|6#794
PCR,2026-08-03,B,3,false,TBMPCR9Stage2,GT 2568 RAN AT,255/65 R18 RANGER AT,R18,R18,1325225518111HRAT0,1,159.0,1,2026-08-03 20:13,2026-08-03 23:43,3.49,true,false,GT 2258 RAN HPE,172.45,22.0,0.0,PCR|TBMPCR9Stage2|9#864
PCR,2026-08-03,B,3,false,TBMPCR3Stage2,GT 1925 XPC1,195 R15 ULTIMA XPC1 AL,R15,R15,1225219Z15008SXC11,1,306.0,2,2026-08-03 20:15,2026-08-04 03:08,6.88,true,false,GT 2455 RAN A/T,28.0,28.0,0.0,PCR|TBMPCR3Stage2|10#292
PCR,2026-08-03,B,3,false,TBMPCR10Stage2,GT 1503 NEO MSIL,155/80 R13 ULTIMA NEO MSIL (+6 SKUs),R13,R13,1325215813079TUNE3,7,462.0,3,2026-08-03 21:25,2026-08-04 03:35,6.16,true,false,GT 1513 XPC1 MSIL,22.0,22.0,0.0,PCR|TBMPCR10Stage2|8#8
PCR,2026-08-03,B,3,false,TBMPCR1Stage2,GT  T1457 STAR,T145/70 R17 STAR XT (+2 SKUs),R17,R17,1325214617107MSXT0,3,626.0,4,2026-08-03 21:51,2026-08-04 08:48,10.96,true,false,GT 2367 RAN XATW,575.1166666666667,28.0,0.0,PCR|TBMPCR1Stage2|4#143
PCR,2026-08-03,B,3,false,TBMPCR7Stage2,GT 1503 NEO MSIL,155/80 R13 ULTIMA NEO MSIL (+6 SKUs),R13,R13,1325215813079TUNE3,7,468.0,3,2026-08-03 22:08,2026-08-04 04:23,6.24,true,false,GT 1513 XPC1 MSIL,22.0,22.0,0.0,PCR|TBMPCR7Stage2|13#708
PCR,2026-08-03,B,3,false,TBMPCR5Stage2,GT 1773 NEO,175/70 R13 ULTIMA NEO,R13,R13,1325217613082TUNE0,1,151.0,1,2026-08-03 22:56,2026-08-04 01:04,2.14,true,false,GT 1513 XPC1 MSIL,28.0,28.0,0.0,PCR|TBMPCR5Stage2|10#465
PCR,2026-08-03,C,3,false,TBMPCR6Stage2,GT1914 XPC1,195 R14 ULTIMA XPC1,"",(no rim),1D25219Z14008SXC10,1,158.0,1,2026-08-03 23:23,2026-08-04 02:32,3.16,true,true,GT 1854 XPC TT,42.0,42.0,0.0,PCR|TBMPCR6Stage2|13#549
PCR,2026-08-03,C,3,false,TBMPCR2Stage2,GT 2267 ROYL HYU,215/60 R17 UX ROYALE HYUNDAI (+9 SKUs),R17,R17,1325221417096HURL0,10,758.0,5,2026-08-03 23:50,2026-08-04 13:18,13.48,true,true,GT 1844 XPC TML,329.01666666666665,60.0,0.0,PCR|TBMPCR2Stage2|9#215
PCR,2026-08-03,C,3,false,TBMPCR11Stage2,GT 2476 SUP MM,245/75 R16 ELANZO SUPRA,"",R16,1325224716111SELS0,1,613.0,4,2026-08-04 00:50,2026-08-04 13:36,12.77,true,true,GT 2076 RAN HT,149.6,42.0,0.0,PCR|TBMPCR11Stage2|5#75
PCR,2026-08-03,C,3,false,TBMPCR4Stage2,GT 1482 UHL,145/80 R 12 ULTIMA HI LIFE TL (+13 SKUs),R12,R12,1325214812074TUHL0,14,456.0,3,2026-08-04 01:44,2026-08-04 08:34,6.84,true,false,GT 1402 XPC TATA,28.0,28.0,0.0,PCR|TBMPCR4Stage2|7#385
PCR,2026-08-03,C,3,false,TBMPCR5Stage2,GT1513 NEO,155/65 R 13 ULTIMA NEO,R13,(no rim),1325215513073TUNE0,1,151.0,1,2026-08-04 02:04,2026-08-04 04:12,2.14,true,true,GT 1773 NEO,60.0,60.0,0.0,PCR|TBMPCR5Stage2|11#466
PCR,2026-08-03,C,3,false,TBMPCR9Stage2,GT 2568 HT2,255/65 R 18 Ranger HT2 111 H,R18,R18,1325225518111HRHB0,1,305.0,2,2026-08-04 03:11,2026-08-04 09:53,6.69,true,false,GT 2568 RAN AT,208.53333333333333,22.0,0.0,PCR|TBMPCR9Stage2|10#865
PCR,2026-08-03,C,3,false,TBMPCR6Stage2,GT 1894 MAX,185/70 R14 TAXIMAX (+6 SKUs),R14,R14,1325218614088TTMX0,7,153.0,1,2026-08-04 03:14,2026-08-04 05:22,2.12,true,true,GT1914 XPC1,42.0,42.0,0.0,PCR|TBMPCR6Stage2|14#550
PCR,2026-08-03,C,3,false,TBMPCR3Stage2,GT 1995 ROYL KIA,195/65R15 UX ROYALE (+10 SKUs),R15,R15,1325219515091HURL2,11,635.0,4,2026-08-04 03:36,2026-08-04 14:21,10.76,true,false,GT 1925 XPC1,28.0,28.0,0.0,PCR|TBMPCR3Stage2|11#293
PCR,2026-08-03,C,3,false,TBMPCR10Stage2,GT 1513 XPC1 MSIL,155 R13 C ULTIMA XPC1 90/89 S TL (MSIL) (+1 SKUs),R13,R13,1D25215013008SXC10,2,619.0,4,2026-08-04 03:57,2026-08-04 12:33,8.6,true,false,GT 1503 NEO MSIL,22.0,22.0,0.0,PCR|TBMPCR10Stage2|9#9
PCR,2026-08-03,C,3,false,TBMPCR7Stage2,GT 1673 NEO,165/70 R13 ULTIMA NEO,R13,R13,1325216613079HUNE0,1,154.0,1,2026-08-04 04:45,2026-08-04 06:48,2.05,true,false,GT 1503 NEO MSIL,22.0,22.0,0.0,PCR|TBMPCR7Stage2|14#709
PCR,2026-08-03,C,3,false,TBMPCR5Stage2,GT 1583 NEO TATA,155/80 R13 ULTIMA NEO LRR (+2 SKUs),R13,R13,1325215813079TUNE5,3,308.0,2,2026-08-04 05:12,2026-08-04 09:34,4.36,true,true,GT1513 NEO,60.0,60.0,0.0,PCR|TBMPCR5Stage2|12#467
PCR,2026-08-04,A,4,false,TBMPCR7Stage2,GT 1513 XPC1 MSIL,155 R13 C ULTIMA XPC1 90/89 S TL (MSIL) (+1 SKUs),R13,R13,1D25215013008SXC10,2,782.0,5,2026-08-04 07:10,2026-08-04 18:02,10.86,true,false,GT 1673 NEO,22.0,22.0,0.0,PCR|TBMPCR7Stage2|15#710
PCR,2026-08-04,A,4,false,TBMPCR6Stage2,GT1564 NEO,155/65 R14 ULTIMA NEO,R14,R14,1325215514075TUNE0,1,157.0,1,2026-08-04 07:27,2026-08-04 09:38,2.18,true,false,GT 1894 MAX,124.81666666666666,22.0,0.0,PCR|TBMPCR6Stage2|15#551
PCR,2026-08-04,A,4,false,TBMPCR8Stage2,GT1915 LT XPC1,195 R15 ULTIMA XPC1,"",R15,1225219Z15008SXC10,1,162.0,1,2026-08-04 09:14,2026-08-04 12:47,3.56,true,true,GT 2267 ROYL HYU,42.0,42.0,0.0,PCR|TBMPCR8Stage2|7#795
PCR,2026-08-04,A,4,false,TBMPCR1Stage2,GT 2367 RAN XATW,235/65 R17 RANGER X-AT 104T,R17,R17,1325223517104TRXT0,1,156.0,1,2026-08-04 09:16,2026-08-04 12:47,3.51,true,false,GT  T1457 STAR,28.0,28.0,0.0,PCR|TBMPCR1Stage2|5#144
PCR,2026-08-04,A,4,false,TBMPCR5Stage2,GT 1503 NEO MSIL,155/80 R13 ULTIMA NEO MSIL (+6 SKUs),R13,R13,1325215813079TUNE3,7,462.0,3,2026-08-04 10:02,2026-08-04 16:35,6.54,true,false,GT 1583 NEO TATA,28.0,28.0,0.0,PCR|TBMPCR5Stage2|13#468
PCR,2026-08-04,A,4,false,TBMPCR9Stage2,GT 2158 ROYL HYU,215/55R18 UX ROYALE (+1 SKUs),R18,R18,1325221318095HURL0,2,463.0,3,2026-08-04 10:15,2026-08-04 18:44,8.49,true,false,GT 2568 HT2,22.0,22.0,0.0,PCR|TBMPCR9Stage2|11#866
PCR,2026-08-04,A,4,false,TBMPCR6Stage2,GT 1894 MAX,185/70 R14 TAXIMAX (+6 SKUs),R14,R14,1325218614088TTMX0,7,153.0,1,2026-08-04 12:13,2026-08-04 14:20,2.12,true,false,GT1564 NEO,155.08333333333334,22.0,0.0,PCR|TBMPCR6Stage2|16#552
PCR,2026-08-04,A,4,false,TBMPCR4Stage2,GT 1402 XPC TATA,145 R12 ULTIMA XPC TL TATA (+14 SKUs),R12,R12,1D25214012008QXPCT,15,626.0,4,2026-08-04 12:16,2026-08-04 21:39,9.39,true,false,GT 1482 UHL,221.29999999999998,28.0,0.0,PCR|TBMPCR4Stage2|8#386
PCR,2026-08-04,A,4,false,TBMPCR10Stage2,GT 1503 NEO MSIL,155/80 R13 ULTIMA NEO MSIL (+6 SKUs),R13,R13,1325215813079TUNE3,7,453.0,3,2026-08-04 12:55,2026-08-04 18:57,6.04,true,false,GT 1513 XPC1 MSIL,22.0,22.0,0.0,PCR|TBMPCR10Stage2|10#10
PCR,2026-08-04,A,4,false,TBMPCR11Stage2,GT2776 RAN AT,235/70 R16 105T RANGER AT,R16,R16,1325223616105TRAT0,1,159.0,1,2026-08-04 13:58,2026-08-04 17:17,3.31,true,false,GT 2476 SUP MM,22.0,22.0,0.0,PCR|TBMPCR11Stage2|6#76
PCR,2026-08-04,A,4,false,TBMPCR2Stage2,GT 2476 SUP MM,245/75 R16 ELANZO SUPRA,"",R16,1325224716111SELS0,1,610.0,4,2026-08-04 14:18,2026-08-05 03:11,12.88,true,true,GT 2267 ROYL HYU,60.0,60.0,0.0,PCR|TBMPCR2Stage2|10#216
PCR,2026-08-04,A,4,false,TBMPCR6Stage2,GT 1634 XPC TATA,165 R14 ULTIMA XPC TATA TL (+5 SKUs),R14,R14,1D25216814008QXPC0,6,311.0,2,2026-08-04 14:42,2026-08-04 19:01,4.32,true,false,GT 1894 MAX,22.0,22.0,0.0,PCR|TBMPCR6Stage2|17#553
PCR,2026-08-04,A,4,false,TBMPCR3Stage2,GT 1765 ROYL,175/65 R15 UX ROYALE (+5 SKUs),R15,R15,1325217515084HURL2,6,155.0,1,2026-08-04 14:49,2026-08-04 17:27,2.63,true,false,GT 1995 ROYL KIA,28.0,28.0,0.0,PCR|TBMPCR3Stage2|12#294
PCR,2026-08-04,B,4,false,TBMPCR1Stage2,GT 2267 ROYL HYU,215/60 R17 UX ROYALE HYUNDAI (+9 SKUs),R17,R17,1325221417096HURL0,10,756.0,5,2026-08-04 16:28,2026-08-05 05:54,13.44,true,false,GT 2367 RAN XATW,221.06666666666666,28.0,0.0,PCR|TBMPCR1Stage2|6#145
PCR,2026-08-04,B,4,false,TBMPCR5Stage2,GT 1513 XPC1 MSIL,155 R13 C ULTIMA XPC1 90/89 S TL (MSIL) (+1 SKUs),R13,R13,1D25215013008SXC10,2,314.0,2,2026-08-04 17:03,2026-08-04 21:45,4.71,true,false,GT 1503 NEO MSIL,28.0,28.0,0.0,PCR|TBMPCR5Stage2|14#469
PCR,2026-08-04,B,4,false,TBMPCR11Stage2,GT 2476 SUP MM,245/75 R16 ELANZO SUPRA,"",R16,1325224716111SELS0,1,611.0,4,2026-08-04 17:39,2026-08-05 06:23,12.73,true,false,GT2776 RAN AT,22.0,22.0,0.0,PCR|TBMPCR11Stage2|7#77
PCR,2026-08-04,B,4,false,TBMPCR3Stage2,GT1915 LT XPC1,195 R15 ULTIMA XPC1,"",R15,1225219Z15008SXC10,1,162.0,1,2026-08-04 17:55,2026-08-04 21:34,3.64,true,false,GT 1765 ROYL,28.0,28.0,0.0,PCR|TBMPCR3Stage2|13#295
PCR,2026-08-04,B,4,false,TBMPCR8Stage2,GT 1965 ROYL,195/65 R 15 UX ROYALE 91 H,R15,(no rim),1325219515091HURL3,1,165.0,1,2026-08-04 18:00,2026-08-04 21:01,3.02,true,true,GT1915 LT XPC1,312.3333333333333,42.0,0.0,PCR|TBMPCR8Stage2|8#796
PCR,2026-08-04,B,4,false,TBMPCR7Stage2,GT 1503 NEO MSIL,155/80 R13 ULTIMA NEO MSIL (+6 SKUs),R13,R13,1325215813079TUNE3,7,921.0,6,2026-08-04 18:24,2026-08-05 06:40,12.28,true,false,GT 1513 XPC1 MSIL,22.0,22.0,0.0,PCR|TBMPCR7Stage2|16#711
PCR,2026-08-04,B,4,false,TBMPCR9Stage2,GT 2568 RAN AT,255/65 R18 RANGER AT,R18,R18,1325225518111HRAT0,1,159.0,1,2026-08-04 19:06,2026-08-04 22:35,3.49,true,false,GT 2158 ROYL HYU,22.0,22.0,0.0,PCR|TBMPCR9Stage2|12#867
PCR,2026-08-04,B,4,false,TBMPCR10Stage2,GT 1773 NEO,175/70 R13 ULTIMA NEO,R13,R13,1325217613082TUNE0,1,302.0,2,2026-08-04 19:19,2026-08-04 23:21,4.03,true,false,GT 1503 NEO MSIL,22.0,22.0,0.0,PCR|TBMPCR10Stage2|11#11
PCR,2026-08-04,B,4,false,TBMPCR6Stage2,GT 1844 XPC TML,185 R14 ULTIMA XPC 10 PR (+1 SKUs),R14,R14,1D25218014010RXPCT,2,302.0,2,2026-08-04 19:23,2026-08-05 01:26,6.04,true,false,GT 1634 XPC TATA,22.0,22.0,0.0,PCR|TBMPCR6Stage2|18#554
PCR,2026-08-04,B,4,false,TBMPCR8Stage2,GT 1995 ROYL KIA,195/65R15 UX ROYALE (+10 SKUs),R15,R15,1325219515091HURL2,11,636.0,4,2026-08-04 21:43,2026-08-05 08:09,10.42,true,true,GT 1965 ROYL,42.0,42.0,0.0,PCR|TBMPCR8Stage2|9#797
PCR,2026-08-04,B,4,false,TBMPCR4Stage2,GT 1412 XPC MM,145 R12 ULTIMA XPC (+6 SKUs),"",R12,1D25114012008QXPC0,7,151.0,1,2026-08-04 22:07,2026-08-05 00:23,2.26,true,false,GT 1402 XPC TATA,28.0,28.0,0.0,PCR|TBMPCR4Stage2|9#387
PCR,2026-08-04,B,4,false,TBMPCR3Stage2,GT 2455 RAN A/T,215/75 R15 RANGER AT,R15,R15,1325221715100SRAT0,1,157.0,1,2026-08-04 22:17,2026-08-05 01:28,3.18,true,false,GT1915 LT XPC1,43.85,28.0,0.0,PCR|TBMPCR3Stage2|14#296
PCR,2026-08-04,B,4,false,TBMPCR5Stage2,GT1513 NEO,155/65 R 13 ULTIMA NEO,R13,(no rim),1325215513073TUNE0,1,151.0,1,2026-08-04 22:45,2026-08-05 00:54,2.14,true,true,GT 1513 XPC1 MSIL,60.0,60.0,0.0,PCR|TBMPCR5Stage2|15#470
PCR,2026-08-04,B,4,false,TBMPCR9Stage2,GT 2568 HT2,255/65 R 18 Ranger HT2 111 H,R18,R18,1325225518111HRHB0,1,305.0,2,2026-08-04 22:57,2026-08-05 05:39,6.69,true,false,GT 2568 RAN AT,22.0,22.0,0.0,PCR|TBMPCR9Stage2|13#868
PCR,2026-08-04,C,4,false,TBMPCR10Stage2,GT 1673 NEO,165/70 R13 ULTIMA NEO,R13,R13,1325216613079HUNE0,1,154.0,1,2026-08-04 23:43,2026-08-05 01:46,2.05,true,false,GT 1773 NEO,22.0,22.0,0.0,PCR|TBMPCR10Stage2|12#12
PCR,2026-08-04,C,4,false,TBMPCR4Stage2,GT 1482 UHL,145/80 R 12 ULTIMA HI LIFE TL (+13 SKUs),R12,R12,1325214812074TUHL0,14,456.0,3,2026-08-05 00:51,2026-08-05 07:41,6.84,true,false,GT 1412 XPC MM,28.0,28.0,0.0,PCR|TBMPCR4Stage2|10#388
PCR,2026-08-04,C,4,false,TBMPCR5Stage2,GT 1513 XPC1 MSIL,155 R13 C ULTIMA XPC1 90/89 S TL (MSIL) (+1 SKUs),R13,R13,1D25215013008SXC10,2,775.0,5,2026-08-05 01:54,2026-08-05 13:31,11.62,true,true,GT1513 NEO,60.0,60.0,0.0,PCR|TBMPCR5Stage2|16#471
PCR,2026-08-04,C,4,false,TBMPCR3Stage2,GT 1765 ROYL,175/65 R15 UX ROYALE (+5 SKUs),R15,R15,1325217515084HURL2,6,473.0,3,2026-08-05 01:56,2026-08-05 09:57,8.01,true,false,GT 2455 RAN A/T,28.0,28.0,0.0,PCR|TBMPCR3Stage2|15#297
PCR,2026-08-04,C,4,false,TBMPCR10Stage2,GT 1583 NEO TATA,155/80 R13 ULTIMA NEO LRR (+2 SKUs),R13,R13,1325215813079TUNE5,3,307.0,2,2026-08-05 02:08,2026-08-05 06:14,4.09,true,false,GT 1673 NEO,22.0,22.0,0.0,PCR|TBMPCR10Stage2|13#13
PCR,2026-08-04,C,4,false,TBMPCR6Stage2,GT1564 NEO,155/65 R14 ULTIMA NEO,R14,R14,1325215514075TUNE0,1,157.0,1,2026-08-05 02:40,2026-08-05 04:51,2.18,true,false,GT 1844 XPC TML,74.55,22.0,0.0,PCR|TBMPCR6Stage2|19#555
PCR,2026-08-04,C,4,false,TBMPCR6Stage2,GT1914 XPC1,195 R14 ULTIMA XPC1,"",(no rim),1D25219Z14008SXC10,1,158.0,1,2026-08-05 05:33,2026-08-05 08:43,3.16,true,true,GT1564 NEO,42.0,42.0,0.0,PCR|TBMPCR6Stage2|20#556
PCR,2026-08-04,C,4,false,TBMPCR9Stage2,GT 2258 RAN HPE,225/55 R 18 Ranger Hpe (+1 SKUs),R 18,R18,1325222318098HRHE0,2,306.0,2,2026-08-05 06:01,2026-08-05 12:18,6.29,true,false,GT 2568 HT2,22.0,22.0,0.0,PCR|TBMPCR9Stage2|14#869
PCR,2026-08-04,C,4,false,TBMPCR1Stage2,GT  T1457 STAR,T145/70 R17 STAR XT (+2 SKUs),R17,R17,1325214617107MSXT0,3,316.0,2,2026-08-05 06:22,2026-08-05 11:54,5.53,true,false,GT 2267 ROYL HYU,28.0,28.0,0.0,PCR|TBMPCR1Stage2|7#146
PCR,2026-08-04,C,4,false,TBMPCR10Stage2,GT 1513 XPC1 MSIL,155 R13 C ULTIMA XPC1 90/89 S TL (MSIL) (+1 SKUs),R13,R13,1D25215013008SXC10,2,626.0,4,2026-08-05 06:36,2026-08-05 15:17,8.69,true,false,GT 1583 NEO TATA,22.0,22.0,0.0,PCR|TBMPCR10Stage2|14#14
PCR,2026-08-05,A,5,false,TBMPCR2Stage2,GT 1854 XPC TT,185 R 14 Ultima XPC 10 PR TT (+1 SKUs),R14,R14,1D25118014010RXPC0,2,155.0,1,2026-08-05 07:23,2026-08-05 10:37,3.23,true,true,GT 2476 SUP MM,251.7,60.0,0.0,PCR|TBMPCR2Stage2|11#217
PCR,2026-08-05,A,5,false,TBMPCR7Stage2,GT 1583 NEO TATA,155/80 R13 ULTIMA NEO LRR (+2 SKUs),R13,R13,1325215813079TUNE5,3,307.0,2,2026-08-05 07:31,2026-08-05 11:37,4.09,true,false,GT 1503 NEO MSIL,50.93333333333333,22.0,0.0,PCR|TBMPCR7Stage2|17#712
PCR,2026-08-05,A,5,false,TBMPCR11Stage2,GT 2076 RAN HT,205/60 R16 RANGER HT,R16,(no rim),1325220416092HRHT0,1,158.0,1,2026-08-05 07:40,2026-08-05 10:36,2.94,true,true,GT 2476 SUP MM,76.73333333333333,42.0,0.0,PCR|TBMPCR11Stage2|8#78
PCR,2026-08-05,A,5,false,TBMPCR8Stage2,GT 1925 XPC1,195 R15 ULTIMA XPC1 AL,R15,R15,1225219Z15008SXC11,1,309.0,2,2026-08-05 08:31,2026-08-05 15:18,6.78,true,false,GT 1995 ROYL KIA,22.0,22.0,0.0,PCR|TBMPCR8Stage2|10#798
PCR,2026-08-05,A,5,false,TBMPCR6Stage2,GT 1844 XPC TML,185 R14 ULTIMA XPC 10 PR (+1 SKUs),R14,R14,1D25218014010RXPCT,2,302.0,2,2026-08-05 09:25,2026-08-05 15:27,6.04,true,true,GT1914 XPC1,42.0,42.0,0.0,PCR|TBMPCR6Stage2|21#557
PCR,2026-08-05,A,5,false,TBMPCR3Stage2,GT 1995 ROYL KIA,195/65R15 UX ROYALE (+10 SKUs),R15,R15,1325219515091HURL2,11,630.0,4,2026-08-05 10:25,2026-08-05 21:06,10.68,true,false,GT 1765 ROYL,28.0,28.0,0.0,PCR|TBMPCR3Stage2|16#298
PCR,2026-08-05,A,5,false,TBMPCR2Stage2,GT 2568 HT2,255/65 R 18 Ranger HT2 111 H,R18,R18,1325225518111HRHB0,1,305.0,2,2026-08-05 11:37,2026-08-05 18:28,6.86,true,true,GT 1854 XPC TT,60.0,60.0,0.0,PCR|TBMPCR2Stage2|12#218
PCR,2026-08-05,A,5,false,TBMPCR7Stage2,GT 1503 NEO MSIL,155/80 R13 ULTIMA NEO MSIL (+6 SKUs),R13,R13,1325215813079TUNE3,7,462.0,3,2026-08-05 11:59,2026-08-05 18:08,6.16,true,false,GT 1583 NEO TATA,22.0,22.0,0.0,PCR|TBMPCR7Stage2|18#713
PCR,2026-08-05,A,5,false,TBMPCR1Stage2,GT 2367 RAN XATW,235/65 R17 RANGER X-AT 104T,R17,R17,1325223517104TRXT0,1,155.0,1,2026-08-05 12:22,2026-08-05 15:51,3.49,true,false,GT  T1457 STAR,28.0,28.0,0.0,PCR|TBMPCR1Stage2|8#147
PCR,2026-08-05,A,5,false,TBMPCR5Stage2,GT 1773 NEO,175/70 R13 ULTIMA NEO,R13,R13,1325217613082TUNE0,1,151.0,1,2026-08-05 13:59,2026-08-05 16:08,2.14,true,false,GT 1513 XPC1 MSIL,28.0,28.0,0.0,PCR|TBMPCR5Stage2|17#472
PCR,2026-08-05,B,5,false,TBMPCR10Stage2,GT 1503 NEO MSIL,155/80 R13 ULTIMA NEO MSIL (+6 SKUs),R13,R13,1325215813079TUNE3,7,468.0,3,2026-08-05 15:39,2026-08-05 21:54,6.24,true,false,GT 1513 XPC1 MSIL,22.0,22.0,0.0,PCR|TBMPCR10Stage2|15#15
PCR,2026-08-05,B,5,false,TBMPCR8Stage2,GT 1765 ROYL,175/65 R15 UX ROYALE (+5 SKUs),R15,R15,1325217515084HURL2,6,473.0,3,2026-08-05 15:40,2026-08-05 23:25,7.75,true,false,GT 1925 XPC1,22.0,22.0,0.0,PCR|TBMPCR8Stage2|11#799
PCR,2026-08-05,B,5,false,TBMPCR1Stage2,GT  T1457 STAR,T145/70 R17 STAR XT (+2 SKUs),R17,R17,1325214617107MSXT0,3,315.0,2,2026-08-05 16:19,2026-08-05 21:50,5.51,true,false,GT 2367 RAN XATW,28.0,28.0,0.0,PCR|TBMPCR1Stage2|9#148
PCR,2026-08-05,B,5,false,TBMPCR9Stage2,GT 2158 ROYL HYU,215/55R18 UX ROYALE (+1 SKUs),R18,R18,1325221318095HURL0,2,466.0,3,2026-08-05 16:26,2026-08-06 00:59,8.54,true,false,GT 2258 RAN HPE,247.93333333333334,22.0,0.0,PCR|TBMPCR9Stage2|15#870
PCR,2026-08-05,B,5,false,TBMPCR11Stage2,GT 2076 RAN HT,205/60 R16 RANGER HT,R16,(no rim),1325220416092HRHT0,1,158.0,1,2026-08-05 16:30,2026-08-05 19:27,2.94,false,false,GT 2076 RAN HT,354.1166666666667,0.0,0.0,PCR|TBMPCR11Stage2|8#79
PCR,2026-08-05,B,5,false,TBMPCR6Stage2,GT 1894 MAX,185/70 R14 TAXIMAX (+6 SKUs),R14,R14,1325218614088TTMX0,7,153.0,1,2026-08-05 16:45,2026-08-05 18:53,2.12,true,false,GT 1844 XPC TML,77.98333333333333,22.0,0.0,PCR|TBMPCR6Stage2|22#558
PCR,2026-08-05,B,5,false,TBMPCR5Stage2,GT1513 NEO,155/65 R 13 ULTIMA NEO,R13,(no rim),1325215513073TUNE0,1,151.0,1,2026-08-05 18:20,2026-08-05 20:29,2.14,true,true,GT 1773 NEO,132.5,60.0,0.0,PCR|TBMPCR5Stage2|18#473
PCR,2026-08-05,B,5,false,TBMPCR7Stage2,GT 1773 NEO,175/70 R13 ULTIMA NEO,R13,R13,1325217613082TUNE0,1,151.0,1,2026-08-05 18:30,2026-08-05 20:31,2.01,true,false,GT 1503 NEO MSIL,22.0,22.0,0.0,PCR|TBMPCR7Stage2|19#714
PCR,2026-08-05,B,5,false,TBMPCR6Stage2,GT 1634 XPC TATA,165 R14 ULTIMA XPC TATA TL (+5 SKUs),R14,R14,1D25216814008QXPC0,6,311.0,2,2026-08-05 19:15,2026-08-05 23:34,4.32,true,false,GT 1894 MAX,22.0,22.0,0.0,PCR|TBMPCR6Stage2|23#559
PCR,2026-08-05,B,5,false,TBMPCR2Stage2,GT 2267 ROYL HYU,215/60 R17 UX ROYALE HYUNDAI (+9 SKUs),R17,R17,1325221417096HURL0,10,753.0,5,2026-08-05 19:40,2026-08-06 09:03,13.39,true,true,GT 2568 HT2,71.41666666666667,60.0,0.0,PCR|TBMPCR2Stage2|13#219
PCR,2026-08-05,B,5,false,TBMPCR11Stage2,GT2776 RAN AT,235/70 R16 105T RANGER AT,R16,R16,1325223616105TRAT0,1,159.0,1,2026-08-05 20:09,2026-08-05 23:27,3.31,true,true,GT 2076 RAN HT,42.0,42.0,0.0,PCR|TBMPCR11Stage2|9#80
PCR,2026-08-05,B,5,false,TBMPCR7Stage2,GT 1673 NEO,165/70 R13 ULTIMA NEO,R13,R13,1325216613079HUNE0,1,154.0,1,2026-08-05 20:53,2026-08-05 22:56,2.05,true,false,GT 1773 NEO,22.0,22.0,0.0,PCR|TBMPCR7Stage2|20#715
PCR,2026-08-05,B,5,false,TBMPCR4Stage2,GT 1412 XPC MM,145 R12 ULTIMA XPC (+6 SKUs),"",R12,1D25114012008QXPC0,7,151.0,1,2026-08-05 21:14,2026-08-05 23:30,2.26,true,false,GT 1482 UHL,812.7,28.0,0.0,PCR|TBMPCR4Stage2|11#389
PCR,2026-08-05,B,5,false,TBMPCR3Stage2,GT 2455 RAN A/T,215/75 R15 RANGER AT,R15,R15,1325221715100SRAT0,1,157.0,1,2026-08-05 21:34,2026-08-06 00:45,3.18,true,false,GT 1995 ROYL KIA,28.0,28.0,0.0,PCR|TBMPCR3Stage2|17#299
PCR,2026-08-05,B,5,false,TBMPCR10Stage2,GT 1513 XPC1 MSIL,155 R13 C ULTIMA XPC1 90/89 S TL (MSIL) (+1 SKUs),R13,R13,1D25215013008SXC10,2,314.0,2,2026-08-05 22:16,2026-08-06 02:37,4.36,true,false,GT 1503 NEO MSIL,22.0,22.0,0.0,PCR|TBMPCR10Stage2|16#16
PCR,2026-08-05,B,5,false,TBMPCR5Stage2,GT1513 NEO,155/65 R 13 ULTIMA NEO,R13,(no rim),1325215513073TUNE0,1,151.0,1,2026-08-05 22:51,2026-08-06 01:00,2.14,false,false,GT1513 NEO,142.66666666666666,0.0,0.0,PCR|TBMPCR5Stage2|18#474
PCR,2026-08-05,C,5,false,TBMPCR7Stage2,GT 1513 XPC1 MSIL,155 R13 C ULTIMA XPC1 90/89 S TL (MSIL) (+1 SKUs),R13,R13,1D25215013008SXC10,2,621.0,4,2026-08-05 23:18,2026-08-06 07:56,8.62,true,false,GT 1673 NEO,22.0,22.0,0.0,PCR|TBMPCR7Stage2|21#716
PCR,2026-08-05,C,5,false,TBMPCR8Stage2,GT 1925 XPC1,195 R15 ULTIMA XPC1 AL,R15,R15,1225219Z15008SXC11,1,305.0,2,2026-08-05 23:47,2026-08-06 06:28,6.69,true,false,GT 1765 ROYL,22.0,22.0,0.0,PCR|TBMPCR8Stage2|12#800
PCR,2026-08-05,C,5,false,TBMPCR6Stage2,GT1564 NEO,155/65 R14 ULTIMA NEO,R14,R14,1325215514075TUNE0,1,157.0,1,2026-08-05 23:56,2026-08-06 02:07,2.18,true,false,GT 1634 XPC TATA,22.0,22.0,0.0,PCR|TBMPCR6Stage2|24#560
PCR,2026-08-05,C,5,false,TBMPCR4Stage2,GT 1482 UHL,145/80 R 12 ULTIMA HI LIFE TL (+13 SKUs),R12,R12,1325214812074TUHL0,14,456.0,3,2026-08-05 23:58,2026-08-06 06:48,6.84,true,false,GT 1412 XPC MM,28.0,28.0,0.0,PCR|TBMPCR4Stage2|12#390
PCR,2026-08-05,C,5,false,TBMPCR1Stage2,GT  T1457 STAR,T145/70 R17 STAR XT (+2 SKUs),R17,R17,1325214617107MSXT0,3,311.0,2,2026-08-06 00:25,2026-08-06 05:52,5.44,false,false,GT  T1457 STAR,154.98333333333332,0.0,0.0,PCR|TBMPCR1Stage2|9#149
PCR,2026-08-05,C,5,false,TBMPCR9Stage2,GT 2568 RAN AT,255/65 R18 RANGER AT,R18,R18,1325225518111HRAT0,1,159.0,1,2026-08-06 01:21,2026-08-06 04:50,3.49,true,false,GT 2158 ROYL HYU,22.0,22.0,0.0,PCR|TBMPCR9Stage2|16#871
PCR,2026-08-05,C,5,false,TBMPCR5Stage2,GT 1503 NEO MSIL,155/80 R13 ULTIMA NEO MSIL (+6 SKUs),R13,R13,1325215813079TUNE3,7,912.0,6,2026-08-06 02:00,2026-08-06 14:55,12.92,true,true,GT1513 NEO,60.0,60.0,0.0,PCR|TBMPCR5Stage2|19#475
PCR,2026-08-05,C,5,false,TBMPCR11Stage2,GT 2476 SUP MM,245/75 R16 ELANZO SUPRA,"",R16,1325224716111SELS0,1,613.0,4,2026-08-06 03:19,2026-08-06 16:05,12.77,true,false,GT2776 RAN AT,231.33333333333334,22.0,0.0,PCR|TBMPCR11Stage2|10#81
PCR,2026-08-05,C,5,false,TBMPCR3Stage2,GT 1995 ROYL KIA,195/65R15 UX ROYALE (+10 SKUs),R15,R15,1325219515091HURL2,11,630.0,4,2026-08-06 04:26,2026-08-06 15:06,10.68,true,false,GT 2455 RAN A/T,220.96666666666667,28.0,0.0,PCR|TBMPCR3Stage2|18#300
PCR,2026-08-05,C,5,false,TBMPCR10Stage2,GT 1513 XPC1 MSIL,155 R13 C ULTIMA XPC1 90/89 S TL (MSIL) (+1 SKUs),R13,R13,1D25215013008SXC10,2,156.0,1,2026-08-06 04:36,2026-08-06 06:46,2.17,false,false,GT 1513 XPC1 MSIL,118.88333333333333,0.0,0.0,PCR|TBMPCR10Stage2|16#17
PCR,2026-08-05,C,5,false,TBMPCR9Stage2,GT 2258 RAN HPE,225/55 R 18 Ranger Hpe (+1 SKUs),R 18,R18,1325222318098HRHE0,2,612.0,4,2026-08-06 05:12,2026-08-06 17:47,12.58,true,false,GT 2568 RAN AT,22.0,22.0,0.0,PCR|TBMPCR9Stage2|17#872
PCR,2026-08-05,C,5,false,TBMPCR1Stage2,GT 2267 ROYL HYU,215/60 R17 UX ROYALE HYUNDAI (+9 SKUs),R17,R17,1325221417096HURL0,10,753.0,5,2026-08-06 06:20,2026-08-06 19:43,13.39,true,false,GT  T1457 STAR,28.0,28.0,0.0,PCR|TBMPCR1Stage2|10#150
PCR,2026-08-06,A,6,false,TBMPCR10Stage2,GT 1773 NEO,175/70 R13 ULTIMA NEO,R13,R13,1325217613082TUNE0,1,302.0,2,2026-08-06 07:08,2026-08-06 11:10,4.03,true,false,GT 1513 XPC1 MSIL,22.0,22.0,0.0,PCR|TBMPCR10Stage2|17#18
PCR,2026-08-06,A,6,false,TBMPCR8Stage2,GT 1965 ROYL,195/65 R 15 UX ROYALE 91 H,R15,(no rim),1325219515091HURL3,1,165.0,1,2026-08-06 07:10,2026-08-06 10:12,3.02,true,true,GT 1925 XPC1,42.0,42.0,0.0,PCR|TBMPCR8Stage2|13#801
PCR,2026-08-06,A,6,false,TBMPCR6Stage2,GT1564 NEO,155/65 R14 ULTIMA NEO,R14,R14,1325215514075TUNE0,1,157.0,1,2026-08-06 07:23,2026-08-06 09:34,2.18,false,false,GT1564 NEO,316.26666666666665,0.0,0.0,PCR|TBMPCR6Stage2|24#561
PCR,2026-08-06,A,6,false,TBMPCR7Stage2,GT 1583 NEO TATA,155/80 R13 ULTIMA NEO LRR (+2 SKUs),R13,R13,1325215813079TUNE5,3,308.0,2,2026-08-06 09:00,2026-08-06 13:06,4.11,true,false,GT 1513 XPC1 MSIL,64.0,22.0,0.0,PCR|TBMPCR7Stage2|22#717
PCR,2026-08-06,A,6,false,TBMPCR2Stage2,GT 2367 RAN XATW,235/65 R17 RANGER X-AT 104T,R17,R17,1325223517104TRXT0,1,155.0,1,2026-08-06 09:31,2026-08-06 13:00,3.49,true,false,GT 2267 ROYL HYU,28.0,28.0,0.0,PCR|TBMPCR2Stage2|14#220
PCR,2026-08-06,A,6,false,TBMPCR4Stage2,GT 1402 XPC TATA,145 R12 ULTIMA XPC TL TATA (+14 SKUs),R12,R12,1D25214012008QXPCT,15,626.0,4,2026-08-06 09:52,2026-08-06 19:15,9.39,true,false,GT 1482 UHL,183.66666666666666,28.0,0.0,PCR|TBMPCR4Stage2|13#391
PCR,2026-08-06,A,6,false,TBMPCR6Stage2,GT1914 XPC1,195 R14 ULTIMA XPC1,"",(no rim),1D25219Z14008SXC10,1,158.0,1,2026-08-06 10:16,2026-08-06 13:25,3.16,true,true,GT1564 NEO,42.0,42.0,0.0,PCR|TBMPCR6Stage2|25#562
PCR,2026-08-06,A,6,false,TBMPCR8Stage2,GT1915 LT XPC1,195 R15 ULTIMA XPC1,"",R15,1225219Z15008SXC10,1,162.0,1,2026-08-06 10:54,2026-08-06 14:27,3.56,true,true,GT 1965 ROYL,42.0,42.0,0.0,PCR|TBMPCR8Stage2|14#802
PCR,2026-08-06,A,6,false,TBMPCR10Stage2,GT 1503 NEO MSIL,155/80 R13 ULTIMA NEO MSIL (+6 SKUs),R13,R13,1325215813079TUNE3,7,1846.0,12,2026-08-06 11:32,2026-08-07 12:09,24.61,true,false,GT 1773 NEO,22.0,22.0,0.0,PCR|TBMPCR10Stage2|18#19
PCR,2026-08-06,A,6,false,TBMPCR7Stage2,GT 1513 XPC1 MSIL,155 R13 C ULTIMA XPC1 90/89 S TL (MSIL) (+1 SKUs),R13,R13,1D25215013008SXC10,2,783.0,5,2026-08-06 13:28,2026-08-07 00:21,10.88,true,false,GT 1583 NEO TATA,22.0,22.0,0.0,PCR|TBMPCR7Stage2|23#718
PCR,2026-08-06,A,6,false,TBMPCR6Stage2,GT 1854 XPC TT,185 R 14 Ultima XPC 10 PR TT (+1 SKUs),R14,R14,1D25118014010RXPC0,2,155.0,1,2026-08-06 14:07,2026-08-06 17:13,3.1,true,true,GT1914 XPC1,42.0,42.0,0.0,PCR|TBMPCR6Stage2|26#563
PCR,2026-08-06,A,6,false,TBMPCR2Stage2,GT 2476 SUP MM,245/75 R16 ELANZO SUPRA,"",R16,1325224716111SELS0,1,609.0,4,2026-08-06 14:32,2026-08-07 03:24,12.86,true,true,GT 2367 RAN XATW,92.13333333333333,60.0,0.0,PCR|TBMPCR2Stage2|15#221
PCR,2026-08-06,B,6,false,TBMPCR5Stage2,GT 1673 NEO,165/70 R13 ULTIMA NEO,R13,R13,1325216613079HUNE0,1,154.0,1,2026-08-06 15:23,2026-08-06 17:34,2.18,true,false,GT 1503 NEO MSIL,28.0,28.0,0.0,PCR|TBMPCR5Stage2|20#476
PCR,2026-08-06,B,6,false,TBMPCR3Stage2,GT 1765 ROYL,175/65 R15 UX ROYALE (+5 SKUs),R15,R15,1325217515084HURL2,6,473.0,3,2026-08-06 15:42,2026-08-06 23:42,8.01,true,false,GT 1995 ROYL KIA,35.28333333333333,28.0,0.0,PCR|TBMPCR3Stage2|19#301
PCR,2026-08-06,B,6,false,TBMPCR8Stage2,GT 1925 XPC1,195 R15 ULTIMA XPC1 AL,R15,R15,1225219Z15008SXC11,1,306.0,2,2026-08-06 16:31,2026-08-06 23:14,6.72,true,false,GT1915 LT XPC1,123.81666666666666,22.0,0.0,PCR|TBMPCR8Stage2|15#803
PCR,2026-08-06,B,6,false,TBMPCR6Stage2,GT 1894 MAX,185/70 R14 TAXIMAX (+6 SKUs),R14,R14,1325218614088TTMX0,7,153.0,1,2026-08-06 18:07,2026-08-06 20:14,2.12,true,false,GT 1854 XPC TT,53.3,22.0,0.0,PCR|TBMPCR6Stage2|27#564
PCR,2026-08-06,B,6,false,TBMPCR5Stage2,GT1513 NEO,155/65 R 13 ULTIMA NEO,R13,(no rim),1325215513073TUNE0,1,151.0,1,2026-08-06 18:34,2026-08-06 20:42,2.14,true,true,GT 1673 NEO,60.0,60.0,0.0,PCR|TBMPCR5Stage2|21#477
PCR,2026-08-06,B,6,false,TBMPCR11Stage2,GT 2076 RAN HT,205/60 R16 RANGER HT,R16,(no rim),1325220416092HRHT0,1,158.0,1,2026-08-06 20:41,2026-08-06 23:37,2.94,true,true,GT 2476 SUP MM,276.18333333333334,42.0,0.0,PCR|TBMPCR11Stage2|11#82
PCR,2026-08-06,B,6,false,TBMPCR9Stage2,GT 2568 HT2,255/65 R 18 Ranger HT2 111 H,R18,R18,1325225518111HRHB0,1,305.0,2,2026-08-06 20:51,2026-08-07 03:33,6.69,true,false,GT 2258 RAN HPE,184.08333333333334,22.0,0.0,PCR|TBMPCR9Stage2|18#873
PCR,2026-08-06,B,6,false,TBMPCR1Stage2,GT 2267 ROYL HYU,215/60 R17 UX ROYALE HYUNDAI (+9 SKUs),R17,R17,1325221417096HURL0,10,756.0,5,2026-08-06 21:47,2026-08-07 11:14,13.44,false,false,GT 2267 ROYL HYU,124.25,0.0,0.0,PCR|TBMPCR1Stage2|10#151
PCR,2026-08-06,B,6,false,TBMPCR5Stage2,GT 1513 XPC1 MSIL,155 R13 C ULTIMA XPC1 90/89 S TL (MSIL) (+1 SKUs),R13,R13,1D25215013008SXC10,2,1402.0,9,2026-08-06 22:40,2026-08-07 19:42,21.03,true,true,GT1513 NEO,118.46666666666667,60.0,0.0,PCR|TBMPCR5Stage2|22#478
PCR,2026-08-06,B,6,false,TBMPCR6Stage2,GT 1634 XPC TATA,165 R14 ULTIMA XPC TATA TL (+5 SKUs),R14,R14,1D25216814008QXPC0,6,311.0,2,2026-08-06 22:55,2026-08-07 03:14,4.32,true,false,GT 1894 MAX,160.98333333333332,22.0,0.0,PCR|TBMPCR6Stage2|28#565
PCR,2026-08-06,C,6,false,TBMPCR4Stage2,GT 1482 UHL,145/80 R 12 ULTIMA HI LIFE TL (+13 SKUs),R12,R12,1325214812074TUHL0,14,455.0,3,2026-08-06 23:06,2026-08-07 05:55,6.82,true,false,GT 1402 XPC TATA,230.41666666666666,28.0,0.0,PCR|TBMPCR4Stage2|14#392
PCR,2026-08-06,C,6,false,TBMPCR8Stage2,GT 1995 ROYL KIA,195/65R15 UX ROYALE (+10 SKUs),R15,R15,1325219515091HURL2,11,634.0,4,2026-08-06 23:36,2026-08-07 09:59,10.39,true,false,GT 1925 XPC1,22.0,22.0,0.0,PCR|TBMPCR8Stage2|16#804
PCR,2026-08-06,C,6,false,TBMPCR3Stage2,GT 2455 RAN A/T,215/75 R15 RANGER AT,R15,R15,1325221715100SRAT0,1,157.0,1,2026-08-07 00:10,2026-08-07 03:21,3.18,true,false,GT 1765 ROYL,28.0,28.0,0.0,PCR|TBMPCR3Stage2|20#302
PCR,2026-08-06,C,6,false,TBMPCR11Stage2,GT2776 RAN AT,235/70 R16 105T RANGER AT,R16,R16,1325223616105TRAT0,1,159.0,1,2026-08-07 00:19,2026-08-07 03:38,3.31,true,true,GT 2076 RAN HT,42.0,42.0,0.0,PCR|TBMPCR11Stage2|12#83
PCR,2026-08-06,C,6,false,TBMPCR7Stage2,GT 1773 NEO,175/70 R13 ULTIMA NEO,R13,R13,1325217613082TUNE0,1,151.0,1,2026-08-07 00:43,2026-08-07 02:44,2.01,true,false,GT 1513 XPC1 MSIL,22.0,22.0,0.0,PCR|TBMPCR7Stage2|24#719
PCR,2026-08-06,C,6,false,TBMPCR6Stage2,GT 1894 MAX,185/70 R14 TAXIMAX (+6 SKUs),R14,R14,1325218614088TTMX0,7,153.0,1,2026-08-07 03:36,2026-08-07 05:44,2.12,true,false,GT 1634 XPC TATA,22.0,22.0,0.0,PCR|TBMPCR6Stage2|29#566
PCR,2026-08-06,C,6,false,TBMPCR7Stage2,GT 1583 NEO TATA,155/80 R13 ULTIMA NEO LRR (+2 SKUs),R13,R13,1325215813079TUNE5,3,614.0,4,2026-08-07 03:49,2026-08-07 12:01,8.19,true,false,GT 1773 NEO,65.76666666666667,22.0,0.0,PCR|TBMPCR7Stage2|25#720
PCR,2026-08-06,C,6,false,TBMPCR3Stage2,GT 1995 ROYL KIA,195/65R15 UX ROYALE (+10 SKUs),R15,R15,1325219515091HURL2,11,636.0,4,2026-08-07 03:49,2026-08-07 14:36,10.78,true,false,GT 2455 RAN A/T,28.0,28.0,0.0,PCR|TBMPCR3Stage2|21#303
PCR,2026-08-06,C,6,false,TBMPCR9Stage2,GT 2568 RAN AT,255/65 R18 RANGER AT,R18,R18,1325225518111HRAT0,1,159.0,1,2026-08-07 03:55,2026-08-07 07:24,3.49,true,false,GT 2568 HT2,22.0,22.0,0.0,PCR|TBMPCR9Stage2|19#874
PCR,2026-08-06,C,6,false,TBMPCR2Stage2,GT  T1457 STAR,T145/70 R17 STAR XT (+2 SKUs),R17,R17,1325214617107MSXT0,3,156.0,1,2026-08-07 04:24,2026-08-07 07:15,2.86,true,true,GT 2476 SUP MM,60.0,60.0,0.0,PCR|TBMPCR2Stage2|16#222
PCR,2026-08-06,C,6,false,TBMPCR4Stage2,GT 1412 XPC MM,145 R12 ULTIMA XPC (+6 SKUs),"",R12,1D25114012008QXPC0,7,151.0,1,2026-08-07 06:23,2026-08-07 08:39,2.26,true,false,GT 1482 UHL,28.0,28.0,0.0,PCR|TBMPCR4Stage2|15#393
PCR,2026-08-07,A,7,false,TBMPCR9Stage2,GT 2258 RAN HPE,225/55 R 18 Ranger Hpe (+1 SKUs),R 18,R18,1325222318098HRHE0,2,306.0,2,2026-08-07 07:46,2026-08-07 14:03,6.29,true,false,GT 2568 RAN AT,22.0,22.0,0.0,PCR|TBMPCR9Stage2|20#875
PCR,2026-08-07,A,7,false,TBMPCR6Stage2,GT 1844 XPC TML,185 R14 ULTIMA XPC 10 PR (+1 SKUs),R14,R14,1D25218014010RXPCT,2,302.0,2,2026-08-07 07:52,2026-08-07 13:54,6.04,true,false,GT 1894 MAX,127.76666666666667,22.0,0.0,PCR|TBMPCR6Stage2|30#567
PCR,2026-08-07,A,7,false,TBMPCR2Stage2,GT 1402 XPC TATA,145 R12 ULTIMA XPC TL TATA (+14 SKUs),R12,R12,1D25214012008QXPCT,15,623.0,4,2026-08-07 08:15,2026-08-07 17:36,9.35,true,true,GT  T1457 STAR,60.0,60.0,0.0,PCR|TBMPCR2Stage2|17#223
PCR,2026-08-07,A,7,false,TBMPCR11Stage2,GT 2476 SUP MM,245/75 R16 ELANZO SUPRA,"",R16,1325224716111SELS0,1,611.0,4,2026-08-07 10:08,2026-08-07 22:52,12.73,true,false,GT2776 RAN AT,390.1166666666667,22.0,0.0,PCR|TBMPCR11Stage2|13#84
PCR,2026-08-07,A,7,false,TBMPCR8Stage2,GT 2267 ROYL HYU,215/60 R17 UX ROYALE HYUNDAI (+9 SKUs),R17,R17,1325221417096HURL0,10,300.0,2,2026-08-07 10:41,2026-08-07 15:51,5.17,true,true,GT 1995 ROYL KIA,42.0,42.0,0.0,PCR|TBMPCR8Stage2|17#805
PCR,2026-08-07,A,7,false,TBMPCR1Stage2,GT  T1457 STAR,T145/70 R17 STAR XT (+2 SKUs),R17,R17,1325214617107MSXT0,3,160.0,1,2026-08-07 11:42,2026-08-07 14:30,2.8,true,false,GT 2267 ROYL HYU,28.0,28.0,0.0,PCR|TBMPCR1Stage2|11#152
PCR,2026-08-07,A,7,false,TBMPCR7Stage2,GT 1673 NEO,165/70 R13 ULTIMA NEO,R13,R13,1325216613079HUNE0,1,308.0,2,2026-08-07 12:23,2026-08-07 16:29,4.11,true,false,GT 1583 NEO TATA,22.0,22.0,0.0,PCR|TBMPCR7Stage2|26#721
PCR,2026-08-07,A,7,false,TBMPCR10Stage2,GT 1773 NEO,175/70 R13 ULTIMA NEO,R13,R13,1325217613082TUNE0,1,301.0,2,2026-08-07 12:31,2026-08-07 16:31,4.01,true,false,GT 1503 NEO MSIL,22.0,22.0,0.0,PCR|TBMPCR10Stage2|19#20
PCR,2026-08-07,A,7,false,TBMPCR4Stage2,GT 1412 XPC MM,145 R12 ULTIMA XPC (+6 SKUs),"",R12,1D25114012008QXPC0,7,150.0,1,2026-08-07 13:03,2026-08-07 15:18,2.25,false,false,GT 1412 XPC MM,263.6,0.0,0.0,PCR|TBMPCR4Stage2|15#394
PCR,2026-08-07,A,7,false,TBMPCR6Stage2,GT1914 XPC1,195 R14 ULTIMA XPC1,"",(no rim),1D25219Z14008SXC10,1,158.0,1,2026-08-07 14:36,2026-08-07 17:46,3.16,true,true,GT 1844 XPC TML,42.0,42.0,0.0,PCR|TBMPCR6Stage2|31#568
PCR,2026-08-07,A,7,false,TBMPCR9Stage2,GT 2568 HT2,255/65 R 18 Ranger HT2 111 H,R18,R18,1325225518111HRHB0,1,305.0,2,2026-08-07 14:50,2026-08-07 21:31,6.69,true,false,GT 2258 RAN HPE,46.016666666666666,22.0,0.0,PCR|TBMPCR9Stage2|21#876
PCR,2026-08-07,B,7,false,TBMPCR3Stage2,GT 1765 ROYL,175/65 R15 UX ROYALE (+5 SKUs),R15,R15,1325217515084HURL2,6,473.0,3,2026-08-07 15:04,2026-08-07 23:05,8.01,true,false,GT 1995 ROYL KIA,28.0,28.0,0.0,PCR|TBMPCR3Stage2|22#304
PCR,2026-08-07,B,7,false,TBMPCR4Stage2,GT 1482 UHL,145/80 R 12 ULTIMA HI LIFE TL (+13 SKUs),R12,R12,1325214812074TUHL0,14,455.0,3,2026-08-07 15:46,2026-08-07 22:35,6.82,true,false,GT 1412 XPC MM,28.0,28.0,0.0,PCR|TBMPCR4Stage2|16#395
PCR,2026-08-07,B,7,false,TBMPCR8Stage2,GT 1995 ROYL KIA,195/65R15 UX ROYALE (+10 SKUs),R15,R15,1325219515091HURL2,11,634.0,4,2026-08-07 16:43,2026-08-08 03:07,10.39,true,true,GT 2267 ROYL HYU,52.31666666666666,42.0,0.0,PCR|TBMPCR8Stage2|18#806
PCR,2026-08-07,B,7,false,TBMPCR10Stage2,GT 1503 NEO MSIL,155/80 R13 ULTIMA NEO MSIL (+6 SKUs),R13,R13,1325215813079TUNE3,7,912.0,6,2026-08-07 16:56,2026-08-08 05:05,12.16,true,false,GT 1773 NEO,24.333333333333332,22.0,0.0,PCR|TBMPCR10Stage2|20#21
PCR,2026-08-07,B,7,false,TBMPCR7Stage2,GT 1513 XPC1 MSIL,155 R13 C ULTIMA XPC1 90/89 S TL (MSIL) (+1 SKUs),R13,R13,1D25215013008SXC10,2,627.0,4,2026-08-07 18:11,2026-08-08 02:53,8.71,true,false,GT 1673 NEO,101.81666666666666,22.0,0.0,PCR|TBMPCR7Stage2|27#722
PCR,2026-08-07,B,7,false,TBMPCR6Stage2,GT1564 NEO,155/65 R14 ULTIMA NEO,R14,R14,1325215514075TUNE0,1,157.0,1,2026-08-07 18:28,2026-08-07 20:38,2.18,true,true,GT1914 XPC1,42.0,42.0,0.0,PCR|TBMPCR6Stage2|32#569
PCR,2026-08-07,B,7,false,TBMPCR2Stage2,GT 2267 ROYL HYU,215/60 R17 UX ROYALE HYUNDAI (+9 SKUs),R17,R17,1325221417096HURL0,10,456.0,3,2026-08-07 18:36,2026-08-08 02:42,8.11,true,true,GT 1402 XPC TATA,60.0,60.0,0.0,PCR|TBMPCR2Stage2|18#224
PCR,2026-08-07,B,7,false,TBMPCR1Stage2,GT 2367 RAN XATW,235/65 R17 RANGER X-AT 104T,R17,R17,1325223517104TRXT0,1,155.0,1,2026-08-07 19:52,2026-08-07 23:21,3.49,true,false,GT  T1457 STAR,322.05,28.0,0.0,PCR|TBMPCR1Stage2|12#153
PCR,2026-08-07,B,7,false,TBMPCR6Stage2,GT 1854 XPC TT,185 R 14 Ultima XPC 10 PR TT (+1 SKUs),R14,R14,1D25118014010RXPC0,2,155.0,1,2026-08-07 21:00,2026-08-08 00:06,3.1,true,false,GT1564 NEO,22.0,22.0,0.0,PCR|TBMPCR6Stage2|33#570
PCR,2026-08-07,B,7,false,TBMPCR5Stage2,GT 1513 XPC1 MSIL,155 R13 C ULTIMA XPC1 90/89 S TL (MSIL) (+1 SKUs),R13,R13,1D25215013008SXC10,2,314.0,2,2026-08-07 21:43,2026-08-08 02:26,4.71,false,false,GT 1513 XPC1 MSIL,120.73333333333333,0.0,0.0,PCR|TBMPCR5Stage2|22#479
PCR,2026-08-07,B,7,false,TBMPCR9Stage2,GT 2568 RAN AT,255/65 R18 RANGER AT,R18,R18,1325225518111HRAT0,1,159.0,1,2026-08-07 21:53,2026-08-08 01:22,3.49,true,false,GT 2568 HT2,22.0,22.0,0.0,PCR|TBMPCR9Stage2|22#877
PCR,2026-08-07,C,7,false,TBMPCR4Stage2,GT 1402 XPC TATA,145 R12 ULTIMA XPC TL TATA (+14 SKUs),R12,R12,1D25214012008QXPCT,15,623.0,4,2026-08-07 23:03,2026-08-08 08:24,9.35,true,false,GT 1482 UHL,28.0,28.0,0.0,PCR|TBMPCR4Stage2|17#396
PCR,2026-08-07,C,7,false,TBMPCR3Stage2,GT 2455 RAN A/T,215/75 R15 RANGER AT,R15,R15,1325221715100SRAT0,1,157.0,1,2026-08-07 23:33,2026-08-08 02:44,3.18,true,false,GT 1765 ROYL,28.0,28.0,0.0,PCR|TBMPCR3Stage2|23#305
PCR,2026-08-07,C,7,false,TBMPCR11Stage2,GT 2076 RAN HT,205/60 R16 RANGER HT,R16,(no rim),1325220416092HRHT0,1,158.0,1,2026-08-07 23:34,2026-08-08 02:31,2.94,true,true,GT 2476 SUP MM,42.0,42.0,0.0,PCR|TBMPCR11Stage2|14#85
PCR,2026-08-07,C,7,false,TBMPCR9Stage2,GT 2158 ROYL HYU,215/55R18 UX ROYALE (+1 SKUs),R18,R18,1325221318095HURL0,2,462.0,3,2026-08-08 01:44,2026-08-08 10:13,8.47,true,false,GT 2568 RAN AT,22.0,22.0,0.0,PCR|TBMPCR9Stage2|23#878
PCR,2026-08-07,C,7,false,TBMPCR6Stage2,GT 1634 XPC TATA,165 R14 ULTIMA XPC TATA TL (+5 SKUs),R14,R14,1D25216814008QXPC0,6,311.0,2,2026-08-08 02:36,2026-08-08 06:55,4.32,true,false,GT 1854 XPC TT,149.23333333333332,22.0,0.0,PCR|TBMPCR6Stage2|34#571
PCR,2026-08-07,C,7,false,TBMPCR3Stage2,GT1915 LT XPC1,195 R15 ULTIMA XPC1,"",R15,1225219Z15008SXC10,1,161.0,1,2026-08-08 03:12,2026-08-08 06:49,3.62,true,false,GT 2455 RAN A/T,28.0,28.0,0.0,PCR|TBMPCR3Stage2|24#306
PCR,2026-08-07,C,7,false,TBMPCR11Stage2,GT2776 RAN AT,235/70 R16 105T RANGER AT,R16,R16,1325223616105TRAT0,1,159.0,1,2026-08-08 03:13,2026-08-08 06:31,3.31,true,true,GT 2076 RAN HT,42.0,42.0,0.0,PCR|TBMPCR11Stage2|15#86
PCR,2026-08-07,C,7,false,TBMPCR7Stage2,GT 1503 NEO MSIL,155/80 R13 ULTIMA NEO MSIL (+6 SKUs),R13,R13,1325215813079TUNE3,7,1846.0,12,2026-08-08 03:15,2026-08-09 03:52,24.61,true,false,GT 1513 XPC1 MSIL,22.0,22.0,0.0,PCR|TBMPCR7Stage2|28#723
PCR,2026-08-07,C,7,false,TBMPCR5Stage2,GT1513 NEO,155/65 R 13 ULTIMA NEO,R13,(no rim),1325215513073TUNE0,1,150.0,1,2026-08-08 03:26,2026-08-08 05:33,2.12,true,true,GT 1513 XPC1 MSIL,60.0,60.0,0.0,PCR|TBMPCR5Stage2|23#480
PCR,2026-08-07,C,7,false,TBMPCR2Stage2,GT 2476 SUP MM,245/75 R16 ELANZO SUPRA,"",R16,1325224716111SELS0,1,612.0,4,2026-08-08 03:42,2026-08-08 16:38,12.92,true,true,GT 2267 ROYL HYU,60.0,60.0,0.0,PCR|TBMPCR2Stage2|19#225
PCR,2026-08-07,C,7,false,TBMPCR8Stage2,GT 1965 ROYL,195/65 R 15 UX ROYALE 91 H,R15,(no rim),1325219515091HURL3,1,165.0,1,2026-08-08 03:49,2026-08-08 06:50,3.02,true,true,GT 1995 ROYL KIA,42.0,42.0,0.0,PCR|TBMPCR8Stage2|19#807
PCR,2026-08-07,C,7,false,TBMPCR10Stage2,GT 1513 XPC1 MSIL,155 R13 C ULTIMA XPC1 90/89 S TL (MSIL) (+1 SKUs),R13,R13,1D25215013008SXC10,2,1872.0,12,2026-08-08 05:27,2026-08-09 07:27,26.0,true,false,GT 1503 NEO MSIL,22.0,22.0,0.0,PCR|TBMPCR10Stage2|21#22
PCR,2026-08-07,C,7,false,TBMPCR1Stage2,GT  T1457 STAR,T145/70 R17 STAR XT (+2 SKUs),R17,R17,1325214617107MSXT0,3,626.0,4,2026-08-08 06:08,2026-08-08 17:06,10.96,true,false,GT 2367 RAN XATW,407.4166666666667,28.0,0.0,PCR|TBMPCR1Stage2|13#154
PCR,2026-08-07,C,7,false,TBMPCR5Stage2,GT 1583 NEO TATA,155/80 R13 ULTIMA NEO LRR (+2 SKUs),R13,R13,1325215813079TUNE5,3,308.0,2,2026-08-08 06:33,2026-08-08 10:55,4.36,true,true,GT1513 NEO,60.0,60.0,0.0,PCR|TBMPCR5Stage2|24#481
PCR,2026-08-08,A,8,false,TBMPCR3Stage2,GT 1925 XPC1,195 R15 ULTIMA XPC1 AL,R15,R15,1225219Z15008SXC11,1,309.0,2,2026-08-08 07:17,2026-08-08 14:14,6.95,true,false,GT1915 LT XPC1,28.0,28.0,0.0,PCR|TBMPCR3Stage2|25#307
PCR,2026-08-08,A,8,false,TBMPCR8Stage2,GT 2267 ROYL HYU,215/60 R17 UX ROYALE HYUNDAI (+9 SKUs),R17,R17,1325221417096HURL0,10,750.0,5,2026-08-08 07:32,2026-08-08 20:27,12.92,true,true,GT 1965 ROYL,42.0,42.0,0.0,PCR|TBMPCR8Stage2|20#808
PCR,2026-08-08,A,8,false,TBMPCR6Stage2,GT 1894 MAX,185/70 R14 TAXIMAX (+6 SKUs),R14,R14,1325218614088TTMX0,7,152.0,1,2026-08-08 07:39,2026-08-08 09:46,2.11,true,false,GT 1634 XPC TATA,44.483333333333334,22.0,0.0,PCR|TBMPCR6Stage2|35#572
PCR,2026-08-08,A,8,false,TBMPCR11Stage2,GT 2076 RAN HT,205/60 R16 RANGER HT,R16,(no rim),1325220416092HRHT0,1,314.0,2,2026-08-08 09:59,2026-08-08 15:50,5.84,true,true,GT2776 RAN AT,207.68333333333334,42.0,0.0,PCR|TBMPCR11Stage2|16#87
PCR,2026-08-08,A,8,false,TBMPCR6Stage2,GT 1844 XPC TML,185 R14 ULTIMA XPC 10 PR (+1 SKUs),R14,R14,1D25218014010RXPCT,2,301.0,2,2026-08-08 10:08,2026-08-08 16:09,6.02,true,false,GT 1894 MAX,22.0,22.0,0.0,PCR|TBMPCR6Stage2|36#573
PCR,2026-08-08,A,8,false,TBMPCR9Stage2,GT 2258 RAN HPE,225/55 R 18 Ranger Hpe (+1 SKUs),R 18,R18,1325222318098HRHE0,2,306.0,2,2026-08-08 10:35,2026-08-08 16:52,6.29,true,false,GT 2158 ROYL HYU,22.0,22.0,0.0,PCR|TBMPCR9Stage2|24#879
PCR,2026-08-08,A,8,false,TBMPCR4Stage2,GT 1402 XPC TATA,145 R12 ULTIMA XPC TL TATA (+14 SKUs),R12,R12,1D25214012008QXPCT,15,626.0,4,2026-08-08 11:29,2026-08-08 20:52,9.39,false,false,GT 1402 XPC TATA,184.38333333333333,0.0,0.0,PCR|TBMPCR4Stage2|17#397
PCR,2026-08-08,A,8,false,TBMPCR5Stage2,GT1513 NEO,155/65 R 13 ULTIMA NEO,R13,(no rim),1325215513073TUNE0,1,150.0,1,2026-08-08 11:55,2026-08-08 14:02,2.12,true,true,GT 1583 NEO TATA,60.0,60.0,0.0,PCR|TBMPCR5Stage2|25#482
PCR,2026-08-08,A,8,false,TBMPCR3Stage2,GT 1765 ROYL,175/65 R15 UX ROYALE (+5 SKUs),R15,R15,1325217515084HURL2,6,471.0,3,2026-08-08 14:42,2026-08-08 22:41,7.98,true,false,GT 1925 XPC1,28.0,28.0,0.0,PCR|TBMPCR3Stage2|26#308
PCR,2026-08-08,B,8,false,TBMPCR5Stage2,GT 1773 NEO,175/70 R13 ULTIMA NEO,R13,R13,1325217613082TUNE0,1,300.0,2,2026-08-08 16:04,2026-08-08 20:19,4.25,true,true,GT1513 NEO,121.14999999999999,60.0,0.0,PCR|TBMPCR5Stage2|26#483
PCR,2026-08-08,B,8,false,TBMPCR6Stage2,GT1564 NEO,155/65 R14 ULTIMA NEO,R14,R14,1325215514075TUNE0,1,157.0,1,2026-08-08 16:31,2026-08-08 18:42,2.18,true,false,GT 1844 XPC TML,22.0,22.0,0.0,PCR|TBMPCR6Stage2|37#574
PCR,2026-08-08,B,8,false,TBMPCR11Stage2,GT 2476 SUP MM,245/75 R16 ELANZO SUPRA,"",R16,1325224716111SELS0,1,609.0,4,2026-08-08 16:32,2026-08-09 05:13,12.69,true,true,GT 2076 RAN HT,42.0,42.0,0.0,PCR|TBMPCR11Stage2|17#88
PCR,2026-08-08,B,8,false,TBMPCR6Stage2,GT1914 XPC1,195 R14 ULTIMA XPC1,"",(no rim),1D25219Z14008SXC10,1,158.0,1,2026-08-08 19:24,2026-08-08 22:34,3.16,true,true,GT1564 NEO,42.0,42.0,0.0,PCR|TBMPCR6Stage2|38#575
PCR,2026-08-08,B,8,false,TBMPCR9Stage2,GT 2568 RAN AT,255/65 R18 RANGER AT,R18,R18,1325225518111HRAT0,1,158.0,1,2026-08-08 20:14,2026-08-08 23:42,3.47,true,false,GT 2258 RAN HPE,202.13333333333333,22.0,0.0,PCR|TBMPCR9Stage2|25#880
PCR,2026-08-08,B,8,false,TBMPCR5Stage2,GT1513 NEO,155/65 R 13 ULTIMA NEO,R13,(no rim),1325215513073TUNE0,1,150.0,1,2026-08-08 21:19,2026-08-08 23:26,2.12,true,true,GT 1773 NEO,60.0,60.0,0.0,PCR|TBMPCR5Stage2|27#484
PCR,2026-08-08,B,8,false,TBMPCR4Stage2,GT 1482 UHL,145/80 R 12 ULTIMA HI LIFE TL (+13 SKUs),R12,R12,1325214812074TUHL0,14,455.0,3,2026-08-08 21:20,2026-08-09 04:09,6.82,true,false,GT 1402 XPC TATA,28.0,28.0,0.0,PCR|TBMPCR4Stage2|18#398
PCR,2026-08-08,B,8,false,TBMPCR8Stage2,GT 1995 ROYL KIA,195/65R15 UX ROYALE (+10 SKUs),R15,R15,1325219515091HURL2,11,631.0,4,2026-08-08 21:26,2026-08-09 07:46,10.34,true,true,GT 2267 ROYL HYU,58.583333333333336,42.0,0.0,PCR|TBMPCR8Stage2|21#809
PCR,2026-08-08,B,8,false,TBMPCR2Stage2,GT 2267 ROYL HYU,215/60 R17 UX ROYALE HYUNDAI (+9 SKUs),R17,R17,1325221417096HURL0,10,756.0,5,2026-08-08 21:53,2026-08-09 11:20,13.44,true,true,GT 2476 SUP MM,315.7,60.0,0.0,PCR|TBMPCR2Stage2|20#226
PCR,2026-08-08,B,8,false,TBMPCR1Stage2,GT 2367 RAN XATW,235/65 R17 RANGER X-AT 104T,R17,R17,1325223517104TRXT0,1,155.0,1,2026-08-08 22:38,2026-08-09 02:07,3.49,true,false,GT  T1457 STAR,332.26666666666665,28.0,0.0,PCR|TBMPCR1Stage2|14#155
PCR,2026-08-08,C,8,false,TBMPCR3Stage2,GT 1925 XPC1,195 R15 ULTIMA XPC1 AL,R15,R15,1225219Z15008SXC11,1,305.0,2,2026-08-08 23:09,2026-08-09 06:01,6.86,true,false,GT 1765 ROYL,28.0,28.0,0.0,PCR|TBMPCR3Stage2|27#309
PCR,2026-08-08,C,8,false,TBMPCR6Stage2,GT1564 NEO,155/65 R14 ULTIMA NEO,R14,R14,1325215514075TUNE0,1,157.0,1,2026-08-08 23:16,2026-08-09 01:26,2.18,true,true,GT1914 XPC1,42.0,42.0,0.0,PCR|TBMPCR6Stage2|39#576
PCR,2026-08-08,C,8,false,TBMPCR9Stage2,GT 2568 HT2,255/65 R 18 Ranger HT2 111 H,R18,R18,1325225518111HRHB0,1,303.0,2,2026-08-09 00:04,2026-08-09 06:43,6.65,true,false,GT 2568 RAN AT,22.0,22.0,0.0,PCR|TBMPCR9Stage2|26#881
PCR,2026-08-08,C,8,false,TBMPCR5Stage2,GT 1583 NEO TATA,155/80 R13 ULTIMA NEO LRR (+2 SKUs),R13,R13,1325215813079TUNE5,3,307.0,2,2026-08-09 00:26,2026-08-09 04:47,4.35,true,true,GT1513 NEO,60.0,60.0,0.0,PCR|TBMPCR5Stage2|28#485
PCR,2026-08-08,C,8,false,TBMPCR6Stage2,GT 1894 MAX,185/70 R14 TAXIMAX (+6 SKUs),R14,R14,1325218614088TTMX0,7,152.0,1,2026-08-09 03:48,2026-08-09 05:55,2.11,true,false,GT1564 NEO,141.88333333333333,22.0,0.0,PCR|TBMPCR6Stage2|40#577
PCR,2026-08-08,C,8,false,TBMPCR7Stage2,GT 1673 NEO,165/70 R13 ULTIMA NEO,R13,R13,1325216613079HUNE0,1,154.0,1,2026-08-09 04:14,2026-08-09 06:17,2.05,true,false,GT 1503 NEO MSIL,22.0,22.0,0.0,PCR|TBMPCR7Stage2|29#724
PCR,2026-08-08,C,8,false,TBMPCR5Stage2,GT 1513 XPC1 MSIL,155 R13 C ULTIMA XPC1 90/89 S TL (MSIL) (+1 SKUs),R13,R13,1D25215013008SXC10,2,2029.0,13,2026-08-09 05:15,2026-08-10 11:41,30.44,true,false,GT 1583 NEO TATA,28.0,28.0,0.0,PCR|TBMPCR5Stage2|29#486
PCR,2026-08-08,C,8,false,TBMPCR11Stage2,GT2776 RAN AT,235/70 R16 105T RANGER AT,R16,R16,1325223616105TRAT0,1,159.0,1,2026-08-09 05:35,2026-08-09 08:54,3.31,true,false,GT 2476 SUP MM,22.0,22.0,0.0,PCR|TBMPCR11Stage2|18#89
PCR,2026-08-08,C,8,false,TBMPCR6Stage2,GT 1634 XPC TATA,165 R14 ULTIMA XPC TATA TL (+5 SKUs),R14,R14,1D25216814008QXPC0,6,310.0,2,2026-08-09 06:17,2026-08-09 10:35,4.31,true,false,GT 1894 MAX,22.0,22.0,0.0,PCR|TBMPCR6Stage2|41#578
PCR,2026-08-08,C,8,false,TBMPCR3Stage2,GT 2455 RAN A/T,215/75 R15 RANGER AT,R15,R15,1325221715100SRAT0,1,157.0,1,2026-08-09 06:29,2026-08-09 09:40,3.18,true,false,GT 1925 XPC1,28.0,28.0,0.0,PCR|TBMPCR3Stage2|28#310
PCR,2026-08-08,C,8,false,TBMPCR7Stage2,GT 1583 NEO TATA,155/80 R13 ULTIMA NEO LRR (+2 SKUs),R13,R13,1325215813079TUNE5,3,307.0,2,2026-08-09 06:39,2026-08-09 10:45,4.09,true,false,GT 1673 NEO,22.0,22.0,0.0,PCR|TBMPCR7Stage2|30#725
PCR,2026-08-09,A,9,false,TBMPCR9Stage2,GT 2158 ROYL HYU,215/55R18 UX ROYALE (+1 SKUs),R18,R18,1325221318095HURL0,2,465.0,3,2026-08-09 07:05,2026-08-09 15:37,8.52,true,false,GT 2568 HT2,22.0,22.0,0.0,PCR|TBMPCR9Stage2|27#882
PCR,2026-08-09,A,9,false,TBMPCR10Stage2,GT 1503 NEO MSIL,155/80 R13 ULTIMA NEO MSIL (+6 SKUs),R13,R13,1325215813079TUNE3,7,912.0,6,2026-08-09 07:49,2026-08-09 19:59,12.16,true,false,GT 1513 XPC1 MSIL,22.0,22.0,0.0,PCR|TBMPCR10Stage2|22#23
PCR,2026-08-09,A,9,false,TBMPCR8Stage2,GT1915 LT XPC1,195 R15 ULTIMA XPC1,"",R15,1225219Z15008SXC10,1,161.0,1,2026-08-09 08:08,2026-08-09 11:40,3.53,true,false,GT 1995 ROYL KIA,22.0,22.0,0.0,PCR|TBMPCR8Stage2|22#810
PCR,2026-08-09,A,9,false,TBMPCR4Stage2,GT 1412 XPC MM,145 R12 ULTIMA XPC (+6 SKUs),"",R12,1D25114012008QXPC0,7,150.0,1,2026-08-09 08:39,2026-08-09 10:54,2.25,true,false,GT 1482 UHL,269.8666666666667,28.0,0.0,PCR|TBMPCR4Stage2|19#399
PCR,2026-08-09,A,9,false,TBMPCR11Stage2,GT 2476 SUP MM,245/75 R16 ELANZO SUPRA,"",R16,1325224716111SELS0,1,611.0,4,2026-08-09 09:16,2026-08-09 21:59,12.73,true,false,GT2776 RAN AT,22.0,22.0,0.0,PCR|TBMPCR11Stage2|19#90
PCR,2026-08-09,A,9,false,TBMPCR1Stage2,GT  T1457 STAR,T145/70 R17 STAR XT (+2 SKUs),R17,R17,1325214617107MSXT0,3,315.0,2,2026-08-09 09:33,2026-08-09 15:03,5.51,true,false,GT 2367 RAN XATW,445.56666666666666,28.0,0.0,PCR|TBMPCR1Stage2|15#156
PCR,2026-08-09,A,9,false,TBMPCR6Stage2,GT 1854 XPC TT,185 R 14 Ultima XPC 10 PR TT (+1 SKUs),R14,R14,1D25118014010RXPC0,2,155.0,1,2026-08-09 10:57,2026-08-09 14:03,3.1,true,false,GT 1634 XPC TATA,22.0,22.0,0.0,PCR|TBMPCR6Stage2|42#579
PCR,2026-08-09,A,9,false,TBMPCR7Stage2,GT 1673 NEO,165/70 R13 ULTIMA NEO,R13,R13,1325216613079HUNE0,1,154.0,1,2026-08-09 11:07,2026-08-09 13:10,2.05,true,false,GT 1583 NEO TATA,22.0,22.0,0.0,PCR|TBMPCR7Stage2|31#726
PCR,2026-08-09,A,9,false,TBMPCR8Stage2,GT 1995 ROYL KIA,195/65R15 UX ROYALE (+10 SKUs),R15,R15,1325219515091HURL2,11,1905.0,12,2026-08-09 12:02,2026-08-10 19:16,31.22,true,false,GT1915 LT XPC1,22.0,22.0,0.0,PCR|TBMPCR8Stage2|23#811
PCR,2026-08-09,A,9,false,TBMPCR3Stage2,GT 1765 ROYL,175/65 R15 UX ROYALE (+5 SKUs),R15,R15,1325217515084HURL2,6,471.0,3,2026-08-09 13:38,2026-08-09 21:37,7.98,true,false,GT 2455 RAN A/T,237.79999999999998,28.0,0.0,PCR|TBMPCR3Stage2|29#311
PCR,2026-08-09,A,9,false,TBMPCR7Stage2,GT 1773 NEO,175/70 R13 ULTIMA NEO,R13,R13,1325217613082TUNE0,1,300.0,2,2026-08-09 14:04,2026-08-09 18:04,4.0,true,false,GT 1673 NEO,53.4,22.0,0.0,PCR|TBMPCR7Stage2|32#727
PCR,2026-08-09,A,9,false,TBMPCR2Stage2,GT 2267 ROYL HYU,215/60 R17 UX ROYALE HYUNDAI (+9 SKUs),R17,R17,1325221417096HURL0,10,756.0,5,2026-08-09 14:39,2026-08-10 04:05,13.44,false,false,GT 2267 ROYL HYU,199.2,0.0,0.0,PCR|TBMPCR2Stage2|20#227
PCR,2026-08-09,A,9,false,TBMPCR6Stage2,GT1914 XPC1,195 R14 ULTIMA XPC1,"",(no rim),1D25219Z14008SXC10,1,158.0,1,2026-08-09 14:45,2026-08-09 17:55,3.16,true,true,GT 1854 XPC TT,42.0,42.0,0.0,PCR|TBMPCR6Stage2|43#580
PCR,2026-08-09,B,9,false,TBMPCR9Stage2,GT 2568 RAN AT,255/65 R18 RANGER AT,R18,R18,1325225518111HRAT0,1,158.0,1,2026-08-09 15:59,2026-08-09 19:27,3.47,true,false,GT 2158 ROYL HYU,22.0,22.0,0.0,PCR|TBMPCR9Stage2|28#883
PCR,2026-08-09,B,9,false,TBMPCR7Stage2,GT 1503 NEO MSIL,155/80 R13 ULTIMA NEO MSIL (+6 SKUs),R13,R13,1325215813079TUNE3,7,920.0,6,2026-08-09 18:26,2026-08-10 06:42,12.27,true,false,GT 1773 NEO,22.0,22.0,0.0,PCR|TBMPCR7Stage2|33#728
PCR,2026-08-09,B,9,false,TBMPCR10Stage2,GT 1773 NEO,175/70 R13 ULTIMA NEO,R13,R13,1325217613082TUNE0,1,300.0,2,2026-08-09 20:21,2026-08-10 00:21,4.0,true,false,GT 1503 NEO MSIL,22.0,22.0,0.0,PCR|TBMPCR10Stage2|23#24
PCR,2026-08-09,B,9,false,TBMPCR6Stage2,GT 1844 XPC TML,185 R14 ULTIMA XPC 10 PR (+1 SKUs),R14,R14,1D25218014010RXPCT,2,301.0,2,2026-08-09 20:21,2026-08-10 02:22,6.02,true,true,GT1914 XPC1,146.06666666666666,42.0,0.0,PCR|TBMPCR6Stage2|44#581
PCR,2026-08-09,B,9,false,TBMPCR4Stage2,GT 1482 UHL,145/80 R 12 ULTIMA HI LIFE TL (+13 SKUs),R12,R12,1325214812074TUHL0,14,455.0,3,2026-08-09 20:27,2026-08-10 03:16,6.82,true,false,GT 1412 XPC MM,572.6166666666667,28.0,0.0,PCR|TBMPCR4Stage2|20#400
PCR,2026-08-09,B,9,false,TBMPCR9Stage2,GT 2258 RAN HPE,225/55 R 18 Ranger Hpe (+1 SKUs),R 18,R18,1325222318098HRHE0,2,306.0,2,2026-08-09 22:02,2026-08-10 04:19,6.29,true,false,GT 2568 RAN AT,155.3,22.0,0.0,PCR|TBMPCR9Stage2|29#884
PCR,2026-08-09,B,9,false,TBMPCR3Stage2,GT 2455 RAN A/T,215/75 R15 RANGER AT,R15,R15,1325221715100SRAT0,1,157.0,1,2026-08-09 22:05,2026-08-10 01:16,3.18,true,false,GT 1765 ROYL,28.0,28.0,0.0,PCR|TBMPCR3Stage2|30#312
PCR,2026-08-09,B,9,false,TBMPCR11Stage2,GT 2076 RAN HT,205/60 R16 RANGER HT,R16,(no rim),1325220416092HRHT0,1,157.0,1,2026-08-09 22:41,2026-08-10 01:37,2.92,true,true,GT 2476 SUP MM,42.0,42.0,0.0,PCR|TBMPCR11Stage2|20#91
PCR,2026-08-09,C,9,false,TBMPCR10Stage2,GT 1583 NEO TATA,155/80 R13 ULTIMA NEO LRR (+2 SKUs),R13,R13,1325215813079TUNE5,3,308.0,2,2026-08-10 00:43,2026-08-10 04:49,4.11,true,false,GT 1773 NEO,22.0,22.0,0.0,PCR|TBMPCR10Stage2|24#25
PCR,2026-08-09,C,9,false,TBMPCR1Stage2,GT 2367 RAN XATW,235/65 R17 RANGER X-AT 104T,R17,R17,1325223517104TRXT0,1,155.0,1,2026-08-10 01:24,2026-08-10 04:53,3.49,true,false,GT  T1457 STAR,620.6666666666666,28.0,0.0,PCR|TBMPCR1Stage2|16#157
PCR,2026-08-09,C,9,false,TBMPCR11Stage2,GT2776 RAN AT,235/70 R16 105T RANGER AT,R16,R16,1325223616105TRAT0,1,159.0,1,2026-08-10 02:19,2026-08-10 05:37,3.31,true,true,GT 2076 RAN HT,42.0,42.0,0.0,PCR|TBMPCR11Stage2|21#92
PCR,2026-08-09,C,9,false,TBMPCR6Stage2,GT 1894 MAX,185/70 R14 TAXIMAX (+6 SKUs),R14,R14,1325218614088TTMX0,7,152.0,1,2026-08-10 02:44,2026-08-10 04:51,2.11,true,false,GT 1844 XPC TML,22.0,22.0,0.0,PCR|TBMPCR6Stage2|45#582
PCR,2026-08-09,C,9,false,TBMPCR3Stage2,GT 1925 XPC1,195 R15 ULTIMA XPC1 AL,R15,R15,1225219Z15008SXC11,1,306.0,2,2026-08-10 03:39,2026-08-10 10:33,6.88,true,false,GT 2455 RAN A/T,143.71666666666667,28.0,0.0,PCR|TBMPCR3Stage2|31#313
PCR,2026-08-09,C,9,false,TBMPCR4Stage2,GT 1412 XPC MM,145 R12 ULTIMA XPC (+6 SKUs),"",R12,1D25114012008QXPC0,7,150.0,1,2026-08-10 03:44,2026-08-10 05:59,2.25,true,false,GT 1482 UHL,28.0,28.0,0.0,PCR|TBMPCR4Stage2|21#401
PCR,2026-08-09,C,9,false,TBMPCR9Stage2,GT 2568 HT2,255/65 R 18 Ranger HT2 111 H,R18,R18,1325225518111HRHB0,1,303.0,2,2026-08-10 04:41,2026-08-10 11:20,6.65,true,false,GT 2258 RAN HPE,22.0,22.0,0.0,PCR|TBMPCR9Stage2|30#885
PCR,2026-08-09,C,9,false,TBMPCR10Stage2,GT 1503 NEO MSIL,155/80 R13 ULTIMA NEO MSIL (+6 SKUs),R13,R13,1325215813079TUNE3,7,926.0,6,2026-08-10 05:11,2026-08-10 17:32,12.35,true,false,GT 1583 NEO TATA,22.0,22.0,0.0,PCR|TBMPCR10Stage2|25#26
PCR,2026-08-09,C,9,false,TBMPCR1Stage2,GT  T1457 STAR,T145/70 R17 STAR XT (+2 SKUs),R17,R17,1325214617107MSXT0,3,311.0,2,2026-08-10 05:21,2026-08-10 10:48,5.44,true,false,GT 2367 RAN XATW,28.0,28.0,0.0,PCR|TBMPCR1Stage2|17#158
PCR,2026-08-09,C,9,false,TBMPCR11Stage2,GT 2476 SUP MM,245/75 R16 ELANZO SUPRA,"",R16,1325224716111SELS0,1,1218.0,8,2026-08-10 05:59,2026-08-11 07:22,25.38,true,false,GT2776 RAN AT,22.0,22.0,0.0,PCR|TBMPCR11Stage2|22#93
PCR,2026-08-09,C,9,false,TBMPCR6Stage2,GT1564 NEO,155/65 R14 ULTIMA NEO,R14,R14,1325215514075TUNE0,1,157.0,1,2026-08-10 06:40,2026-08-10 08:51,2.18,true,false,GT 1894 MAX,109.38333333333333,22.0,0.0,PCR|TBMPCR6Stage2|46#583
PCR,2026-08-09,C,9,false,TBMPCR4Stage2,GT 1402 XPC TATA,145 R12 ULTIMA XPC TL TATA (+14 SKUs),R12,R12,1D25214012008QXPCT,15,626.0,4,2026-08-10 06:42,2026-08-10 16:05,9.39,true,false,GT 1412 XPC MM,42.56666666666666,28.0,0.0,PCR|TBMPCR4Stage2|22#402
PCR,2026-08-10,A,10,false,TBMPCR7Stage2,GT 1513 XPC1 MSIL,155 R13 C ULTIMA XPC1 90/89 S TL (MSIL) (+1 SKUs),R13,R13,1D25215013008SXC10,2,777.0,5,2026-08-10 07:04,2026-08-10 17:51,10.79,true,false,GT 1503 NEO MSIL,22.0,22.0,0.0,PCR|TBMPCR7Stage2|34#729
PCR,2026-08-10,A,10,false,TBMPCR2Stage2,GT 2267 ROYL HYU,215/60 R17 UX ROYALE HYUNDAI (+9 SKUs),R17,R17,1325221417096HURL0,10,753.0,5,2026-08-10 08:17,2026-08-10 21:40,13.39,false,false,GT 2267 ROYL HYU,251.35,0.0,0.0,PCR|TBMPCR2Stage2|20#228
PCR,2026-08-10,A,10,false,TBMPCR6Stage2,GT 1634 XPC TATA,165 R14 ULTIMA XPC TATA TL (+5 SKUs),R14,R14,1D25216814008QXPC0,6,310.0,2,2026-08-10 09:13,2026-08-10 13:31,4.31,true,false,GT1564 NEO,22.0,22.0,0.0,PCR|TBMPCR6Stage2|47#584
PCR,2026-08-10,A,10,false,TBMPCR3Stage2,GT 1765 ROYL,175/65 R15 UX ROYALE (+5 SKUs),R15,R15,1325217515084HURL2,6,942.0,6,2026-08-10 11:01,2026-08-11 03:08,16.12,true,false,GT 1925 XPC1,28.0,28.0,0.0,PCR|TBMPCR3Stage2|32#314
PCR,2026-08-10,A,10,false,TBMPCR9Stage2,GT 2568 RAN AT,255/65 R18 RANGER AT,R18,R18,1325225518111HRAT0,1,158.0,1,2026-08-10 11:42,2026-08-10 15:10,3.47,true,false,GT 2568 HT2,22.0,22.0,0.0,PCR|TBMPCR9Stage2|31#886
PCR,2026-08-10,A,10,false,TBMPCR5Stage2,GT1513 NEO,155/65 R 13 ULTIMA NEO,R13,(no rim),1325215513073TUNE0,1,300.0,2,2026-08-10 12:41,2026-08-10 16:56,4.25,true,true,GT 1513 XPC1 MSIL,60.0,60.0,0.0,PCR|TBMPCR5Stage2|30#487
PCR,2026-08-10,A,10,false,TBMPCR6Stage2,GT1564 NEO,155/65 R14 ULTIMA NEO,R14,R14,1325215514075TUNE0,1,157.0,1,2026-08-10 13:53,2026-08-10 16:04,2.18,true,false,GT 1634 XPC TATA,22.0,22.0,0.0,PCR|TBMPCR6Stage2|48#585
PCR,2026-08-10,B,10,false,TBMPCR1Stage2,GT  T1457 STAR,T145/70 R17 STAR XT (+2 SKUs),R17,R17,1325214617107MSXT0,3,314.0,2,2026-08-10 15:36,2026-08-10 21:05,5.5,false,false,GT  T1457 STAR,287.8,0.0,0.0,PCR|TBMPCR1Stage2|17#159
PCR,2026-08-10,B,10,false,TBMPCR6Stage2,GT 1854 XPC TT,185 R 14 Ultima XPC 10 PR TT (+1 SKUs),R14,R14,1D25118014010RXPC0,2,155.0,1,2026-08-10 16:26,2026-08-10 19:32,3.1,true,false,GT1564 NEO,22.0,22.0,0.0,PCR|TBMPCR6Stage2|49#586
PCR,2026-08-10,B,10,false,TBMPCR9Stage2,GT 2258 RAN HPE,225/55 R 18 Ranger Hpe (+1 SKUs),R 18,R18,1325222318098HRHE0,2,306.0,2,2026-08-10 17:03,2026-08-10 23:20,6.29,true,false,GT 2568 RAN AT,112.58333333333333,22.0,0.0,PCR|TBMPCR9Stage2|32#887
PCR,2026-08-10,B,10,false,TBMPCR10Stage2,GT 1513 XPC1 MSIL,155 R13 C ULTIMA XPC1 90/89 S TL (MSIL) (+1 SKUs),R13,R13,1D25215013008SXC10,2,1409.0,9,2026-08-10 17:54,2026-08-11 13:28,19.57,true,false,GT 1503 NEO MSIL,22.0,22.0,0.0,PCR|TBMPCR10Stage2|26#27
PCR,2026-08-10,B,10,false,TBMPCR5Stage2,GT 1503 NEO MSIL,155/80 R13 ULTIMA NEO MSIL (+6 SKUs),R13,R13,1325215813079TUNE3,7,912.0,6,2026-08-10 17:56,2026-08-11 06:51,12.92,true,true,GT1513 NEO,60.0,60.0,0.0,PCR|TBMPCR5Stage2|31#488
PCR,2026-08-10,B,10,false,TBMPCR7Stage2,GT 1673 NEO,165/70 R13 ULTIMA NEO,R13,R13,1325216613079HUNE0,1,154.0,1,2026-08-10 18:13,2026-08-10 20:16,2.05,true,false,GT 1513 XPC1 MSIL,22.0,22.0,0.0,PCR|TBMPCR7Stage2|35#730
PCR,2026-08-10,B,10,false,TBMPCR4Stage2,GT 1482 UHL,145/80 R 12 ULTIMA HI LIFE TL (+13 SKUs),R12,R12,1325214812074TUHL0,14,455.0,3,2026-08-10 19:34,2026-08-11 02:23,6.82,true,false,GT 1402 XPC TATA,208.51666666666665,28.0,0.0,PCR|TBMPCR4Stage2|23#403
PCR,2026-08-10,B,10,false,TBMPCR6Stage2,GT 1894 MAX,185/70 R14 TAXIMAX (+6 SKUs),R14,R14,1325218614088TTMX0,7,152.0,1,2026-08-10 19:54,2026-08-10 22:01,2.11,true,false,GT 1854 XPC TT,22.0,22.0,0.0,PCR|TBMPCR6Stage2|50#587
PCR,2026-08-10,B,10,false,TBMPCR8Stage2,GT 2267 ROYL HYU,215/60 R17 UX ROYALE HYUNDAI (+9 SKUs),R17,R17,1325221417096HURL0,10,753.0,5,2026-08-10 19:58,2026-08-11 08:56,12.97,true,true,GT 1995 ROYL KIA,42.0,42.0,0.0,PCR|TBMPCR8Stage2|24#812
PCR,2026-08-10,B,10,false,TBMPCR7Stage2,GT 1673 NEO,165/70 R13 ULTIMA NEO,R13,R13,1325216613079HUNE0,1,154.0,1,2026-08-10 21:19,2026-08-10 23:22,2.05,false,false,GT 1673 NEO,62.8,0.0,0.0,PCR|TBMPCR7Stage2|35#731
PCR,2026-08-10,B,10,false,TBMPCR6Stage2,GT 1844 XPC TML,185 R14 ULTIMA XPC 10 PR (+1 SKUs),R14,R14,1D25218014010RXPCT,2,301.0,2,2026-08-10 22:23,2026-08-11 04:24,6.02,true,false,GT 1894 MAX,22.0,22.0,0.0,PCR|TBMPCR6Stage2|51#588
PCR,2026-08-10,C,10,false,TBMPCR9Stage2,GT 2568 HT2,255/65 R 18 Ranger HT2 111 H,R18,R18,1325225518111HRHB0,1,303.0,2,2026-08-10 23:42,2026-08-11 06:21,6.65,true,false,GT 2258 RAN HPE,22.0,22.0,0.0,PCR|TBMPCR9Stage2|33#888
PCR,2026-08-10,C,10,false,TBMPCR7Stage2,GT 1583 NEO TATA,155/80 R13 ULTIMA NEO LRR (+2 SKUs),R13,R13,1325215813079TUNE5,3,614.0,4,2026-08-11 00:39,2026-08-11 08:50,8.19,true,false,GT 1673 NEO,76.7,22.0,0.0,PCR|TBMPCR7Stage2|36#732
PCR,2026-08-10,C,10,false,TBMPCR2Stage2,GT 1402 XPC TATA,145 R12 ULTIMA XPC TL TATA (+14 SKUs),R12,R12,1D25214012008QXPCT,15,624.0,4,2026-08-11 02:18,2026-08-11 11:39,9.36,true,true,GT 2267 ROYL HYU,277.95,60.0,0.0,PCR|TBMPCR2Stage2|21#229
PCR,2026-08-10,C,10,false,TBMPCR3Stage2,GT1915 LT XPC1,195 R15 ULTIMA XPC1,"",R15,1225219Z15008SXC10,1,161.0,1,2026-08-11 03:36,2026-08-11 07:13,3.62,true,false,GT 1765 ROYL,28.0,28.0,0.0,PCR|TBMPCR3Stage2|33#315
PCR,2026-08-10,C,10,false,TBMPCR1Stage2,GT 2367 RAN XATW,235/65 R17 RANGER X-AT 104T,R17,R17,1325223517104TRXT0,1,155.0,1,2026-08-11 03:38,2026-08-11 07:08,3.49,true,false,GT  T1457 STAR,392.8833333333333,28.0,0.0,PCR|TBMPCR1Stage2|18#160
PCR,2026-08-10,C,10,false,TBMPCR6Stage2,GT1914 XPC1,195 R14 ULTIMA XPC1,"",(no rim),1D25219Z14008SXC10,1,158.0,1,2026-08-11 05:06,2026-08-11 08:16,3.16,true,true,GT 1844 XPC TML,42.0,42.0,0.0,PCR|TBMPCR6Stage2|52#589
PCR,2026-08-10,C,10,false,TBMPCR9Stage2,GT 2158 ROYL HYU,215/55R18 UX ROYALE (+1 SKUs),R18,R18,1325221318095HURL0,2,462.0,3,2026-08-11 06:43,2026-08-11 15:12,8.47,true,false,GT 2568 HT2,22.0,22.0,0.0,PCR|TBMPCR9Stage2|34#889
PCR,2026-08-11,A,11,false,TBMPCR5Stage2,GT 1773 NEO,175/70 R13 ULTIMA NEO,R13,R13,1325217613082TUNE0,1,300.0,2,2026-08-11 07:19,2026-08-11 11:34,4.25,true,false,GT 1503 NEO MSIL,28.0,28.0,0.0,PCR|TBMPCR5Stage2|32#489
PCR,2026-08-11,A,11,false,TBMPCR1Stage2,GT  T1457 STAR,T145/70 R17 STAR XT (+2 SKUs),R17,R17,1325214617107MSXT0,3,311.0,2,2026-08-11 07:36,2026-08-11 13:02,5.44,true,false,GT 2367 RAN XATW,28.0,28.0,0.0,PCR|TBMPCR1Stage2|19#161
PCR,2026-08-11,A,11,false,TBMPCR3Stage2,GT 2455 RAN A/T,215/75 R15 RANGER AT,R15,R15,1325221715100SRAT0,1,157.0,1,2026-08-11 07:41,2026-08-11 10:52,3.18,true,false,GT1915 LT XPC1,28.0,28.0,0.0,PCR|TBMPCR3Stage2|34#316
PCR,2026-08-11,A,11,false,TBMPCR6Stage2,GT 1634 XPC TATA,165 R14 ULTIMA XPC TATA TL (+5 SKUs),R14,R14,1D25216814008QXPC0,6,619.0,4,2026-08-11 08:58,2026-08-11 17:56,8.98,true,true,GT1914 XPC1,42.0,42.0,0.0,PCR|TBMPCR6Stage2|53#590
PCR,2026-08-11,A,11,false,TBMPCR7Stage2,GT 1503 NEO MSIL,155/80 R13 ULTIMA NEO MSIL (+6 SKUs),R13,R13,1325215813079TUNE3,7,917.0,6,2026-08-11 09:12,2026-08-11 21:26,12.23,true,false,GT 1583 NEO TATA,22.0,22.0,0.0,PCR|TBMPCR7Stage2|37#733
PCR,2026-08-11,A,11,false,TBMPCR8Stage2,GT 1995 ROYL KIA,195/65R15 UX ROYALE (+10 SKUs),R15,R15,1325219515091HURL2,11,638.0,4,2026-08-11 09:38,2026-08-11 20:05,10.46,true,true,GT 2267 ROYL HYU,42.0,42.0,0.0,PCR|TBMPCR8Stage2|25#813
PCR,2026-08-11,A,11,false,TBMPCR4Stage2,GT 1412 XPC MM,145 R12 ULTIMA XPC (+6 SKUs),"",R12,1D25114012008QXPC0,7,150.0,1,2026-08-11 09:42,2026-08-11 11:57,2.25,true,false,GT 1482 UHL,438.59999999999997,28.0,0.0,PCR|TBMPCR4Stage2|24#404
PCR,2026-08-11,A,11,false,TBMPCR3Stage2,GT 1925 XPC1,195 R15 ULTIMA XPC1 AL,R15,R15,1225219Z15008SXC11,1,309.0,2,2026-08-11 11:20,2026-08-11 18:17,6.95,true,false,GT 2455 RAN A/T,28.0,28.0,0.0,PCR|TBMPCR3Stage2|35#317
PCR,2026-08-11,A,11,false,TBMPCR5Stage2,GT 1513 XPC1 MSIL,155 R13 C ULTIMA XPC1 90/89 S TL (MSIL) (+1 SKUs),R13,R13,1D25215013008SXC10,2,1400.0,9,2026-08-11 12:02,2026-08-12 09:02,21.0,true,false,GT 1773 NEO,28.0,28.0,0.0,PCR|TBMPCR5Stage2|33#490
PCR,2026-08-11,A,11,false,TBMPCR11Stage2,GT 2076 RAN HT,205/60 R16 RANGER HT,R16,(no rim),1325220416092HRHT0,1,157.0,1,2026-08-11 12:03,2026-08-11 14:58,2.92,true,true,GT 2476 SUP MM,281.01666666666665,42.0,0.0,PCR|TBMPCR11Stage2|23#94
PCR,2026-08-11,A,11,false,TBMPCR2Stage2,GT 2476 SUP MM,245/75 R16 ELANZO SUPRA,"",R16,1325224716111SELS0,1,619.0,4,2026-08-11 12:39,2026-08-12 01:44,13.07,true,true,GT 1402 XPC TATA,60.0,60.0,0.0,PCR|TBMPCR2Stage2|22#230
PCR,2026-08-11,A,11,false,TBMPCR1Stage2,GT 2267 ROYL HYU,215/60 R17 UX ROYALE HYUNDAI (+9 SKUs),R17,R17,1325221417096HURL0,10,756.0,5,2026-08-11 13:30,2026-08-12 02:57,13.44,true,false,GT  T1457 STAR,28.0,28.0,0.0,PCR|TBMPCR1Stage2|20#162
PCR,2026-08-11,A,11,false,TBMPCR10Stage2,GT 1773 NEO,175/70 R13 ULTIMA NEO,R13,R13,1325217613082TUNE0,1,300.0,2,2026-08-11 13:50,2026-08-11 17:50,4.0,true,false,GT 1513 XPC1 MSIL,22.0,22.0,0.0,PCR|TBMPCR10Stage2|27#28
PCR,2026-08-11,B,11,false,TBMPCR9Stage2,GT 2568 RAN AT,255/65 R18 RANGER AT,R18,R18,1325225518111HRAT0,1,158.0,1,2026-08-11 15:34,2026-08-11 19:02,3.47,true,false,GT 2158 ROYL HYU,22.0,22.0,0.0,PCR|TBMPCR9Stage2|35#890
PCR,2026-08-11,B,11,false,TBMPCR11Stage2,GT2776 RAN AT,235/70 R16 105T RANGER AT,R16,R16,1325223616105TRAT0,1,159.0,1,2026-08-11 15:40,2026-08-11 18:59,3.31,true,true,GT 2076 RAN HT,42.0,42.0,0.0,PCR|TBMPCR11Stage2|24#95
PCR,2026-08-11,B,11,false,TBMPCR10Stage2,GT 1503 NEO MSIL,155/80 R13 ULTIMA NEO MSIL (+6 SKUs),R13,R13,1325215813079TUNE3,7,918.0,6,2026-08-11 18:12,2026-08-12 06:27,12.24,true,false,GT 1773 NEO,22.0,22.0,0.0,PCR|TBMPCR10Stage2|28#29
PCR,2026-08-11,B,11,false,TBMPCR6Stage2,GT 1894 MAX,185/70 R14 TAXIMAX (+6 SKUs),R14,R14,1325218614088TTMX0,7,152.0,1,2026-08-11 18:18,2026-08-11 20:25,2.11,true,false,GT 1634 XPC TATA,22.0,22.0,0.0,PCR|TBMPCR6Stage2|54#591
PCR,2026-08-11,B,11,false,TBMPCR4Stage2,GT 1482 UHL,145/80 R 12 ULTIMA HI LIFE TL (+13 SKUs),R12,R12,1325214812074TUHL0,14,455.0,3,2026-08-11 18:41,2026-08-12 01:30,6.82,true,false,GT 1412 XPC MM,403.9,28.0,0.0,PCR|TBMPCR4Stage2|25#405
PCR,2026-08-11,B,11,false,TBMPCR3Stage2,GT 1765 ROYL,175/65 R15 UX ROYALE (+5 SKUs),R15,R15,1325217515084HURL2,6,474.0,3,2026-08-11 18:45,2026-08-12 02:47,8.03,true,false,GT 1925 XPC1,28.0,28.0,0.0,PCR|TBMPCR3Stage2|36#318
PCR,2026-08-11,B,11,false,TBMPCR11Stage2,GT 2476 SUP MM,245/75 R16 ELANZO SUPRA,"",R16,1325224716111SELS0,1,1225.0,8,2026-08-11 19:21,2026-08-12 20:52,25.52,true,false,GT2776 RAN AT,22.0,22.0,0.0,PCR|TBMPCR11Stage2|25#96
PCR,2026-08-11,B,11,false,TBMPCR8Stage2,GT 1925 XPC1,195 R15 ULTIMA XPC1 AL,R15,R15,1225219Z15008SXC11,1,305.0,2,2026-08-11 20:27,2026-08-12 03:09,6.69,true,false,GT 1995 ROYL KIA,22.0,22.0,0.0,PCR|TBMPCR8Stage2|26#814
PCR,2026-08-11,B,11,false,TBMPCR6Stage2,GT1914 XPC1,195 R14 ULTIMA XPC1,"",(no rim),1D25219Z14008SXC10,1,158.0,1,2026-08-11 21:07,2026-08-12 00:17,3.16,true,true,GT 1894 MAX,42.0,42.0,0.0,PCR|TBMPCR6Stage2|55#592
PCR,2026-08-11,B,11,false,TBMPCR9Stage2,GT 2258 RAN HPE,225/55 R 18 Ranger Hpe (+1 SKUs),R 18,R18,1325222318098HRHE0,2,306.0,2,2026-08-11 22:19,2026-08-12 04:37,6.29,true,false,GT 2568 RAN AT,197.8,22.0,0.0,PCR|TBMPCR9Stage2|36#891
PCR,2026-08-11,C,11,false,TBMPCR6Stage2,GT 1854 XPC TT,185 R 14 Ultima XPC 10 PR TT (+1 SKUs),R14,R14,1D25118014010RXPC0,2,155.0,1,2026-08-12 01:07,2026-08-12 04:13,3.1,true,true,GT1914 XPC1,50.083333333333336,42.0,0.0,PCR|TBMPCR6Stage2|56#593
PCR,2026-08-11,C,11,false,TBMPCR4Stage2,GT 1412 XPC MM,145 R12 ULTIMA XPC (+6 SKUs),"",R12,1D25114012008QXPC0,7,150.0,1,2026-08-12 01:58,2026-08-12 04:13,2.25,true,false,GT 1482 UHL,28.0,28.0,0.0,PCR|TBMPCR4Stage2|26#406
PCR,2026-08-11,C,11,false,TBMPCR7Stage2,GT 1583 NEO TATA,155/80 R13 ULTIMA NEO LRR (+2 SKUs),R13,R13,1325215813079TUNE5,3,308.0,2,2026-08-12 02:26,2026-08-12 06:32,4.11,true,false,GT 1503 NEO MSIL,299.8666666666667,22.0,0.0,PCR|TBMPCR7Stage2|38#734
PCR,2026-08-11,C,11,false,TBMPCR8Stage2,GT 1995 ROYL KIA,195/65R15 UX ROYALE (+10 SKUs),R15,R15,1325219515091HURL2,11,631.0,4,2026-08-12 03:31,2026-08-12 13:51,10.34,true,false,GT 1925 XPC1,22.0,22.0,0.0,PCR|TBMPCR8Stage2|27#815
PCR,2026-08-11,C,11,false,TBMPCR3Stage2,GT1513 NEO,155/65 R 13 ULTIMA NEO,R13,(no rim),1325215513073TUNE0,1,150.0,1,2026-08-12 04:04,2026-08-12 06:12,2.12,true,true,GT 1765 ROYL,76.88333333333333,60.0,0.0,PCR|TBMPCR3Stage2|37#319
PCR,2026-08-11,C,11,false,TBMPCR6Stage2,GT1564 NEO,155/65 R14 ULTIMA NEO,R14,R14,1325215514075TUNE0,1,157.0,1,2026-08-12 04:35,2026-08-12 06:46,2.18,true,false,GT 1854 XPC TT,22.0,22.0,0.0,PCR|TBMPCR6Stage2|57#594
PCR,2026-08-11,C,11,false,TBMPCR9Stage2,GT 2568 HT2,255/65 R 18 Ranger HT2 111 H,R18,R18,1325225518111HRHB0,1,303.0,2,2026-08-12 04:59,2026-08-12 11:38,6.65,true,false,GT 2258 RAN HPE,22.0,22.0,0.0,PCR|TBMPCR9Stage2|37#892
PCR,2026-08-11,C,11,false,TBMPCR2Stage2,GT 2267 ROYL HYU,215/60 R17 UX ROYALE HYUNDAI (+9 SKUs),R17,R17,1325221417096HURL0,10,756.0,5,2026-08-12 06:13,2026-08-12 19:39,13.44,true,true,GT 2476 SUP MM,269.51666666666665,60.0,0.0,PCR|TBMPCR2Stage2|23#231
PCR,2026-08-11,C,11,false,TBMPCR4Stage2,GT 1402 XPC TATA,145 R12 ULTIMA XPC TL TATA (+14 SKUs),R12,R12,1D25214012008QXPCT,15,618.0,4,2026-08-12 06:32,2026-08-12 15:49,9.27,true,false,GT 1412 XPC MM,139.06666666666666,28.0,0.0,PCR|TBMPCR4Stage2|27#407
PCR,2026-08-11,C,11,false,TBMPCR10Stage2,GT 1513 XPC1 MSIL,155 R13 C ULTIMA XPC1 90/89 S TL (MSIL) (+1 SKUs),R13,R13,1D25215013008SXC10,2,624.0,4,2026-08-12 06:49,2026-08-12 15:29,8.67,true,false,GT 1503 NEO MSIL,22.0,22.0,0.0,PCR|TBMPCR10Stage2|29#30
PCR,2026-08-11,C,11,false,TBMPCR7Stage2,GT 1673 NEO,165/70 R13 ULTIMA NEO,R13,R13,1325216613079HUNE0,1,154.0,1,2026-08-12 06:54,2026-08-12 08:57,2.05,true,false,GT 1583 NEO TATA,22.0,22.0,0.0,PCR|TBMPCR7Stage2|39#735
PCR,2026-08-11,C,11,false,TBMPCR1Stage2,GT 2367 RAN XATW,235/65 R17 RANGER X-AT 104T,R17,R17,1325223517104TRXT0,1,155.0,1,2026-08-12 06:57,2026-08-12 10:26,3.49,true,false,GT 2267 ROYL HYU,240.1,28.0,0.0,PCR|TBMPCR1Stage2|21#163
PCR,2026-08-12,A,12,false,TBMPCR6Stage2,GT 1844 XPC TML,185 R14 ULTIMA XPC 10 PR (+1 SKUs),R14,R14,1D25218014010RXPCT,2,301.0,2,2026-08-12 07:08,2026-08-12 13:09,6.02,true,false,GT1564 NEO,22.0,22.0,0.0,PCR|TBMPCR6Stage2|58#595
PCR,2026-08-12,A,12,false,TBMPCR3Stage2,GT 1765 ROYL,175/65 R15 UX ROYALE (+5 SKUs),R15,R15,1325217515084HURL2,6,479.0,3,2026-08-12 07:12,2026-08-12 15:19,8.12,true,true,GT1513 NEO,60.0,60.0,0.0,PCR|TBMPCR3Stage2|38#320
PCR,2026-08-12,A,12,false,TBMPCR5Stage2,GT1513 NEO,155/65 R 13 ULTIMA NEO,R13,(no rim),1325215513073TUNE0,1,150.0,1,2026-08-12 10:02,2026-08-12 12:10,2.12,true,true,GT 1513 XPC1 MSIL,60.0,60.0,0.0,PCR|TBMPCR5Stage2|34#491
PCR,2026-08-12,A,12,false,TBMPCR7Stage2,GT 1673 NEO,165/70 R13 ULTIMA NEO,R13,R13,1325216613079HUNE0,1,154.0,1,2026-08-12 10:53,2026-08-12 12:56,2.05,false,false,GT 1673 NEO,115.28333333333333,0.0,0.0,PCR|TBMPCR7Stage2|39#736
PCR,2026-08-12,A,12,false,TBMPCR1Stage2,GT  T1457 STAR,T145/70 R17 STAR XT (+2 SKUs),R17,R17,1325214617107MSXT0,3,311.0,2,2026-08-12 10:54,2026-08-12 16:20,5.44,true,false,GT 2367 RAN XATW,28.0,28.0,0.0,PCR|TBMPCR1Stage2|22#164
PCR,2026-08-12,A,12,false,TBMPCR9Stage2,GT 2158 ROYL HYU,215/55R18 UX ROYALE (+1 SKUs),R18,R18,1325221318095HURL0,2,465.0,3,2026-08-12 12:00,2026-08-12 20:31,8.52,true,false,GT 2568 HT2,22.0,22.0,0.0,PCR|TBMPCR9Stage2|38#893
PCR,2026-08-12,A,12,false,TBMPCR7Stage2,GT 1773 NEO,175/70 R13 ULTIMA NEO,R13,R13,1325217613082TUNE0,1,300.0,2,2026-08-12 13:18,2026-08-12 17:18,4.0,true,false,GT 1673 NEO,22.0,22.0,0.0,PCR|TBMPCR7Stage2|40#737
PCR,2026-08-12,A,12,false,TBMPCR8Stage2,GT 2455 RAN A/T,215/75 R15 RANGER AT,R15,R15,1325221715100SRAT0,1,313.0,2,2026-08-12 14:13,2026-08-12 20:24,6.17,true,false,GT 1995 ROYL KIA,22.0,22.0,0.0,PCR|TBMPCR8Stage2|28#816
PCR,2026-08-12,B,12,false,TBMPCR5Stage2,GT 1513 XPC1 MSIL,155 R13 C ULTIMA XPC1 90/89 S TL (MSIL) (+1 SKUs),R13,R13,1D25215013008SXC10,2,775.0,5,2026-08-12 15:05,2026-08-13 02:42,11.62,true,true,GT1513 NEO,175.03333333333333,60.0,0.0,PCR|TBMPCR5Stage2|35#492
PCR,2026-08-12,B,12,false,TBMPCR3Stage2,GT1915 LT XPC1,195 R15 ULTIMA XPC1,"",R15,1225219Z15008SXC10,1,161.0,1,2026-08-12 15:47,2026-08-12 19:24,3.62,true,false,GT 1765 ROYL,28.0,28.0,0.0,PCR|TBMPCR3Stage2|39#321
PCR,2026-08-12,B,12,false,TBMPCR10Stage2,GT 1503 NEO MSIL,155/80 R13 ULTIMA NEO MSIL (+6 SKUs),R13,R13,1325215813079TUNE3,7,920.0,6,2026-08-12 15:51,2026-08-13 04:07,12.27,true,false,GT 1513 XPC1 MSIL,22.0,22.0,0.0,PCR|TBMPCR10Stage2|30#31
PCR,2026-08-12,B,12,false,TBMPCR6Stage2,GT 1894 MAX,185/70 R14 TAXIMAX (+6 SKUs),R14,R14,1325218614088TTMX0,7,152.0,1,2026-08-12 16:03,2026-08-12 18:10,2.11,true,false,GT 1844 XPC TML,174.45,22.0,0.0,PCR|TBMPCR6Stage2|59#596
PCR,2026-08-12,B,12,false,TBMPCR4Stage2,GT 1482 UHL,145/80 R 12 ULTIMA HI LIFE TL (+13 SKUs),R12,R12,1325214812074TUHL0,14,455.0,3,2026-08-12 16:17,2026-08-12 23:06,6.82,true,false,GT 1402 XPC TATA,28.0,28.0,0.0,PCR|TBMPCR4Stage2|28#408
PCR,2026-08-12,B,12,false,TBMPCR1Stage2,GT 2367 RAN XATW,235/65 R17 RANGER X-AT 104T,R17,R17,1325223517104TRXT0,1,155.0,1,2026-08-12 16:48,2026-08-12 20:18,3.49,true,false,GT  T1457 STAR,28.0,28.0,0.0,PCR|TBMPCR1Stage2|23#165
PCR,2026-08-12,B,12,false,TBMPCR7Stage2,GT 1583 NEO TATA,155/80 R13 ULTIMA NEO LRR (+2 SKUs),R13,R13,1325215813079TUNE5,3,612.0,4,2026-08-12 17:40,2026-08-13 01:49,8.16,true,false,GT 1773 NEO,22.0,22.0,0.0,PCR|TBMPCR7Stage2|41#738
PCR,2026-08-12,B,12,false,TBMPCR6Stage2,GT 1844 XPC TML,185 R14 ULTIMA XPC 10 PR (+1 SKUs),R14,R14,1D25218014010RXPCT,2,301.0,2,2026-08-12 18:32,2026-08-13 00:33,6.02,true,false,GT 1894 MAX,22.0,22.0,0.0,PCR|TBMPCR6Stage2|60#597
PCR,2026-08-12,B,12,false,TBMPCR3Stage2,GT 1765 ROYL,175/65 R15 UX ROYALE (+5 SKUs),R15,R15,1325217515084HURL2,6,471.0,3,2026-08-12 19:52,2026-08-13 03:51,7.98,true,false,GT1915 LT XPC1,28.0,28.0,0.0,PCR|TBMPCR3Stage2|40#322
PCR,2026-08-12,B,12,false,TBMPCR2Stage2,GT 1402 XPC TATA,145 R12 ULTIMA XPC TL TATA (+14 SKUs),R12,R12,1D25214012008QXPCT,15,625.0,4,2026-08-12 20:39,2026-08-13 06:02,9.38,true,true,GT 2267 ROYL HYU,60.0,60.0,0.0,PCR|TBMPCR2Stage2|24#232
PCR,2026-08-12,B,12,false,TBMPCR9Stage2,GT 2258 RAN HPE,225/55 R 18 Ranger Hpe (+1 SKUs),R 18,R18,1325222318098HRHE0,2,306.0,2,2026-08-12 20:53,2026-08-13 03:11,6.29,true,false,GT 2158 ROYL HYU,22.0,22.0,0.0,PCR|TBMPCR9Stage2|39#894
PCR,2026-08-12,B,12,false,TBMPCR11Stage2,GT2776 RAN AT,235/70 R16 105T RANGER AT,R16,R16,1325223616105TRAT0,1,159.0,1,2026-08-12 21:14,2026-08-13 00:33,3.31,true,false,GT 2476 SUP MM,22.0,22.0,0.0,PCR|TBMPCR11Stage2|26#97
PCR,2026-08-12,B,12,false,TBMPCR1Stage2,GT 2267 ROYL HYU,215/60 R17 UX ROYALE HYUNDAI (+9 SKUs),R17,R17,1325221417096HURL0,10,750.0,5,2026-08-12 21:36,2026-08-13 10:56,13.33,true,false,GT 2367 RAN XATW,78.26666666666667,28.0,0.0,PCR|TBMPCR1Stage2|24#166
PCR,2026-08-12,B,12,false,TBMPCR8Stage2,GT 1995 ROYL KIA,195/65R15 UX ROYALE (+10 SKUs),R15,R15,1325219515091HURL2,11,1267.0,8,2026-08-12 22:28,2026-08-13 19:14,20.76,true,false,GT 2455 RAN A/T,124.58333333333333,22.0,0.0,PCR|TBMPCR8Stage2|29#817
PCR,2026-08-12,C,12,false,TBMPCR4Stage2,GT 1402 XPC TATA,145 R12 ULTIMA XPC TL TATA (+14 SKUs),R12,R12,1D25214012008QXPCT,15,625.0,4,2026-08-12 23:34,2026-08-13 08:57,9.38,true,false,GT 1482 UHL,28.0,28.0,0.0,PCR|TBMPCR4Stage2|29#409
PCR,2026-08-12,C,12,false,TBMPCR11Stage2,GT 2476 SUP MM,245/75 R16 ELANZO SUPRA,"",R16,1325224716111SELS0,1,302.0,2,2026-08-13 00:55,2026-08-13 07:13,6.29,true,false,GT2776 RAN AT,22.0,22.0,0.0,PCR|TBMPCR11Stage2|27#98
PCR,2026-08-12,C,12,false,TBMPCR6Stage2,GT1564 NEO,155/65 R14 ULTIMA NEO,R14,R14,1325215514075TUNE0,1,157.0,1,2026-08-13 01:36,2026-08-13 03:46,2.18,true,false,GT 1844 XPC TML,62.516666666666666,22.0,0.0,PCR|TBMPCR6Stage2|61#598
PCR,2026-08-12,C,12,false,TBMPCR7Stage2,GT 1513 XPC1 MSIL,155 R13 C ULTIMA XPC1 90/89 S TL (MSIL) (+1 SKUs),R13,R13,1D25215013008SXC10,2,624.0,4,2026-08-13 02:11,2026-08-13 10:51,8.67,true,false,GT 1583 NEO TATA,22.0,22.0,0.0,PCR|TBMPCR7Stage2|42#739
PCR,2026-08-12,C,12,false,TBMPCR3Stage2,GT 1925 XPC1,195 R15 ULTIMA XPC1 AL,R15,R15,1225219Z15008SXC11,1,306.0,2,2026-08-13 04:19,2026-08-13 11:12,6.88,true,false,GT 1765 ROYL,28.0,28.0,0.0,PCR|TBMPCR3Stage2|41#323
PCR,2026-08-12,C,12,false,TBMPCR9Stage2,GT 2568 HT2,255/65 R 18 Ranger HT2 111 H,R18,R18,1325225518111HRHB0,1,303.0,2,2026-08-13 05:07,2026-08-13 11:46,6.65,true,false,GT 2258 RAN HPE,116.81666666666666,22.0,0.0,PCR|TBMPCR9Stage2|40#895
PCR,2026-08-12,C,12,false,TBMPCR10Stage2,GT 1503 NEO MSIL,155/80 R13 ULTIMA NEO MSIL (+6 SKUs),R13,R13,1325215813079TUNE3,7,912.0,6,2026-08-13 06:50,2026-08-13 18:59,12.16,false,false,GT 1503 NEO MSIL,162.88333333333333,0.0,0.0,PCR|TBMPCR10Stage2|30#32
PCR,2026-08-13,A,13,false,TBMPCR5Stage2,GT 1513 XPC1 MSIL,155 R13 C ULTIMA XPC1 90/89 S TL (MSIL) (+1 SKUs),R13,R13,1D25215013008SXC10,2,780.0,5,2026-08-13 08:00,2026-08-13 19:42,11.7,false,false,GT 1513 XPC1 MSIL,317.9166666666667,0.0,0.0,PCR|TBMPCR5Stage2|35#493
PCR,2026-08-13,A,13,false,TBMPCR6Stage2,GT1914 XPC1,195 R14 ULTIMA XPC1,"",(no rim),1D25219Z14008SXC10,1,158.0,1,2026-08-13 08:28,2026-08-13 11:38,3.16,true,true,GT1564 NEO,281.7,42.0,0.0,PCR|TBMPCR6Stage2|62#599
PCR,2026-08-13,A,13,false,TBMPCR11Stage2,GT 2476 SUP MM,245/75 R16 ELANZO SUPRA,"",R16,1325224716111SELS0,1,611.0,4,2026-08-13 08:34,2026-08-13 21:17,12.73,false,false,GT 2476 SUP MM,81.21666666666667,0.0,0.0,PCR|TBMPCR11Stage2|27#99
PCR,2026-08-13,A,13,false,TBMPCR4Stage2,GT 1412 XPC MM,145 R12 ULTIMA XPC (+6 SKUs),"",R12,1D25114012008QXPC0,7,150.0,1,2026-08-13 10:45,2026-08-13 13:00,2.25,true,false,GT 1402 XPC TATA,108.03333333333333,28.0,0.0,PCR|TBMPCR4Stage2|30#410
PCR,2026-08-13,A,13,false,TBMPCR7Stage2,GT 1673 NEO,165/70 R13 ULTIMA NEO,R13,R13,1325216613079HUNE0,1,154.0,1,2026-08-13 11:13,2026-08-13 13:17,2.05,true,false,GT 1513 XPC1 MSIL,22.0,22.0,0.0,PCR|TBMPCR7Stage2|43#740
PCR,2026-08-13,A,13,false,TBMPCR1Stage2,GT  T1457 STAR,T145/70 R17 STAR XT (+2 SKUs),R17,R17,1325214617107MSXT0,3,311.0,2,2026-08-13 11:24,2026-08-13 16:51,5.44,true,false,GT 2267 ROYL HYU,28.0,28.0,0.0,PCR|TBMPCR1Stage2|25#167
PCR,2026-08-13,A,13,false,TBMPCR3Stage2,GT 1765 ROYL,175/65 R15 UX ROYALE (+5 SKUs),R15,R15,1325217515084HURL2,6,481.0,3,2026-08-13 11:40,2026-08-13 19:49,8.15,true,false,GT 1925 XPC1,28.0,28.0,0.0,PCR|TBMPCR3Stage2|42#324
PCR,2026-08-13,A,13,false,TBMPCR9Stage2,GT 2258 RAN HPE,225/55 R 18 Ranger Hpe (+1 SKUs),R 18,R18,1325222318098HRHE0,2,305.0,2,2026-08-13 12:08,2026-08-13 18:25,6.27,true,false,GT 2568 HT2,22.0,22.0,0.0,PCR|TBMPCR9Stage2|41#896
PCR,2026-08-13,A,13,false,TBMPCR6Stage2,GT 1894 MAX,185/70 R14 TAXIMAX (+6 SKUs),R14,R14,1325218614088TTMX0,7,152.0,1,2026-08-13 12:20,2026-08-13 14:26,2.11,true,true,GT1914 XPC1,42.0,42.0,0.0,PCR|TBMPCR6Stage2|63#600
PCR,2026-08-13,A,13,false,TBMPCR2Stage2,GT 2267 ROYL HYU,215/60 R17 UX ROYALE HYUNDAI (+9 SKUs),R17,R17,1325221417096HURL0,10,756.0,5,2026-08-13 12:21,2026-08-14 01:48,13.44,true,true,GT 1402 XPC TATA,379.4,60.0,0.0,PCR|TBMPCR2Stage2|25#233
PCR,2026-08-13,A,13,false,TBMPCR6Stage2,GT 1854 XPC TT,185 R 14 Ultima XPC 10 PR TT (+1 SKUs),R14,R14,1D25118014010RXPC0,2,155.0,1,2026-08-13 14:48,2026-08-13 17:54,3.1,true,false,GT 1894 MAX,22.0,22.0,0.0,PCR|TBMPCR6Stage2|64#601
PCR,2026-08-13,B,13,false,TBMPCR7Stage2,GT 1773 NEO,175/70 R13 ULTIMA NEO,R13,R13,1325217613082TUNE0,1,300.0,2,2026-08-13 15:00,2026-08-13 19:00,4.0,true,false,GT 1673 NEO,103.51666666666667,22.0,0.0,PCR|TBMPCR7Stage2|44#741
PCR,2026-08-13,B,13,false,TBMPCR4Stage2,GT 1482 UHL,145/80 R 12 ULTIMA HI LIFE TL (+13 SKUs),R12,R12,1325214812074TUHL0,14,455.0,3,2026-08-13 16:55,2026-08-13 23:44,6.82,true,false,GT 1412 XPC MM,235.16666666666666,28.0,0.0,PCR|TBMPCR4Stage2|31#411
PCR,2026-08-13,B,13,false,TBMPCR6Stage2,GT1564 NEO,155/65 R14 ULTIMA NEO,R14,R14,1325215514075TUNE0,1,157.0,1,2026-08-13 18:16,2026-08-13 20:27,2.18,true,false,GT 1854 XPC TT,22.0,22.0,0.0,PCR|TBMPCR6Stage2|65#602
PCR,2026-08-13,B,13,false,TBMPCR9Stage2,GT 2568 RAN AT,255/65 R18 RANGER AT,R18,R18,1325225518111HRAT0,1,158.0,1,2026-08-13 19:19,2026-08-13 22:47,3.47,true,false,GT 2258 RAN HPE,54.43333333333333,22.0,0.0,PCR|TBMPCR9Stage2|42#897
PCR,2026-08-13,B,13,false,TBMPCR10Stage2,GT 1513 XPC1 MSIL,155 R13 C ULTIMA XPC1 90/89 S TL (MSIL) (+1 SKUs),R13,R13,1D25215013008SXC10,2,1398.0,9,2026-08-13 19:21,2026-08-14 14:46,19.42,true,false,GT 1503 NEO MSIL,22.0,22.0,0.0,PCR|TBMPCR10Stage2|31#33
PCR,2026-08-13,B,13,false,TBMPCR7Stage2,GT 1503 NEO MSIL,155/80 R13 ULTIMA NEO MSIL (+6 SKUs),R13,R13,1325215813079TUNE3,7,916.0,6,2026-08-13 19:22,2026-08-14 07:35,12.21,true,false,GT 1773 NEO,22.0,22.0,0.0,PCR|TBMPCR7Stage2|45#742
PCR,2026-08-13,B,13,false,TBMPCR8Stage2,GT 1925 XPC1,195 R15 ULTIMA XPC1 AL,R15,R15,1225219Z15008SXC11,1,304.0,2,2026-08-13 19:36,2026-08-14 02:16,6.67,true,false,GT 1995 ROYL KIA,22.0,22.0,0.0,PCR|TBMPCR8Stage2|30#818
PCR,2026-08-13,B,13,false,TBMPCR3Stage2,GT 2455 RAN A/T,215/75 R15 RANGER AT,R15,R15,1325221715100SRAT0,1,156.0,1,2026-08-13 20:17,2026-08-13 23:27,3.16,true,false,GT 1765 ROYL,28.0,28.0,0.0,PCR|TBMPCR3Stage2|43#325
PCR,2026-08-13,B,13,false,TBMPCR5Stage2,GT1513 NEO,155/65 R 13 ULTIMA NEO,R13,(no rim),1325215513073TUNE0,1,150.0,1,2026-08-13 20:42,2026-08-13 22:50,2.12,true,true,GT 1513 XPC1 MSIL,60.0,60.0,0.0,PCR|TBMPCR5Stage2|36#494
PCR,2026-08-13,B,13,false,TBMPCR6Stage2,GT 1634 XPC TATA,165 R14 ULTIMA XPC TATA TL (+5 SKUs),R14,R14,1D25216814008QXPC0,6,309.0,2,2026-08-13 20:59,2026-08-14 01:17,4.29,true,false,GT1564 NEO,31.816666666666666,22.0,0.0,PCR|TBMPCR6Stage2|66#603
PCR,2026-08-13,B,13,false,TBMPCR11Stage2,GT2776 RAN AT,235/70 R16 105T RANGER AT,R16,R16,1325223616105TRAT0,1,159.0,1,2026-08-13 21:39,2026-08-14 00:58,3.31,true,false,GT 2476 SUP MM,22.0,22.0,0.0,PCR|TBMPCR11Stage2|28#100
PCR,2026-08-13,B,13,false,TBMPCR1Stage2,GT  T1457 STAR,T145/70 R17 STAR XT (+2 SKUs),R17,R17,1325214617107MSXT0,3,311.0,2,2026-08-13 22:15,2026-08-14 03:41,5.44,false,false,GT  T1457 STAR,324.31666666666666,0.0,0.0,PCR|TBMPCR1Stage2|25#168
PCR,2026-08-13,C,13,false,TBMPCR5Stage2,GT 1583 NEO TATA,155/80 R13 ULTIMA NEO LRR (+2 SKUs),R13,R13,1325215813079TUNE5,3,306.0,2,2026-08-13 23:50,2026-08-14 04:10,4.34,true,true,GT1513 NEO,60.0,60.0,0.0,PCR|TBMPCR5Stage2|37#495
PCR,2026-08-13,C,13,false,TBMPCR4Stage2,GT 1402 XPC TATA,145 R12 ULTIMA XPC TL TATA (+14 SKUs),R12,R12,1D25214012008QXPCT,15,618.0,4,2026-08-14 00:12,2026-08-14 09:29,9.27,true,false,GT 1482 UHL,28.0,28.0,0.0,PCR|TBMPCR4Stage2|32#412
PCR,2026-08-13,C,13,false,TBMPCR3Stage2,GT1915 LT XPC1,195 R15 ULTIMA XPC1,"",R15,1225219Z15008SXC10,1,161.0,1,2026-08-14 00:37,2026-08-14 04:14,3.62,true,false,GT 2455 RAN A/T,70.25,28.0,0.0,PCR|TBMPCR3Stage2|44#326
PCR,2026-08-13,C,13,false,TBMPCR11Stage2,GT 2476 SUP MM,245/75 R16 ELANZO SUPRA,"",R16,1325224716111SELS0,1,311.0,2,2026-08-14 01:20,2026-08-14 07:49,6.48,true,false,GT2776 RAN AT,22.0,22.0,0.0,PCR|TBMPCR11Stage2|29#101
PCR,2026-08-13,C,13,false,TBMPCR6Stage2,GT 1844 XPC TML,185 R14 ULTIMA XPC 10 PR (+1 SKUs),R14,R14,1D25218014010RXPCT,2,301.0,2,2026-08-14 01:39,2026-08-14 07:40,6.02,true,false,GT 1634 XPC TATA,22.0,22.0,0.0,PCR|TBMPCR6Stage2|67#604
PCR,2026-08-13,C,13,false,TBMPCR8Stage2,GT 1765 ROYL,175/65 R15 UX ROYALE (+5 SKUs),R15,R15,1325217515084HURL2,6,471.0,3,2026-08-14 02:52,2026-08-14 10:35,7.72,true,false,GT 1925 XPC1,35.766666666666666,22.0,0.0,PCR|TBMPCR8Stage2|31#819
PCR,2026-08-13,C,13,false,TBMPCR1Stage2,GT 2267 ROYL HYU,215/60 R17 UX ROYALE HYUNDAI (+9 SKUs),R17,R17,1325221417096HURL0,10,756.0,5,2026-08-14 04:09,2026-08-14 17:36,13.44,true,false,GT  T1457 STAR,28.0,28.0,0.0,PCR|TBMPCR1Stage2|26#169
PCR,2026-08-13,C,13,false,TBMPCR3Stage2,GT 1995 ROYL KIA,195/65R15 UX ROYALE (+10 SKUs),R15,R15,1325219515091HURL2,11,634.0,4,2026-08-14 04:42,2026-08-14 15:27,10.74,true,false,GT1915 LT XPC1,28.0,28.0,0.0,PCR|TBMPCR3Stage2|45#327
PCR,2026-08-13,C,13,false,TBMPCR9Stage2,GT 2568 HT2,255/65 R 18 Ranger HT2 111 H,R18,R18,1325225518111HRHB0,1,303.0,2,2026-08-14 05:16,2026-08-14 11:55,6.65,true,false,GT 2568 RAN AT,389.0833333333333,22.0,0.0,PCR|TBMPCR9Stage2|43#898
PCR,2026-08-14,A,14,false,TBMPCR5Stage2,GT 1513 XPC1 MSIL,155 R13 C ULTIMA XPC1 90/89 S TL (MSIL) (+1 SKUs),R13,R13,1D25215013008SXC10,2,624.0,4,2026-08-14 07:05,2026-08-14 16:27,9.36,true,false,GT 1583 NEO TATA,175.4,28.0,0.0,PCR|TBMPCR5Stage2|38#496
PCR,2026-08-14,A,14,false,TBMPCR2Stage2,GT 2158 ROYL HYU,215/55R18 UX ROYALE (+1 SKUs),R18,R18,1325221318095HURL0,2,462.0,3,2026-08-14 07:48,2026-08-14 16:32,8.73,true,true,GT 2267 ROYL HYU,360.26666666666665,60.0,0.0,PCR|TBMPCR2Stage2|26#234
PCR,2026-08-14,A,14,false,TBMPCR6Stage2,GT 1894 MAX,185/70 R14 TAXIMAX (+6 SKUs),R14,R14,1325218614088TTMX0,7,152.0,1,2026-08-14 08:36,2026-08-14 10:43,2.11,true,false,GT 1844 XPC TML,56.5,22.0,0.0,PCR|TBMPCR6Stage2|68#605
PCR,2026-08-14,A,14,false,TBMPCR7Stage2,GT 1503 NEO MSIL,155/80 R13 ULTIMA NEO MSIL (+6 SKUs),R13,R13,1325215813079TUNE3,7,918.0,6,2026-08-14 08:38,2026-08-14 20:53,12.24,false,false,GT 1503 NEO MSIL,63.3,0.0,0.0,PCR|TBMPCR7Stage2|45#743
PCR,2026-08-14,A,14,false,TBMPCR8Stage2,GT 1925 XPC1,195 R15 ULTIMA XPC1 AL,R15,R15,1225219Z15008SXC11,1,309.0,2,2026-08-14 10:57,2026-08-14 17:44,6.78,true,false,GT 1765 ROYL,22.0,22.0,0.0,PCR|TBMPCR8Stage2|32#820
PCR,2026-08-14,A,14,false,TBMPCR6Stage2,GT 1854 XPC TT,185 R 14 Ultima XPC 10 PR TT (+1 SKUs),R14,R14,1D25118014010RXPC0,2,155.0,1,2026-08-14 11:05,2026-08-14 14:11,3.1,true,false,GT 1894 MAX,22.0,22.0,0.0,PCR|TBMPCR6Stage2|69#606
PCR,2026-08-14,A,14,false,TBMPCR4Stage2,GT 1412 XPC MM,145 R12 ULTIMA XPC (+6 SKUs),"",R12,1D25114012008QXPC0,7,150.0,1,2026-08-14 11:16,2026-08-14 13:31,2.25,true,false,GT 1402 XPC TATA,107.46666666666667,28.0,0.0,PCR|TBMPCR4Stage2|33#413
PCR,2026-08-14,A,14,false,TBMPCR9Stage2,GT 2258 RAN HPE,225/55 R 18 Ranger Hpe (+1 SKUs),R 18,R18,1325222318098HRHE0,2,309.0,2,2026-08-14 12:17,2026-08-14 18:38,6.35,true,false,GT 2568 HT2,22.0,22.0,0.0,PCR|TBMPCR9Stage2|44#899
PCR,2026-08-14,A,14,false,TBMPCR4Stage2,GT 1482 UHL,145/80 R 12 ULTIMA HI LIFE TL (+13 SKUs),R12,R12,1325214812074TUHL0,14,910.0,6,2026-08-14 13:59,2026-08-15 03:38,13.65,true,false,GT 1412 XPC MM,28.0,28.0,0.0,PCR|TBMPCR4Stage2|34#414
PCR,2026-08-14,B,14,false,TBMPCR11Stage2,GT 2476 SUP MM,245/75 R16 ELANZO SUPRA,"",R16,1325224716111SELS0,1,612.0,4,2026-08-14 15:07,2026-08-15 03:52,12.75,false,false,GT 2476 SUP MM,438.09999999999997,0.0,0.0,PCR|TBMPCR11Stage2|29#102
PCR,2026-08-14,B,14,false,TBMPCR10Stage2,GT 1773 NEO,175/70 R13 ULTIMA NEO,R13,R13,1325217613082TUNE0,1,300.0,2,2026-08-14 15:08,2026-08-14 19:08,4.0,true,false,GT 1513 XPC1 MSIL,22.0,22.0,0.0,PCR|TBMPCR10Stage2|32#34
PCR,2026-08-14,B,14,false,TBMPCR6Stage2,GT1914 XPC1,195 R14 ULTIMA XPC1,"",(no rim),1D25219Z14008SXC10,1,158.0,1,2026-08-14 15:46,2026-08-14 18:55,3.16,true,true,GT 1854 XPC TT,94.81666666666666,42.0,0.0,PCR|TBMPCR6Stage2|70#607
PCR,2026-08-14,B,14,false,TBMPCR3Stage2,GT 1765 ROYL,175/65 R15 UX ROYALE (+5 SKUs),R15,R15,1325217515084HURL2,6,958.0,6,2026-08-14 15:55,2026-08-15 08:09,16.23,true,false,GT 1995 ROYL KIA,28.0,28.0,0.0,PCR|TBMPCR3Stage2|46#328
PCR,2026-08-14,B,14,false,TBMPCR5Stage2,GT1513 NEO,155/65 R 13 ULTIMA NEO,R13,(no rim),1325215513073TUNE0,1,150.0,1,2026-08-14 17:27,2026-08-14 19:34,2.12,true,true,GT 1513 XPC1 MSIL,60.0,60.0,0.0,PCR|TBMPCR5Stage2|39#497
PCR,2026-08-14,B,14,false,TBMPCR2Stage2,GT 2476 SUP MM,245/75 R16 ELANZO SUPRA,"",R16,1325224716111SELS0,1,617.0,4,2026-08-14 17:32,2026-08-15 06:33,13.03,true,true,GT 2158 ROYL HYU,60.0,60.0,0.0,PCR|TBMPCR2Stage2|27#235
PCR,2026-08-14,B,14,false,TBMPCR10Stage2,GT 1513 XPC1 MSIL,155 R13 C ULTIMA XPC1 90/89 S TL (MSIL) (+1 SKUs),R13,R13,1D25215013008SXC10,2,774.0,5,2026-08-14 19:30,2026-08-15 06:15,10.75,true,false,GT 1773 NEO,22.0,22.0,0.0,PCR|TBMPCR10Stage2|33#35
PCR,2026-08-14,B,14,false,TBMPCR6Stage2,GT1564 NEO,155/65 R14 ULTIMA NEO,R14,R14,1325215514075TUNE0,1,157.0,1,2026-08-14 19:37,2026-08-14 21:48,2.18,true,true,GT1914 XPC1,42.0,42.0,0.0,PCR|TBMPCR6Stage2|71#608
PCR,2026-08-14,B,14,false,TBMPCR1Stage2,GT 2267 ROYL HYU,215/60 R17 UX ROYALE HYUNDAI (+9 SKUs),R17,R17,1325221417096HURL0,10,2318.0,15,2026-08-14 20:28,2026-08-16 13:40,41.21,false,false,GT 2267 ROYL HYU,171.76666666666665,0.0,0.0,PCR|TBMPCR1Stage2|26#170
PCR,2026-08-14,B,14,false,TBMPCR5Stage2,GT 1583 NEO TATA,155/80 R13 ULTIMA NEO LRR (+2 SKUs),R13,R13,1325215813079TUNE5,3,306.0,2,2026-08-14 20:34,2026-08-15 00:55,4.34,true,true,GT1513 NEO,60.0,60.0,0.0,PCR|TBMPCR5Stage2|40#498
PCR,2026-08-14,B,14,false,TBMPCR7Stage2,GT 1583 NEO TATA,155/80 R13 ULTIMA NEO LRR (+2 SKUs),R13,R13,1325215813079TUNE5,3,305.0,2,2026-08-14 21:15,2026-08-15 01:19,4.07,true,false,GT 1503 NEO MSIL,22.0,22.0,0.0,PCR|TBMPCR7Stage2|46#744
PCR,2026-08-14,B,14,false,TBMPCR9Stage2,GT 2568 RAN AT,255/65 R18 RANGER AT,R18,R18,1325225518111HRAT0,1,158.0,1,2026-08-14 21:53,2026-08-15 01:21,3.47,true,false,GT 2258 RAN HPE,194.65,22.0,0.0,PCR|TBMPCR9Stage2|45#900
PCR,2026-08-14,B,14,false,TBMPCR8Stage2,GT 1995 ROYL KIA,195/65R15 UX ROYALE (+10 SKUs),R15,R15,1325219515091HURL2,11,634.0,4,2026-08-14 22:06,2026-08-15 08:29,10.39,true,false,GT 1925 XPC1,261.43333333333334,22.0,0.0,PCR|TBMPCR8Stage2|33#821
PCR,2026-08-14,B,14,false,TBMPCR6Stage2,GT 1894 MAX,185/70 R14 TAXIMAX (+6 SKUs),R14,R14,1325218614088TTMX0,7,152.0,1,2026-08-14 22:10,2026-08-15 00:17,2.11,true,false,GT1564 NEO,22.0,22.0,0.0,PCR|TBMPCR6Stage2|72#609
PCR,2026-08-14,C,14,false,TBMPCR6Stage2,GT 1634 XPC TATA,165 R14 ULTIMA XPC TATA TL (+5 SKUs),R14,R14,1D25216814008QXPC0,6,310.0,2,2026-08-15 00:40,2026-08-15 04:58,4.31,true,false,GT 1894 MAX,22.7,22.0,0.0,PCR|TBMPCR6Stage2|73#610
PCR,2026-08-14,C,14,false,TBMPCR5Stage2,GT 1503 NEO MSIL,155/80 R13 ULTIMA NEO MSIL (+6 SKUs),R13,R13,1325215813079TUNE3,7,920.0,6,2026-08-15 01:23,2026-08-15 14:25,13.03,true,false,GT 1583 NEO TATA,28.0,28.0,0.0,PCR|TBMPCR5Stage2|41#499
PCR,2026-08-14,C,14,false,TBMPCR7Stage2,GT 1673 NEO,165/70 R13 ULTIMA NEO,R13,R13,1325216613079HUNE0,1,154.0,1,2026-08-15 01:41,2026-08-15 03:44,2.05,true,false,GT 1583 NEO TATA,22.0,22.0,0.0,PCR|TBMPCR7Stage2|47#745
PCR,2026-08-14,C,14,false,TBMPCR7Stage2,GT 1513 XPC1 MSIL,155 R13 C ULTIMA XPC1 90/89 S TL (MSIL) (+1 SKUs),R13,R13,1D25215013008SXC10,2,1396.0,9,2026-08-15 04:06,2026-08-15 23:29,19.39,true,false,GT 1673 NEO,22.0,22.0,0.0,PCR|TBMPCR7Stage2|48#746
PCR,2026-08-14,C,14,false,TBMPCR11Stage2,GT2776 RAN AT,235/70 R16 105T RANGER AT,R16,R16,1325223616105TRAT0,1,159.0,1,2026-08-15 04:14,2026-08-15 07:33,3.31,true,false,GT 2476 SUP MM,22.0,22.0,0.0,PCR|TBMPCR11Stage2|30#103
PCR,2026-08-14,C,14,false,TBMPCR4Stage2,GT 1412 XPC MM,145 R12 ULTIMA XPC (+6 SKUs),"",R12,1D25114012008QXPC0,7,150.0,1,2026-08-15 04:40,2026-08-15 06:55,2.25,true,false,GT 1482 UHL,61.416666666666664,28.0,0.0,PCR|TBMPCR4Stage2|35#415
PCR,2026-08-14,C,14,false,TBMPCR9Stage2,GT 2568 HT2,255/65 R 18 Ranger HT2 111 H,R18,R18,1325225518111HRHB0,1,303.0,2,2026-08-15 05:25,2026-08-15 12:04,6.65,true,false,GT 2568 RAN AT,243.93333333333334,22.0,0.0,PCR|TBMPCR9Stage2|46#901
PCR,2026-08-14,C,14,false,TBMPCR6Stage2,GT 1844 UXT,185/65 R14 UX TOURING (+1 SKUs),R14,(no rim),1325218514086HUTR0,2,155.0,1,2026-08-15 05:40,2026-08-15 07:49,2.15,true,true,GT 1634 XPC TATA,42.0,42.0,0.0,PCR|TBMPCR6Stage2|74#611
PCR,2026-08-15,A,15,false,TBMPCR4Stage2,GT 1402 XPC TATA,145 R12 ULTIMA XPC TL TATA (+14 SKUs),R12,R12,1D25214012008QXPCT,15,626.0,4,2026-08-15 07:23,2026-08-15 16:46,9.39,true,false,GT 1412 XPC MM,28.0,28.0,0.0,PCR|TBMPCR4Stage2|36#416
PCR,2026-08-15,A,15,false,TBMPCR2Stage2,GT  T1457 STAR,T145/70 R17 STAR XT (+2 SKUs),R17,R17,1325214617107MSXT0,3,311.0,2,2026-08-15 07:33,2026-08-15 13:15,5.7,true,true,GT 2476 SUP MM,60.0,60.0,0.0,PCR|TBMPCR2Stage2|28#236
PCR,2026-08-15,A,15,false,TBMPCR3Stage2,GT1915 LT XPC1,195 R15 ULTIMA XPC1,"",R15,1225219Z15008SXC10,1,161.0,1,2026-08-15 08:37,2026-08-15 12:14,3.62,true,false,GT 1765 ROYL,28.0,28.0,0.0,PCR|TBMPCR3Stage2|47#329
PCR,2026-08-15,A,15,false,TBMPCR6Stage2,GT 1844 XPC TML,185 R14 ULTIMA XPC 10 PR (+1 SKUs),R14,R14,1D25218014010RXPCT,2,302.0,2,2026-08-15 10:14,2026-08-15 16:16,6.04,true,true,GT 1844 UXT,144.76666666666665,42.0,0.0,PCR|TBMPCR6Stage2|75#612
PCR,2026-08-15,A,15,false,TBMPCR9Stage2,GT 2568 RAN AT,255/65 R18 RANGER AT,R18,R18,1325225518111HRAT0,1,158.0,1,2026-08-15 12:46,2026-08-15 16:14,3.47,true,false,GT 2568 HT2,42.45,22.0,0.0,PCR|TBMPCR9Stage2|47#902
PCR,2026-08-15,A,15,false,TBMPCR3Stage2,GT1513 NEO,155/65 R 13 ULTIMA NEO,R13,(no rim),1325215513073TUNE0,1,150.0,1,2026-08-15 13:14,2026-08-15 15:22,2.12,true,true,GT1915 LT XPC1,60.0,60.0,0.0,PCR|TBMPCR3Stage2|48#330
PCR,2026-08-15,A,15,false,TBMPCR10Stage2,GT 1773 NEO,175/70 R13 ULTIMA NEO,R13,R13,1325217613082TUNE0,1,300.0,2,2026-08-15 13:19,2026-08-15 17:19,4.0,true,false,GT 1513 XPC1 MSIL,423.75,22.0,0.0,PCR|TBMPCR10Stage2|34#36
PCR,2026-08-15,A,15,false,TBMPCR2Stage2,GT 2258 RAN HPE,225/55 R 18 Ranger Hpe (+1 SKUs),R 18,R18,1325222318098HRHE0,2,309.0,2,2026-08-15 14:15,2026-08-15 20:42,6.44,true,true,GT  T1457 STAR,60.0,60.0,0.0,PCR|TBMPCR2Stage2|29#237
PCR,2026-08-15,B,15,false,TBMPCR5Stage2,GT 1975 UX1 EXP,195/60 R15 UX1 EXP,R15,(no rim),1325219415092VUX10,1,159.0,1,2026-08-15 15:25,2026-08-15 18:06,2.69,true,true,GT 1503 NEO MSIL,60.0,60.0,0.0,PCR|TBMPCR5Stage2|42#500
PCR,2026-08-15,B,15,false,TBMPCR3Stage2,GT1915 LT XPC1,195 R15 ULTIMA XPC1,"",R15,1225219Z15008SXC10,1,151.0,1,2026-08-15 16:22,2026-08-15 19:46,3.4,true,true,GT1513 NEO,60.0,60.0,0.0,PCR|TBMPCR3Stage2|49#331
PCR,2026-08-15,B,15,false,TBMPCR9Stage2,GT 2158 ROYL HYU,215/55R18 UX ROYALE (+1 SKUs),R18,R18,1325221318095HURL0,2,464.0,3,2026-08-15 16:36,2026-08-16 01:07,8.51,true,false,GT 2568 RAN AT,22.0,22.0,0.0,PCR|TBMPCR9Stage2|48#903
PCR,2026-08-15,B,15,false,TBMPCR6Stage2,GT1564 NEO,155/65 R14 ULTIMA NEO,R14,R14,1325215514075TUNE0,1,157.0,1,2026-08-15 16:38,2026-08-15 18:49,2.18,true,false,GT 1844 XPC TML,22.0,22.0,0.0,PCR|TBMPCR6Stage2|76#613
PCR,2026-08-15,B,15,false,TBMPCR8Stage2,GT 1995 ROYL KIA,195/65R15 UX ROYALE (+10 SKUs),R15,R15,1325219515091HURL2,11,630.0,4,2026-08-15 16:44,2026-08-16 03:03,10.32,false,false,GT 1995 ROYL KIA,494.51666666666665,0.0,0.0,PCR|TBMPCR8Stage2|33#822
PCR,2026-08-15,B,15,false,TBMPCR11Stage2,GT 2476 SUP MM,245/75 R16 ELANZO SUPRA,"",R16,1325224716111SELS0,1,640.0,4,2026-08-15 18:36,2026-08-16 07:56,13.33,true,false,GT2776 RAN AT,663.2666666666667,22.0,0.0,PCR|TBMPCR11Stage2|31#104
PCR,2026-08-15,B,15,false,TBMPCR6Stage2,GT 1894 MAX,185/70 R14 TAXIMAX (+6 SKUs),R14,R14,1325218614088TTMX0,7,152.0,1,2026-08-15 19:11,2026-08-15 21:18,2.11,true,false,GT1564 NEO,22.0,22.0,0.0,PCR|TBMPCR6Stage2|77#614
PCR,2026-08-15,B,15,false,TBMPCR5Stage2,GT 1503 NEO MSIL,155/80 R13 ULTIMA NEO MSIL (+6 SKUs),R13,R13,1325215813079TUNE3,7,912.0,6,2026-08-15 20:04,2026-08-16 08:59,12.92,true,true,GT 1975 UX1 EXP,117.48333333333333,60.0,0.0,PCR|TBMPCR5Stage2|43#501
PCR,2026-08-15,B,15,false,TBMPCR2Stage2,GT 1482 UHL,145/80 R 12 ULTIMA HI LIFE TL (+13 SKUs),R12,R12,1325214812074TUHL0,14,473.0,3,2026-08-15 21:42,2026-08-16 04:47,7.1,true,true,GT 2258 RAN HPE,60.0,60.0,0.0,PCR|TBMPCR2Stage2|30#238
PCR,2026-08-15,B,15,false,TBMPCR10Stage2,GT 1673 NEO,165/70 R13 ULTIMA NEO,R13,R13,1325216613079HUNE0,1,154.0,1,2026-08-15 21:45,2026-08-15 23:48,2.05,true,false,GT 1773 NEO,265.85,22.0,0.0,PCR|TBMPCR10Stage2|35#37
PCR,2026-08-15,B,15,false,TBMPCR3Stage2,GT 1765 ROYL,175/65 R15 UX ROYALE (+5 SKUs),R15,R15,1325217515084HURL2,6,477.0,3,2026-08-15 21:51,2026-08-16 05:56,8.08,true,false,GT1915 LT XPC1,125.68333333333334,28.0,0.0,PCR|TBMPCR3Stage2|50#332
PCR,2026-08-15,C,15,false,TBMPCR6Stage2,GT1914 XPC1,195 R14 ULTIMA XPC1,"",(no rim),1D25219Z14008SXC10,1,158.0,1,2026-08-15 23:15,2026-08-16 02:25,3.16,true,true,GT 1894 MAX,117.5,42.0,0.0,PCR|TBMPCR6Stage2|78#615
PCR,2026-08-15,C,15,false,TBMPCR4Stage2,GT 1402 XPC TATA,145 R12 ULTIMA XPC TL TATA (+14 SKUs),R12,R12,1D25214012008QXPCT,15,627.0,4,2026-08-15 23:42,2026-08-16 09:06,9.4,false,false,GT 1402 XPC TATA,416.0,0.0,0.0,PCR|TBMPCR4Stage2|36#417
PCR,2026-08-15,C,15,false,TBMPCR7Stage2,GT 1583 NEO TATA,155/80 R13 ULTIMA NEO LRR (+2 SKUs),R13,R13,1325215813079TUNE5,3,310.0,2,2026-08-15 23:51,2026-08-16 03:59,4.13,true,false,GT 1513 XPC1 MSIL,22.0,22.0,0.0,PCR|TBMPCR7Stage2|49#747
PCR,2026-08-15,C,15,false,TBMPCR9Stage2,GT 2568 HT2,255/65 R 18 Ranger HT2 111 H,R18,R18,1325225518111HRHB0,1,314.0,2,2026-08-16 01:29,2026-08-16 08:22,6.89,true,false,GT 2158 ROYL HYU,22.0,22.0,0.0,PCR|TBMPCR9Stage2|49#904
PCR,2026-08-15,C,15,false,TBMPCR10Stage2,GT 1513 XPC1 MSIL,155 R13 C ULTIMA XPC1 90/89 S TL (MSIL) (+1 SKUs),R13,R13,1D25215013008SXC10,2,623.0,4,2026-08-16 01:35,2026-08-16 10:15,8.65,true,false,GT 1673 NEO,107.3,22.0,0.0,PCR|TBMPCR10Stage2|36#38
PCR,2026-08-15,C,15,false,TBMPCR6Stage2,GT 1634 XPC TATA,165 R14 ULTIMA XPC TATA TL (+5 SKUs),R14,R14,1D25216814008QXPC0,6,308.0,2,2026-08-16 03:07,2026-08-16 07:24,4.28,true,true,GT1914 XPC1,42.0,42.0,0.0,PCR|TBMPCR6Stage2|79#616
PCR,2026-08-15,C,15,false,TBMPCR8Stage2,GT 1925 XPC1,195 R15 ULTIMA XPC1 AL,R15,R15,1225219Z15008SXC11,1,306.0,2,2026-08-16 03:25,2026-08-16 10:08,6.72,true,false,GT 1995 ROYL KIA,22.0,22.0,0.0,PCR|TBMPCR8Stage2|34#823
PCR,2026-08-15,C,15,false,TBMPCR7Stage2,GT 1513 XPC1 MSIL,155 R13 C ULTIMA XPC1 90/89 S TL (MSIL) (+1 SKUs),R13,R13,1D25215013008SXC10,2,778.0,5,2026-08-16 04:21,2026-08-16 15:09,10.81,true,false,GT 1583 NEO TATA,22.0,22.0,0.0,PCR|TBMPCR7Stage2|50#748
PCR,2026-08-15,C,15,false,TBMPCR2Stage2,GT 2476 SUP MM,245/75 R16 ELANZO SUPRA,"",R16,1325224716111SELS0,1,621.0,4,2026-08-16 05:47,2026-08-16 18:54,13.11,true,true,GT 1482 UHL,60.0,60.0,0.0,PCR|TBMPCR2Stage2|31#239
PCR,2026-08-15,C,15,false,TBMPCR3Stage2,GT1513 NEO,155/65 R 13 ULTIMA NEO,R13,(no rim),1325215513073TUNE0,1,300.0,2,2026-08-16 06:56,2026-08-16 11:11,4.25,true,true,GT 1765 ROYL,60.0,60.0,0.0,PCR|TBMPCR3Stage2|51#333
PCR,2026-08-16,A,16,false,TBMPCR6Stage2,GT 1854 XPC TT,185 R 14 Ultima XPC 10 PR TT (+1 SKUs),R14,R14,1D25118014010RXPC0,2,155.0,1,2026-08-16 07:46,2026-08-16 10:52,3.1,true,false,GT 1634 XPC TATA,22.0,22.0,0.0,PCR|TBMPCR6Stage2|80#617
PCR,2026-08-16,A,16,false,TBMPCR11Stage2,GT2776 RAN AT,235/70 R16 105T RANGER AT,R16,R16,1325223616105TRAT0,1,159.0,1,2026-08-16 08:18,2026-08-16 11:37,3.31,true,false,GT 2476 SUP MM,22.0,22.0,0.0,PCR|TBMPCR11Stage2|32#105
PCR,2026-08-16,A,16,false,TBMPCR9Stage2,GT 2158 ROYL HYU,215/55R18 UX ROYALE (+1 SKUs),R18,R18,1325221318095HURL0,2,463.0,3,2026-08-16 08:44,2026-08-16 17:13,8.49,true,false,GT 2568 HT2,22.0,22.0,0.0,PCR|TBMPCR9Stage2|50#905
PCR,2026-08-16,A,16,false,TBMPCR5Stage2,GT 1513 XPC1 MSIL,155 R13 C ULTIMA XPC1 90/89 S TL (MSIL) (+1 SKUs),R13,R13,1D25215013008SXC10,2,1395.0,9,2026-08-16 09:27,2026-08-17 06:22,20.92,true,false,GT 1503 NEO MSIL,28.0,28.0,0.0,PCR|TBMPCR5Stage2|44#502
PCR,2026-08-16,A,16,false,TBMPCR8Stage2,GT 1995 ROYL KIA,195/65R15 UX ROYALE (+10 SKUs),R15,R15,1325219515091HURL2,11,624.0,4,2026-08-16 10:30,2026-08-16 20:44,10.23,true,false,GT 1925 XPC1,22.0,22.0,0.0,PCR|TBMPCR8Stage2|35#824
PCR,2026-08-16,A,16,false,TBMPCR10Stage2,GT 1773 NEO,175/70 R13 ULTIMA NEO,R13,R13,1325217613082TUNE0,1,309.0,2,2026-08-16 10:37,2026-08-16 14:44,4.12,true,false,GT 1513 XPC1 MSIL,22.0,22.0,0.0,PCR|TBMPCR10Stage2|37#39
PCR,2026-08-16,A,16,false,TBMPCR6Stage2,GT1564 NEO,155/65 R14 ULTIMA NEO,R14,R14,1325215514075TUNE0,1,156.0,1,2026-08-16 11:14,2026-08-16 13:24,2.17,true,false,GT 1854 XPC TT,22.0,22.0,0.0,PCR|TBMPCR6Stage2|81#618
PCR,2026-08-16,A,16,false,TBMPCR3Stage2,GT1915 LT XPC1,195 R15 ULTIMA XPC1,"",R15,1225219Z15008SXC10,1,161.0,1,2026-08-16 12:11,2026-08-16 15:49,3.62,true,true,GT1513 NEO,60.0,60.0,0.0,PCR|TBMPCR3Stage2|52#334
PCR,2026-08-16,A,16,false,TBMPCR4Stage2,GT 1672 SPT,165/70R12 ULTIMA SPORTS,"",(no rim),1325216612077TUSP0,1,314.0,2,2026-08-16 12:47,2026-08-16 17:14,4.45,true,true,GT 1402 XPC TATA,221.21666666666667,60.0,0.0,PCR|TBMPCR4Stage2|37#418
PCR,2026-08-16,A,16,false,TBMPCR6Stage2,GT1914 XPC1,195 R14 ULTIMA XPC1,"",(no rim),1D25219Z14008SXC10,1,158.0,1,2026-08-16 14:06,2026-08-16 17:15,3.16,true,true,GT1564 NEO,42.0,42.0,0.0,PCR|TBMPCR6Stage2|82#619
PCR,2026-08-16,B,16,false,TBMPCR10Stage2,GT 1503 NEO MSIL,155/80 R13 ULTIMA NEO MSIL (+6 SKUs),R13,R13,1325215813079TUNE3,7,918.0,6,2026-08-16 15:06,2026-08-17 03:20,12.24,true,false,GT 1773 NEO,22.0,22.0,0.0,PCR|TBMPCR10Stage2|38#40
PCR,2026-08-16,B,16,false,TBMPCR3Stage2,GT 1765 ROYL,175/65 R15 UX ROYALE (+5 SKUs),R15,R15,1325217515084HURL2,6,477.0,3,2026-08-16 16:17,2026-08-17 00:22,8.08,true,false,GT1915 LT XPC1,28.0,28.0,0.0,PCR|TBMPCR3Stage2|53#335
PCR,2026-08-16,B,16,false,TBMPCR9Stage2,GT 2568 HT2,255/65 R 18 Ranger HT2 111 H,R18,R18,1325225518111HRHB0,1,308.0,2,2026-08-16 17:35,2026-08-17 00:21,6.76,true,false,GT 2158 ROYL HYU,22.0,22.0,0.0,PCR|TBMPCR9Stage2|51#906
PCR,2026-08-16,B,16,false,TBMPCR6Stage2,GT1564 NEO,155/65 R14 ULTIMA NEO,R14,R14,1325215514075TUNE0,1,151.0,1,2026-08-16 17:57,2026-08-16 20:03,2.1,true,true,GT1914 XPC1,42.0,42.0,0.0,PCR|TBMPCR6Stage2|83#620
PCR,2026-08-16,B,16,false,TBMPCR7Stage2,GT 1583 NEO TATA,155/80 R13 ULTIMA NEO LRR (+2 SKUs),R13,R13,1325215813079TUNE5,3,310.0,2,2026-08-16 18:10,2026-08-16 22:18,4.13,true,false,GT 1513 XPC1 MSIL,180.4,22.0,0.0,PCR|TBMPCR7Stage2|51#749
PCR,2026-08-16,B,16,false,TBMPCR4Stage2,GT 1402 XPC TATA,145 R12 ULTIMA XPC TL TATA (+14 SKUs),R12,R12,1D25214012008QXPCT,15,1258.0,8,2026-08-16 18:14,2026-08-17 13:07,18.87,true,true,GT 1672 SPT,60.0,60.0,0.0,PCR|TBMPCR4Stage2|38#419
PCR,2026-08-16,B,16,false,TBMPCR1Stage2,GT 2267 ROYL HYU,215/60 R17 UX ROYALE HYUNDAI (+9 SKUs),R17,R17,1325221417096HURL0,10,1589.0,10,2026-08-16 19:40,2026-08-17 23:55,28.25,false,false,GT 2267 ROYL HYU,359.5333333333333,0.0,0.0,PCR|TBMPCR1Stage2|26#171
PCR,2026-08-16,B,16,false,TBMPCR2Stage2,GT 1482 UHL,145/80 R 12 ULTIMA HI LIFE TL (+13 SKUs),R12,R12,1325214812074TUHL0,14,473.0,3,2026-08-16 19:54,2026-08-17 03:00,7.1,true,true,GT 2476 SUP MM,60.0,60.0,0.0,PCR|TBMPCR2Stage2|32#240
PCR,2026-08-16,B,16,false,TBMPCR6Stage2,GT 1844 UXT,185/65 R14 UX TOURING (+1 SKUs),R14,(no rim),1325218514086HUTR0,2,155.0,1,2026-08-16 20:45,2026-08-16 22:54,2.15,true,true,GT1564 NEO,42.0,42.0,0.0,PCR|TBMPCR6Stage2|84#621
PCR,2026-08-16,B,16,false,TBMPCR7Stage2,GT 1513 XPC1 MSIL,155 R13 C ULTIMA XPC1 90/89 S TL (MSIL) (+1 SKUs),R13,R13,1D25215013008SXC10,2,1400.0,9,2026-08-16 22:40,2026-08-17 18:07,19.44,true,false,GT 1583 NEO TATA,22.0,22.0,0.0,PCR|TBMPCR7Stage2|52#750
PCR,2026-08-16,C,16,false,TBMPCR6Stage2,GT 1634 XPC TATA,165 R14 ULTIMA XPC TATA TL (+5 SKUs),R14,R14,1D25216814008QXPC0,6,310.0,2,2026-08-16 23:36,2026-08-17 03:54,4.31,true,true,GT 1844 UXT,42.0,42.0,0.0,PCR|TBMPCR6Stage2|85#622
PCR,2026-08-16,C,16,false,TBMPCR11Stage2,GT2776 RAN AT,235/70 R16 105T RANGER AT,R16,R16,1325223616105TRAT0,1,159.0,1,2026-08-16 23:48,2026-08-17 03:07,3.31,false,false,GT2776 RAN AT,731.4666666666667,0.0,0.0,PCR|TBMPCR11Stage2|32#106
PCR,2026-08-16,C,16,false,TBMPCR9Stage2,GT 2568 RAN AT,255/65 R18 RANGER AT,R18,R18,1325225518111HRAT0,1,158.0,1,2026-08-17 00:43,2026-08-17 04:11,3.47,true,false,GT 2568 HT2,22.0,22.0,0.0,PCR|TBMPCR9Stage2|52#907
PCR,2026-08-16,C,16,false,TBMPCR8Stage2,GT 1995 ROYL KIA,195/65R15 UX ROYALE (+10 SKUs),R15,R15,1325219515091HURL2,11,632.0,4,2026-08-17 01:16,2026-08-17 11:38,10.36,false,false,GT 1995 ROYL KIA,272.6666666666667,0.0,0.0,PCR|TBMPCR8Stage2|35#825
PCR,2026-08-16,C,16,false,TBMPCR3Stage2,GT 1975 UX1 EXP,195/60 R15 UX1 EXP,R15,(no rim),1325219415092VUX10,1,159.0,1,2026-08-17 01:22,2026-08-17 04:03,2.69,true,true,GT 1765 ROYL,60.0,60.0,0.0,PCR|TBMPCR3Stage2|54#336
PCR,2026-08-16,C,16,false,TBMPCR11Stage2,GT 2476 SUP MM,245/75 R16 ELANZO SUPRA,"",R16,1325224716111SELS0,1,627.0,4,2026-08-17 03:29,2026-08-17 16:33,13.06,true,false,GT2776 RAN AT,22.0,22.0,0.0,PCR|TBMPCR11Stage2|33#107
PCR,2026-08-16,C,16,false,TBMPCR10Stage2,GT 1513 XPC1 MSIL,155 R13 C ULTIMA XPC1 90/89 S TL (MSIL) (+1 SKUs),R13,R13,1D25215013008SXC10,2,1397.0,9,2026-08-17 03:42,2026-08-17 23:06,19.4,true,false,GT 1503 NEO MSIL,22.0,22.0,0.0,PCR|TBMPCR10Stage2|39#41
PCR,2026-08-16,C,16,false,TBMPCR2Stage2,GT 2568 HT2,255/65 R 18 Ranger HT2 111 H,R18,R18,1325225518111HRHB0,1,308.0,2,2026-08-17 04:00,2026-08-17 10:55,6.93,true,true,GT 1482 UHL,60.0,60.0,0.0,PCR|TBMPCR2Stage2|33#241
PCR,2026-08-16,C,16,false,TBMPCR6Stage2,GT 1844 XPC TML,185 R14 ULTIMA XPC 10 PR (+1 SKUs),R14,R14,1D25218014010RXPCT,2,302.0,2,2026-08-17 04:16,2026-08-17 10:19,6.04,true,false,GT 1634 XPC TATA,22.0,22.0,0.0,PCR|TBMPCR6Stage2|86#623
PCR,2026-08-16,C,16,false,TBMPCR9Stage2,GT 2158 ROYL HYU,215/55R18 UX ROYALE (+1 SKUs),R18,R18,1325221318095HURL0,2,463.0,3,2026-08-17 04:33,2026-08-17 13:02,8.49,true,false,GT 2568 RAN AT,22.0,22.0,0.0,PCR|TBMPCR9Stage2|53#908
PCR,2026-08-16,C,16,false,TBMPCR3Stage2,GT1915 LT XPC1,195 R15 ULTIMA XPC1,"",R15,1225219Z15008SXC10,1,151.0,1,2026-08-17 05:34,2026-08-17 08:58,3.4,true,true,GT 1975 UX1 EXP,90.4,60.0,0.0,PCR|TBMPCR3Stage2|55#337
PCR,2026-08-17,A,17,false,TBMPCR3Stage2,GT 1925 XPC1,195 R15 ULTIMA XPC1 AL,R15,R15,1225219Z15008SXC11,1,309.0,2,2026-08-17 09:26,2026-08-17 16:23,6.95,true,false,GT1915 LT XPC1,28.0,28.0,0.0,PCR|TBMPCR3Stage2|56#338
PCR,2026-08-17,A,17,false,TBMPCR6Stage2,GT1564 NEO,155/65 R14 ULTIMA NEO,R14,R14,1325215514075TUNE0,1,156.0,1,2026-08-17 10:41,2026-08-17 12:51,2.17,true,false,GT 1844 XPC TML,22.0,22.0,0.0,PCR|TBMPCR6Stage2|87#624
PCR,2026-08-17,A,17,false,TBMPCR2Stage2,GT  T1457 STAR,T145/70 R17 STAR XT (+2 SKUs),R17,R17,1325214617107MSXT0,3,310.0,2,2026-08-17 11:55,2026-08-17 17:36,5.68,true,true,GT 2568 HT2,60.0,60.0,0.0,PCR|TBMPCR2Stage2|34#242
PCR,2026-08-17,A,17,false,TBMPCR9Stage2,GT 2258 RAN HPE,225/55 R 18 Ranger Hpe (+1 SKUs),R 18,R18,1325222318098HRHE0,2,309.0,2,2026-08-17 13:24,2026-08-17 19:45,6.35,true,false,GT 2158 ROYL HYU,22.0,22.0,0.0,PCR|TBMPCR9Stage2|54#909
PCR,2026-08-17,B,17,false,TBMPCR6Stage2,GT1564 NEO,155/65 R14 ULTIMA NEO,R14,R14,1325215514075TUNE0,1,151.0,1,2026-08-17 15:44,2026-08-17 17:49,2.1,false,false,GT1564 NEO,172.78333333333333,0.0,0.0,PCR|TBMPCR6Stage2|87#625
PCR,2026-08-17,B,17,false,TBMPCR3Stage2,GT 1765 ROYL,175/65 R15 UX ROYALE (+5 SKUs),R15,R15,1325217515084HURL2,6,478.0,3,2026-08-17 16:51,2026-08-18 00:57,8.1,true,false,GT 1925 XPC1,28.0,28.0,0.0,PCR|TBMPCR3Stage2|57#339
PCR,2026-08-17,B,17,false,TBMPCR4Stage2,GT 1482 UHL,145/80 R 12 ULTIMA HI LIFE TL (+13 SKUs),R12,R12,1325214812074TUHL0,14,473.0,3,2026-08-17 16:51,2026-08-17 23:56,7.1,true,false,GT 1402 XPC TATA,224.23333333333332,28.0,0.0,PCR|TBMPCR4Stage2|39#420
PCR,2026-08-17,B,17,false,TBMPCR11Stage2,GT2776 RAN AT,235/70 R16 105T RANGER AT,R16,R16,1325223616105TRAT0,1,156.0,1,2026-08-17 16:55,2026-08-17 20:10,3.25,true,false,GT 2476 SUP MM,22.0,22.0,0.0,PCR|TBMPCR11Stage2|34#108
PCR,2026-08-17,B,17,false,TBMPCR5Stage2,GT 1844 UXT,185/65 R14 UX TOURING (+1 SKUs),R14,(no rim),1325218514086HUTR0,2,155.0,1,2026-08-17 17:01,2026-08-17 19:20,2.33,true,true,GT 1513 XPC1 MSIL,638.2333333333333,60.0,0.0,PCR|TBMPCR5Stage2|45#503
PCR,2026-08-17,B,17,false,TBMPCR6Stage2,GT 1854 XPC TT,185 R 14 Ultima XPC 10 PR TT (+1 SKUs),R14,R14,1D25118014010RXPC0,2,155.0,1,2026-08-17 18:11,2026-08-17 21:17,3.1,true,false,GT1564 NEO,22.0,22.0,0.0,PCR|TBMPCR6Stage2|88#626
PCR,2026-08-17,B,17,false,TBMPCR8Stage2,GT 1925 XPC1,195 R15 ULTIMA XPC1 AL,R15,R15,1225219Z15008SXC11,1,305.0,2,2026-08-17 18:24,2026-08-18 01:06,6.69,true,false,GT 1995 ROYL KIA,406.26666666666665,22.0,0.0,PCR|TBMPCR8Stage2|36#826
PCR,2026-08-17,B,17,false,TBMPCR7Stage2,GT 1773 NEO,175/70 R13 ULTIMA NEO,R13,R13,1325217613082TUNE0,1,309.0,2,2026-08-17 18:29,2026-08-17 22:36,4.12,true,false,GT 1513 XPC1 MSIL,22.0,22.0,0.0,PCR|TBMPCR7Stage2|53#751
PCR,2026-08-17,B,17,false,TBMPCR2Stage2,GT 2568 HT2,255/65 R 18 Ranger HT2 111 H,R18,R18,1325225518111HRHB0,1,156.0,1,2026-08-17 18:36,2026-08-17 22:07,3.51,true,true,GT  T1457 STAR,60.0,60.0,0.0,PCR|TBMPCR2Stage2|35#243
PCR,2026-08-17,B,17,false,TBMPCR9Stage2,GT 2158 ROYL HYU,215/55R18 UX ROYALE (+1 SKUs),R18,R18,1325221318095HURL0,2,461.0,3,2026-08-17 20:07,2026-08-18 04:34,8.45,true,false,GT 2258 RAN HPE,22.0,22.0,0.0,PCR|TBMPCR9Stage2|55#910
PCR,2026-08-17,B,17,false,TBMPCR5Stage2,GT 1975 UX1 EXP,195/60 R15 UX1 EXP,R15,(no rim),1325219415092VUX10,1,159.0,1,2026-08-17 20:20,2026-08-17 23:02,2.69,true,false,GT 1844 UXT,60.0,28.0,0.0,PCR|TBMPCR5Stage2|46#504
PCR,2026-08-17,B,17,false,TBMPCR6Stage2,GT1914 XPC1,195 R14 ULTIMA XPC1,"",(no rim),1D25219Z14008SXC10,1,158.0,1,2026-08-17 21:59,2026-08-18 01:09,3.16,true,true,GT 1854 XPC TT,42.0,42.0,0.0,PCR|TBMPCR6Stage2|89#627
PCR,2026-08-17,B,17,false,TBMPCR11Stage2,GT 2476 SUP MM,245/75 R16 ELANZO SUPRA,"",R16,1325224716111SELS0,1,1259.0,8,2026-08-17 22:35,2026-08-19 00:49,26.23,true,false,GT2776 RAN AT,145.38333333333333,22.0,0.0,PCR|TBMPCR11Stage2|35#109
PCR,2026-08-17,B,17,false,TBMPCR7Stage2,GT 1583 NEO TATA,155/80 R13 ULTIMA NEO LRR (+2 SKUs),R13,R13,1325215813079TUNE5,3,310.0,2,2026-08-17 22:58,2026-08-18 03:06,4.13,true,false,GT 1773 NEO,22.0,22.0,0.0,PCR|TBMPCR7Stage2|54#752
PCR,2026-08-17,C,17,false,TBMPCR2Stage2,GT 2267 ROYL HYU,215/60 R17 UX ROYALE HYUNDAI (+9 SKUs),R17,R17,1325221417096HURL0,10,777.0,5,2026-08-17 23:11,2026-08-18 13:00,13.81,true,true,GT 2568 HT2,64.3,60.0,0.0,PCR|TBMPCR2Stage2|36#244
PCR,2026-08-17,C,17,false,TBMPCR5Stage2,GT1513 NEO,155/65 R 13 ULTIMA NEO,R13,(no rim),1325215513073TUNE0,1,150.0,1,2026-08-18 00:02,2026-08-18 02:09,2.12,true,false,GT 1975 UX1 EXP,60.0,28.0,0.0,PCR|TBMPCR5Stage2|47#505
PCR,2026-08-17,C,17,false,TBMPCR4Stage2,GT 1402 XPC TATA,145 R12 ULTIMA XPC TL TATA (+14 SKUs),R12,R12,1D25214012008QXPCT,15,1258.0,8,2026-08-18 00:24,2026-08-18 19:17,18.87,true,false,GT 1482 UHL,28.0,28.0,0.0,PCR|TBMPCR4Stage2|40#421
PCR,2026-08-17,C,17,false,TBMPCR3Stage2,GT1915 LT XPC1,195 R15 ULTIMA XPC1,"",R15,1225219Z15008SXC10,1,161.0,1,2026-08-18 01:25,2026-08-18 05:02,3.62,true,false,GT 1765 ROYL,28.0,28.0,0.0,PCR|TBMPCR3Stage2|58#340
PCR,2026-08-17,C,17,false,TBMPCR6Stage2,GT 1634 XPC TATA,165 R14 ULTIMA XPC TATA TL (+5 SKUs),R14,R14,1D25216814008QXPC0,6,306.0,2,2026-08-18 03:00,2026-08-18 07:15,4.25,true,true,GT1914 XPC1,110.58333333333333,42.0,0.0,PCR|TBMPCR6Stage2|90#628
PCR,2026-08-17,C,17,false,TBMPCR9Stage2,GT 2568 RAN AT,255/65 R18 RANGER AT,R18,R18,1325225518111HRAT0,1,158.0,1,2026-08-18 04:56,2026-08-18 08:24,3.47,true,false,GT 2158 ROYL HYU,22.0,22.0,0.0,PCR|TBMPCR9Stage2|56#911
PCR,2026-08-17,C,17,false,TBMPCR8Stage2,GT 1995 ROYL KIA,195/65R15 UX ROYALE (+10 SKUs),R15,R15,1325219515091HURL2,11,626.0,4,2026-08-18 05:00,2026-08-18 15:16,10.26,true,false,GT 1925 XPC1,234.71666666666667,22.0,0.0,PCR|TBMPCR8Stage2|37#827
PCR,2026-08-17,C,17,false,TBMPCR7Stage2,GT 1583 NEO TATA,155/80 R13 ULTIMA NEO LRR (+2 SKUs),R13,R13,1325215813079TUNE5,3,310.0,2,2026-08-18 05:28,2026-08-18 09:36,4.13,false,false,GT 1583 NEO TATA,142.3,0.0,0.0,PCR|TBMPCR7Stage2|54#753
PCR,2026-08-17,C,17,false,TBMPCR5Stage2,GT 1844 UXT,185/65 R14 UX TOURING (+1 SKUs),R14,(no rim),1325218514086HUTR0,2,155.0,1,2026-08-18 05:36,2026-08-18 07:55,2.33,true,false,GT1513 NEO,206.48333333333332,28.0,0.0,PCR|TBMPCR5Stage2|48#506
PCR,2026-08-17,C,17,false,TBMPCR10Stage2,GT 1503 NEO MSIL,155/80 R13 ULTIMA NEO MSIL (+6 SKUs),R13,R13,1325215813079TUNE3,7,919.0,6,2026-08-18 05:45,2026-08-18 18:00,12.25,true,false,GT 1513 XPC1 MSIL,398.95,22.0,0.0,PCR|TBMPCR10Stage2|40#42
PCR,2026-08-18,A,18,false,TBMPCR6Stage2,GT1564 NEO,155/65 R14 ULTIMA NEO,R14,R14,1325215514075TUNE0,1,151.0,1,2026-08-18 07:37,2026-08-18 09:43,2.1,true,false,GT 1634 XPC TATA,22.0,22.0,0.0,PCR|TBMPCR6Stage2|91#629
PCR,2026-08-18,A,18,false,TBMPCR9Stage2,GT 2568 HT2,255/65 R 18 Ranger HT2 111 H,R18,R18,1325225518111HRHB0,1,156.0,1,2026-08-18 08:46,2026-08-18 12:12,3.42,true,false,GT 2568 RAN AT,22.0,22.0,0.0,PCR|TBMPCR9Stage2|57#912
PCR,2026-08-18,A,18,false,TBMPCR5Stage2,GT1513 NEO,155/65 R 13 ULTIMA NEO,R13,(no rim),1325215513073TUNE0,1,160.0,1,2026-08-18 08:55,2026-08-18 11:11,2.27,true,false,GT 1844 UXT,60.0,28.0,0.0,PCR|TBMPCR5Stage2|49#507
PCR,2026-08-18,A,18,false,TBMPCR3Stage2,GT 1765 ROYL,175/65 R15 UX ROYALE (+5 SKUs),R15,R15,1325217515084HURL2,6,485.0,3,2026-08-18 09:01,2026-08-18 17:14,8.22,true,false,GT1915 LT XPC1,238.85,28.0,0.0,PCR|TBMPCR3Stage2|59#341
PCR,2026-08-18,A,18,false,TBMPCR7Stage2,GT 1513 XPC1 MSIL,155 R13 C ULTIMA XPC1 90/89 S TL (MSIL) (+1 SKUs),R13,R13,1D25215013008SXC10,2,1395.0,9,2026-08-18 09:58,2026-08-19 05:21,19.38,true,false,GT 1583 NEO TATA,22.0,22.0,0.0,PCR|TBMPCR7Stage2|55#754
PCR,2026-08-18,A,18,false,TBMPCR6Stage2,GT 1634 XPC TATA,165 R14 ULTIMA XPC TATA TL (+5 SKUs),R14,R14,1D25216814008QXPC0,6,308.0,2,2026-08-18 11:41,2026-08-18 15:58,4.28,true,false,GT1564 NEO,118.6,22.0,0.0,PCR|TBMPCR6Stage2|92#630
PCR,2026-08-18,A,18,false,TBMPCR5Stage2,GT 1975 UX1 EXP,195/60 R15 UX1 EXP,R15,(no rim),1325219415092VUX10,1,159.0,1,2026-08-18 12:11,2026-08-18 14:53,2.69,true,false,GT1513 NEO,60.0,28.0,0.0,PCR|TBMPCR5Stage2|50#508
PCR,2026-08-18,A,18,false,TBMPCR9Stage2,GT 2258 RAN HPE,225/55 R 18 Ranger Hpe (+1 SKUs),R 18,R18,1325222318098HRHE0,2,309.0,2,2026-08-18 12:34,2026-08-18 18:55,6.35,true,false,GT 2568 HT2,22.0,22.0,0.0,PCR|TBMPCR9Stage2|58#913
PCR,2026-08-18,A,18,false,TBMPCR2Stage2,GT 1844 XPC TML,185 R14 ULTIMA XPC 10 PR (+1 SKUs),R14,R14,1D25218014010RXPCT,2,302.0,2,2026-08-18 14:00,2026-08-18 20:18,6.29,true,true,GT 2267 ROYL HYU,60.0,60.0,0.0,PCR|TBMPCR2Stage2|37#245
PCR,2026-08-18,B,18,false,TBMPCR8Stage2,GT 1765 ROYL,175/65 R15 UX ROYALE (+5 SKUs),R15,R15,1325217515084HURL2,6,477.0,3,2026-08-18 15:38,2026-08-18 23:27,7.82,true,false,GT 1995 ROYL KIA,22.0,22.0,0.0,PCR|TBMPCR8Stage2|38#828
PCR,2026-08-18,B,18,false,TBMPCR5Stage2,GT 1844 UXT,185/65 R14 UX TOURING (+1 SKUs),R14,(no rim),1325218514086HUTR0,2,155.0,1,2026-08-18 15:53,2026-08-18 18:12,2.33,true,false,GT 1975 UX1 EXP,60.0,28.0,0.0,PCR|TBMPCR5Stage2|51#509
PCR,2026-08-18,B,18,false,TBMPCR1Stage2,GT 2267 ROYL HYU,215/60 R17 UX ROYALE HYUNDAI (+9 SKUs),R17,R17,1325221417096HURL0,10,801.0,5,2026-08-18 16:07,2026-08-19 06:21,14.24,false,false,GT 2267 ROYL HYU,972.35,0.0,0.0,PCR|TBMPCR1Stage2|26#172
PCR,2026-08-18,B,18,false,TBMPCR10Stage2,GT 1773 NEO,175/70 R13 ULTIMA NEO,R13,R13,1325217613082TUNE0,1,309.0,2,2026-08-18 18:22,2026-08-18 22:30,4.12,true,false,GT 1503 NEO MSIL,22.0,22.0,0.0,PCR|TBMPCR10Stage2|41#43
PCR,2026-08-18,B,18,false,TBMPCR3Stage2,GT1915 LT XPC1,195 R15 ULTIMA XPC1,"",R15,1225219Z15008SXC10,1,151.0,1,2026-08-18 18:46,2026-08-18 22:10,3.4,true,false,GT 1765 ROYL,92.23333333333333,28.0,0.0,PCR|TBMPCR3Stage2|60#342
PCR,2026-08-18,B,18,false,TBMPCR5Stage2,GT1513 NEO,155/65 R 13 ULTIMA NEO,R13,(no rim),1325215513073TUNE0,1,160.0,1,2026-08-18 19:12,2026-08-18 21:28,2.27,true,false,GT 1844 UXT,60.0,28.0,0.0,PCR|TBMPCR5Stage2|52#510
PCR,2026-08-18,B,18,false,TBMPCR9Stage2,GT 2568 HT2,255/65 R 18 Ranger HT2 111 H,R18,R18,1325225518111HRHB0,1,307.0,2,2026-08-18 19:17,2026-08-19 02:01,6.74,true,false,GT 2258 RAN HPE,22.0,22.0,0.0,PCR|TBMPCR9Stage2|59#914
PCR,2026-08-18,B,18,false,TBMPCR2Stage2,GT 2267 ROYL HYU,215/60 R17 UX ROYALE HYUNDAI (+9 SKUs),R17,R17,1325221417096HURL0,10,779.0,5,2026-08-18 21:24,2026-08-19 11:15,13.85,true,true,GT 1844 XPC TML,66.03333333333333,60.0,0.0,PCR|TBMPCR2Stage2|38#246
PCR,2026-08-18,B,18,false,TBMPCR5Stage2,GT 1513 XPC1 MSIL,155 R13 C ULTIMA XPC1 90/89 S TL (MSIL) (+1 SKUs),R13,R13,1D25215013008SXC10,2,1402.0,9,2026-08-18 22:28,2026-08-19 19:30,21.03,true,true,GT1513 NEO,60.0,60.0,0.0,PCR|TBMPCR5Stage2|53#511
PCR,2026-08-18,B,18,false,TBMPCR3Stage2,GT 1925 XPC1,195 R15 ULTIMA XPC1 AL,R15,R15,1225219Z15008SXC11,1,306.0,2,2026-08-18 22:38,2026-08-19 05:31,6.88,true,false,GT1915 LT XPC1,28.0,28.0,0.0,PCR|TBMPCR3Stage2|61#343
PCR,2026-08-18,C,18,false,TBMPCR4Stage2,GT 1482 UHL,145/80 R 12 ULTIMA HI LIFE TL (+13 SKUs),R12,R12,1325214812074TUHL0,14,473.0,3,2026-08-18 23:01,2026-08-19 06:07,7.1,true,false,GT 1402 XPC TATA,224.23333333333332,28.0,0.0,PCR|TBMPCR4Stage2|41#422
PCR,2026-08-18,C,18,false,TBMPCR10Stage2,GT 1503 NEO MSIL,155/80 R13 ULTIMA NEO MSIL (+6 SKUs),R13,R13,1325215813079TUNE3,7,919.0,6,2026-08-19 00:02,2026-08-19 12:17,12.25,true,false,GT 1773 NEO,92.13333333333333,22.0,0.0,PCR|TBMPCR10Stage2|42#44
PCR,2026-08-18,C,18,false,TBMPCR8Stage2,GT 2575 RAN A/T,205/70 R15 C RANGER AT,R15,(no rim),1325220615106SRAT0,1,163.0,1,2026-08-19 00:09,2026-08-19 03:11,3.03,true,true,GT 1765 ROYL,42.0,42.0,0.0,PCR|TBMPCR8Stage2|39#829
PCR,2026-08-18,C,18,false,TBMPCR11Stage2,GT2776 RAN AT,235/70 R16 105T RANGER AT,R16,R16,1325223616105TRAT0,1,155.0,1,2026-08-19 01:11,2026-08-19 04:25,3.23,true,false,GT 2476 SUP MM,22.0,22.0,0.0,PCR|TBMPCR11Stage2|36#110
PCR,2026-08-18,C,18,false,TBMPCR6Stage2,GT1814 XPC,185 R14 ULTIMA XPC (+1 SKUs),"",(no rim),1D25218Z14008QXPC0,2,155.0,1,2026-08-19 02:05,2026-08-19 05:11,3.1,true,true,GT 1634 XPC TATA,606.7833333333333,42.0,0.0,PCR|TBMPCR6Stage2|93#631
PCR,2026-08-18,C,18,false,TBMPCR9Stage2,GT 2158 ROYL HYU,215/55R18 UX ROYALE (+1 SKUs),R18,R18,1325221318095HURL0,2,464.0,3,2026-08-19 02:23,2026-08-19 10:54,8.51,true,false,GT 2568 HT2,22.0,22.0,0.0,PCR|TBMPCR9Stage2|60#915
PCR,2026-08-18,C,18,false,TBMPCR8Stage2,GT 1995 ROYL KIA,195/65R15 UX ROYALE (+10 SKUs),R15,R15,1325219515091HURL2,11,619.0,4,2026-08-19 03:53,2026-08-19 14:02,10.14,true,true,GT 2575 RAN A/T,42.0,42.0,0.0,PCR|TBMPCR8Stage2|40#830
PCR,2026-08-18,C,18,false,TBMPCR6Stage2,GT1564 NEO,155/65 R14 ULTIMA NEO,R14,R14,1325215514075TUNE0,1,151.0,1,2026-08-19 05:53,2026-08-19 07:58,2.1,true,true,GT1814 XPC,42.0,42.0,0.0,PCR|TBMPCR6Stage2|94#632
PCR,2026-08-18,C,18,false,TBMPCR11Stage2,GT 2476 SUP MM,245/75 R16 ELANZO SUPRA,"",R16,1325224716111SELS0,1,626.0,4,2026-08-19 06:09,2026-08-19 19:11,13.04,true,false,GT2776 RAN AT,104.06666666666666,22.0,0.0,PCR|TBMPCR11Stage2|37#111
PCR,2026-08-18,C,18,false,TBMPCR3Stage2,GT 1975 UX1 EXP,195/60 R15 UX1 EXP,R15,(no rim),1325219415092VUX10,1,318.0,2,2026-08-19 06:31,2026-08-19 11:54,5.39,true,true,GT 1925 XPC1,60.0,60.0,0.0,PCR|TBMPCR3Stage2|62#344
PCR,2026-08-18,C,18,false,TBMPCR4Stage2,GT 1402 XPC TATA,145 R12 ULTIMA XPC TL TATA (+14 SKUs),R12,R12,1D25214012008QXPCT,15,1257.0,8,2026-08-19 06:35,2026-08-20 01:26,18.86,true,false,GT 1482 UHL,28.0,28.0,0.0,PCR|TBMPCR4Stage2|42#423
PCR,2026-08-19,A,19,false,TBMPCR6Stage2,GT 1634 XPC TATA,165 R14 ULTIMA XPC TATA TL (+5 SKUs),R14,R14,1D25216814008QXPC0,6,310.0,2,2026-08-19 08:20,2026-08-19 12:39,4.31,true,false,GT1564 NEO,22.0,22.0,0.0,PCR|TBMPCR6Stage2|95#633
PCR,2026-08-19,A,19,false,TBMPCR7Stage2,GT 1583 NEO TATA,155/80 R13 ULTIMA NEO LRR (+2 SKUs),R13,R13,1325215813079TUNE5,3,310.0,2,2026-08-19 10:41,2026-08-19 14:49,4.13,true,false,GT 1513 XPC1 MSIL,320.26666666666665,22.0,0.0,PCR|TBMPCR7Stage2|56#755
PCR,2026-08-19,A,19,false,TBMPCR9Stage2,GT 2258 RAN HPE,225/55 R 18 Ranger Hpe (+1 SKUs),R 18,R18,1325222318098HRHE0,2,155.0,1,2026-08-19 11:16,2026-08-19 14:27,3.19,true,false,GT 2158 ROYL HYU,22.0,22.0,0.0,PCR|TBMPCR9Stage2|61#916
PCR,2026-08-19,A,19,false,TBMPCR2Stage2,GT 2568 HT2,255/65 R 18 Ranger HT2 111 H,R18,R18,1325225518111HRHB0,1,307.0,2,2026-08-19 12:15,2026-08-19 19:09,6.91,true,true,GT 2267 ROYL HYU,60.0,60.0,0.0,PCR|TBMPCR2Stage2|39#247
PCR,2026-08-19,A,19,false,TBMPCR10Stage2,GT 1513 XPC1 MSIL,155 R13 C ULTIMA XPC1 90/89 S TL (MSIL) (+1 SKUs),R13,R13,1D25215013008SXC10,2,1393.0,9,2026-08-19 12:39,2026-08-20 08:00,19.35,true,false,GT 1503 NEO MSIL,22.0,22.0,0.0,PCR|TBMPCR10Stage2|43#45
PCR,2026-08-19,A,19,false,TBMPCR3Stage2,GT 1765 ROYL,175/65 R15 UX ROYALE (+5 SKUs),R15,R15,1325217515084HURL2,6,485.0,3,2026-08-19 12:54,2026-08-19 21:08,8.22,true,true,GT 1975 UX1 EXP,60.0,60.0,0.0,PCR|TBMPCR3Stage2|63#345
PCR,2026-08-19,A,19,false,TBMPCR1Stage2,GT  T1457 STAR,T145/70 R17 STAR XT (+2 SKUs),R17,R17,1325214617107MSXT0,3,309.0,2,2026-08-19 13:03,2026-08-19 18:28,5.41,true,false,GT 2267 ROYL HYU,402.0,28.0,0.0,PCR|TBMPCR1Stage2|27#173
PCR,2026-08-19,A,19,false,TBMPCR6Stage2,GT1914 XPC1,195 R14 ULTIMA XPC1,"",(no rim),1D25219Z14008SXC10,1,154.0,1,2026-08-19 13:21,2026-08-19 16:26,3.08,true,true,GT 1634 XPC TATA,42.0,42.0,0.0,PCR|TBMPCR6Stage2|96#634
PCR,2026-08-19,A,19,false,TBMPCR8Stage2,GT 2267 ROYL HYU,215/60 R17 UX ROYALE HYUNDAI (+9 SKUs),R17,R17,1325221417096HURL0,10,784.0,5,2026-08-19 14:44,2026-08-20 04:14,13.5,true,true,GT 1995 ROYL KIA,42.0,42.0,0.0,PCR|TBMPCR8Stage2|41#831
PCR,2026-08-19,A,19,false,TBMPCR9Stage2,GT 2158 ROYL HYU,215/55R18 UX ROYALE (+1 SKUs),R18,R18,1325221318095HURL0,2,461.0,3,2026-08-19 14:49,2026-08-19 23:16,8.45,true,false,GT 2258 RAN HPE,22.0,22.0,0.0,PCR|TBMPCR9Stage2|62#917
PCR,2026-08-19,B,19,false,TBMPCR7Stage2,GT 1773 NEO,175/70 R13 ULTIMA NEO,R13,R13,1325217613082TUNE0,1,309.0,2,2026-08-19 15:11,2026-08-19 19:18,4.12,true,false,GT 1583 NEO TATA,22.0,22.0,0.0,PCR|TBMPCR7Stage2|57#756
PCR,2026-08-19,B,19,false,TBMPCR11Stage2,GT2776 RAN AT,235/70 R16 105T RANGER AT,R16,R16,1325223616105TRAT0,1,156.0,1,2026-08-19 19:33,2026-08-19 22:48,3.25,true,false,GT 2476 SUP MM,22.0,22.0,0.0,PCR|TBMPCR11Stage2|38#112
PCR,2026-08-19,B,19,false,TBMPCR6Stage2,GT1564 NEO,155/65 R14 ULTIMA NEO,R14,R14,1325215514075TUNE0,1,151.0,1,2026-08-19 19:45,2026-08-19 21:51,2.1,true,true,GT1914 XPC1,199.35,42.0,0.0,PCR|TBMPCR6Stage2|97#635
PCR,2026-08-19,B,19,false,TBMPCR5Stage2,GT 1844 UXT,185/65 R14 UX TOURING (+1 SKUs),R14,(no rim),1325218514086HUTR0,2,154.0,1,2026-08-19 20:30,2026-08-19 22:49,2.31,true,true,GT 1513 XPC1 MSIL,60.0,60.0,0.0,PCR|TBMPCR5Stage2|54#512
PCR,2026-08-19,B,19,false,TBMPCR3Stage2,GT1915 LT XPC1,195 R15 ULTIMA XPC1,"",R15,1225219Z15008SXC10,1,151.0,1,2026-08-19 21:36,2026-08-20 00:59,3.4,true,false,GT 1765 ROYL,28.0,28.0,0.0,PCR|TBMPCR3Stage2|64#346
PCR,2026-08-19,B,19,false,TBMPCR6Stage2,GT 1844 XPC TML,185 R14 ULTIMA XPC 10 PR (+1 SKUs),R14,R14,1D25218014010RXPCT,2,302.0,2,2026-08-19 22:13,2026-08-20 04:15,6.04,true,false,GT1564 NEO,22.0,22.0,0.0,PCR|TBMPCR6Stage2|98#636
PCR,2026-08-19,C,19,false,TBMPCR1Stage2,GT 2267 ROYL HYU,215/60 R17 UX ROYALE HYUNDAI (+9 SKUs),R17,R17,1325221417096HURL0,10,1572.0,10,2026-08-19 23:02,2026-08-21 02:58,27.95,true,false,GT  T1457 STAR,273.68333333333334,28.0,0.0,PCR|TBMPCR1Stage2|28#174
PCR,2026-08-19,C,19,false,TBMPCR11Stage2,GT 2476 SUP MM,245/75 R16 ELANZO SUPRA,"",R16,1325224716111SELS0,1,1256.0,8,2026-08-19 23:10,2026-08-21 01:20,26.17,true,false,GT2776 RAN AT,22.0,22.0,0.0,PCR|TBMPCR11Stage2|39#113
PCR,2026-08-19,C,19,false,TBMPCR9Stage2,GT 2568 HT2,255/65 R 18 Ranger HT2 111 H,R18,R18,1325225518111HRHB0,1,312.0,2,2026-08-19 23:38,2026-08-20 06:29,6.85,true,false,GT 2158 ROYL HYU,22.0,22.0,0.0,PCR|TBMPCR9Stage2|63#918
PCR,2026-08-19,C,19,false,TBMPCR7Stage2,GT 1503 NEO MSIL,155/80 R13 ULTIMA NEO MSIL (+6 SKUs),R13,R13,1325215813079TUNE3,7,918.0,6,2026-08-19 23:59,2026-08-20 12:14,12.24,true,false,GT 1773 NEO,281.5,22.0,0.0,PCR|TBMPCR7Stage2|58#757
PCR,2026-08-19,C,19,false,TBMPCR2Stage2,GT 1482 UHL,145/80 R 12 ULTIMA HI LIFE TL (+13 SKUs),R12,R12,1325214812074TUHL0,14,473.0,3,2026-08-20 01:00,2026-08-20 08:06,7.1,true,true,GT 2568 HT2,351.2,60.0,0.0,PCR|TBMPCR2Stage2|40#248
PCR,2026-08-19,C,19,false,TBMPCR5Stage2,GT 1513 XPC1 MSIL,155 R13 C ULTIMA XPC1 90/89 S TL (MSIL) (+1 SKUs),R13,R13,1D25215013008SXC10,2,1402.0,9,2026-08-20 01:26,2026-08-20 22:28,21.03,true,true,GT 1844 UXT,157.46666666666667,60.0,0.0,PCR|TBMPCR5Stage2|55#513
PCR,2026-08-19,C,19,false,TBMPCR3Stage2,GT1513 NEO,155/65 R 13 ULTIMA NEO,R13,(no rim),1325215513073TUNE0,1,160.0,1,2026-08-20 01:59,2026-08-20 04:15,2.27,true,true,GT1915 LT XPC1,60.0,60.0,0.0,PCR|TBMPCR3Stage2|65#347
PCR,2026-08-19,C,19,false,TBMPCR8Stage2,GT 1765 ROYL,175/65 R15 UX ROYALE (+5 SKUs),R15,R15,1325217515084HURL2,6,495.0,3,2026-08-20 04:56,2026-08-20 13:02,8.11,true,true,GT 2267 ROYL HYU,42.0,42.0,0.0,PCR|TBMPCR8Stage2|42#832
PCR,2026-08-19,C,19,false,TBMPCR6Stage2,GT1814 XPC,185 R14 ULTIMA XPC (+1 SKUs),"",(no rim),1D25218Z14008QXPC0,2,155.0,1,2026-08-20 04:57,2026-08-20 08:03,3.1,true,true,GT 1844 XPC TML,42.0,42.0,0.0,PCR|TBMPCR6Stage2|99#637
PCR,2026-08-19,C,19,false,TBMPCR3Stage2,GT 1995 ROYL KIA,195/65R15 UX ROYALE (+10 SKUs),R15,R15,1325219515091HURL2,11,665.0,4,2026-08-20 05:15,2026-08-20 16:31,11.27,true,true,GT1513 NEO,60.0,60.0,0.0,PCR|TBMPCR3Stage2|66#348
PCR,2026-08-20,A,20,false,TBMPCR4Stage2,GT 1672 SPT,165/70R12 ULTIMA SPORTS,"",(no rim),1325216612077TUSP0,1,314.0,2,2026-08-20 07:13,2026-08-20 11:40,4.45,true,true,GT 1402 XPC TATA,347.3666666666667,60.0,0.0,PCR|TBMPCR4Stage2|43#424
PCR,2026-08-20,A,20,false,TBMPCR9Stage2,GT 2158 ROYL HYU,215/55R18 UX ROYALE (+1 SKUs),R18,R18,1325221318095HURL0,2,460.0,3,2026-08-20 08:03,2026-08-20 16:29,8.43,true,false,GT 2568 HT2,94.6,22.0,0.0,PCR|TBMPCR9Stage2|64#919
PCR,2026-08-20,A,20,false,TBMPCR2Stage2,GT 2258 RAN HPE,225/55 R 18 Ranger Hpe (+1 SKUs),R 18,R18,1325222318098HRHE0,2,463.0,3,2026-08-20 09:06,2026-08-20 18:45,9.65,true,true,GT 1482 UHL,60.0,60.0,0.0,PCR|TBMPCR2Stage2|41#249
PCR,2026-08-20,A,20,false,TBMPCR6Stage2,GT 1634 XPC TATA,165 R14 ULTIMA XPC TATA TL (+5 SKUs),R14,R14,1D25216814008QXPC0,6,306.0,2,2026-08-20 09:28,2026-08-20 13:43,4.25,true,true,GT1814 XPC,84.68333333333334,42.0,0.0,PCR|TBMPCR6Stage2|100#638
PCR,2026-08-20,A,20,false,TBMPCR10Stage2,GT 1773 NEO,175/70 R13 ULTIMA NEO,R13,R13,1325217613082TUNE0,1,309.0,2,2026-08-20 10:45,2026-08-20 14:52,4.12,true,false,GT 1513 XPC1 MSIL,165.3,22.0,0.0,PCR|TBMPCR10Stage2|44#46
PCR,2026-08-20,A,20,false,TBMPCR4Stage2,GT 1402 XPC TATA,145 R12 ULTIMA XPC TL TATA (+14 SKUs),R12,R12,1D25214012008QXPCT,15,1253.0,8,2026-08-20 12:45,2026-08-21 07:32,18.8,true,true,GT 1672 SPT,64.55,60.0,0.0,PCR|TBMPCR4Stage2|44#425
PCR,2026-08-20,A,20,false,TBMPCR8Stage2,GT 1925 XPC1,195 R15 ULTIMA XPC1 AL,R15,R15,1225219Z15008SXC11,1,305.0,2,2026-08-20 13:24,2026-08-20 20:06,6.69,true,false,GT 1765 ROYL,22.0,22.0,0.0,PCR|TBMPCR8Stage2|43#833
PCR,2026-08-20,A,20,false,TBMPCR6Stage2,GT1914 XPC1,195 R14 ULTIMA XPC1,"",(no rim),1D25219Z14008SXC10,1,154.0,1,2026-08-20 14:25,2026-08-20 17:30,3.08,true,true,GT 1634 XPC TATA,42.0,42.0,0.0,PCR|TBMPCR6Stage2|101#639
PCR,2026-08-20,A,20,false,TBMPCR7Stage2,GT 1583 NEO TATA,155/80 R13 ULTIMA NEO LRR (+2 SKUs),R13,R13,1325215813079TUNE5,3,309.0,2,2026-08-20 14:39,2026-08-20 18:46,4.12,true,false,GT 1503 NEO MSIL,145.23333333333332,22.0,0.0,PCR|TBMPCR7Stage2|59#758
PCR,2026-08-20,B,20,false,TBMPCR3Stage2,GT 1925 XPC1,195 R15 ULTIMA XPC1 AL,R15,R15,1225219Z15008SXC11,1,309.0,2,2026-08-20 16:59,2026-08-20 23:57,6.95,true,false,GT 1995 ROYL KIA,28.0,28.0,0.0,PCR|TBMPCR3Stage2|67#349
PCR,2026-08-20,B,20,false,TBMPCR10Stage2,GT 1513 XPC1 MSIL,155 R13 C ULTIMA XPC1 90/89 S TL (MSIL) (+1 SKUs),R13,R13,1D25215013008SXC10,2,616.0,4,2026-08-20 17:40,2026-08-21 02:13,8.56,true,false,GT 1773 NEO,167.31666666666666,22.0,0.0,PCR|TBMPCR10Stage2|45#47
PCR,2026-08-20,B,20,false,TBMPCR9Stage2,GT 2158 ROYL HYU,215/55R18 UX ROYALE (+1 SKUs),R18,R18,1325221318095HURL0,2,463.0,3,2026-08-20 17:47,2026-08-21 02:17,8.49,false,false,GT 2158 ROYL HYU,78.01666666666667,0.0,0.0,PCR|TBMPCR9Stage2|64#920
PCR,2026-08-20,B,20,false,TBMPCR6Stage2,GT 1634 XPC TATA,165 R14 ULTIMA XPC TATA TL (+5 SKUs),R14,R14,1D25216814008QXPC0,6,308.0,2,2026-08-20 19:02,2026-08-20 23:19,4.28,true,true,GT1914 XPC1,92.51666666666667,42.0,0.0,PCR|TBMPCR6Stage2|102#640
PCR,2026-08-20,B,20,false,TBMPCR7Stage2,GT 1513 XPC1 MSIL,155 R13 C ULTIMA XPC1 90/89 S TL (MSIL) (+1 SKUs),R13,R13,1D25215013008SXC10,2,779.0,5,2026-08-20 19:08,2026-08-21 05:57,10.82,true,false,GT 1583 NEO TATA,22.0,22.0,0.0,PCR|TBMPCR7Stage2|60#759
PCR,2026-08-20,B,20,false,TBMPCR8Stage2,GT 2575 RAN A/T,205/70 R15 C RANGER AT,R15,(no rim),1325220615106SRAT0,1,163.0,1,2026-08-20 20:48,2026-08-20 23:50,3.03,true,true,GT 1925 XPC1,42.0,42.0,0.0,PCR|TBMPCR8Stage2|44#834
PCR,2026-08-20,C,20,false,TBMPCR5Stage2,GT 1975 UX1 EXP,195/60 R15 UX1 EXP,R15,(no rim),1325219415092VUX10,1,159.0,1,2026-08-20 23:28,2026-08-21 02:10,2.69,true,true,GT 1513 XPC1 MSIL,60.0,60.0,0.0,PCR|TBMPCR5Stage2|56#514
PCR,2026-08-20,C,20,false,TBMPCR6Stage2,GT1564 NEO,155/65 R14 ULTIMA NEO,R14,R14,1325215514075TUNE0,1,151.0,1,2026-08-20 23:41,2026-08-21 01:47,2.1,true,false,GT 1634 XPC TATA,22.0,22.0,0.0,PCR|TBMPCR6Stage2|103#641
PCR,2026-08-20,C,20,false,TBMPCR3Stage2,GT1915 LT XPC1,195 R15 ULTIMA XPC1,"",R15,1225219Z15008SXC10,1,151.0,1,2026-08-21 00:25,2026-08-21 03:48,3.4,true,false,GT 1925 XPC1,28.0,28.0,0.0,PCR|TBMPCR3Stage2|68#350
PCR,2026-08-20,C,20,false,TBMPCR2Stage2,GT 1482 UHL,145/80 R 12 ULTIMA HI LIFE TL (+13 SKUs),R12,R12,1325214812074TUHL0,14,473.0,3,2026-08-21 00:31,2026-08-21 07:37,7.1,true,true,GT 2258 RAN HPE,346.6333333333333,60.0,0.0,PCR|TBMPCR2Stage2|42#250
PCR,2026-08-20,C,20,false,TBMPCR8Stage2,GT 1925 XPC1,195 R15 ULTIMA XPC1 AL,R15,R15,1225219Z15008SXC11,1,306.0,2,2026-08-21 01:58,2026-08-21 08:41,6.72,true,true,GT 2575 RAN A/T,127.64999999999999,42.0,0.0,PCR|TBMPCR8Stage2|45#835
PCR,2026-08-20,C,20,false,TBMPCR6Stage2,GT 1844 XPC TML,185 R14 ULTIMA XPC 10 PR (+1 SKUs),R14,R14,1D25218014010RXPCT,2,301.0,2,2026-08-21 02:09,2026-08-21 08:10,6.02,true,false,GT1564 NEO,22.0,22.0,0.0,PCR|TBMPCR6Stage2|104#642
PCR,2026-08-20,C,20,false,TBMPCR10Stage2,GT 1503 NEO MSIL,155/80 R13 ULTIMA NEO MSIL (+6 SKUs),R13,R13,1325215813079TUNE3,7,926.0,6,2026-08-21 02:35,2026-08-21 14:56,12.35,true,false,GT 1513 XPC1 MSIL,22.0,22.0,0.0,PCR|TBMPCR10Stage2|46#48
PCR,2026-08-20,C,20,false,TBMPCR9Stage2,GT 2568 HT2,255/65 R 18 Ranger HT2 111 H,R18,R18,1325225518111HRHB0,1,307.0,2,2026-08-21 02:39,2026-08-21 09:23,6.74,true,false,GT 2158 ROYL HYU,22.0,22.0,0.0,PCR|TBMPCR9Stage2|65#921
PCR,2026-08-20,C,20,false,TBMPCR5Stage2,GT 1844 UXT,185/65 R14 UX TOURING (+1 SKUs),R14,(no rim),1325218514086HUTR0,2,154.0,1,2026-08-21 04:16,2026-08-21 06:34,2.31,true,false,GT 1975 UX1 EXP,126.1,28.0,0.0,PCR|TBMPCR5Stage2|57#515
PCR,2026-08-20,C,20,false,TBMPCR3Stage2,GT 1765 ROYL,175/65 R15 UX ROYALE (+5 SKUs),R15,R15,1325217515084HURL2,6,965.0,6,2026-08-21 04:28,2026-08-21 20:49,16.35,true,false,GT1915 LT XPC1,39.68333333333333,28.0,0.0,PCR|TBMPCR3Stage2|69#351
PCR,2026-08-20,C,20,false,TBMPCR7Stage2,GT 1773 NEO,175/70 R13 ULTIMA NEO,R13,R13,1325217613082TUNE0,1,309.0,2,2026-08-21 06:19,2026-08-21 10:27,4.12,true,false,GT 1513 XPC1 MSIL,22.0,22.0,0.0,PCR|TBMPCR7Stage2|61#760
PCR,2026-08-21,A,21,false,TBMPCR5Stage2,GT1513 NEO,155/65 R 13 ULTIMA NEO,R13,(no rim),1325215513073TUNE0,1,320.0,2,2026-08-21 07:34,2026-08-21 12:08,4.57,true,false,GT 1844 UXT,60.0,28.0,0.0,PCR|TBMPCR5Stage2|58#516
PCR,2026-08-21,A,21,false,TBMPCR2Stage2,GT 2568 HT2,255/65 R 18 Ranger HT2 111 H,R18,R18,1325225518111HRHB0,1,307.0,2,2026-08-21 08:37,2026-08-21 15:31,6.91,true,true,GT 1482 UHL,60.0,60.0,0.0,PCR|TBMPCR2Stage2|43#251
PCR,2026-08-21,A,21,false,TBMPCR6Stage2,GT1914 XPC1,195 R14 ULTIMA XPC1,"",(no rim),1D25219Z14008SXC10,1,154.0,1,2026-08-21 08:52,2026-08-21 11:57,3.08,true,true,GT 1844 XPC TML,42.0,42.0,0.0,PCR|TBMPCR6Stage2|105#643
PCR,2026-08-21,A,21,false,TBMPCR4Stage2,GT 1482 UHL,145/80 R 12 ULTIMA HI LIFE TL (+13 SKUs),R12,R12,1325214812074TUHL0,14,471.0,3,2026-08-21 09:01,2026-08-21 16:05,7.06,true,false,GT 1402 XPC TATA,88.86666666666666,28.0,0.0,PCR|TBMPCR4Stage2|45#426
PCR,2026-08-21,A,21,false,TBMPCR8Stage2,GT 2575 RAN A/T,205/70 R15 C RANGER AT,R15,(no rim),1325220615106SRAT0,1,163.0,1,2026-08-21 09:23,2026-08-21 12:25,3.03,true,true,GT 1925 XPC1,42.0,42.0,0.0,PCR|TBMPCR8Stage2|46#836
PCR,2026-08-21,A,21,false,TBMPCR11Stage2,GT 2476 SUP MM,245/75 R16 ELANZO SUPRA,"",R16,1325224716111SELS0,1,619.0,4,2026-08-21 09:59,2026-08-21 22:53,12.9,false,false,GT 2476 SUP MM,518.8333333333334,0.0,0.0,PCR|TBMPCR11Stage2|39#114
PCR,2026-08-21,A,21,false,TBMPCR7Stage2,GT 1513 XPC1 MSIL,155 R13 C ULTIMA XPC1 90/89 S TL (MSIL) (+1 SKUs),R13,R13,1D25215013008SXC10,2,624.0,4,2026-08-21 10:49,2026-08-21 19:29,8.67,true,false,GT 1773 NEO,22.0,22.0,0.0,PCR|TBMPCR7Stage2|62#761
PCR,2026-08-21,A,21,false,TBMPCR9Stage2,GT 2158 ROYL HYU,215/55R18 UX ROYALE (+1 SKUs),R18,R18,1325221318095HURL0,2,459.0,3,2026-08-21 12:39,2026-08-21 21:04,8.41,true,false,GT 2568 HT2,195.91666666666666,22.0,0.0,PCR|TBMPCR9Stage2|66#922
PCR,2026-08-21,A,21,false,TBMPCR8Stage2,GT 2267 ROYL HYU,215/60 R17 UX ROYALE HYUNDAI (+9 SKUs),R17,R17,1325221417096HURL0,10,784.0,5,2026-08-21 13:07,2026-08-22 02:37,13.5,true,true,GT 2575 RAN A/T,42.0,42.0,0.0,PCR|TBMPCR8Stage2|47#837
PCR,2026-08-21,A,21,false,TBMPCR5Stage2,GT 1844 UXT,185/65 R14 UX TOURING (+1 SKUs),R14,(no rim),1325218514086HUTR0,2,154.0,1,2026-08-21 13:08,2026-08-21 15:27,2.31,true,false,GT1513 NEO,60.0,28.0,0.0,PCR|TBMPCR5Stage2|59#517
PCR,2026-08-21,A,21,false,TBMPCR1Stage2,GT  T1457 STAR,T145/70 R17 STAR XT (+2 SKUs),R17,R17,1325214617107MSXT0,3,307.0,2,2026-08-21 14:05,2026-08-21 19:27,5.37,true,false,GT 2267 ROYL HYU,666.4,28.0,0.0,PCR|TBMPCR1Stage2|29#175
PCR,2026-08-21,A,21,false,TBMPCR6Stage2,GT 1634 XPC TATA,165 R14 ULTIMA XPC TATA TL (+5 SKUs),R14,R14,1D25216814008QXPC0,6,310.0,2,2026-08-21 14:13,2026-08-21 18:31,4.31,true,true,GT1914 XPC1,135.93333333333334,42.0,0.0,PCR|TBMPCR6Stage2|106#644
PCR,2026-08-21,B,21,false,TBMPCR2Stage2,GT 2258 RAN HPE,225/55 R 18 Ranger Hpe (+1 SKUs),R 18,R18,1325222318098HRHE0,2,618.0,4,2026-08-21 15:59,2026-08-22 04:52,12.88,true,false,GT 2568 HT2,28.0,28.0,0.0,PCR|TBMPCR2Stage2|44#252
PCR,2026-08-21,B,21,false,TBMPCR4Stage2,GT 1402 XPC TATA,145 R12 ULTIMA XPC TL TATA (+14 SKUs),R12,R12,1D25214012008QXPCT,15,624.0,4,2026-08-21 16:33,2026-08-22 01:55,9.36,true,false,GT 1482 UHL,28.0,28.0,0.0,PCR|TBMPCR4Stage2|46#427
PCR,2026-08-21,B,21,false,TBMPCR5Stage2,GT 1513 XPC1 MSIL,155 R13 C ULTIMA XPC1 90/89 S TL (MSIL) (+1 SKUs),R13,R13,1D25215013008SXC10,2,772.0,5,2026-08-21 17:25,2026-08-22 04:59,11.58,true,true,GT 1844 UXT,117.46666666666667,60.0,0.0,PCR|TBMPCR5Stage2|60#518
PCR,2026-08-21,B,21,false,TBMPCR10Stage2,GT 1773 NEO,175/70 R13 ULTIMA NEO,R13,R13,1325217613082TUNE0,1,309.0,2,2026-08-21 17:59,2026-08-21 22:06,4.12,true,false,GT 1503 NEO MSIL,183.01666666666665,22.0,0.0,PCR|TBMPCR10Stage2|47#49
PCR,2026-08-21,B,21,false,TBMPCR6Stage2,GT1564 NEO,155/65 R14 ULTIMA NEO,R14,R14,1325215514075TUNE0,1,451.0,3,2026-08-21 18:53,2026-08-22 01:09,6.26,true,false,GT 1634 XPC TATA,22.0,22.0,0.0,PCR|TBMPCR6Stage2|107#645
PCR,2026-08-21,B,21,false,TBMPCR7Stage2,GT 1583 NEO TATA,155/80 R13 ULTIMA NEO LRR (+2 SKUs),R13,R13,1325215813079TUNE5,3,309.0,2,2026-08-21 20:34,2026-08-22 00:42,4.12,true,false,GT 1513 XPC1 MSIL,65.65,22.0,0.0,PCR|TBMPCR7Stage2|63#762
PCR,2026-08-21,B,21,false,TBMPCR10Stage2,GT 1503 NEO MSIL,155/80 R13 ULTIMA NEO MSIL (+6 SKUs),R13,R13,1325215813079TUNE3,7,926.0,6,2026-08-21 22:28,2026-08-22 10:49,12.35,true,false,GT 1773 NEO,22.0,22.0,0.0,PCR|TBMPCR10Stage2|48#50
PCR,2026-08-21,B,21,false,TBMPCR9Stage2,GT 2568 HT2,255/65 R 18 Ranger HT2 111 H,R18,R18,1325225518111HRHB0,1,312.0,2,2026-08-21 22:57,2026-08-22 05:48,6.85,true,false,GT 2158 ROYL HYU,113.64999999999999,22.0,0.0,PCR|TBMPCR9Stage2|67#923
PCR,2026-08-21,C,21,false,TBMPCR3Stage2,GT 1995 ROYL KIA,195/65R15 UX ROYALE (+10 SKUs),R15,R15,1325219515091HURL2,11,665.0,4,2026-08-21 23:04,2026-08-22 10:21,11.27,true,false,GT 1765 ROYL,135.25,28.0,0.0,PCR|TBMPCR3Stage2|70#352
PCR,2026-08-21,C,21,false,TBMPCR1Stage2,GT 2267 ROYL HYU,215/60 R17 UX ROYALE HYUNDAI (+9 SKUs),R17,R17,1325221417096HURL0,10,780.0,5,2026-08-21 23:42,2026-08-22 13:34,13.87,true,false,GT  T1457 STAR,254.75,28.0,0.0,PCR|TBMPCR1Stage2|30#176
PCR,2026-08-21,C,21,false,TBMPCR7Stage2,GT 1513 XPC1 MSIL,155 R13 C ULTIMA XPC1 90/89 S TL (MSIL) (+1 SKUs),R13,R13,1D25215013008SXC10,2,1394.0,9,2026-08-22 01:04,2026-08-22 20:25,19.36,true,false,GT 1583 NEO TATA,22.0,22.0,0.0,PCR|TBMPCR7Stage2|64#763
PCR,2026-08-21,C,21,false,TBMPCR6Stage2,GT1814 XPC,185 R14 ULTIMA XPC (+1 SKUs),"",(no rim),1D25218Z14008QXPC0,2,155.0,1,2026-08-22 01:51,2026-08-22 04:57,3.1,true,true,GT1564 NEO,42.0,42.0,0.0,PCR|TBMPCR6Stage2|108#646
PCR,2026-08-21,C,21,false,TBMPCR4Stage2,GT 1672 SPT,165/70R12 ULTIMA SPORTS,"",(no rim),1325216612077TUSP0,1,157.0,1,2026-08-22 02:55,2026-08-22 05:08,2.22,true,true,GT 1402 XPC TATA,60.0,60.0,0.0,PCR|TBMPCR4Stage2|47#428
PCR,2026-08-21,C,21,false,TBMPCR11Stage2,GT2776 RAN AT,235/70 R16 105T RANGER AT,R16,R16,1325223616105TRAT0,1,155.0,1,2026-08-22 04:42,2026-08-22 07:56,3.23,true,false,GT 2476 SUP MM,349.0,22.0,0.0,PCR|TBMPCR11Stage2|40#115
PCR,2026-08-21,C,21,false,TBMPCR6Stage2,GT 1844 XPC TML,185 R14 ULTIMA XPC 10 PR (+1 SKUs),R14,R14,1D25218014010RXPCT,2,301.0,2,2026-08-22 05:39,2026-08-22 11:40,6.02,true,true,GT1814 XPC,42.0,42.0,0.0,PCR|TBMPCR6Stage2|109#647
PCR,2026-08-21,C,21,false,TBMPCR2Stage2,GT 1402 XPC TATA,145 R12 ULTIMA XPC TL TATA (+14 SKUs),R12,R12,1D25214012008QXPCT,15,627.0,4,2026-08-22 05:54,2026-08-22 15:18,9.4,true,true,GT 2258 RAN HPE,62.166666666666664,60.0,0.0,PCR|TBMPCR2Stage2|45#253
PCR,2026-08-21,C,21,false,TBMPCR5Stage2,GT1513 NEO,155/65 R 13 ULTIMA NEO,R13,(no rim),1325215513073TUNE0,1,160.0,1,2026-08-22 05:59,2026-08-22 08:15,2.27,true,true,GT 1513 XPC1 MSIL,60.0,60.0,0.0,PCR|TBMPCR5Stage2|61#519
PCR,2026-08-21,C,21,false,TBMPCR9Stage2,GT 2158 ROYL HYU,215/55R18 UX ROYALE (+1 SKUs),R18,R18,1325221318095HURL0,2,1384.0,9,2026-08-22 06:10,2026-08-23 07:33,25.37,true,false,GT 2568 HT2,22.0,22.0,0.0,PCR|TBMPCR9Stage2|68#924
PCR,2026-08-22,A,22,false,TBMPCR8Stage2,GT 2575 RAN A/T,205/70 R15 C RANGER AT,R15,(no rim),1325220615106SRAT0,1,163.0,1,2026-08-22 07:49,2026-08-22 10:52,3.03,true,true,GT 2267 ROYL HYU,312.71666666666664,42.0,0.0,PCR|TBMPCR8Stage2|48#838
PCR,2026-08-22,A,22,false,TBMPCR11Stage2,GT 2476 SUP MM,245/75 R16 ELANZO SUPRA,"",R16,1325224716111SELS0,1,634.0,4,2026-08-22 08:18,2026-08-22 21:30,13.21,true,false,GT2776 RAN AT,22.0,22.0,0.0,PCR|TBMPCR11Stage2|41#116
PCR,2026-08-22,A,22,false,TBMPCR5Stage2,GT 1975 UX1 EXP,195/60 R15 UX1 EXP,R15,(no rim),1325219415092VUX10,1,318.0,2,2026-08-22 09:15,2026-08-22 14:39,5.39,true,false,GT1513 NEO,60.0,28.0,0.0,PCR|TBMPCR5Stage2|62#520
PCR,2026-08-22,A,22,false,TBMPCR4Stage2,GT 1672 SPT,165/70R12 ULTIMA SPORTS,"",(no rim),1325216612077TUSP0,1,156.0,1,2026-08-22 10:49,2026-08-22 13:02,2.21,false,false,GT 1672 SPT,340.7,0.0,0.0,PCR|TBMPCR4Stage2|47#429
PCR,2026-08-22,A,22,false,TBMPCR8Stage2,GT 2267 ROYL HYU,215/60 R17 UX ROYALE HYUNDAI (+9 SKUs),R17,R17,1325221417096HURL0,10,802.0,5,2026-08-22 11:34,2026-08-23 01:22,13.81,true,true,GT 2575 RAN A/T,42.0,42.0,0.0,PCR|TBMPCR8Stage2|49#839
PCR,2026-08-22,A,22,false,TBMPCR6Stage2,GT 1634 XPC TATA,165 R14 ULTIMA XPC TATA TL (+5 SKUs),R14,R14,1D25216814008QXPC0,6,306.0,2,2026-08-22 12:02,2026-08-22 16:17,4.25,true,false,GT 1844 XPC TML,22.0,22.0,0.0,PCR|TBMPCR6Stage2|110#648
PCR,2026-08-22,A,22,false,TBMPCR10Stage2,GT 1583 NEO TATA,155/80 R13 ULTIMA NEO LRR (+2 SKUs),R13,R13,1325215813079TUNE5,3,309.0,2,2026-08-22 13:52,2026-08-22 17:59,4.12,true,false,GT 1503 NEO MSIL,183.01666666666665,22.0,0.0,PCR|TBMPCR10Stage2|49#51
PCR,2026-08-22,A,22,false,TBMPCR4Stage2,GT 1402 XPC TATA,145 R12 ULTIMA XPC TL TATA (+14 SKUs),R12,R12,1D25214012008QXPCT,15,624.0,4,2026-08-22 14:02,2026-08-22 23:23,9.36,true,true,GT 1672 SPT,60.0,60.0,0.0,PCR|TBMPCR4Stage2|48#430
PCR,2026-08-22,A,22,false,TBMPCR1Stage2,GT  T1457 STAR,T145/70 R17 STAR XT (+2 SKUs),R17,R17,1325214617107MSXT0,3,307.0,2,2026-08-22 14:02,2026-08-22 19:24,5.37,true,false,GT 2267 ROYL HYU,28.0,28.0,0.0,PCR|TBMPCR1Stage2|31#177
PCR,2026-08-22,B,22,false,TBMPCR5Stage2,GT 1844 UXT,185/65 R14 UX TOURING (+1 SKUs),R14,(no rim),1325218514086HUTR0,2,154.0,1,2026-08-22 16:08,2026-08-22 18:26,2.31,true,false,GT 1975 UX1 EXP,89.13333333333333,28.0,0.0,PCR|TBMPCR5Stage2|63#521
PCR,2026-08-22,B,22,false,TBMPCR2Stage2,GT 2258 RAN HPE,225/55 R 18 Ranger Hpe (+1 SKUs),R 18,R18,1325222318098HRHE0,2,327.0,2,2026-08-22 16:18,2026-08-22 23:07,6.81,true,true,GT 1402 XPC TATA,60.0,60.0,0.0,PCR|TBMPCR2Stage2|46#254
PCR,2026-08-22,B,22,false,TBMPCR6Stage2,GT1914 XPC1,195 R14 ULTIMA XPC1,"",(no rim),1D25219Z14008SXC10,1,154.0,1,2026-08-22 16:59,2026-08-22 20:04,3.08,true,true,GT 1634 XPC TATA,42.0,42.0,0.0,PCR|TBMPCR6Stage2|111#649
PCR,2026-08-22,B,22,false,TBMPCR10Stage2,GT 1503 NEO MSIL,155/80 R13 ULTIMA NEO MSIL (+6 SKUs),R13,R13,1325215813079TUNE3,7,922.0,6,2026-08-22 18:21,2026-08-23 06:39,12.29,true,false,GT 1583 NEO TATA,22.0,22.0,0.0,PCR|TBMPCR10Stage2|50#52
PCR,2026-08-22,B,22,false,TBMPCR3Stage2,GT1915 LT XPC1,195 R15 ULTIMA XPC1,"",R15,1225219Z15008SXC10,1,151.0,1,2026-08-22 18:50,2026-08-22 22:14,3.4,true,false,GT 1995 ROYL KIA,509.09999999999997,28.0,0.0,PCR|TBMPCR3Stage2|71#353
PCR,2026-08-22,B,22,false,TBMPCR5Stage2,GT 1513 XPC1 MSIL,155 R13 C ULTIMA XPC1 90/89 S TL (MSIL) (+1 SKUs),R13,R13,1D25215013008SXC10,2,1388.0,9,2026-08-22 19:26,2026-08-23 16:16,20.82,true,true,GT 1844 UXT,60.0,60.0,0.0,PCR|TBMPCR5Stage2|64#522
PCR,2026-08-22,B,22,false,TBMPCR6Stage2,GT 1634 XPC TATA,165 R14 ULTIMA XPC TATA TL (+5 SKUs),R14,R14,1D25216814008QXPC0,6,307.0,2,2026-08-22 20:46,2026-08-23 01:02,4.26,true,true,GT1914 XPC1,42.0,42.0,0.0,PCR|TBMPCR6Stage2|112#650
PCR,2026-08-22,B,22,false,TBMPCR7Stage2,GT 1773 NEO,175/70 R13 ULTIMA NEO,R13,R13,1325217613082TUNE0,1,309.0,2,2026-08-22 20:47,2026-08-23 00:54,4.12,true,false,GT 1513 XPC1 MSIL,22.0,22.0,0.0,PCR|TBMPCR7Stage2|65#764
PCR,2026-08-22,B,22,false,TBMPCR3Stage2,GT 1765 ROYL,175/65 R15 UX ROYALE (+5 SKUs),R15,R15,1325217515084HURL2,6,518.0,3,2026-08-22 22:42,2026-08-23 07:28,8.78,true,false,GT1915 LT XPC1,28.0,28.0,0.0,PCR|TBMPCR3Stage2|72#354
PCR,2026-08-22,C,22,false,TBMPCR2Stage2,GT 2568 HT2,255/65 R 18 Ranger HT2 111 H,R18,R18,1325225518111HRHB0,1,325.0,2,2026-08-22 23:35,2026-08-23 06:54,7.31,true,false,GT 2258 RAN HPE,28.0,28.0,0.0,PCR|TBMPCR2Stage2|47#255
PCR,2026-08-22,C,22,false,TBMPCR4Stage2,GT 1482 UHL,145/80 R 12 ULTIMA HI LIFE TL (+13 SKUs),R12,R12,1325214812074TUHL0,14,471.0,3,2026-08-22 23:51,2026-08-23 06:55,7.06,true,false,GT 1402 XPC TATA,28.0,28.0,0.0,PCR|TBMPCR4Stage2|49#431
PCR,2026-08-22,C,22,false,TBMPCR6Stage2,GT 1844 XPC TML,185 R14 ULTIMA XPC 10 PR (+1 SKUs),R14,R14,1D25218014010RXPCT,2,305.0,2,2026-08-23 01:24,2026-08-23 07:30,6.1,true,false,GT 1634 XPC TATA,22.0,22.0,0.0,PCR|TBMPCR6Stage2|113#651
PCR,2026-08-22,C,22,false,TBMPCR8Stage2,GT 1995 ROYL KIA,195/65R15 UX ROYALE (+10 SKUs),R15,R15,1325219515091HURL2,11,708.0,4,2026-08-23 02:04,2026-08-23 13:40,11.6,true,true,GT 2267 ROYL HYU,42.0,42.0,0.0,PCR|TBMPCR8Stage2|50#840
PCR,2026-08-22,C,22,false,TBMPCR1Stage2,GT  T1457 STAR,T145/70 R17 STAR XT (+2 SKUs),R17,R17,1325214617107MSXT0,3,306.0,2,2026-08-23 04:57,2026-08-23 10:18,5.36,false,false,GT  T1457 STAR,572.6,0.0,0.0,PCR|TBMPCR1Stage2|31#178
PCR,2026-08-23,A,23,false,TBMPCR2Stage2,GT 2476 SUP MM,245/75 R16 ELANZO SUPRA,"",R16,1325224716111SELS0,1,634.0,4,2026-08-23 07:54,2026-08-23 21:17,13.38,true,true,GT 2568 HT2,60.0,60.0,0.0,PCR|TBMPCR2Stage2|48#256
PCR,2026-08-23,A,23,false,TBMPCR9Stage2,GT 2568 HT2,255/65 R 18 Ranger HT2 111 H,R18,R18,1325225518111HRHB0,1,312.0,2,2026-08-23 07:55,2026-08-23 14:45,6.85,true,false,GT 2158 ROYL HYU,22.0,22.0,0.0,PCR|TBMPCR9Stage2|69#925
PCR,2026-08-23,A,23,false,TBMPCR4Stage2,GT 1672 SPT,165/70R12 ULTIMA SPORTS,"",(no rim),1325216612077TUSP0,1,156.0,1,2026-08-23 07:55,2026-08-23 10:08,2.21,true,true,GT 1482 UHL,60.0,60.0,0.0,PCR|TBMPCR4Stage2|50#432
PCR,2026-08-23,A,23,false,TBMPCR3Stage2,GT 1925 XPC1,195 R15 ULTIMA XPC1 AL,R15,R15,1225219Z15008SXC11,1,628.0,4,2026-08-23 07:56,2026-08-23 22:04,14.13,true,false,GT 1765 ROYL,28.0,28.0,0.0,PCR|TBMPCR3Stage2|73#355
PCR,2026-08-23,A,23,false,TBMPCR11Stage2,GT2776 RAN AT,235/70 R16 105T RANGER AT,R16,R16,1325223616105TRAT0,1,155.0,1,2026-08-23 08:12,2026-08-23 11:25,3.23,true,false,GT 2476 SUP MM,641.3666666666667,22.0,0.0,PCR|TBMPCR11Stage2|42#117
PCR,2026-08-23,A,23,false,TBMPCR6Stage2,GT1814 XPC,185 R14 ULTIMA XPC (+1 SKUs),"",(no rim),1D25218Z14008QXPC0,2,155.0,1,2026-08-23 08:12,2026-08-23 11:18,3.1,true,true,GT 1844 XPC TML,42.0,42.0,0.0,PCR|TBMPCR6Stage2|114#652
PCR,2026-08-23,A,23,false,TBMPCR10Stage2,GT 1773 NEO,175/70 R13 ULTIMA NEO,R13,R13,1325217613082TUNE0,1,326.0,2,2026-08-23 09:31,2026-08-23 13:52,4.35,true,false,GT 1503 NEO MSIL,172.61666666666667,22.0,0.0,PCR|TBMPCR10Stage2|51#53
PCR,2026-08-23,A,23,false,TBMPCR7Stage2,GT 1513 XPC1 MSIL,155 R13 C ULTIMA XPC1 90/89 S TL (MSIL) (+1 SKUs),R13,R13,1D25215013008SXC10,2,618.0,4,2026-08-23 10:46,2026-08-23 19:21,8.58,true,false,GT 1773 NEO,591.2333333333333,22.0,0.0,PCR|TBMPCR7Stage2|66#765
PCR,2026-08-23,A,23,false,TBMPCR1Stage2,GT 2267 ROYL HYU,215/60 R17 UX ROYALE HYUNDAI (+9 SKUs),R17,R17,1325221417096HURL0,10,791.0,5,2026-08-23 10:46,2026-08-24 00:50,14.06,true,false,GT  T1457 STAR,28.0,28.0,0.0,PCR|TBMPCR1Stage2|32#179
PCR,2026-08-23,A,23,false,TBMPCR6Stage2,GT 1844 UXT,185/65 R14 UX TOURING (+1 SKUs),R14,(no rim),1325218514086HUTR0,2,154.0,1,2026-08-23 12:00,2026-08-23 14:08,2.14,true,false,GT1814 XPC,42.0,22.0,0.0,PCR|TBMPCR6Stage2|115#653
PCR,2026-08-23,A,23,false,TBMPCR4Stage2,GT 1402 XPC TATA,145 R12 ULTIMA XPC TL TATA (+14 SKUs),R12,R12,1D25214012008QXPCT,15,629.0,4,2026-08-23 12:22,2026-08-23 21:48,9.44,true,true,GT 1672 SPT,134.48333333333332,60.0,0.0,PCR|TBMPCR4Stage2|51#433
PCR,2026-08-23,A,23,false,TBMPCR10Stage2,GT 1503 NEO MSIL,155/80 R13 ULTIMA NEO MSIL (+6 SKUs),R13,R13,1325215813079TUNE3,7,937.0,6,2026-08-23 14:14,2026-08-24 02:44,12.49,true,false,GT 1773 NEO,22.0,22.0,0.0,PCR|TBMPCR10Stage2|52#54
PCR,2026-08-23,A,23,false,TBMPCR8Stage2,GT 2575 RAN A/T,205/70 R15 C RANGER AT,R15,(no rim),1325220615106SRAT0,1,162.0,1,2026-08-23 14:22,2026-08-23 17:23,3.02,true,true,GT 1995 ROYL KIA,42.0,42.0,0.0,PCR|TBMPCR8Stage2|51#841
PCR,2026-08-23,A,23,false,TBMPCR6Stage2,GT 1844 XPC TML,185 R14 ULTIMA XPC 10 PR (+1 SKUs),R14,R14,1D25218014010RXPCT,2,304.0,2,2026-08-23 14:50,2026-08-23 20:55,6.08,true,true,GT 1844 UXT,42.0,42.0,0.0,PCR|TBMPCR6Stage2|116#654
PCR,2026-08-23,B,23,false,TBMPCR9Stage2,GT 2668 RAN HTP,265/60 R18 RANGER HT,R18,(no rim),1325226418110HRHP0,1,154.0,1,2026-08-23 15:27,2026-08-23 18:40,3.21,true,true,GT 2568 HT2,42.0,42.0,0.0,PCR|TBMPCR9Stage2|70#926
PCR,2026-08-23,B,23,false,TBMPCR5Stage2,GT 1975 UX1 EXP,195/60 R15 UX1 EXP,R15,(no rim),1325219415092VUX10,1,159.0,1,2026-08-23 17:16,2026-08-23 19:57,2.69,true,true,GT 1513 XPC1 MSIL,60.0,60.0,0.0,PCR|TBMPCR5Stage2|65#523
PCR,2026-08-23,B,23,false,TBMPCR9Stage2,GT 2158 ROYL HYU,215/55R18 UX ROYALE (+1 SKUs),R18,R18,1325221318095HURL0,2,458.0,3,2026-08-23 19:22,2026-08-24 03:46,8.4,true,true,GT 2668 RAN HTP,42.0,42.0,0.0,PCR|TBMPCR9Stage2|71#927
PCR,2026-08-23,B,23,false,TBMPCR8Stage2,GT 3125 RAN MT,31X10.5 R15 RANGER MT,R15,R15,1325231015109QRMT0,1,169.0,1,2026-08-23 19:22,2026-08-23 22:22,3.0,true,true,GT 2575 RAN A/T,118.6,42.0,0.0,PCR|TBMPCR8Stage2|52#842
PCR,2026-08-23,B,23,false,TBMPCR7Stage2,GT 1583 NEO TATA,155/80 R13 ULTIMA NEO LRR (+2 SKUs),R13,R13,1325215813079TUNE5,3,308.0,2,2026-08-23 19:43,2026-08-23 23:49,4.11,true,false,GT 1513 XPC1 MSIL,22.0,22.0,0.0,PCR|TBMPCR7Stage2|67#766
PCR,2026-08-23,B,23,false,TBMPCR6Stage2,GT 1634 XPC TATA,165 R14 ULTIMA XPC TATA TL (+5 SKUs),R14,R14,1D25216814008QXPC0,6,310.0,2,2026-08-23 21:17,2026-08-24 01:35,4.31,true,false,GT 1844 XPC TML,22.0,22.0,0.0,PCR|TBMPCR6Stage2|117#655
PCR,2026-08-23,B,23,false,TBMPCR5Stage2,GT1513 NEO,155/65 R 13 ULTIMA NEO,R13,(no rim),1325215513073TUNE0,1,319.0,2,2026-08-23 22:02,2026-08-24 02:33,4.52,true,false,GT 1975 UX1 EXP,124.46666666666667,28.0,0.0,PCR|TBMPCR5Stage2|66#524
PCR,2026-08-23,B,23,false,TBMPCR4Stage2,GT 1482 UHL,145/80 R 12 ULTIMA HI LIFE TL (+13 SKUs),R12,R12,1325214812074TUHL0,14,471.0,3,2026-08-23 22:16,2026-08-24 05:20,7.06,true,false,GT 1402 XPC TATA,28.0,28.0,0.0,PCR|TBMPCR4Stage2|52#434
PCR,2026-08-23,B,23,false,TBMPCR2Stage2,GT 1894 MAX,185/70 R14 TAXIMAX (+6 SKUs),R14,R14,1325218614088TTMX0,7,157.0,1,2026-08-23 22:17,2026-08-24 00:38,2.36,true,true,GT 2476 SUP MM,60.0,60.0,0.0,PCR|TBMPCR2Stage2|49#257
PCR,2026-08-23,B,23,false,TBMPCR3Stage2,GT1915 LT XPC1,195 R15 ULTIMA XPC1,"",R15,1225219Z15008SXC10,1,151.0,1,2026-08-23 22:32,2026-08-24 01:56,3.4,true,false,GT 1925 XPC1,28.0,28.0,0.0,PCR|TBMPCR3Stage2|74#356
PCR,2026-08-23,C,23,false,TBMPCR8Stage2,GT 2267 ROYL HYU,215/60 R17 UX ROYALE HYUNDAI (+9 SKUs),R17,R17,1325221417096HURL0,10,790.0,5,2026-08-23 23:04,2026-08-24 12:41,13.61,true,true,GT 3125 RAN MT,42.0,42.0,0.0,PCR|TBMPCR8Stage2|53#843
PCR,2026-08-23,C,23,false,TBMPCR7Stage2,GT 1513 XPC1 MSIL,155 R13 C ULTIMA XPC1 90/89 S TL (MSIL) (+1 SKUs),R13,R13,1D25215013008SXC10,2,767.0,5,2026-08-24 00:11,2026-08-24 10:50,10.65,true,false,GT 1583 NEO TATA,22.0,22.0,0.0,PCR|TBMPCR7Stage2|68#767
PCR,2026-08-23,C,23,false,TBMPCR2Stage2,GT 2568 HT2,255/65 R 18 Ranger HT2 111 H,R18,R18,1325225518111HRHB0,1,325.0,2,2026-08-24 01:38,2026-08-24 08:57,7.31,true,true,GT 1894 MAX,60.0,60.0,0.0,PCR|TBMPCR2Stage2|50#258
PCR,2026-08-23,C,23,false,TBMPCR6Stage2,GT 1894 MAX,185/70 R14 TAXIMAX (+6 SKUs),R14,R14,1325218614088TTMX0,7,156.0,1,2026-08-24 01:57,2026-08-24 04:07,2.17,true,false,GT 1634 XPC TATA,22.0,22.0,0.0,PCR|TBMPCR6Stage2|118#656
PCR,2026-08-23,C,23,false,TBMPCR5Stage2,GT 1975 UX1 EXP,195/60 R15 UX1 EXP,R15,(no rim),1325219415092VUX10,1,159.0,1,2026-08-24 03:33,2026-08-24 06:15,2.69,true,false,GT1513 NEO,60.0,28.0,0.0,PCR|TBMPCR5Stage2|67#525
PCR,2026-08-23,C,23,false,TBMPCR11Stage2,GT2776 RAN AT,235/70 R16 105T RANGER AT,R16,R16,1325223616105TRAT0,1,155.0,1,2026-08-24 04:03,2026-08-24 07:16,3.23,false,false,GT2776 RAN AT,997.4,0.0,0.0,PCR|TBMPCR11Stage2|42#118
PCR,2026-08-23,C,23,false,TBMPCR9Stage2,GT 2258 RAN HPE,225/55 R 18 Ranger Hpe (+1 SKUs),R 18,R18,1325222318098HRHE0,2,324.0,2,2026-08-24 04:08,2026-08-24 10:47,6.66,true,false,GT 2158 ROYL HYU,22.0,22.0,0.0,PCR|TBMPCR9Stage2|72#928
PCR,2026-08-23,C,23,false,TBMPCR3Stage2,GT 1765 ROYL,175/65 R15 UX ROYALE (+5 SKUs),R15,R15,1325217515084HURL2,6,538.0,3,2026-08-24 05:26,2026-08-24 14:33,9.12,true,false,GT1915 LT XPC1,209.79999999999998,28.0,0.0,PCR|TBMPCR3Stage2|75#357
PCR,2026-08-23,C,23,false,TBMPCR6Stage2,GT1914 XPC1,195 R14 ULTIMA XPC1,"",(no rim),1D25219Z14008SXC10,1,153.0,1,2026-08-24 05:40,2026-08-24 08:44,3.06,true,true,GT 1894 MAX,93.08333333333333,42.0,0.0,PCR|TBMPCR6Stage2|119#657
PCR,2026-08-23,C,23,false,TBMPCR4Stage2,GT 1672 SPT,165/70R12 ULTIMA SPORTS,"",(no rim),1325216612077TUSP0,1,156.0,1,2026-08-24 06:20,2026-08-24 08:33,2.21,true,true,GT 1482 UHL,60.0,60.0,0.0,PCR|TBMPCR4Stage2|53#435
PCR,2026-08-24,A,24,false,TBMPCR5Stage2,GT 1513 XPC1 MSIL,155 R13 C ULTIMA XPC1 90/89 S TL (MSIL) (+1 SKUs),R13,R13,1D25215013008SXC10,2,1394.0,9,2026-08-24 07:15,2026-08-25 04:09,20.91,true,true,GT 1975 UX1 EXP,60.0,60.0,0.0,PCR|TBMPCR5Stage2|68#526
PCR,2026-08-24,A,24,false,TBMPCR1Stage2,GT 2267 ROYL PG,215/60 R 17 UX ROYALE PUNCTURE GUARD,R17,R17,1325221417096HURP0,1,164.0,1,2026-08-24 07:18,2026-08-24 10:40,3.37,true,false,GT 2267 ROYL HYU,387.8666666666667,28.0,0.0,PCR|TBMPCR1Stage2|33#180
PCR,2026-08-24,A,24,false,TBMPCR11Stage2,GT 2476 SUP MM,245/75 R16 ELANZO SUPRA,"",R16,1325224716111SELS0,1,1281.0,8,2026-08-24 07:38,2026-08-25 10:20,26.69,true,false,GT2776 RAN AT,22.0,22.0,0.0,PCR|TBMPCR11Stage2|43#119
PCR,2026-08-24,A,24,false,TBMPCR6Stage2,GT1814 XPC,185 R14 ULTIMA XPC (+1 SKUs),"",(no rim),1D25218Z14008QXPC0,2,155.0,1,2026-08-24 09:26,2026-08-24 12:32,3.1,true,false,GT1914 XPC1,42.0,22.0,0.0,PCR|TBMPCR6Stage2|120#658
PCR,2026-08-24,A,24,false,TBMPCR2Stage2,GT 1482 UHL,145/80 R 12 ULTIMA HI LIFE TL (+13 SKUs),R12,R12,1325214812074TUHL0,14,492.0,3,2026-08-24 09:57,2026-08-24 17:20,7.38,true,true,GT 2568 HT2,60.0,60.0,0.0,PCR|TBMPCR2Stage2|51#259
PCR,2026-08-24,A,24,false,TBMPCR1Stage2,GT 2157 ROYL KIA,215/55R17 UX ROYALE 94V (+3 SKUs),R18,R17,1325221317094VURL0,4,184.0,1,2026-08-24 11:08,2026-08-24 15:07,3.99,true,false,GT 2267 ROYL PG,28.0,28.0,0.0,PCR|TBMPCR1Stage2|34#181
PCR,2026-08-24,A,24,false,TBMPCR9Stage2,GT 2568 HT2,255/65 R 18 Ranger HT2 111 H,R18,R18,1325225518111HRHB0,1,312.0,2,2026-08-24 11:09,2026-08-24 18:00,6.85,true,false,GT 2258 RAN HPE,22.0,22.0,0.0,PCR|TBMPCR9Stage2|73#929
PCR,2026-08-24,A,24,false,TBMPCR7Stage2,GT 1583 NEO TATA,155/80 R13 ULTIMA NEO LRR (+2 SKUs),R13,R13,1325215813079TUNE5,3,308.0,2,2026-08-24 11:12,2026-08-24 15:19,4.11,true,false,GT 1513 XPC1 MSIL,22.0,22.0,0.0,PCR|TBMPCR7Stage2|69#768
PCR,2026-08-24,A,24,false,TBMPCR4Stage2,GT 1402 XPC TATA,145 R12 ULTIMA XPC TL TATA (+14 SKUs),R12,R12,1D25214012008QXPCT,15,624.0,4,2026-08-24 11:38,2026-08-24 21:00,9.36,true,true,GT 1672 SPT,185.66666666666666,60.0,0.0,PCR|TBMPCR4Stage2|54#436
PCR,2026-08-24,A,24,false,TBMPCR10Stage2,GT 1773 NEO,175/70 R13 ULTIMA NEO,R13,R13,1325217613082TUNE0,1,325.0,2,2026-08-24 11:46,2026-08-24 16:06,4.33,true,false,GT 1503 NEO MSIL,541.85,22.0,0.0,PCR|TBMPCR10Stage2|53#55
PCR,2026-08-24,A,24,false,TBMPCR6Stage2,GT 1634 XPC TATA,165 R14 ULTIMA XPC TATA TL (+5 SKUs),R14,R14,1D25216814008QXPC0,6,305.0,2,2026-08-24 13:41,2026-08-24 17:55,4.24,true,true,GT1814 XPC,68.83333333333333,42.0,0.0,PCR|TBMPCR6Stage2|121#659
PCR,2026-08-24,B,24,false,TBMPCR3Stage2,GT 1995 ROYL KIA,195/65R15 UX ROYALE (+10 SKUs),R15,R15,1325219515091HURL2,11,462.0,3,2026-08-24 15:01,2026-08-24 22:50,7.83,true,false,GT 1765 ROYL,28.0,28.0,0.0,PCR|TBMPCR3Stage2|76#358
PCR,2026-08-24,B,24,false,TBMPCR1Stage2,GT  T1457 STAR,T145/70 R17 STAR XT (+2 SKUs),R17,R17,1325214617107MSXT0,3,306.0,2,2026-08-24 15:35,2026-08-24 20:56,5.36,true,false,GT 2157 ROYL KIA,28.0,28.0,0.0,PCR|TBMPCR1Stage2|35#182
PCR,2026-08-24,B,24,false,TBMPCR8Stage2,GT 3125 RAN MT,31X10.5 R15 RANGER MT,R15,R15,1325231015109QRMT0,1,169.0,1,2026-08-24 16:13,2026-08-24 19:13,3.0,true,true,GT 2267 ROYL HYU,212.45,42.0,0.0,PCR|TBMPCR8Stage2|54#844
PCR,2026-08-24,B,24,false,TBMPCR10Stage2,GT 1513 XPC1 MSIL,155 R13 C ULTIMA XPC1 90/89 S TL (MSIL) (+1 SKUs),R13,R13,1D25215013008SXC10,2,1394.0,9,2026-08-24 16:28,2026-08-25 11:49,19.36,true,false,GT 1773 NEO,22.0,22.0,0.0,PCR|TBMPCR10Stage2|54#56
PCR,2026-08-24,B,24,false,TBMPCR7Stage2,GT 1503 NEO MSIL,155/80 R13 ULTIMA NEO MSIL (+6 SKUs),R13,R13,1325215813079TUNE3,7,931.0,6,2026-08-24 16:37,2026-08-25 05:01,12.41,true,false,GT 1583 NEO TATA,77.96666666666667,22.0,0.0,PCR|TBMPCR7Stage2|70#769
PCR,2026-08-24,B,24,false,TBMPCR2Stage2,GT 2258 RAN HPE,225/55 R 18 Ranger Hpe (+1 SKUs),R 18,R18,1325222318098HRHE0,2,324.0,2,2026-08-24 18:20,2026-08-25 01:05,6.75,true,true,GT 1482 UHL,60.0,60.0,0.0,PCR|TBMPCR2Stage2|52#260
PCR,2026-08-24,B,24,false,TBMPCR9Stage2,GT 2158 ROYL HYU,215/55R18 UX ROYALE (+1 SKUs),R18,R18,1325221318095HURL0,2,304.0,2,2026-08-24 18:22,2026-08-24 23:56,5.57,true,false,GT 2568 HT2,22.0,22.0,0.0,PCR|TBMPCR9Stage2|74#930
PCR,2026-08-24,B,24,false,TBMPCR6Stage2,GT1914 XPC1,195 R14 ULTIMA XPC1,"",(no rim),1D25219Z14008SXC10,1,171.0,1,2026-08-24 18:37,2026-08-24 22:02,3.42,true,true,GT 1634 XPC TATA,42.0,42.0,0.0,PCR|TBMPCR6Stage2|122#660
PCR,2026-08-24,B,24,false,TBMPCR8Stage2,GT 2267 ROYL HYU,215/60 R17 UX ROYALE HYUNDAI (+9 SKUs),R17,R17,1325221417096HURL0,10,788.0,5,2026-08-24 19:55,2026-08-25 09:30,13.57,true,true,GT 3125 RAN MT,42.0,42.0,0.0,PCR|TBMPCR8Stage2|55#845
PCR,2026-08-24,B,24,false,TBMPCR1Stage2,GT 2157 ROYL KIA,215/55R17 UX ROYALE 94V (+3 SKUs),R18,R17,1325221317094VURL0,4,183.0,1,2026-08-24 21:24,2026-08-25 01:22,3.96,true,false,GT  T1457 STAR,28.0,28.0,0.0,PCR|TBMPCR1Stage2|36#183
PCR,2026-08-24,B,24,false,TBMPCR6Stage2,GT 1844 XPC TML,185 R14 ULTIMA XPC 10 PR (+1 SKUs),R14,R14,1D25218014010RXPCT,2,315.0,2,2026-08-24 22:44,2026-08-25 05:02,6.3,true,true,GT1914 XPC1,42.0,42.0,0.0,PCR|TBMPCR6Stage2|123#661
PCR,2026-08-24,C,24,false,TBMPCR3Stage2,GT 1925 XPC1,195 R15 ULTIMA XPC1 AL,R15,R15,1225219Z15008SXC11,1,342.0,2,2026-08-24 23:18,2026-08-25 07:00,7.7,true,false,GT 1995 ROYL KIA,28.0,28.0,0.0,PCR|TBMPCR3Stage2|77#359
PCR,2026-08-24,C,24,false,TBMPCR9Stage2,GT 2568 HT2,255/65 R 18 Ranger HT2 111 H,R18,R18,1325225518111HRHB0,1,330.0,2,2026-08-25 00:18,2026-08-25 07:33,7.24,true,false,GT 2158 ROYL HYU,22.0,22.0,0.0,PCR|TBMPCR9Stage2|75#931
PCR,2026-08-24,C,24,false,TBMPCR4Stage2,GT 1412 XPC MM,145 R12 ULTIMA XPC (+6 SKUs),"",R12,1D25114012008QXPC0,7,172.0,1,2026-08-25 01:18,2026-08-25 03:53,2.58,true,false,GT 1402 XPC TATA,258.3666666666667,28.0,0.0,PCR|TBMPCR4Stage2|55#437
PCR,2026-08-24,C,24,false,TBMPCR2Stage2,GT 1482 UHL,145/80 R 12 ULTIMA HI LIFE TL (+13 SKUs),R12,R12,1325214812074TUHL0,14,960.0,6,2026-08-25 02:05,2026-08-25 16:29,14.4,true,true,GT 2258 RAN HPE,60.0,60.0,0.0,PCR|TBMPCR2Stage2|53#261
PCR,2026-08-24,C,24,false,TBMPCR1Stage2,GT  T1457 STAR,T145/70 R17 STAR XT (+2 SKUs),R17,R17,1325214617107MSXT0,3,304.0,2,2026-08-25 04:04,2026-08-25 09:24,5.32,true,false,GT 2157 ROYL KIA,162.03333333333333,28.0,0.0,PCR|TBMPCR1Stage2|37#184
PCR,2026-08-24,C,24,false,TBMPCR4Stage2,GT 1402 XPC TATA,145 R12 ULTIMA XPC TL TATA (+14 SKUs),R12,R12,1D25214012008QXPCT,15,625.0,4,2026-08-25 04:21,2026-08-25 13:44,9.38,true,false,GT 1412 XPC MM,28.0,28.0,0.0,PCR|TBMPCR4Stage2|56#438
PCR,2026-08-24,C,24,false,TBMPCR6Stage2,GT 1894 MAX,185/70 R14 TAXIMAX (+6 SKUs),R14,R14,1325218614088TTMX0,7,156.0,1,2026-08-25 05:24,2026-08-25 07:34,2.17,true,false,GT 1844 XPC TML,22.0,22.0,0.0,PCR|TBMPCR6Stage2|124#662
PCR,2026-08-25,A,25,false,TBMPCR3Stage2,GT1915 LT XPC1,195 R15 ULTIMA XPC1,"",R15,1225219Z15008SXC10,1,150.0,1,2026-08-25 07:28,2026-08-25 10:51,3.38,true,false,GT 1925 XPC1,28.0,28.0,0.0,PCR|TBMPCR3Stage2|78#360
PCR,2026-08-25,A,25,false,TBMPCR9Stage2,GT 2158 ROYL HYU,215/55R18 UX ROYALE (+1 SKUs),R18,R18,1325221318095HURL0,2,458.0,3,2026-08-25 07:55,2026-08-25 16:19,8.4,true,false,GT 2568 HT2,22.0,22.0,0.0,PCR|TBMPCR9Stage2|76#932
PCR,2026-08-25,A,25,false,TBMPCR6Stage2,GT1914 XPC1,195 R14 ULTIMA XPC1,"",(no rim),1D25219Z14008SXC10,1,153.0,1,2026-08-25 08:16,2026-08-25 11:20,3.06,true,true,GT 1894 MAX,42.0,42.0,0.0,PCR|TBMPCR6Stage2|125#663
PCR,2026-08-25,A,25,false,TBMPCR7Stage2,GT 1673 NEO,165/70 R13 ULTIMA NEO,R13,R13,1325216613079HUNE0,1,158.0,1,2026-08-25 09:46,2026-08-25 11:52,2.11,true,false,GT 1503 NEO MSIL,284.21666666666664,22.0,0.0,PCR|TBMPCR7Stage2|71#770
PCR,2026-08-25,A,25,false,TBMPCR1Stage2,GT 2157 ROYL KIA,215/55R17 UX ROYALE 94V (+3 SKUs),R18,R17,1325221317094VURL0,4,184.0,1,2026-08-25 09:52,2026-08-25 13:51,3.99,true,false,GT  T1457 STAR,28.0,28.0,0.0,PCR|TBMPCR1Stage2|38#185
PCR,2026-08-25,A,25,false,TBMPCR8Stage2,GT 2575 RAN A/T,205/70 R15 C RANGER AT,R15,(no rim),1325220615106SRAT0,1,162.0,1,2026-08-25 10:12,2026-08-25 13:12,3.02,true,true,GT 2267 ROYL HYU,42.0,42.0,0.0,PCR|TBMPCR8Stage2|56#846
PCR,2026-08-25,A,25,false,TBMPCR6Stage2,GT 1894 MAX,185/70 R14 TAXIMAX (+6 SKUs),R14,R14,1325218614088TTMX0,7,156.0,1,2026-08-25 12:02,2026-08-25 14:12,2.17,true,true,GT1914 XPC1,42.0,42.0,0.0,PCR|TBMPCR6Stage2|126#664
PCR,2026-08-25,A,25,false,TBMPCR10Stage2,GT 1773 NEO,175/70 R13 ULTIMA NEO,R13,R13,1325217613082TUNE0,1,325.0,2,2026-08-25 12:11,2026-08-25 16:31,4.33,true,false,GT 1513 XPC1 MSIL,22.0,22.0,0.0,PCR|TBMPCR10Stage2|55#57
PCR,2026-08-25,A,25,false,TBMPCR7Stage2,GT 1583 NEO TATA,155/80 R13 ULTIMA NEO LRR (+2 SKUs),R13,R13,1325215813079TUNE5,3,301.0,2,2026-08-25 12:14,2026-08-25 16:15,4.01,true,false,GT 1673 NEO,22.0,22.0,0.0,PCR|TBMPCR7Stage2|72#771
PCR,2026-08-25,A,25,false,TBMPCR1Stage2,GT 2267 ROYL PG,215/60 R 17 UX ROYALE PUNCTURE GUARD,R17,R17,1325221417096HURP0,1,164.0,1,2026-08-25 14:19,2026-08-25 17:41,3.37,true,false,GT 2157 ROYL KIA,28.0,28.0,0.0,PCR|TBMPCR1Stage2|39#186
PCR,2026-08-25,A,25,false,TBMPCR6Stage2,GT 1844 XPC TML,185 R14 ULTIMA XPC 10 PR (+1 SKUs),R14,R14,1D25218014010RXPCT,2,304.0,2,2026-08-25 14:34,2026-08-25 20:38,6.08,true,false,GT 1894 MAX,22.0,22.0,0.0,PCR|TBMPCR6Stage2|127#665
PCR,2026-08-25,A,25,false,TBMPCR4Stage2,GT 1672 SPT,165/70R12 ULTIMA SPORTS,"",(no rim),1325216612077TUSP0,1,156.0,1,2026-08-25 14:44,2026-08-25 16:56,2.21,true,true,GT 1402 XPC TATA,60.0,60.0,0.0,PCR|TBMPCR4Stage2|57#439
PCR,2026-08-25,B,25,false,TBMPCR11Stage2,GT2776 RAN AT,235/70 R16 105T RANGER AT,R16,R16,1325223616105TRAT0,1,155.0,1,2026-08-25 15:10,2026-08-25 18:24,3.23,true,false,GT 2476 SUP MM,290.6333333333333,22.0,0.0,PCR|TBMPCR11Stage2|44#120
PCR,2026-08-25,B,25,false,TBMPCR7Stage2,GT 1503 NEO MSIL,155/80 R13 ULTIMA NEO MSIL (+6 SKUs),R13,R13,1325215813079TUNE3,7,930.0,6,2026-08-25 16:37,2026-08-26 05:01,12.4,true,false,GT 1583 NEO TATA,22.0,22.0,0.0,PCR|TBMPCR7Stage2|73#772
PCR,2026-08-25,B,25,false,TBMPCR9Stage2,GT 2568 HT2,255/65 R 18 Ranger HT2 111 H,R18,R18,1325225518111HRHB0,1,330.0,2,2026-08-25 16:41,2026-08-25 23:55,7.24,true,false,GT 2158 ROYL HYU,22.0,22.0,0.0,PCR|TBMPCR9Stage2|77#933
PCR,2026-08-25,B,25,false,TBMPCR2Stage2,GT 1634 XPC TATA,165 R14 ULTIMA XPC TATA TL (+5 SKUs),R14,R14,1D25216814008QXPC0,6,305.0,2,2026-08-25 17:29,2026-08-25 22:03,4.58,true,true,GT 1482 UHL,60.0,60.0,0.0,PCR|TBMPCR2Stage2|54#262
PCR,2026-08-25,B,25,false,TBMPCR5Stage2,GT1513 NEO,155/65 R 13 ULTIMA NEO,R13,(no rim),1325215513073TUNE0,1,159.0,1,2026-08-25 17:54,2026-08-25 20:09,2.25,true,true,GT 1513 XPC1 MSIL,824.8666666666667,60.0,0.0,PCR|TBMPCR5Stage2|69#527
PCR,2026-08-25,B,25,false,TBMPCR4Stage2,GT 1402 XPC TATA,145 R12 ULTIMA XPC TL TATA (+14 SKUs),R12,R12,1D25214012008QXPCT,15,1304.0,8,2026-08-25 18:17,2026-08-26 13:51,19.56,true,true,GT 1672 SPT,80.6,60.0,0.0,PCR|TBMPCR4Stage2|58#440
PCR,2026-08-25,B,25,false,TBMPCR1Stage2,GT2277 RAN HT,225/65 R17 RANGER HT,R17,(no rim),1325222517102HRHT0,1,165.0,1,2026-08-25 18:41,2026-08-25 22:05,3.39,true,true,GT 2267 ROYL PG,60.0,60.0,0.0,PCR|TBMPCR1Stage2|40#187
PCR,2026-08-25,B,25,false,TBMPCR11Stage2,GT 1856 ROYL,185/55 R16 UX ROYALE,R16,(no rim),1325218316083HURL0,1,179.0,1,2026-08-25 19:06,2026-08-25 22:20,3.23,true,true,GT2776 RAN AT,42.0,42.0,0.0,PCR|TBMPCR11Stage2|45#121
PCR,2026-08-25,B,25,false,TBMPCR5Stage2,GT 1975 UX1 EXP,195/60 R15 UX1 EXP,R15,(no rim),1325219415092VUX10,1,158.0,1,2026-08-25 21:09,2026-08-25 23:50,2.68,true,false,GT1513 NEO,60.0,28.0,0.0,PCR|TBMPCR5Stage2|70#528
PCR,2026-08-25,B,25,false,TBMPCR6Stage2,GT1914 XPC1,195 R14 ULTIMA XPC1,"",(no rim),1D25219Z14008SXC10,1,171.0,1,2026-08-25 21:20,2026-08-26 00:46,3.42,true,true,GT 1844 XPC TML,42.0,42.0,0.0,PCR|TBMPCR6Stage2|128#666
PCR,2026-08-25,B,25,false,TBMPCR10Stage2,GT 1773 NEO,175/70 R13 ULTIMA NEO,R13,R13,1325217613082TUNE0,1,333.0,2,2026-08-25 21:30,2026-08-26 01:56,4.44,false,false,GT 1773 NEO,298.6333333333333,0.0,0.0,PCR|TBMPCR10Stage2|55#58
PCR,2026-08-25,C,25,false,TBMPCR2Stage2,GT 2158 ROYL HYU,215/55R18 UX ROYALE (+1 SKUs),R18,R18,1325221318095HURL0,2,455.0,3,2026-08-25 23:03,2026-08-26 07:39,8.59,true,true,GT 1634 XPC TATA,60.0,60.0,0.0,PCR|TBMPCR2Stage2|55#263
PCR,2026-08-25,C,25,false,TBMPCR1Stage2,GT 2267 ROYL HYU,215/60 R17 UX ROYALE HYUNDAI (+9 SKUs),R17,R17,1325221417096HURL0,10,796.0,5,2026-08-25 23:05,2026-08-26 13:14,14.15,true,true,GT2277 RAN HT,60.0,60.0,0.0,PCR|TBMPCR1Stage2|41#188
PCR,2026-08-25,C,25,false,TBMPCR9Stage2,GT 2668 RAN HTP,265/60 R18 RANGER HT,R18,(no rim),1325226418110HRHP0,1,154.0,1,2026-08-26 00:37,2026-08-26 03:50,3.21,true,true,GT 2568 HT2,42.0,42.0,0.0,PCR|TBMPCR9Stage2|78#934
PCR,2026-08-25,C,25,false,TBMPCR11Stage2,GT 2476 SUP MM,245/75 R16 ELANZO SUPRA,"",R16,1325224716111SELS0,1,646.0,4,2026-08-26 00:41,2026-08-26 14:08,13.46,true,true,GT 1856 ROYL,140.7,42.0,0.0,PCR|TBMPCR11Stage2|46#122
PCR,2026-08-25,C,25,false,TBMPCR6Stage2,GT1814 XPC,185 R14 ULTIMA XPC (+1 SKUs),"",(no rim),1D25218Z14008QXPC0,2,155.0,1,2026-08-26 01:28,2026-08-26 04:34,3.1,true,false,GT1914 XPC1,42.0,22.0,0.0,PCR|TBMPCR6Stage2|129#667
PCR,2026-08-25,C,25,false,TBMPCR10Stage2,GT 1513 XPC1 MSIL,155 R13 C ULTIMA XPC1 90/89 S TL (MSIL) (+1 SKUs),R13,R13,1D25215013008SXC10,2,1391.0,9,2026-08-26 02:18,2026-08-26 21:37,19.32,true,false,GT 1773 NEO,22.0,22.0,0.0,PCR|TBMPCR10Stage2|56#59
PCR,2026-08-25,C,25,false,TBMPCR9Stage2,GT 2568 HT2,255/65 R 18 Ranger HT2 111 H,R18,R18,1325225518111HRHB0,1,157.0,1,2026-08-26 04:32,2026-08-26 07:58,3.45,true,true,GT 2668 RAN HTP,42.0,42.0,0.0,PCR|TBMPCR9Stage2|79#935
PCR,2026-08-25,C,25,false,TBMPCR6Stage2,GT 1894 MAX,185/70 R14 TAXIMAX (+6 SKUs),R14,R14,1325218614088TTMX0,7,156.0,1,2026-08-26 05:16,2026-08-26 07:26,2.17,true,true,GT1814 XPC,42.0,42.0,0.0,PCR|TBMPCR6Stage2|130#668
PCR,2026-08-25,C,25,false,TBMPCR7Stage2,GT 1673 NEO,165/70 R13 ULTIMA NEO,R13,R13,1325216613079HUNE0,1,158.0,1,2026-08-26 05:23,2026-08-26 07:29,2.11,true,false,GT 1503 NEO MSIL,22.0,22.0,0.0,PCR|TBMPCR7Stage2|74#773
PCR,2026-08-25,C,25,false,TBMPCR3Stage2,GT1915 LT XPC1,195 R15 ULTIMA XPC1,"",R15,1225219Z15008SXC10,1,150.0,1,2026-08-26 06:02,2026-08-26 09:24,3.38,false,false,GT1915 LT XPC1,1151.15,0.0,0.0,PCR|TBMPCR3Stage2|78#361
PCR,2026-08-26,A,26,false,TBMPCR6Stage2,GT1914 XPC1,195 R14 ULTIMA XPC1,"",(no rim),1D25219Z14008SXC10,1,153.0,1,2026-08-26 08:08,2026-08-26 11:11,3.06,true,true,GT 1894 MAX,42.0,42.0,0.0,PCR|TBMPCR6Stage2|131#669
PCR,2026-08-26,A,26,false,TBMPCR9Stage2,GT 2258 RAN HPE,225/55 R 18 Ranger Hpe (+1 SKUs),R 18,R18,1325222318098HRHE0,2,342.0,2,2026-08-26 08:31,2026-08-26 15:33,7.03,true,false,GT 2568 HT2,32.416666666666664,22.0,0.0,PCR|TBMPCR9Stage2|80#936
PCR,2026-08-26,A,26,false,TBMPCR2Stage2,GT 1482 UHL,145/80 R 12 ULTIMA HI LIFE TL (+13 SKUs),R12,R12,1325214812074TUHL0,14,490.0,3,2026-08-26 08:39,2026-08-26 16:00,7.35,true,true,GT 2158 ROYL HYU,60.0,60.0,0.0,PCR|TBMPCR2Stage2|56#264
PCR,2026-08-26,A,26,false,TBMPCR7Stage2,GT 1673 NEO,165/70 R13 ULTIMA NEO,R13,R13,1325216613079HUNE0,1,158.0,1,2026-08-26 09:09,2026-08-26 11:16,2.11,false,false,GT 1673 NEO,100.2,0.0,0.0,PCR|TBMPCR7Stage2|74#774
PCR,2026-08-26,A,26,false,TBMPCR3Stage2,GT 2455 RAN A/T,215/75 R15 RANGER AT,R15,R15,1325221715100SRAT0,1,155.0,1,2026-08-26 09:52,2026-08-26 13:01,3.14,true,false,GT1915 LT XPC1,28.0,28.0,0.0,PCR|TBMPCR3Stage2|79#362
PCR,2026-08-26,A,26,false,TBMPCR7Stage2,GT 1583 NEO TATA,155/80 R13 ULTIMA NEO LRR (+2 SKUs),R13,R13,1325215813079TUNE5,3,301.0,2,2026-08-26 11:38,2026-08-26 15:39,4.01,true,false,GT 1673 NEO,22.0,22.0,0.0,PCR|TBMPCR7Stage2|75#775
PCR,2026-08-26,A,26,false,TBMPCR6Stage2,GT 1844 XPC TML,185 R14 ULTIMA XPC 10 PR (+1 SKUs),R14,R14,1D25218014010RXPCT,2,330.0,2,2026-08-26 11:53,2026-08-26 18:29,6.6,true,true,GT1914 XPC1,42.0,42.0,0.0,PCR|TBMPCR6Stage2|132#670
PCR,2026-08-26,A,26,false,TBMPCR8Stage2,GT 2575 RAN A/T,205/70 R15 C RANGER AT,R15,(no rim),1325220615106SRAT0,1,324.0,2,2026-08-26 12:21,2026-08-26 18:23,6.03,false,false,GT 2575 RAN A/T,1388.3833333333332,0.0,0.0,PCR|TBMPCR8Stage2|56#847
PCR,2026-08-26,A,26,false,TBMPCR3Stage2,GT 1925 XPC1,195 R15 ULTIMA XPC1 AL,R15,R15,1225219Z15008SXC11,1,665.0,4,2026-08-26 13:29,2026-08-27 04:27,14.96,true,false,GT 2455 RAN A/T,28.0,28.0,0.0,PCR|TBMPCR3Stage2|80#363
PCR,2026-08-26,A,26,false,TBMPCR1Stage2,GT 2267 ROYL PG,215/60 R 17 UX ROYALE PUNCTURE GUARD,R17,R17,1325221417096HURP0,1,164.0,1,2026-08-26 13:42,2026-08-26 17:04,3.37,true,false,GT 2267 ROYL HYU,28.0,28.0,0.0,PCR|TBMPCR1Stage2|42#189
PCR,2026-08-26,A,26,false,TBMPCR4Stage2,GT 1672 SPT,165/70R12 ULTIMA SPORTS,"",(no rim),1325216612077TUSP0,1,156.0,1,2026-08-26 14:51,2026-08-26 17:03,2.21,true,true,GT 1402 XPC TATA,60.0,60.0,0.0,PCR|TBMPCR4Stage2|59#441
PCR,2026-08-26,B,26,false,TBMPCR9Stage2,GT 2158 ROYL HYU,215/55R18 UX ROYALE (+1 SKUs),R18,R18,1325221318095HURL0,2,1371.0,9,2026-08-26 15:55,2026-08-27 17:03,25.14,true,false,GT 2258 RAN HPE,22.0,22.0,0.0,PCR|TBMPCR9Stage2|81#937
PCR,2026-08-26,B,26,false,TBMPCR7Stage2,GT 1503 NEO MSIL,155/80 R13 ULTIMA NEO MSIL (+6 SKUs),R13,R13,1325215813079TUNE3,7,924.0,6,2026-08-26 16:01,2026-08-27 04:20,12.32,true,false,GT 1583 NEO TATA,22.0,22.0,0.0,PCR|TBMPCR7Stage2|76#776
PCR,2026-08-26,B,26,false,TBMPCR2Stage2,GT 1402 XPC TATA,145 R12 ULTIMA XPC TL TATA (+14 SKUs),R12,R12,1D25214012008QXPCT,15,651.0,4,2026-08-26 16:28,2026-08-27 02:14,9.76,true,false,GT 1482 UHL,28.0,28.0,0.0,PCR|TBMPCR2Stage2|57#265
PCR,2026-08-26,B,26,false,TBMPCR5Stage2,GT 1975 UX1 EXP,195/60 R15 UX1 EXP,R15,(no rim),1325219415092VUX10,1,158.0,1,2026-08-26 17:06,2026-08-26 19:46,2.68,false,false,GT 1975 UX1 EXP,1035.8666666666666,0.0,0.0,PCR|TBMPCR5Stage2|70#529
PCR,2026-08-26,B,26,false,TBMPCR1Stage2,GT2277 RAN HT,225/65 R17 RANGER HT,R17,(no rim),1325222517102HRHT0,1,165.0,1,2026-08-26 18:04,2026-08-26 21:27,3.39,true,true,GT 2267 ROYL PG,60.0,60.0,0.0,PCR|TBMPCR1Stage2|43#190
PCR,2026-08-26,B,26,false,TBMPCR6Stage2,GT 1634 XPC TATA,165 R14 ULTIMA XPC TATA TL (+5 SKUs),R14,R14,1D25216814008QXPC0,6,304.0,2,2026-08-26 18:51,2026-08-26 23:05,4.22,true,false,GT 1844 XPC TML,22.0,22.0,0.0,PCR|TBMPCR6Stage2|133#671
PCR,2026-08-26,B,26,false,TBMPCR8Stage2,GT 3125 RAN MT,31X10.5 R15 RANGER MT,R15,R15,1325231015109QRMT0,1,169.0,1,2026-08-26 19:05,2026-08-26 22:05,3.0,true,true,GT 2575 RAN A/T,42.0,42.0,0.0,PCR|TBMPCR8Stage2|57#848
PCR,2026-08-26,B,26,false,TBMPCR11Stage2,GT 1856 ROYL,185/55 R16 UX ROYALE,R16,(no rim),1325218316083HURL0,1,179.0,1,2026-08-26 19:28,2026-08-26 22:42,3.23,true,true,GT 2476 SUP MM,319.8,42.0,0.0,PCR|TBMPCR11Stage2|47#123
PCR,2026-08-26,B,26,false,TBMPCR5Stage2,GT 1513 XPC1 MSIL,155 R13 C ULTIMA XPC1 90/89 S TL (MSIL) (+1 SKUs),R13,R13,1D25215013008SXC10,2,1391.0,9,2026-08-26 20:46,2026-08-27 17:38,20.86,true,true,GT 1975 UX1 EXP,60.0,60.0,0.0,PCR|TBMPCR5Stage2|71#530
PCR,2026-08-26,B,26,false,TBMPCR8Stage2,GT 2267 ROYL HYU,215/60 R17 UX ROYALE HYUNDAI (+9 SKUs),R17,R17,1325221417096HURL0,10,804.0,5,2026-08-26 22:47,2026-08-27 12:38,13.85,true,true,GT 3125 RAN MT,42.0,42.0,0.0,PCR|TBMPCR8Stage2|58#849
PCR,2026-08-26,B,26,false,TBMPCR4Stage2,GT 1672 SPT,165/70R12 ULTIMA SPORTS,"",(no rim),1325216612077TUSP0,1,156.0,1,2026-08-26 22:57,2026-08-27 01:10,2.21,false,false,GT 1672 SPT,354.1333333333333,0.0,0.0,PCR|TBMPCR4Stage2|59#442
PCR,2026-08-26,C,26,false,TBMPCR11Stage2,GT2266 RAN HT,215/65 R16 RANGER HT,R16,R16,1325221516098HRHT0,1,157.0,1,2026-08-26 23:24,2026-08-27 02:38,3.23,true,true,GT 1856 ROYL,42.0,42.0,0.0,PCR|TBMPCR11Stage2|48#124
PCR,2026-08-26,C,26,false,TBMPCR6Stage2,GT 1844 XPC TML,185 R14 ULTIMA XPC 10 PR (+1 SKUs),R14,R14,1D25218014010RXPCT,2,304.0,2,2026-08-26 23:27,2026-08-27 05:31,6.08,true,false,GT 1634 XPC TATA,22.0,22.0,0.0,PCR|TBMPCR6Stage2|134#672
PCR,2026-08-26,C,26,false,TBMPCR4Stage2,GT 1412 XPC MM,145 R12 ULTIMA XPC (+6 SKUs),"",R12,1D25114012008QXPC0,7,172.0,1,2026-08-27 02:10,2026-08-27 04:45,2.58,true,true,GT 1672 SPT,60.0,60.0,0.0,PCR|TBMPCR4Stage2|60#443
PCR,2026-08-26,C,26,false,TBMPCR1Stage2,GT  T1457 STAR,T145/70 R17 STAR XT (+2 SKUs),R17,R17,1325214617107MSXT0,3,313.0,2,2026-08-27 02:29,2026-08-27 07:58,5.48,true,true,GT2277 RAN HT,302.0333333333333,60.0,0.0,PCR|TBMPCR1Stage2|44#191
PCR,2026-08-26,C,26,false,TBMPCR11Stage2,GT 2476 SUP MM,245/75 R16 ELANZO SUPRA,"",R16,1325224716111SELS0,1,644.0,4,2026-08-27 03:00,2026-08-27 16:25,13.42,true,false,GT2266 RAN HT,22.0,22.0,0.0,PCR|TBMPCR11Stage2|49#125
PCR,2026-08-26,C,26,false,TBMPCR2Stage2,GT 1634 XPC TATA,165 R14 ULTIMA XPC TATA TL (+5 SKUs),R14,R14,1D25216814008QXPC0,6,306.0,2,2026-08-27 03:14,2026-08-27 07:49,4.59,true,true,GT 1402 XPC TATA,60.0,60.0,0.0,PCR|TBMPCR2Stage2|58#266
PCR,2026-08-26,C,26,false,TBMPCR7Stage2,GT 1583 NEO TATA,155/80 R13 ULTIMA NEO LRR (+2 SKUs),R13,R13,1325215813079TUNE5,3,308.0,2,2026-08-27 04:42,2026-08-27 08:48,4.11,true,false,GT 1503 NEO MSIL,22.0,22.0,0.0,PCR|TBMPCR7Stage2|77#777
PCR,2026-08-26,C,26,false,TBMPCR4Stage2,GT 1482 UHL,145/80 R 12 ULTIMA HI LIFE TL (+13 SKUs),R12,R12,1325214812074TUHL0,14,516.0,3,2026-08-27 05:28,2026-08-27 13:13,7.74,true,false,GT 1412 XPC MM,43.583333333333336,28.0,0.0,PCR|TBMPCR4Stage2|61#444
PCR,2026-08-26,C,26,false,TBMPCR6Stage2,GT1914 XPC1,195 R14 ULTIMA XPC1,"",(no rim),1D25219Z14008SXC10,1,324.0,2,2026-08-27 06:13,2026-08-27 12:42,6.48,true,true,GT 1844 XPC TML,42.0,42.0,0.0,PCR|TBMPCR6Stage2|135#673
PCR,2026-08-27,A,27,false,TBMPCR1Stage2,GT 2157 ROYL KIA,215/55R17 UX ROYALE 94V (+3 SKUs),R18,R17,1325221317094VURL0,4,183.0,1,2026-08-27 08:26,2026-08-27 12:24,3.96,true,false,GT  T1457 STAR,28.0,28.0,0.0,PCR|TBMPCR1Stage2|45#192
PCR,2026-08-27,A,27,false,TBMPCR3Stage2,GT1915 LT XPC1,195 R15 ULTIMA XPC1,"",R15,1225219Z15008SXC10,1,151.0,1,2026-08-27 08:33,2026-08-27 11:57,3.4,true,false,GT 1925 XPC1,246.9,28.0,0.0,PCR|TBMPCR3Stage2|81#364
PCR,2026-08-27,A,27,false,TBMPCR2Stage2,GT 2247 LEVI,225/45R17 LEVITAS 94 Y TL,R17,(no rim),1325222117094YLEV0,1,179.0,1,2026-08-27 08:49,2026-08-27 12:06,3.28,true,true,GT 1634 XPC TATA,60.0,60.0,0.0,PCR|TBMPCR2Stage2|59#267
PCR,2026-08-27,A,27,false,TBMPCR7Stage2,GT 1583 NEO TATA,155/80 R13 ULTIMA NEO LRR (+2 SKUs),R13,R13,1325215813079TUNE5,3,300.0,2,2026-08-27 10:02,2026-08-27 14:02,4.0,false,false,GT 1583 NEO TATA,73.28333333333333,0.0,0.0,PCR|TBMPCR7Stage2|77#778
PCR,2026-08-27,A,27,false,TBMPCR10Stage2,GT 1503 NEO MSIL,155/80 R13 ULTIMA NEO MSIL (+6 SKUs),R13,R13,1325215813079TUNE3,7,918.0,6,2026-08-27 12:30,2026-08-28 00:44,12.24,true,false,GT 1513 XPC1 MSIL,892.6166666666667,22.0,0.0,PCR|TBMPCR10Stage2|57#60
PCR,2026-08-27,A,27,false,TBMPCR2Stage2,GT 1482 UHL,145/80 R 12 ULTIMA HI LIFE TL (+13 SKUs),R12,R12,1325214812074TUHL0,14,516.0,3,2026-08-27 13:06,2026-08-27 20:51,7.74,true,true,GT 2247 LEVI,60.0,60.0,0.0,PCR|TBMPCR2Stage2|60#268
PCR,2026-08-27,A,27,false,TBMPCR8Stage2,GT 3125 RAN MT,31X10.5 R15 RANGER MT,R15,R15,1325231015109QRMT0,1,169.0,1,2026-08-27 13:20,2026-08-27 16:20,3.0,true,true,GT 2267 ROYL HYU,42.0,42.0,0.0,PCR|TBMPCR8Stage2|59#850
PCR,2026-08-27,A,27,false,TBMPCR6Stage2,GT1814 XPC,185 R14 ULTIMA XPC (+1 SKUs),"",(no rim),1D25218Z14008QXPC0,2,154.0,1,2026-08-27 13:24,2026-08-27 16:29,3.08,true,false,GT1914 XPC1,42.0,22.0,0.0,PCR|TBMPCR6Stage2|136#674
PCR,2026-08-27,A,27,false,TBMPCR1Stage2,GT 2267 ROYL PG,215/60 R 17 UX ROYALE PUNCTURE GUARD,R17,R17,1325221417096HURP0,1,163.0,1,2026-08-27 13:32,2026-08-27 16:53,3.35,true,false,GT 2157 ROYL KIA,67.78333333333333,28.0,0.0,PCR|TBMPCR1Stage2|46#193
PCR,2026-08-27,A,27,false,TBMPCR4Stage2,GT 1402 XPC TATA,145 R12 ULTIMA XPC TL TATA (+14 SKUs),R12,R12,1D25214012008QXPCT,15,650.0,4,2026-08-27 13:41,2026-08-27 23:26,9.75,true,false,GT 1482 UHL,28.0,28.0,0.0,PCR|TBMPCR4Stage2|62#445
PCR,2026-08-27,A,27,false,TBMPCR7Stage2,GT 1673 NEO,165/70 R13 ULTIMA NEO,R13,R13,1325216613079HUNE0,1,158.0,1,2026-08-27 14:24,2026-08-27 16:30,2.11,true,false,GT 1583 NEO TATA,22.0,22.0,0.0,PCR|TBMPCR7Stage2|78#779
PCR,2026-08-27,B,27,false,TBMPCR7Stage2,GT 1513 XPC1 MSIL,155 R13 C ULTIMA XPC1 90/89 S TL (MSIL) (+1 SKUs),R13,R13,1D25215013008SXC10,2,1426.0,9,2026-08-27 16:52,2026-08-28 12:40,19.81,true,false,GT 1673 NEO,22.0,22.0,0.0,PCR|TBMPCR7Stage2|79#780
PCR,2026-08-27,B,27,false,TBMPCR8Stage2,GT 2267 ROYL HYU,215/60 R17 UX ROYALE HYUNDAI (+9 SKUs),R17,R17,1325221417096HURL0,10,1630.0,10,2026-08-27 17:02,2026-08-28 21:06,28.07,true,true,GT 3125 RAN MT,42.0,42.0,0.0,PCR|TBMPCR8Stage2|60#851
PCR,2026-08-27,B,27,false,TBMPCR3Stage2,GT1915 LT XPC1,195 R15 ULTIMA XPC1,"",R15,1225219Z15008SXC10,1,151.0,1,2026-08-27 17:05,2026-08-27 20:28,3.4,false,false,GT1915 LT XPC1,307.3,0.0,0.0,PCR|TBMPCR3Stage2|81#365
PCR,2026-08-27,B,27,false,TBMPCR6Stage2,GT 1844 XPC TML,185 R14 ULTIMA XPC 10 PR (+1 SKUs),R14,R14,1D25218014010RXPCT,2,330.0,2,2026-08-27 17:11,2026-08-27 23:47,6.6,true,true,GT1814 XPC,42.0,42.0,0.0,PCR|TBMPCR6Stage2|137#675
PCR,2026-08-27,B,27,false,TBMPCR1Stage2,GT2277 RAN HT,225/65 R17 RANGER HT,R17,(no rim),1325222517102HRHT0,1,165.0,1,2026-08-27 17:53,2026-08-27 21:16,3.39,true,true,GT 2267 ROYL PG,60.0,60.0,0.0,PCR|TBMPCR1Stage2|47#194
PCR,2026-08-27,B,27,false,TBMPCR9Stage2,GT 2568 HT2,255/65 R 18 Ranger HT2 111 H,R18,R18,1325225518111HRHB0,1,174.0,1,2026-08-27 18:04,2026-08-27 21:53,3.82,true,false,GT 2158 ROYL HYU,61.516666666666666,22.0,0.0,PCR|TBMPCR9Stage2|82#938
PCR,2026-08-27,B,27,false,TBMPCR3Stage2,GT 2455 RAN A/T,215/75 R15 RANGER AT,R15,R15,1325221715100SRAT0,1,155.0,1,2026-08-27 20:56,2026-08-28 00:05,3.14,true,false,GT1915 LT XPC1,28.0,28.0,0.0,PCR|TBMPCR3Stage2|82#366
PCR,2026-08-27,B,27,false,TBMPCR11Stage2,GT2266 RAN HT,215/65 R16 RANGER HT,R16,R16,1325221516098HRHT0,1,157.0,1,2026-08-27 21:27,2026-08-28 00:40,3.23,true,false,GT 2476 SUP MM,302.1,22.0,0.0,PCR|TBMPCR11Stage2|50#126
PCR,2026-08-27,B,27,false,TBMPCR2Stage2,GT 2568 HT2,255/65 R 18 Ranger HT2 111 H,R18,R18,1325225518111HRHB0,1,329.0,2,2026-08-27 21:51,2026-08-28 05:15,7.4,true,true,GT 1482 UHL,60.0,60.0,0.0,PCR|TBMPCR2Stage2|61#269
PCR,2026-08-27,B,27,false,TBMPCR9Stage2,GT 2618 RAN ATB,255/65 R18 RANGER AT(BLACK SIDEWALL),R18,R18,1325225518111HRAT1,1,156.0,1,2026-08-27 22:15,2026-08-28 01:41,3.42,true,false,GT 2568 HT2,22.0,22.0,0.0,PCR|TBMPCR9Stage2|83#939
PCR,2026-08-27,B,27,false,TBMPCR1Stage2,GT  T1457 STAR,T145/70 R17 STAR XT (+2 SKUs),R17,R17,1325214617107MSXT0,3,305.0,2,2026-08-27 22:16,2026-08-28 03:37,5.34,true,true,GT2277 RAN HT,60.0,60.0,0.0,PCR|TBMPCR1Stage2|48#195
PCR,2026-08-27,C,27,false,TBMPCR4Stage2,GT 1412 XPC MM,145 R12 ULTIMA XPC (+6 SKUs),"",R12,1D25114012008QXPC0,7,342.0,2,2026-08-27 23:54,2026-08-28 05:01,5.13,true,false,GT 1402 XPC TATA,28.0,28.0,0.0,PCR|TBMPCR4Stage2|63#446
PCR,2026-08-27,C,27,false,TBMPCR6Stage2,GT 1634 XPC TATA,165 R14 ULTIMA XPC TATA TL (+5 SKUs),R14,R14,1D25216814008QXPC0,6,305.0,2,2026-08-28 00:09,2026-08-28 04:23,4.24,true,false,GT 1844 XPC TML,22.0,22.0,0.0,PCR|TBMPCR6Stage2|138#676
PCR,2026-08-27,C,27,false,TBMPCR3Stage2,GT 1925 XPC1,195 R15 ULTIMA XPC1 AL,R15,R15,1225219Z15008SXC11,1,665.0,4,2026-08-28 00:33,2026-08-28 15:31,14.96,true,false,GT 2455 RAN A/T,28.0,28.0,0.0,PCR|TBMPCR3Stage2|83#367
PCR,2026-08-27,C,27,false,TBMPCR11Stage2,GT 1856 ROYL,185/55 R16 UX ROYALE,R16,(no rim),1325218316083HURL0,1,178.0,1,2026-08-28 01:22,2026-08-28 04:35,3.21,true,true,GT2266 RAN HT,42.0,42.0,0.0,PCR|TBMPCR11Stage2|51#127
PCR,2026-08-27,C,27,false,TBMPCR9Stage2,GT 2158 ROYL HYU,215/55R18 UX ROYALE (+1 SKUs),R18,R18,1325221318095HURL0,2,455.0,3,2026-08-28 02:03,2026-08-28 10:23,8.34,true,false,GT 2618 RAN ATB,22.0,22.0,0.0,PCR|TBMPCR9Stage2|84#940
PCR,2026-08-27,C,27,false,TBMPCR6Stage2,GT 1844 XPC TML,185 R14 ULTIMA XPC 10 PR (+1 SKUs),R14,R14,1D25218014010RXPCT,2,304.0,2,2026-08-28 04:45,2026-08-28 10:50,6.08,true,false,GT 1634 XPC TATA,22.0,22.0,0.0,PCR|TBMPCR6Stage2|139#677
PCR,2026-08-27,C,27,false,TBMPCR10Stage2,GT 1773 NEO,175/70 R13 ULTIMA NEO,R13,R13,1325217613082TUNE0,1,332.0,2,2026-08-28 05:16,2026-08-28 09:41,4.43,true,false,GT 1503 NEO MSIL,271.25,22.0,0.0,PCR|TBMPCR10Stage2|58#61
PCR,2026-08-27,C,27,false,TBMPCR11Stage2,GT 2476 SUP MM,245/75 R16 ELANZO SUPRA,"",R16,1325224716111SELS0,1,644.0,4,2026-08-28 05:17,2026-08-28 18:42,13.42,true,true,GT 1856 ROYL,42.016666666666666,42.0,0.0,PCR|TBMPCR11Stage2|52#128
PCR,2026-08-27,C,27,false,TBMPCR4Stage2,GT 1452 XPC MM,145 R12 ULTIMA XPC M&M (+1 SKUs),R2,(no rim),1D25214012008QXPCM,2,171.0,1,2026-08-28 06:01,2026-08-28 08:35,2.56,true,true,GT 1412 XPC MM,60.0,60.0,0.0,PCR|TBMPCR4Stage2|64#447
PCR,2026-08-27,C,27,false,TBMPCR2Stage2,GT 1894 MAX,185/70 R14 TAXIMAX (+6 SKUs),R14,R14,1325218614088TTMX0,7,312.0,2,2026-08-28 06:15,2026-08-28 10:56,4.68,true,true,GT 2568 HT2,60.0,60.0,0.0,PCR|TBMPCR2Stage2|62#270
PCR,2026-08-28,A,28,false,TBMPCR1Stage2,GT  T1457 STAR,T145/70 R17 STAR XT (+2 SKUs),R17,R17,1325214617107MSXT0,3,312.0,2,2026-08-28 07:12,2026-08-28 12:40,5.46,false,false,GT  T1457 STAR,215.48333333333332,0.0,0.0,PCR|TBMPCR1Stage2|48#196
PCR,2026-08-28,A,28,false,TBMPCR4Stage2,GT 1402 XPC TATA,145 R12 ULTIMA XPC TL TATA (+14 SKUs),R12,R12,1D25214012008QXPCT,15,1341.0,8,2026-08-28 09:35,2026-08-29 05:42,20.11,true,true,GT 1452 XPC MM,60.0,60.0,0.0,PCR|TBMPCR4Stage2|65#448
PCR,2026-08-28,A,28,false,TBMPCR10Stage2,GT 1503 NEO MSIL,155/80 R13 ULTIMA NEO MSIL (+6 SKUs),R13,R13,1325215813079TUNE3,7,912.0,6,2026-08-28 10:03,2026-08-28 22:13,12.16,true,false,GT 1773 NEO,22.0,22.0,0.0,PCR|TBMPCR10Stage2|59#62
PCR,2026-08-28,A,28,false,TBMPCR9Stage2,GT 2668 RAN HTP,265/60 R18 RANGER HT,R18,(no rim),1325226418110HRHP0,1,154.0,1,2026-08-28 11:05,2026-08-28 14:18,3.21,true,true,GT 2158 ROYL HYU,42.0,42.0,0.0,PCR|TBMPCR9Stage2|85#941
PCR,2026-08-28,A,28,false,TBMPCR6Stage2,GT1914 XPC1,195 R14 ULTIMA XPC1,"",(no rim),1D25219Z14008SXC10,1,324.0,2,2026-08-28 11:32,2026-08-28 18:01,6.48,true,true,GT 1844 XPC TML,42.0,42.0,0.0,PCR|TBMPCR6Stage2|140#678
PCR,2026-08-28,A,28,false,TBMPCR2Stage2,GT 1482 UHL,145/80 R 12 ULTIMA HI LIFE TL (+13 SKUs),R12,R12,1325214812074TUHL0,14,506.0,3,2026-08-28 11:56,2026-08-28 19:31,7.59,true,true,GT 1894 MAX,60.0,60.0,0.0,PCR|TBMPCR2Stage2|63#271
PCR,2026-08-28,A,28,false,TBMPCR7Stage2,GT 1673 NEO,165/70 R13 ULTIMA NEO,R13,R13,1325216613079HUNE0,1,158.0,1,2026-08-28 13:02,2026-08-28 15:09,2.11,true,false,GT 1513 XPC1 MSIL,22.0,22.0,0.0,PCR|TBMPCR7Stage2|80#781
PCR,2026-08-28,A,28,false,TBMPCR1Stage2,GT 2267 ROYL PG,215/60 R 17 UX ROYALE PUNCTURE GUARD,R17,R17,1325221417096HURP0,1,163.0,1,2026-08-28 13:08,2026-08-28 16:29,3.35,true,false,GT  T1457 STAR,28.0,28.0,0.0,PCR|TBMPCR1Stage2|49#197
PCR,2026-08-28,B,28,false,TBMPCR9Stage2,GT 2158 ROYL HYU,215/55R18 UX ROYALE (+1 SKUs),R18,R18,1325221318095HURL0,2,458.0,3,2026-08-28 15:00,2026-08-28 23:24,8.4,true,true,GT 2668 RAN HTP,42.0,42.0,0.0,PCR|TBMPCR9Stage2|86#942
PCR,2026-08-28,B,28,false,TBMPCR7Stage2,GT 1513 XPC1 MSIL,155 R13 C ULTIMA XPC1 90/89 S TL (MSIL) (+1 SKUs),R13,R13,1D25215013008SXC10,2,1304.0,8,2026-08-28 16:53,2026-08-29 11:00,18.11,true,false,GT 1673 NEO,104.56666666666666,22.0,0.0,PCR|TBMPCR7Stage2|81#782
PCR,2026-08-28,B,28,false,TBMPCR6Stage2,GT1814 XPC,185 R14 ULTIMA XPC (+1 SKUs),"",(no rim),1D25218Z14008QXPC0,2,154.0,1,2026-08-28 18:43,2026-08-28 21:47,3.08,true,false,GT1914 XPC1,42.0,22.0,0.0,PCR|TBMPCR6Stage2|141#679
PCR,2026-08-28,B,28,false,TBMPCR11Stage2,GT2266 RAN HT,215/65 R16 RANGER HT,R16,R16,1325221516098HRHT0,1,313.0,2,2026-08-28 19:04,2026-08-29 01:30,6.43,true,false,GT 2476 SUP MM,22.0,22.0,0.0,PCR|TBMPCR11Stage2|53#129
PCR,2026-08-28,B,28,false,TBMPCR2Stage2,GT 2568 HT2,255/65 R 18 Ranger HT2 111 H,R18,R18,1325225518111HRHB0,1,312.0,2,2026-08-28 20:31,2026-08-29 03:32,7.02,true,true,GT 1482 UHL,60.0,60.0,0.0,PCR|TBMPCR2Stage2|64#272
PCR,2026-08-28,B,28,false,TBMPCR1Stage2,GT2277 RAN HT,225/65 R17 RANGER HT,R17,(no rim),1325222517102HRHT0,1,165.0,1,2026-08-28 21:23,2026-08-29 00:47,3.39,true,true,GT 2267 ROYL PG,294.5,60.0,0.0,PCR|TBMPCR1Stage2|50#198
PCR,2026-08-28,B,28,false,TBMPCR8Stage2,GT 2575 RAN A/T,205/70 R15 C RANGER AT,R15,(no rim),1325220615106SRAT0,1,162.0,1,2026-08-28 21:48,2026-08-29 00:49,3.02,true,true,GT 2267 ROYL HYU,42.0,42.0,0.0,PCR|TBMPCR8Stage2|61#852
PCR,2026-08-28,B,28,false,TBMPCR6Stage2,GT 1634 XPC TATA,165 R14 ULTIMA XPC TATA TL (+5 SKUs),R14,R14,1D25216814008QXPC0,6,304.0,2,2026-08-28 22:29,2026-08-29 02:43,4.22,true,true,GT1814 XPC,42.0,42.0,0.0,PCR|TBMPCR6Stage2|142#680
PCR,2026-08-28,B,28,false,TBMPCR3Stage2,GT 2455 RAN A/T,215/75 R15 RANGER AT,R15,R15,1325221715100SRAT0,1,155.0,1,2026-08-28 22:52,2026-08-29 02:01,3.14,true,false,GT 1925 XPC1,441.56666666666666,28.0,0.0,PCR|TBMPCR3Stage2|84#368
PCR,2026-08-28,C,28,false,TBMPCR9Stage2,GT 2258 RAN HPE,225/55 R 18 Ranger Hpe (+1 SKUs),R 18,R18,1325222318098HRHE0,2,325.0,2,2026-08-28 23:46,2026-08-29 06:26,6.68,true,false,GT 2158 ROYL HYU,22.0,22.0,0.0,PCR|TBMPCR9Stage2|87#943
PCR,2026-08-28,C,28,false,TBMPCR10Stage2,GT 1583 NEO TATA,155/80 R13 ULTIMA NEO LRR (+2 SKUs),R13,R13,1325215813079TUNE5,3,300.0,2,2026-08-29 02:00,2026-08-29 06:00,4.0,true,false,GT 1503 NEO MSIL,227.6,22.0,0.0,PCR|TBMPCR10Stage2|60#63
PCR,2026-08-28,C,28,false,TBMPCR11Stage2,GT 2476 SUP MM,245/75 R16 ELANZO SUPRA,"",R16,1325224716111SELS0,1,710.0,4,2026-08-29 02:11,2026-08-29 16:59,14.79,true,false,GT2266 RAN HT,41.2,22.0,0.0,PCR|TBMPCR11Stage2|54#130
PCR,2026-08-28,C,28,false,TBMPCR3Stage2,GT 1925 XPC1,195 R15 ULTIMA XPC1 AL,R15,R15,1225219Z15008SXC11,1,322.0,2,2026-08-29 02:29,2026-08-29 09:44,7.24,true,false,GT 2455 RAN A/T,28.0,28.0,0.0,PCR|TBMPCR3Stage2|85#369
PCR,2026-08-28,C,28,false,TBMPCR6Stage2,GT 1894 MAX,185/70 R14 TAXIMAX (+6 SKUs),R14,R14,1325218614088TTMX0,7,156.0,1,2026-08-29 03:05,2026-08-29 05:15,2.17,true,false,GT 1634 XPC TATA,22.0,22.0,0.0,PCR|TBMPCR6Stage2|143#681
PCR,2026-08-28,C,28,false,TBMPCR2Stage2,GT 1844 XPC TML,185 R14 ULTIMA XPC 10 PR (+1 SKUs),R14,R14,1D25218014010RXPCT,2,633.0,4,2026-08-29 04:32,2026-08-29 17:43,13.19,true,true,GT 2568 HT2,60.0,60.0,0.0,PCR|TBMPCR2Stage2|65#273
PCR,2026-08-28,C,28,false,TBMPCR6Stage2,GT 1634 XPC TATA,165 R14 ULTIMA XPC TATA TL (+5 SKUs),R14,R14,1D25216814008QXPC0,6,305.0,2,2026-08-29 05:37,2026-08-29 09:51,4.24,true,false,GT 1894 MAX,22.0,22.0,0.0,PCR|TBMPCR6Stage2|144#682
PCR,2026-08-28,C,28,false,TBMPCR4Stage2,GT 1482 UHL,145/80 R 12 ULTIMA HI LIFE TL (+13 SKUs),R12,R12,1325214812074TUHL0,14,506.0,3,2026-08-29 06:10,2026-08-29 13:46,7.59,true,false,GT 1402 XPC TATA,28.0,28.0,0.0,PCR|TBMPCR4Stage2|66#449
PCR,2026-08-28,C,28,false,TBMPCR10Stage2,GT 1503 NEO MSIL,155/80 R13 ULTIMA NEO MSIL (+6 SKUs),R13,R13,1325215813079TUNE3,7,910.0,6,2026-08-29 06:22,2026-08-29 18:30,12.13,true,false,GT 1583 NEO TATA,22.0,22.0,0.0,PCR|TBMPCR10Stage2|61#64
PCR,2026-08-28,C,28,false,TBMPCR9Stage2,GT 2158 ROYL HYU,215/55R18 UX ROYALE (+1 SKUs),R18,R18,1325221318095HURL0,2,454.0,3,2026-08-29 06:48,2026-08-29 15:08,8.32,true,false,GT 2258 RAN HPE,22.0,22.0,0.0,PCR|TBMPCR9Stage2|88#944
PCR,2026-08-28,C,28,false,TBMPCR1Stage2,GT 2267 ROYL HYU,215/60 R17 UX ROYALE HYUNDAI (+9 SKUs),R17,R17,1325221417096HURL0,10,826.0,5,2026-08-29 06:58,2026-08-29 21:39,14.68,true,true,GT2277 RAN HT,371.51666666666665,60.0,0.0,PCR|TBMPCR1Stage2|51#199
PCR,2026-08-29,A,29,false,TBMPCR5Stage2,GT 1513 XPC1 MSIL,155 R13 C ULTIMA XPC1 90/89 S TL (MSIL) (+1 SKUs),R13,R13,1D25215013008SXC10,2,1332.0,8,2026-08-29 08:30,2026-08-30 04:28,19.98,false,false,GT 1513 XPC1 MSIL,2331.5166666666664,0.0,0.0,PCR|TBMPCR5Stage2|71#531
PCR,2026-08-29,A,29,false,TBMPCR6Stage2,GT1914 XPC1,195 R14 ULTIMA XPC1,"",(no rim),1D25219Z14008SXC10,1,323.0,2,2026-08-29 10:33,2026-08-29 17:01,6.46,true,true,GT 1634 XPC TATA,42.0,42.0,0.0,PCR|TBMPCR6Stage2|145#683
PCR,2026-08-29,A,29,false,TBMPCR7Stage2,GT 1583 NEO TATA,155/80 R13 ULTIMA NEO LRR (+2 SKUs),R13,R13,1325215813079TUNE5,3,923.0,6,2026-08-29 11:22,2026-08-30 00:23,13.02,true,false,GT 1513 XPC1 MSIL,22.0,22.0,0.0,PCR|TBMPCR7Stage2|82#783
PCR,2026-08-29,A,29,false,TBMPCR3Stage2,GT 2455 RAN A/T,215/75 R15 RANGER AT,R15,R15,1325221715100SRAT0,1,155.0,1,2026-08-29 13:42,2026-08-29 16:51,3.14,true,false,GT 1925 XPC1,238.81666666666666,28.0,0.0,PCR|TBMPCR3Stage2|86#370
PCR,2026-08-29,A,29,false,TBMPCR4Stage2,GT 1452 XPC MM,145 R12 ULTIMA XPC M&M (+1 SKUs),R2,(no rim),1D25214012008QXPCM,2,170.0,1,2026-08-29 14:46,2026-08-29 17:19,2.55,true,true,GT 1482 UHL,60.0,60.0,0.0,PCR|TBMPCR4Stage2|67#450
PCR,2026-08-29,B,29,false,TBMPCR9Stage2,GT 2668 RAN HTP,265/60 R18 RANGER HT,R18,(no rim),1325226418110HRHP0,1,153.0,1,2026-08-29 16:16,2026-08-29 19:28,3.19,true,true,GT 2158 ROYL HYU,68.61666666666666,42.0,0.0,PCR|TBMPCR9Stage2|89#945
PCR,2026-08-29,B,29,false,TBMPCR3Stage2,GT1915 LT XPC1,195 R15 ULTIMA XPC1,"",R15,1225219Z15008SXC10,1,151.0,1,2026-08-29 17:19,2026-08-29 20:43,3.4,true,false,GT 2455 RAN A/T,28.0,28.0,0.0,PCR|TBMPCR3Stage2|87#371
PCR,2026-08-29,B,29,false,TBMPCR11Stage2,GT 1856 ROYL,185/55 R16 UX ROYALE,R16,(no rim),1325218316083HURL0,1,178.0,1,2026-08-29 17:41,2026-08-29 20:54,3.21,true,true,GT 2476 SUP MM,42.0,42.0,0.0,PCR|TBMPCR11Stage2|55#131
PCR,2026-08-29,B,29,false,TBMPCR6Stage2,GT1814 XPC,185 R14 ULTIMA XPC (+1 SKUs),"",(no rim),1D25218Z14008QXPC0,2,154.0,1,2026-08-29 17:43,2026-08-29 20:47,3.08,true,false,GT1914 XPC1,42.0,22.0,0.0,PCR|TBMPCR6Stage2|146#684
PCR,2026-08-29,B,29,false,TBMPCR4Stage2,GT 1412 XPC MM,145 R12 ULTIMA XPC (+6 SKUs),"",R12,1D25114012008QXPC0,7,171.0,1,2026-08-29 18:19,2026-08-29 20:53,2.56,true,true,GT 1452 XPC MM,60.0,60.0,0.0,PCR|TBMPCR4Stage2|68#451
PCR,2026-08-29,B,29,false,TBMPCR2Stage2,GT2277 RAN HT,225/65 R17 RANGER HT,R17,(no rim),1325222517102HRHT0,1,164.0,1,2026-08-29 18:43,2026-08-29 22:06,3.37,true,true,GT 1844 XPC TML,60.0,60.0,0.0,PCR|TBMPCR2Stage2|66#274
PCR,2026-08-29,B,29,false,TBMPCR9Stage2,GT 2158 ROYL HYU,215/55R18 UX ROYALE (+1 SKUs),R18,R18,1325221318095HURL0,2,485.0,3,2026-08-29 20:10,2026-08-30 05:03,8.89,true,true,GT 2668 RAN HTP,42.0,42.0,0.0,PCR|TBMPCR9Stage2|90#946
PCR,2026-08-29,B,29,false,TBMPCR3Stage2,GT 1925 XPC1,195 R15 ULTIMA XPC1 AL,R15,R15,1225219Z15008SXC11,1,685.0,4,2026-08-29 21:11,2026-08-30 12:36,15.41,true,false,GT1915 LT XPC1,28.0,28.0,0.0,PCR|TBMPCR3Stage2|88#372
PCR,2026-08-29,B,29,false,TBMPCR4Stage2,GT 1402 XPC TATA,145 R12 ULTIMA XPC TL TATA (+14 SKUs),R12,R12,1D25214012008QXPCT,15,665.0,4,2026-08-29 21:21,2026-08-30 07:19,9.98,true,false,GT 1412 XPC MM,28.0,28.0,0.0,PCR|TBMPCR4Stage2|69#452
PCR,2026-08-29,B,29,false,TBMPCR6Stage2,GT 1634 XPC TATA,165 R14 ULTIMA XPC TATA TL (+5 SKUs),R14,R14,1D25216814008QXPC0,6,335.0,2,2026-08-29 21:29,2026-08-30 02:09,4.65,true,true,GT1814 XPC,42.0,42.0,0.0,PCR|TBMPCR6Stage2|147#685
PCR,2026-08-29,B,29,false,TBMPCR1Stage2,GT  T1457 STAR,T145/70 R17 STAR XT (+2 SKUs),R17,R17,1325214617107MSXT0,3,312.0,2,2026-08-29 22:07,2026-08-30 03:35,5.46,true,false,GT 2267 ROYL HYU,28.0,28.0,0.0,PCR|TBMPCR1Stage2|52#200
PCR,2026-08-29,C,29,false,TBMPCR2Stage2,GT 2618 RAN ATB,255/65 R18 RANGER AT(BLACK SIDEWALL),R18,R18,1325225518111HRAT1,1,156.0,1,2026-08-29 23:06,2026-08-30 02:36,3.51,true,true,GT2277 RAN HT,60.0,60.0,0.0,PCR|TBMPCR2Stage2|67#275
PCR,2026-08-29,C,29,false,TBMPCR11Stage2,GT 2476 SUP MM,245/75 R16 ELANZO SUPRA,"",R16,1325224716111SELS0,1,549.0,3,2026-08-30 00:14,2026-08-30 11:40,11.44,true,true,GT 1856 ROYL,200.35,42.0,0.0,PCR|TBMPCR11Stage2|56#132
PCR,2026-08-29,C,29,false,TBMPCR10Stage2,GT 1773 NEO,175/70 R13 ULTIMA NEO,R13,R13,1325217613082TUNE0,1,350.0,2,2026-08-30 00:31,2026-08-30 05:11,4.67,true,false,GT 1503 NEO MSIL,360.2,22.0,0.0,PCR|TBMPCR10Stage2|62#65
PCR,2026-08-29,C,29,false,TBMPCR7Stage2,GT 1673 NEO,165/70 R13 ULTIMA NEO,R13,R13,1325216613079HUNE0,1,158.0,1,2026-08-30 00:45,2026-08-30 02:52,2.11,true,false,GT 1583 NEO TATA,22.0,22.0,0.0,PCR|TBMPCR7Stage2|83#784
PCR,2026-08-29,C,29,false,TBMPCR8Stage2,GT 3125 RAN MT,31X10.5 R15 RANGER MT,R15,R15,1325231015109QRMT0,1,168.0,1,2026-08-30 01:23,2026-08-30 04:22,2.99,true,true,GT 2575 RAN A/T,1473.6,42.0,0.0,PCR|TBMPCR8Stage2|62#853
PCR,2026-08-29,C,29,false,TBMPCR6Stage2,GT 1844 XPC TML,185 R14 ULTIMA XPC 10 PR (+1 SKUs),R14,R14,1D25218014010RXPCT,2,647.0,4,2026-08-30 02:31,2026-08-30 15:27,12.94,true,false,GT 1634 XPC TATA,22.0,22.0,0.0,PCR|TBMPCR6Stage2|148#686
PCR,2026-08-29,C,29,false,TBMPCR2Stage2,GT 2568 RAN AT,255/65 R18 RANGER AT,R18,R18,1325225518111HRAT0,1,175.0,1,2026-08-30 03:04,2026-08-30 07:00,3.94,true,false,GT 2618 RAN ATB,28.0,28.0,0.0,PCR|TBMPCR2Stage2|68#276
PCR,2026-08-29,C,29,false,TBMPCR7Stage2,GT 1513 XPC1 MSIL,155 R13 C ULTIMA XPC1 90/89 S TL (MSIL) (+1 SKUs),R13,R13,1D25215013008SXC10,2,1361.0,8,2026-08-30 03:14,2026-08-30 22:08,18.9,true,false,GT 1673 NEO,22.0,22.0,0.0,PCR|TBMPCR7Stage2|84#785
PCR,2026-08-29,C,29,false,TBMPCR9Stage2,GT 2268 UX1,225/60 R18 UX1 104 H,R18,(no rim),1325222418104HUX10,1,185.0,1,2026-08-30 05:45,2026-08-30 09:36,3.85,true,true,GT 2158 ROYL HYU,42.0,42.0,0.0,PCR|TBMPCR9Stage2|91#947
PCR,2026-08-30,A,30,false,TBMPCR4Stage2,GT 1482 UHL,145/80 R 12 ULTIMA HI LIFE TL (+13 SKUs),R12,R12,1325214812074TUHL0,14,1042.0,6,2026-08-30 07:47,2026-08-30 23:25,15.63,true,false,GT 1402 XPC TATA,28.0,28.0,0.0,PCR|TBMPCR4Stage2|70#453
PCR,2026-08-30,A,30,false,TBMPCR2Stage2,GT 2476 SUP MM,245/75 R16 ELANZO SUPRA,"",R16,1325224716111SELS0,1,708.0,4,2026-08-30 08:00,2026-08-30 22:57,14.95,true,true,GT 2568 RAN AT,60.0,60.0,0.0,PCR|TBMPCR2Stage2|69#277
PCR,2026-08-30,A,30,false,TBMPCR10Stage2,GT 1503 NEO MSIL,155/80 R13 ULTIMA NEO MSIL (+6 SKUs),R13,R13,1325215813079TUNE3,7,888.0,5,2026-08-30 10:17,2026-08-30 22:08,11.84,true,false,GT 1773 NEO,306.65,22.0,0.0,PCR|TBMPCR10Stage2|63#66
PCR,2026-08-30,A,30,false,TBMPCR9Stage2,GT 2158 ROYL HYU,215/55R18 UX ROYALE (+1 SKUs),R18,R18,1325221318095HURL0,2,364.0,2,2026-08-30 10:18,2026-08-30 16:59,6.67,true,true,GT 2268 UX1,42.0,42.0,0.0,PCR|TBMPCR9Stage2|92#948
PCR,2026-08-30,A,30,false,TBMPCR11Stage2,GT2266 RAN HT,215/65 R16 RANGER HT,R16,R16,1325221516098HRHT0,1,156.0,1,2026-08-30 12:02,2026-08-30 15:15,3.21,true,false,GT 2476 SUP MM,22.0,22.0,0.0,PCR|TBMPCR11Stage2|57#133
PCR,2026-08-30,A,30,false,TBMPCR3Stage2,GT1915 LT XPC1,195 R15 ULTIMA XPC1,"",R15,1225219Z15008SXC10,1,151.0,1,2026-08-30 13:04,2026-08-30 16:27,3.4,true,false,GT 1925 XPC1,28.0,28.0,0.0,PCR|TBMPCR3Stage2|89#373
PCR,2026-08-30,B,30,false,TBMPCR6Stage2,GT 1634 XPC TATA,165 R14 ULTIMA XPC TATA TL (+5 SKUs),R14,R14,1D25216814008QXPC0,6,335.0,2,2026-08-30 15:49,2026-08-30 20:28,4.65,true,false,GT 1844 XPC TML,22.0,22.0,0.0,PCR|TBMPCR6Stage2|149#687
PCR,2026-08-30,B,30,false,TBMPCR1Stage2,GT  T1457 STAR,T145/70 R17 STAR XT (+2 SKUs),R17,R17,1325214617107MSXT0,3,312.0,2,2026-08-30 15:57,2026-08-30 21:24,5.46,false,false,GT  T1457 STAR,741.7833333333333,0.0,0.0,PCR|TBMPCR1Stage2|52#201
PCR,2026-08-30,B,30,false,TBMPCR11Stage2,GT 2126 ROYL,215/65 R16 UX ROYALE,R16,(no rim),1325221516098HURL0,1,396.0,2,2026-08-30 15:57,2026-08-31 00:05,8.14,true,true,GT2266 RAN HT,42.0,42.0,0.0,PCR|TBMPCR11Stage2|58#134
PCR,2026-08-30,B,30,false,TBMPCR9Stage2,GT 2258 RAN HPE,225/55 R 18 Ranger Hpe (+1 SKUs),R 18,R18,1325222318098HRHE0,2,308.0,2,2026-08-30 17:21,2026-08-30 23:41,6.33,true,false,GT 2158 ROYL HYU,22.0,22.0,0.0,PCR|TBMPCR9Stage2|93#949
PCR,2026-08-30,B,30,false,TBMPCR3Stage2,GT 2455 RAN A/T,215/75 R15 RANGER AT,R15,R15,1325221715100SRAT0,1,154.0,1,2026-08-30 18:14,2026-08-30 21:21,3.12,true,false,GT1915 LT XPC1,106.33333333333333,28.0,0.0,PCR|TBMPCR3Stage2|90#374
PCR,2026-08-30,B,30,false,TBMPCR5Stage2,GT 1873 NEO,185/70 R13 ULTIMA NEO,R13,(no rim),1325218613086HUNE0,1,350.0,2,2026-08-30 19:27,2026-08-31 00:24,4.96,true,true,GT 1513 XPC1 MSIL,898.3333333333334,60.0,0.0,PCR|TBMPCR5Stage2|72#532
PCR,2026-08-30,B,30,false,TBMPCR6Stage2,GT 1894 MAX,185/70 R14 TAXIMAX (+6 SKUs),R14,R14,1325218614088TTMX0,7,194.0,1,2026-08-30 20:50,2026-08-30 23:32,2.69,true,false,GT 1634 XPC TATA,22.0,22.0,0.0,PCR|TBMPCR6Stage2|150#688
PCR,2026-08-30,B,30,false,TBMPCR3Stage2,GT 1925 XPC1,195 R15 ULTIMA XPC1 AL,R15,R15,1225219Z15008SXC11,1,378.0,2,2026-08-30 21:49,2026-08-31 06:19,8.51,true,false,GT 2455 RAN A/T,28.0,28.0,0.0,PCR|TBMPCR3Stage2|91#375
PCR,2026-08-30,B,30,false,TBMPCR1Stage2,GT2277 RAN HT,225/65 R17 RANGER HT,R17,(no rim),1325222517102HRHT0,1,164.0,1,2026-08-30 22:24,2026-08-31 01:47,3.37,true,true,GT  T1457 STAR,60.0,60.0,0.0,PCR|TBMPCR1Stage2|53#202
PCR,2026-08-30,B,30,false,TBMPCR10Stage2,GT 1513 XPC1 MSIL,155 R13 C ULTIMA XPC1 90/89 S TL (MSIL) (+1 SKUs),R13,R13,1D25215013008SXC10,2,1422.0,8,2026-08-30 22:30,2026-08-31 18:15,19.75,true,false,GT 1503 NEO MSIL,22.0,22.0,0.0,PCR|TBMPCR10Stage2|64#67
PCR,2026-08-30,C,30,false,TBMPCR6Stage2,GT 1854 XPC TT,185 R 14 Ultima XPC 10 PR TT (+1 SKUs),R14,R14,1D25118014010RXPC0,2,200.0,1,2026-08-30 23:54,2026-08-31 03:54,4.0,true,false,GT 1894 MAX,22.0,22.0,0.0,PCR|TBMPCR6Stage2|151#689
PCR,2026-08-30,C,30,false,TBMPCR2Stage2,GT 2247 LEVI,225/45R17 LEVITAS 94 Y TL,R17,(no rim),1325222117094YLEV0,1,179.0,1,2026-08-30 23:57,2026-08-31 03:14,3.28,true,true,GT 2476 SUP MM,60.0,60.0,0.0,PCR|TBMPCR2Stage2|70#278
PCR,2026-08-30,C,30,false,TBMPCR9Stage2,GT 2668 RAN HTP,265/60 R18 RANGER HT,R18,(no rim),1325226418110HRHP0,1,153.0,1,2026-08-31 00:23,2026-08-31 03:34,3.19,true,true,GT 2258 RAN HPE,42.0,42.0,0.0,PCR|TBMPCR9Stage2|94#950
PCR,2026-08-30,C,30,false,TBMPCR4Stage2,GT 1452 XPC MM,145 R12 ULTIMA XPC M&M (+1 SKUs),R2,(no rim),1D25214012008QXPCM,2,170.0,1,2026-08-31 00:25,2026-08-31 02:58,2.55,true,true,GT 1482 UHL,60.0,60.0,0.0,PCR|TBMPCR4Stage2|71#454
PCR,2026-08-30,C,30,false,TBMPCR5Stage2,GT1513 NEO,155/65 R 13 ULTIMA NEO,R13,(no rim),1325215513073TUNE0,1,223.0,1,2026-08-31 01:24,2026-08-31 04:34,3.16,true,false,GT 1873 NEO,60.0,28.0,0.0,PCR|TBMPCR5Stage2|73#533
PCR,2026-08-30,C,30,false,TBMPCR7Stage2,GT 1673 NEO,165/70 R13 ULTIMA NEO,R13,R13,1325216613079HUNE0,1,158.0,1,2026-08-31 02:02,2026-08-31 04:09,2.11,true,false,GT 1513 XPC1 MSIL,234.53333333333333,22.0,0.0,PCR|TBMPCR7Stage2|85#786
PCR,2026-08-30,C,30,false,TBMPCR1Stage2,GT 2367 RAN XATW,235/65 R17 RANGER X-AT 104T,R17,R17,1325223517104TRXT0,1,193.0,1,2026-08-31 02:47,2026-08-31 07:07,4.34,true,true,GT2277 RAN HT,60.0,60.0,0.0,PCR|TBMPCR1Stage2|54#203
PCR,2026-08-30,C,30,false,TBMPCR8Stage2,GT 3125 RAN MT,31X10.5 R15 RANGER MT,R15,R15,1325231015109QRMT0,1,168.0,1,2026-08-31 02:48,2026-08-31 05:47,2.99,false,false,GT 3125 RAN MT,1345.9666666666667,0.0,0.0,PCR|TBMPCR8Stage2|62#854
PCR,2026-08-30,C,30,false,TBMPCR11Stage2,GT 2576 EZO TATA,235/70R16 ELANZO REINFORCED TATA,R16,(no rim),1325223616109SELZ0,1,164.0,1,2026-08-31 03:24,2026-08-31 06:46,3.37,true,false,GT 2126 ROYL,198.85,22.0,0.0,PCR|TBMPCR11Stage2|59#135
PCR,2026-08-30,C,30,false,TBMPCR4Stage2,GT 1402 XPC TATA,145 R12 ULTIMA XPC TL TATA (+14 SKUs),R12,R12,1D25214012008QXPCT,15,1707.0,10,2026-08-31 03:58,2026-09-01 05:34,25.6,true,true,GT 1452 XPC MM,60.0,60.0,0.0,PCR|TBMPCR4Stage2|72#455
PCR,2026-08-30,C,30,false,TBMPCR2Stage2,GT 2158 ROYL HYU,215/55R18 UX ROYALE (+1 SKUs),R18,R18,1325221318095HURL0,2,484.0,3,2026-08-31 04:14,2026-08-31 13:23,9.14,true,true,GT 2247 LEVI,60.0,60.0,0.0,PCR|TBMPCR2Stage2|71#279
PCR,2026-08-30,C,30,false,TBMPCR9Stage2,GT 2568 RAN AT,255/65 R18 RANGER AT,R18,R18,1325225518111HRAT0,1,175.0,1,2026-08-31 04:16,2026-08-31 08:06,3.84,true,true,GT 2668 RAN HTP,42.0,42.0,0.0,PCR|TBMPCR9Stage2|95#951
PCR,2026-08-30,C,30,false,TBMPCR6Stage2,GT1914 XPC1,195 R14 ULTIMA XPC1,"",(no rim),1D25219Z14008SXC10,1,170.0,1,2026-08-31 04:36,2026-08-31 08:00,3.4,true,true,GT 1854 XPC TT,42.0,42.0,0.0,PCR|TBMPCR6Stage2|152#690
PCR,2026-08-30,C,30,false,TBMPCR7Stage2,GT 1513 XPC1 MSIL,155 R13 C ULTIMA XPC1 90/89 S TL (MSIL) (+1 SKUs),R13,R13,1D25215013008SXC10,2,1227.0,5,2026-08-31 05:12,2026-08-31 22:14,17.04,true,false,GT 1673 NEO,63.11666666666667,22.0,0.0,PCR|TBMPCR7Stage2|86#787
PCR,2026-08-30,C,30,false,TBMPCR8Stage2,GT 2267 ROYL HYU,215/60 R17 UX ROYALE HYUNDAI (+9 SKUs),R17,R17,1325221417096HURL0,10,680.0,4,2026-08-31 06:29,2026-08-31 18:12,11.71,true,true,GT 3125 RAN MT,42.0,42.0,0.0,PCR|TBMPCR8Stage2|63#855
PCR,2026-08-31,A,31,false,TBMPCR11Stage2,GT 2056 ROYL,205/65 R16 UX ROYALE PUNCTURE GUARD,R16,(no rim),1325220516095HURP0,1,173.0,1,2026-08-31 07:28,2026-08-31 10:39,3.17,true,false,GT 2576 EZO TATA,42.0,22.0,0.0,PCR|TBMPCR11Stage2|60#136
PCR,2026-08-31,A,31,false,TBMPCR1Stage2,GT 2617 RAN XAT,265/65 R 17 Ranger XAT,R17,(no rim),1325226517112HRXT0,1,156.0,1,2026-08-31 08:07,2026-08-31 11:38,3.51,true,true,GT 2367 RAN XATW,60.0,60.0,0.0,PCR|TBMPCR1Stage2|55#204
PCR,2026-08-31,A,31,false,TBMPCR6Stage2,GT1564 NEO,155/65 R14 ULTIMA NEO,R14,R14,1325215514075TUNE0,1,211.0,1,2026-08-31 08:42,2026-08-31 11:38,2.93,true,true,GT1914 XPC1,42.0,42.0,0.0,PCR|TBMPCR6Stage2|153#691
PCR,2026-08-31,A,31,false,TBMPCR9Stage2,GT 2268 UX1,225/60 R18 UX1 104 H,R18,(no rim),1325222418104HUX10,1,184.0,1,2026-08-31 08:48,2026-08-31 12:38,3.83,true,true,GT 2568 RAN AT,42.0,42.0,0.0,PCR|TBMPCR9Stage2|96#952
PCR,2026-08-31,A,31,false,TBMPCR3Stage2,GT 1925 XPC1,195 R15 ULTIMA XPC1 AL,R15,R15,1225219Z15008SXC11,1,671.0,4,2026-08-31 10:48,2026-09-01 01:53,15.1,false,false,GT 1925 XPC1,268.01666666666665,0.0,0.0,PCR|TBMPCR3Stage2|91#376
PCR,2026-08-31,A,31,false,TBMPCR6Stage2,GT 1634 XPC TATA,165 R14 ULTIMA XPC TATA TL (+5 SKUs),R14,R14,1D25216814008QXPC0,6,334.0,2,2026-08-31 12:00,2026-08-31 16:38,4.64,true,false,GT1564 NEO,22.0,22.0,0.0,PCR|TBMPCR6Stage2|154#692
PCR,2026-08-31,A,31,false,TBMPCR11Stage2,GT2266 RAN HT,215/65 R16 RANGER HT,R16,R16,1325221516098HRHT0,1,156.0,1,2026-08-31 12:50,2026-08-31 16:02,3.21,true,true,GT 2056 ROYL,131.31666666666666,42.0,0.0,PCR|TBMPCR11Stage2|61#137
PCR,2026-08-31,A,31,false,TBMPCR9Stage2,GT 2618 RAN ATB,255/65 R18 RANGER AT(BLACK SIDEWALL),R18,R18,1325225518111HRAT1,1,156.0,1,2026-08-31 13:20,2026-08-31 16:46,3.42,true,true,GT 2268 UX1,42.0,42.0,0.0,PCR|TBMPCR9Stage2|97#953
PCR,2026-08-31,A,31,false,TBMPCR5Stage2,GT 1873 NEO,185/70 R13 ULTIMA NEO,R13,(no rim),1325218613086HUNE0,1,174.0,1,2026-08-31 13:50,2026-08-31 16:17,2.46,true,false,GT1513 NEO,555.65,28.0,0.0,PCR|TBMPCR5Stage2|74#534
PCR,2026-08-31,A,31,false,TBMPCR2Stage2,GT 2557 HPE KIA,215/55 R17 RANGER HPE,R17,(no rim),1325221317094VRHE3,1,170.0,1,2026-08-31 14:23,2026-08-31 17:58,3.59,true,true,GT 2158 ROYL HYU,60.0,60.0,0.0,PCR|TBMPCR2Stage2|72#280
PCR,2026-08-31,B,31,false,TBMPCR1Stage2,GT  T1457 STAR,T145/70 R17 STAR XT (+2 SKUs),R17,R17,1325214617107MSXT0,3,318.0,2,2026-08-31 16:20,2026-08-31 21:54,5.56,true,true,GT 2617 RAN XAT,282.6,60.0,0.0,PCR|TBMPCR1Stage2|56#205
PCR,2026-08-31,B,31,false,TBMPCR11Stage2,GT 2476 SUP MM,245/75 R16 ELANZO SUPRA,"",R16,1325224716111SELS0,1,688.0,4,2026-08-31 16:24,2026-09-01 06:44,14.33,true,false,GT2266 RAN HT,22.0,22.0,0.0,PCR|TBMPCR11Stage2|62#138
PCR,2026-08-31,B,31,false,TBMPCR9Stage2,GT 2158 ROYL HYU,215/55R18 UX ROYALE (+1 SKUs),R18,R18,1325221318095HURL0,2,283.0,1,2026-08-31 17:08,2026-08-31 22:19,5.19,true,false,GT 2618 RAN ATB,22.0,22.0,0.0,PCR|TBMPCR9Stage2|98#954
PCR,2026-08-31,B,31,false,TBMPCR5Stage2,GT1513 NEO,155/65 R 13 ULTIMA NEO,R13,(no rim),1325215513073TUNE0,1,223.0,1,2026-08-31 17:17,2026-08-31 20:27,3.16,true,false,GT 1873 NEO,60.0,28.0,0.0,PCR|TBMPCR5Stage2|75#535
PCR,2026-08-31,B,31,false,TBMPCR6Stage2,GT1814 XPC,185 R14 ULTIMA XPC (+1 SKUs),"",(no rim),1D25218Z14008QXPC0,2,154.0,1,2026-08-31 17:20,2026-08-31 20:25,3.08,true,true,GT 1634 XPC TATA,42.0,42.0,0.0,PCR|TBMPCR6Stage2|155#693
PCR,2026-08-31,B,31,false,TBMPCR2Stage2,GT2776 RAN AT,235/70 R16 105T RANGER AT,R16,R16,1325223616105TRAT0,1,169.0,1,2026-08-31 18:58,2026-08-31 22:32,3.57,true,true,GT 2557 HPE KIA,60.0,60.0,0.0,PCR|TBMPCR2Stage2|73#281
PCR,2026-08-31,B,31,false,TBMPCR6Stage2,GT 1894 MAX,185/70 R14 TAXIMAX (+6 SKUs),R14,R14,1325218614088TTMX0,7,194.0,1,2026-08-31 21:07,2026-08-31 23:48,2.69,true,true,GT1814 XPC,42.0,42.0,0.0,PCR|TBMPCR6Stage2|156#694
PCR,2026-08-31,B,31,false,TBMPCR5Stage2,GT 1513 XPC1 MSIL,155 R13 C ULTIMA XPC1 90/89 S TL (MSIL) (+1 SKUs),R13,R13,1D25215013008SXC10,2,473.0,2,2026-08-31 21:27,2026-09-01 04:33,7.1,true,true,GT1513 NEO,60.0,60.0,0.0,PCR|TBMPCR5Stage2|76#536
PCR,2026-08-31,B,31,false,TBMPCR10Stage2,GT 1773 NEO,175/70 R13 ULTIMA NEO,R13,R13,1325217613082TUNE0,1,349.0,2,2026-08-31 22:01,2026-09-01 02:40,4.65,true,false,GT 1513 XPC1 MSIL,226.23333333333332,22.0,0.0,PCR|TBMPCR10Stage2|65#68
PCR,2026-08-31,B,31,false,TBMPCR7Stage2,GT 1673 NEO,165/70 R13 ULTIMA NEO,R13,R13,1325216613079HUNE0,1,157.0,1,2026-08-31 22:36,2026-09-01 00:42,2.09,true,false,GT 1513 XPC1 MSIL,22.0,22.0,0.0,PCR|TBMPCR7Stage2|87#788
PCR,2026-08-31,B,31,false,TBMPCR1Stage2,GT2277 RAN HT,225/65 R17 RANGER HT,R17,(no rim),1325222517102HRHT0,1,164.0,1,2026-08-31 22:54,2026-09-01 02:16,3.37,true,true,GT  T1457 STAR,60.0,60.0,0.0,PCR|TBMPCR1Stage2|57#206
PCR,2026-08-31,C,31,false,TBMPCR2Stage2,GT 1844 XPC TML,185 R14 ULTIMA XPC 10 PR (+1 SKUs),R14,R14,1D25218014010RXPCT,2,329.0,2,2026-08-31 23:32,2026-09-01 06:23,6.85,true,true,GT2776 RAN AT,60.0,60.0,0.0,PCR|TBMPCR2Stage2|74#282
PCR,2026-08-31,C,31,false,TBMPCR9Stage2,GT 2668 RAN HTP,265/60 R18 RANGER HT,R18,(no rim),1325226418110HRHP0,1,153.0,1,2026-08-31 23:38,2026-09-01 02:49,3.19,true,true,GT 2158 ROYL HYU,78.65,42.0,0.0,PCR|TBMPCR9Stage2|99#955
PCR,2026-08-31,C,31,false,TBMPCR6Stage2,GT 1634 XPC TATA,165 R14 ULTIMA XPC TATA TL (+5 SKUs),R14,R14,1D25216814008QXPC0,6,333.0,2,2026-09-01 00:10,2026-09-01 04:48,4.62,true,false,GT 1894 MAX,22.0,22.0,0.0,PCR|TBMPCR6Stage2|157#695
PCR,2026-08-31,C,31,false,TBMPCR3Stage2,GT 2455 RAN A/T,215/75 R15 RANGER AT,R15,R15,1325221715100SRAT0,1,154.0,1,2026-09-01 02:21,2026-09-01 05:29,3.12,true,false,GT 1925 XPC1,28.0,28.0,0.0,PCR|TBMPCR3Stage2|92#377
TBR,2026-08-01,A,1,false,TBMTBR5Stage2,10.00 R 20 JUH5,10.00 R 20 JW JUH5 - N2 (+1 SKUs),10.00 R 20 JUH5,R20,1122110020016KUH50,2,513.0,19,2026-08-01 07:18,2026-08-02 12:08,28.84,false,false,,,0.0,0.0,TBR|TBMTBR5Stage2|1#1160
TBR,2026-08-01,A,1,false,TBMTBR9Stage2,GT 5103 - 295/80R22.5 JUM XM OEM,295/80R22.5 JUM XM OEM (+2 SKUs),22.5,R22.5,112222982C152MJXM0,3,140.0,5,2026-08-01 07:25,2026-08-01 15:17,7.87,false,false,,,0.0,0.0,TBR|TBMTBR9Stage2|1#1505
TBR,2026-08-01,A,1,false,TBMTBR1Stage2,10.00 R 20 JUH5,10.00 R 20 JW JUH5 - N2 (+1 SKUs),10.00 R 20 JUH5,R20,1122110020016KUH50,2,108.0,4,2026-08-01 07:41,2026-08-01 13:45,6.07,false,false,,,0.0,0.0,TBR|TBMTBR1Stage2|1#956
TBR,2026-08-01,A,1,false,TBMTBR3Stage2,GT 5076 - 295/90R20 JDE XF,295/90R20 JDE XF / JS121 (+3 SKUs),295/90R20,R20,1121129A20152JDLF0,4,108.0,4,2026-08-01 08:08,2026-08-01 14:12,6.07,false,false,,,0.0,0.0,TBR|TBMTBR3Stage2|1#1060
TBR,2026-08-01,A,1,false,TBMTBR6Stage2,385/65R22.5JUH6,385/65R22.5 JETWAY JUH6 (+3 SKUs),385/65 R 22.5 JW JUH6,(no rim),115223852C020KUH60,4,87.0,3,2026-08-01 09:27,2026-08-01 14:44,5.29,false,false,,,0.0,0.0,TBR|TBMTBR6Stage2|1#1181
TBR,2026-08-01,A,1,false,TBMTBR4Stage2,GT 5075 - 295/90R20 JUH XF,295/90R20 JUH XF / JW 304 (+3 SKUs),295/90R20,R20,1122129A20152JULF0,4,135.0,5,2026-08-01 10:30,2026-08-01 18:05,7.59,false,false,,,0.0,0.0,TBR|TBMTBR4Stage2|1#1127
TBR,2026-08-01,A,1,false,TBMTBR2Stage2,10.00 R 20 JDE,295/90R20JDE++ (+4 SKUs),R20,R20,1121129A20000JDEP0,5,135.0,5,2026-08-01 10:50,2026-08-01 18:25,7.59,false,false,,,0.0,0.0,TBR|TBMTBR2Stage2|1#1023
TBR,2026-08-01,A,1,false,TBMTBR8Stage2,GT 5096 - 11.00R20 JDC XD,11.00R20 JDC XD (+2 SKUs),"",R20,1121111020016KCXD0,3,130.0,5,2026-08-01 11:03,2026-08-01 18:22,7.31,false,false,,,0.0,0.0,TBR|TBMTBR8Stage2|1#1411
TBR,2026-08-01,A,1,false,TBMTBR1Stage2,10.00R 20 JW302,295/90R20JUCXM (+1 SKUs),10R20,R20,1123129A20152JUCM0,2,72.0,3,2026-08-01 13:55,2026-08-01 17:58,4.05,true,false,10.00 R 20 JUH5,10.0,10.0,0.0,TBR|TBMTBR1Stage2|2#957
TBR,2026-08-01,A,1,false,TBMTBR3Stage2,GT 5095 - 11.00R20 JUC3,11.00R20 JUC3 (+1 SKUs),"",R20,1123111020016KJC30,2,71.0,3,2026-08-01 14:22,2026-08-01 18:22,3.99,true,false,GT 5076 - 295/90R20 JDE XF,10.0,10.0,0.0,TBR|TBMTBR3Stage2|2#1061
TBR,2026-08-01,B,1,false,TBMTBR6Stage2,GT 5114 - 315/80R22.5 JDC XD,315/80R22.5 JETSTEEL JDC XD,"",(no rim),115123182C020KCXD0,1,87.0,3,2026-08-01 15:08,2026-08-01 20:26,5.29,true,false,385/65R22.5JUH6,24.0,10.0,0.0,TBR|TBMTBR6Stage2|2#1182
TBR,2026-08-01,B,1,false,TBMTBR7Stage2,9.00 R 20 JUH5,9.00R20 JW JUH5 16PR (+2 SKUs),"",R20,1122190020016KUH50,3,87.0,3,2026-08-01 15:23,2026-08-01 19:57,4.57,false,false,,,0.0,0.0,TBR|TBMTBR7Stage2|1#1306
TBR,2026-08-01,B,1,false,TBMTBR9Stage2,295/80R22.5JDL,295/80R22.5 JDL CURE TYRE (+1 SKUs),"",R22.5,112122982C016MJDL0,2,78.0,3,2026-08-01 15:27,2026-08-01 19:48,4.34,true,false,GT 5103 - 295/80R22.5 JUM XM OEM,10.0,10.0,0.0,TBR|TBMTBR9Stage2|2#1506
TBR,2026-08-01,B,1,false,TBMTBR2Stage2,10.00 R 20 JDE,295/90R20JDE++ (+4 SKUs),R20,R20,1121129A20000JDEP0,5,268.0,10,2026-08-01 19:46,2026-08-02 10:50,15.07,false,false,10.00 R 20 JDE,80.75,0.0,0.0,TBR|TBMTBR2Stage2|1#1024
TBR,2026-08-01,B,1,false,TBMTBR7Stage2,8.25R20JUH5,8.25R20JUH5 (+4 SKUs),8.25R20,R20,1122182020016KUH50,5,108.0,4,2026-08-01 21:24,2026-08-02 03:05,5.68,true,false,9.00 R 20 JUH5,87.31666666666666,10.0,0.0,TBR|TBMTBR7Stage2|2#1307
TBR,2026-08-01,B,1,false,TBMTBR8Stage2,295/90R20JDCXD,295/90R20_JDC XD_152/148_J_TT (+1 SKUs),10R20,R20,1121129A20152JCXD0,2,74.0,3,2026-08-01 21:38,2026-08-02 01:48,4.16,true,false,GT 5096 - 11.00R20 JDC XD,196.36666666666667,10.0,0.0,TBR|TBMTBR8Stage2|2#1412
TBR,2026-08-01,B,1,false,TBMTBR6Stage2,315/80R22.5JUL4,315/80R22.5JUL4 (+1 SKUs),22.5,R22.5,115223182C018LUL40,2,92.0,4,2026-08-01 22:08,2026-08-02 03:28,5.34,true,true,GT 5114 - 315/80R22.5 JDC XD,101.75,24.0,0.0,TBR|TBMTBR6Stage2|3#1183
TBR,2026-08-01,B,1,false,TBMTBR3Stage2,11.00R20 JUH5,11.00R20 JUH5 (+2 SKUs),11R20,R20,1122111020016KUH50,3,92.0,4,2026-08-01 22:21,2026-08-02 03:31,5.17,true,false,GT 5095 - 11.00R20 JUC3,238.86666666666667,10.0,0.0,TBR|TBMTBR3Stage2|3#1062
TBR,2026-08-01,B,1,false,TBMTBR1Stage2,10.00R 20 JW302,295/90R20JUCXM (+1 SKUs),10R20,R20,1123129A20152JUCM0,2,78.0,3,2026-08-01 22:26,2026-08-02 02:49,4.38,false,false,10.00R 20 JW302,267.5333333333333,0.0,0.0,TBR|TBMTBR1Stage2|2#958
TBR,2026-08-01,B,1,false,TBMTBR4Stage2,GT 5075 - 295/90R20 JUH XF,295/90R20 JUH XF / JW 304 (+3 SKUs),295/90R20,R20,1122129A20152JULF0,4,142.0,5,2026-08-01 22:56,2026-08-02 06:55,7.98,false,false,GT 5075 - 295/90R20 JUH XF,291.0333333333333,0.0,0.0,TBR|TBMTBR4Stage2|1#1128
TBR,2026-08-01,C,1,false,TBMTBR9Stage2,GT 5103 - 295/80R22.5 JUM XM OEM,295/80R22.5 JUM XM OEM (+2 SKUs),22.5,R22.5,112222982C152MJXM0,3,113.0,4,2026-08-01 23:31,2026-08-02 05:52,6.35,true,false,295/80R22.5JDL,223.15,10.0,0.0,TBR|TBMTBR9Stage2|3#1507
TBR,2026-08-01,C,1,false,TBMTBR1Stage2,GT 5076 - 295/90R20 JDE XF,295/90R20 JDE XF / JS121 (+3 SKUs),295/90R20,R20,1121129A20152JDLF0,4,202.0,8,2026-08-02 02:59,2026-08-02 14:20,11.36,true,false,10.00R 20 JW302,10.0,10.0,0.0,TBR|TBMTBR1Stage2|3#959
TBR,2026-08-01,C,1,false,TBMTBR6Stage2,295/80R22.5JUL1,295/80R22.5 JUM (+2 SKUs),"",R22.5,112222982C016MJUM0,3,80.0,3,2026-08-02 03:38,2026-08-02 08:05,4.45,true,false,315/80R22.5JUL4,10.0,10.0,0.0,TBR|TBMTBR6Stage2|4#1184
TBR,2026-08-01,C,1,false,TBMTBR7Stage2,9.00 R 20 JUH5,9.00R20 JW JUH5 16PR (+2 SKUs),"",R20,1122190020016KUH50,3,89.0,3,2026-08-02 04:46,2026-08-02 09:26,4.68,true,false,8.25R20JUH5,100.93333333333334,10.0,0.0,TBR|TBMTBR7Stage2|3#1308
TBR,2026-08-01,C,1,false,TBMTBR8Stage2,GT 5096 - 11.00R20 JDC XD,11.00R20 JDC XD (+2 SKUs),"",R20,1121111020016KCXD0,3,130.0,5,2026-08-02 04:48,2026-08-02 12:06,7.31,true,false,295/90R20JDCXD,180.01666666666665,10.0,0.0,TBR|TBMTBR8Stage2|3#1413
TBR,2026-08-01,C,1,false,TBMTBR9Stage2,GT 5083 - 295/80R22.5 JUM XM,295/80R22.5 JUM XM (+1 SKUs),22.5,R22.5,112222982C016MJXM0,2,107.0,4,2026-08-02 06:02,2026-08-02 12:03,6.02,true,false,GT 5103 - 295/80R22.5 JUM XM OEM,10.0,10.0,0.0,TBR|TBMTBR9Stage2|4#1508
TBR,2026-08-02,A,2,false,TBMTBR4Stage2,10.00 R 20 JUH5,10.00 R 20 JW JUH5 - N2 (+1 SKUs),10.00 R 20 JUH5,R20,1122110020016KUH50,2,407.0,16,2026-08-02 07:05,2026-08-03 05:58,22.88,true,false,GT 5075 - 295/90R20 JUH XF,10.0,10.0,0.0,TBR|TBMTBR4Stage2|2#1129
TBR,2026-08-02,A,2,false,TBMTBR3Stage2,GT 5095 - 11.00R20 JUC3,11.00R20 JUC3 (+1 SKUs),"",R20,1123111020016KJC30,2,78.0,3,2026-08-02 07:41,2026-08-02 12:05,4.38,true,false,11.00R20 JUH5,250.41666666666666,10.0,0.0,TBR|TBMTBR3Stage2|4#1063
TBR,2026-08-02,A,2,false,TBMTBR6Stage2,GT 5078 - 295/80R22.5 JUX E,295/80R22.5 JUXe (+5 SKUs),"",R22.5,112222982C016JUXE0,6,97.0,4,2026-08-02 08:15,2026-08-02 13:42,5.45,true,false,295/80R22.5JUL1,10.0,10.0,0.0,TBR|TBMTBR6Stage2|5#1185
TBR,2026-08-02,A,2,false,TBMTBR7Stage2,9.00 R 20 JDE++,9.00 R 20 JDE++ (+1 SKUs),9R20,R20,1121190020016KDEP0,2,71.0,3,2026-08-02 09:36,2026-08-02 13:20,3.73,true,false,9.00 R 20 JUH5,10.0,10.0,0.0,TBR|TBMTBR7Stage2|4#1309
TBR,2026-08-02,A,2,false,TBMTBR2Stage2,10.00 R 20 JDE,295/90R20JDE++ (+4 SKUs),R20,R20,1121129A20000JDEP0,5,2970.0,110,2026-08-02 11:51,2026-08-09 19:49,175.96,false,false,10.00 R 20 JDE,60.75,0.0,0.0,TBR|TBMTBR2Stage2|1#1025
TBR,2026-08-02,A,2,false,TBMTBR8Stage2,10.00R20JUC,10.00 R 20 JUC,20,R20,1123110020016KJUC0,1,81.0,3,2026-08-02 12:36,2026-08-02 17:09,4.55,true,false,GT 5096 - 11.00R20 JDC XD,29.333333333333332,10.0,0.0,TBR|TBMTBR8Stage2|4#1414
TBR,2026-08-02,A,2,false,TBMTBR7Stage2,8.25R20JDE++,8.25R20JDE++ (+2 SKUs),8.25R20,R20,1121182020016KDEP0,3,234.0,8,2026-08-02 13:30,2026-08-03 02:46,13.26,true,false,9.00 R 20 JDE++,10.0,10.0,0.0,TBR|TBMTBR7Stage2|5#1310
TBR,2026-08-02,A,2,false,TBMTBR6Stage2,GT 5079 - 255/70R22.5 JUX E,255/70R22.5 JUXe 140/137 M (+2 SKUs),22.5,R22.5,112222562C016MUXE0,3,78.0,3,2026-08-02 13:52,2026-08-02 18:05,4.22,true,false,GT 5078 - 295/80R22.5 JUX E,10.0,10.0,0.0,TBR|TBMTBR6Stage2|6#1186
TBR,2026-08-02,A,2,false,TBMTBR9Stage2,GT 5083 - 295/80R22.5 JUM XM,295/80R22.5 JUM XM (+1 SKUs),22.5,R22.5,112222982C016MJXM0,2,107.0,4,2026-08-02 14:22,2026-08-02 20:23,6.02,false,false,GT 5083 - 295/80R22.5 JUM XM,138.76666666666665,0.0,0.0,TBR|TBMTBR9Stage2|4#1509
TBR,2026-08-02,B,2,false,TBMTBR1Stage2,10.00R 20 JW302,295/90R20JUCXM (+1 SKUs),10R20,R20,1123129A20152JUCM0,2,78.0,3,2026-08-02 16:06,2026-08-02 20:29,4.38,true,false,GT 5076 - 295/90R20 JDE XF,105.61666666666666,10.0,0.0,TBR|TBMTBR1Stage2|4#960
TBR,2026-08-02,B,2,false,TBMTBR6Stage2,385/65R22.5JUH6,385/65R22.5 JETWAY JUH6 (+3 SKUs),385/65 R 22.5 JW JUH6,(no rim),115223852C020KUH60,4,87.0,3,2026-08-02 18:29,2026-08-02 23:47,5.29,true,true,GT 5079 - 255/70R22.5 JUX E,24.0,24.0,0.0,TBR|TBMTBR6Stage2|7#1187
TBR,2026-08-02,B,2,false,TBMTBR3Stage2,GT 5075 - 295/90R20 JUH XF,295/90R20 JUH XF / JW 304 (+3 SKUs),295/90R20,R20,1122129A20152JULF0,4,142.0,5,2026-08-02 19:14,2026-08-03 03:13,7.98,true,false,GT 5095 - 11.00R20 JUC3,429.18333333333334,10.0,0.0,TBR|TBMTBR3Stage2|5#1064
TBR,2026-08-02,B,2,false,TBMTBR9Stage2,GT 5103 - 295/80R22.5 JUM XM OEM,295/80R22.5 JUM XM OEM (+2 SKUs),22.5,R22.5,112222982C152MJXM0,3,113.0,4,2026-08-02 20:33,2026-08-03 02:54,6.35,true,false,GT 5083 - 295/80R22.5 JUM XM,10.0,10.0,0.0,TBR|TBMTBR9Stage2|5#1510
TBR,2026-08-02,B,2,false,TBMTBR1Stage2,GT 5076 - 295/90R20 JDE XF,295/90R20 JDE XF / JS121 (+3 SKUs),295/90R20,R20,1121129A20152JDLF0,4,216.0,8,2026-08-02 20:39,2026-08-03 08:48,12.14,true,false,10.00R 20 JW302,10.0,10.0,0.0,TBR|TBMTBR1Stage2|5#961
TBR,2026-08-02,B,2,false,TBMTBR8Stage2,GT 5096 - 11.00R20 JDC XD,11.00R20 JDC XD (+2 SKUs),"",R20,1121111020016KCXD0,3,130.0,5,2026-08-02 22:32,2026-08-03 05:51,7.31,true,false,10.00R20JUC,323.43333333333334,10.0,0.0,TBR|TBMTBR8Stage2|5#1415
TBR,2026-08-02,C,2,false,TBMTBR6Stage2,GT 5078 - 295/80R22.5 JUX E,295/80R22.5 JUXe (+5 SKUs),"",R22.5,112222982C016JUXE0,6,104.0,4,2026-08-03 00:11,2026-08-03 06:02,5.85,true,true,385/65R22.5JUH6,24.0,24.0,0.0,TBR|TBMTBR6Stage2|8#1188
TBR,2026-08-02,C,2,false,TBMTBR5Stage2,10.00 R 20 JUH5,10.00 R 20 JW JUH5 - N2 (+1 SKUs),10.00 R 20 JUH5,R20,1122110020016KUH50,2,405.0,15,2026-08-03 00:13,2026-08-03 22:59,22.77,false,false,10.00 R 20 JUH5,724.5666666666666,0.0,0.0,TBR|TBMTBR5Stage2|1#1161
TBR,2026-08-02,C,2,false,TBMTBR7Stage2,8.25R20JUH5,8.25R20JUH5 (+4 SKUs),8.25R20,R20,1122182020016KUH50,5,93.0,3,2026-08-03 02:56,2026-08-03 07:49,4.89,true,false,8.25R20JDE++,10.0,10.0,0.0,TBR|TBMTBR7Stage2|6#1311
TBR,2026-08-02,C,2,false,TBMTBR9Stage2,GT 5103 - 295/80R22.5 JUM XM OEM,295/80R22.5 JUM XM OEM (+2 SKUs),22.5,R22.5,112222982C152MJXM0,3,253.0,9,2026-08-03 04:53,2026-08-03 19:06,14.22,false,false,GT 5103 - 295/80R22.5 JUM XM OEM,119.18333333333334,0.0,0.0,TBR|TBMTBR9Stage2|5#1511
TBR,2026-08-02,C,2,false,TBMTBR6Stage2,295/80R22.5JDL,295/80R22.5 JDL CURE TYRE (+1 SKUs),"",R22.5,112122982C016MJDL0,2,78.0,3,2026-08-03 06:12,2026-08-03 10:32,4.34,true,false,GT 5078 - 295/80R22.5 JUX E,10.0,10.0,0.0,TBR|TBMTBR6Stage2|9#1189
TBR,2026-08-02,C,2,false,TBMTBR8Stage2,10.00R20JUC,10.00 R 20 JUC,20,R20,1123110020016KJUC0,1,81.0,3,2026-08-03 06:34,2026-08-03 11:07,4.55,true,false,GT 5096 - 11.00R20 JDC XD,43.11666666666667,10.0,0.0,TBR|TBMTBR8Stage2|6#1416
TBR,2026-08-03,A,3,false,TBMTBR3Stage2,GT 5075 - 295/90R20 JUH XF,295/90R20 JUH XF / JW 304 (+3 SKUs),295/90R20,R20,1122129A20152JULF0,4,142.0,5,2026-08-03 08:08,2026-08-03 16:07,7.98,false,false,GT 5075 - 295/90R20 JUH XF,295.15,0.0,0.0,TBR|TBMTBR3Stage2|5#1065
TBR,2026-08-03,A,3,false,TBMTBR7Stage2,8.25R20JUH5,8.25R20JUH5 (+4 SKUs),8.25R20,R20,1122182020016KUH50,5,93.0,3,2026-08-03 09:41,2026-08-03 14:34,4.89,false,false,8.25R20JUH5,111.83333333333333,0.0,0.0,TBR|TBMTBR7Stage2|6#1312
TBR,2026-08-03,A,3,false,TBMTBR1Stage2,10.00R 20 JW302,295/90R20JUCXM (+1 SKUs),10R20,R20,1123129A20152JUCM0,2,78.0,3,2026-08-03 09:46,2026-08-03 14:09,4.38,true,false,GT 5076 - 295/90R20 JDE XF,58.4,10.0,0.0,TBR|TBMTBR1Stage2|6#962
TBR,2026-08-03,A,3,false,TBMTBR6Stage2,GT 5114 - 315/80R22.5 JDC XD,315/80R22.5 JETSTEEL JDC XD,"",(no rim),115123182C020KCXD0,1,87.0,3,2026-08-03 10:56,2026-08-03 16:13,5.29,true,true,295/80R22.5JDL,24.0,24.0,0.0,TBR|TBMTBR6Stage2|10#1190
TBR,2026-08-03,A,3,false,TBMTBR1Stage2,GT 5076 - 295/90R20 JDE XF,295/90R20 JDE XF / JS121 (+3 SKUs),295/90R20,R20,1121129A20152JDLF0,4,216.0,8,2026-08-03 14:19,2026-08-04 02:28,12.14,true,false,10.00R 20 JW302,10.0,10.0,0.0,TBR|TBMTBR1Stage2|7#963
TBR,2026-08-03,A,3,false,TBMTBR8Stage2,GT 5095 - 11.00R20 JUC3,11.00R20 JUC3 (+1 SKUs),"",R20,1123111020016KJC30,2,78.0,3,2026-08-03 14:44,2026-08-03 19:07,4.38,true,false,10.00R20JUC,216.6,10.0,0.0,TBR|TBMTBR8Stage2|7#1417
TBR,2026-08-03,A,3,false,TBMTBR7Stage2,9.00 R 20 JUH5,9.00R20 JW JUH5 16PR (+2 SKUs),"",R20,1122190020016KUH50,3,177.0,6,2026-08-03 14:44,2026-08-04 00:45,10.02,true,false,8.25R20JUH5,10.0,10.0,0.0,TBR|TBMTBR7Stage2|7#1313
TBR,2026-08-03,B,3,false,TBMTBR4Stage2,10.00 R 20 JUH5,10.00 R 20 JW JUH5 - N2 (+1 SKUs),10.00 R 20 JUH5,R20,1122110020016KUH50,2,405.0,15,2026-08-03 16:17,2026-08-04 15:03,22.77,false,false,10.00 R 20 JUH5,618.75,0.0,0.0,TBR|TBMTBR4Stage2|2#1130
TBR,2026-08-03,B,3,false,TBMTBR3Stage2,GT 5096 - 11.00R20 JDC XD,11.00R20 JDC XD (+2 SKUs),"",R20,1121111020016KCXD0,3,130.0,5,2026-08-03 16:17,2026-08-03 23:35,7.31,true,false,GT 5075 - 295/90R20 JUH XF,10.0,10.0,0.0,TBR|TBMTBR3Stage2|6#1066
TBR,2026-08-03,B,3,false,TBMTBR6Stage2,385/65R22.5JTL,385/65R22.5 JETWAY JTL - 24PR (+3 SKUs),"",R22.5,115223852C024KJTL0,4,87.0,3,2026-08-03 16:37,2026-08-03 21:49,5.18,true,true,GT 5114 - 315/80R22.5 JDC XD,24.0,24.0,0.0,TBR|TBMTBR6Stage2|11#1191
TBR,2026-08-03,B,3,false,TBMTBR9Stage2,295/80R22.5JUL1,295/80R22.5 JUM (+2 SKUs),"",R22.5,112222982C016MJUM0,3,79.0,3,2026-08-03 20:54,2026-08-04 01:18,4.39,true,false,GT 5103 - 295/80R22.5 JUM XM OEM,107.98333333333333,10.0,0.0,TBR|TBMTBR9Stage2|6#1512
TBR,2026-08-03,B,3,false,TBMTBR8Stage2,295/90R20JDCXD,295/90R20_JDC XD_152/148_J_TT (+1 SKUs),10R20,R20,1121129A20152JCXD0,2,81.0,3,2026-08-03 21:21,2026-08-04 01:55,4.55,true,false,GT 5095 - 11.00R20 JUC3,134.55,10.0,0.0,TBR|TBMTBR8Stage2|8#1418
TBR,2026-08-03,B,3,false,TBMTBR6Stage2,GT 5078 - 295/80R22.5 JUX E,295/80R22.5 JUXe (+5 SKUs),"",R22.5,112222982C016JUXE0,6,104.0,4,2026-08-03 21:59,2026-08-04 03:49,5.85,true,false,385/65R22.5JTL,10.0,10.0,0.0,TBR|TBMTBR6Stage2|12#1192
TBR,2026-08-03,C,3,false,TBMTBR7Stage2,9.00 R 20 JDE++,9.00 R 20 JDE++ (+1 SKUs),9R20,R20,1121190020016KDEP0,2,81.0,3,2026-08-04 00:55,2026-08-04 05:10,4.26,true,false,9.00 R 20 JUH5,10.0,10.0,0.0,TBR|TBMTBR7Stage2|8#1314
TBR,2026-08-03,C,3,false,TBMTBR1Stage2,10.00R 20 JW302,295/90R20JUCXM (+1 SKUs),10R20,R20,1123129A20152JUCM0,2,78.0,3,2026-08-04 03:26,2026-08-04 07:49,4.38,true,false,GT 5076 - 295/90R20 JDE XF,58.4,10.0,0.0,TBR|TBMTBR1Stage2|8#964
TBR,2026-08-03,C,3,false,TBMTBR3Stage2,GT 5075 - 295/90R20 JUH XF,295/90R20 JUH XF / JW 304 (+3 SKUs),295/90R20,R20,1122129A20152JULF0,4,142.0,5,2026-08-04 03:58,2026-08-04 11:57,7.98,true,false,GT 5096 - 11.00R20 JDC XD,262.55,10.0,0.0,TBR|TBMTBR3Stage2|7#1067
TBR,2026-08-03,C,3,false,TBMTBR6Stage2,295/80R22.5JUL1,295/80R22.5 JUM (+2 SKUs),"",R22.5,112222982C016MJUM0,3,80.0,3,2026-08-04 04:33,2026-08-04 09:00,4.45,true,false,GT 5078 - 295/80R22.5 JUX E,44.15,10.0,0.0,TBR|TBMTBR6Stage2|13#1193
TBR,2026-08-03,C,3,false,TBMTBR9Stage2,GT 5083 - 295/80R22.5 JUM XM,295/80R22.5 JUM XM (+1 SKUs),22.5,R22.5,112222982C016MJXM0,2,106.0,4,2026-08-04 05:04,2026-08-04 11:02,5.96,true,false,295/80R22.5JUL1,226.28333333333333,10.0,0.0,TBR|TBMTBR9Stage2|7#1513
TBR,2026-08-03,C,3,false,TBMTBR7Stage2,8.25R20JDE++,8.25R20JDE++ (+2 SKUs),8.25R20,R20,1121182020016KDEP0,3,117.0,4,2026-08-04 05:20,2026-08-04 11:29,6.15,true,false,9.00 R 20 JDE++,10.0,10.0,0.0,TBR|TBMTBR7Stage2|9#1315
TBR,2026-08-04,A,4,false,TBMTBR1Stage2,GT 5076 - 295/90R20 JDE XF,295/90R20 JDE XF / JS121 (+3 SKUs),295/90R20,R20,1121129A20152JDLF0,4,216.0,8,2026-08-04 07:59,2026-08-04 20:08,12.14,true,false,10.00R 20 JW302,10.0,10.0,0.0,TBR|TBMTBR1Stage2|9#965
TBR,2026-08-04,A,4,false,TBMTBR5Stage2,10.00 R 20 JUH5,10.00 R 20 JW JUH5 - N2 (+1 SKUs),10.00 R 20 JUH5,R20,1122110020016KUH50,2,405.0,15,2026-08-04 08:20,2026-08-05 07:06,22.77,false,false,10.00 R 20 JUH5,561.6166666666667,0.0,0.0,TBR|TBMTBR5Stage2|1#1162
TBR,2026-08-04,A,4,false,TBMTBR8Stage2,GT 5095 - 11.00R20 JUC3,11.00R20 JUC3 (+1 SKUs),"",R20,1123111020016KJC30,2,78.0,3,2026-08-04 08:27,2026-08-04 12:50,4.38,true,false,295/90R20JDCXD,391.8333333333333,10.0,0.0,TBR|TBMTBR8Stage2|9#1419
TBR,2026-08-04,A,4,false,TBMTBR6Stage2,GT 5113 - 295/80R22.5 JDC XD,295/80R22.5 JETSTEEL JDC XD,"",R22.5,115122982C018KCXD0,1,75.0,3,2026-08-04 09:10,2026-08-04 13:23,4.22,true,false,295/80R22.5JUL1,10.0,10.0,0.0,TBR|TBMTBR6Stage2|14#1194
TBR,2026-08-04,A,4,false,TBMTBR7Stage2,8.25R20JUH5,8.25R20JUH5 (+4 SKUs),8.25R20,R20,1122182020016KUH50,5,93.0,3,2026-08-04 11:39,2026-08-04 16:33,4.89,true,false,8.25R20JDE++,10.0,10.0,0.0,TBR|TBMTBR7Stage2|10#1316
TBR,2026-08-04,A,4,false,TBMTBR6Stage2,315/80R22.5JUL4,315/80R22.5JUL4 (+1 SKUs),22.5,R22.5,115223182C018LUL40,2,78.0,3,2026-08-04 13:33,2026-08-04 18:05,4.53,true,false,GT 5113 - 295/80R22.5 JDC XD,10.0,10.0,0.0,TBR|TBMTBR6Stage2|15#1195
TBR,2026-08-04,A,4,false,TBMTBR8Stage2,10.00R20JUC,10.00 R 20 JUC,20,R20,1123110020016KJUC0,1,81.0,3,2026-08-04 13:51,2026-08-04 18:24,4.55,true,false,GT 5095 - 11.00R20 JUC3,60.949999999999996,10.0,0.0,TBR|TBMTBR8Stage2|10#1420
TBR,2026-08-04,A,4,false,TBMTBR3Stage2,11.00R20 JUH5,11.00R20 JUH5 (+2 SKUs),11R20,R20,1122111020016KUH50,3,81.0,3,2026-08-04 14:24,2026-08-04 18:58,4.55,true,false,GT 5075 - 295/90R20 JUH XF,147.56666666666666,10.0,0.0,TBR|TBMTBR3Stage2|8#1068
TBR,2026-08-04,A,4,false,TBMTBR9Stage2,GT 5103 - 295/80R22.5 JUM XM OEM,295/80R22.5 JUM XM OEM (+2 SKUs),22.5,R22.5,112222982C152MJXM0,3,140.0,5,2026-08-04 14:40,2026-08-04 22:32,7.87,true,false,GT 5083 - 295/80R22.5 JUM XM,217.9,10.0,0.0,TBR|TBMTBR9Stage2|8#1514
TBR,2026-08-04,B,4,false,TBMTBR4Stage2,GT 5075 - 295/90R20 JUH XF,295/90R20 JUH XF / JW 304 (+3 SKUs),295/90R20,R20,1122129A20152JULF0,4,141.0,5,2026-08-04 16:19,2026-08-05 00:14,7.93,true,false,10.00 R 20 JUH5,76.01666666666667,10.0,0.0,TBR|TBMTBR4Stage2|3#1131
TBR,2026-08-04,B,4,false,TBMTBR6Stage2,295/80R22.5JDL,295/80R22.5 JDL CURE TYRE (+1 SKUs),"",R22.5,112122982C016MJDL0,2,78.0,3,2026-08-04 18:15,2026-08-04 22:35,4.34,true,false,315/80R22.5JUL4,10.0,10.0,0.0,TBR|TBMTBR6Stage2|16#1196
TBR,2026-08-04,B,4,false,TBMTBR3Stage2,GT 5075 - 295/90R20 JUH XF,295/90R20 JUH XF / JW 304 (+3 SKUs),295/90R20,R20,1122129A20152JULF0,4,142.0,5,2026-08-04 19:19,2026-08-05 03:18,7.98,true,false,11.00R20 JUH5,20.866666666666667,10.0,0.0,TBR|TBMTBR3Stage2|9#1069
TBR,2026-08-04,B,4,false,TBMTBR8Stage2,GT 5096 - 11.00R20 JDC XD,11.00R20 JDC XD (+2 SKUs),"",R20,1121111020016KCXD0,3,130.0,5,2026-08-04 20:27,2026-08-05 03:46,7.31,true,false,10.00R20JUC,123.56666666666666,10.0,0.0,TBR|TBMTBR8Stage2|11#1421
TBR,2026-08-04,B,4,false,TBMTBR7Stage2,8.25R20JDE++,8.25R20JDE++ (+2 SKUs),8.25R20,R20,1121182020016KDEP0,3,118.0,4,2026-08-04 21:39,2026-08-05 03:51,6.2,true,false,8.25R20JUH5,306.5333333333333,10.0,0.0,TBR|TBMTBR7Stage2|11#1317
TBR,2026-08-04,B,4,false,TBMTBR9Stage2,GT 5083 - 295/80R22.5 JUM XM,295/80R22.5 JUM XM (+1 SKUs),22.5,R22.5,112222982C016MJXM0,2,106.0,4,2026-08-04 22:42,2026-08-05 04:39,5.96,true,false,GT 5103 - 295/80R22.5 JUM XM OEM,10.0,10.0,0.0,TBR|TBMTBR9Stage2|9#1515
TBR,2026-08-04,B,4,false,TBMTBR6Stage2,GT 5078 - 295/80R22.5 JUX E,295/80R22.5 JUXe (+5 SKUs),"",R22.5,112222982C016JUXE0,6,104.0,4,2026-08-04 22:45,2026-08-05 04:36,5.85,true,false,295/80R22.5JDL,10.0,10.0,0.0,TBR|TBMTBR6Stage2|17#1197
TBR,2026-08-04,C,4,false,TBMTBR1Stage2,10.00R 20 JW302,295/90R20JUCXM (+1 SKUs),10R20,R20,1123129A20152JUCM0,2,78.0,3,2026-08-04 23:35,2026-08-05 03:58,4.38,true,false,GT 5076 - 295/90R20 JDE XF,207.54999999999998,10.0,0.0,TBR|TBMTBR1Stage2|10#966
TBR,2026-08-04,C,4,false,TBMTBR4Stage2,10.00 R 20 JUH5,10.00 R 20 JW JUH5 - N2 (+1 SKUs),10.00 R 20 JUH5,R20,1122110020016KUH50,2,405.0,15,2026-08-05 00:24,2026-08-05 23:10,22.77,true,false,GT 5075 - 295/90R20 JUH XF,10.0,10.0,0.0,TBR|TBMTBR4Stage2|4#1132
TBR,2026-08-04,C,4,false,TBMTBR3Stage2,GT 5076 - 295/90R20 JDE XF,295/90R20 JDE XF / JS121 (+3 SKUs),295/90R20,R20,1121129A20152JDLF0,4,216.0,8,2026-08-05 03:28,2026-08-05 15:36,12.14,true,false,GT 5075 - 295/90R20 JUH XF,10.0,10.0,0.0,TBR|TBMTBR3Stage2|10#1070
TBR,2026-08-04,C,4,false,TBMTBR7Stage2,8.25R20JUH5,8.25R20JUH5 (+4 SKUs),8.25R20,R20,1122182020016KUH50,5,93.0,3,2026-08-05 04:01,2026-08-05 08:54,4.89,true,false,8.25R20JDE++,10.0,10.0,0.0,TBR|TBMTBR7Stage2|12#1318
TBR,2026-08-04,C,4,false,TBMTBR6Stage2,385/65R22.5JUH6,385/65R22.5 JETWAY JUH6 (+3 SKUs),385/65 R 22.5 JW JUH6,(no rim),115223852C020KUH60,4,87.0,3,2026-08-05 05:00,2026-08-05 10:18,5.29,true,true,GT 5078 - 295/80R22.5 JUX E,24.0,24.0,0.0,TBR|TBMTBR6Stage2|18#1198
TBR,2026-08-04,C,4,false,TBMTBR9Stage2,GT 5103 - 295/80R22.5 JUM XM OEM,295/80R22.5 JUM XM OEM (+2 SKUs),22.5,R22.5,112222982C152MJXM0,3,140.0,5,2026-08-05 06:53,2026-08-05 14:45,7.87,true,false,GT 5083 - 295/80R22.5 JUM XM,133.71666666666667,10.0,0.0,TBR|TBMTBR9Stage2|10#1516
TBR,2026-08-05,A,5,false,TBMTBR1Stage2,10.00R20JUC,10.00 R 20 JUC,20,R20,1123110020016KJUC0,1,81.0,3,2026-08-05 07:56,2026-08-05 12:29,4.55,true,false,10.00R 20 JW302,237.31666666666666,10.0,0.0,TBR|TBMTBR1Stage2|11#967
TBR,2026-08-05,A,5,false,TBMTBR8Stage2,GT 5096 - 11.00R20 JDC XD,11.00R20 JDC XD (+2 SKUs),"",R20,1121111020016KCXD0,3,130.0,5,2026-08-05 08:00,2026-08-05 15:19,7.31,false,false,GT 5096 - 11.00R20 JDC XD,254.5,0.0,0.0,TBR|TBMTBR8Stage2|11#1422
TBR,2026-08-05,A,5,false,TBMTBR7Stage2,9.00 R 20 JUH5,9.00R20 JW JUH5 16PR (+2 SKUs),"",R20,1122190020016KUH50,3,172.0,6,2026-08-05 09:34,2026-08-05 18:36,9.04,true,false,8.25R20JUH5,39.666666666666664,10.0,0.0,TBR|TBMTBR7Stage2|13#1319
TBR,2026-08-05,A,5,false,TBMTBR6Stage2,GT 5114 - 315/80R22.5 JDC XD,315/80R22.5 JETSTEEL JDC XD,"",(no rim),115123182C020KCXD0,1,87.0,3,2026-08-05 10:42,2026-08-05 15:59,5.29,true,false,385/65R22.5JUH6,24.0,10.0,0.0,TBR|TBMTBR6Stage2|19#1199
TBR,2026-08-05,A,5,false,TBMTBR9Stage2,GT 5083 - 295/80R22.5 JUM XM,295/80R22.5 JUM XM (+1 SKUs),22.5,R22.5,112222982C016MJXM0,2,106.0,4,2026-08-05 14:55,2026-08-05 20:53,5.96,true,false,GT 5103 - 295/80R22.5 JUM XM OEM,10.0,10.0,0.0,TBR|TBMTBR9Stage2|11#1517
TBR,2026-08-05,B,5,false,TBMTBR8Stage2,GT 5095 - 11.00R20 JUC3,11.00R20 JUC3 (+1 SKUs),"",R20,1123111020016KJC30,2,78.0,3,2026-08-05 15:29,2026-08-05 19:52,4.38,true,false,GT 5096 - 11.00R20 JDC XD,10.0,10.0,0.0,TBR|TBMTBR8Stage2|12#1423
TBR,2026-08-05,B,5,false,TBMTBR3Stage2,10.00R 20 JW302,295/90R20JUCXM (+1 SKUs),10R20,R20,1123129A20152JUCM0,2,78.0,3,2026-08-05 15:46,2026-08-05 20:09,4.38,true,false,GT 5076 - 295/90R20 JDE XF,10.0,10.0,0.0,TBR|TBMTBR3Stage2|11#1071
TBR,2026-08-05,B,5,false,TBMTBR1Stage2,10.00R 20 JW302,295/90R20JUCXM (+1 SKUs),10R20,R20,1123129A20152JUCM0,2,78.0,3,2026-08-05 15:54,2026-08-05 20:18,4.38,true,false,10.00R20JUC,205.65,10.0,0.0,TBR|TBMTBR1Stage2|12#968
TBR,2026-08-05,B,5,false,TBMTBR6Stage2,295/80R22.5JUL1,295/80R22.5 JUM (+2 SKUs),"",R22.5,112222982C016MJUM0,3,79.0,3,2026-08-05 16:23,2026-08-05 20:47,4.39,true,true,GT 5114 - 315/80R22.5 JDC XD,24.0,24.0,0.0,TBR|TBMTBR6Stage2|20#1200
TBR,2026-08-05,B,5,false,TBMTBR5Stage2,10.00 R 20 JUH5,10.00 R 20 JW JUH5 - N2 (+1 SKUs),10.00 R 20 JUH5,R20,1122110020016KUH50,2,405.0,15,2026-08-05 16:28,2026-08-06 15:14,22.77,false,false,10.00 R 20 JUH5,561.6166666666667,0.0,0.0,TBR|TBMTBR5Stage2|1#1163
TBR,2026-08-05,B,5,false,TBMTBR3Stage2,GT 5076 - 295/90R20 JDE XF,295/90R20 JDE XF / JS121 (+3 SKUs),295/90R20,R20,1121129A20152JDLF0,4,216.0,8,2026-08-05 20:19,2026-08-06 08:28,12.14,true,false,10.00R 20 JW302,10.0,10.0,0.0,TBR|TBMTBR3Stage2|12#1072
TBR,2026-08-05,B,5,false,TBMTBR7Stage2,8.25R20JUH5,8.25R20JUH5 (+4 SKUs),8.25R20,R20,1122182020016KUH50,5,93.0,3,2026-08-05 20:23,2026-08-06 01:16,4.89,true,false,9.00 R 20 JUH5,106.6,10.0,0.0,TBR|TBMTBR7Stage2|14#1320
TBR,2026-08-05,B,5,false,TBMTBR6Stage2,GT 5079 - 255/70R22.5 JUX E,255/70R22.5 JUXe 140/137 M (+2 SKUs),22.5,R22.5,112222562C016MUXE0,3,78.0,3,2026-08-05 20:57,2026-08-06 01:10,4.22,true,false,295/80R22.5JUL1,10.0,10.0,0.0,TBR|TBMTBR6Stage2|21#1201
TBR,2026-08-05,B,5,false,TBMTBR8Stage2,295/90R20JDCXD,295/90R20_JDC XD_152/148_J_TT (+1 SKUs),10R20,R20,1121129A20152JCXD0,2,81.0,3,2026-08-05 21:00,2026-08-06 01:33,4.55,true,false,GT 5095 - 11.00R20 JUC3,67.9,10.0,0.0,TBR|TBMTBR8Stage2|13#1424
TBR,2026-08-05,B,5,false,TBMTBR9Stage2,GT 5078 - 295/80R22.5 JUX E,295/80R22.5 JUXe (+5 SKUs),"",R22.5,112222982C016JUXE0,6,104.0,4,2026-08-05 21:03,2026-08-06 02:54,5.85,true,false,GT 5083 - 295/80R22.5 JUM XM,10.0,10.0,0.0,TBR|TBMTBR9Stage2|12#1518
TBR,2026-08-05,C,5,false,TBMTBR1Stage2,10.00R20JUC,10.00 R 20 JUC,20,R20,1123110020016KJUC0,1,81.0,3,2026-08-05 23:16,2026-08-06 03:49,4.55,true,false,10.00R 20 JW302,178.03333333333333,10.0,0.0,TBR|TBMTBR1Stage2|13#969
TBR,2026-08-05,C,5,false,TBMTBR8Stage2,GT 5096 - 11.00R20 JDC XD,11.00R20 JDC XD (+2 SKUs),"",R20,1121111020016KCXD0,3,130.0,5,2026-08-06 01:43,2026-08-06 09:02,7.31,true,false,295/90R20JDCXD,10.0,10.0,0.0,TBR|TBMTBR8Stage2|14#1425
TBR,2026-08-05,C,5,false,TBMTBR7Stage2,9.00 R 20 JDE++,9.00 R 20 JDE++ (+1 SKUs),9R20,R20,1121190020016KDEP0,2,81.0,3,2026-08-06 02:01,2026-08-06 06:16,4.26,true,false,8.25R20JUH5,44.3,10.0,0.0,TBR|TBMTBR7Stage2|15#1321
TBR,2026-08-05,C,5,false,TBMTBR1Stage2,10.00R 20 JW302,295/90R20JUCXM (+1 SKUs),10R20,R20,1123129A20152JUCM0,2,78.0,3,2026-08-06 03:59,2026-08-06 08:22,4.38,true,false,10.00R20JUC,10.0,10.0,0.0,TBR|TBMTBR1Stage2|14#970
TBR,2026-08-05,C,5,false,TBMTBR6Stage2,GT 5113 - 295/80R22.5 JDC XD,295/80R22.5 JETSTEEL JDC XD,"",R22.5,115122982C018KCXD0,1,75.0,3,2026-08-06 04:40,2026-08-06 08:53,4.22,true,false,GT 5079 - 255/70R22.5 JUX E,210.33333333333334,10.0,0.0,TBR|TBMTBR6Stage2|22#1202
TBR,2026-08-05,C,5,false,TBMTBR4Stage2,GT 5075 - 295/90R20 JUH XF,295/90R20 JUH XF / JW 304 (+3 SKUs),295/90R20,R20,1122129A20152JULF0,4,140.0,5,2026-08-06 05:11,2026-08-06 13:03,7.87,true,false,10.00 R 20 JUH5,360.51666666666665,10.0,0.0,TBR|TBMTBR4Stage2|5#1133
TBR,2026-08-05,C,5,false,TBMTBR7Stage2,8.25R20JDE++,8.25R20JDE++ (+2 SKUs),8.25R20,R20,1121182020016KDEP0,3,117.0,4,2026-08-06 06:26,2026-08-06 12:35,6.15,true,false,9.00 R 20 JDE++,10.0,10.0,0.0,TBR|TBMTBR7Stage2|16#1322
TBR,2026-08-06,A,6,false,TBMTBR9Stage2,GT 5103 - 295/80R22.5 JUM XM OEM,295/80R22.5 JUM XM OEM (+2 SKUs),22.5,R22.5,112222982C152MJXM0,3,140.0,5,2026-08-06 07:57,2026-08-06 15:49,7.87,true,false,GT 5078 - 295/80R22.5 JUX E,302.98333333333335,10.0,0.0,TBR|TBMTBR9Stage2|13#1519
TBR,2026-08-06,A,6,false,TBMTBR1Stage2,10.00 R 20 JUH5,10.00 R 20 JW JUH5 - N2 (+1 SKUs),10.00 R 20 JUH5,R20,1122110020016KUH50,2,405.0,15,2026-08-06 08:32,2026-08-07 07:18,22.77,true,false,10.00R 20 JW302,10.0,10.0,0.0,TBR|TBMTBR1Stage2|15#971
TBR,2026-08-06,A,6,false,TBMTBR3Stage2,11.00R20 JUH5,11.00R20 JUH5 (+2 SKUs),11R20,R20,1122111020016KUH50,3,81.0,3,2026-08-06 08:38,2026-08-06 13:11,4.55,true,false,GT 5076 - 295/90R20 JDE XF,10.0,10.0,0.0,TBR|TBMTBR3Stage2|13#1073
TBR,2026-08-06,A,6,false,TBMTBR6Stage2,GT 5078 - 295/80R22.5 JUX E,295/80R22.5 JUXe (+5 SKUs),"",R22.5,112222982C016JUXE0,6,103.0,4,2026-08-06 09:03,2026-08-06 14:51,5.79,true,false,GT 5113 - 295/80R22.5 JDC XD,10.0,10.0,0.0,TBR|TBMTBR6Stage2|23#1203
TBR,2026-08-06,A,6,false,TBMTBR8Stage2,GT 5095 - 11.00R20 JUC3,11.00R20 JUC3 (+1 SKUs),"",R20,1123111020016KJC30,2,78.0,3,2026-08-06 09:12,2026-08-06 13:35,4.38,true,false,GT 5096 - 11.00R20 JDC XD,10.0,10.0,0.0,TBR|TBMTBR8Stage2|15#1426
TBR,2026-08-06,A,6,false,TBMTBR7Stage2,8.25R20JUH5,8.25R20JUH5 (+4 SKUs),8.25R20,R20,1122182020016KUH50,5,93.0,3,2026-08-06 12:45,2026-08-06 17:38,4.89,true,false,8.25R20JDE++,10.0,10.0,0.0,TBR|TBMTBR7Stage2|17#1323
TBR,2026-08-06,A,6,false,TBMTBR3Stage2,GT 5076 - 295/90R20 JDE XF,295/90R20 JDE XF / JS121 (+3 SKUs),295/90R20,R20,1121129A20152JDLF0,4,432.0,16,2026-08-06 13:21,2026-08-07 13:38,24.29,true,false,11.00R20 JUH5,10.0,10.0,0.0,TBR|TBMTBR3Stage2|14#1074
TBR,2026-08-06,B,6,false,TBMTBR6Stage2,315/80R22.5JUL4,315/80R22.5JUL4 (+1 SKUs),22.5,R22.5,115223182C018LUL40,2,78.0,3,2026-08-06 15:01,2026-08-06 19:32,4.53,true,false,GT 5078 - 295/80R22.5 JUX E,10.0,10.0,0.0,TBR|TBMTBR6Stage2|24#1204
TBR,2026-08-06,B,6,false,TBMTBR9Stage2,295/80R22.5JUL1,295/80R22.5 JUM (+2 SKUs),"",R22.5,112222982C016MJUM0,3,80.0,3,2026-08-06 15:59,2026-08-06 20:26,4.45,true,false,GT 5103 - 295/80R22.5 JUM XM OEM,10.0,10.0,0.0,TBR|TBMTBR9Stage2|14#1520
TBR,2026-08-06,B,6,false,TBMTBR6Stage2,GT 5078 - 295/80R22.5 JUX E,295/80R22.5 JUXe (+5 SKUs),"",R22.5,112222982C016JUXE0,6,102.0,4,2026-08-06 19:42,2026-08-07 01:26,5.73,true,false,315/80R22.5JUL4,10.0,10.0,0.0,TBR|TBMTBR6Stage2|25#1205
TBR,2026-08-06,B,6,false,TBMTBR9Stage2,GT 5083 - 295/80R22.5 JUM XM,295/80R22.5 JUM XM (+1 SKUs),22.5,R22.5,112222982C016MJXM0,2,105.0,4,2026-08-06 21:02,2026-08-07 02:56,5.9,true,false,295/80R22.5JUL1,36.4,10.0,0.0,TBR|TBMTBR9Stage2|15#1521
TBR,2026-08-06,B,6,false,TBMTBR4Stage2,GT 5075 - 295/90R20 JUH XF,295/90R20 JUH XF / JW 304 (+3 SKUs),295/90R20,R20,1122129A20152JULF0,4,140.0,5,2026-08-06 21:33,2026-08-07 05:25,7.87,false,false,GT 5075 - 295/90R20 JUH XF,509.8333333333333,0.0,0.0,TBR|TBMTBR4Stage2|5#1134
TBR,2026-08-06,B,6,false,TBMTBR7Stage2,8.25R20JDE++,8.25R20JDE++ (+2 SKUs),8.25R20,R20,1121182020016KDEP0,3,117.0,4,2026-08-06 22:48,2026-08-07 04:57,6.15,true,false,8.25R20JUH5,309.68333333333334,10.0,0.0,TBR|TBMTBR7Stage2|18#1324
TBR,2026-08-06,C,6,false,TBMTBR5Stage2,10.00 R 20 JUH5,10.00 R 20 JW JUH5 - N2 (+1 SKUs),10.00 R 20 JUH5,R20,1122110020016KUH50,2,405.0,15,2026-08-07 00:36,2026-08-07 23:22,22.77,false,false,10.00 R 20 JUH5,561.6166666666667,0.0,0.0,TBR|TBMTBR5Stage2|1#1164
TBR,2026-08-06,C,6,false,TBMTBR8Stage2,GT 5096 - 11.00R20 JDC XD,11.00R20 JDC XD (+2 SKUs),"",R20,1121111020016KCXD0,3,130.0,5,2026-08-07 01:41,2026-08-07 08:59,7.31,true,false,GT 5095 - 11.00R20 JUC3,726.1833333333333,10.0,0.0,TBR|TBMTBR8Stage2|16#1427
TBR,2026-08-06,C,6,false,TBMTBR6Stage2,GT 5114 - 315/80R22.5 JDC XD,315/80R22.5 JETSTEEL JDC XD,"",(no rim),115123182C020KCXD0,1,87.0,3,2026-08-07 01:50,2026-08-07 07:08,5.29,true,true,GT 5078 - 295/80R22.5 JUX E,24.0,24.0,0.0,TBR|TBMTBR6Stage2|26#1206
TBR,2026-08-06,C,6,false,TBMTBR7Stage2,8.25R20JUH5,8.25R20JUH5 (+4 SKUs),8.25R20,R20,1122182020016KUH50,5,93.0,3,2026-08-07 05:07,2026-08-07 10:00,4.89,true,false,8.25R20JDE++,10.0,10.0,0.0,TBR|TBMTBR7Stage2|19#1325
TBR,2026-08-06,C,6,false,TBMTBR9Stage2,GT 5103 - 295/80R22.5 JUM XM OEM,295/80R22.5 JUM XM OEM (+2 SKUs),22.5,R22.5,112222982C152MJXM0,3,140.0,5,2026-08-07 06:14,2026-08-07 14:07,7.87,true,false,GT 5083 - 295/80R22.5 JUM XM,197.91666666666666,10.0,0.0,TBR|TBMTBR9Stage2|16#1522
TBR,2026-08-07,A,7,false,TBMTBR6Stage2,295/80R22.5JDL,295/80R22.5 JDL CURE TYRE (+1 SKUs),"",R22.5,112122982C016MJDL0,2,78.0,3,2026-08-07 07:32,2026-08-07 11:52,4.34,true,true,GT 5114 - 315/80R22.5 JDC XD,24.0,24.0,0.0,TBR|TBMTBR6Stage2|27#1207
TBR,2026-08-07,A,7,false,TBMTBR1Stage2,10.00R20JUC,10.00 R 20 JUC,20,R20,1123110020016KJUC0,1,81.0,3,2026-08-07 09:11,2026-08-07 13:45,4.55,true,false,10.00 R 20 JUH5,113.38333333333333,10.0,0.0,TBR|TBMTBR1Stage2|16#972
TBR,2026-08-07,A,7,false,TBMTBR8Stage2,295/90R20JDCXD,295/90R20_JDC XD_152/148_J_TT (+1 SKUs),10R20,R20,1121129A20152JCXD0,2,81.0,3,2026-08-07 11:31,2026-08-07 16:04,4.55,true,false,GT 5096 - 11.00R20 JDC XD,151.33333333333334,10.0,0.0,TBR|TBMTBR8Stage2|17#1428
TBR,2026-08-07,A,7,false,TBMTBR6Stage2,385/65R22.5JUH6,385/65R22.5 JETWAY JUH6 (+3 SKUs),385/65 R 22.5 JW JUH6,(no rim),115223852C020KUH60,4,87.0,3,2026-08-07 12:16,2026-08-07 17:34,5.29,true,true,295/80R22.5JDL,24.0,24.0,0.0,TBR|TBMTBR6Stage2|28#1208
TBR,2026-08-07,A,7,false,TBMTBR7Stage2,9.00 R 20 JUH5,9.00R20 JW JUH5 16PR (+2 SKUs),"",R20,1122190020016KUH50,3,85.0,3,2026-08-07 13:30,2026-08-07 17:58,4.47,true,false,8.25R20JUH5,209.75,10.0,0.0,TBR|TBMTBR7Stage2|20#1326
TBR,2026-08-07,A,7,false,TBMTBR3Stage2,GT 5075 - 295/90R20 JUH XF,295/90R20 JUH XF / JW 304 (+3 SKUs),295/90R20,R20,1122129A20152JULF0,4,280.0,10,2026-08-07 13:48,2026-08-08 05:41,15.89,true,false,GT 5076 - 295/90R20 JDE XF,10.0,10.0,0.0,TBR|TBMTBR3Stage2|15#1075
TBR,2026-08-07,A,7,false,TBMTBR1Stage2,10.00R 20 JW302,295/90R20JUCXM (+1 SKUs),10R20,R20,1123129A20152JUCM0,2,156.0,6,2026-08-07 13:55,2026-08-07 22:41,8.77,true,false,10.00R20JUC,10.0,10.0,0.0,TBR|TBMTBR1Stage2|17#973
TBR,2026-08-07,A,7,false,TBMTBR9Stage2,GT 5083 - 295/80R22.5 JUM XM,295/80R22.5 JUM XM (+1 SKUs),22.5,R22.5,112222982C016MJXM0,2,105.0,4,2026-08-07 14:17,2026-08-07 20:11,5.9,true,false,GT 5103 - 295/80R22.5 JUM XM OEM,10.0,10.0,0.0,TBR|TBMTBR9Stage2|17#1523
TBR,2026-08-07,B,7,false,TBMTBR8Stage2,GT 5095 - 11.00R20 JUC3,11.00R20 JUC3 (+1 SKUs),"",R20,1123111020016KJC30,2,78.0,3,2026-08-07 16:14,2026-08-07 20:37,4.38,true,false,295/90R20JDCXD,10.0,10.0,0.0,TBR|TBMTBR8Stage2|18#1429
TBR,2026-08-07,B,7,false,TBMTBR4Stage2,10.00 R 20 JUH5,10.00 R 20 JW JUH5 - N2 (+1 SKUs),10.00 R 20 JUH5,R20,1122110020016KUH50,2,405.0,15,2026-08-07 16:40,2026-08-08 15:26,22.77,true,false,GT 5075 - 295/90R20 JUH XF,674.4833333333333,10.0,0.0,TBR|TBMTBR4Stage2|6#1135
TBR,2026-08-07,B,7,false,TBMTBR6Stage2,GT 5079 - 255/70R22.5 JUX E,255/70R22.5 JUXe 140/137 M (+2 SKUs),22.5,R22.5,112222562C016MUXE0,3,76.0,3,2026-08-07 17:58,2026-08-07 22:04,4.11,true,true,385/65R22.5JUH6,24.0,24.0,0.0,TBR|TBMTBR6Stage2|29#1209
TBR,2026-08-07,B,7,false,TBMTBR9Stage2,295/80R22.5JUL1,295/80R22.5 JUM (+2 SKUs),"",R22.5,112222982C016MJUM0,3,79.0,3,2026-08-07 20:21,2026-08-08 00:44,4.39,true,false,GT 5083 - 295/80R22.5 JUM XM,10.0,10.0,0.0,TBR|TBMTBR9Stage2|18#1524
TBR,2026-08-07,B,7,false,TBMTBR7Stage2,8.25R20JUH5,8.25R20JUH5 (+4 SKUs),8.25R20,R20,1122182020016KUH50,5,93.0,3,2026-08-07 21:24,2026-08-08 02:18,4.89,true,false,9.00 R 20 JUH5,206.76666666666665,10.0,0.0,TBR|TBMTBR7Stage2|21#1327
TBR,2026-08-07,B,7,false,TBMTBR6Stage2,385/65R22.5JTL,385/65R22.5 JETWAY JTL - 24PR (+3 SKUs),"",R22.5,115223852C024KJTL0,4,87.0,3,2026-08-07 22:14,2026-08-08 03:25,5.18,true,false,GT 5079 - 255/70R22.5 JUX E,10.0,10.0,0.0,TBR|TBMTBR6Stage2|30#1210
TBR,2026-08-07,B,7,false,TBMTBR1Stage2,GT 5076 - 295/90R20 JDE XF,295/90R20 JDE XF / JS121 (+3 SKUs),295/90R20,R20,1121129A20152JDLF0,4,216.0,8,2026-08-07 22:51,2026-08-08 10:59,12.14,true,false,10.00R 20 JW302,10.0,10.0,0.0,TBR|TBMTBR1Stage2|18#974
TBR,2026-08-07,C,7,false,TBMTBR8Stage2,8.25R20JDE++,8.25R20JDE++ (+2 SKUs),8.25R20,R20,1121182020016KDEP0,3,117.0,4,2026-08-07 23:56,2026-08-08 06:05,6.15,true,false,GT 5095 - 11.00R20 JUC3,199.13333333333333,10.0,0.0,TBR|TBMTBR8Stage2|19#1430
TBR,2026-08-07,C,7,false,TBMTBR9Stage2,GT 5083 - 295/80R22.5 JUM XM,295/80R22.5 JUM XM (+1 SKUs),22.5,R22.5,112222982C016MJXM0,2,106.0,4,2026-08-08 01:43,2026-08-08 07:41,5.96,true,false,295/80R22.5JUL1,59.0,10.0,0.0,TBR|TBMTBR9Stage2|19#1525
TBR,2026-08-07,C,7,false,TBMTBR6Stage2,GT 5113 - 295/80R22.5 JDC XD,295/80R22.5 JETSTEEL JDC XD,"",R22.5,115122982C018KCXD0,1,75.0,3,2026-08-08 03:35,2026-08-08 07:48,4.22,true,false,385/65R22.5JTL,10.0,10.0,0.0,TBR|TBMTBR6Stage2|31#1211
TBR,2026-08-07,C,7,false,TBMTBR7Stage2,9.00 R 20 JUH5,9.00R20 JW JUH5 16PR (+2 SKUs),"",R20,1122190020016KUH50,3,86.0,3,2026-08-08 04:20,2026-08-08 08:51,4.52,true,false,8.25R20JUH5,122.08333333333333,10.0,0.0,TBR|TBMTBR7Stage2|22#1328
TBR,2026-08-07,C,7,false,TBMTBR3Stage2,GT 5096 - 11.00R20 JDC XD,11.00R20 JDC XD (+2 SKUs),"",R20,1121111020016KCXD0,3,130.0,5,2026-08-08 05:51,2026-08-08 13:10,7.31,true,false,GT 5075 - 295/90R20 JUH XF,10.0,10.0,0.0,TBR|TBMTBR3Stage2|16#1076
TBR,2026-08-08,A,8,false,TBMTBR9Stage2,GT 5103 - 295/80R22.5 JUM XM OEM,295/80R22.5 JUM XM OEM (+2 SKUs),22.5,R22.5,112222982C152MJXM0,3,140.0,5,2026-08-08 07:51,2026-08-08 15:43,7.87,true,false,GT 5083 - 295/80R22.5 JUM XM,10.0,10.0,0.0,TBR|TBMTBR9Stage2|20#1526
TBR,2026-08-08,A,8,false,TBMTBR6Stage2,GT 5078 - 295/80R22.5 JUX E,295/80R22.5 JUXe (+5 SKUs),"",R22.5,112222982C016JUXE0,6,103.0,4,2026-08-08 07:58,2026-08-08 13:46,5.79,true,false,GT 5113 - 295/80R22.5 JDC XD,10.0,10.0,0.0,TBR|TBMTBR6Stage2|32#1212
TBR,2026-08-08,A,8,false,TBMTBR5Stage2,10.00 R 20 JUH5,10.00 R 20 JW JUH5 - N2 (+1 SKUs),10.00 R 20 JUH5,R20,1122110020016KUH50,2,405.0,15,2026-08-08 08:43,2026-08-09 07:30,22.77,false,false,10.00 R 20 JUH5,561.6166666666667,0.0,0.0,TBR|TBMTBR5Stage2|1#1165
TBR,2026-08-08,A,8,false,TBMTBR7Stage2,9.00 R 20 JDE++,9.00 R 20 JDE++ (+1 SKUs),9R20,R20,1121190020016KDEP0,2,81.0,3,2026-08-08 09:01,2026-08-08 13:16,4.26,true,false,9.00 R 20 JUH5,10.0,10.0,0.0,TBR|TBMTBR7Stage2|23#1329
TBR,2026-08-08,A,8,false,TBMTBR8Stage2,GT 5095 - 11.00R20 JUC3,11.00R20 JUC3 (+1 SKUs),"",R20,1123111020016KJC30,2,78.0,3,2026-08-08 09:57,2026-08-08 14:20,4.38,true,false,8.25R20JDE++,231.56666666666666,10.0,0.0,TBR|TBMTBR8Stage2|20#1431
TBR,2026-08-08,A,8,false,TBMTBR1Stage2,10.00R 20 JW302,295/90R20JUCXM (+1 SKUs),10R20,R20,1123129A20152JUCM0,2,78.0,3,2026-08-08 11:09,2026-08-08 15:32,4.38,true,false,GT 5076 - 295/90R20 JDE XF,10.0,10.0,0.0,TBR|TBMTBR1Stage2|19#975
TBR,2026-08-08,A,8,false,TBMTBR7Stage2,8.25R20JUH5,8.25R20JUH5 (+4 SKUs),8.25R20,R20,1122182020016KUH50,5,93.0,3,2026-08-08 13:26,2026-08-08 18:20,4.89,true,false,9.00 R 20 JDE++,10.0,10.0,0.0,TBR|TBMTBR7Stage2|24#1330
TBR,2026-08-08,A,8,false,TBMTBR6Stage2,315/80R22.5JUL4,315/80R22.5JUL4 (+1 SKUs),22.5,R22.5,115223182C018LUL40,2,78.0,3,2026-08-08 13:56,2026-08-08 18:28,4.53,true,false,GT 5078 - 295/80R22.5 JUX E,10.0,10.0,0.0,TBR|TBMTBR6Stage2|33#1213
TBR,2026-08-08,A,8,false,TBMTBR8Stage2,10.00R20JUC,10.00 R 20 JUC,20,R20,1123110020016KJUC0,1,81.0,3,2026-08-08 14:36,2026-08-08 19:10,4.55,true,false,GT 5095 - 11.00R20 JUC3,16.733333333333334,10.0,0.0,TBR|TBMTBR8Stage2|21#1432
TBR,2026-08-08,B,8,false,TBMTBR1Stage2,GT 5076 - 295/90R20 JDE XF,295/90R20 JDE XF / JS121 (+3 SKUs),295/90R20,R20,1121129A20152JDLF0,4,216.0,8,2026-08-08 15:42,2026-08-09 03:51,12.14,true,false,10.00R 20 JW302,10.0,10.0,0.0,TBR|TBMTBR1Stage2|20#976
TBR,2026-08-08,B,8,false,TBMTBR3Stage2,11.00R20 JUH5,11.00R20 JUH5 (+2 SKUs),11R20,R20,1122111020016KUH50,3,81.0,3,2026-08-08 15:51,2026-08-08 20:24,4.55,true,false,GT 5096 - 11.00R20 JDC XD,161.1,10.0,0.0,TBR|TBMTBR3Stage2|17#1077
TBR,2026-08-08,B,8,false,TBMTBR9Stage2,295/80R22.5JUL1,295/80R22.5 JUM (+2 SKUs),"",R22.5,112222982C016MJUM0,3,80.0,3,2026-08-08 17:01,2026-08-08 21:28,4.45,true,false,GT 5103 - 295/80R22.5 JUM XM OEM,77.86666666666666,10.0,0.0,TBR|TBMTBR9Stage2|21#1527
TBR,2026-08-08,B,8,false,TBMTBR7Stage2,9.00 R 20 JUH5,9.00R20 JW JUH5 16PR (+2 SKUs),"",R20,1122190020016KUH50,3,86.0,3,2026-08-08 18:31,2026-08-08 23:02,4.52,true,false,8.25R20JUH5,11.733333333333333,10.0,0.0,TBR|TBMTBR7Stage2|25#1331
TBR,2026-08-08,B,8,false,TBMTBR6Stage2,295/80R22.5JDL,295/80R22.5 JDL CURE TYRE (+1 SKUs),"",R22.5,112122982C016MJDL0,2,78.0,3,2026-08-08 18:38,2026-08-08 22:58,4.34,true,false,315/80R22.5JUL4,10.0,10.0,0.0,TBR|TBMTBR6Stage2|34#1214
TBR,2026-08-08,B,8,false,TBMTBR3Stage2,GT 5075 - 295/90R20 JUH XF,295/90R20 JUH XF / JW 304 (+3 SKUs),295/90R20,R20,1122129A20152JULF0,4,140.0,5,2026-08-08 21:49,2026-08-09 05:41,7.87,true,false,11.00R20 JUH5,84.51666666666667,10.0,0.0,TBR|TBMTBR3Stage2|18#1078
TBR,2026-08-08,C,8,false,TBMTBR6Stage2,GT 5078 - 295/80R22.5 JUX E,295/80R22.5 JUXe (+5 SKUs),"",R22.5,112222982C016JUXE0,6,103.0,4,2026-08-08 23:08,2026-08-09 04:55,5.79,true,false,295/80R22.5JDL,10.0,10.0,0.0,TBR|TBMTBR6Stage2|35#1215
TBR,2026-08-08,C,8,false,TBMTBR7Stage2,8.25R20JDE++,8.25R20JDE++ (+2 SKUs),8.25R20,R20,1121182020016KDEP0,3,116.0,4,2026-08-08 23:12,2026-08-09 05:18,6.1,true,false,9.00 R 20 JUH5,10.0,10.0,0.0,TBR|TBMTBR7Stage2|26#1332
TBR,2026-08-08,C,8,false,TBMTBR8Stage2,GT 5096 - 11.00R20 JDC XD,11.00R20 JDC XD (+2 SKUs),"",R20,1121111020016KCXD0,3,130.0,5,2026-08-08 23:36,2026-08-09 06:54,7.31,true,false,10.00R20JUC,266.2,10.0,0.0,TBR|TBMTBR8Stage2|22#1433
TBR,2026-08-08,C,8,false,TBMTBR4Stage2,10.00 R 20 JUH5,10.00 R 20 JW JUH5 - N2 (+1 SKUs),10.00 R 20 JUH5,R20,1122110020016KUH50,2,405.0,15,2026-08-09 00:47,2026-08-09 23:33,22.77,false,false,10.00 R 20 JUH5,561.6166666666667,0.0,0.0,TBR|TBMTBR4Stage2|6#1136
TBR,2026-08-08,C,8,false,TBMTBR9Stage2,GT 5103 - 295/80R22.5 JUM XM OEM,295/80R22.5 JUM XM OEM (+2 SKUs),22.5,R22.5,112222982C152MJXM0,3,140.0,5,2026-08-09 01:38,2026-08-09 09:30,7.87,true,false,295/80R22.5JUL1,249.95,10.0,0.0,TBR|TBMTBR9Stage2|22#1528
TBR,2026-08-08,C,8,false,TBMTBR1Stage2,10.00R 20 JW302,295/90R20JUCXM (+1 SKUs),10R20,R20,1123129A20152JUCM0,2,78.0,3,2026-08-09 04:01,2026-08-09 08:24,4.38,true,false,GT 5076 - 295/90R20 JDE XF,10.0,10.0,0.0,TBR|TBMTBR1Stage2|21#977
TBR,2026-08-08,C,8,false,TBMTBR6Stage2,385/65R22.5JUH6,385/65R22.5 JETWAY JUH6 (+3 SKUs),385/65 R 22.5 JW JUH6,(no rim),115223852C020KUH60,4,87.0,3,2026-08-09 05:19,2026-08-09 10:37,5.29,true,true,GT 5078 - 295/80R22.5 JUX E,24.0,24.0,0.0,TBR|TBMTBR6Stage2|36#1216
TBR,2026-08-08,C,8,false,TBMTBR7Stage2,8.25R20JUH5,8.25R20JUH5 (+4 SKUs),8.25R20,R20,1122182020016KUH50,5,93.0,3,2026-08-09 05:28,2026-08-09 10:21,4.89,true,false,8.25R20JDE++,10.0,10.0,0.0,TBR|TBMTBR7Stage2|27#1333
TBR,2026-08-08,C,8,false,TBMTBR3Stage2,GT 5096 - 11.00R20 JDC XD,11.00R20 JDC XD (+2 SKUs),"",R20,1121111020016KCXD0,3,130.0,5,2026-08-09 06:21,2026-08-09 13:39,7.31,true,false,GT 5075 - 295/90R20 JUH XF,39.6,10.0,0.0,TBR|TBMTBR3Stage2|19#1079
TBR,2026-08-09,A,9,false,TBMTBR1Stage2,GT 5076 - 295/90R20 JDE XF,295/90R20 JDE XF / JS121 (+3 SKUs),295/90R20,R20,1121129A20152JDLF0,4,213.0,8,2026-08-09 08:34,2026-08-09 20:33,11.97,true,false,10.00R 20 JW302,10.0,10.0,0.0,TBR|TBMTBR1Stage2|22#978
TBR,2026-08-09,A,9,false,TBMTBR8Stage2,10.00R20JUC,10.00 R 20 JUC,20,R20,1123110020016KJUC0,1,81.0,3,2026-08-09 10:39,2026-08-09 15:12,4.55,true,false,GT 5096 - 11.00R20 JDC XD,224.53333333333333,10.0,0.0,TBR|TBMTBR8Stage2|23#1434
TBR,2026-08-09,A,9,false,TBMTBR6Stage2,GT 5114 - 315/80R22.5 JDC XD,315/80R22.5 JETSTEEL JDC XD,"",(no rim),115123182C020KCXD0,1,87.0,3,2026-08-09 11:01,2026-08-09 16:18,5.29,true,false,385/65R22.5JUH6,24.0,10.0,0.0,TBR|TBMTBR6Stage2|37#1217
TBR,2026-08-09,A,9,false,TBMTBR9Stage2,GT 5083 - 295/80R22.5 JUM XM,295/80R22.5 JUM XM (+1 SKUs),22.5,R22.5,112222982C016MJXM0,2,105.0,4,2026-08-09 12:34,2026-08-09 18:28,5.9,true,false,GT 5103 - 295/80R22.5 JUM XM OEM,183.88333333333333,10.0,0.0,TBR|TBMTBR9Stage2|23#1529
TBR,2026-08-09,A,9,false,TBMTBR7Stage2,9.00 R 20 JUH5,9.00R20 JW JUH5 16PR (+2 SKUs),"",R20,1122190020016KUH50,3,85.0,3,2026-08-09 12:51,2026-08-09 17:19,4.47,true,false,8.25R20JUH5,149.5,10.0,0.0,TBR|TBMTBR7Stage2|28#1334
TBR,2026-08-09,A,9,false,TBMTBR3Stage2,GT 5075 - 295/90R20 JUH XF,295/90R20 JUH XF / JW 304 (+3 SKUs),295/90R20,R20,1122129A20152JULF0,4,140.0,5,2026-08-09 13:49,2026-08-09 21:41,7.87,true,false,GT 5096 - 11.00R20 JDC XD,10.0,10.0,0.0,TBR|TBMTBR3Stage2|20#1080
TBR,2026-08-09,B,9,false,TBMTBR6Stage2,GT 5079 - 255/70R22.5 JUX E,255/70R22.5 JUXe 140/137 M (+2 SKUs),22.5,R22.5,112222562C016MUXE0,3,75.0,3,2026-08-09 16:42,2026-08-09 20:46,4.06,true,true,GT 5114 - 315/80R22.5 JDC XD,24.0,24.0,0.0,TBR|TBMTBR6Stage2|38#1218
TBR,2026-08-09,B,9,false,TBMTBR5Stage2,10.00 R 20 JUH5,10.00 R 20 JW JUH5 - N2 (+1 SKUs),10.00 R 20 JUH5,R20,1122110020016KUH50,2,405.0,15,2026-08-09 16:51,2026-08-10 15:37,22.77,false,false,10.00 R 20 JUH5,561.6166666666667,0.0,0.0,TBR|TBMTBR5Stage2|1#1166
TBR,2026-08-09,B,9,false,TBMTBR8Stage2,GT 5095 - 11.00R20 JUC3,11.00R20 JUC3 (+1 SKUs),"",R20,1123111020016KJC30,2,78.0,3,2026-08-09 16:59,2026-08-09 21:22,4.38,true,false,10.00R20JUC,106.83333333333333,10.0,0.0,TBR|TBMTBR8Stage2|24#1435
TBR,2026-08-09,B,9,false,TBMTBR9Stage2,295/80R22.5JUL1,295/80R22.5 JUM (+2 SKUs),"",R22.5,112222982C016MJUM0,3,78.0,3,2026-08-09 20:04,2026-08-10 00:24,4.34,true,false,GT 5083 - 295/80R22.5 JUM XM,95.76666666666667,10.0,0.0,TBR|TBMTBR9Stage2|24#1530
TBR,2026-08-09,B,9,false,TBMTBR1Stage2,10.00 R 20 JDE,295/90R20JDE++ (+4 SKUs),R20,R20,1121129A20000JDEP0,5,270.0,10,2026-08-09 20:43,2026-08-10 11:53,15.18,true,false,GT 5076 - 295/90R20 JDE XF,10.0,10.0,0.0,TBR|TBMTBR1Stage2|23#979
TBR,2026-08-09,B,9,false,TBMTBR6Stage2,385/65R22.5JTL,385/65R22.5 JETWAY JTL - 24PR (+3 SKUs),"",R22.5,115223852C024KJTL0,4,87.0,3,2026-08-09 20:56,2026-08-10 02:07,5.18,true,false,GT 5079 - 255/70R22.5 JUX E,10.0,10.0,0.0,TBR|TBMTBR6Stage2|39#1219
TBR,2026-08-09,B,9,false,TBMTBR7Stage2,8.25R20JUH5,8.25R20JUH5 (+4 SKUs),8.25R20,R20,1122182020016KUH50,5,93.0,3,2026-08-09 21:30,2026-08-10 02:23,4.89,true,false,9.00 R 20 JUH5,251.13333333333333,10.0,0.0,TBR|TBMTBR7Stage2|29#1335
TBR,2026-08-09,B,9,false,TBMTBR2Stage2,295/90R20JDCXD,295/90R20_JDC XD_152/148_J_TT (+1 SKUs),10R20,R20,1121129A20152JCXD0,2,78.0,3,2026-08-09 21:45,2026-08-10 02:08,4.38,true,false,10.00 R 20 JDE,116.8,10.0,0.0,TBR|TBMTBR2Stage2|2#1026
TBR,2026-08-09,B,9,false,TBMTBR3Stage2,GT 5096 - 11.00R20 JDC XD,11.00R20 JDC XD (+2 SKUs),"",R20,1121111020016KCXD0,3,130.0,5,2026-08-09 22:21,2026-08-10 05:39,7.31,true,false,GT 5075 - 295/90R20 JUH XF,39.6,10.0,0.0,TBR|TBMTBR3Stage2|21#1081
TBR,2026-08-09,C,9,false,TBMTBR8Stage2,8.25R20JDE++,8.25R20JDE++ (+2 SKUs),8.25R20,R20,1121182020016KDEP0,3,116.0,4,2026-08-09 23:11,2026-08-10 05:17,6.1,true,false,GT 5095 - 11.00R20 JUC3,109.0,10.0,0.0,TBR|TBMTBR8Stage2|25#1436
TBR,2026-08-09,C,9,false,TBMTBR4Stage2,GT 5075 - 295/90R20 JUH XF,295/90R20 JUH XF / JW 304 (+3 SKUs),295/90R20,R20,1122129A20152JULF0,4,140.0,5,2026-08-10 00:56,2026-08-10 08:48,7.87,true,false,10.00 R 20 JUH5,82.76666666666667,10.0,0.0,TBR|TBMTBR4Stage2|7#1137
TBR,2026-08-09,C,9,false,TBMTBR6Stage2,GT 5103 - 295/80R22.5 JUM XM OEM,295/80R22.5 JUM XM OEM (+2 SKUs),22.5,R22.5,112222982C152MJXM0,3,140.0,5,2026-08-10 02:17,2026-08-10 10:09,7.87,true,false,385/65R22.5JTL,10.0,10.0,0.0,TBR|TBMTBR6Stage2|40#1220
TBR,2026-08-09,C,9,false,TBMTBR7Stage2,9.00 R 20 JDE++,9.00 R 20 JDE++ (+1 SKUs),9R20,R20,1121190020016KDEP0,2,81.0,3,2026-08-10 02:51,2026-08-10 07:06,4.26,true,false,8.25R20JUH5,27.5,10.0,0.0,TBR|TBMTBR7Stage2|30#1336
TBR,2026-08-09,C,9,false,TBMTBR3Stage2,GT 5075 - 295/90R20 JUH XF,295/90R20 JUH XF / JW 304 (+3 SKUs),295/90R20,R20,1122129A20152JULF0,4,140.0,5,2026-08-10 05:49,2026-08-10 13:42,7.87,true,false,GT 5096 - 11.00R20 JDC XD,10.0,10.0,0.0,TBR|TBMTBR3Stage2|22#1082
TBR,2026-08-09,C,9,false,TBMTBR9Stage2,GT 5083 - 295/80R22.5 JUM XM,295/80R22.5 JUM XM (+1 SKUs),22.5,R22.5,112222982C016MJXM0,2,211.0,8,2026-08-10 05:55,2026-08-10 17:56,12.03,true,false,295/80R22.5JUL1,330.4,10.0,0.0,TBR|TBMTBR9Stage2|25#1531
TBR,2026-08-09,C,9,false,TBMTBR8Stage2,10.00R 20 JW302,295/90R20JUCXM (+1 SKUs),10R20,R20,1123129A20152JUCM0,2,78.0,3,2026-08-10 06:09,2026-08-10 10:32,4.38,true,false,8.25R20JDE++,51.766666666666666,10.0,0.0,TBR|TBMTBR8Stage2|26#1437
TBR,2026-08-10,A,10,false,TBMTBR7Stage2,8.25R20JDE++,8.25R20JDE++ (+2 SKUs),8.25R20,R20,1121182020016KDEP0,3,116.0,4,2026-08-10 07:16,2026-08-10 13:22,6.1,true,false,9.00 R 20 JDE++,10.0,10.0,0.0,TBR|TBMTBR7Stage2|31#1337
TBR,2026-08-10,A,10,false,TBMTBR2Stage2,10.00R20JUC,10.00 R 20 JUC,20,R20,1123110020016KJUC0,1,81.0,3,2026-08-10 08:04,2026-08-10 12:37,4.55,true,false,295/90R20JDCXD,355.6,10.0,0.0,TBR|TBMTBR2Stage2|3#1027
TBR,2026-08-10,A,10,false,TBMTBR4Stage2,10.00 R 20 JUH5,10.00 R 20 JW JUH5 - N2 (+1 SKUs),10.00 R 20 JUH5,R20,1122110020016KUH50,2,404.0,15,2026-08-10 08:58,2026-08-11 07:41,22.71,true,false,GT 5075 - 295/90R20 JUH XF,10.0,10.0,0.0,TBR|TBMTBR4Stage2|8#1138
TBR,2026-08-10,A,10,false,TBMTBR6Stage2,GT 5078 - 295/80R22.5 JUX E,295/80R22.5 JUXe (+5 SKUs),"",R22.5,112222982C016JUXE0,6,102.0,4,2026-08-10 10:19,2026-08-10 16:03,5.73,true,false,GT 5103 - 295/80R22.5 JUM XM OEM,10.0,10.0,0.0,TBR|TBMTBR6Stage2|41#1221
TBR,2026-08-10,A,10,false,TBMTBR8Stage2,GT 5095 - 11.00R20 JUC3,11.00R20 JUC3 (+1 SKUs),"",R20,1123111020016KJC30,2,78.0,3,2026-08-10 10:42,2026-08-10 15:05,4.38,true,false,10.00R 20 JW302,10.0,10.0,0.0,TBR|TBMTBR8Stage2|27#1438
TBR,2026-08-10,A,10,false,TBMTBR2Stage2,10.00 R 20 JDE,295/90R20JDE++ (+4 SKUs),R20,R20,1121129A20000JDEP0,5,535.0,20,2026-08-10 12:47,2026-08-11 19:49,31.03,true,false,10.00R20JUC,10.0,10.0,0.0,TBR|TBMTBR2Stage2|4#1028
TBR,2026-08-10,A,10,false,TBMTBR7Stage2,8.25R20JUH5,8.25R20JUH5 (+4 SKUs),8.25R20,R20,1122182020016KUH50,5,93.0,3,2026-08-10 13:32,2026-08-10 18:25,4.89,true,false,8.25R20JDE++,10.0,10.0,0.0,TBR|TBMTBR7Stage2|32#1338
TBR,2026-08-10,A,10,false,TBMTBR1Stage2,GT 5076 - 295/90R20 JDE XF,295/90R20 JDE XF / JS121 (+3 SKUs),295/90R20,R20,1121129A20152JDLF0,4,213.0,8,2026-08-10 14:08,2026-08-11 02:07,11.97,true,false,10.00 R 20 JDE,134.86666666666667,10.0,0.0,TBR|TBMTBR1Stage2|24#980
TBR,2026-08-10,B,10,false,TBMTBR6Stage2,GT 5113 - 295/80R22.5 JDC XD,295/80R22.5 JETSTEEL JDC XD,"",R22.5,115122982C018KCXD0,1,75.0,3,2026-08-10 16:13,2026-08-10 20:26,4.22,true,false,GT 5078 - 295/80R22.5 JUX E,10.0,10.0,0.0,TBR|TBMTBR6Stage2|42#1222
TBR,2026-08-10,B,10,false,TBMTBR3Stage2,11.00R20 JUH5,11.00R20 JUH5 (+2 SKUs),11R20,R20,1122111020016KUH50,3,81.0,3,2026-08-10 16:34,2026-08-10 21:07,4.55,true,false,GT 5075 - 295/90R20 JUH XF,172.66666666666666,10.0,0.0,TBR|TBMTBR3Stage2|23#1083
TBR,2026-08-10,B,10,false,TBMTBR9Stage2,295/80R22.5JUL1,295/80R22.5 JUM (+2 SKUs),"",R22.5,112222982C016MJUM0,3,78.0,3,2026-08-10 18:06,2026-08-10 22:27,4.34,true,false,GT 5083 - 295/80R22.5 JUM XM,10.0,10.0,0.0,TBR|TBMTBR9Stage2|26#1532
TBR,2026-08-10,B,10,false,TBMTBR6Stage2,GT 5079 - 255/70R22.5 JUX E,255/70R22.5 JUXe 140/137 M (+2 SKUs),22.5,R22.5,112222562C016MUXE0,3,75.0,3,2026-08-10 21:45,2026-08-11 01:48,4.06,true,false,GT 5113 - 295/80R22.5 JDC XD,78.83333333333333,10.0,0.0,TBR|TBMTBR6Stage2|43#1223
TBR,2026-08-10,B,10,false,TBMTBR3Stage2,GT 5075 - 295/90R20 JUH XF,295/90R20 JUH XF / JW 304 (+3 SKUs),295/90R20,R20,1122129A20152JULF0,4,140.0,5,2026-08-10 21:50,2026-08-11 05:42,7.87,true,false,11.00R20 JUH5,42.18333333333333,10.0,0.0,TBR|TBMTBR3Stage2|24#1084
TBR,2026-08-10,B,10,false,TBMTBR9Stage2,GT 5103 - 295/80R22.5 JUM XM OEM,295/80R22.5 JUM XM OEM (+2 SKUs),22.5,R22.5,112222982C152MJXM0,3,140.0,5,2026-08-10 22:41,2026-08-11 06:33,7.87,true,false,295/80R22.5JUL1,14.516666666666666,10.0,0.0,TBR|TBMTBR9Stage2|27#1533
TBR,2026-08-10,C,10,false,TBMTBR7Stage2,8.25R20JDE++,8.25R20JDE++ (+2 SKUs),8.25R20,R20,1121182020016KDEP0,3,116.0,4,2026-08-10 23:18,2026-08-11 05:24,6.1,true,false,8.25R20JUH5,292.8833333333333,10.0,0.0,TBR|TBMTBR7Stage2|33#1339
TBR,2026-08-10,C,10,false,TBMTBR5Stage2,10.00 R 20 JUH5,10.00 R 20 JW JUH5 - N2 (+1 SKUs),10.00 R 20 JUH5,R20,1122110020016KUH50,2,400.0,15,2026-08-11 01:16,2026-08-11 23:45,22.49,false,false,10.00 R 20 JUH5,578.4833333333333,0.0,0.0,TBR|TBMTBR5Stage2|1#1167
TBR,2026-08-10,C,10,false,TBMTBR6Stage2,295/80R22.5JDL,295/80R22.5 JDL CURE TYRE (+1 SKUs),"",R22.5,112122982C016MJDL0,2,78.0,3,2026-08-11 01:58,2026-08-11 06:18,4.34,true,false,GT 5079 - 255/70R22.5 JUX E,10.0,10.0,0.0,TBR|TBMTBR6Stage2|44#1224
TBR,2026-08-10,C,10,false,TBMTBR1Stage2,10.00R 20 JW302,295/90R20JUCXM (+1 SKUs),10R20,R20,1123129A20152JUCM0,2,78.0,3,2026-08-11 02:29,2026-08-11 06:52,4.38,true,false,GT 5076 - 295/90R20 JDE XF,22.216666666666665,10.0,0.0,TBR|TBMTBR1Stage2|25#981
TBR,2026-08-10,C,10,false,TBMTBR7Stage2,8.25R20JUH5,8.25R20JUH5 (+4 SKUs),8.25R20,R20,1122182020016KUH50,5,93.0,3,2026-08-11 05:34,2026-08-11 10:27,4.89,true,false,8.25R20JDE++,10.0,10.0,0.0,TBR|TBMTBR7Stage2|34#1340
TBR,2026-08-10,C,10,false,TBMTBR8Stage2,295/90R20JDCXD,295/90R20_JDC XD_152/148_J_TT (+1 SKUs),10R20,R20,1121129A20152JCXD0,2,78.0,3,2026-08-11 06:09,2026-08-11 10:32,4.38,true,false,GT 5095 - 11.00R20 JUC3,904.4166666666666,10.0,0.0,TBR|TBMTBR8Stage2|28#1439
TBR,2026-08-10,C,10,false,TBMTBR6Stage2,GT 5078 - 295/80R22.5 JUX E,295/80R22.5 JUXe (+5 SKUs),"",R22.5,112222982C016JUXE0,6,103.0,4,2026-08-11 06:28,2026-08-11 12:16,5.79,true,false,295/80R22.5JDL,10.0,10.0,0.0,TBR|TBMTBR6Stage2|45#1225
TBR,2026-08-11,A,11,false,TBMTBR3Stage2,GT 5076 - 295/90R20 JDE XF,295/90R20 JDE XF / JS121 (+3 SKUs),295/90R20,R20,1121129A20152JDLF0,4,213.0,8,2026-08-11 07:56,2026-08-11 19:55,11.97,true,false,GT 5075 - 295/90R20 JUH XF,134.33333333333334,10.0,0.0,TBR|TBMTBR3Stage2|25#1085
TBR,2026-08-11,A,11,false,TBMTBR4Stage2,GT 5075 - 295/90R20 JUH XF,295/90R20 JUH XF / JW 304 (+3 SKUs),295/90R20,R20,1122129A20152JULF0,4,140.0,5,2026-08-11 09:34,2026-08-11 17:26,7.87,true,false,10.00 R 20 JUH5,113.11666666666666,10.0,0.0,TBR|TBMTBR4Stage2|9#1139
TBR,2026-08-11,A,11,false,TBMTBR8Stage2,GT 5095 - 11.00R20 JUC3,11.00R20 JUC3 (+1 SKUs),"",R20,1123111020016KJC30,2,78.0,3,2026-08-11 10:42,2026-08-11 15:05,4.38,true,false,295/90R20JDCXD,10.0,10.0,0.0,TBR|TBMTBR8Stage2|29#1440
TBR,2026-08-11,A,11,false,TBMTBR9Stage2,295/80R22.5JUL1,295/80R22.5 JUM (+2 SKUs),"",R22.5,112222982C016MJUM0,3,78.0,3,2026-08-11 11:49,2026-08-11 16:10,4.34,true,false,GT 5103 - 295/80R22.5 JUM XM OEM,315.93333333333334,10.0,0.0,TBR|TBMTBR9Stage2|28#1534
TBR,2026-08-11,A,11,false,TBMTBR1Stage2,10.00R20JUC,10.00 R 20 JUC,20,R20,1123110020016KJUC0,1,81.0,3,2026-08-11 12:01,2026-08-11 16:34,4.55,true,false,10.00R 20 JW302,308.6166666666667,10.0,0.0,TBR|TBMTBR1Stage2|26#982
TBR,2026-08-11,A,11,false,TBMTBR7Stage2,9.00 R 20 JUH5,9.00R20 JW JUH5 16PR (+2 SKUs),"",R20,1122190020016KUH50,3,171.0,6,2026-08-11 12:12,2026-08-11 21:26,9.22,true,false,8.25R20JUH5,105.13333333333333,10.0,0.0,TBR|TBMTBR7Stage2|35#1341
TBR,2026-08-11,A,11,false,TBMTBR6Stage2,385/65R22.5JUH6,385/65R22.5 JETWAY JUH6 (+3 SKUs),385/65 R 22.5 JW JUH6,(no rim),115223852C020KUH60,4,85.0,3,2026-08-11 12:51,2026-08-11 18:01,5.17,true,true,GT 5078 - 295/80R22.5 JUX E,35.166666666666664,24.0,0.0,TBR|TBMTBR6Stage2|46#1226
TBR,2026-08-11,B,11,false,TBMTBR8Stage2,GT 5096 - 11.00R20 JDC XD,11.00R20 JDC XD (+2 SKUs),"",R20,1121111020016KCXD0,3,130.0,5,2026-08-11 15:15,2026-08-11 22:34,7.31,true,false,GT 5095 - 11.00R20 JUC3,10.0,10.0,0.0,TBR|TBMTBR8Stage2|30#1441
TBR,2026-08-11,B,11,false,TBMTBR9Stage2,GT 5103 - 295/80R22.5 JUM XM OEM,295/80R22.5 JUM XM OEM (+2 SKUs),22.5,R22.5,112222982C152MJXM0,3,140.0,5,2026-08-11 16:20,2026-08-12 00:12,7.87,true,false,295/80R22.5JUL1,10.0,10.0,0.0,TBR|TBMTBR9Stage2|29#1535
TBR,2026-08-11,B,11,false,TBMTBR4Stage2,10.00 R 20 JUH5,10.00 R 20 JW JUH5 - N2 (+1 SKUs),10.00 R 20 JUH5,R20,1122110020016KUH50,2,395.0,15,2026-08-11 17:36,2026-08-12 15:49,22.21,true,false,GT 5075 - 295/90R20 JUH XF,10.0,10.0,0.0,TBR|TBMTBR4Stage2|10#1140
TBR,2026-08-11,B,11,false,TBMTBR6Stage2,GT 5114 - 315/80R22.5 JDC XD,315/80R22.5 JETSTEEL JDC XD,"",(no rim),115123182C020KCXD0,1,87.0,3,2026-08-11 18:25,2026-08-11 23:43,5.29,true,false,385/65R22.5JUH6,24.0,10.0,0.0,TBR|TBMTBR6Stage2|47#1227
TBR,2026-08-11,B,11,false,TBMTBR1Stage2,10.00R 20 JW302,295/90R20JUCXM (+1 SKUs),10R20,R20,1123129A20152JUCM0,2,78.0,3,2026-08-11 18:48,2026-08-11 23:11,4.38,true,false,10.00R20JUC,134.35,10.0,0.0,TBR|TBMTBR1Stage2|27#983
TBR,2026-08-11,B,11,false,TBMTBR2Stage2,10.00 R 20 JDE,295/90R20JDE++ (+4 SKUs),R20,R20,1121129A20000JDEP0,5,263.0,10,2026-08-11 20:57,2026-08-12 11:44,14.78,false,false,10.00 R 20 JDE,67.48333333333333,0.0,0.0,TBR|TBMTBR2Stage2|4#1029
TBR,2026-08-11,B,11,false,TBMTBR7Stage2,8.25R20JUH5,8.25R20JUH5 (+4 SKUs),8.25R20,R20,1122182020016KUH50,5,93.0,3,2026-08-11 21:36,2026-08-12 02:29,4.89,true,false,9.00 R 20 JUH5,10.0,10.0,0.0,TBR|TBMTBR7Stage2|36#1342
TBR,2026-08-11,C,11,false,TBMTBR6Stage2,GT 5078 - 295/80R22.5 JUX E,295/80R22.5 JUXe (+5 SKUs),"",R22.5,112222982C016JUXE0,6,103.0,4,2026-08-12 00:07,2026-08-12 05:54,5.79,true,true,GT 5114 - 315/80R22.5 JDC XD,24.0,24.0,0.0,TBR|TBMTBR6Stage2|48#1228
TBR,2026-08-11,C,11,false,TBMTBR3Stage2,GT 5076 - 295/90R20 JDE XF,295/90R20 JDE XF / JS121 (+3 SKUs),295/90R20,R20,1121129A20152JDLF0,4,213.0,8,2026-08-12 01:44,2026-08-12 13:43,11.97,false,false,GT 5076 - 295/90R20 JDE XF,349.6166666666667,0.0,0.0,TBR|TBMTBR3Stage2|25#1086
TBR,2026-08-11,C,11,false,TBMTBR1Stage2,10.00R 20 JW302,295/90R20JUCXM (+1 SKUs),10R20,R20,1123129A20152JUCM0,2,77.0,3,2026-08-12 02:01,2026-08-12 06:21,4.33,false,false,10.00R 20 JW302,170.0,0.0,0.0,TBR|TBMTBR1Stage2|27#984
TBR,2026-08-11,C,11,false,TBMTBR7Stage2,9.00 R 20 JDE++,9.00 R 20 JDE++ (+1 SKUs),9R20,R20,1121190020016KDEP0,2,81.0,3,2026-08-12 02:56,2026-08-12 07:12,4.26,true,false,8.25R20JUH5,27.5,10.0,0.0,TBR|TBMTBR7Stage2|37#1343
TBR,2026-08-11,C,11,false,TBMTBR9Stage2,GT 5083 - 295/80R22.5 JUM XM,295/80R22.5 JUM XM (+1 SKUs),22.5,R22.5,112222982C016MJXM0,2,105.0,4,2026-08-12 04:06,2026-08-12 10:00,5.9,true,false,GT 5103 - 295/80R22.5 JUM XM OEM,233.88333333333333,10.0,0.0,TBR|TBMTBR9Stage2|30#1536
TBR,2026-08-11,C,11,false,TBMTBR8Stage2,GT 5095 - 11.00R20 JUC3,11.00R20 JUC3 (+1 SKUs),"",R20,1123111020016KJC30,2,78.0,3,2026-08-12 04:27,2026-08-12 08:50,4.38,true,false,GT 5096 - 11.00R20 JDC XD,352.9,10.0,0.0,TBR|TBMTBR8Stage2|31#1442
TBR,2026-08-11,C,11,false,TBMTBR1Stage2,10.00R20JUC,10.00 R 20 JUC,20,R20,1123110020016KJUC0,1,79.0,3,2026-08-12 06:31,2026-08-12 10:57,4.44,true,false,10.00R 20 JW302,10.0,10.0,0.0,TBR|TBMTBR1Stage2|28#985
TBR,2026-08-12,A,12,false,TBMTBR7Stage2,8.25R20JDE++,8.25R20JDE++ (+2 SKUs),8.25R20,R20,1121182020016KDEP0,3,116.0,4,2026-08-12 07:22,2026-08-12 13:28,6.1,true,false,9.00 R 20 JDE++,10.0,10.0,0.0,TBR|TBMTBR7Stage2|38#1344
TBR,2026-08-12,A,12,false,TBMTBR6Stage2,295/80R22.5JUL1,295/80R22.5 JUM (+2 SKUs),"",R22.5,112222982C016MJUM0,3,78.0,3,2026-08-12 07:32,2026-08-12 11:52,4.34,true,false,GT 5078 - 295/80R22.5 JUX E,97.6,10.0,0.0,TBR|TBMTBR6Stage2|49#1229
TBR,2026-08-12,A,12,false,TBMTBR8Stage2,GT 5096 - 11.00R20 JDC XD,11.00R20 JDC XD (+2 SKUs),"",R20,1121111020016KCXD0,3,130.0,5,2026-08-12 09:00,2026-08-12 16:18,7.31,true,false,GT 5095 - 11.00R20 JUC3,10.0,10.0,0.0,TBR|TBMTBR8Stage2|32#1443
TBR,2026-08-12,A,12,false,TBMTBR5Stage2,10.00 R 20 JUH5,10.00 R 20 JW JUH5 - N2 (+1 SKUs),10.00 R 20 JUH5,R20,1122110020016KUH50,2,394.0,15,2026-08-12 09:44,2026-08-13 07:53,22.15,false,false,10.00 R 20 JUH5,598.7166666666667,0.0,0.0,TBR|TBMTBR5Stage2|1#1168
TBR,2026-08-12,A,12,false,TBMTBR9Stage2,GT 5103 - 295/80R22.5 JUM XM OEM,295/80R22.5 JUM XM OEM (+2 SKUs),22.5,R22.5,112222982C152MJXM0,3,138.0,5,2026-08-12 10:41,2026-08-12 18:26,7.76,true,false,GT 5083 - 295/80R22.5 JUM XM,40.766666666666666,10.0,0.0,TBR|TBMTBR9Stage2|31#1537
TBR,2026-08-12,A,12,false,TBMTBR1Stage2,10.00R 20 JW302,295/90R20JUCXM (+1 SKUs),10R20,R20,1123129A20152JUCM0,2,78.0,3,2026-08-12 11:07,2026-08-12 15:30,4.38,true,false,10.00R20JUC,10.0,10.0,0.0,TBR|TBMTBR1Stage2|29#986
TBR,2026-08-12,A,12,false,TBMTBR6Stage2,315/80R22.5JUL4,315/80R22.5JUL4 (+1 SKUs),22.5,R22.5,115223182C018LUL40,2,78.0,3,2026-08-12 12:02,2026-08-12 16:34,4.53,true,false,295/80R22.5JUL1,10.0,10.0,0.0,TBR|TBMTBR6Stage2|50#1230
TBR,2026-08-12,A,12,false,TBMTBR2Stage2,10.00 R 20 JDE,295/90R20JDE++ (+4 SKUs),R20,R20,1121129A20000JDEP0,5,262.0,10,2026-08-12 13:01,2026-08-13 03:45,14.73,false,false,10.00 R 20 JDE,77.6,0.0,0.0,TBR|TBMTBR2Stage2|4#1030
TBR,2026-08-12,A,12,false,TBMTBR7Stage2,8.25R20JUH5,8.25R20JUH5 (+4 SKUs),8.25R20,R20,1122182020016KUH50,5,93.0,3,2026-08-12 13:38,2026-08-12 18:31,4.89,true,false,8.25R20JDE++,10.0,10.0,0.0,TBR|TBMTBR7Stage2|39#1345
TBR,2026-08-12,B,12,false,TBMTBR6Stage2,GT 5113 - 295/80R22.5 JDC XD,295/80R22.5 JETSTEEL JDC XD,"",R22.5,115122982C018KCXD0,1,73.0,3,2026-08-12 16:44,2026-08-12 20:50,4.1,true,false,315/80R22.5JUL4,10.0,10.0,0.0,TBR|TBMTBR6Stage2|51#1231
TBR,2026-08-12,B,12,false,TBMTBR1Stage2,10.00R 20 JW302,295/90R20JUCXM (+1 SKUs),10R20,R20,1123129A20152JUCM0,2,78.0,3,2026-08-12 17:00,2026-08-12 21:23,4.38,false,false,10.00R 20 JW302,89.41666666666667,0.0,0.0,TBR|TBMTBR1Stage2|29#987
TBR,2026-08-12,B,12,false,TBMTBR3Stage2,11.00R20 JUH5,11.00R20 JUH5 (+2 SKUs),11R20,R20,1122111020016KUH50,3,81.0,3,2026-08-12 17:17,2026-08-12 21:51,4.55,true,false,GT 5076 - 295/90R20 JDE XF,214.75,10.0,0.0,TBR|TBMTBR3Stage2|26#1087
TBR,2026-08-12,B,12,false,TBMTBR8Stage2,295/90R20JDCXD,295/90R20_JDC XD_152/148_J_TT (+1 SKUs),10R20,R20,1121129A20152JCXD0,2,78.0,3,2026-08-12 20:44,2026-08-13 01:07,4.38,true,false,GT 5096 - 11.00R20 JDC XD,265.2,10.0,0.0,TBR|TBMTBR8Stage2|33#1444
TBR,2026-08-12,B,12,false,TBMTBR6Stage2,GT 5114 - 315/80R22.5 JDC XD,315/80R22.5 JETSTEEL JDC XD,"",(no rim),115123182C020KCXD0,1,87.0,3,2026-08-12 21:14,2026-08-13 02:32,5.29,true,true,GT 5113 - 295/80R22.5 JDC XD,24.0,24.0,0.0,TBR|TBMTBR6Stage2|52#1232
TBR,2026-08-12,B,12,false,TBMTBR9Stage2,GT 5083 - 295/80R22.5 JUM XM,295/80R22.5 JUM XM (+1 SKUs),22.5,R22.5,112222982C016MJXM0,2,105.0,4,2026-08-12 21:26,2026-08-13 03:21,5.9,true,false,GT 5103 - 295/80R22.5 JUM XM OEM,180.21666666666667,10.0,0.0,TBR|TBMTBR9Stage2|32#1538
TBR,2026-08-12,B,12,false,TBMTBR1Stage2,GT 5076 - 295/90R20 JDE XF,295/90R20 JDE XF / JS121 (+3 SKUs),295/90R20,R20,1121129A20152JDLF0,4,212.0,8,2026-08-12 21:33,2026-08-13 09:28,11.92,true,false,10.00R 20 JW302,10.0,10.0,0.0,TBR|TBMTBR1Stage2|30#988
TBR,2026-08-12,B,12,false,TBMTBR4Stage2,GT 5075 - 295/90R20 JUH XF,295/90R20 JUH XF / JW 304 (+3 SKUs),295/90R20,R20,1122129A20152JULF0,4,140.0,5,2026-08-12 21:51,2026-08-13 05:43,7.87,true,false,10.00 R 20 JUH5,361.81666666666666,10.0,0.0,TBR|TBMTBR4Stage2|11#1141
TBR,2026-08-12,C,12,false,TBMTBR7Stage2,8.25R20JDE++,8.25R20JDE++ (+2 SKUs),8.25R20,R20,1121182020016KDEP0,3,116.0,4,2026-08-12 23:24,2026-08-13 05:29,6.1,true,false,8.25R20JUH5,292.8833333333333,10.0,0.0,TBR|TBMTBR7Stage2|40#1346
TBR,2026-08-12,C,12,false,TBMTBR8Stage2,GT 5096 - 11.00R20 JDC XD,11.00R20 JDC XD (+2 SKUs),"",R20,1121111020016KCXD0,3,130.0,5,2026-08-13 01:17,2026-08-13 08:35,7.31,true,false,295/90R20JDCXD,10.0,10.0,0.0,TBR|TBMTBR8Stage2|34#1445
TBR,2026-08-12,C,12,false,TBMTBR3Stage2,10.00 R 20 JUH5,10.00 R 20 JW JUH5 - N2 (+1 SKUs),10.00 R 20 JUH5,R20,1122110020016KUH50,2,394.0,15,2026-08-13 01:47,2026-08-13 23:56,22.15,true,false,11.00R20 JUH5,236.76666666666665,10.0,0.0,TBR|TBMTBR3Stage2|27#1088
TBR,2026-08-12,C,12,false,TBMTBR6Stage2,GT 5078 - 295/80R22.5 JUX E,295/80R22.5 JUXe (+5 SKUs),"",R22.5,112222982C016JUXE0,6,102.0,4,2026-08-13 02:56,2026-08-13 08:40,5.73,true,true,GT 5114 - 315/80R22.5 JDC XD,24.0,24.0,0.0,TBR|TBMTBR6Stage2|53#1233
TBR,2026-08-12,C,12,false,TBMTBR2Stage2,10.00 R 20 JDE,295/90R20JDE++ (+4 SKUs),R20,R20,1121129A20000JDEP0,5,262.0,10,2026-08-13 05:06,2026-08-13 19:50,14.73,false,false,10.00 R 20 JDE,80.98333333333333,0.0,0.0,TBR|TBMTBR2Stage2|4#1031
TBR,2026-08-12,C,12,false,TBMTBR9Stage2,GT 5083 - 295/80R22.5 JUM XM,295/80R22.5 JUM XM (+1 SKUs),22.5,R22.5,112222982C016MJXM0,2,106.0,4,2026-08-13 05:31,2026-08-13 11:28,5.96,false,false,GT 5083 - 295/80R22.5 JUM XM,130.18333333333334,0.0,0.0,TBR|TBMTBR9Stage2|32#1539
TBR,2026-08-12,C,12,false,TBMTBR7Stage2,8.25R20JUH5,8.25R20JUH5 (+4 SKUs),8.25R20,R20,1122182020016KUH50,5,93.0,3,2026-08-13 05:39,2026-08-13 10:33,4.89,true,false,8.25R20JDE++,10.0,10.0,0.0,TBR|TBMTBR7Stage2|41#1347
TBR,2026-08-13,A,13,false,TBMTBR6Stage2,295/80R22.5JDL,295/80R22.5 JDL CURE TYRE (+1 SKUs),"",R22.5,112122982C016MJDL0,2,76.0,3,2026-08-13 08:50,2026-08-13 13:03,4.23,true,false,GT 5078 - 295/80R22.5 JUX E,10.0,10.0,0.0,TBR|TBMTBR6Stage2|54#1234
TBR,2026-08-13,A,13,false,TBMTBR1Stage2,10.00R 20 JW302,295/90R20JUCXM (+1 SKUs),10R20,R20,1123129A20152JUCM0,2,77.0,3,2026-08-13 10:40,2026-08-13 15:00,4.33,true,false,GT 5076 - 295/90R20 JDE XF,71.9,10.0,0.0,TBR|TBMTBR1Stage2|31#989
TBR,2026-08-13,A,13,false,TBMTBR8Stage2,GT 5096 - 11.00R20 JDC XD,11.00R20 JDC XD (+2 SKUs),"",R20,1121111020016KCXD0,3,130.0,5,2026-08-13 11:01,2026-08-13 18:19,7.31,false,false,GT 5096 - 11.00R20 JDC XD,145.38333333333333,0.0,0.0,TBR|TBMTBR8Stage2|34#1446
TBR,2026-08-13,A,13,false,TBMTBR7Stage2,9.00 R 20 JUH5,9.00R20 JW JUH5 16PR (+2 SKUs),"",R20,1122190020016KUH50,3,86.0,3,2026-08-13 11:33,2026-08-13 16:05,4.52,true,false,8.25R20JUH5,60.766666666666666,10.0,0.0,TBR|TBMTBR7Stage2|42#1348
TBR,2026-08-13,A,13,false,TBMTBR9Stage2,GT 5103 - 295/80R22.5 JUM XM OEM,295/80R22.5 JUM XM OEM (+2 SKUs),22.5,R22.5,112222982C152MJXM0,3,137.0,5,2026-08-13 11:38,2026-08-13 19:20,7.7,true,false,GT 5083 - 295/80R22.5 JUM XM,10.0,10.0,0.0,TBR|TBMTBR9Stage2|33#1540
TBR,2026-08-13,A,13,false,TBMTBR6Stage2,385/65R22.5JUH6,385/65R22.5 JETWAY JUH6 (+3 SKUs),385/65 R 22.5 JW JUH6,(no rim),115223852C020KUH60,4,84.0,3,2026-08-13 13:27,2026-08-13 18:34,5.11,true,true,295/80R22.5JDL,24.0,24.0,0.0,TBR|TBMTBR6Stage2|55#1235
TBR,2026-08-13,A,13,false,TBMTBR4Stage2,GT 5075 - 295/90R20 JUH XF,295/90R20 JUH XF / JW 304 (+3 SKUs),295/90R20,R20,1122129A20152JULF0,4,139.0,5,2026-08-13 13:51,2026-08-13 21:40,7.81,false,false,GT 5075 - 295/90R20 JUH XF,488.0833333333333,0.0,0.0,TBR|TBMTBR4Stage2|11#1142
TBR,2026-08-13,B,13,false,TBMTBR1Stage2,GT 5076 - 295/90R20 JDE XF,295/90R20 JDE XF / JS121 (+3 SKUs),295/90R20,R20,1121129A20152JDLF0,4,213.0,8,2026-08-13 15:10,2026-08-14 03:08,11.97,true,false,10.00R 20 JW302,10.0,10.0,0.0,TBR|TBMTBR1Stage2|32#990
TBR,2026-08-13,B,13,false,TBMTBR7Stage2,9.00 R 20 JDE++,9.00 R 20 JDE++ (+1 SKUs),9R20,R20,1121190020016KDEP0,2,79.0,3,2026-08-13 17:25,2026-08-13 21:34,4.15,true,false,9.00 R 20 JUH5,80.78333333333333,10.0,0.0,TBR|TBMTBR7Stage2|43#1349
TBR,2026-08-13,B,13,false,TBMTBR5Stage2,10.00 R 20 JUH5,10.00 R 20 JW JUH5 - N2 (+1 SKUs),10.00 R 20 JUH5,R20,1122110020016KUH50,2,392.0,15,2026-08-13 17:58,2026-08-14 16:00,22.04,false,false,10.00 R 20 JUH5,605.4666666666667,0.0,0.0,TBR|TBMTBR5Stage2|1#1169
TBR,2026-08-13,B,13,false,TBMTBR8Stage2,GT 5095 - 11.00R20 JUC3,11.00R20 JUC3 (+1 SKUs),"",R20,1123111020016KJC30,2,78.0,3,2026-08-13 18:29,2026-08-13 22:52,4.38,true,false,GT 5096 - 11.00R20 JDC XD,10.0,10.0,0.0,TBR|TBMTBR8Stage2|35#1447
TBR,2026-08-13,B,13,false,TBMTBR6Stage2,GT 5079 - 255/70R22.5 JUX E,255/70R22.5 JUXe 140/137 M (+2 SKUs),22.5,R22.5,112222562C016MUXE0,3,75.0,3,2026-08-13 18:58,2026-08-13 23:01,4.06,true,true,385/65R22.5JUH6,24.0,24.0,0.0,TBR|TBMTBR6Stage2|56#1236
TBR,2026-08-13,B,13,false,TBMTBR9Stage2,295/80R22.5JUL1,295/80R22.5 JUM (+2 SKUs),"",R22.5,112222982C016MJUM0,3,78.0,3,2026-08-13 19:30,2026-08-13 23:51,4.34,true,false,GT 5103 - 295/80R22.5 JUM XM OEM,10.0,10.0,0.0,TBR|TBMTBR9Stage2|34#1541
TBR,2026-08-13,B,13,false,TBMTBR2Stage2,10.00 R 20 JDE,295/90R20JDE++ (+4 SKUs),R20,R20,1121129A20000JDEP0,5,262.0,10,2026-08-13 21:11,2026-08-14 11:55,14.73,false,false,10.00 R 20 JDE,80.98333333333333,0.0,0.0,TBR|TBMTBR2Stage2|4#1032
TBR,2026-08-13,B,13,false,TBMTBR7Stage2,8.25R20JUH5,8.25R20JUH5 (+4 SKUs),8.25R20,R20,1122182020016KUH50,5,92.0,3,2026-08-13 21:44,2026-08-14 02:34,4.83,true,false,9.00 R 20 JDE++,10.0,10.0,0.0,TBR|TBMTBR7Stage2|44#1350
TBR,2026-08-13,C,13,false,TBMTBR6Stage2,GT 5078 - 295/80R22.5 JUX E,295/80R22.5 JUXe (+5 SKUs),"",R22.5,112222982C016JUXE0,6,103.0,4,2026-08-13 23:11,2026-08-14 04:59,5.79,true,false,GT 5079 - 255/70R22.5 JUX E,10.0,10.0,0.0,TBR|TBMTBR6Stage2|57#1237
TBR,2026-08-13,C,13,false,TBMTBR8Stage2,10.00R20JUC,10.00 R 20 JUC,20,R20,1123110020016KJUC0,1,78.0,3,2026-08-14 00:44,2026-08-14 05:07,4.38,true,false,GT 5095 - 11.00R20 JUC3,111.93333333333334,10.0,0.0,TBR|TBMTBR8Stage2|36#1448
TBR,2026-08-13,C,13,false,TBMTBR7Stage2,8.25R20JUH5,8.25R20JUH5 (+4 SKUs),8.25R20,R20,1122182020016KUH50,5,92.0,3,2026-08-14 04:25,2026-08-14 09:15,4.83,false,false,8.25R20JUH5,110.31666666666666,0.0,0.0,TBR|TBMTBR7Stage2|44#1351
TBR,2026-08-13,C,13,false,TBMTBR8Stage2,GT 5095 - 11.00R20 JUC3,11.00R20 JUC3 (+1 SKUs),"",R20,1123111020016KJC30,2,78.0,3,2026-08-14 05:17,2026-08-14 09:40,4.38,true,false,10.00R20JUC,10.0,10.0,0.0,TBR|TBMTBR8Stage2|37#1449
TBR,2026-08-13,C,13,false,TBMTBR6Stage2,GT 5113 - 295/80R22.5 JDC XD,295/80R22.5 JETSTEEL JDC XD,"",R22.5,115122982C018KCXD0,1,72.0,3,2026-08-14 05:39,2026-08-14 09:42,4.05,true,false,GT 5078 - 295/80R22.5 JUX E,40.03333333333333,10.0,0.0,TBR|TBMTBR6Stage2|58#1238
TBR,2026-08-13,C,13,false,TBMTBR9Stage2,GT 5103 - 295/80R22.5 JUM XM OEM,295/80R22.5 JUM XM OEM (+2 SKUs),22.5,R22.5,112222982C152MJXM0,3,137.0,5,2026-08-14 06:36,2026-08-14 14:18,7.7,true,false,295/80R22.5JUL1,405.3666666666667,10.0,0.0,TBR|TBMTBR9Stage2|35#1542
TBR,2026-08-14,A,14,false,TBMTBR1Stage2,GT 5076 - 295/90R20 JDE XF,295/90R20 JDE XF / JS121 (+3 SKUs),295/90R20,R20,1121129A20152JDLF0,4,212.0,8,2026-08-14 07:19,2026-08-14 19:14,11.92,false,false,GT 5076 - 295/90R20 JDE XF,250.54999999999998,0.0,0.0,TBR|TBMTBR1Stage2|32#991
TBR,2026-08-14,A,14,false,TBMTBR3Stage2,GT 5075 - 295/90R20 JUH XF,295/90R20 JUH XF / JW 304 (+3 SKUs),295/90R20,R20,1122129A20152JULF0,4,137.0,5,2026-08-14 07:29,2026-08-14 15:11,7.7,true,false,10.00 R 20 JUH5,452.56666666666666,10.0,0.0,TBR|TBMTBR3Stage2|28#1089
TBR,2026-08-14,A,14,false,TBMTBR7Stage2,9.00 R 20 JDE++,9.00 R 20 JDE++ (+1 SKUs),9R20,R20,1121190020016KDEP0,2,80.0,3,2026-08-14 09:25,2026-08-14 13:37,4.2,true,false,8.25R20JUH5,10.0,10.0,0.0,TBR|TBMTBR7Stage2|45#1352
TBR,2026-08-14,A,14,false,TBMTBR8Stage2,GT 5096 - 11.00R20 JDC XD,11.00R20 JDC XD (+2 SKUs),"",R20,1121111020016KCXD0,3,130.0,5,2026-08-14 09:50,2026-08-14 17:09,7.31,true,false,GT 5095 - 11.00R20 JUC3,10.0,10.0,0.0,TBR|TBMTBR8Stage2|38#1450
TBR,2026-08-14,A,14,false,TBMTBR6Stage2,315/80R22.5JUL4,315/80R22.5JUL4 (+1 SKUs),22.5,R22.5,115223182C018LUL40,2,78.0,3,2026-08-14 09:52,2026-08-14 14:23,4.53,true,false,GT 5113 - 295/80R22.5 JDC XD,10.0,10.0,0.0,TBR|TBMTBR6Stage2|59#1239
TBR,2026-08-14,A,14,false,TBMTBR4Stage2,10.00 R 20 JUH5,10.00 R 20 JW JUH5 - N2 (+1 SKUs),10.00 R 20 JUH5,R20,1122110020016KUH50,2,390.0,15,2026-08-14 10:09,2026-08-15 08:04,21.92,true,false,GT 5075 - 295/90R20 JUH XF,748.9,10.0,0.0,TBR|TBMTBR4Stage2|12#1143
TBR,2026-08-14,A,14,false,TBMTBR2Stage2,10.00 R 20 JDE,295/90R20JDE++ (+4 SKUs),R20,R20,1121129A20000JDEP0,5,262.0,10,2026-08-14 13:16,2026-08-15 03:59,14.73,false,false,10.00 R 20 JDE,80.98333333333333,0.0,0.0,TBR|TBMTBR2Stage2|4#1033
TBR,2026-08-14,A,14,false,TBMTBR6Stage2,GT 5078 - 295/80R22.5 JUX E,295/80R22.5 JUXe (+5 SKUs),"",R22.5,112222982C016JUXE0,6,103.0,4,2026-08-14 14:33,2026-08-14 20:21,5.79,true,false,315/80R22.5JUL4,10.0,10.0,0.0,TBR|TBMTBR6Stage2|60#1240
TBR,2026-08-14,A,14,false,TBMTBR7Stage2,8.25R20JDE++,8.25R20JDE++ (+2 SKUs),8.25R20,R20,1121182020016KDEP0,3,116.0,4,2026-08-14 14:44,2026-08-14 20:49,6.1,true,false,9.00 R 20 JDE++,66.58333333333333,10.0,0.0,TBR|TBMTBR7Stage2|46#1353
TBR,2026-08-14,B,14,false,TBMTBR9Stage2,295/80R22.5JUL1,295/80R22.5 JUM (+2 SKUs),"",R22.5,112222982C016MJUM0,3,78.0,3,2026-08-14 15:07,2026-08-14 19:28,4.34,true,false,GT 5103 - 295/80R22.5 JUM XM OEM,49.06666666666666,10.0,0.0,TBR|TBMTBR9Stage2|36#1543
TBR,2026-08-14,B,14,false,TBMTBR3Stage2,11.00R20 JUH5,11.00R20 JUH5 (+2 SKUs),11R20,R20,1122111020016KUH50,3,81.0,3,2026-08-14 18:01,2026-08-14 22:34,4.55,true,false,GT 5075 - 295/90R20 JUH XF,169.61666666666667,10.0,0.0,TBR|TBMTBR3Stage2|29#1090
TBR,2026-08-14,B,14,false,TBMTBR8Stage2,GT 5096 - 11.00R20 JDC XD,11.00R20 JDC XD (+2 SKUs),"",R20,1121111020016KCXD0,3,259.0,10,2026-08-14 18:52,2026-08-15 09:26,14.56,false,false,GT 5096 - 11.00R20 JDC XD,103.18333333333334,0.0,0.0,TBR|TBMTBR8Stage2|38#1451
TBR,2026-08-14,B,14,false,TBMTBR9Stage2,GT 5083 - 295/80R22.5 JUM XM,295/80R22.5 JUM XM (+1 SKUs),22.5,R22.5,112222982C016MJXM0,2,105.0,4,2026-08-14 19:38,2026-08-15 01:32,5.9,true,false,295/80R22.5JUL1,10.0,10.0,0.0,TBR|TBMTBR9Stage2|37#1544
TBR,2026-08-14,B,14,false,TBMTBR6Stage2,GT 5103 - 295/80R22.5 JUM XM OEM,295/80R22.5 JUM XM OEM (+2 SKUs),22.5,R22.5,112222982C152MJXM0,3,138.0,5,2026-08-14 20:31,2026-08-15 04:16,7.76,true,false,GT 5078 - 295/80R22.5 JUX E,10.0,10.0,0.0,TBR|TBMTBR6Stage2|61#1241
TBR,2026-08-14,B,14,false,TBMTBR1Stage2,10.00R 20 JW302,295/90R20JUCXM (+1 SKUs),10R20,R20,1123129A20152JUCM0,2,156.0,6,2026-08-14 20:31,2026-08-15 05:17,8.77,true,false,GT 5076 - 295/90R20 JDE XF,77.06666666666666,10.0,0.0,TBR|TBMTBR1Stage2|33#992
TBR,2026-08-14,C,14,false,TBMTBR3Stage2,GT 5076 - 295/90R20 JDE XF,295/90R20 JDE XF / JS121 (+3 SKUs),295/90R20,R20,1121129A20152JDLF0,4,211.0,8,2026-08-14 23:28,2026-08-15 11:19,11.86,true,false,11.00R20 JUH5,53.71666666666667,10.0,0.0,TBR|TBMTBR3Stage2|30#1091
TBR,2026-08-14,C,14,false,TBMTBR7Stage2,8.25R20JDE++,8.25R20JDE++ (+2 SKUs),8.25R20,R20,1121182020016KDEP0,3,115.0,4,2026-08-14 23:36,2026-08-15 05:38,6.04,false,false,8.25R20JDE++,166.1,0.0,0.0,TBR|TBMTBR7Stage2|46#1354
TBR,2026-08-14,C,14,false,TBMTBR5Stage2,10.00 R 20 JUH5,10.00 R 20 JW JUH5 - N2 (+1 SKUs),10.00 R 20 JUH5,R20,1122110020016KUH50,2,390.0,15,2026-08-15 02:12,2026-08-16 00:08,21.92,false,false,10.00 R 20 JUH5,612.2,0.0,0.0,TBR|TBMTBR5Stage2|1#1170
TBR,2026-08-14,C,14,false,TBMTBR9Stage2,295/80R22.5JUL1,295/80R22.5 JUM (+2 SKUs),"",R22.5,112222982C016MJUM0,3,78.0,3,2026-08-15 03:15,2026-08-15 07:35,4.34,true,false,GT 5083 - 295/80R22.5 JUM XM,103.33333333333333,10.0,0.0,TBR|TBMTBR9Stage2|38#1545
TBR,2026-08-14,C,14,false,TBMTBR2Stage2,GT 5075 - 295/90R20 JUH XF,295/90R20 JUH XF / JW 304 (+3 SKUs),295/90R20,R20,1122129A20152JULF0,4,138.0,5,2026-08-15 04:10,2026-08-15 11:56,7.76,true,false,10.00 R 20 JDE,11.166666666666666,10.0,0.0,TBR|TBMTBR2Stage2|5#1034
TBR,2026-08-14,C,14,false,TBMTBR6Stage2,295/80R22.5JDL,295/80R22.5 JDL CURE TYRE (+1 SKUs),"",R22.5,112122982C016MJDL0,2,75.0,3,2026-08-15 04:26,2026-08-15 08:36,4.17,true,false,GT 5103 - 295/80R22.5 JUM XM OEM,10.0,10.0,0.0,TBR|TBMTBR6Stage2|62#1242
TBR,2026-08-14,C,14,false,TBMTBR1Stage2,10.00 R 20 JDE,295/90R20JDE++ (+4 SKUs),R20,R20,1121129A20000JDEP0,5,286.0,11,2026-08-15 05:27,2026-08-15 21:32,16.08,true,false,10.00R 20 JW302,10.0,10.0,0.0,TBR|TBMTBR1Stage2|34#993
TBR,2026-08-14,C,14,false,TBMTBR7Stage2,8.25R20JUH5,8.25R20JUH5 (+4 SKUs),8.25R20,R20,1122182020016KUH50,5,91.0,3,2026-08-15 05:48,2026-08-15 10:35,4.78,true,false,8.25R20JDE++,10.0,10.0,0.0,TBR|TBMTBR7Stage2|47#1355
TBR,2026-08-15,A,15,false,TBMTBR9Stage2,GT 5083 - 295/80R22.5 JUM XM,295/80R22.5 JUM XM (+1 SKUs),22.5,R22.5,112222982C016MJXM0,2,105.0,4,2026-08-15 07:45,2026-08-15 13:40,5.9,true,false,295/80R22.5JUL1,10.0,10.0,0.0,TBR|TBMTBR9Stage2|39#1546
TBR,2026-08-15,A,15,false,TBMTBR6Stage2,385/65R22.5JUH6,385/65R22.5 JETWAY JUH6 (+3 SKUs),385/65 R 22.5 JW JUH6,(no rim),115223852C020KUH60,4,84.0,3,2026-08-15 09:00,2026-08-15 14:07,5.11,true,true,295/80R22.5JDL,24.0,24.0,0.0,TBR|TBMTBR6Stage2|63#1243
TBR,2026-08-15,A,15,false,TBMTBR8Stage2,9.00 R 20 JUH5,9.00R20 JW JUH5 16PR (+2 SKUs),"",R20,1122190020016KUH50,3,87.0,3,2026-08-15 10:33,2026-08-15 15:07,4.57,true,false,GT 5096 - 11.00R20 JDC XD,67.15,10.0,0.0,TBR|TBMTBR8Stage2|39#1452
TBR,2026-08-15,A,15,false,TBMTBR9Stage2,GT 5078 - 295/80R22.5 JUX E,295/80R22.5 JUXe (+5 SKUs),"",R22.5,112222982C016JUXE0,6,102.0,4,2026-08-15 13:50,2026-08-15 19:34,5.73,true,false,GT 5083 - 295/80R22.5 JUM XM,10.0,10.0,0.0,TBR|TBMTBR9Stage2|40#1547
TBR,2026-08-15,A,15,false,TBMTBR6Stage2,GT 5114 - 315/80R22.5 JDC XD,315/80R22.5 JETSTEEL JDC XD,"",(no rim),115123182C020KCXD0,1,87.0,3,2026-08-15 14:31,2026-08-15 19:49,5.29,true,false,385/65R22.5JUH6,24.0,10.0,0.0,TBR|TBMTBR6Stage2|64#1244
TBR,2026-08-15,B,15,false,TBMTBR2Stage2,GT 5075 - 295/90R20 JUH XF,295/90R20 JUH XF / JW 304 (+3 SKUs),295/90R20,R20,1122129A20152JULF0,4,138.0,5,2026-08-15 15:04,2026-08-15 22:49,7.76,false,false,GT 5075 - 295/90R20 JUH XF,188.01666666666665,0.0,0.0,TBR|TBMTBR2Stage2|5#1035
TBR,2026-08-15,B,15,false,TBMTBR3Stage2,GT 5076 - 295/90R20 JDE XF,295/90R20 JDE XF / JS121 (+3 SKUs),295/90R20,R20,1121129A20152JDLF0,4,420.0,16,2026-08-15 15:40,2026-08-16 15:56,24.26,false,false,GT 5076 - 295/90R20 JDE XF,260.6666666666667,0.0,0.0,TBR|TBMTBR3Stage2|30#1092
TBR,2026-08-15,B,15,false,TBMTBR4Stage2,10.00 R 20 JUH5,10.00 R 20 JW JUH5 - N2 (+1 SKUs),10.00 R 20 JUH5,R20,1122110020016KUH50,2,390.0,15,2026-08-15 18:16,2026-08-16 16:12,21.92,false,false,10.00 R 20 JUH5,612.2,0.0,0.0,TBR|TBMTBR4Stage2|12#1144
TBR,2026-08-15,B,15,false,TBMTBR8Stage2,GT 5095 - 11.00R20 JUC3,11.00R20 JUC3 (+1 SKUs),"",R20,1123111020016KJC30,2,78.0,3,2026-08-15 19:14,2026-08-15 23:37,4.38,true,false,9.00 R 20 JUH5,247.04999999999998,10.0,0.0,TBR|TBMTBR8Stage2|40#1453
TBR,2026-08-15,B,15,false,TBMTBR7Stage2,8.25R20JUH5,8.25R20JUH5 (+4 SKUs),8.25R20,R20,1122182020016KUH50,5,92.0,3,2026-08-15 19:33,2026-08-16 00:23,4.83,false,false,8.25R20JUH5,538.3,0.0,0.0,TBR|TBMTBR7Stage2|47#1356
TBR,2026-08-15,B,15,false,TBMTBR9Stage2,GT 5103 - 295/80R22.5 JUM XM OEM,295/80R22.5 JUM XM OEM (+2 SKUs),22.5,R22.5,112222982C152MJXM0,3,138.0,5,2026-08-15 19:44,2026-08-16 03:29,7.76,true,false,GT 5078 - 295/80R22.5 JUX E,10.0,10.0,0.0,TBR|TBMTBR9Stage2|41#1548
TBR,2026-08-15,B,15,false,TBMTBR6Stage2,GT 5079 - 255/70R22.5 JUX E,255/70R22.5 JUXe 140/137 M (+2 SKUs),22.5,R22.5,112222562C016MUXE0,3,75.0,3,2026-08-15 20:13,2026-08-16 00:16,4.06,true,true,GT 5114 - 315/80R22.5 JDC XD,24.0,24.0,0.0,TBR|TBMTBR6Stage2|65#1245
TBR,2026-08-15,B,15,false,TBMTBR1Stage2,295/90R20JDCXD,295/90R20_JDC XD_152/148_J_TT (+1 SKUs),10R20,R20,1121129A20152JCXD0,2,78.0,3,2026-08-15 22:06,2026-08-16 02:29,4.38,true,false,10.00 R 20 JDE,34.166666666666664,10.0,0.0,TBR|TBMTBR1Stage2|35#994
TBR,2026-08-15,B,15,false,TBMTBR2Stage2,10.00 R 20 JDE,295/90R20JDE++ (+4 SKUs),R20,R20,1121129A20000JDEP0,5,286.0,11,2026-08-15 22:59,2026-08-16 15:04,16.08,true,false,GT 5075 - 295/90R20 JUH XF,10.0,10.0,0.0,TBR|TBMTBR2Stage2|6#1036
TBR,2026-08-15,C,15,false,TBMTBR7Stage2,8.25R20JDE++,8.25R20JDE++ (+2 SKUs),8.25R20,R20,1121182020016KDEP0,3,115.0,4,2026-08-16 00:33,2026-08-16 06:36,6.04,true,false,8.25R20JUH5,10.0,10.0,0.0,TBR|TBMTBR7Stage2|48#1357
TBR,2026-08-15,C,15,false,TBMTBR6Stage2,385/65R22.5JTL,385/65R22.5 JETWAY JTL - 24PR (+3 SKUs),"",R22.5,115223852C024KJTL0,4,85.0,3,2026-08-16 00:52,2026-08-16 05:55,5.06,true,false,GT 5079 - 255/70R22.5 JUX E,35.55,10.0,0.0,TBR|TBMTBR6Stage2|66#1246
TBR,2026-08-15,C,15,false,TBMTBR8Stage2,9.00 R 20 JDE++,9.00 R 20 JDE++ (+1 SKUs),9R20,R20,1121190020016KDEP0,2,79.0,3,2026-08-16 01:52,2026-08-16 06:01,4.15,true,false,GT 5095 - 11.00R20 JUC3,134.66666666666666,10.0,0.0,TBR|TBMTBR8Stage2|41#1454
TBR,2026-08-15,C,15,false,TBMTBR1Stage2,10.00R 20 JW302,295/90R20JUCXM (+1 SKUs),10R20,R20,1123129A20152JUCM0,2,77.0,3,2026-08-16 04:14,2026-08-16 08:33,4.33,true,false,295/90R20JDCXD,104.61666666666666,10.0,0.0,TBR|TBMTBR1Stage2|36#995
TBR,2026-08-15,C,15,false,TBMTBR8Stage2,GT 5095 - 11.00R20 JUC3,11.00R20 JUC3 (+1 SKUs),"",R20,1123111020016KJC30,2,78.0,3,2026-08-16 06:11,2026-08-16 10:34,4.38,true,false,9.00 R 20 JDE++,10.0,10.0,0.0,TBR|TBMTBR8Stage2|42#1455
TBR,2026-08-16,A,16,false,TBMTBR9Stage2,GT 5083 - 295/80R22.5 JUM XM,295/80R22.5 JUM XM (+1 SKUs),22.5,R22.5,112222982C016MJXM0,2,106.0,4,2026-08-16 07:06,2026-08-16 13:04,5.96,true,false,GT 5103 - 295/80R22.5 JUM XM OEM,217.29999999999998,10.0,0.0,TBR|TBMTBR9Stage2|42#1549
TBR,2026-08-16,A,16,false,TBMTBR1Stage2,10.00R20JUC,10.00 R 20 JUC,20,R20,1123110020016KJUC0,1,78.0,3,2026-08-16 08:43,2026-08-16 13:06,4.38,true,false,10.00R 20 JW302,10.0,10.0,0.0,TBR|TBMTBR1Stage2|37#996
TBR,2026-08-16,A,16,false,TBMTBR7Stage2,9.00 R 20 JDE++,9.00 R 20 JDE++ (+1 SKUs),9R20,R20,1121190020016KDEP0,2,80.0,3,2026-08-16 09:39,2026-08-16 13:51,4.2,true,false,8.25R20JDE++,182.91666666666666,10.0,0.0,TBR|TBMTBR7Stage2|49#1358
TBR,2026-08-16,A,16,false,TBMTBR6Stage2,GT 5113 - 295/80R22.5 JDC XD,295/80R22.5 JETSTEEL JDC XD,"",R22.5,115122982C018KCXD0,1,96.0,4,2026-08-16 10:20,2026-08-16 15:44,5.4,true,false,385/65R22.5JTL,264.85,10.0,0.0,TBR|TBMTBR6Stage2|67#1247
TBR,2026-08-16,A,16,false,TBMTBR8Stage2,GT 5096 - 11.00R20 JDC XD,11.00R20 JDC XD (+2 SKUs),"",R20,1121111020016KCXD0,3,129.0,5,2026-08-16 10:44,2026-08-16 17:59,7.25,true,false,GT 5095 - 11.00R20 JUC3,10.0,10.0,0.0,TBR|TBMTBR8Stage2|43#1456
TBR,2026-08-16,A,16,false,TBMTBR9Stage2,GT 5103 - 295/80R22.5 JUM XM OEM,295/80R22.5 JUM XM OEM (+2 SKUs),22.5,R22.5,112222982C152MJXM0,3,139.0,5,2026-08-16 13:14,2026-08-16 21:03,7.81,true,false,GT 5083 - 295/80R22.5 JUM XM,10.0,10.0,0.0,TBR|TBMTBR9Stage2|43#1550
TBR,2026-08-16,A,16,false,TBMTBR1Stage2,10.00 R 20 JUH5,10.00 R 20 JW JUH5 - N2 (+1 SKUs),10.00 R 20 JUH5,R20,1122110020016KUH50,2,390.0,15,2026-08-16 13:16,2026-08-17 11:12,21.92,true,false,10.00R20JUC,10.0,10.0,0.0,TBR|TBMTBR1Stage2|38#997
TBR,2026-08-16,B,16,false,TBMTBR6Stage2,GT 5078 - 295/80R22.5 JUX E,295/80R22.5 JUXe (+5 SKUs),"",R22.5,112222982C016JUXE0,6,103.0,4,2026-08-16 15:54,2026-08-16 21:41,5.79,true,false,GT 5113 - 295/80R22.5 JDC XD,10.0,10.0,0.0,TBR|TBMTBR6Stage2|68#1248
TBR,2026-08-16,B,16,false,TBMTBR3Stage2,GT 5075 - 295/90R20 JUH XF,295/90R20 JUH XF / JW 304 (+3 SKUs),295/90R20,R20,1122129A20152JULF0,4,137.0,5,2026-08-16 16:06,2026-08-16 23:48,7.7,true,false,GT 5076 - 295/90R20 JDE XF,10.0,10.0,0.0,TBR|TBMTBR3Stage2|31#1093
TBR,2026-08-16,B,16,false,TBMTBR7Stage2,8.25R20JDE++,8.25R20JDE++ (+2 SKUs),8.25R20,R20,1121182020016KDEP0,3,234.0,8,2026-08-16 16:43,2026-08-17 05:44,13.02,true,false,9.00 R 20 JDE++,171.38333333333333,10.0,0.0,TBR|TBMTBR7Stage2|50#1359
TBR,2026-08-16,B,16,false,TBMTBR8Stage2,11.00R20 JUH5,11.00R20 JUH5 (+2 SKUs),11R20,R20,1122111020016KUH50,3,78.0,3,2026-08-16 18:47,2026-08-16 23:10,4.38,true,false,GT 5096 - 11.00R20 JDC XD,48.21666666666667,10.0,0.0,TBR|TBMTBR8Stage2|44#1457
TBR,2026-08-16,B,16,false,TBMTBR2Stage2,10.00 R 20 JDE,295/90R20JDE++ (+4 SKUs),R20,R20,1121129A20000JDEP0,5,263.0,10,2026-08-16 20:40,2026-08-17 11:27,14.78,false,false,10.00 R 20 JDE,336.15,0.0,0.0,TBR|TBMTBR2Stage2|6#1037
TBR,2026-08-16,B,16,false,TBMTBR9Stage2,295/80R22.5JUL1,295/80R22.5 JUM (+2 SKUs),"",R22.5,112222982C016MJUM0,3,78.0,3,2026-08-16 21:13,2026-08-17 01:33,4.34,true,false,GT 5103 - 295/80R22.5 JUM XM OEM,10.0,10.0,0.0,TBR|TBMTBR9Stage2|44#1551
TBR,2026-08-16,C,16,false,TBMTBR6Stage2,385/65R22.5JUH6,385/65R22.5 JETWAY JUH6 (+3 SKUs),385/65 R 22.5 JW JUH6,(no rim),115223852C020KUH60,4,84.0,3,2026-08-16 23:06,2026-08-17 04:13,5.11,true,true,GT 5078 - 295/80R22.5 JUX E,84.78333333333333,24.0,0.0,TBR|TBMTBR6Stage2|69#1249
TBR,2026-08-16,C,16,false,TBMTBR3Stage2,GT 5076 - 295/90R20 JDE XF,295/90R20 JDE XF / JS121 (+3 SKUs),295/90R20,R20,1121129A20152JDLF0,4,211.0,8,2026-08-16 23:58,2026-08-17 11:50,11.86,true,false,GT 5075 - 295/90R20 JUH XF,10.0,10.0,0.0,TBR|TBMTBR3Stage2|32#1094
TBR,2026-08-16,C,16,false,TBMTBR8Stage2,GT 5096 - 11.00R20 JDC XD,11.00R20 JDC XD (+2 SKUs),"",R20,1121111020016KCXD0,3,128.0,5,2026-08-17 02:38,2026-08-17 09:50,7.2,true,false,11.00R20 JUH5,207.45,10.0,0.0,TBR|TBMTBR8Stage2|45#1458
TBR,2026-08-16,C,16,false,TBMTBR6Stage2,GT 5078 - 295/80R22.5 JUX E,295/80R22.5 JUXe (+5 SKUs),"",R22.5,112222982C016JUXE0,6,104.0,4,2026-08-17 04:37,2026-08-17 10:28,5.85,true,true,385/65R22.5JUH6,24.0,24.0,0.0,TBR|TBMTBR6Stage2|70#1250
TBR,2026-08-16,C,16,false,TBMTBR9Stage2,GT 5103 - 295/80R22.5 JUM XM OEM,295/80R22.5 JUM XM OEM (+2 SKUs),22.5,R22.5,112222982C152MJXM0,3,139.0,5,2026-08-17 04:38,2026-08-17 12:27,7.81,true,false,295/80R22.5JUL1,185.15,10.0,0.0,TBR|TBMTBR9Stage2|45#1552
TBR,2026-08-16,C,16,false,TBMTBR7Stage2,8.25R20JUH5,8.25R20JUH5 (+4 SKUs),8.25R20,R20,1122182020016KUH50,5,91.0,3,2026-08-17 05:54,2026-08-17 10:41,4.78,true,false,8.25R20JDE++,10.0,10.0,0.0,TBR|TBMTBR7Stage2|51#1360
TBR,2026-08-17,A,17,false,TBMTBR4Stage2,10.00 R 20 JDE,295/90R20JDE++ (+4 SKUs),R20,R20,1121129A20000JDEP0,5,263.0,10,2026-08-17 09:56,2026-08-18 00:43,14.78,true,false,10.00 R 20 JUH5,1064.4833333333333,10.0,0.0,TBR|TBMTBR4Stage2|13#1145
TBR,2026-08-17,A,17,false,TBMTBR8Stage2,GT 5095 - 11.00R20 JUC3,11.00R20 JUC3 (+1 SKUs),"",R20,1123111020016KJC30,2,155.0,6,2026-08-17 10:00,2026-08-17 19:04,9.08,true,false,GT 5096 - 11.00R20 JDC XD,10.0,10.0,0.0,TBR|TBMTBR8Stage2|46#1459
TBR,2026-08-17,A,17,false,TBMTBR5Stage2,10.00 R 20 JUH5,10.00 R 20 JW JUH5 - N2 (+1 SKUs),10.00 R 20 JUH5,R20,1122110020016KUH50,2,395.0,15,2026-08-17 10:38,2026-08-18 08:50,22.21,false,false,10.00 R 20 JUH5,2069.6,0.0,0.0,TBR|TBMTBR5Stage2|1#1171
TBR,2026-08-17,A,17,false,TBMTBR6Stage2,11R22.5JUHE,11 R 22.5 JETWAY JUH - EXPORT (+2 SKUs),11 R 22.5 JW JUH -EXPORT,R22.5,115221102C016LJUH0,3,90.0,3,2026-08-17 10:38,2026-08-17 15:38,5.01,true,false,GT 5078 - 295/80R22.5 JUX E,10.0,10.0,0.0,TBR|TBMTBR6Stage2|71#1251
TBR,2026-08-17,A,17,false,TBMTBR7Stage2,9.00 R 20 JUH5,9.00R20 JW JUH5 16PR (+2 SKUs),"",R20,1122190020016KUH50,3,87.0,3,2026-08-17 11:19,2026-08-17 15:53,4.57,true,false,8.25R20JUH5,37.81666666666666,10.0,0.0,TBR|TBMTBR7Stage2|52#1361
TBR,2026-08-17,A,17,false,TBMTBR9Stage2,GT 5083 - 295/80R22.5 JUM XM,295/80R22.5 JUM XM (+1 SKUs),22.5,R22.5,112222982C016MJXM0,2,107.0,4,2026-08-17 12:37,2026-08-17 18:38,6.02,true,false,GT 5103 - 295/80R22.5 JUM XM OEM,10.0,10.0,0.0,TBR|TBMTBR9Stage2|46#1553
TBR,2026-08-17,A,17,false,TBMTBR2Stage2,GT 5076 - 295/90R20 JDE XF,295/90R20 JDE XF / JS121 (+3 SKUs),295/90R20,R20,1121129A20152JDLF0,4,210.0,8,2026-08-17 13:09,2026-08-18 00:57,11.81,true,false,10.00 R 20 JDE,101.58333333333333,10.0,0.0,TBR|TBMTBR2Stage2|7#1038
TBR,2026-08-17,B,17,false,TBMTBR3Stage2,GT 5075 - 295/90R20 JUH XF,295/90R20 JUH XF / JW 304 (+3 SKUs),295/90R20,R20,1122129A20152JULF0,4,139.0,5,2026-08-17 15:31,2026-08-17 23:19,7.81,true,false,GT 5076 - 295/90R20 JDE XF,220.79999999999998,10.0,0.0,TBR|TBMTBR3Stage2|33#1095
TBR,2026-08-17,B,17,false,TBMTBR6Stage2,295/80R22.5JDL,295/80R22.5 JDL CURE TYRE (+1 SKUs),"",R22.5,112122982C016MJDL0,2,76.0,3,2026-08-17 15:48,2026-08-17 20:02,4.23,true,false,11R22.5JUHE,10.0,10.0,0.0,TBR|TBMTBR6Stage2|72#1252
TBR,2026-08-17,B,17,false,TBMTBR1Stage2,10.00R 20 JW302,295/90R20JUCXM (+1 SKUs),10R20,R20,1123129A20152JUCM0,2,77.0,3,2026-08-17 17:43,2026-08-17 22:03,4.33,true,false,10.00 R 20 JUH5,391.1166666666667,10.0,0.0,TBR|TBMTBR1Stage2|39#998
TBR,2026-08-17,B,17,false,TBMTBR7Stage2,8.25R20JUH5,8.25R20JUH5 (+4 SKUs),8.25R20,R20,1122182020016KUH50,5,91.0,3,2026-08-17 18:07,2026-08-17 22:54,4.78,true,false,9.00 R 20 JUH5,133.8,10.0,0.0,TBR|TBMTBR7Stage2|53#1362
TBR,2026-08-17,B,17,false,TBMTBR9Stage2,295/80R22.5JUL1,295/80R22.5 JUM (+2 SKUs),"",R22.5,112222982C016MJUM0,3,78.0,3,2026-08-17 18:57,2026-08-17 23:17,4.34,true,false,GT 5083 - 295/80R22.5 JUM XM,18.95,10.0,0.0,TBR|TBMTBR9Stage2|47#1554
TBR,2026-08-17,B,17,false,TBMTBR8Stage2,GT 5096 - 11.00R20 JDC XD,11.00R20 JDC XD (+2 SKUs),"",R20,1121111020016KCXD0,3,129.0,5,2026-08-17 19:14,2026-08-18 02:29,7.25,true,false,GT 5095 - 11.00R20 JUC3,10.0,10.0,0.0,TBR|TBMTBR8Stage2|47#1460
TBR,2026-08-17,B,17,false,TBMTBR6Stage2,GT 5114 - 315/80R22.5 JDC XD,315/80R22.5 JETSTEEL JDC XD,"",(no rim),115123182C020KCXD0,1,116.0,4,2026-08-17 20:26,2026-08-18 03:29,7.06,true,true,295/80R22.5JDL,24.0,24.0,0.0,TBR|TBMTBR6Stage2|73#1253
TBR,2026-08-17,B,17,false,TBMTBR1Stage2,295/90R20JDCXD,295/90R20_JDC XD_152/148_J_TT (+1 SKUs),10R20,R20,1121129A20152JCXD0,2,130.0,5,2026-08-17 22:13,2026-08-18 05:31,7.31,true,false,10.00R 20 JW302,10.0,10.0,0.0,TBR|TBMTBR1Stage2|40#999
TBR,2026-08-17,C,17,false,TBMTBR7Stage2,8.25R20JDE++,8.25R20JDE++ (+2 SKUs),8.25R20,R20,1121182020016KDEP0,3,117.0,4,2026-08-17 23:04,2026-08-18 05:12,6.15,true,false,8.25R20JUH5,10.0,10.0,0.0,TBR|TBMTBR7Stage2|54#1363
TBR,2026-08-17,C,17,false,TBMTBR9Stage2,295/80R22.5JDL,295/80R22.5 JDL CURE TYRE (+1 SKUs),"",R22.5,112122982C016MJDL0,2,76.0,3,2026-08-18 00:10,2026-08-18 04:24,4.23,true,false,295/80R22.5JUL1,53.13333333333333,10.0,0.0,TBR|TBMTBR9Stage2|48#1555
TBR,2026-08-17,C,17,false,TBMTBR3Stage2,10.00 R 20 JDE,295/90R20JDE++ (+4 SKUs),R20,R20,1121129A20000JDEP0,5,263.0,10,2026-08-18 00:33,2026-08-18 15:20,14.78,true,false,GT 5075 - 295/90R20 JUH XF,73.73333333333333,10.0,0.0,TBR|TBMTBR3Stage2|34#1096
TBR,2026-08-17,C,17,false,TBMTBR2Stage2,10.00 R 20 JDE,295/90R20JDE++ (+4 SKUs),R20,R20,1121129A20000JDEP0,5,264.0,10,2026-08-18 01:07,2026-08-18 15:58,14.84,true,false,GT 5076 - 295/90R20 JDE XF,10.0,10.0,0.0,TBR|TBMTBR2Stage2|8#1039
TBR,2026-08-17,C,17,false,TBMTBR4Stage2,10.00 R 20 JUH5,10.00 R 20 JW JUH5 - N2 (+1 SKUs),10.00 R 20 JUH5,R20,1122110020016KUH50,2,395.0,15,2026-08-18 02:46,2026-08-19 00:58,22.21,true,false,10.00 R 20 JDE,122.1,10.0,0.0,TBR|TBMTBR4Stage2|14#1146
TBR,2026-08-17,C,17,false,TBMTBR9Stage2,GT 5103 - 295/80R22.5 JUM XM OEM,295/80R22.5 JUM XM OEM (+2 SKUs),22.5,R22.5,112222982C152MJXM0,3,113.0,4,2026-08-18 04:34,2026-08-18 10:55,6.35,true,false,295/80R22.5JDL,10.0,10.0,0.0,TBR|TBMTBR9Stage2|49#1556
TBR,2026-08-17,C,17,false,TBMTBR6Stage2,GT 5078 - 295/80R22.5 JUX E,295/80R22.5 JUXe (+5 SKUs),"",R22.5,112222982C016JUXE0,6,103.0,4,2026-08-18 04:54,2026-08-18 10:41,5.79,true,true,GT 5114 - 315/80R22.5 JDC XD,84.88333333333333,24.0,0.0,TBR|TBMTBR6Stage2|74#1254
TBR,2026-08-17,C,17,false,TBMTBR7Stage2,9.00 R 20 JDE++,9.00 R 20 JDE++ (+1 SKUs),9R20,R20,1121190020016KDEP0,2,80.0,3,2026-08-18 05:22,2026-08-18 09:35,4.2,true,false,8.25R20JDE++,10.0,10.0,0.0,TBR|TBMTBR7Stage2|55#1364
TBR,2026-08-17,C,17,false,TBMTBR8Stage2,8.25R20JUH5,8.25R20JUH5 (+4 SKUs),8.25R20,R20,1122182020016KUH50,5,91.0,3,2026-08-18 06:34,2026-08-18 11:21,4.78,true,false,GT 5096 - 11.00R20 JDC XD,244.75,10.0,0.0,TBR|TBMTBR8Stage2|48#1461
TBR,2026-08-18,A,18,false,TBMTBR7Stage2,GT 5098 - 275/90R20 JDE XF,275/90R20 JETSTEEL JDE XF,"",R20,1121127A20149KDEF0,1,81.0,3,2026-08-18 09:45,2026-08-18 14:18,4.55,true,false,9.00 R 20 JDE++,10.0,10.0,0.0,TBR|TBMTBR7Stage2|56#1365
TBR,2026-08-18,A,18,false,TBMTBR6Stage2,295/80R22.5JUL1,295/80R22.5 JUM (+2 SKUs),"",R22.5,112222982C016MJUM0,3,78.0,3,2026-08-18 10:51,2026-08-18 15:12,4.34,true,false,GT 5078 - 295/80R22.5 JUX E,10.0,10.0,0.0,TBR|TBMTBR6Stage2|75#1255
TBR,2026-08-18,A,18,false,TBMTBR9Stage2,GT 5083 - 295/80R22.5 JUM XM,295/80R22.5 JUM XM (+1 SKUs),22.5,R22.5,112222982C016MJXM0,2,108.0,4,2026-08-18 11:05,2026-08-18 17:09,6.07,true,false,GT 5103 - 295/80R22.5 JUM XM OEM,10.0,10.0,0.0,TBR|TBMTBR9Stage2|50#1557
TBR,2026-08-18,A,18,false,TBMTBR8Stage2,GT 5096 - 11.00R20 JDC XD,11.00R20 JDC XD (+2 SKUs),"",R20,1121111020016KCXD0,3,129.0,5,2026-08-18 11:31,2026-08-18 18:46,7.25,true,false,8.25R20JUH5,10.0,10.0,0.0,TBR|TBMTBR8Stage2|49#1462
TBR,2026-08-18,A,18,false,TBMTBR7Stage2,8.25R20JDE++,8.25R20JDE++ (+2 SKUs),8.25R20,R20,1121182020016KDEP0,3,235.0,8,2026-08-18 14:28,2026-08-19 02:49,12.35,true,false,GT 5098 - 275/90R20 JDE XF,10.0,10.0,0.0,TBR|TBMTBR7Stage2|57#1366
TBR,2026-08-18,B,18,false,TBMTBR2Stage2,GT 5076 - 295/90R20 JDE XF,295/90R20 JDE XF / JS121 (+3 SKUs),295/90R20,R20,1121129A20152JDLF0,4,210.0,8,2026-08-18 16:08,2026-08-19 03:56,11.81,true,false,10.00 R 20 JDE,10.0,10.0,0.0,TBR|TBMTBR2Stage2|9#1040
TBR,2026-08-18,B,18,false,TBMTBR1Stage2,10.00R20JUC,10.00 R 20 JUC,20,R20,1123110020016KJUC0,1,130.0,5,2026-08-18 16:34,2026-08-18 23:53,7.31,true,false,295/90R20JDCXD,663.2833333333333,10.0,0.0,TBR|TBMTBR1Stage2|41#1000
TBR,2026-08-18,B,18,false,TBMTBR3Stage2,GT 5095 - 11.00R20 JUC3,11.00R20 JUC3 (+1 SKUs),"",R20,1123111020016KJC30,2,77.0,3,2026-08-18 17:31,2026-08-18 21:51,4.33,true,false,10.00 R 20 JDE,130.71666666666667,10.0,0.0,TBR|TBMTBR3Stage2|35#1097
TBR,2026-08-18,B,18,false,TBMTBR6Stage2,295/80R22.5JDL,295/80R22.5 JDL CURE TYRE (+1 SKUs),"",R22.5,112122982C016MJDL0,2,77.0,3,2026-08-18 17:59,2026-08-18 22:16,4.28,true,false,295/80R22.5JUL1,167.61666666666667,10.0,0.0,TBR|TBMTBR6Stage2|76#1256
TBR,2026-08-18,B,18,false,TBMTBR5Stage2,10.00 R 20 JUH5,10.00 R 20 JW JUH5 - N2 (+1 SKUs),10.00 R 20 JUH5,R20,1122110020016KUH50,2,395.0,15,2026-08-18 18:53,2026-08-19 17:06,22.21,false,false,10.00 R 20 JUH5,603.5333333333333,0.0,0.0,TBR|TBMTBR5Stage2|1#1172
TBR,2026-08-18,B,18,false,TBMTBR8Stage2,11.00R20 JUH5,11.00R20 JUH5 (+2 SKUs),11R20,R20,1122111020016KUH50,3,104.0,4,2026-08-18 19:31,2026-08-19 01:21,5.85,true,false,GT 5096 - 11.00R20 JDC XD,44.45,10.0,0.0,TBR|TBMTBR8Stage2|50#1463
TBR,2026-08-18,B,18,false,TBMTBR9Stage2,GT 5103 - 295/80R22.5 JUM XM OEM,295/80R22.5 JUM XM OEM (+2 SKUs),22.5,R22.5,112222982C152MJXM0,3,113.0,4,2026-08-18 21:27,2026-08-19 03:49,6.35,true,false,GT 5083 - 295/80R22.5 JUM XM,258.01666666666665,10.0,0.0,TBR|TBMTBR9Stage2|51#1558
TBR,2026-08-18,B,18,false,TBMTBR6Stage2,295/80R22.5JUL1,295/80R22.5 JUM (+2 SKUs),"",R22.5,112222982C016MJUM0,3,78.0,3,2026-08-18 22:26,2026-08-19 02:46,4.34,true,false,295/80R22.5JDL,10.0,10.0,0.0,TBR|TBMTBR6Stage2|77#1257
TBR,2026-08-18,C,18,false,TBMTBR3Stage2,GT 5095 - 11.00R20 JUC3,11.00R20 JUC3 (+1 SKUs),"",R20,1123111020016KJC30,2,76.0,3,2026-08-19 01:11,2026-08-19 05:28,4.27,false,false,GT 5095 - 11.00R20 JUC3,200.61666666666667,0.0,0.0,TBR|TBMTBR3Stage2|35#1098
TBR,2026-08-18,C,18,false,TBMTBR1Stage2,10.00R 20 JW302,295/90R20JUCXM (+1 SKUs),10R20,R20,1123129A20152JUCM0,2,151.0,6,2026-08-19 02:11,2026-08-19 10:40,8.49,true,false,10.00R20JUC,137.68333333333334,10.0,0.0,TBR|TBMTBR1Stage2|42#1001
TBR,2026-08-18,C,18,false,TBMTBR6Stage2,GT 5078 - 295/80R22.5 JUX E,295/80R22.5 JUXe (+5 SKUs),"",R22.5,112222982C016JUXE0,6,103.0,4,2026-08-19 02:56,2026-08-19 08:44,5.79,true,false,295/80R22.5JUL1,10.0,10.0,0.0,TBR|TBMTBR6Stage2|78#1258
TBR,2026-08-18,C,18,false,TBMTBR7Stage2,8.25R20JUH5,8.25R20JUH5 (+4 SKUs),8.25R20,R20,1122182020016KUH50,5,91.0,3,2026-08-19 02:59,2026-08-19 07:46,4.78,true,false,8.25R20JDE++,10.0,10.0,0.0,TBR|TBMTBR7Stage2|58#1367
TBR,2026-08-18,C,18,false,TBMTBR8Stage2,GT 5096 - 11.00R20 JDC XD,11.00R20 JDC XD (+2 SKUs),"",R20,1121111020016KCXD0,3,129.0,5,2026-08-19 03:48,2026-08-19 11:03,7.25,true,false,11.00R20 JUH5,146.41666666666666,10.0,0.0,TBR|TBMTBR8Stage2|51#1464
TBR,2026-08-18,C,18,false,TBMTBR9Stage2,GT 5083 - 295/80R22.5 JUM XM,295/80R22.5 JUM XM (+1 SKUs),22.5,R22.5,112222982C016MJXM0,2,107.0,4,2026-08-19 05:07,2026-08-19 11:08,6.02,true,false,GT 5103 - 295/80R22.5 JUM XM OEM,78.18333333333334,10.0,0.0,TBR|TBMTBR9Stage2|52#1559
TBR,2026-08-18,C,18,false,TBMTBR3Stage2,GT 5075 - 295/90R20 JUH XF,295/90R20 JUH XF / JW 304 (+3 SKUs),295/90R20,R20,1122129A20152JULF0,4,140.0,5,2026-08-19 05:38,2026-08-19 13:30,7.87,true,false,GT 5095 - 11.00R20 JUC3,10.0,10.0,0.0,TBR|TBMTBR3Stage2|36#1099
TBR,2026-08-18,C,18,false,TBMTBR2Stage2,10.00 R 20 JDE,295/90R20JDE++ (+4 SKUs),R20,R20,1121129A20000JDEP0,5,528.0,20,2026-08-19 05:40,2026-08-20 11:21,29.68,true,false,GT 5076 - 295/90R20 JDE XF,103.95,10.0,0.0,TBR|TBMTBR2Stage2|10#1041
TBR,2026-08-19,A,19,false,TBMTBR7Stage2,9.00 R 20 JDE++,9.00 R 20 JDE++ (+1 SKUs),9R20,R20,1121190020016KDEP0,2,79.0,3,2026-08-19 07:56,2026-08-19 12:05,4.15,true,false,8.25R20JUH5,10.0,10.0,0.0,TBR|TBMTBR7Stage2|59#1368
TBR,2026-08-19,A,19,false,TBMTBR6Stage2,11R22.5JUHE,11 R 22.5 JETWAY JUH - EXPORT (+2 SKUs),11 R 22.5 JW JUH -EXPORT,R22.5,115221102C016LJUH0,3,90.0,3,2026-08-19 08:54,2026-08-19 13:54,5.01,true,false,GT 5078 - 295/80R22.5 JUX E,10.0,10.0,0.0,TBR|TBMTBR6Stage2|79#1259
TBR,2026-08-19,A,19,false,TBMTBR4Stage2,10.00 R 20 JUH5,10.00 R 20 JW JUH5 - N2 (+1 SKUs),10.00 R 20 JUH5,R20,1122110020016KUH50,2,395.0,15,2026-08-19 11:01,2026-08-20 09:14,22.21,false,false,10.00 R 20 JUH5,603.5333333333333,0.0,0.0,TBR|TBMTBR4Stage2|14#1147
TBR,2026-08-19,A,19,false,TBMTBR1Stage2,GT 5076 - 295/90R20 JDE XF,295/90R20 JDE XF / JS121 (+3 SKUs),295/90R20,R20,1121129A20152JDLF0,4,212.0,8,2026-08-19 11:20,2026-08-19 23:15,11.92,true,false,10.00R 20 JW302,40.15,10.0,0.0,TBR|TBMTBR1Stage2|43#1002
TBR,2026-08-19,A,19,false,TBMTBR8Stage2,9.00 R 20 JUH5,9.00R20 JW JUH5 16PR (+2 SKUs),"",R20,1122190020016KUH50,3,87.0,3,2026-08-19 12:04,2026-08-19 16:39,4.57,true,false,GT 5096 - 11.00R20 JDC XD,61.35,10.0,0.0,TBR|TBMTBR8Stage2|52#1465
TBR,2026-08-19,A,19,false,TBMTBR7Stage2,8.25R20JUH5,8.25R20JUH5 (+4 SKUs),8.25R20,R20,1122182020016KUH50,5,91.0,3,2026-08-19 12:15,2026-08-19 17:02,4.78,true,false,9.00 R 20 JDE++,10.0,10.0,0.0,TBR|TBMTBR7Stage2|60#1369
TBR,2026-08-19,A,19,false,TBMTBR9Stage2,GT 5103 - 295/80R22.5 JUM XM OEM,295/80R22.5 JUM XM OEM (+2 SKUs),22.5,R22.5,112222982C152MJXM0,3,113.0,4,2026-08-19 13:24,2026-08-19 19:45,6.35,true,false,GT 5083 - 295/80R22.5 JUM XM,136.01666666666665,10.0,0.0,TBR|TBMTBR9Stage2|53#1560
TBR,2026-08-19,A,19,false,TBMTBR6Stage2,385/65R22.5JUH6,385/65R22.5 JETWAY JUH6 (+3 SKUs),385/65 R 22.5 JW JUH6,(no rim),115223852C020KUH60,4,84.0,3,2026-08-19 14:18,2026-08-19 19:25,5.11,true,true,11R22.5JUHE,24.0,24.0,0.0,TBR|TBMTBR6Stage2|80#1260
TBR,2026-08-19,B,19,false,TBMTBR7Stage2,8.25R20JDE++,8.25R20JDE++ (+2 SKUs),8.25R20,R20,1121182020016KDEP0,3,116.0,4,2026-08-19 17:12,2026-08-19 23:18,6.1,true,false,8.25R20JUH5,10.0,10.0,0.0,TBR|TBMTBR7Stage2|61#1370
TBR,2026-08-19,B,19,false,TBMTBR8Stage2,8.25R20JDE++,8.25R20JDE++ (+2 SKUs),8.25R20,R20,1121182020016KDEP0,3,118.0,4,2026-08-19 17:38,2026-08-19 23:50,6.2,true,false,9.00 R 20 JUH5,59.06666666666666,10.0,0.0,TBR|TBMTBR8Stage2|53#1466
TBR,2026-08-19,B,19,false,TBMTBR6Stage2,295/80R22.5JDL,295/80R22.5 JDL CURE TYRE (+1 SKUs),"",R22.5,112122982C016MJDL0,2,77.0,3,2026-08-19 19:49,2026-08-20 00:06,4.28,true,true,385/65R22.5JUH6,24.0,24.0,0.0,TBR|TBMTBR6Stage2|81#1261
TBR,2026-08-19,B,19,false,TBMTBR9Stage2,GT 5078 - 295/80R22.5 JUX E,295/80R22.5 JUXe (+5 SKUs),"",R22.5,112222982C016JUXE0,6,103.0,4,2026-08-19 19:57,2026-08-20 01:44,5.79,true,false,GT 5103 - 295/80R22.5 JUM XM OEM,12.066666666666666,10.0,0.0,TBR|TBMTBR9Stage2|54#1561
TBR,2026-08-19,B,19,false,TBMTBR3Stage2,GT 5096 - 11.00R20 JDC XD,11.00R20 JDC XD (+2 SKUs),"",R20,1121111020016KCXD0,3,128.0,5,2026-08-19 20:05,2026-08-20 03:16,7.2,true,false,GT 5075 - 295/90R20 JUH XF,394.75,10.0,0.0,TBR|TBMTBR3Stage2|37#1100
TBR,2026-08-19,C,19,false,TBMTBR7Stage2,8.25R20JUH5,8.25R20JUH5 (+4 SKUs),8.25R20,R20,1122182020016KUH50,5,91.0,3,2026-08-19 23:28,2026-08-20 04:14,4.78,true,false,8.25R20JDE++,10.0,10.0,0.0,TBR|TBMTBR7Stage2|62#1371
TBR,2026-08-19,C,19,false,TBMTBR6Stage2,295/80R22.5JUL1,295/80R22.5 JUM (+2 SKUs),"",R22.5,112222982C016MJUM0,3,77.0,3,2026-08-20 00:16,2026-08-20 04:33,4.28,true,false,295/80R22.5JDL,10.0,10.0,0.0,TBR|TBMTBR6Stage2|82#1262
TBR,2026-08-19,C,19,false,TBMTBR8Stage2,GT 5095 - 11.00R20 JUC3,11.00R20 JUC3 (+1 SKUs),"",R20,1123111020016KJC30,2,76.0,3,2026-08-20 01:06,2026-08-20 05:22,4.27,true,false,8.25R20JDE++,75.88333333333333,10.0,0.0,TBR|TBMTBR8Stage2|54#1467
TBR,2026-08-19,C,19,false,TBMTBR1Stage2,10.00 R 20 JUH5,10.00 R 20 JW JUH5 - N2 (+1 SKUs),10.00 R 20 JUH5,R20,1122110020016KUH50,2,395.0,15,2026-08-20 03:09,2026-08-21 01:22,22.21,true,false,GT 5076 - 295/90R20 JDE XF,234.1,10.0,0.0,TBR|TBMTBR1Stage2|44#1003
TBR,2026-08-19,C,19,false,TBMTBR9Stage2,GT 5083 - 295/80R22.5 JUM XM,295/80R22.5 JUM XM (+1 SKUs),22.5,R22.5,112222982C016MJXM0,2,106.0,4,2026-08-20 04:09,2026-08-20 10:06,5.96,true,false,GT 5078 - 295/80R22.5 JUX E,144.46666666666667,10.0,0.0,TBR|TBMTBR9Stage2|55#1562
TBR,2026-08-19,C,19,false,TBMTBR7Stage2,9.00 R 20 JDE++,9.00 R 20 JDE++ (+1 SKUs),9R20,R20,1121190020016KDEP0,2,78.0,3,2026-08-20 04:24,2026-08-20 08:30,4.1,true,false,8.25R20JUH5,10.0,10.0,0.0,TBR|TBMTBR7Stage2|63#1372
TBR,2026-08-19,C,19,false,TBMTBR6Stage2,GT 5103 - 295/80R22.5 JUM XM OEM,295/80R22.5 JUM XM OEM (+2 SKUs),22.5,R22.5,112222982C152MJXM0,3,113.0,4,2026-08-20 04:43,2026-08-20 11:04,6.35,true,false,295/80R22.5JUL1,10.0,10.0,0.0,TBR|TBMTBR6Stage2|83#1263
TBR,2026-08-19,C,19,false,TBMTBR8Stage2,9.00 R 20 JUH3,9.00 R 20 JETWAY JUH3 14 PR N2 (+2 SKUs),"",R20,1122190020014KJH30,3,96.0,3,2026-08-20 05:56,2026-08-20 10:56,4.99,true,false,GT 5095 - 11.00R20 JUC3,34.4,10.0,0.0,TBR|TBMTBR8Stage2|55#1468
TBR,2026-08-20,A,20,false,TBMTBR3Stage2,GT 5095 - 11.00R20 JUC3,11.00R20 JUC3 (+1 SKUs),"",R20,1123111020016KJC30,2,77.0,3,2026-08-20 07:09,2026-08-20 11:28,4.33,true,false,GT 5096 - 11.00R20 JDC XD,232.31666666666666,10.0,0.0,TBR|TBMTBR3Stage2|38#1101
TBR,2026-08-20,A,20,false,TBMTBR7Stage2,GT 5098 - 275/90R20 JDE XF,275/90R20 JETSTEEL JDE XF,"",R20,1121127A20149KDEF0,1,81.0,3,2026-08-20 08:40,2026-08-20 13:14,4.55,true,false,9.00 R 20 JDE++,10.0,10.0,0.0,TBR|TBMTBR7Stage2|64#1373
TBR,2026-08-20,A,20,false,TBMTBR4Stage2,10.00 R 20 JDE,295/90R20JDE++ (+4 SKUs),R20,R20,1121129A20000JDEP0,5,264.0,10,2026-08-20 11:11,2026-08-21 02:01,14.84,true,false,10.00 R 20 JUH5,117.03333333333333,10.0,0.0,TBR|TBMTBR4Stage2|15#1148
TBR,2026-08-20,A,20,false,TBMTBR6Stage2,GT 5078 - 295/80R22.5 JUX E,295/80R22.5 JUXe (+5 SKUs),"",R22.5,112222982C016JUXE0,6,103.0,4,2026-08-20 11:14,2026-08-20 17:01,5.79,true,false,GT 5103 - 295/80R22.5 JUM XM OEM,10.0,10.0,0.0,TBR|TBMTBR6Stage2|84#1264
TBR,2026-08-20,A,20,false,TBMTBR3Stage2,GT 5076 - 295/90R20 JDE XF,295/90R20 JDE XF / JS121 (+3 SKUs),295/90R20,R20,1121129A20152JDLF0,4,212.0,8,2026-08-20 11:38,2026-08-20 23:34,11.92,true,false,GT 5095 - 11.00R20 JUC3,10.0,10.0,0.0,TBR|TBMTBR3Stage2|39#1102
TBR,2026-08-20,A,20,false,TBMTBR2Stage2,9.00 R 20 JDE++,9.00 R 20 JDE++ (+1 SKUs),9R20,R20,1121190020016KDEP0,2,78.0,3,2026-08-20 11:56,2026-08-20 16:02,4.1,true,false,10.00 R 20 JDE,34.93333333333333,10.0,0.0,TBR|TBMTBR2Stage2|11#1042
TBR,2026-08-20,A,20,false,TBMTBR8Stage2,GT 5096 - 11.00R20 JDC XD,11.00R20 JDC XD (+2 SKUs),"",R20,1121111020016KCXD0,3,128.0,5,2026-08-20 12:21,2026-08-20 19:33,7.2,true,false,9.00 R 20 JUH3,85.8,10.0,0.0,TBR|TBMTBR8Stage2|56#1469
TBR,2026-08-20,A,20,false,TBMTBR7Stage2,8.25R20JUH5,8.25R20JUH5 (+4 SKUs),8.25R20,R20,1122182020016KUH50,5,91.0,3,2026-08-20 13:24,2026-08-20 18:11,4.78,true,false,GT 5098 - 275/90R20 JDE XF,10.0,10.0,0.0,TBR|TBMTBR7Stage2|65#1374
TBR,2026-08-20,B,20,false,TBMTBR9Stage2,GT 5083 - 295/80R22.5 JUM XM,295/80R22.5 JUM XM (+1 SKUs),22.5,R22.5,112222982C016MJXM0,2,106.0,4,2026-08-20 15:28,2026-08-20 21:25,5.96,false,false,GT 5083 - 295/80R22.5 JUM XM,321.43333333333334,0.0,0.0,TBR|TBMTBR9Stage2|55#1563
TBR,2026-08-20,B,20,false,TBMTBR2Stage2,GT 5075 - 295/90R20 JUH XF,295/90R20 JUH XF / JW 304 (+3 SKUs),295/90R20,R20,1122129A20152JULF0,4,140.0,5,2026-08-20 16:12,2026-08-21 00:04,7.87,true,false,9.00 R 20 JDE++,10.0,10.0,0.0,TBR|TBMTBR2Stage2|12#1043
TBR,2026-08-20,B,20,false,TBMTBR6Stage2,295/80R22.5JUL1,295/80R22.5 JUM (+2 SKUs),"",R22.5,112222982C016MJUM0,3,77.0,3,2026-08-20 17:11,2026-08-20 21:28,4.28,true,false,GT 5078 - 295/80R22.5 JUX E,10.0,10.0,0.0,TBR|TBMTBR6Stage2|85#1265
TBR,2026-08-20,B,20,false,TBMTBR7Stage2,8.25R20JDE++,8.25R20JDE++ (+2 SKUs),8.25R20,R20,1121182020016KDEP0,3,117.0,4,2026-08-20 18:21,2026-08-21 00:29,6.15,true,false,8.25R20JUH5,10.0,10.0,0.0,TBR|TBMTBR7Stage2|66#1375
TBR,2026-08-20,B,20,false,TBMTBR5Stage2,10.00 R 20 JUH5,10.00 R 20 JW JUH5 - N2 (+1 SKUs),10.00 R 20 JUH5,R20,1122110020016KUH50,2,395.0,15,2026-08-20 19:17,2026-08-21 17:30,22.21,false,false,10.00 R 20 JUH5,1571.4833333333333,0.0,0.0,TBR|TBMTBR5Stage2|1#1173
TBR,2026-08-20,B,20,false,TBMTBR9Stage2,GT 5103 - 295/80R22.5 JUM XM OEM,295/80R22.5 JUM XM OEM (+2 SKUs),22.5,R22.5,112222982C152MJXM0,3,140.0,5,2026-08-20 21:35,2026-08-21 05:28,7.87,true,false,GT 5083 - 295/80R22.5 JUM XM,10.0,10.0,0.0,TBR|TBMTBR9Stage2|56#1564
TBR,2026-08-20,B,20,false,TBMTBR6Stage2,11R22.5JUHE,11 R 22.5 JETWAY JUH - EXPORT (+2 SKUs),11 R 22.5 JW JUH -EXPORT,R22.5,115221102C016LJUH0,3,90.0,3,2026-08-20 21:38,2026-08-21 02:39,5.01,true,false,295/80R22.5JUL1,10.0,10.0,0.0,TBR|TBMTBR6Stage2|86#1266
TBR,2026-08-20,C,20,false,TBMTBR8Stage2,GT 5095 - 11.00R20 JUC3,11.00R20 JUC3 (+1 SKUs),"",R20,1123111020016KJC30,2,77.0,3,2026-08-20 23:48,2026-08-21 04:08,4.33,true,false,GT 5096 - 11.00R20 JDC XD,255.04999999999998,10.0,0.0,TBR|TBMTBR8Stage2|57#1470
TBR,2026-08-20,C,20,false,TBMTBR2Stage2,10.00 R 20 JDE,295/90R20JDE++ (+4 SKUs),R20,R20,1121129A20000JDEP0,5,263.0,10,2026-08-21 00:49,2026-08-21 15:36,14.78,true,false,GT 5075 - 295/90R20 JUH XF,45.233333333333334,10.0,0.0,TBR|TBMTBR2Stage2|13#1044
TBR,2026-08-20,C,20,false,TBMTBR7Stage2,8.25R20JUH5,8.25R20JUH5 (+4 SKUs),8.25R20,R20,1122182020016KUH50,5,91.0,3,2026-08-21 01:04,2026-08-21 05:51,4.78,true,false,8.25R20JDE++,34.78333333333333,10.0,0.0,TBR|TBMTBR7Stage2|67#1376
TBR,2026-08-20,C,20,false,TBMTBR6Stage2,GT 5078 - 295/80R22.5 JUX E,295/80R22.5 JUXe (+5 SKUs),"",R22.5,112222982C016JUXE0,6,103.0,4,2026-08-21 02:49,2026-08-21 08:36,5.79,true,false,11R22.5JUHE,10.0,10.0,0.0,TBR|TBMTBR6Stage2|87#1267
TBR,2026-08-20,C,20,false,TBMTBR3Stage2,GT 5076 - 295/90R20 JDE XF,295/90R20 JDE XF / JS121 (+3 SKUs),295/90R20,R20,1121129A20152JDLF0,4,214.0,8,2026-08-21 03:13,2026-08-21 15:15,12.03,false,false,GT 5076 - 295/90R20 JDE XF,219.16666666666666,0.0,0.0,TBR|TBMTBR3Stage2|39#1103
TBR,2026-08-20,C,20,false,TBMTBR8Stage2,GT 5096 - 11.00R20 JDC XD,11.00R20 JDC XD (+2 SKUs),"",R20,1121111020016KCXD0,3,128.0,5,2026-08-21 04:18,2026-08-21 11:30,7.2,true,false,GT 5095 - 11.00R20 JUC3,10.0,10.0,0.0,TBR|TBMTBR8Stage2|58#1471
TBR,2026-08-20,C,20,false,TBMTBR7Stage2,8.25R20JDE++,8.25R20JDE++ (+2 SKUs),8.25R20,R20,1121182020016KDEP0,3,234.0,8,2026-08-21 06:01,2026-08-21 18:19,12.3,true,false,8.25R20JUH5,10.0,10.0,0.0,TBR|TBMTBR7Stage2|68#1377
TBR,2026-08-21,A,21,false,TBMTBR6Stage2,385/65R22.5JUH6,385/65R22.5 JETWAY JUH6 (+3 SKUs),385/65 R 22.5 JW JUH6,(no rim),115223852C020KUH60,4,84.0,3,2026-08-21 09:00,2026-08-21 14:07,5.11,true,true,GT 5078 - 295/80R22.5 JUX E,24.0,24.0,0.0,TBR|TBMTBR6Stage2|88#1268
TBR,2026-08-21,A,21,false,TBMTBR9Stage2,295/80R22.5JDL,295/80R22.5 JDL CURE TYRE (+1 SKUs),"",R22.5,112122982C016MJDL0,2,76.0,3,2026-08-21 11:06,2026-08-21 15:20,4.23,true,false,GT 5103 - 295/80R22.5 JUM XM OEM,338.73333333333335,10.0,0.0,TBR|TBMTBR9Stage2|57#1565
TBR,2026-08-21,A,21,false,TBMTBR1Stage2,10.00 R 20 JUH5,10.00 R 20 JW JUH5 - N2 (+1 SKUs),10.00 R 20 JUH5,R20,1122110020016KUH50,2,395.0,15,2026-08-21 11:25,2026-08-22 09:38,22.21,false,false,10.00 R 20 JUH5,603.5333333333333,0.0,0.0,TBR|TBMTBR1Stage2|44#1004
TBR,2026-08-21,A,21,false,TBMTBR8Stage2,9.00 R 20 JUH5,9.00R20 JW JUH5 16PR (+2 SKUs),"",R20,1122190020016KUH50,3,87.0,3,2026-08-21 12:50,2026-08-21 17:24,4.57,true,false,GT 5096 - 11.00R20 JDC XD,80.43333333333334,10.0,0.0,TBR|TBMTBR8Stage2|59#1472
TBR,2026-08-21,A,21,false,TBMTBR6Stage2,GT 5083 - 295/80R22.5 JUM XM,295/80R22.5 JUM XM (+1 SKUs),22.5,R22.5,112222982C016MJXM0,2,106.0,4,2026-08-21 14:31,2026-08-21 20:28,5.96,true,true,385/65R22.5JUH6,24.0,24.0,0.0,TBR|TBMTBR6Stage2|89#1269
TBR,2026-08-21,A,21,false,TBMTBR4Stage2,10.00 R 20 JDE,295/90R20JDE++ (+4 SKUs),R20,R20,1121129A20000JDEP0,5,266.0,10,2026-08-21 14:57,2026-08-22 05:54,14.95,false,false,10.00 R 20 JDE,775.5666666666666,0.0,0.0,TBR|TBMTBR4Stage2|15#1149
TBR,2026-08-21,B,21,false,TBMTBR3Stage2,GT 5095 - 11.00R20 JUC3,11.00R20 JUC3 (+1 SKUs),"",R20,1123111020016KJC30,2,77.0,3,2026-08-21 15:25,2026-08-21 19:44,4.33,true,false,GT 5076 - 295/90R20 JDE XF,10.0,10.0,0.0,TBR|TBMTBR3Stage2|40#1104
TBR,2026-08-21,B,21,false,TBMTBR9Stage2,GT 5103 - 295/80R22.5 JUM XM OEM,295/80R22.5 JUM XM OEM (+2 SKUs),22.5,R22.5,112222982C152MJXM0,3,140.0,5,2026-08-21 15:30,2026-08-21 23:22,7.87,true,false,295/80R22.5JDL,10.0,10.0,0.0,TBR|TBMTBR9Stage2|58#1566
TBR,2026-08-21,B,21,false,TBMTBR2Stage2,GT 5076 - 295/90R20 JDE XF,295/90R20 JDE XF / JS121 (+3 SKUs),295/90R20,R20,1121129A20152JDLF0,4,214.0,8,2026-08-21 15:46,2026-08-22 03:48,12.03,true,false,10.00 R 20 JDE,10.0,10.0,0.0,TBR|TBMTBR2Stage2|14#1045
TBR,2026-08-21,B,21,false,TBMTBR7Stage2,8.25R20JUH5,8.25R20JUH5 (+4 SKUs),8.25R20,R20,1122182020016KUH50,5,91.0,3,2026-08-21 18:29,2026-08-21 23:16,4.78,true,false,8.25R20JDE++,10.0,10.0,0.0,TBR|TBMTBR7Stage2|69#1378
TBR,2026-08-21,B,21,false,TBMTBR3Stage2,GT 5075 - 295/90R20 JUH XF,295/90R20 JUH XF / JW 304 (+3 SKUs),295/90R20,R20,1122129A20152JULF0,4,140.0,5,2026-08-21 19:54,2026-08-22 03:46,7.87,true,false,GT 5095 - 11.00R20 JUC3,10.0,10.0,0.0,TBR|TBMTBR3Stage2|41#1105
TBR,2026-08-21,B,21,false,TBMTBR8Stage2,GT 5096 - 11.00R20 JDC XD,11.00R20 JDC XD (+2 SKUs),"",R20,1121111020016KCXD0,3,128.0,5,2026-08-21 20:13,2026-08-22 03:25,7.2,true,false,9.00 R 20 JUH5,168.43333333333334,10.0,0.0,TBR|TBMTBR8Stage2|60#1473
TBR,2026-08-21,B,21,false,TBMTBR6Stage2,GT 5078 - 295/80R22.5 JUX E,295/80R22.5 JUXe (+5 SKUs),"",R22.5,112222982C016JUXE0,6,102.0,4,2026-08-21 20:38,2026-08-22 02:22,5.73,true,false,GT 5083 - 295/80R22.5 JUM XM,10.0,10.0,0.0,TBR|TBMTBR6Stage2|90#1270
TBR,2026-08-21,C,21,false,TBMTBR7Stage2,9.00 R 20 JDE++,9.00 R 20 JDE++ (+1 SKUs),9R20,R20,1121190020016KDEP0,2,78.0,3,2026-08-21 23:26,2026-08-22 03:32,4.1,true,false,8.25R20JUH5,10.0,10.0,0.0,TBR|TBMTBR7Stage2|70#1379
TBR,2026-08-21,C,21,false,TBMTBR9Stage2,GT 5083 - 295/80R22.5 JUM XM,295/80R22.5 JUM XM (+1 SKUs),22.5,R22.5,112222982C016MJXM0,2,106.0,4,2026-08-22 03:16,2026-08-22 09:14,5.96,true,false,GT 5103 - 295/80R22.5 JUM XM OEM,234.03333333333333,10.0,0.0,TBR|TBMTBR9Stage2|59#1567
TBR,2026-08-21,C,21,false,TBMTBR5Stage2,10.00 R 20 JUH5,10.00 R 20 JW JUH5 - N2 (+1 SKUs),10.00 R 20 JUH5,R20,1122110020016KUH50,2,395.0,15,2026-08-22 03:33,2026-08-23 01:45,22.21,false,false,10.00 R 20 JUH5,603.5333333333333,0.0,0.0,TBR|TBMTBR5Stage2|1#1174
TBR,2026-08-21,C,21,false,TBMTBR7Stage2,8.25R20JDE++,8.25R20JDE++ (+2 SKUs),8.25R20,R20,1121182020016KDEP0,3,117.0,4,2026-08-22 03:42,2026-08-22 09:51,6.15,true,false,9.00 R 20 JDE++,10.0,10.0,0.0,TBR|TBMTBR7Stage2|71#1380
TBR,2026-08-21,C,21,false,TBMTBR3Stage2,GT 5076 - 295/90R20 JDE XF,295/90R20 JDE XF / JS121 (+3 SKUs),295/90R20,R20,1121129A20152JDLF0,4,214.0,8,2026-08-22 03:56,2026-08-22 15:58,12.03,true,false,GT 5075 - 295/90R20 JUH XF,10.0,10.0,0.0,TBR|TBMTBR3Stage2|42#1106
TBR,2026-08-21,C,21,false,TBMTBR2Stage2,10.00 R 20 JDE,295/90R20JDE++ (+4 SKUs),R20,R20,1121129A20000JDEP0,5,263.0,10,2026-08-22 03:58,2026-08-22 18:45,14.78,true,false,GT 5076 - 295/90R20 JDE XF,10.0,10.0,0.0,TBR|TBMTBR2Stage2|15#1046
TBR,2026-08-21,C,21,false,TBMTBR6Stage2,GT 5078 - 295/80R22.5 JUX E,295/80R22.5 JUXe (+5 SKUs),"",R22.5,112222982C016JUXE0,6,102.0,4,2026-08-22 04:27,2026-08-22 10:11,5.73,false,false,GT 5078 - 295/80R22.5 JUX E,124.91666666666667,0.0,0.0,TBR|TBMTBR6Stage2|90#1271
TBR,2026-08-21,C,21,false,TBMTBR8Stage2,9.00 R 20 JUH3,9.00 R 20 JETWAY JUH3 14 PR N2 (+2 SKUs),"",R20,1122190020014KJH30,3,96.0,3,2026-08-22 06:32,2026-08-22 11:31,4.99,true,false,GT 5096 - 11.00R20 JDC XD,186.95,10.0,0.0,TBR|TBMTBR8Stage2|61#1474
TBR,2026-08-22,A,22,false,TBMTBR9Stage2,GT 5103 - 295/80R22.5 JUM XM OEM,295/80R22.5 JUM XM OEM (+2 SKUs),22.5,R22.5,112222982C152MJXM0,3,140.0,5,2026-08-22 09:24,2026-08-22 17:16,7.87,true,false,GT 5083 - 295/80R22.5 JUM XM,10.0,10.0,0.0,TBR|TBMTBR9Stage2|60#1568
TBR,2026-08-22,A,22,false,TBMTBR7Stage2,8.25R20JUH5,8.25R20JUH5 (+4 SKUs),8.25R20,R20,1122182020016KUH50,5,90.0,3,2026-08-22 10:01,2026-08-22 14:44,4.73,true,false,8.25R20JDE++,10.0,10.0,0.0,TBR|TBMTBR7Stage2|72#1381
TBR,2026-08-22,A,22,false,TBMTBR6Stage2,295/80R22.5JUL1,295/80R22.5 JUM (+2 SKUs),"",R22.5,112222982C016MJUM0,3,76.0,3,2026-08-22 10:21,2026-08-22 14:35,4.23,true,false,GT 5078 - 295/80R22.5 JUX E,10.0,10.0,0.0,TBR|TBMTBR6Stage2|91#1272
TBR,2026-08-22,A,22,false,TBMTBR1Stage2,10.00R 20 JW302,295/90R20JUCXM (+1 SKUs),10R20,R20,1123129A20152JUCM0,2,154.0,6,2026-08-22 11:13,2026-08-22 19:53,8.66,true,false,10.00 R 20 JUH5,95.86666666666666,10.0,0.0,TBR|TBMTBR1Stage2|45#1005
TBR,2026-08-22,A,22,false,TBMTBR8Stage2,GT 5096 - 11.00R20 JDC XD,11.00R20 JDC XD (+2 SKUs),"",R20,1121111020016KCXD0,3,127.0,5,2026-08-22 12:11,2026-08-22 19:20,7.14,true,false,9.00 R 20 JUH3,40.36666666666667,10.0,0.0,TBR|TBMTBR8Stage2|62#1475
TBR,2026-08-22,A,22,false,TBMTBR7Stage2,GT 5098 - 275/90R20 JDE XF,275/90R20 JETSTEEL JDE XF,"",R20,1121127A20149KDEF0,1,81.0,3,2026-08-22 14:54,2026-08-22 19:28,4.55,true,false,8.25R20JUH5,10.0,10.0,0.0,TBR|TBMTBR7Stage2|73#1382
TBR,2026-08-22,B,22,false,TBMTBR3Stage2,GT 5095 - 11.00R20 JUC3,11.00R20 JUC3 (+1 SKUs),"",R20,1123111020016KJC30,2,77.0,3,2026-08-22 16:08,2026-08-22 20:28,4.33,true,false,GT 5076 - 295/90R20 JDE XF,10.0,10.0,0.0,TBR|TBMTBR3Stage2|43#1107
TBR,2026-08-22,B,22,false,TBMTBR4Stage2,10.00 R 20 JDE,295/90R20JDE++ (+4 SKUs),R20,R20,1121129A20000JDEP0,5,266.0,10,2026-08-22 17:12,2026-08-23 08:09,14.95,false,false,10.00 R 20 JDE,677.65,0.0,0.0,TBR|TBMTBR4Stage2|15#1150
TBR,2026-08-22,B,22,false,TBMTBR6Stage2,295/80R22.5JDL,295/80R22.5 JDL CURE TYRE (+1 SKUs),"",R22.5,112122982C016MJDL0,2,76.0,3,2026-08-22 17:56,2026-08-22 22:09,4.23,true,false,295/80R22.5JUL1,200.9,10.0,0.0,TBR|TBMTBR6Stage2|92#1273
TBR,2026-08-22,B,22,false,TBMTBR1Stage2,10.00 R 20 JUH5,10.00 R 20 JW JUH5 - N2 (+1 SKUs),10.00 R 20 JUH5,R20,1122110020016KUH50,2,399.0,15,2026-08-22 20:09,2026-08-23 18:35,22.43,true,false,10.00R 20 JW302,16.366666666666667,10.0,0.0,TBR|TBMTBR1Stage2|46#1006
TBR,2026-08-22,B,22,false,TBMTBR9Stage2,GT 5103 - 295/80R22.5 JUM XM OEM,295/80R22.5 JUM XM OEM (+2 SKUs),22.5,R22.5,112222982C152MJXM0,3,140.0,5,2026-08-22 20:43,2026-08-23 04:36,7.87,false,false,GT 5103 - 295/80R22.5 JUM XM OEM,207.45,0.0,0.0,TBR|TBMTBR9Stage2|60#1569
TBR,2026-08-22,B,22,false,TBMTBR2Stage2,GT 5075 - 295/90R20 JUH XF,295/90R20 JUH XF / JW 304 (+3 SKUs),295/90R20,R20,1122129A20152JULF0,4,140.0,5,2026-08-22 21:08,2026-08-23 05:00,7.87,true,false,10.00 R 20 JDE,142.65,10.0,0.0,TBR|TBMTBR2Stage2|16#1047
TBR,2026-08-22,B,22,false,TBMTBR7Stage2,8.25R20JDE++,8.25R20JDE++ (+2 SKUs),8.25R20,R20,1121182020016KDEP0,3,116.0,4,2026-08-22 22:07,2026-08-23 04:13,6.1,true,false,GT 5098 - 275/90R20 JDE XF,159.63333333333333,10.0,0.0,TBR|TBMTBR7Stage2|74#1383
TBR,2026-08-22,C,22,false,TBMTBR6Stage2,11R22.5JUHE,11 R 22.5 JETWAY JUH - EXPORT (+2 SKUs),11 R 22.5 JW JUH -EXPORT,R22.5,115221102C016LJUH0,3,90.0,3,2026-08-22 23:00,2026-08-23 04:00,5.01,true,false,295/80R22.5JDL,50.46666666666667,10.0,0.0,TBR|TBMTBR6Stage2|93#1274
TBR,2026-08-22,C,22,false,TBMTBR8Stage2,GT 5095 - 11.00R20 JUC3,11.00R20 JUC3 (+1 SKUs),"",R20,1123111020016KJC30,2,76.0,3,2026-08-22 23:40,2026-08-23 03:56,4.27,true,false,GT 5096 - 11.00R20 JDC XD,260.2,10.0,0.0,TBR|TBMTBR8Stage2|63#1476
TBR,2026-08-22,C,22,false,TBMTBR3Stage2,11.00R20 JUH5,11.00R20 JUH5 (+2 SKUs),11R20,R20,1122111020016KUH50,3,84.0,3,2026-08-23 00:37,2026-08-23 05:20,4.72,true,false,GT 5095 - 11.00R20 JUC3,248.78333333333333,10.0,0.0,TBR|TBMTBR3Stage2|44#1108
TBR,2026-08-22,C,22,false,TBMTBR8Stage2,GT 5096 - 11.00R20 JDC XD,11.00R20 JDC XD (+2 SKUs),"",R20,1121111020016KCXD0,3,127.0,5,2026-08-23 04:06,2026-08-23 11:15,7.14,true,false,GT 5095 - 11.00R20 JUC3,10.0,10.0,0.0,TBR|TBMTBR8Stage2|64#1477
TBR,2026-08-22,C,22,false,TBMTBR6Stage2,GT 5078 - 295/80R22.5 JUX E,295/80R22.5 JUXe (+5 SKUs),"",R22.5,112222982C016JUXE0,6,102.0,4,2026-08-23 04:10,2026-08-23 09:54,5.73,true,false,11R22.5JUHE,10.0,10.0,0.0,TBR|TBMTBR6Stage2|94#1275
TBR,2026-08-22,C,22,false,TBMTBR9Stage2,GT 5083 - 295/80R22.5 JUM XM,295/80R22.5 JUM XM (+1 SKUs),22.5,R22.5,112222982C016MJXM0,2,106.0,4,2026-08-23 04:46,2026-08-23 10:43,5.96,true,false,GT 5103 - 295/80R22.5 JUM XM OEM,10.0,10.0,0.0,TBR|TBMTBR9Stage2|61#1570
TBR,2026-08-22,C,22,false,TBMTBR2Stage2,10.00 R 20 JDE,295/90R20JDE++ (+4 SKUs),R20,R20,1121129A20000JDEP0,5,266.0,10,2026-08-23 05:10,2026-08-23 20:07,14.95,true,false,GT 5075 - 295/90R20 JUH XF,10.0,10.0,0.0,TBR|TBMTBR2Stage2|17#1048
TBR,2026-08-22,C,22,false,TBMTBR3Stage2,GT 5076 - 295/90R20 JDE XF,295/90R20 JDE XF / JS121 (+3 SKUs),295/90R20,R20,1121129A20152JDLF0,4,214.0,8,2026-08-23 05:30,2026-08-23 17:32,12.03,true,false,11.00R20 JUH5,10.0,10.0,0.0,TBR|TBMTBR3Stage2|45#1109
TBR,2026-08-22,C,22,false,TBMTBR5Stage2,10.00 R 20 JUH5,10.00 R 20 JW JUH5 - N2 (+1 SKUs),10.00 R 20 JUH5,R20,1122110020016KUH50,2,790.0,30,2026-08-23 05:48,2026-08-25 02:13,44.41,false,false,10.00 R 20 JUH5,242.51666666666665,0.0,0.0,TBR|TBMTBR5Stage2|1#1175
TBR,2026-08-22,C,22,false,TBMTBR7Stage2,8.25R20JUH5,8.25R20JUH5 (+4 SKUs),8.25R20,R20,1122182020016KUH50,5,90.0,3,2026-08-23 06:11,2026-08-23 10:54,4.73,true,false,8.25R20JDE++,117.53333333333333,10.0,0.0,TBR|TBMTBR7Stage2|75#1384
TBR,2026-08-23,A,23,false,TBMTBR6Stage2,385/65R22.5JUH6,385/65R22.5 JETWAY JUH6 (+3 SKUs),385/65 R 22.5 JW JUH6,(no rim),115223852C020KUH60,4,84.0,3,2026-08-23 10:18,2026-08-23 15:25,5.11,true,true,GT 5078 - 295/80R22.5 JUX E,24.0,24.0,0.0,TBR|TBMTBR6Stage2|95#1276
TBR,2026-08-23,A,23,false,TBMTBR4Stage2,10.00 R 20 JUH5,10.00 R 20 JW JUH5 - N2 (+1 SKUs),10.00 R 20 JUH5,R20,1122110020016KUH50,2,400.0,15,2026-08-23 12:09,2026-08-24 10:38,22.49,true,false,10.00 R 20 JDE,240.26666666666665,10.0,0.0,TBR|TBMTBR4Stage2|16#1151
TBR,2026-08-23,A,23,false,TBMTBR7Stage2,8.25R20JDE++,8.25R20JDE++ (+2 SKUs),8.25R20,R20,1121182020016KDEP0,3,117.0,4,2026-08-23 12:46,2026-08-23 18:55,6.15,true,false,8.25R20JUH5,111.78333333333333,10.0,0.0,TBR|TBMTBR7Stage2|76#1385
TBR,2026-08-23,A,23,false,TBMTBR8Stage2,9.00 R 20 JDE++,9.00 R 20 JDE++ (+1 SKUs),9R20,R20,1121190020016KDEP0,2,78.0,3,2026-08-23 12:47,2026-08-23 16:53,4.1,true,false,GT 5096 - 11.00R20 JDC XD,92.05,10.0,0.0,TBR|TBMTBR8Stage2|65#1478
TBR,2026-08-23,A,23,false,TBMTBR9Stage2,295/80R22.5JUL1,295/80R22.5 JUM (+2 SKUs),"",R22.5,112222982C016MJUM0,3,77.0,3,2026-08-23 14:15,2026-08-23 18:32,4.28,true,false,GT 5083 - 295/80R22.5 JUM XM,212.06666666666666,10.0,0.0,TBR|TBMTBR9Stage2|62#1571
TBR,2026-08-23,B,23,false,TBMTBR6Stage2,GT 5114 - 315/80R22.5 JDC XD,315/80R22.5 JETSTEEL JDC XD,"",(no rim),115123182C020KCXD0,1,84.0,3,2026-08-23 15:49,2026-08-23 20:55,5.11,true,false,385/65R22.5JUH6,24.0,10.0,0.0,TBR|TBMTBR6Stage2|96#1277
TBR,2026-08-23,B,23,false,TBMTBR8Stage2,8.25R20VUH3+,8.25R20_VUH3+_DOT_16PR_K_TT,8.25R20,R20,1152182020016KH3PV,1,96.0,3,2026-08-23 17:03,2026-08-23 22:05,5.04,true,false,9.00 R 20 JDE++,10.0,10.0,0.0,TBR|TBMTBR8Stage2|66#1479
TBR,2026-08-23,B,23,false,TBMTBR3Stage2,GT 5096 - 11.00R20 JDC XD,11.00R20 JDC XD (+2 SKUs),"",R20,1121111020016KCXD0,3,125.0,5,2026-08-23 20:01,2026-08-24 03:03,7.03,true,false,GT 5076 - 295/90R20 JDE XF,149.11666666666667,10.0,0.0,TBR|TBMTBR3Stage2|46#1110
TBR,2026-08-23,B,23,false,TBMTBR9Stage2,GT 5083 - 295/80R22.5 JUM XM,295/80R22.5 JUM XM (+1 SKUs),22.5,R22.5,112222982C016MJXM0,2,106.0,4,2026-08-23 20:56,2026-08-24 02:53,5.96,true,false,295/80R22.5JUL1,143.4,10.0,0.0,TBR|TBMTBR9Stage2|63#1572
TBR,2026-08-23,B,23,false,TBMTBR6Stage2,GT 5078 - 295/80R22.5 JUX E,295/80R22.5 JUXe (+5 SKUs),"",R22.5,112222982C016JUXE0,6,102.0,4,2026-08-23 21:19,2026-08-24 03:03,5.73,true,true,GT 5114 - 315/80R22.5 JDC XD,24.0,24.0,0.0,TBR|TBMTBR6Stage2|97#1278
TBR,2026-08-23,B,23,false,TBMTBR2Stage2,10.00 R 20 JDE,295/90R20JDE++ (+4 SKUs),R20,R20,1121129A20000JDEP0,5,263.0,10,2026-08-23 21:28,2026-08-24 12:15,14.78,false,false,10.00 R 20 JDE,80.83333333333333,0.0,0.0,TBR|TBMTBR2Stage2|17#1049
TBR,2026-08-23,B,23,false,TBMTBR1Stage2,GT 5076 - 295/90R20 JDE XF,295/90R20 JDE XF / JS121 (+3 SKUs),295/90R20,R20,1121129A20152JDLF0,4,190.0,7,2026-08-23 21:51,2026-08-24 08:32,10.68,true,false,10.00 R 20 JUH5,196.0,10.0,0.0,TBR|TBMTBR1Stage2|47#1007
TBR,2026-08-23,B,23,false,TBMTBR7Stage2,8.25R20JUH5,8.25R20JUH5 (+4 SKUs),8.25R20,R20,1122182020016KUH50,5,90.0,3,2026-08-23 22:06,2026-08-24 02:50,4.73,true,false,8.25R20JDE++,191.13333333333333,10.0,0.0,TBR|TBMTBR7Stage2|77#1386
TBR,2026-08-23,C,23,false,TBMTBR8Stage2,GT 5095 - 11.00R20 JUC3,11.00R20 JUC3 (+1 SKUs),"",R20,1123111020016KJC30,2,77.0,3,2026-08-23 23:42,2026-08-24 04:02,4.33,true,false,8.25R20VUH3+,96.75,10.0,0.0,TBR|TBMTBR8Stage2|67#1480
TBR,2026-08-23,C,23,false,TBMTBR7Stage2,8.25R20JDE++,8.25R20JDE++ (+2 SKUs),8.25R20,R20,1121182020016KDEP0,3,116.0,4,2026-08-24 03:00,2026-08-24 09:06,6.1,true,false,8.25R20JUH5,10.0,10.0,0.0,TBR|TBMTBR7Stage2|78#1387
TBR,2026-08-23,C,23,false,TBMTBR6Stage2,GT 5078 - 295/80R22.5 JUX E,295/80R22.5 JUXe (+5 SKUs),"",R22.5,112222982C016JUXE0,6,103.0,4,2026-08-24 04:07,2026-08-24 09:54,5.79,false,false,GT 5078 - 295/80R22.5 JUX E,63.56666666666666,0.0,0.0,TBR|TBMTBR6Stage2|97#1279
TBR,2026-08-23,C,23,false,TBMTBR9Stage2,GT 5103 - 295/80R22.5 JUM XM OEM,295/80R22.5 JUM XM OEM (+2 SKUs),22.5,R22.5,112222982C152MJXM0,3,138.0,5,2026-08-24 06:30,2026-08-24 14:16,7.76,true,false,GT 5083 - 295/80R22.5 JUM XM,217.06666666666666,10.0,0.0,TBR|TBMTBR9Stage2|64#1573
TBR,2026-08-24,A,24,false,TBMTBR8Stage2,9.00 R 20 JUH3,9.00 R 20 JETWAY JUH3 14 PR N2 (+2 SKUs),"",R20,1122190020014KJH30,3,160.0,5,2026-08-24 07:07,2026-08-24 15:26,8.31,true,false,GT 5095 - 11.00R20 JUC3,185.1,10.0,0.0,TBR|TBMTBR8Stage2|68#1481
TBR,2026-08-24,A,24,false,TBMTBR7Stage2,8.25R20JUH5,8.25R20JUH5 (+4 SKUs),8.25R20,R20,1122182020016KUH50,5,91.0,3,2026-08-24 09:16,2026-08-24 14:03,4.78,true,false,8.25R20JDE++,10.0,10.0,0.0,TBR|TBMTBR7Stage2|79#1388
TBR,2026-08-24,A,24,false,TBMTBR3Stage2,GT 5096 - 11.00R20 JDC XD,11.00R20 JDC XD (+2 SKUs),"",R20,1121111020016KCXD0,3,125.0,5,2026-08-24 09:36,2026-08-24 16:38,7.03,false,false,GT 5096 - 11.00R20 JDC XD,393.6,0.0,0.0,TBR|TBMTBR3Stage2|46#1111
TBR,2026-08-24,A,24,false,TBMTBR6Stage2,295/80R22.5JUL1,295/80R22.5 JUM (+2 SKUs),"",R22.5,112222982C016MJUM0,3,76.0,3,2026-08-24 10:04,2026-08-24 14:18,4.23,true,false,GT 5078 - 295/80R22.5 JUX E,10.0,10.0,0.0,TBR|TBMTBR6Stage2|98#1280
TBR,2026-08-24,A,24,false,TBMTBR1Stage2,GT 5076 - 295/90R20 JDE XF,295/90R20 JDE XF / JS121 (+3 SKUs),295/90R20,R20,1121129A20152JDLF0,4,216.0,8,2026-08-24 12:28,2026-08-25 00:36,12.14,false,false,GT 5076 - 295/90R20 JDE XF,235.9,0.0,0.0,TBR|TBMTBR1Stage2|47#1008
TBR,2026-08-24,A,24,false,TBMTBR2Stage2,10.00 R 20 JDE,295/90R20JDE++ (+4 SKUs),R20,R20,1121129A20000JDEP0,5,263.0,10,2026-08-24 13:36,2026-08-25 04:23,14.78,false,false,10.00 R 20 JDE,80.83333333333333,0.0,0.0,TBR|TBMTBR2Stage2|17#1050
TBR,2026-08-24,A,24,false,TBMTBR7Stage2,GT 5098 - 275/90R20 JDE XF,275/90R20 JETSTEEL JDE XF,"",R20,1121127A20149KDEF0,1,81.0,3,2026-08-24 14:13,2026-08-24 18:46,4.55,true,false,8.25R20JUH5,10.0,10.0,0.0,TBR|TBMTBR7Stage2|80#1389
TBR,2026-08-24,B,24,false,TBMTBR9Stage2,GT 5083 - 295/80R22.5 JUM XM,295/80R22.5 JUM XM (+1 SKUs),22.5,R22.5,112222982C016MJXM0,2,107.0,4,2026-08-24 15:13,2026-08-24 21:14,6.02,true,false,GT 5103 - 295/80R22.5 JUM XM OEM,57.71666666666667,10.0,0.0,TBR|TBMTBR9Stage2|65#1574
TBR,2026-08-24,B,24,false,TBMTBR4Stage2,GT 5075 - 295/90R20 JUH XF,295/90R20 JUH XF / JW 304 (+3 SKUs),295/90R20,R20,1122129A20152JULF0,4,141.0,5,2026-08-24 15:15,2026-08-24 23:11,7.93,true,false,10.00 R 20 JUH5,276.8666666666667,10.0,0.0,TBR|TBMTBR4Stage2|17#1152
TBR,2026-08-24,B,24,false,TBMTBR8Stage2,GT 5095 - 11.00R20 JUC3,11.00R20 JUC3 (+1 SKUs),"",R20,1123111020016KJC30,2,154.0,6,2026-08-24 15:57,2026-08-25 00:39,8.69,true,false,9.00 R 20 JUH3,31.466666666666665,10.0,0.0,TBR|TBMTBR8Stage2|69#1482
TBR,2026-08-24,B,24,false,TBMTBR6Stage2,295/80R22.5JDL,295/80R22.5 JDL CURE TYRE (+1 SKUs),"",R22.5,112122982C016MJDL0,2,75.0,3,2026-08-24 15:58,2026-08-24 20:09,4.17,true,false,295/80R22.5JUL1,100.28333333333333,10.0,0.0,TBR|TBMTBR6Stage2|99#1281
TBR,2026-08-24,B,24,false,TBMTBR7Stage2,8.25R20JDE++,8.25R20JDE++ (+2 SKUs),8.25R20,R20,1121182020016KDEP0,3,233.0,8,2026-08-24 18:56,2026-08-25 07:41,12.74,true,false,GT 5098 - 275/90R20 JDE XF,10.0,10.0,0.0,TBR|TBMTBR7Stage2|81#1390
TBR,2026-08-24,B,24,false,TBMTBR3Stage2,GT 5075 - 295/90R20 JUH XF,295/90R20 JUH XF / JW 304 (+3 SKUs),295/90R20,R20,1122129A20152JULF0,4,141.0,5,2026-08-24 20:11,2026-08-25 04:06,7.93,true,false,GT 5096 - 11.00R20 JDC XD,212.83333333333334,10.0,0.0,TBR|TBMTBR3Stage2|47#1112
TBR,2026-08-24,B,24,false,TBMTBR6Stage2,11R22.5JUHE,11 R 22.5 JETWAY JUH - EXPORT (+2 SKUs),11 R 22.5 JW JUH -EXPORT,R22.5,115221102C016LJUH0,3,146.0,5,2026-08-24 20:19,2026-08-25 04:26,8.12,true,false,295/80R22.5JDL,10.0,10.0,0.0,TBR|TBMTBR6Stage2|100#1282
TBR,2026-08-24,B,24,false,TBMTBR9Stage2,GT 5103 - 295/80R22.5 JUM XM OEM,295/80R22.5 JUM XM OEM (+2 SKUs),22.5,R22.5,112222982C152MJXM0,3,114.0,4,2026-08-24 22:27,2026-08-25 04:52,6.41,true,false,GT 5083 - 295/80R22.5 JUM XM,73.13333333333333,10.0,0.0,TBR|TBMTBR9Stage2|66#1575
TBR,2026-08-24,C,24,false,TBMTBR8Stage2,8.25R20JUH5,8.25R20JUH5 (+4 SKUs),8.25R20,R20,1122182020016KUH50,5,90.0,3,2026-08-25 00:49,2026-08-25 05:32,4.73,true,false,GT 5095 - 11.00R20 JUC3,10.0,10.0,0.0,TBR|TBMTBR8Stage2|70#1483
TBR,2026-08-24,C,24,false,TBMTBR4Stage2,GT 5075 - 295/90R20 JUH XF,295/90R20 JUH XF / JW 304 (+3 SKUs),295/90R20,R20,1122129A20152JULF0,4,141.0,5,2026-08-25 01:09,2026-08-25 09:04,7.93,false,false,GT 5075 - 295/90R20 JUH XF,117.63333333333333,0.0,0.0,TBR|TBMTBR4Stage2|17#1153
TBR,2026-08-24,C,24,false,TBMTBR3Stage2,GT 5076 - 295/90R20 JDE XF,295/90R20 JDE XF / JS121 (+3 SKUs),295/90R20,R20,1121129A20152JDLF0,4,213.0,8,2026-08-25 04:16,2026-08-25 16:15,11.97,true,false,GT 5075 - 295/90R20 JUH XF,10.0,10.0,0.0,TBR|TBMTBR3Stage2|48#1113
TBR,2026-08-24,C,24,false,TBMTBR6Stage2,255/70R22.5JTH1,255/70 R 22.5 JETWAY JTH1 (+1 SKUs),255/70 R 22.5,R22.5,115222562C016MTH10,2,96.0,3,2026-08-25 04:36,2026-08-25 09:47,5.19,true,false,11R22.5JUHE,10.0,10.0,0.0,TBR|TBMTBR6Stage2|101#1283
TBR,2026-08-24,C,24,false,TBMTBR9Stage2,GT 5083 - 295/80R22.5 JUM XM,295/80R22.5 JUM XM (+1 SKUs),22.5,R22.5,112222982C016MJXM0,2,107.0,4,2026-08-25 05:30,2026-08-25 11:31,6.02,true,false,GT 5103 - 295/80R22.5 JUM XM OEM,37.95,10.0,0.0,TBR|TBMTBR9Stage2|67#1576
TBR,2026-08-24,C,24,false,TBMTBR2Stage2,10.00 R 20 JDE,295/90R20JDE++ (+4 SKUs),R20,R20,1121129A20000JDEP0,5,262.0,10,2026-08-25 05:44,2026-08-25 20:28,14.73,false,false,10.00 R 20 JDE,80.83333333333333,0.0,0.0,TBR|TBMTBR2Stage2|17#1051
TBR,2026-08-24,C,24,false,TBMTBR8Stage2,GT 5096 - 11.00R20 JDC XD,11.00R20 JDC XD (+2 SKUs),"",R20,1121111020016KCXD0,3,126.0,5,2026-08-25 06:22,2026-08-25 13:27,7.08,true,false,8.25R20JUH5,49.18333333333333,10.0,0.0,TBR|TBMTBR8Stage2|71#1484
TBR,2026-08-25,A,25,false,TBMTBR1Stage2,10.00R 20 JW302,295/90R20JUCXM (+1 SKUs),10R20,R20,1123129A20152JUCM0,2,77.0,3,2026-08-25 07:57,2026-08-25 12:17,4.33,true,false,GT 5076 - 295/90R20 JDE XF,441.06666666666666,10.0,0.0,TBR|TBMTBR1Stage2|48#1009
TBR,2026-08-25,A,25,false,TBMTBR7Stage2,8.25R20JDE++,8.25R20JDE++ (+2 SKUs),8.25R20,R20,1121182020016KDEP0,3,115.0,4,2026-08-25 08:47,2026-08-25 14:49,6.04,false,false,8.25R20JDE++,66.28333333333333,0.0,0.0,TBR|TBMTBR7Stage2|81#1391
TBR,2026-08-25,A,25,false,TBMTBR4Stage2,10.00 R 20 JUH5,10.00 R 20 JW JUH5 - N2 (+1 SKUs),10.00 R 20 JUH5,R20,1122110020016KUH50,2,395.0,15,2026-08-25 09:14,2026-08-26 07:26,22.21,true,false,GT 5075 - 295/90R20 JUH XF,10.0,10.0,0.0,TBR|TBMTBR4Stage2|18#1154
TBR,2026-08-25,A,25,false,TBMTBR6Stage2,385/65R22.5JUH6,385/65R22.5 JETWAY JUH6 (+3 SKUs),385/65 R 22.5 JW JUH6,(no rim),115223852C020KUH60,4,84.0,3,2026-08-25 10:11,2026-08-25 15:18,5.11,true,true,255/70R22.5JTH1,24.0,24.0,0.0,TBR|TBMTBR6Stage2|102#1284
TBR,2026-08-25,A,25,false,TBMTBR9Stage2,GT 5078 - 295/80R22.5 JUX E,295/80R22.5 JUXe (+5 SKUs),"",R22.5,112222982C016JUXE0,6,103.0,4,2026-08-25 11:41,2026-08-25 17:28,5.79,true,false,GT 5083 - 295/80R22.5 JUM XM,10.0,10.0,0.0,TBR|TBMTBR9Stage2|68#1577
TBR,2026-08-25,A,25,false,TBMTBR7Stage2,8.25R20JUH5,8.25R20JUH5 (+4 SKUs),8.25R20,R20,1122182020016KUH50,5,91.0,3,2026-08-25 14:59,2026-08-25 19:46,4.78,true,false,8.25R20JDE++,10.0,10.0,0.0,TBR|TBMTBR7Stage2|82#1392
TBR,2026-08-25,B,25,false,TBMTBR6Stage2,GT 5114 - 315/80R22.5 JDC XD,315/80R22.5 JETSTEEL JDC XD,"",(no rim),115123182C020KCXD0,1,84.0,3,2026-08-25 15:42,2026-08-25 20:48,5.11,true,false,385/65R22.5JUH6,24.0,10.0,0.0,TBR|TBMTBR6Stage2|103#1285
TBR,2026-08-25,B,25,false,TBMTBR8Stage2,8.25R20VUH3+,8.25R20_VUH3+_DOT_16PR_K_TT,8.25R20,R20,1152182020016KH3PV,1,93.0,3,2026-08-25 16:40,2026-08-25 21:34,4.89,true,false,GT 5096 - 11.00R20 JDC XD,193.66666666666666,10.0,0.0,TBR|TBMTBR8Stage2|72#1485
TBR,2026-08-25,B,25,false,TBMTBR3Stage2,11.00R20 JUH5,11.00R20 JUH5 (+2 SKUs),11R20,R20,1122111020016KUH50,3,84.0,3,2026-08-25 19:17,2026-08-26 00:01,4.72,true,false,GT 5076 - 295/90R20 JDE XF,182.41666666666666,10.0,0.0,TBR|TBMTBR3Stage2|49#1114
TBR,2026-08-25,B,25,false,TBMTBR1Stage2,GT 5076 - 295/90R20 JDE XF,295/90R20 JDE XF / JS121 (+3 SKUs),295/90R20,R20,1121129A20152JDLF0,4,214.0,8,2026-08-25 21:34,2026-08-26 09:36,12.03,true,false,10.00R 20 JW302,556.7166666666667,10.0,0.0,TBR|TBMTBR1Stage2|49#1010
TBR,2026-08-25,B,25,false,TBMTBR2Stage2,10.00 R 20 JDE,295/90R20JDE++ (+4 SKUs),R20,R20,1121129A20000JDEP0,5,261.0,10,2026-08-25 21:52,2026-08-26 12:32,14.67,false,false,10.00 R 20 JDE,84.2,0.0,0.0,TBR|TBMTBR2Stage2|17#1052
TBR,2026-08-25,C,25,false,TBMTBR7Stage2,8.25R20JUH5,8.25R20JUH5 (+4 SKUs),8.25R20,R20,1122182020016KUH50,5,91.0,3,2026-08-25 23:07,2026-08-26 03:54,4.78,false,false,8.25R20JUH5,200.61666666666667,0.0,0.0,TBR|TBMTBR7Stage2|82#1393
TBR,2026-08-25,C,25,false,TBMTBR5Stage2,10.00 R 20 JUH5,10.00 R 20 JW JUH5 - N2 (+1 SKUs),10.00 R 20 JUH5,R20,1122110020016KUH50,2,396.0,15,2026-08-25 23:51,2026-08-26 22:07,22.26,false,false,10.00 R 20 JUH5,1298.2666666666667,0.0,0.0,TBR|TBMTBR5Stage2|1#1176
TBR,2026-08-25,C,25,false,TBMTBR8Stage2,GT 5095 - 11.00R20 JUC3,11.00R20 JUC3 (+1 SKUs),"",R20,1123111020016KJC30,2,76.0,3,2026-08-26 00:30,2026-08-26 04:47,4.27,true,false,8.25R20VUH3+,176.86666666666667,10.0,0.0,TBR|TBMTBR8Stage2|73#1486
TBR,2026-08-25,C,25,false,TBMTBR3Stage2,GT 5096 - 11.00R20 JDC XD,11.00R20 JDC XD (+2 SKUs),"",R20,1121111020016KCXD0,3,127.0,5,2026-08-26 00:34,2026-08-26 07:42,7.14,true,false,11.00R20 JUH5,33.05,10.0,0.0,TBR|TBMTBR3Stage2|50#1115
TBR,2026-08-25,C,25,false,TBMTBR9Stage2,295/80R22.5JUL1,295/80R22.5 JUM (+2 SKUs),"",R22.5,112222982C016MJUM0,3,77.0,3,2026-08-26 00:41,2026-08-26 04:58,4.28,true,false,GT 5078 - 295/80R22.5 JUX E,432.2833333333333,10.0,0.0,TBR|TBMTBR9Stage2|69#1578
TBR,2026-08-25,C,25,false,TBMTBR6Stage2,295/80R22.5JUL1,295/80R22.5 JUM (+2 SKUs),"",R22.5,112222982C016MJUM0,3,77.0,3,2026-08-26 00:43,2026-08-26 05:00,4.28,true,true,GT 5114 - 315/80R22.5 JDC XD,234.85,24.0,0.0,TBR|TBMTBR6Stage2|104#1286
TBR,2026-08-25,C,25,false,TBMTBR7Stage2,8.25R20JDE++,8.25R20JDE++ (+2 SKUs),8.25R20,R20,1121182020016KDEP0,3,114.0,4,2026-08-26 04:37,2026-08-26 10:37,5.99,true,false,8.25R20JUH5,43.21666666666667,10.0,0.0,TBR|TBMTBR7Stage2|83#1394
TBR,2026-08-25,C,25,false,TBMTBR9Stage2,GT 5103 - 295/80R22.5 JUM XM OEM,295/80R22.5 JUM XM OEM (+2 SKUs),22.5,R22.5,112222982C152MJXM0,3,141.0,5,2026-08-26 05:08,2026-08-26 13:03,7.93,true,false,295/80R22.5JUL1,10.0,10.0,0.0,TBR|TBMTBR9Stage2|70#1579
TBR,2026-08-25,C,25,false,TBMTBR6Stage2,GT 5078 - 295/80R22.5 JUX E,295/80R22.5 JUXe (+5 SKUs),"",R22.5,112222982C016JUXE0,6,101.0,4,2026-08-26 05:10,2026-08-26 10:51,5.68,true,false,295/80R22.5JUL1,10.0,10.0,0.0,TBR|TBMTBR6Stage2|105#1287
TBR,2026-08-26,A,26,false,TBMTBR3Stage2,GT 5075 - 295/90R20 JUH XF,295/90R20 JUH XF / JW 304 (+3 SKUs),295/90R20,R20,1122129A20152JULF0,4,141.0,5,2026-08-26 08:46,2026-08-26 16:42,7.93,true,false,GT 5096 - 11.00R20 JDC XD,63.96666666666667,10.0,0.0,TBR|TBMTBR3Stage2|51#1116
TBR,2026-08-26,A,26,false,TBMTBR8Stage2,GT 5095 - 11.00R20 JUC3,11.00R20 JUC3 (+1 SKUs),"",R20,1123111020016KJC30,2,76.0,3,2026-08-26 08:53,2026-08-26 13:10,4.27,false,false,GT 5095 - 11.00R20 JUC3,246.6,0.0,0.0,TBR|TBMTBR8Stage2|73#1487
TBR,2026-08-26,A,26,false,TBMTBR1Stage2,10.00R 20 JW302,295/90R20JUCXM (+1 SKUs),10R20,R20,1123129A20152JUCM0,2,79.0,3,2026-08-26 10:15,2026-08-26 14:42,4.44,true,false,GT 5076 - 295/90R20 JDE XF,39.36666666666667,10.0,0.0,TBR|TBMTBR1Stage2|50#1011
TBR,2026-08-26,A,26,false,TBMTBR7Stage2,8.25R20JUH3+,8.25R20JUH3+,8.25R20,(no rim),1122182020016KH3P0,1,93.0,3,2026-08-26 11:01,2026-08-26 15:57,4.93,true,true,8.25R20JDE++,24.0,24.0,0.0,TBR|TBMTBR7Stage2|84#1395
TBR,2026-08-26,A,26,false,TBMTBR6Stage2,295/80R22.5JDL,295/80R22.5 JDL CURE TYRE (+1 SKUs),"",R22.5,112122982C016MJDL0,2,158.0,6,2026-08-26 11:22,2026-08-26 20:09,8.79,true,false,GT 5078 - 295/80R22.5 JUX E,30.9,10.0,0.0,TBR|TBMTBR6Stage2|106#1288
TBR,2026-08-26,A,26,false,TBMTBR8Stage2,8.25R20JUH5,8.25R20JUH5 (+4 SKUs),8.25R20,R20,1122182020016KUH50,5,91.0,3,2026-08-26 13:20,2026-08-26 18:07,4.78,true,false,GT 5095 - 11.00R20 JUC3,10.0,10.0,0.0,TBR|TBMTBR8Stage2|74#1488
TBR,2026-08-26,A,26,false,TBMTBR9Stage2,GT 5083 - 295/80R22.5 JUM XM,295/80R22.5 JUM XM (+1 SKUs),22.5,R22.5,112222982C016MJXM0,2,106.0,4,2026-08-26 13:35,2026-08-26 19:33,5.96,true,false,GT 5103 - 295/80R22.5 JUM XM OEM,32.36666666666667,10.0,0.0,TBR|TBMTBR9Stage2|71#1580
TBR,2026-08-26,A,26,false,TBMTBR2Stage2,10.00 R 20 JDE,295/90R20JDE++ (+4 SKUs),R20,R20,1121129A20000JDEP0,5,286.0,11,2026-08-26 14:00,2026-08-27 06:05,16.08,false,false,10.00 R 20 JDE,87.58333333333333,0.0,0.0,TBR|TBMTBR2Stage2|17#1053
TBR,2026-08-26,A,26,false,TBMTBR4Stage2,10.00 R 20 JUH5,10.00 R 20 JW JUH5 - N2 (+1 SKUs),10.00 R 20 JUH5,R20,1122110020016KUH50,2,395.0,15,2026-08-26 14:31,2026-08-27 12:44,22.21,false,false,10.00 R 20 JUH5,424.76666666666665,0.0,0.0,TBR|TBMTBR4Stage2|18#1155
TBR,2026-08-26,B,26,false,TBMTBR1Stage2,GT 5076 - 295/90R20 JDE XF,295/90R20 JDE XF / JS121 (+3 SKUs),295/90R20,R20,1121129A20152JDLF0,4,213.0,8,2026-08-26 15:19,2026-08-27 03:18,11.97,true,false,10.00R 20 JW302,37.516666666666666,10.0,0.0,TBR|TBMTBR1Stage2|51#1012
TBR,2026-08-26,B,26,false,TBMTBR7Stage2,GT 5098 - 275/90R20 JDE XF,275/90R20 JETSTEEL JDE XF,"",R20,1121127A20149KDEF0,1,104.0,4,2026-08-26 16:21,2026-08-26 22:11,5.85,true,true,8.25R20JUH3+,24.0,24.0,0.0,TBR|TBMTBR7Stage2|85#1396
TBR,2026-08-26,B,26,false,TBMTBR3Stage2,GT 5096 - 11.00R20 JDC XD,11.00R20 JDC XD (+2 SKUs),"",R20,1121111020016KCXD0,3,127.0,5,2026-08-26 16:52,2026-08-27 00:00,7.14,true,false,GT 5075 - 295/90R20 JUH XF,10.0,10.0,0.0,TBR|TBMTBR3Stage2|52#1117
TBR,2026-08-26,B,26,false,TBMTBR6Stage2,385/65R22.5JUH6,385/65R22.5 JETWAY JUH6 (+3 SKUs),385/65 R 22.5 JW JUH6,(no rim),115223852C020KUH60,4,84.0,3,2026-08-26 21:25,2026-08-27 02:32,5.11,true,true,295/80R22.5JDL,76.35,24.0,0.0,TBR|TBMTBR6Stage2|107#1289
TBR,2026-08-26,B,26,false,TBMTBR9Stage2,GT 5103 - 295/80R22.5 JUM XM OEM,295/80R22.5 JUM XM OEM (+2 SKUs),22.5,R22.5,112222982C152MJXM0,3,141.0,5,2026-08-26 21:28,2026-08-27 05:23,7.93,true,false,GT 5083 - 295/80R22.5 JUM XM,114.61666666666666,10.0,0.0,TBR|TBMTBR9Stage2|72#1581
TBR,2026-08-26,C,26,false,TBMTBR7Stage2,8.25R20JDE++,8.25R20JDE++ (+2 SKUs),8.25R20,R20,1121182020016KDEP0,3,116.0,4,2026-08-26 23:48,2026-08-27 05:53,6.1,true,false,GT 5098 - 275/90R20 JDE XF,96.26666666666667,10.0,0.0,TBR|TBMTBR7Stage2|86#1397
TBR,2026-08-26,C,26,false,TBMTBR8Stage2,8.25R20JUH5,8.25R20JUH5 (+4 SKUs),8.25R20,R20,1122182020016KUH50,5,90.0,3,2026-08-27 00:50,2026-08-27 05:34,4.73,false,false,8.25R20JUH5,403.21666666666664,0.0,0.0,TBR|TBMTBR8Stage2|74#1489
TBR,2026-08-26,C,26,false,TBMTBR3Stage2,GT 5075 - 295/90R20 JUH XF,295/90R20 JUH XF / JW 304 (+3 SKUs),295/90R20,R20,1122129A20152JULF0,4,141.0,5,2026-08-27 01:04,2026-08-27 09:00,7.93,true,false,GT 5096 - 11.00R20 JDC XD,63.96666666666667,10.0,0.0,TBR|TBMTBR3Stage2|53#1118
TBR,2026-08-26,C,26,false,TBMTBR6Stage2,GT 5078 - 295/80R22.5 JUX E,295/80R22.5 JUXe (+5 SKUs),"",R22.5,112222982C016JUXE0,6,103.0,4,2026-08-27 02:56,2026-08-27 08:43,5.79,true,true,385/65R22.5JUH6,24.0,24.0,0.0,TBR|TBMTBR6Stage2|108#1290
TBR,2026-08-26,C,26,false,TBMTBR1Stage2,10.00R 20 JW302,295/90R20JUCXM (+1 SKUs),10R20,R20,1123129A20152JUCM0,2,78.0,3,2026-08-27 04:12,2026-08-27 08:35,4.38,true,false,GT 5076 - 295/90R20 JDE XF,54.06666666666666,10.0,0.0,TBR|TBMTBR1Stage2|52#1013
TBR,2026-08-26,C,26,false,TBMTBR5Stage2,10.00 R 20 JUH5,10.00 R 20 JW JUH5 - N2 (+1 SKUs),10.00 R 20 JUH5,R20,1122110020016KUH50,2,391.0,15,2026-08-27 05:25,2026-08-28 03:24,21.98,false,false,10.00 R 20 JUH5,438.26666666666665,0.0,0.0,TBR|TBMTBR5Stage2|1#1177
TBR,2026-08-27,A,27,false,TBMTBR2Stage2,10.00 R 20 JDE,295/90R20JDE++ (+4 SKUs),R20,R20,1121129A20000JDEP0,5,286.0,11,2026-08-27 07:36,2026-08-27 23:40,16.08,false,false,10.00 R 20 JDE,90.95,0.0,0.0,TBR|TBMTBR2Stage2|17#1054
TBR,2026-08-27,A,27,false,TBMTBR1Stage2,GT 5076 - 295/90R20 JDE XF,295/90R20 JDE XF / JS121 (+3 SKUs),295/90R20,R20,1121129A20152JDLF0,4,213.0,8,2026-08-27 08:45,2026-08-27 20:43,11.97,true,false,10.00R 20 JW302,10.0,10.0,0.0,TBR|TBMTBR1Stage2|53#1014
TBR,2026-08-27,A,27,false,TBMTBR6Stage2,255/70R22.5JTH1,255/70 R 22.5 JETWAY JTH1 (+1 SKUs),255/70 R 22.5,R22.5,115222562C016MTH10,2,94.0,3,2026-08-27 08:53,2026-08-27 13:58,5.08,true,false,GT 5078 - 295/80R22.5 JUX E,10.0,10.0,0.0,TBR|TBMTBR6Stage2|109#1291
TBR,2026-08-27,A,27,false,TBMTBR8Stage2,GT 5095 - 11.00R20 JUC3,11.00R20 JUC3 (+1 SKUs),"",R20,1123111020016KJC30,2,76.0,3,2026-08-27 09:00,2026-08-27 13:17,4.27,true,false,8.25R20JUH5,206.79999999999998,10.0,0.0,TBR|TBMTBR8Stage2|75#1490
TBR,2026-08-27,A,27,false,TBMTBR9Stage2,GT 5083 - 295/80R22.5 JUM XM,295/80R22.5 JUM XM (+1 SKUs),22.5,R22.5,112222982C016MJXM0,2,107.0,4,2026-08-27 09:02,2026-08-27 15:03,6.02,true,false,GT 5103 - 295/80R22.5 JUM XM OEM,219.0,10.0,0.0,TBR|TBMTBR9Stage2|73#1582
TBR,2026-08-27,A,27,false,TBMTBR3Stage2,GT 5096 - 11.00R20 JDC XD,11.00R20 JDC XD (+2 SKUs),"",R20,1121111020016KCXD0,3,127.0,5,2026-08-27 09:10,2026-08-27 16:18,7.14,true,false,GT 5075 - 295/90R20 JUH XF,10.0,10.0,0.0,TBR|TBMTBR3Stage2|54#1119
TBR,2026-08-27,A,27,false,TBMTBR7Stage2,8.25R20VUH3+,8.25R20_VUH3+_DOT_16PR_K_TT,8.25R20,R20,1152182020016KH3PV,1,93.0,3,2026-08-27 10:29,2026-08-27 15:22,4.89,true,false,8.25R20JDE++,275.6166666666667,10.0,0.0,TBR|TBMTBR7Stage2|87#1398
TBR,2026-08-27,A,27,false,TBMTBR6Stage2,GT 5114 - 315/80R22.5 JDC XD,315/80R22.5 JETSTEEL JDC XD,"",(no rim),115123182C020KCXD0,1,138.0,5,2026-08-27 14:22,2026-08-27 22:46,8.4,true,true,255/70R22.5JTH1,24.0,24.0,0.0,TBR|TBMTBR6Stage2|110#1292
TBR,2026-08-27,B,27,false,TBMTBR7Stage2,8.25R20JUH5,8.25R20JUH5 (+4 SKUs),8.25R20,R20,1122182020016KUH50,5,92.0,3,2026-08-27 15:32,2026-08-27 20:22,4.83,true,false,8.25R20VUH3+,10.0,10.0,0.0,TBR|TBMTBR7Stage2|88#1399
TBR,2026-08-27,B,27,false,TBMTBR9Stage2,GT 5103 - 295/80R22.5 JUM XM OEM,295/80R22.5 JUM XM OEM (+2 SKUs),22.5,R22.5,112222982C152MJXM0,3,113.0,4,2026-08-27 15:42,2026-08-27 22:03,6.35,true,false,GT 5083 - 295/80R22.5 JUM XM,38.85,10.0,0.0,TBR|TBMTBR9Stage2|74#1583
TBR,2026-08-27,B,27,false,TBMTBR8Stage2,GT 5096 - 11.00R20 JDC XD,11.00R20 JDC XD (+2 SKUs),"",R20,1121111020016KCXD0,3,127.0,5,2026-08-27 17:57,2026-08-28 01:05,7.14,true,false,GT 5095 - 11.00R20 JUC3,280.1,10.0,0.0,TBR|TBMTBR8Stage2|76#1491
TBR,2026-08-27,B,27,false,TBMTBR4Stage2,10.00 R 20 JDE,295/90R20JDE++ (+4 SKUs),R20,R20,1121129A20000JDEP0,5,286.0,11,2026-08-27 19:50,2026-08-28 11:55,16.08,true,false,10.00 R 20 JUH5,426.7,10.0,0.0,TBR|TBMTBR4Stage2|19#1156
TBR,2026-08-27,B,27,false,TBMTBR3Stage2,11.00R20 JUH5,11.00R20 JUH5 (+2 SKUs),11R20,R20,1122111020016KUH50,3,81.0,3,2026-08-27 20:03,2026-08-28 00:36,4.55,true,false,GT 5096 - 11.00R20 JDC XD,224.66666666666666,10.0,0.0,TBR|TBMTBR3Stage2|55#1120
TBR,2026-08-27,B,27,false,TBMTBR1Stage2,10.00 R 20 JUH5,10.00 R 20 JW JUH5 - N2 (+1 SKUs),10.00 R 20 JUH5,R20,1122110020016KUH50,2,390.0,15,2026-08-27 20:53,2026-08-28 18:49,21.92,true,false,GT 5076 - 295/90R20 JDE XF,10.0,10.0,0.0,TBR|TBMTBR1Stage2|54#1015
TBR,2026-08-27,B,27,false,TBMTBR9Stage2,GT 5078 - 295/80R22.5 JUX E,295/80R22.5 JUXe (+5 SKUs),"",R22.5,112222982C016JUXE0,6,103.0,4,2026-08-27 22:42,2026-08-28 04:29,5.79,true,false,GT 5103 - 295/80R22.5 JUM XM OEM,38.55,10.0,0.0,TBR|TBMTBR9Stage2|75#1584
TBR,2026-08-27,B,27,false,TBMTBR7Stage2,9.00 R 20 JUH5,9.00R20 JW JUH5 16PR (+2 SKUs),"",R20,1122190020016KUH50,3,85.0,3,2026-08-27 22:54,2026-08-28 03:22,4.47,true,false,8.25R20JUH5,151.86666666666667,10.0,0.0,TBR|TBMTBR7Stage2|89#1400
TBR,2026-08-27,C,27,false,TBMTBR3Stage2,GT 5076 - 295/90R20 JDE XF,295/90R20 JDE XF / JS121 (+3 SKUs),295/90R20,R20,1121129A20152JDLF0,4,632.0,24,2026-08-28 00:46,2026-08-29 12:18,35.53,true,false,11.00R20 JUH5,10.0,10.0,0.0,TBR|TBMTBR3Stage2|56#1121
TBR,2026-08-27,C,27,false,TBMTBR8Stage2,GT 5095 - 11.00R20 JUC3,11.00R20 JUC3 (+1 SKUs),"",R20,1123111020016KJC30,2,76.0,3,2026-08-28 01:15,2026-08-28 05:32,4.27,true,false,GT 5096 - 11.00R20 JDC XD,10.0,10.0,0.0,TBR|TBMTBR8Stage2|77#1492
TBR,2026-08-27,C,27,false,TBMTBR2Stage2,GT 5075 - 295/90R20 JUH XF,295/90R20 JUH XF / JW 304 (+3 SKUs),295/90R20,R20,1122129A20152JULF0,4,141.0,5,2026-08-28 02:33,2026-08-28 10:28,7.93,true,false,10.00 R 20 JDE,172.23333333333332,10.0,0.0,TBR|TBMTBR2Stage2|18#1055
TBR,2026-08-27,C,27,false,TBMTBR6Stage2,GT 5083 - 295/80R22.5 JUM XM,295/80R22.5 JUM XM (+1 SKUs),22.5,R22.5,112222982C016MJXM0,2,107.0,4,2026-08-28 03:01,2026-08-28 09:01,6.02,true,true,GT 5114 - 315/80R22.5 JDC XD,254.31666666666666,24.0,0.0,TBR|TBMTBR6Stage2|111#1293
TBR,2026-08-27,C,27,false,TBMTBR7Stage2,9.00 R 20 JDE++,9.00 R 20 JDE++ (+1 SKUs),9R20,R20,1121190020016KDEP0,2,87.0,3,2026-08-28 03:37,2026-08-28 08:11,4.57,true,false,9.00 R 20 JUH5,14.583333333333334,10.0,0.0,TBR|TBMTBR7Stage2|90#1401
TBR,2026-08-28,A,28,false,TBMTBR5Stage2,10.00 R 20 JUH5,10.00 R 20 JW JUH5 - N2 (+1 SKUs),10.00 R 20 JUH5,R20,1122110020016KUH50,2,390.0,15,2026-08-28 07:23,2026-08-29 05:19,21.92,false,false,10.00 R 20 JUH5,239.4,0.0,0.0,TBR|TBMTBR5Stage2|1#1178
TBR,2026-08-28,A,28,false,TBMTBR7Stage2,8.25R20JDE++,8.25R20JDE++ (+2 SKUs),8.25R20,R20,1121182020016KDEP0,3,116.0,4,2026-08-28 08:21,2026-08-28 14:27,6.1,true,false,9.00 R 20 JDE++,10.0,10.0,0.0,TBR|TBMTBR7Stage2|91#1402
TBR,2026-08-28,A,28,false,TBMTBR9Stage2,GT 5103 - 295/80R22.5 JUM XM OEM,295/80R22.5 JUM XM OEM (+2 SKUs),22.5,R22.5,112222982C152MJXM0,3,113.0,4,2026-08-28 08:25,2026-08-28 14:46,6.35,true,false,GT 5078 - 295/80R22.5 JUX E,236.06666666666666,10.0,0.0,TBR|TBMTBR9Stage2|76#1585
TBR,2026-08-28,A,28,false,TBMTBR8Stage2,GT 5096 - 11.00R20 JDC XD,11.00R20 JDC XD (+2 SKUs),"",R20,1121111020016KCXD0,3,127.0,5,2026-08-28 09:34,2026-08-28 16:42,7.14,true,false,GT 5095 - 11.00R20 JUC3,242.15,10.0,0.0,TBR|TBMTBR8Stage2|78#1493
TBR,2026-08-28,A,28,false,TBMTBR2Stage2,10.00 R 20 JDE,295/90R20JDE++ (+4 SKUs),R20,R20,1121129A20000JDEP0,5,286.0,11,2026-08-28 10:38,2026-08-29 02:43,16.08,true,false,GT 5075 - 295/90R20 JUH XF,10.0,10.0,0.0,TBR|TBMTBR2Stage2|19#1056
TBR,2026-08-28,A,28,false,TBMTBR6Stage2,GT 5078 - 295/80R22.5 JUX E,295/80R22.5 JUXe (+5 SKUs),"",R22.5,112222982C016JUXE0,6,102.0,4,2026-08-28 11:38,2026-08-28 17:22,5.73,true,false,GT 5083 - 295/80R22.5 JUM XM,156.5,10.0,0.0,TBR|TBMTBR6Stage2|112#1294
TBR,2026-08-28,B,28,false,TBMTBR7Stage2,8.25R20JUH3+,8.25R20JUH3+,8.25R20,(no rim),1122182020016KH3P0,1,120.0,4,2026-08-28 16:16,2026-08-28 22:38,6.37,true,true,8.25R20JDE++,108.85,24.0,0.0,TBR|TBMTBR7Stage2|92#1403
TBR,2026-08-28,B,28,false,TBMTBR8Stage2,GT 5095 - 11.00R20 JUC3,11.00R20 JUC3 (+1 SKUs),"",R20,1123111020016KJC30,2,75.0,3,2026-08-28 16:52,2026-08-28 21:05,4.22,true,false,GT 5096 - 11.00R20 JDC XD,10.0,10.0,0.0,TBR|TBMTBR8Stage2|79#1494
TBR,2026-08-28,B,28,false,TBMTBR6Stage2,295/80R22.5JDL,295/80R22.5 JDL CURE TYRE (+1 SKUs),"",R22.5,112122982C016MJDL0,2,77.0,3,2026-08-28 17:32,2026-08-28 21:49,4.28,true,false,GT 5078 - 295/80R22.5 JUX E,10.0,10.0,0.0,TBR|TBMTBR6Stage2|113#1295
TBR,2026-08-28,B,28,false,TBMTBR9Stage2,GT 5083 - 295/80R22.5 JUM XM,295/80R22.5 JUM XM (+1 SKUs),22.5,R22.5,112222982C016MJXM0,2,107.0,4,2026-08-28 19:28,2026-08-29 01:29,6.02,true,false,GT 5103 - 295/80R22.5 JUM XM OEM,281.3666666666667,10.0,0.0,TBR|TBMTBR9Stage2|77#1586
TBR,2026-08-28,B,28,false,TBMTBR1Stage2,10.00R20JUC,10.00 R 20 JUC,20,R20,1123110020016KJUC0,1,84.0,3,2026-08-28 22:23,2026-08-29 03:06,4.72,true,false,10.00 R 20 JUH5,214.01666666666665,10.0,0.0,TBR|TBMTBR1Stage2|55#1016
TBR,2026-08-28,B,28,false,TBMTBR6Stage2,295/80R22.5JUL1,295/80R22.5 JUM (+2 SKUs),"",R22.5,112222982C016MJUM0,3,76.0,3,2026-08-28 22:49,2026-08-29 03:03,4.23,true,false,295/80R22.5JDL,59.983333333333334,10.0,0.0,TBR|TBMTBR6Stage2|114#1296
TBR,2026-08-28,C,28,false,TBMTBR7Stage2,8.25R20JUH5,8.25R20JUH5 (+4 SKUs),8.25R20,R20,1122182020016KUH50,5,91.0,3,2026-08-28 23:57,2026-08-29 04:44,4.78,true,true,8.25R20JUH3+,79.58333333333333,24.0,0.0,TBR|TBMTBR7Stage2|93#1404
TBR,2026-08-28,C,28,false,TBMTBR8Stage2,GT 5096 - 11.00R20 JDC XD,11.00R20 JDC XD (+2 SKUs),"",R20,1121111020016KCXD0,3,127.0,5,2026-08-29 01:22,2026-08-29 08:30,7.14,true,false,GT 5095 - 11.00R20 JUC3,256.55,10.0,0.0,TBR|TBMTBR8Stage2|80#1495
TBR,2026-08-28,C,28,false,TBMTBR9Stage2,GT 5103 - 295/80R22.5 JUM XM OEM,295/80R22.5 JUM XM OEM (+2 SKUs),22.5,R22.5,112222982C152MJXM0,3,139.0,5,2026-08-29 02:07,2026-08-29 09:56,7.81,true,false,GT 5083 - 295/80R22.5 JUM XM,38.43333333333333,10.0,0.0,TBR|TBMTBR9Stage2|78#1587
TBR,2026-08-28,C,28,false,TBMTBR1Stage2,10.00 R 20 JUH5,10.00 R 20 JW JUH5 - N2 (+1 SKUs),10.00 R 20 JUH5,R20,1122110020016KUH50,2,393.0,15,2026-08-29 03:16,2026-08-30 01:22,22.09,true,false,10.00R20JUC,10.0,10.0,0.0,TBR|TBMTBR1Stage2|56#1017
TBR,2026-08-28,C,28,false,TBMTBR2Stage2,10.00 R 20 JDE,295/90R20JDE++ (+4 SKUs),R20,R20,1121129A20000JDEP0,5,807.0,30,2026-08-29 03:50,2026-08-31 02:27,46.62,false,false,10.00 R 20 JDE,67.41666666666667,0.0,0.0,TBR|TBMTBR2Stage2|19#1057
TBR,2026-08-29,A,29,false,TBMTBR6Stage2,385/65R22.5JUH6,385/65R22.5 JETWAY JUH6 (+3 SKUs),385/65 R 22.5 JW JUH6,(no rim),115223852C020KUH60,4,87.0,3,2026-08-29 07:29,2026-08-29 12:46,5.29,true,true,295/80R22.5JUL1,266.01666666666665,24.0,0.0,TBR|TBMTBR6Stage2|115#1297
TBR,2026-08-29,A,29,false,TBMTBR8Stage2,GT 5095 - 11.00R20 JUC3,11.00R20 JUC3 (+1 SKUs),"",R20,1123111020016KJC30,2,76.0,3,2026-08-29 08:40,2026-08-29 12:56,4.27,true,false,GT 5096 - 11.00R20 JDC XD,10.0,10.0,0.0,TBR|TBMTBR8Stage2|81#1496
TBR,2026-08-29,A,29,false,TBMTBR9Stage2,295/80R22.5JDL,295/80R22.5 JDL CURE TYRE (+1 SKUs),"",R22.5,112122982C016MJDL0,2,81.0,3,2026-08-29 10:23,2026-08-29 14:53,4.5,true,false,GT 5103 - 295/80R22.5 JUM XM OEM,26.849999999999998,10.0,0.0,TBR|TBMTBR9Stage2|79#1588
TBR,2026-08-29,A,29,false,TBMTBR4Stage2,GT 5075 - 295/90R20 JUH XF,295/90R20 JUH XF / JW 304 (+3 SKUs),295/90R20,R20,1122129A20152JULF0,4,137.0,5,2026-08-29 10:49,2026-08-29 18:31,7.7,true,false,10.00 R 20 JDE,1374.4333333333334,10.0,0.0,TBR|TBMTBR4Stage2|20#1157
TBR,2026-08-29,A,29,false,TBMTBR3Stage2,10.00R 20 JW302,295/90R20JUCXM (+1 SKUs),10R20,R20,1123129A20152JUCM0,2,82.0,3,2026-08-29 12:28,2026-08-29 17:04,4.61,true,false,GT 5076 - 295/90R20 JDE XF,10.0,10.0,0.0,TBR|TBMTBR3Stage2|57#1122
TBR,2026-08-29,A,29,false,TBMTBR6Stage2,GT 5083 - 295/80R22.5 JUM XM,295/80R22.5 JUM XM (+1 SKUs),22.5,R22.5,112222982C016MJXM0,2,82.0,3,2026-08-29 13:27,2026-08-29 18:04,4.61,true,true,385/65R22.5JUH6,40.833333333333336,24.0,0.0,TBR|TBMTBR6Stage2|116#1298
TBR,2026-08-29,B,29,false,TBMTBR9Stage2,GT 5078 - 295/80R22.5 JUX E,295/80R22.5 JUXe (+5 SKUs),"",R22.5,112222982C016JUXE0,6,102.0,4,2026-08-29 15:03,2026-08-29 20:47,5.73,true,false,295/80R22.5JDL,10.0,10.0,0.0,TBR|TBMTBR9Stage2|80#1589
TBR,2026-08-29,B,29,false,TBMTBR7Stage2,8.25R20JDE++,8.25R20JDE++ (+2 SKUs),8.25R20,R20,1121182020016KDEP0,3,112.0,4,2026-08-29 15:20,2026-08-29 21:13,5.89,true,false,8.25R20JUH5,635.3333333333334,10.0,0.0,TBR|TBMTBR7Stage2|94#1405
TBR,2026-08-29,B,29,false,TBMTBR3Stage2,GT 5075 - 295/90R20 JUH XF,295/90R20 JUH XF / JW 304 (+3 SKUs),295/90R20,R20,1122129A20152JULF0,4,137.0,5,2026-08-29 17:34,2026-08-30 01:16,7.7,true,false,10.00R 20 JW302,29.683333333333334,10.0,0.0,TBR|TBMTBR3Stage2|58#1123
TBR,2026-08-29,B,29,false,TBMTBR8Stage2,GT 5096 - 11.00R20 JDC XD,11.00R20 JDC XD (+2 SKUs),"",R20,1121111020016KCXD0,3,126.0,5,2026-08-29 17:40,2026-08-30 00:45,7.08,true,false,GT 5095 - 11.00R20 JUC3,284.05,10.0,0.0,TBR|TBMTBR8Stage2|82#1497
TBR,2026-08-29,B,29,false,TBMTBR6Stage2,GT 5079 - 255/70R22.5 JUX E,255/70R22.5 JUXe 140/137 M (+2 SKUs),22.5,R22.5,112222562C016MUXE0,3,79.0,3,2026-08-29 18:14,2026-08-29 22:30,4.27,true,false,GT 5083 - 295/80R22.5 JUM XM,10.0,10.0,0.0,TBR|TBMTBR6Stage2|117#1299
TBR,2026-08-29,B,29,false,TBMTBR4Stage2,10.00 R 20 JUH5,10.00 R 20 JW JUH5 - N2 (+1 SKUs),10.00 R 20 JUH5,R20,1122110020016KUH50,2,402.0,15,2026-08-29 20:05,2026-08-30 18:41,22.6,true,false,GT 5075 - 295/90R20 JUH XF,93.68333333333334,10.0,0.0,TBR|TBMTBR4Stage2|21#1158
TBR,2026-08-29,B,29,false,TBMTBR9Stage2,GT 5103 - 295/80R22.5 JUM XM OEM,295/80R22.5 JUM XM OEM (+2 SKUs),22.5,R22.5,112222982C152MJXM0,3,141.0,5,2026-08-29 20:57,2026-08-30 04:53,7.93,true,false,GT 5078 - 295/80R22.5 JUX E,10.0,10.0,0.0,TBR|TBMTBR9Stage2|81#1590
TBR,2026-08-29,B,29,false,TBMTBR7Stage2,9.00 R 20 JUH5,9.00R20 JW JUH5 16PR (+2 SKUs),"",R20,1122190020016KUH50,3,140.0,5,2026-08-29 21:54,2026-08-30 05:16,7.36,true,false,8.25R20JDE++,41.65,10.0,0.0,TBR|TBMTBR7Stage2|95#1406
TBR,2026-08-29,C,29,false,TBMTBR8Stage2,GT 5095 - 11.00R20 JUC3,11.00R20 JUC3 (+1 SKUs),"",R20,1123111020016KJC30,2,76.0,3,2026-08-30 00:55,2026-08-30 05:12,4.27,true,false,GT 5096 - 11.00R20 JDC XD,10.0,10.0,0.0,TBR|TBMTBR8Stage2|83#1498
TBR,2026-08-29,C,29,false,TBMTBR3Stage2,GT 5076 - 295/90R20 JDE XF,295/90R20 JDE XF / JS121 (+3 SKUs),295/90R20,R20,1121129A20152JDLF0,4,207.0,8,2026-08-30 01:26,2026-08-30 13:04,11.64,true,false,GT 5075 - 295/90R20 JUH XF,10.0,10.0,0.0,TBR|TBMTBR3Stage2|59#1124
TBR,2026-08-29,C,29,false,TBMTBR6Stage2,385/65R22.5JUH6,385/65R22.5 JETWAY JUH6 (+3 SKUs),385/65 R 22.5 JW JUH6,(no rim),115223852C020KUH60,4,93.0,3,2026-08-30 02:20,2026-08-30 07:59,5.66,true,true,GT 5079 - 255/70R22.5 JUX E,229.71666666666667,24.0,0.0,TBR|TBMTBR6Stage2|118#1300
TBR,2026-08-29,C,29,false,TBMTBR1Stage2,10.00R 20 JW302,295/90R20JUCXM (+1 SKUs),10R20,R20,1123129A20152JUCM0,2,77.0,3,2026-08-30 02:50,2026-08-30 07:10,4.33,true,false,10.00 R 20 JUH5,88.15,10.0,0.0,TBR|TBMTBR1Stage2|57#1018
TBR,2026-08-29,C,29,false,TBMTBR9Stage2,295/80R22.5JUL1,295/80R22.5 JUM (+2 SKUs),"",R22.5,112222982C016MJUM0,3,75.0,3,2026-08-30 06:53,2026-08-30 11:04,4.17,true,false,GT 5103 - 295/80R22.5 JUM XM OEM,120.64999999999999,10.0,0.0,TBR|TBMTBR9Stage2|82#1591
TBR,2026-08-30,A,30,false,TBMTBR1Stage2,GT 5117 - 10.00R20 CUC (BD),10.00R20 CUC - Bangladesh,"",R20,1153110020016KCUC1,1,131.0,5,2026-08-30 07:20,2026-08-30 14:41,7.36,true,false,10.00R 20 JW302,10.0,10.0,0.0,TBR|TBMTBR1Stage2|58#1019
TBR,2026-08-30,A,30,false,TBMTBR7Stage2,8.25R20JDE++,8.25R20JDE++ (+2 SKUs),8.25R20,R20,1121182020016KDEP0,3,98.0,3,2026-08-30 08:31,2026-08-30 13:40,5.15,true,false,9.00 R 20 JUH5,195.2,10.0,0.0,TBR|TBMTBR7Stage2|96#1407
TBR,2026-08-30,A,30,false,TBMTBR5Stage2,10.00 R 20 JUH5,10.00 R 20 JW JUH5 - N2 (+1 SKUs),10.00 R 20 JUH5,R20,1122110020016KUH50,2,399.0,15,2026-08-30 09:27,2026-08-31 07:53,22.43,false,false,10.00 R 20 JUH5,1688.1499999999999,0.0,0.0,TBR|TBMTBR5Stage2|1#1179
TBR,2026-08-30,A,30,false,TBMTBR8Stage2,GT 5096 - 11.00R20 JDC XD,11.00R20 JDC XD (+2 SKUs),"",R20,1121111020016KCXD0,3,126.0,5,2026-08-30 09:59,2026-08-30 17:04,7.08,true,false,GT 5095 - 11.00R20 JUC3,287.4166666666667,10.0,0.0,TBR|TBMTBR8Stage2|84#1499
TBR,2026-08-30,A,30,false,TBMTBR6Stage2,GT 5083 - 295/80R22.5 JUM XM,295/80R22.5 JUM XM (+1 SKUs),22.5,R22.5,112222982C016MJXM0,2,107.0,4,2026-08-30 11:06,2026-08-30 17:07,6.02,true,true,385/65R22.5JUH6,186.5,24.0,0.0,TBR|TBMTBR6Stage2|119#1301
TBR,2026-08-30,A,30,false,TBMTBR7Stage2,8.25R20JUH5,8.25R20JUH5 (+4 SKUs),8.25R20,R20,1122182020016KUH50,5,121.0,4,2026-08-30 13:50,2026-08-30 20:12,6.36,true,false,8.25R20JDE++,10.0,10.0,0.0,TBR|TBMTBR7Stage2|97#1408
TBR,2026-08-30,A,30,false,TBMTBR9Stage2,GT 5078 - 295/80R22.5 JUX E,295/80R22.5 JUXe (+5 SKUs),"",R22.5,112222982C016JUXE0,6,103.0,4,2026-08-30 14:56,2026-08-30 20:43,5.79,true,false,295/80R22.5JUL1,232.41666666666666,10.0,0.0,TBR|TBMTBR9Stage2|83#1592
TBR,2026-08-30,B,30,false,TBMTBR3Stage2,GT 5075 - 295/90R20 JUH XF,295/90R20 JUH XF / JW 304 (+3 SKUs),295/90R20,R20,1122129A20152JULF0,4,401.0,15,2026-08-30 15:26,2026-08-31 14:10,22.72,true,false,GT 5076 - 295/90R20 JDE XF,142.33333333333334,10.0,0.0,TBR|TBMTBR3Stage2|60#1125
TBR,2026-08-30,B,30,false,TBMTBR8Stage2,GT 5095 - 11.00R20 JUC3,11.00R20 JUC3 (+1 SKUs),"",R20,1123111020016KJC30,2,76.0,3,2026-08-30 17:14,2026-08-30 21:31,4.27,true,false,GT 5096 - 11.00R20 JDC XD,10.0,10.0,0.0,TBR|TBMTBR8Stage2|85#1500
TBR,2026-08-30,B,30,false,TBMTBR6Stage2,GT 5103 - 295/80R22.5 JUM XM OEM,295/80R22.5 JUM XM OEM (+2 SKUs),22.5,R22.5,112222982C152MJXM0,3,134.0,5,2026-08-30 20:22,2026-08-31 03:54,7.53,true,false,GT 5083 - 295/80R22.5 JUM XM,195.03333333333333,10.0,0.0,TBR|TBMTBR6Stage2|120#1302
TBR,2026-08-30,B,30,false,TBMTBR1Stage2,GT 5076 - 295/90R20 JDE XF,295/90R20 JDE XF / JS121 (+3 SKUs),295/90R20,R20,1121129A20152JDLF0,4,206.0,8,2026-08-30 20:28,2026-08-31 08:03,11.58,true,false,GT 5117 - 10.00R20 CUC (BD),346.7,10.0,0.0,TBR|TBMTBR1Stage2|59#1020
TBR,2026-08-30,C,30,false,TBMTBR4Stage2,10.00 R 20 JUH5,10.00 R 20 JW JUH5 - N2 (+1 SKUs),10.00 R 20 JUH5,R20,1122110020016KUH50,2,402.0,15,2026-08-30 23:12,2026-08-31 21:48,22.6,false,false,10.00 R 20 JUH5,271.01666666666665,0.0,0.0,TBR|TBMTBR4Stage2|21#1159
TBR,2026-08-30,C,30,false,TBMTBR8Stage2,GT 5095 - 11.00R20 JUC3,11.00R20 JUC3 (+1 SKUs),"",R20,1123111020016KJC30,2,76.0,3,2026-08-30 23:41,2026-08-31 03:57,4.27,false,false,GT 5095 - 11.00R20 JUC3,130.56666666666666,0.0,0.0,TBR|TBMTBR8Stage2|85#1501
TBR,2026-08-30,C,30,false,TBMTBR8Stage2,10.00R20JUC,10.00 R 20 JUC,20,R20,1123110020016KJUC0,1,108.0,4,2026-08-31 04:07,2026-08-31 10:12,6.07,true,false,GT 5095 - 11.00R20 JUC3,10.0,10.0,0.0,TBR|TBMTBR8Stage2|86#1502
TBR,2026-08-30,C,30,false,TBMTBR6Stage2,GT 5078 - 295/80R22.5 JUX E,295/80R22.5 JUXe (+5 SKUs),"",R22.5,112222982C016JUXE0,6,101.0,4,2026-08-31 04:31,2026-08-31 10:12,5.68,true,false,GT 5103 - 295/80R22.5 JUM XM OEM,37.7,10.0,0.0,TBR|TBMTBR6Stage2|121#1303
TBR,2026-08-30,C,30,false,TBMTBR2Stage2,10.00 R 20 JDE,295/90R20JDE++ (+4 SKUs),R20,R20,1121129A20000JDEP0,5,263.0,10,2026-08-31 04:47,2026-08-31 19:34,14.78,false,false,10.00 R 20 JDE,139.71666666666667,0.0,0.0,TBR|TBMTBR2Stage2|19#1058
TBR,2026-08-30,C,30,false,TBMTBR7Stage2,9.00 R 20 JDE++,9.00 R 20 JDE++ (+1 SKUs),9R20,R20,1121190020016KDEP0,2,112.0,4,2026-08-31 06:00,2026-08-31 11:53,5.89,true,false,8.25R20JUH5,587.9666666666667,10.0,0.0,TBR|TBMTBR7Stage2|98#1409
TBR,2026-08-30,C,30,false,TBMTBR9Stage2,GT 5083 - 295/80R22.5 JUM XM,295/80R22.5 JUM XM (+1 SKUs),22.5,R22.5,112222982C016MJXM0,2,110.0,4,2026-08-31 06:45,2026-08-31 12:56,6.18,true,false,GT 5078 - 295/80R22.5 JUX E,601.7833333333333,10.0,0.0,TBR|TBMTBR9Stage2|84#1593
TBR,2026-08-31,A,31,false,TBMTBR1Stage2,10.00R 20 JW302,295/90R20JUCXM (+1 SKUs),10R20,R20,1123129A20152JUCM0,2,129.0,5,2026-08-31 10:12,2026-08-31 17:27,7.25,true,false,GT 5076 - 295/90R20 JDE XF,129.03333333333333,10.0,0.0,TBR|TBMTBR1Stage2|60#1021
TBR,2026-08-31,A,31,false,TBMTBR6Stage2,295/80R22.5JUL1,295/80R22.5 JUM (+2 SKUs),"",R22.5,112222982C016MJUM0,3,75.0,3,2026-08-31 10:22,2026-08-31 14:32,4.17,true,false,GT 5078 - 295/80R22.5 JUX E,10.0,10.0,0.0,TBR|TBMTBR6Stage2|122#1304
TBR,2026-08-31,A,31,false,TBMTBR8Stage2,GT 5096 - 11.00R20 JDC XD,11.00R20 JDC XD (+2 SKUs),"",R20,1121111020016KCXD0,3,123.0,5,2026-08-31 11:32,2026-08-31 18:27,6.91,true,false,10.00R20JUC,79.93333333333334,10.0,0.0,TBR|TBMTBR8Stage2|87#1503
TBR,2026-08-31,A,31,false,TBMTBR7Stage2,8.25R20JDE++,8.25R20JDE++ (+2 SKUs),8.25R20,R20,1121182020016KDEP0,3,81.0,3,2026-08-31 12:24,2026-08-31 16:39,4.26,true,false,9.00 R 20 JDE++,31.166666666666668,10.0,0.0,TBR|TBMTBR7Stage2|99#1410
TBR,2026-08-31,B,31,false,TBMTBR3Stage2,GT 5076 - 295/90R20 JDE XF,295/90R20 JDE XF / JS121 (+3 SKUs),295/90R20,R20,1121129A20152JDLF0,4,205.0,8,2026-08-31 15:37,2026-09-01 03:09,11.52,true,false,GT 5075 - 295/90R20 JUH XF,87.36666666666666,10.0,0.0,TBR|TBMTBR3Stage2|61#1126
TBR,2026-08-31,B,31,false,TBMTBR5Stage2,10.00 R 20 JUH5,10.00 R 20 JW JUH5 - N2 (+1 SKUs),10.00 R 20 JUH5,R20,1122110020016KUH50,2,245.0,9,2026-08-31 17:05,2026-09-01 06:52,13.77,false,false,10.00 R 20 JUH5,552.6166666666667,0.0,0.0,TBR|TBMTBR5Stage2|1#1180
TBR,2026-08-31,B,31,false,TBMTBR6Stage2,GT 5079 - 255/70R22.5 JUX E,255/70R22.5 JUXe 140/137 M (+2 SKUs),22.5,R22.5,112222562C016MUXE0,3,78.0,3,2026-08-31 19:25,2026-08-31 23:38,4.22,true,false,295/80R22.5JUL1,292.3333333333333,10.0,0.0,TBR|TBMTBR6Stage2|123#1305
TBR,2026-08-31,B,31,false,TBMTBR9Stage2,GT 5103 - 295/80R22.5 JUM XM OEM,295/80R22.5 JUM XM OEM (+2 SKUs),22.5,R22.5,112222982C152MJXM0,3,101.0,4,2026-08-31 20:19,2026-09-01 02:00,5.68,true,false,GT 5083 - 295/80R22.5 JUM XM,442.8666666666667,10.0,0.0,TBR|TBMTBR9Stage2|85#1594
TBR,2026-08-31,B,31,false,TBMTBR1Stage2,10.00 R 20 JUH5,10.00 R 20 JW JUH5 - N2 (+1 SKUs),10.00 R 20 JUH5,R20,1122110020016KUH50,2,159.0,6,2026-08-31 21:21,2026-09-01 06:17,8.94,true,false,10.00R 20 JW302,233.9,10.0,0.0,TBR|TBMTBR1Stage2|61#1022
TBR,2026-08-31,C,31,false,TBMTBR8Stage2,GT 5095 - 11.00R20 JUC3,11.00R20 JUC3 (+1 SKUs),"",R20,1123111020016KJC30,2,76.0,3,2026-09-01 00:55,2026-09-01 05:11,4.27,true,false,GT 5096 - 11.00R20 JDC XD,388.1666666666667,10.0,0.0,TBR|TBMTBR8Stage2|88#1504
TBR,2026-08-31,C,31,false,TBMTBR2Stage2,10.00 R 20 JDE,295/90R20JDE++ (+4 SKUs),R20,R20,1121129A20000JDEP0,5,81.0,3,2026-09-01 02:06,2026-09-01 06:39,4.55,false,false,10.00 R 20 JDE,391.96666666666664,0.0,0.0,TBR|TBMTBR2Stage2|19#1059
