plant,gt_code,sku,qty,month,due_date,day
PCR,GT 1402 XPC TATA,1D25214012008QXPCT,1123.0,2026-01,2026-01-01,1
PCR,GT 1422 MAX,1325214812074TTMX0,346.0,2026-01,2026-01-01,1
PCR,GT 1492 UHL,1325114812074TUHL0,495.0,2026-01,2026-01-01,1
PCR,GT 1503 NEO MSIL,1325215813079TUNE3,218.0,2026-01,2026-01-01,1
PCR,GT 1513 XPC1 MSIL,1D25215013008SXC10,1873.0,2026-01,2026-01-01,1
PCR,GT 1543 XPC1,1D25215013008SXC1T,286.0,2026-01,2026-01-01,1
PCR,GT 1583 NEO TATA,1325215813079TUNE5,520.0,2026-01,2026-01-01,1
PCR,GT 1634 XPC TATA,1D25216814008QXPC0,441.0,2026-01,2026-01-01,1
PCR,GT 1765 ROYL,1325217515084HURL2,316.0,2026-01,2026-01-01,1
PCR,GT 1844 UXT,1325218514086HUTR0,18.0,2026-01,2026-01-01,1
PCR,GT 1844 XPC TML,1D25218014010RXPCT,240.0,2026-01,2026-01-01,1
PCR,GT 1854 XPC TT,1D25118014010RXPC0,96.0,2026-01,2026-01-01,1
PCR,GT 1894 MAX,1325218614088TTMX0,309.0,2026-01,2026-01-01,1
PCR,GT 1925 XPC1,1225219Z15008SXC11,312.0,2026-01,2026-01-01,1
PCR,GT 1995 ROYL KIA,1325219515091HURL2,919.0,2026-01,2026-01-01,1
PCR,GT 2158 ROYL HYU,1325221318095HURL0,515.0,2026-01,2026-01-01,1
PCR,GT 2258 RAN HPE,1325222318098HRHE0,164.0,2026-01,2026-01-01,1
PCR,GT 2267 ROYL HYU,1325221417096HURL0,1241.0,2026-01,2026-01-01,1
PCR,GT 2367 RAN XATW,1325223517104TRXT0,260.0,2026-01,2026-01-01,1
PCR,GT 2455 RAN A/T,1325221715100SRAT0,461.0,2026-01,2026-01-01,1
PCR,GT 2476 SUP MM,1325224716111SELS0,551.0,2026-01,2026-01-01,1
PCR,GT 2568 HT2,1325225518111HRHB0,814.0,2026-01,2026-01-01,1
PCR,GT 2617 RAN XAT,1325226517112HRXT0,50.0,2026-01,2026-01-01,1
PCR,GT 3125 RAN MT,1325231015109QRMT0,82.0,2026-01,2026-01-01,1
PCR,GT1814 XPC,1D25218Z14008QXPC0,234.0,2026-01,2026-01-01,1
PCR,GT2266 RAN HT,1325221516098HRHT0,164.0,2026-01,2026-01-01,1
PCR,GT 1402 XPC TATA,1D25214012008QXPCT,891.0,2026-01,2026-01-02,2
PCR,GT 1422 MAX,1325214812074TTMX0,278.0,2026-01,2026-01-02,2
PCR,GT 1492 UHL,1325114812074TUHL0,374.0,2026-01,2026-01-02,2
PCR,GT 1503 NEO MSIL,1325215813079TUNE3,777.0,2026-01,2026-01-02,2
PCR,GT 1513 XPC1 MSIL,1D25215013008SXC10,2008.0,2026-01,2026-01-02,2
PCR,GT 1543 XPC1,1D25215013008SXC1T,276.0,2026-01,2026-01-02,2
PCR,GT 1583 NEO TATA,1325215813079TUNE5,507.0,2026-01,2026-01-02,2
PCR,GT 1634 XPC TATA,1D25216814008QXPC0,442.0,2026-01,2026-01-02,2
PCR,GT 1765 ROYL,1325217515084HURL2,324.0,2026-01,2026-01-02,2
PCR,GT 1844 XPC TML,1D25218014010RXPCT,246.0,2026-01,2026-01-02,2
PCR,GT 1854 XPC TT,1D25118014010RXPC0,120.0,2026-01,2026-01-02,2
PCR,GT 1894 MAX,1325218614088TTMX0,1.0,2026-01,2026-01-02,2
PCR,GT 1925 XPC1,1225219Z15008SXC11,331.0,2026-01,2026-01-02,2
PCR,GT 1995 ROYL KIA,1325219515091HURL2,875.0,2026-01,2026-01-02,2
PCR,GT 2158 ROYL HYU,1325221318095HURL0,920.0,2026-01,2026-01-02,2
PCR,GT 2258 RAN HPE,1325222318098HRHE0,83.0,2026-01,2026-01-02,2
PCR,GT 2267 ROYL HYU,1325221417096HURL0,1191.0,2026-01,2026-01-02,2
PCR,GT 2367 RAN XATW,1325223517104TRXT0,54.0,2026-01,2026-01-02,2
PCR,GT 2455 RAN A/T,1325221715100SRAT0,410.0,2026-01,2026-01-02,2
PCR,GT 2476 SUP MM,1325224716111SELS0,424.0,2026-01,2026-01-02,2
PCR,GT 2568 HT2,1325225518111HRHB0,804.0,2026-01,2026-01-02,2
PCR,GT 3125 RAN MT,1325231015109QRMT0,42.0,2026-01,2026-01-02,2
PCR,GT1814 XPC,1D25218Z14008QXPC0,230.0,2026-01,2026-01-02,2
PCR,GT2266 RAN HT,1325221516098HRHT0,223.0,2026-01,2026-01-02,2
PCR,GT 1402 XPC TATA,1D25214012008QXPCT,1122.0,2026-01,2026-01-03,3
PCR,GT 1422 MAX,1325214812074TTMX0,354.0,2026-01,2026-01-03,3
PCR,GT 1492 UHL,1325114812074TUHL0,498.0,2026-01,2026-01-03,3
PCR,GT 1503 NEO MSIL,1325215813079TUNE3,1018.0,2026-01,2026-01-03,3
PCR,GT 1513 XPC1 MSIL,1D25215013008SXC10,2097.0,2026-01,2026-01-03,3
PCR,GT 1543 XPC1,1D25215013008SXC1T,265.0,2026-01,2026-01-03,3
PCR,GT 1583 NEO TATA,1325215813079TUNE5,380.0,2026-01,2026-01-03,3
PCR,GT 1634 XPC TATA,1D25216814008QXPC0,422.0,2026-01,2026-01-03,3
PCR,GT 1765 ROYL,1325217515084HURL2,342.0,2026-01,2026-01-03,3
PCR,GT 1844 XPC TML,1D25218014010RXPCT,243.0,2026-01,2026-01-03,3
PCR,GT 1854 XPC TT,1D25118014010RXPC0,102.0,2026-01,2026-01-03,3
PCR,GT 1925 XPC1,1225219Z15008SXC11,338.0,2026-01,2026-01-03,3
PCR,GT 1995 ROYL KIA,1325219515091HURL2,682.0,2026-01,2026-01-03,3
PCR,GT 2158 ROYL HYU,1325221318095HURL0,865.0,2026-01,2026-01-03,3
PCR,GT 2258 RAN HPE,1325222318098HRHE0,164.0,2026-01,2026-01-03,3
PCR,GT 2267 ROYL HYU,1325221417096HURL0,1196.0,2026-01,2026-01-03,3
PCR,GT 2367 RAN XATW,1325223517104TRXT0,1.0,2026-01,2026-01-03,3
PCR,GT 2455 RAN A/T,1325221715100SRAT0,458.0,2026-01,2026-01-03,3
PCR,GT 2476 SUP MM,1325224716111SELS0,563.0,2026-01,2026-01-03,3
PCR,GT 2568 HT2,1325225518111HRHB0,808.0,2026-01,2026-01-03,3
PCR,GT 3125 RAN MT,1325231015109QRMT0,34.0,2026-01,2026-01-03,3
PCR,GT1814 XPC,1D25218Z14008QXPC0,234.0,2026-01,2026-01-03,3
PCR,GT2266 RAN HT,1325221516098HRHT0,239.0,2026-01,2026-01-03,3
PCR,GT 1402 XPC TATA,1D25214012008QXPCT,1132.0,2026-01,2026-01-04,4
PCR,GT 1422 MAX,1325214812074TTMX0,363.0,2026-01,2026-01-04,4
PCR,GT 1492 UHL,1325114812074TUHL0,460.0,2026-01,2026-01-04,4
PCR,GT 1503 NEO MSIL,1325215813079TUNE3,1184.0,2026-01,2026-01-04,4
PCR,GT 1513 XPC1 MSIL,1D25215013008SXC10,2180.0,2026-01,2026-01-04,4
PCR,GT 1543 XPC1,1D25215013008SXC1T,228.0,2026-01,2026-01-04,4
PCR,GT 1583 NEO TATA,1325215813079TUNE5,355.0,2026-01,2026-01-04,4
PCR,GT 1634 XPC TATA,1D25216814008QXPC0,446.0,2026-01,2026-01-04,4
PCR,GT 1765 ROYL,1325217515084HURL2,380.0,2026-01,2026-01-04,4
PCR,GT 1844 XPC TML,1D25218014010RXPCT,245.0,2026-01,2026-01-04,4
PCR,GT 1854 XPC TT,1D25118014010RXPC0,120.0,2026-01,2026-01-04,4
PCR,GT 1925 XPC1,1225219Z15008SXC11,234.0,2026-01,2026-01-04,4
PCR,GT 1995 ROYL KIA,1325219515091HURL2,759.0,2026-01,2026-01-04,4
PCR,GT 2158 ROYL HYU,1325221318095HURL0,839.0,2026-01,2026-01-04,4
PCR,GT 2258 RAN HPE,1325222318098HRHE0,158.0,2026-01,2026-01-04,4
PCR,GT 2267 ROYL HYU,1325221417096HURL0,1247.0,2026-01,2026-01-04,4
PCR,GT 2367 RAN XATW,1325223517104TRXT0,185.0,2026-01,2026-01-04,4
PCR,GT 2455 RAN A/T,1325221715100SRAT0,364.0,2026-01,2026-01-04,4
PCR,GT 2476 SUP MM,1325224716111SELS0,633.0,2026-01,2026-01-04,4
PCR,GT 2568 HT2,1325225518111HRHB0,812.0,2026-01,2026-01-04,4
PCR,GT 3125 RAN MT,1325231015109QRMT0,114.0,2026-01,2026-01-04,4
PCR,GT1814 XPC,1D25218Z14008QXPC0,242.0,2026-01,2026-01-04,4
PCR,GT2266 RAN HT,1325221516098HRHT0,146.0,2026-01,2026-01-04,4
PCR,GT 1402 XPC TATA,1D25214012008QXPCT,1100.0,2026-01,2026-01-05,5
PCR,GT 1422 MAX,1325214812074TTMX0,325.0,2026-01,2026-01-05,5
PCR,GT 1492 UHL,1325114812074TUHL0,432.0,2026-01,2026-01-05,5
PCR,GT 1503 NEO MSIL,1325215813079TUNE3,1217.0,2026-01,2026-01-05,5
PCR,GT 1513 XPC1 MSIL,1D25215013008SXC10,2140.0,2026-01,2026-01-05,5
PCR,GT 1543 XPC1,1D25215013008SXC1T,266.0,2026-01,2026-01-05,5
PCR,GT 1583 NEO TATA,1325215813079TUNE5,489.0,2026-01,2026-01-05,5
PCR,GT 1634 XPC TATA,1D25216814008QXPC0,446.0,2026-01,2026-01-05,5
PCR,GT 1765 ROYL,1325217515084HURL2,340.0,2026-01,2026-01-05,5
PCR,GT 1844 XPC TML,1D25218014010RXPCT,236.0,2026-01,2026-01-05,5
PCR,GT 1854 XPC TT,1D25118014010RXPC0,122.0,2026-01,2026-01-05,5
PCR,GT 1925 XPC1,1225219Z15008SXC11,40.0,2026-01,2026-01-05,5
PCR,GT 1995 ROYL KIA,1325219515091HURL2,768.0,2026-01,2026-01-05,5
PCR,GT 2158 ROYL HYU,1325221318095HURL0,959.0,2026-01,2026-01-05,5
PCR,GT 2258 RAN HPE,1325222318098HRHE0,160.0,2026-01,2026-01-05,5
PCR,GT 2267 ROYL HYU,1325221417096HURL0,1164.0,2026-01,2026-01-05,5
PCR,GT 2367 RAN XATW,1325223517104TRXT0,184.0,2026-01,2026-01-05,5
PCR,GT 2455 RAN A/T,1325221715100SRAT0,380.0,2026-01,2026-01-05,5
PCR,GT 2476 SUP MM,1325224716111SELS0,508.0,2026-01,2026-01-05,5
PCR,GT 2568 HT2,1325225518111HRHB0,822.0,2026-01,2026-01-05,5
PCR,GT 3115 RAN,1325210015109QRAT0,66.0,2026-01,2026-01-05,5
PCR,GT 3125 RAN MT,1325231015109QRMT0,77.0,2026-01,2026-01-05,5
PCR,GT1814 XPC,1D25218Z14008QXPC0,229.0,2026-01,2026-01-05,5
PCR,GT2266 RAN HT,1325221516098HRHT0,326.0,2026-01,2026-01-05,5
PCR,GT 1402 XPC TATA,1D25214012008QXPCT,1142.0,2026-01,2026-01-06,6
PCR,GT 1422 MAX,1325214812074TTMX0,360.0,2026-01,2026-01-06,6
PCR,GT 1492 UHL,1325114812074TUHL0,378.0,2026-01,2026-01-06,6
PCR,GT 1503 NEO MSIL,1325215813079TUNE3,1270.0,2026-01,2026-01-06,6
PCR,GT 1513 XPC1 MSIL,1D25215013008SXC10,2177.0,2026-01,2026-01-06,6
PCR,GT 1543 XPC1,1D25215013008SXC1T,246.0,2026-01,2026-01-06,6
PCR,GT 1583 NEO TATA,1325215813079TUNE5,537.0,2026-01,2026-01-06,6
PCR,GT 1634 XPC TATA,1D25216814008QXPC0,442.0,2026-01,2026-01-06,6
PCR,GT 1765 ROYL,1325217515084HURL2,376.0,2026-01,2026-01-06,6
PCR,GT 1844 XPC TML,1D25218014010RXPCT,228.0,2026-01,2026-01-06,6
PCR,GT 1854 XPC TT,1D25118014010RXPC0,122.0,2026-01,2026-01-06,6
PCR,GT 1916 ROYL,1325219416089HURL1,46.0,2026-01,2026-01-06,6
PCR,GT 1925 XPC1,1225219Z15008SXC11,182.0,2026-01,2026-01-06,6
PCR,GT 1995 ROYL KIA,1325219515091HURL2,771.0,2026-01,2026-01-06,6
PCR,GT 2158 ROYL HYU,1325221318095HURL0,776.0,2026-01,2026-01-06,6
PCR,GT 2258 RAN HPE,1325222318098HRHE0,166.0,2026-01,2026-01-06,6
PCR,GT 2267 ROYL HYU,1325221417096HURL0,1224.0,2026-01,2026-01-06,6
PCR,GT 2367 RAN XATW,1325223517104TRXT0,170.0,2026-01,2026-01-06,6
PCR,GT 2455 RAN A/T,1325221715100SRAT0,410.0,2026-01,2026-01-06,6
PCR,GT 2476 SUP MM,1325224716111SELS0,626.0,2026-01,2026-01-06,6
PCR,GT 2568 HT2,1325225518111HRHB0,824.0,2026-01,2026-01-06,6
PCR,GT 3115 RAN,1325210015109QRAT0,114.0,2026-01,2026-01-06,6
PCR,GT1814 XPC,1D25218Z14008QXPC0,234.0,2026-01,2026-01-06,6
PCR,GT2266 RAN HT,1325221516098HRHT0,224.0,2026-01,2026-01-06,6
PCR,GT 1402 XPC TATA,1D25214012008QXPCT,1114.0,2026-01,2026-01-07,7
PCR,GT 1422 MAX,1325214812074TTMX0,354.0,2026-01,2026-01-07,7
PCR,GT 1492 UHL,1325114812074TUHL0,483.0,2026-01,2026-01-07,7
PCR,GT 1503 NEO MSIL,1325215813079TUNE3,1231.0,2026-01,2026-01-07,7
PCR,GT 1513 XPC1 MSIL,1D25215013008SXC10,2151.0,2026-01,2026-01-07,7
PCR,GT 1543 XPC1,1D25215013008SXC1T,276.0,2026-01,2026-01-07,7
PCR,GT 1583 NEO TATA,1325215813079TUNE5,490.0,2026-01,2026-01-07,7
PCR,GT 1634 XPC TATA,1D25216814008QXPC0,434.0,2026-01,2026-01-07,7
PCR,GT 1765 ROYL,1325217515084HURL2,380.0,2026-01,2026-01-07,7
PCR,GT 1844 XPC TML,1D25218014010RXPCT,244.0,2026-01,2026-01-07,7
PCR,GT 1854 XPC TT,1D25118014010RXPC0,116.0,2026-01,2026-01-07,7
PCR,GT 1916 ROYL,1325219416089HURL1,160.0,2026-01,2026-01-07,7
PCR,GT 1925 XPC1,1225219Z15008SXC11,142.0,2026-01,2026-01-07,7
PCR,GT 1995 ROYL KIA,1325219515091HURL2,869.0,2026-01,2026-01-07,7
PCR,GT 2158 ROYL HYU,1325221318095HURL0,918.0,2026-01,2026-01-07,7
PCR,GT 2258 RAN HPE,1325222318098HRHE0,164.0,2026-01,2026-01-07,7
PCR,GT 2267 ROYL HYU,1325221417096HURL0,1160.0,2026-01,2026-01-07,7
PCR,GT 2367 RAN XATW,1325223517104TRXT0,288.0,2026-01,2026-01-07,7
PCR,GT 2455 RAN A/T,1325221715100SRAT0,410.0,2026-01,2026-01-07,7
PCR,GT 2476 SUP MM,1325224716111SELS0,586.0,2026-01,2026-01-07,7
PCR,GT 2568 HT2,1325225518111HRHB0,798.0,2026-01,2026-01-07,7
PCR,GT 3115 RAN,1325210015109QRAT0,92.0,2026-01,2026-01-07,7
PCR,GT1814 XPC,1D25218Z14008QXPC0,226.0,2026-01,2026-01-07,7
PCR,GT2266 RAN HT,1325221516098HRHT0,74.0,2026-01,2026-01-07,7
PCR,GT2776 RAN AT,1325223616105TRAT0,14.0,2026-01,2026-01-07,7
PCR,GT 1402 XPC TATA,1D25214012008QXPCT,1107.0,2026-01,2026-01-08,8
PCR,GT 1422 MAX,1325214812074TTMX0,370.0,2026-01,2026-01-08,8
PCR,GT 1492 UHL,1325114812074TUHL0,393.0,2026-01,2026-01-08,8
PCR,GT 1503 NEO MSIL,1325215813079TUNE3,1229.0,2026-01,2026-01-08,8
PCR,GT 1513 XPC1 MSIL,1D25215013008SXC10,2084.0,2026-01,2026-01-08,8
PCR,GT 1543 XPC1,1D25215013008SXC1T,238.0,2026-01,2026-01-08,8
PCR,GT 1583 NEO TATA,1325215813079TUNE5,508.0,2026-01,2026-01-08,8
PCR,GT 1634 XPC TATA,1D25216814008QXPC0,446.0,2026-01,2026-01-08,8
PCR,GT 1765 ROYL,1325217515084HURL2,393.0,2026-01,2026-01-08,8
PCR,GT 1844 XPC TML,1D25218014010RXPCT,241.0,2026-01,2026-01-08,8
PCR,GT 1854 XPC TT,1D25118014010RXPC0,122.0,2026-01,2026-01-08,8
PCR,GT 1916 ROYL,1325219416089HURL1,29.0,2026-01,2026-01-08,8
PCR,GT 1925 XPC1,1225219Z15008SXC11,190.0,2026-01,2026-01-08,8
PCR,GT 1995 ROYL KIA,1325219515091HURL2,868.0,2026-01,2026-01-08,8
PCR,GT 2158 ROYL HYU,1325221318095HURL0,943.0,2026-01,2026-01-08,8
PCR,GT 2258 RAN HPE,1325222318098HRHE0,142.0,2026-01,2026-01-08,8
PCR,GT 2267 ROYL HYU,1325221417096HURL0,1209.0,2026-01,2026-01-08,8
PCR,GT 2367 RAN XATW,1325223517104TRXT0,112.0,2026-01,2026-01-08,8
PCR,GT 2455 RAN A/T,1325221715100SRAT0,474.0,2026-01,2026-01-08,8
PCR,GT 2476 SUP MM,1325224716111SELS0,625.0,2026-01,2026-01-08,8
PCR,GT 2568 HT2,1325225518111HRHB0,805.0,2026-01,2026-01-08,8
PCR,GT1814 XPC,1D25218Z14008QXPC0,242.0,2026-01,2026-01-08,8
PCR,GT1915 LT XPC1,1225219Z15008SXC10,86.0,2026-01,2026-01-08,8
PCR,GT2776 RAN AT,1325223616105TRAT0,192.0,2026-01,2026-01-08,8
PCR,GT 1402 XPC TATA,1D25214012008QXPCT,1136.0,2026-01,2026-01-09,9
PCR,GT 1422 MAX,1325214812074TTMX0,278.0,2026-01,2026-01-09,9
PCR,GT 1492 UHL,1325114812074TUHL0,406.0,2026-01,2026-01-09,9
PCR,GT 1503 NEO MSIL,1325215813079TUNE3,1164.0,2026-01,2026-01-09,9
PCR,GT 1513 XPC1 MSIL,1D25215013008SXC10,2165.0,2026-01,2026-01-09,9
PCR,GT 1543 XPC1,1D25215013008SXC1T,277.0,2026-01,2026-01-09,9
PCR,GT 1583 NEO TATA,1325215813079TUNE5,344.0,2026-01,2026-01-09,9
PCR,GT 1634 XPC TATA,1D25216814008QXPC0,443.0,2026-01,2026-01-09,9
PCR,GT 1765 ROYL,1325217515084HURL2,372.0,2026-01,2026-01-09,9
PCR,GT 1844 XPC TML,1D25218014010RXPCT,243.0,2026-01,2026-01-09,9
PCR,GT 1854 XPC TT,1D25118014010RXPC0,112.0,2026-01,2026-01-09,9
PCR,GT 1925 XPC1,1225219Z15008SXC11,31.0,2026-01,2026-01-09,9
PCR,GT 1995 ROYL KIA,1325219515091HURL2,915.0,2026-01,2026-01-09,9
PCR,GT 2158 ROYL HYU,1325221318095HURL0,932.0,2026-01,2026-01-09,9
PCR,GT 2258 RAN HPE,1325222318098HRHE0,76.0,2026-01,2026-01-09,9
PCR,GT 2267 ROYL HYU,1325221417096HURL0,1168.0,2026-01,2026-01-09,9
PCR,GT 2367 RAN XATW,1325223517104TRXT0,128.0,2026-01,2026-01-09,9
PCR,GT 2375 RAN MT,1325223715104QRMT0,30.0,2026-01,2026-01-09,9
PCR,GT 2455 RAN A/T,1325221715100SRAT0,485.0,2026-01,2026-01-09,9
PCR,GT 2476 SUP MM,1325224716111SELS0,634.0,2026-01,2026-01-09,9
PCR,GT 2568 HT2,1325225518111HRHB0,771.0,2026-01,2026-01-09,9
PCR,GT1814 XPC,1D25218Z14008QXPC0,236.0,2026-01,2026-01-09,9
PCR,GT1915 LT XPC1,1225219Z15008SXC10,242.0,2026-01,2026-01-09,9
PCR,GT2776 RAN AT,1325223616105TRAT0,292.0,2026-01,2026-01-09,9
PCR,GT 1402 XPC TATA,1D25214012008QXPCT,1117.0,2026-01,2026-01-10,10
PCR,GT 1422 MAX,1325214812074TTMX0,318.0,2026-01,2026-01-10,10
PCR,GT 1492 UHL,1325114812074TUHL0,416.0,2026-01,2026-01-10,10
PCR,GT 1503 NEO MSIL,1325215813079TUNE3,1209.0,2026-01,2026-01-10,10
PCR,GT 1513 XPC1 MSIL,1D25215013008SXC10,2397.0,2026-01,2026-01-10,10
PCR,GT 1543 XPC1,1D25215013008SXC1T,158.0,2026-01,2026-01-10,10
PCR,GT 1583 NEO TATA,1325215813079TUNE5,408.0,2026-01,2026-01-10,10
PCR,GT 1634 XPC TATA,1D25216814008QXPC0,436.0,2026-01,2026-01-10,10
PCR,GT 1765 ROYL,1325217515084HURL2,302.0,2026-01,2026-01-10,10
PCR,GT 1844 XPC TML,1D25218014010RXPCT,221.0,2026-01,2026-01-10,10
PCR,GT 1854 XPC TT,1D25118014010RXPC0,120.0,2026-01,2026-01-10,10
PCR,GT 1995 ROYL KIA,1325219515091HURL2,955.0,2026-01,2026-01-10,10
PCR,GT 2158 ROYL HYU,1325221318095HURL0,846.0,2026-01,2026-01-10,10
PCR,GT 2258 RAN HPE,1325222318098HRHE0,108.0,2026-01,2026-01-10,10
PCR,GT 2267 ROYL HYU,1325221417096HURL0,1226.0,2026-01,2026-01-10,10
PCR,GT 2367 RAN XATW,1325223517104TRXT0,270.0,2026-01,2026-01-10,10
PCR,GT 2375 RAN MT,1325223715104QRMT0,106.0,2026-01,2026-01-10,10
PCR,GT 2455 RAN A/T,1325221715100SRAT0,482.0,2026-01,2026-01-10,10
PCR,GT 2476 SUP MM,1325224716111SELS0,644.0,2026-01,2026-01-10,10
PCR,GT 2568 HT2,1325225518111HRHB0,708.0,2026-01,2026-01-10,10
PCR,GT1814 XPC,1D25218Z14008QXPC0,242.0,2026-01,2026-01-10,10
PCR,GT1915 LT XPC1,1225219Z15008SXC10,256.0,2026-01,2026-01-10,10
PCR,GT2776 RAN AT,1325223616105TRAT0,292.0,2026-01,2026-01-10,10
PCR,GT 1402 XPC TATA,1D25214012008QXPCT,1090.0,2026-01,2026-01-11,11
PCR,GT 1422 MAX,1325214812074TTMX0,370.0,2026-01,2026-01-11,11
PCR,GT 1492 UHL,1325114812074TUHL0,498.0,2026-01,2026-01-11,11
PCR,GT 1503 NEO MSIL,1325215813079TUNE3,1084.0,2026-01,2026-01-11,11
PCR,GT 1513 XPC1 MSIL,1D25215013008SXC10,2565.0,2026-01,2026-01-11,11
PCR,GT 1583 NEO TATA,1325215813079TUNE5,484.0,2026-01,2026-01-11,11
PCR,GT 1634 XPC TATA,1D25216814008QXPC0,432.0,2026-01,2026-01-11,11
PCR,GT 1765 ROYL,1325217515084HURL2,270.0,2026-01,2026-01-11,11
PCR,GT 1844 XPC TML,1D25218014010RXPCT,238.0,2026-01,2026-01-11,11
PCR,GT 1854 XPC TT,1D25118014010RXPC0,120.0,2026-01,2026-01-11,11
PCR,GT 1995 ROYL KIA,1325219515091HURL2,847.0,2026-01,2026-01-11,11
PCR,GT 2158 ROYL HYU,1325221318095HURL0,1041.0,2026-01,2026-01-11,11
PCR,GT 2258 RAN HPE,1325222318098HRHE0,115.0,2026-01,2026-01-11,11
PCR,GT 2267 ROYL HYU,1325221417096HURL0,1254.0,2026-01,2026-01-11,11
PCR,GT 2367 RAN XATW,1325223517104TRXT0,296.0,2026-01,2026-01-11,11
PCR,GT 2375 RAN MT,1325223715104QRMT0,54.0,2026-01,2026-01-11,11
PCR,GT 2455 RAN A/T,1325221715100SRAT0,459.0,2026-01,2026-01-11,11
PCR,GT 2476 SUP MM,1325224716111SELS0,630.0,2026-01,2026-01-11,11
PCR,GT 2568 HT2,1325225518111HRHB0,654.0,2026-01,2026-01-11,11
PCR,GT1814 XPC,1D25218Z14008QXPC0,137.0,2026-01,2026-01-11,11
PCR,GT1915 LT XPC1,1225219Z15008SXC10,258.0,2026-01,2026-01-11,11
PCR,GT2776 RAN AT,1325223616105TRAT0,278.0,2026-01,2026-01-11,11
PCR,GT 1402 XPC TATA,1D25214012008QXPCT,1052.0,2026-01,2026-01-12,12
PCR,GT 1422 MAX,1325214812074TTMX0,270.0,2026-01,2026-01-12,12
PCR,GT 1492 UHL,1325114812074TUHL0,528.0,2026-01,2026-01-12,12
PCR,GT 1503 NEO MSIL,1325215813079TUNE3,1184.0,2026-01,2026-01-12,12
PCR,GT 1513 XPC1 MSIL,1D25215013008SXC10,2184.0,2026-01,2026-01-12,12
PCR,GT 1543 XPC1,1D25215013008SXC1T,124.0,2026-01,2026-01-12,12
PCR,GT 1583 NEO TATA,1325215813079TUNE5,362.0,2026-01,2026-01-12,12
PCR,GT 1634 XPC TATA,1D25216814008QXPC0,440.0,2026-01,2026-01-12,12
PCR,GT 1765 ROYL,1325217515084HURL2,359.0,2026-01,2026-01-12,12
PCR,GT 1844 XPC TML,1D25218014010RXPCT,395.0,2026-01,2026-01-12,12
PCR,GT 1854 XPC TT,1D25118014010RXPC0,118.0,2026-01,2026-01-12,12
PCR,GT 1995 ROYL KIA,1325219515091HURL2,962.0,2026-01,2026-01-12,12
PCR,GT 2158 ROYL HYU,1325221318095HURL0,842.0,2026-01,2026-01-12,12
PCR,GT 2258 RAN HPE,1325222318098HRHE0,94.0,2026-01,2026-01-12,12
PCR,GT 2267 ROYL HYU,1325221417096HURL0,1237.0,2026-01,2026-01-12,12
PCR,GT 2367 RAN XATW,1325223517104TRXT0,256.0,2026-01,2026-01-12,12
PCR,GT 2455 RAN A/T,1325221715100SRAT0,482.0,2026-01,2026-01-12,12
PCR,GT 2476 SUP MM,1325224716111SELS0,636.0,2026-01,2026-01-12,12
PCR,GT 2568 HT2,1325225518111HRHB0,586.0,2026-01,2026-01-12,12
PCR,GT1915 LT XPC1,1225219Z15008SXC10,386.0,2026-01,2026-01-12,12
PCR,GT2776 RAN AT,1325223616105TRAT0,274.0,2026-01,2026-01-12,12
PCR,GT 1402 XPC TATA,1D25214012008QXPCT,1118.0,2026-01,2026-01-13,13
PCR,GT 1412 XPC MM,1D25114012008QXPC0,1.0,2026-01,2026-01-13,13
PCR,GT 1422 MAX,1325214812074TTMX0,280.0,2026-01,2026-01-13,13
PCR,GT 1482 UHL,1325214812074TUHL0,80.0,2026-01,2026-01-13,13
PCR,GT 1492 UHL,1325114812074TUHL0,185.0,2026-01,2026-01-13,13
PCR,GT 1503 NEO MSIL,1325215813079TUNE3,1169.0,2026-01,2026-01-13,13
PCR,GT 1513 XPC1 MSIL,1D25215013008SXC10,2281.0,2026-01,2026-01-13,13
PCR,GT 1543 XPC1,1D25215013008SXC1T,144.0,2026-01,2026-01-13,13
PCR,GT 1583 NEO TATA,1325215813079TUNE5,406.0,2026-01,2026-01-13,13
PCR,GT 1634 XPC TATA,1D25216814008QXPC0,412.0,2026-01,2026-01-13,13
PCR,GT 1765 ROYL,1325217515084HURL2,262.0,2026-01,2026-01-13,13
PCR,GT 1844 XPC TML,1D25218014010RXPCT,482.0,2026-01,2026-01-13,13
PCR,GT 1854 XPC TT,1D25118014010RXPC0,120.0,2026-01,2026-01-13,13
PCR,GT 1995 ROYL KIA,1325219515091HURL2,962.0,2026-01,2026-01-13,13
PCR,GT 2158 ROYL HYU,1325221318095HURL0,944.0,2026-01,2026-01-13,13
PCR,GT 2258 RAN HPE,1325222318098HRHE0,162.0,2026-01,2026-01-13,13
PCR,GT 2267 ROYL HYU,1325221417096HURL0,1177.0,2026-01,2026-01-13,13
PCR,GT 2367 RAN XATW,1325223517104TRXT0,302.0,2026-01,2026-01-13,13
PCR,GT 2455 RAN A/T,1325221715100SRAT0,448.0,2026-01,2026-01-13,13
PCR,GT 2476 SUP MM,1325224716111SELS0,578.0,2026-01,2026-01-13,13
PCR,GT 2568 HT2,1325225518111HRHB0,627.0,2026-01,2026-01-13,13
PCR,GT1915 LT XPC1,1225219Z15008SXC10,258.0,2026-01,2026-01-13,13
PCR,GT2776 RAN AT,1325223616105TRAT0,286.0,2026-01,2026-01-13,13
PCR,GT 1402 XPC TATA,1D25214012008QXPCT,1125.0,2026-01,2026-01-14,14
PCR,GT 1422 MAX,1325214812074TTMX0,316.0,2026-01,2026-01-14,14
PCR,GT 1482 UHL,1325214812074TUHL0,506.0,2026-01,2026-01-14,14
PCR,GT 1503 NEO MSIL,1325215813079TUNE3,1120.0,2026-01,2026-01-14,14
PCR,GT 1513 XPC1 MSIL,1D25215013008SXC10,2188.0,2026-01,2026-01-14,14
PCR,GT 1583 NEO TATA,1325215813079TUNE5,389.0,2026-01,2026-01-14,14
PCR,GT 1634 XPC TATA,1D25216814008QXPC0,432.0,2026-01,2026-01-14,14
PCR,GT 1765 ROYL,1325217515084HURL2,416.0,2026-01,2026-01-14,14
PCR,GT 1844 XPC TML,1D25218014010RXPCT,491.0,2026-01,2026-01-14,14
PCR,GT 1854 XPC TT,1D25118014010RXPC0,114.0,2026-01,2026-01-14,14
PCR,GT 1894 MAX,1325218614088TTMX0,52.0,2026-01,2026-01-14,14
PCR,GT 1995 ROYL KIA,1325219515091HURL2,701.0,2026-01,2026-01-14,14
PCR,GT 2158 ROYL HYU,1325221318095HURL0,957.0,2026-01,2026-01-14,14
PCR,GT 2258 RAN HPE,1325222318098HRHE0,148.0,2026-01,2026-01-14,14
PCR,GT 2267 ROYL HYU,1325221417096HURL0,1132.0,2026-01,2026-01-14,14
PCR,GT 2367 RAN XATW,1325223517104TRXT0,272.0,2026-01,2026-01-14,14
PCR,GT 2455 RAN A/T,1325221715100SRAT0,440.0,2026-01,2026-01-14,14
PCR,GT 2476 SUP MM,1325224716111SELS0,628.0,2026-01,2026-01-14,14
PCR,GT 2557 HPE KIA,1325221317094VRHE3,48.0,2026-01,2026-01-14,14
PCR,GT 2568 HT2,1325225518111HRHB0,729.0,2026-01,2026-01-14,14
PCR,GT1915 LT XPC1,1225219Z15008SXC10,167.0,2026-01,2026-01-14,14
PCR,GT2776 RAN AT,1325223616105TRAT0,278.0,2026-01,2026-01-14,14
PCR,GT 1402 XPC TATA,1D25214012008QXPCT,276.0,2026-01,2026-01-15,15
PCR,GT 1422 MAX,1325214812074TTMX0,92.0,2026-01,2026-01-15,15
PCR,GT 1482 UHL,1325214812074TUHL0,100.0,2026-01,2026-01-15,15
PCR,GT 1503 NEO MSIL,1325215813079TUNE3,278.0,2026-01,2026-01-15,15
PCR,GT 1513 XPC1 MSIL,1D25215013008SXC10,358.0,2026-01,2026-01-15,15
PCR,GT 1543 XPC1,1D25215013008SXC1T,64.0,2026-01,2026-01-15,15
PCR,GT 1583 NEO TATA,1325215813079TUNE5,144.0,2026-01,2026-01-15,15
PCR,GT 1634 XPC TATA,1D25216814008QXPC0,118.0,2026-01,2026-01-15,15
PCR,GT 1765 ROYL,1325217515084HURL2,162.0,2026-01,2026-01-15,15
PCR,GT 1844 XPC TML,1D25218014010RXPCT,126.0,2026-01,2026-01-15,15
PCR,GT 1854 XPC TT,1D25118014010RXPC0,30.0,2026-01,2026-01-15,15
PCR,GT 1894 MAX,1325218614088TTMX0,74.0,2026-01,2026-01-15,15
PCR,GT 1995 ROYL KIA,1325219515091HURL2,63.0,2026-01,2026-01-15,15
PCR,GT 2158 ROYL HYU,1325221318095HURL0,245.0,2026-01,2026-01-15,15
PCR,GT 2258 RAN HPE,1325222318098HRHE0,48.0,2026-01,2026-01-15,15
PCR,GT 2267 ROYL HYU,1325221417096HURL0,270.0,2026-01,2026-01-15,15
PCR,GT 2367 RAN XATW,1325223517104TRXT0,70.0,2026-01,2026-01-15,15
PCR,GT 2476 SUP MM,1325224716111SELS0,172.0,2026-01,2026-01-15,15
PCR,GT 2557 HPE KIA,1325221317094VRHE3,42.0,2026-01,2026-01-15,15
PCR,GT 2568 HT2,1325225518111HRHB0,211.0,2026-01,2026-01-15,15
PCR,GT1915 LT XPC1,1225219Z15008SXC10,47.0,2026-01,2026-01-15,15
PCR,GT2776 RAN AT,1325223616105TRAT0,78.0,2026-01,2026-01-15,15
PCR,GT 1402 XPC TATA,1D25214012008QXPCT,80.0,2026-01,2026-01-17,17
PCR,GT 1422 MAX,1325214812074TTMX0,110.0,2026-01,2026-01-17,17
PCR,GT 1482 UHL,1325214812074TUHL0,220.0,2026-01,2026-01-17,17
PCR,GT 1503 NEO MSIL,1325215813079TUNE3,467.0,2026-01,2026-01-17,17
PCR,GT 1513 XPC1 MSIL,1D25215013008SXC10,833.0,2026-01,2026-01-17,17
PCR,GT 1543 XPC1,1D25215013008SXC1T,99.0,2026-01,2026-01-17,17
PCR,GT 1583 NEO TATA,1325215813079TUNE5,206.0,2026-01,2026-01-17,17
PCR,GT 1634 XPC TATA,1D25216814008QXPC0,215.0,2026-01,2026-01-17,17
PCR,GT 1765 ROYL,1325217515084HURL2,240.0,2026-01,2026-01-17,17
PCR,GT 1844 XPC TML,1D25218014010RXPCT,110.0,2026-01,2026-01-17,17
PCR,GT 1854 XPC TT,1D25118014010RXPC0,46.0,2026-01,2026-01-17,17
PCR,GT 1894 MAX,1325218614088TTMX0,160.0,2026-01,2026-01-17,17
PCR,GT 1995 ROYL KIA,1325219515091HURL2,124.0,2026-01,2026-01-17,17
PCR,GT 2158 ROYL HYU,1325221318095HURL0,322.0,2026-01,2026-01-17,17
PCR,GT 2258 RAN HPE,1325222318098HRHE0,190.0,2026-01,2026-01-17,17
PCR,GT 2267 ROYL HYU,1325221417096HURL0,222.0,2026-01,2026-01-17,17
PCR,GT 2367 RAN XATW,1325223517104TRXT0,110.0,2026-01,2026-01-17,17
PCR,GT 2455 RAN A/T,1325221715100SRAT0,12.0,2026-01,2026-01-17,17
PCR,GT 2476 SUP MM,1325224716111SELS0,310.0,2026-01,2026-01-17,17
PCR,GT 2557 HPE KIA,1325221317094VRHE3,50.0,2026-01,2026-01-17,17
PCR,GT 2568 HT2,1325225518111HRHB0,400.0,2026-01,2026-01-17,17
PCR,GT1915 LT XPC1,1225219Z15008SXC10,212.0,2026-01,2026-01-17,17
PCR,GT2776 RAN AT,1325223616105TRAT0,152.0,2026-01,2026-01-17,17
PCR,GT 1402 XPC TATA,1D25214012008QXPCT,794.0,2026-01,2026-01-18,18
PCR,GT 1422 MAX,1325214812074TTMX0,354.0,2026-01,2026-01-18,18
PCR,GT 1482 UHL,1325214812074TUHL0,158.0,2026-01,2026-01-18,18
PCR,GT 1503 NEO MSIL,1325215813079TUNE3,663.0,2026-01,2026-01-18,18
PCR,GT 1513 XPC1 MSIL,1D25215013008SXC10,2072.0,2026-01,2026-01-18,18
PCR,GT 1543 XPC1,1D25215013008SXC1T,80.0,2026-01,2026-01-18,18
PCR,GT 1583 NEO TATA,1325215813079TUNE5,24.0,2026-01,2026-01-18,18
PCR,GT 1634 XPC TATA,1D25216814008QXPC0,42.0,2026-01,2026-01-18,18
PCR,GT 1765 ROYL,1325217515084HURL2,134.0,2026-01,2026-01-18,18
PCR,GT 1844 XPC TML,1D25218014010RXPCT,82.0,2026-01,2026-01-18,18
PCR,GT 1854 XPC TT,1D25118014010RXPC0,38.0,2026-01,2026-01-18,18
PCR,GT 1894 MAX,1325218614088TTMX0,366.0,2026-01,2026-01-18,18
PCR,GT 1905 XPC1,1225119Z15008SXC10,2.0,2026-01,2026-01-18,18
PCR,GT 1995 ROYL KIA,1325219515091HURL2,493.0,2026-01,2026-01-18,18
PCR,GT 2158 ROYL HYU,1325221318095HURL0,808.0,2026-01,2026-01-18,18
PCR,GT 2258 RAN HPE,1325222318098HRHE0,14.0,2026-01,2026-01-18,18
PCR,GT 2267 ROYL HYU,1325221417096HURL0,1112.0,2026-01,2026-01-18,18
PCR,GT 2367 RAN XATW,1325223517104TRXT0,194.0,2026-01,2026-01-18,18
PCR,GT 2476 SUP MM,1325224716111SELS0,562.0,2026-01,2026-01-18,18
PCR,GT 2568 HT2,1325225518111HRHB0,491.0,2026-01,2026-01-18,18
PCR,GT1915 LT XPC1,1225219Z15008SXC10,374.0,2026-01,2026-01-18,18
PCR,GT2776 RAN AT,1325223616105TRAT0,78.0,2026-01,2026-01-18,18
PCR,GT 1402 XPC TATA,1D25214012008QXPCT,789.0,2026-01,2026-01-19,19
PCR,GT 1422 MAX,1325214812074TTMX0,254.0,2026-01,2026-01-19,19
PCR,GT 1482 UHL,1325214812074TUHL0,330.0,2026-01,2026-01-19,19
PCR,GT 1503 NEO MSIL,1325215813079TUNE3,965.0,2026-01,2026-01-19,19
PCR,GT 1513 XPC1 MSIL,1D25215013008SXC10,2246.0,2026-01,2026-01-19,19
PCR,GT 1543 XPC1,1D25215013008SXC1T,293.0,2026-01,2026-01-19,19
PCR,GT 1583 NEO TATA,1325215813079TUNE5,487.0,2026-01,2026-01-19,19
PCR,GT 1634 XPC TATA,1D25216814008QXPC0,259.0,2026-01,2026-01-19,19
PCR,GT 1765 ROYL,1325217515084HURL2,660.0,2026-01,2026-01-19,19
PCR,GT 1844 XPC TML,1D25218014010RXPCT,331.0,2026-01,2026-01-19,19
PCR,GT 1854 XPC TT,1D25118014010RXPC0,108.0,2026-01,2026-01-19,19
PCR,GT 1894 MAX,1325218614088TTMX0,270.0,2026-01,2026-01-19,19
PCR,GT 1905 XPC1,1225119Z15008SXC10,80.0,2026-01,2026-01-19,19
PCR,GT 1995 ROYL KIA,1325219515091HURL2,391.0,2026-01,2026-01-19,19
PCR,GT 2158 ROYL HYU,1325221318095HURL0,656.0,2026-01,2026-01-19,19
PCR,GT 2258 RAN HPE,1325222318098HRHE0,152.0,2026-01,2026-01-19,19
PCR,GT 2267 ROYL HYU,1325221417096HURL0,952.0,2026-01,2026-01-19,19
PCR,GT 2367 RAN XATW,1325223517104TRXT0,50.0,2026-01,2026-01-19,19
PCR,GT 2368 RAN HT,1325223418103HRHP0,86.0,2026-01,2026-01-19,19
PCR,GT 2455 RAN A/T,1325221715100SRAT0,236.0,2026-01,2026-01-19,19
PCR,GT 2476 SUP MM,1325224716111SELS0,506.0,2026-01,2026-01-19,19
PCR,GT 2568 HT2,1325225518111HRHB0,370.0,2026-01,2026-01-19,19
PCR,GT1915 LT XPC1,1225219Z15008SXC10,382.0,2026-01,2026-01-19,19
PCR,GT2776 RAN AT,1325223616105TRAT0,294.0,2026-01,2026-01-19,19
PCR,GT 1402 XPC TATA,1D25214012008QXPCT,852.0,2026-01,2026-01-20,20
PCR,GT 1422 MAX,1325214812074TTMX0,330.0,2026-01,2026-01-20,20
PCR,GT 1482 UHL,1325214812074TUHL0,352.0,2026-01,2026-01-20,20
PCR,GT 1503 NEO MSIL,1325215813079TUNE3,944.0,2026-01,2026-01-20,20
PCR,GT 1513 XPC1 MSIL,1D25215013008SXC10,2353.0,2026-01,2026-01-20,20
PCR,GT 1543 XPC1,1D25215013008SXC1T,250.0,2026-01,2026-01-20,20
PCR,GT 1583 NEO TATA,1325215813079TUNE5,487.0,2026-01,2026-01-20,20
PCR,GT 1634 XPC TATA,1D25216814008QXPC0,235.0,2026-01,2026-01-20,20
PCR,GT 1765 ROYL,1325217515084HURL2,640.0,2026-01,2026-01-20,20
PCR,GT 1844 XPC TML,1D25218014010RXPCT,350.0,2026-01,2026-01-20,20
PCR,GT 1854 XPC TT,1D25118014010RXPC0,5.0,2026-01,2026-01-20,20
PCR,GT 1894 MAX,1325218614088TTMX0,374.0,2026-01,2026-01-20,20
PCR,GT 1905 XPC1,1225119Z15008SXC10,116.0,2026-01,2026-01-20,20
PCR,GT 1995 ROYL KIA,1325219515091HURL2,569.0,2026-01,2026-01-20,20
PCR,GT 2158 ROYL HYU,1325221318095HURL0,870.0,2026-01,2026-01-20,20
PCR,GT 2258 RAN HPE,1325222318098HRHE0,276.0,2026-01,2026-01-20,20
PCR,GT 2267 ROYL HYU,1325221417096HURL0,1188.0,2026-01,2026-01-20,20
PCR,GT 2367 RAN XATW,1325223517104TRXT0,295.0,2026-01,2026-01-20,20
PCR,GT 2368 RAN HT,1325223418103HRHP0,170.0,2026-01,2026-01-20,20
PCR,GT 2455 RAN A/T,1325221715100SRAT0,238.0,2026-01,2026-01-20,20
PCR,GT 2476 SUP MM,1325224716111SELS0,632.0,2026-01,2026-01-20,20
PCR,GT 2568 HT2,1325225518111HRHB0,646.0,2026-01,2026-01-20,20
PCR,GT1915 LT XPC1,1225219Z15008SXC10,244.0,2026-01,2026-01-20,20
PCR,GT2776 RAN AT,1325223616105TRAT0,283.0,2026-01,2026-01-20,20
PCR,GT 1402 XPC TATA,1D25214012008QXPCT,839.0,2026-01,2026-01-21,21
PCR,GT 1412 XPC MM,1D25114012008QXPC0,1.0,2026-01,2026-01-21,21
PCR,GT 1422 MAX,1325214812074TTMX0,149.0,2026-01,2026-01-21,21
PCR,GT 1482 UHL,1325214812074TUHL0,356.0,2026-01,2026-01-21,21
PCR,GT 1503 NEO MSIL,1325215813079TUNE3,613.0,2026-01,2026-01-21,21
PCR,GT 1513 XPC1 MSIL,1D25215013008SXC10,2298.0,2026-01,2026-01-21,21
PCR,GT 1543 XPC1,1D25215013008SXC1T,260.0,2026-01,2026-01-21,21
PCR,GT 1583 NEO TATA,1325215813079TUNE5,460.0,2026-01,2026-01-21,21
PCR,GT 1634 XPC TATA,1D25216814008QXPC0,292.0,2026-01,2026-01-21,21
PCR,GT 1765 ROYL,1325217515084HURL2,696.0,2026-01,2026-01-21,21
PCR,GT 1844 XPC TML,1D25218014010RXPCT,454.0,2026-01,2026-01-21,21
PCR,GT 1894 MAX,1325218614088TTMX0,324.0,2026-01,2026-01-21,21
PCR,GT 1905 XPC1,1225119Z15008SXC10,114.0,2026-01,2026-01-21,21
PCR,GT 1966 RAN HPE,1325219416089VRHE0,118.0,2026-01,2026-01-21,21
PCR,GT 1995 ROYL KIA,1325219515091HURL2,564.0,2026-01,2026-01-21,21
PCR,GT 2158 ROYL HYU,1325221318095HURL0,787.0,2026-01,2026-01-21,21
PCR,GT 2258 RAN HPE,1325222318098HRHE0,144.0,2026-01,2026-01-21,21
PCR,GT 2267 ROYL HYU,1325221417096HURL0,588.0,2026-01,2026-01-21,21
PCR,GT 2367 RAN XATW,1325223517104TRXT0,127.0,2026-01,2026-01-21,21
PCR,GT 2368 RAN HT,1325223418103HRHP0,158.0,2026-01,2026-01-21,21
PCR,GT 2455 RAN A/T,1325221715100SRAT0,318.0,2026-01,2026-01-21,21
PCR,GT 2476 SUP MM,1325224716111SELS0,310.0,2026-01,2026-01-21,21
PCR,GT 2568 HT2,1325225518111HRHB0,544.0,2026-01,2026-01-21,21
PCR,GT1564 NEO,1325215514075TUNE0,236.0,2026-01,2026-01-21,21
PCR,GT1915 LT XPC1,1225219Z15008SXC10,324.0,2026-01,2026-01-21,21
PCR,GT2776 RAN AT,1325223616105TRAT0,186.0,2026-01,2026-01-21,21
PCR,GT 1402 XPC TATA,1D25214012008QXPCT,961.0,2026-01,2026-01-22,22
PCR,GT 1412 XPC MM,1D25114012008QXPC0,40.0,2026-01,2026-01-22,22
PCR,GT 1422 MAX,1325214812074TTMX0,6.0,2026-01,2026-01-22,22
PCR,GT 1482 UHL,1325214812074TUHL0,364.0,2026-01,2026-01-22,22
PCR,GT 1503 NEO MSIL,1325215813079TUNE3,598.0,2026-01,2026-01-22,22
PCR,GT 1513 XPC1 MSIL,1D25215013008SXC10,2458.0,2026-01,2026-01-22,22
PCR,GT 1543 XPC1,1D25215013008SXC1T,297.0,2026-01,2026-01-22,22
PCR,GT 1583 NEO TATA,1325215813079TUNE5,525.0,2026-01,2026-01-22,22
PCR,GT 1634 XPC TATA,1D25216814008QXPC0,298.0,2026-01,2026-01-22,22
PCR,GT 1765 ROYL,1325217515084HURL2,709.0,2026-01,2026-01-22,22
PCR,GT 1844 XPC TML,1D25218014010RXPCT,445.0,2026-01,2026-01-22,22
PCR,GT 1856 ROYL,1325218316083HURL0,138.0,2026-01,2026-01-22,22
PCR,GT 1894 MAX,1325218614088TTMX0,362.0,2026-01,2026-01-22,22
PCR,GT 1905 XPC1,1225119Z15008SXC10,118.0,2026-01,2026-01-22,22
PCR,GT 1966 RAN HPE,1325219416089VRHE0,408.0,2026-01,2026-01-22,22
PCR,GT 1995 ROYL KIA,1325219515091HURL2,572.0,2026-01,2026-01-22,22
PCR,GT 2076 RAN HT,1325220416092HRHT0,176.0,2026-01,2026-01-22,22
PCR,GT 2158 ROYL HYU,1325221318095HURL0,638.0,2026-01,2026-01-22,22
PCR,GT 2258 RAN HPE,1325222318098HRHE0,238.0,2026-01,2026-01-22,22
PCR,GT 2267 ROYL HYU,1325221417096HURL0,1147.0,2026-01,2026-01-22,22
PCR,GT 2367 RAN XATW,1325223517104TRXT0,250.0,2026-01,2026-01-22,22
PCR,GT 2368 RAN HT,1325223418103HRHP0,166.0,2026-01,2026-01-22,22
PCR,GT 2455 RAN A/T,1325221715100SRAT0,306.0,2026-01,2026-01-22,22
PCR,GT 2476 SUP MM,1325224716111SELS0,6.0,2026-01,2026-01-22,22
PCR,GT 2568 HT2,1325225518111HRHB0,638.0,2026-01,2026-01-22,22
PCR,GT1564 NEO,1325215514075TUNE0,375.0,2026-01,2026-01-22,22
PCR,GT1915 LT XPC1,1225219Z15008SXC10,289.0,2026-01,2026-01-22,22
PCR,GT2776 RAN AT,1325223616105TRAT0,1.0,2026-01,2026-01-22,22
PCR,GT 1402 XPC TATA,1D25214012008QXPCT,992.0,2026-01,2026-01-23,23
PCR,GT 1412 XPC MM,1D25114012008QXPC0,124.0,2026-01,2026-01-23,23
PCR,GT 1482 UHL,1325214812074TUHL0,352.0,2026-01,2026-01-23,23
PCR,GT 1503 NEO MSIL,1325215813079TUNE3,606.0,2026-01,2026-01-23,23
PCR,GT 1513 XPC1 MSIL,1D25215013008SXC10,2364.0,2026-01,2026-01-23,23
PCR,GT 1543 XPC1,1D25215013008SXC1T,298.0,2026-01,2026-01-23,23
PCR,GT 1583 NEO TATA,1325215813079TUNE5,492.0,2026-01,2026-01-23,23
PCR,GT 1634 XPC TATA,1D25216814008QXPC0,278.0,2026-01,2026-01-23,23
PCR,GT 1765 ROYL,1325217515084HURL2,742.0,2026-01,2026-01-23,23
PCR,GT 1844 XPC TML,1D25218014010RXPCT,484.0,2026-01,2026-01-23,23
PCR,GT 1856 ROYL,1325218316083HURL0,114.0,2026-01,2026-01-23,23
PCR,GT 1894 MAX,1325218614088TTMX0,374.0,2026-01,2026-01-23,23
PCR,GT 1905 XPC1,1225119Z15008SXC10,116.0,2026-01,2026-01-23,23
PCR,GT 1925 XPC1,1225219Z15008SXC11,264.0,2026-01,2026-01-23,23
PCR,GT 1966 RAN HPE,1325219416089VRHE0,530.0,2026-01,2026-01-23,23
PCR,GT 1995 ROYL KIA,1325219515091HURL2,464.0,2026-01,2026-01-23,23
PCR,GT 2076 RAN HT,1325220416092HRHT0,354.0,2026-01,2026-01-23,23
PCR,GT 2116 ROYL HYU,1325220516095HURL4,18.0,2026-01,2026-01-23,23
PCR,GT 2158 ROYL HYU,1325221318095HURL0,799.0,2026-01,2026-01-23,23
PCR,GT 2258 RAN HPE,1325222318098HRHE0,155.0,2026-01,2026-01-23,23
PCR,GT 2267 ROYL HYU,1325221417096HURL0,1244.0,2026-01,2026-01-23,23
PCR,GT 2367 RAN XATW,1325223517104TRXT0,24.0,2026-01,2026-01-23,23
PCR,GT 2368 RAN HT,1325223418103HRHP0,68.0,2026-01,2026-01-23,23
PCR,GT 2455 RAN A/T,1325221715100SRAT0,127.0,2026-01,2026-01-23,23
PCR,GT 2568 HT2,1325225518111HRHB0,629.0,2026-01,2026-01-23,23
PCR,GT1564 NEO,1325215514075TUNE0,381.0,2026-01,2026-01-23,23
PCR,GT1915 LT XPC1,1225219Z15008SXC10,322.0,2026-01,2026-01-23,23
PCR,GT  T1457 STAR,1325214617107MSXT0,10.0,2026-01,2026-01-24,24
PCR,GT 1402 XPC TATA,1D25214012008QXPCT,834.0,2026-01,2026-01-24,24
PCR,GT 1412 XPC MM,1D25114012008QXPC0,166.0,2026-01,2026-01-24,24
PCR,GT 1482 UHL,1325214812074TUHL0,336.0,2026-01,2026-01-24,24
PCR,GT 1503 NEO MSIL,1325215813079TUNE3,618.0,2026-01,2026-01-24,24
PCR,GT 1513 XPC1 MSIL,1D25215013008SXC10,2397.0,2026-01,2026-01-24,24
PCR,GT 1543 XPC1,1D25215013008SXC1T,277.0,2026-01,2026-01-24,24
PCR,GT 1583 NEO TATA,1325215813079TUNE5,538.0,2026-01,2026-01-24,24
PCR,GT 1634 XPC TATA,1D25216814008QXPC0,289.0,2026-01,2026-01-24,24
PCR,GT 1672 SPT,1325216612077TUSP0,42.0,2026-01,2026-01-24,24
PCR,GT 1765 ROYL,1325217515084HURL2,747.0,2026-01,2026-01-24,24
PCR,GT 1844 XPC TML,1D25218014010RXPCT,449.0,2026-01,2026-01-24,24
PCR,GT 1856 ROYL,1325218316083HURL0,126.0,2026-01,2026-01-24,24
PCR,GT 1894 MAX,1325218614088TTMX0,206.0,2026-01,2026-01-24,24
PCR,GT 1905 XPC1,1225119Z15008SXC10,29.0,2026-01,2026-01-24,24
PCR,GT 1925 XPC1,1225219Z15008SXC11,472.0,2026-01,2026-01-24,24
PCR,GT 1966 RAN HPE,1325219416089VRHE0,426.0,2026-01,2026-01-24,24
PCR,GT 1995 ROYL KIA,1325219515091HURL2,379.0,2026-01,2026-01-24,24
PCR,GT 2076 RAN HT,1325220416092HRHT0,318.0,2026-01,2026-01-24,24
PCR,GT 2116 ROYL HYU,1325220516095HURL4,56.0,2026-01,2026-01-24,24
PCR,GT 2158 ROYL HYU,1325221318095HURL0,644.0,2026-01,2026-01-24,24
PCR,GT 2258 RAN HPE,1325222318098HRHE0,160.0,2026-01,2026-01-24,24
PCR,GT 2267 ROYL HYU,1325221417096HURL0,1180.0,2026-01,2026-01-24,24
PCR,GT 2367 RAN XATW,1325223517104TRXT0,91.0,2026-01,2026-01-24,24
PCR,GT 2368 EZO TOU,1325223418103VETR0,108.0,2026-01,2026-01-24,24
PCR,GT 2368 RAN HT,1325223418103HRHP0,170.0,2026-01,2026-01-24,24
PCR,GT 2568 HT2,1325225518111HRHB0,518.0,2026-01,2026-01-24,24
PCR,GT1564 NEO,1325215514075TUNE0,386.0,2026-01,2026-01-24,24
PCR,GT1915 LT XPC1,1225219Z15008SXC10,329.0,2026-01,2026-01-24,24
PCR,GT  T1457 STAR,1325214617107MSXT0,338.0,2026-01,2026-01-25,25
PCR,GT 1402 XPC TATA,1D25214012008QXPCT,714.0,2026-01,2026-01-25,25
PCR,GT 1412 XPC MM,1D25114012008QXPC0,178.0,2026-01,2026-01-25,25
PCR,GT 1482 UHL,1325214812074TUHL0,362.0,2026-01,2026-01-25,25
PCR,GT 1503 NEO MSIL,1325215813079TUNE3,610.0,2026-01,2026-01-25,25
PCR,GT 1513 XPC1 MSIL,1D25215013008SXC10,2448.0,2026-01,2026-01-25,25
PCR,GT 1543 XPC1,1D25215013008SXC1T,278.0,2026-01,2026-01-25,25
PCR,GT 1583 NEO TATA,1325215813079TUNE5,448.0,2026-01,2026-01-25,25
PCR,GT 1634 XPC TATA,1D25216814008QXPC0,290.0,2026-01,2026-01-25,25
PCR,GT 1672 SPT,1325216612077TUSP0,192.0,2026-01,2026-01-25,25
PCR,GT 1765 ROYL,1325217515084HURL2,750.0,2026-01,2026-01-25,25
PCR,GT 1844 XPC TML,1D25218014010RXPCT,452.0,2026-01,2026-01-25,25
PCR,GT 1856 ROYL,1325218316083HURL0,128.0,2026-01,2026-01-25,25
PCR,GT 1894 MAX,1325218614088TTMX0,380.0,2026-01,2026-01-25,25
PCR,GT 1925 XPC1,1225219Z15008SXC11,532.0,2026-01,2026-01-25,25
PCR,GT 1966 RAN HPE,1325219416089VRHE0,490.0,2026-01,2026-01-25,25
PCR,GT 1995 ROYL KIA,1325219515091HURL2,587.0,2026-01,2026-01-25,25
PCR,GT 2076 RAN HT,1325220416092HRHT0,376.0,2026-01,2026-01-25,25
PCR,GT 2116 ROYL HYU,1325220516095HURL4,121.0,2026-01,2026-01-25,25
PCR,GT 2158 ROYL HYU,1325221318095HURL0,346.0,2026-01,2026-01-25,25
PCR,GT 2258 RAN HPE,1325222318098HRHE0,162.0,2026-01,2026-01-25,25
PCR,GT 2267 ROYL HYU,1325221417096HURL0,1225.0,2026-01,2026-01-25,25
PCR,GT 2367 RAN XATW,1325223517104TRXT0,56.0,2026-01,2026-01-25,25
PCR,GT 2368 EZO TOU,1325223418103VETR0,172.0,2026-01,2026-01-25,25
PCR,GT 2368 RAN HT,1325223418103HRHP0,162.0,2026-01,2026-01-25,25
PCR,GT 2568 HT2,1325225518111HRHB0,647.0,2026-01,2026-01-25,25
PCR,GT1564 NEO,1325215514075TUNE0,390.0,2026-01,2026-01-25,25
PCR,GT1915 LT XPC1,1225219Z15008SXC10,375.0,2026-01,2026-01-25,25
PCR,GT  T1457 STAR,1325214617107MSXT0,355.0,2026-01,2026-01-26,26
PCR,GT 1402 XPC TATA,1D25214012008QXPCT,455.0,2026-01,2026-01-26,26
PCR,GT 1412 XPC MM,1D25114012008QXPC0,146.0,2026-01,2026-01-26,26
PCR,GT 1482 UHL,1325214812074TUHL0,360.0,2026-01,2026-01-26,26
PCR,GT 1503 NEO MSIL,1325215813079TUNE3,525.0,2026-01,2026-01-26,26
PCR,GT 1513 XPC1 MSIL,1D25215013008SXC10,1622.0,2026-01,2026-01-26,26
PCR,GT 1543 XPC1,1D25215013008SXC1T,178.0,2026-01,2026-01-26,26
PCR,GT 1583 NEO TATA,1325215813079TUNE5,359.0,2026-01,2026-01-26,26
PCR,GT 1634 XPC TATA,1D25216814008QXPC0,191.0,2026-01,2026-01-26,26
PCR,GT 1672 SPT,1325216612077TUSP0,98.0,2026-01,2026-01-26,26
PCR,GT 1765 ROYL,1325217515084HURL2,400.0,2026-01,2026-01-26,26
PCR,GT 1844 XPC TML,1D25218014010RXPCT,330.0,2026-01,2026-01-26,26
PCR,GT 1856 ROYL,1325218316083HURL0,130.0,2026-01,2026-01-26,26
PCR,GT 1894 MAX,1325218614088TTMX0,352.0,2026-01,2026-01-26,26
PCR,GT 1925 XPC1,1225219Z15008SXC11,383.0,2026-01,2026-01-26,26
PCR,GT 1966 RAN HPE,1325219416089VRHE0,324.0,2026-01,2026-01-26,26
PCR,GT 1995 ROYL KIA,1325219515091HURL2,349.0,2026-01,2026-01-26,26
PCR,GT 2047 ROYL HYU,1325221317094VURL1,162.0,2026-01,2026-01-26,26
PCR,GT 2076 RAN HT,1325220416092HRHT0,284.0,2026-01,2026-01-26,26
PCR,GT 2158 ROYL HYU,1325221318095HURL0,302.0,2026-01,2026-01-26,26
PCR,GT 2267 ROYL HYU,1325221417096HURL0,731.0,2026-01,2026-01-26,26
PCR,GT 2368 EZO TOU,1325223418103VETR0,108.0,2026-01,2026-01-26,26
PCR,GT 2368 RAN HT,1325223418103HRHP0,14.0,2026-01,2026-01-26,26
PCR,GT 2568 HT2,1325225518111HRHB0,490.0,2026-01,2026-01-26,26
PCR,GT1564 NEO,1325215514075TUNE0,218.0,2026-01,2026-01-26,26
PCR,GT1915 LT XPC1,1225219Z15008SXC10,367.0,2026-01,2026-01-26,26
PCR,GT  T1457 STAR,1325214617107MSXT0,340.0,2026-01,2026-01-27,27
PCR,GT 1402 XPC TATA,1D25214012008QXPCT,645.0,2026-01,2026-01-27,27
PCR,GT 1412 XPC MM,1D25114012008QXPC0,268.0,2026-01,2026-01-27,27
PCR,GT 1482 UHL,1325214812074TUHL0,342.0,2026-01,2026-01-27,27
PCR,GT 1503 NEO MSIL,1325215813079TUNE3,376.0,2026-01,2026-01-27,27
PCR,GT 1513 XPC1 MSIL,1D25215013008SXC10,2305.0,2026-01,2026-01-27,27
PCR,GT 1543 XPC1,1D25215013008SXC1T,94.0,2026-01,2026-01-27,27
PCR,GT 1583 NEO TATA,1325215813079TUNE5,299.0,2026-01,2026-01-27,27
PCR,GT 1634 XPC TATA,1D25216814008QXPC0,41.0,2026-01,2026-01-27,27
PCR,GT 1672 SPT,1325216612077TUSP0,187.0,2026-01,2026-01-27,27
PCR,GT 1765 ROYL,1325217515084HURL2,628.0,2026-01,2026-01-27,27
PCR,GT 1844 XPC TML,1D25218014010RXPCT,398.0,2026-01,2026-01-27,27
PCR,GT 1894 MAX,1325218614088TTMX0,218.0,2026-01,2026-01-27,27
PCR,GT 1925 XPC1,1225219Z15008SXC11,449.0,2026-01,2026-01-27,27
PCR,GT 1966 RAN HPE,1325219416089VRHE0,392.0,2026-01,2026-01-27,27
PCR,GT 1995 ROYL KIA,1325219515091HURL2,347.0,2026-01,2026-01-27,27
PCR,GT 2076 RAN HT,1325220416092HRHT0,82.0,2026-01,2026-01-27,27
PCR,GT 2158 ROYL HYU,1325221318095HURL0,312.0,2026-01,2026-01-27,27
PCR,GT 2258 RAN HPE,1325222318098HRHE0,1.0,2026-01,2026-01-27,27
PCR,GT 2267 ROYL HYU,1325221417096HURL0,1144.0,2026-01,2026-01-27,27
PCR,GT 2368 EZO TOU,1325223418103VETR0,168.0,2026-01,2026-01-27,27
PCR,GT 2568 HT2,1325225518111HRHB0,803.0,2026-01,2026-01-27,27
PCR,GT1564 NEO,1325215514075TUNE0,50.0,2026-01,2026-01-27,27
PCR,GT1915 LT XPC1,1225219Z15008SXC10,81.0,2026-01,2026-01-27,27
PCR,GT  T1457 STAR,1325214617107MSXT0,290.0,2026-01,2026-01-28,28
PCR,GT 1402 XPC TATA,1D25214012008QXPCT,684.0,2026-01,2026-01-28,28
PCR,GT 1412 XPC MM,1D25114012008QXPC0,322.0,2026-01,2026-01-28,28
PCR,GT 1482 UHL,1325214812074TUHL0,318.0,2026-01,2026-01-28,28
PCR,GT 1503 NEO MSIL,1325215813079TUNE3,500.0,2026-01,2026-01-28,28
PCR,GT 1513 XPC1 MSIL,1D25215013008SXC10,2431.0,2026-01,2026-01-28,28
PCR,GT 1543 XPC1,1D25215013008SXC1T,244.0,2026-01,2026-01-28,28
PCR,GT 1583 NEO TATA,1325215813079TUNE5,357.0,2026-01,2026-01-28,28
PCR,GT 1634 XPC TATA,1D25216814008QXPC0,222.0,2026-01,2026-01-28,28
PCR,GT 1672 SPT,1325216612077TUSP0,182.0,2026-01,2026-01-28,28
PCR,GT 1765 ROYL,1325217515084HURL2,383.0,2026-01,2026-01-28,28
PCR,GT 1844 XPC TML,1D25218014010RXPCT,357.0,2026-01,2026-01-28,28
PCR,GT 1855 ROYL HYU,1325218515088HURL2,42.0,2026-01,2026-01-28,28
PCR,GT 1894 MAX,1325218614088TTMX0,306.0,2026-01,2026-01-28,28
PCR,GT 1925 XPC1,1225219Z15008SXC11,624.0,2026-01,2026-01-28,28
PCR,GT 1966 RAN HPE,1325219416089VRHE0,314.0,2026-01,2026-01-28,28
PCR,GT 1995 ROYL KIA,1325219515091HURL2,339.0,2026-01,2026-01-28,28
PCR,GT 2076 RAN HT,1325220416092HRHT0,360.0,2026-01,2026-01-28,28
PCR,GT 2158 ROYL HYU,1325221318095HURL0,247.0,2026-01,2026-01-28,28
PCR,GT 2267 ROYL HYU,1325221417096HURL0,1242.0,2026-01,2026-01-28,28
PCR,GT 2368 EZO TOU,1325223418103VETR0,90.0,2026-01,2026-01-28,28
PCR,GT 2526 ROYL PG,1325221416095VURP0,108.0,2026-01,2026-01-28,28
PCR,GT 2568 HT2,1325225518111HRHB0,792.0,2026-01,2026-01-28,28
PCR,GT1564 NEO,1325215514075TUNE0,284.0,2026-01,2026-01-28,28
PCR,GT1915 LT XPC1,1225219Z15008SXC10,362.0,2026-01,2026-01-28,28
PCR,GT2277 RAN HT,1325222517102HRHT0,7.0,2026-01,2026-01-28,28
PCR,GT  T1457 STAR,1325214617107MSXT0,364.0,2026-01,2026-01-29,29
PCR,GT 1402 XPC TATA,1D25214012008QXPCT,713.0,2026-01,2026-01-29,29
PCR,GT 1412 XPC MM,1D25114012008QXPC0,281.0,2026-01,2026-01-29,29
PCR,GT 1482 UHL,1325214812074TUHL0,336.0,2026-01,2026-01-29,29
PCR,GT 1513 XPC1 MSIL,1D25215013008SXC10,2538.0,2026-01,2026-01-29,29
PCR,GT 1543 XPC1,1D25215013008SXC1T,208.0,2026-01,2026-01-29,29
PCR,GT 1583 NEO TATA,1325215813079TUNE5,538.0,2026-01,2026-01-29,29
PCR,GT 1634 XPC TATA,1D25216814008QXPC0,146.0,2026-01,2026-01-29,29
PCR,GT 1672 SPT,1325216612077TUSP0,65.0,2026-01,2026-01-29,29
PCR,GT 1765 ROYL,1325217515084HURL2,711.0,2026-01,2026-01-29,29
PCR,GT 1844 XPC TML,1D25218014010RXPCT,430.0,2026-01,2026-01-29,29
PCR,GT 1856 ROYL,1325218316083HURL0,92.0,2026-01,2026-01-29,29
PCR,GT 1865 ROYL RENO,1325218515088TURL1,116.0,2026-01,2026-01-29,29
PCR,GT 1894 MAX,1325218614088TTMX0,252.0,2026-01,2026-01-29,29
PCR,GT 1925 XPC1,1225219Z15008SXC11,546.0,2026-01,2026-01-29,29
PCR,GT 1966 RAN HPE,1325219416089VRHE0,276.0,2026-01,2026-01-29,29
PCR,GT 1995 ROYL KIA,1325219515091HURL2,307.0,2026-01,2026-01-29,29
PCR,GT 2057 UX1,1325221217095VUX10,136.0,2026-01,2026-01-29,29
PCR,GT 2076 RAN HT,1325220416092HRHT0,22.0,2026-01,2026-01-29,29
PCR,GT 2158 ROYL HYU,1325221318095HURL0,200.0,2026-01,2026-01-29,29
PCR,GT 2267 ROYL HYU,1325221417096HURL0,1163.0,2026-01,2026-01-29,29
PCR,GT 2526 ROYL PG,1325221416095VURP0,172.0,2026-01,2026-01-29,29
PCR,GT 2568 HT2,1325225518111HRHB0,776.0,2026-01,2026-01-29,29
PCR,GT 2576 EZO TATA,1325223616109SELZ0,78.0,2026-01,2026-01-29,29
PCR,GT1513 NEO,1325215513073TUNE0,308.0,2026-01,2026-01-29,29
PCR,GT1564 NEO,1325215514075TUNE0,350.0,2026-01,2026-01-29,29
PCR,GT1915 LT XPC1,1225219Z15008SXC10,333.0,2026-01,2026-01-29,29
PCR,GT2277 RAN HT,1325222517102HRHT0,181.0,2026-01,2026-01-29,29
PCR,GT  T1457 STAR,1325214617107MSXT0,342.0,2026-01,2026-01-30,30
PCR,GT 1402 XPC TATA,1D25214012008QXPCT,693.0,2026-01,2026-01-30,30
PCR,GT 1412 XPC MM,1D25114012008QXPC0,249.0,2026-01,2026-01-30,30
PCR,GT 1482 UHL,1325214812074TUHL0,360.0,2026-01,2026-01-30,30
PCR,GT 1513 XPC1 MSIL,1D25215013008SXC10,2453.0,2026-01,2026-01-30,30
PCR,GT 1543 XPC1,1D25215013008SXC1T,260.0,2026-01,2026-01-30,30
PCR,GT 1583 NEO TATA,1325215813079TUNE5,532.0,2026-01,2026-01-30,30
PCR,GT 1634 XPC TATA,1D25216814008QXPC0,238.0,2026-01,2026-01-30,30
PCR,GT 1672 SPT,1325216612077TUSP0,137.0,2026-01,2026-01-30,30
PCR,GT 1765 ROYL,1325217515084HURL2,714.0,2026-01,2026-01-30,30
PCR,GT 1844 XPC TML,1D25218014010RXPCT,483.0,2026-01,2026-01-30,30
PCR,GT 1856 ROYL,1325218316083HURL0,152.0,2026-01,2026-01-30,30
PCR,GT 1865 ROYL RENO,1325218515088TURL1,123.0,2026-01,2026-01-30,30
PCR,GT 1894 MAX,1325218614088TTMX0,330.0,2026-01,2026-01-30,30
PCR,GT 1925 XPC1,1225219Z15008SXC11,581.0,2026-01,2026-01-30,30
PCR,GT 1966 RAN HPE,1325219416089VRHE0,237.0,2026-01,2026-01-30,30
PCR,GT 1995 ROYL KIA,1325219515091HURL2,393.0,2026-01,2026-01-30,30
PCR,GT 2047 ROYL HYU,1325221317094VURL1,156.0,2026-01,2026-01-30,30
PCR,GT 2057 UX1,1325221217095VUX10,162.0,2026-01,2026-01-30,30
PCR,GT 2076 RAN HT,1325220416092HRHT0,345.0,2026-01,2026-01-30,30
PCR,GT 2158 ROYL HYU,1325221318095HURL0,437.0,2026-01,2026-01-30,30
PCR,GT 2267 ROYL HYU,1325221417096HURL0,1042.0,2026-01,2026-01-30,30
PCR,GT 2526 ROYL PG,1325221416095VURP0,168.0,2026-01,2026-01-30,30
PCR,GT 2568 HT2,1325225518111HRHB0,714.0,2026-01,2026-01-30,30
PCR,GT 2576 EZO TATA,1325223616109SELZ0,140.0,2026-01,2026-01-30,30
PCR,GT1513 NEO,1325215513073TUNE0,590.0,2026-01,2026-01-30,30
PCR,GT1564 NEO,1325215514075TUNE0,380.0,2026-01,2026-01-30,30
PCR,GT1915 LT XPC1,1225219Z15008SXC10,368.0,2026-01,2026-01-30,30
PCR,GT2277 RAN HT,1325222517102HRHT0,174.0,2026-01,2026-01-30,30
PCR,GT  T1457 STAR,1325214617107MSXT0,364.0,2026-01,2026-01-31,31
PCR,GT 1402 XPC TATA,1D25214012008QXPCT,696.0,2026-01,2026-01-31,31
PCR,GT 1412 XPC MM,1D25114012008QXPC0,312.0,2026-01,2026-01-31,31
PCR,GT 1482 UHL,1325214812074TUHL0,364.0,2026-01,2026-01-31,31
PCR,GT 1513 XPC1 MSIL,1D25215013008SXC10,2623.0,2026-01,2026-01-31,31
PCR,GT 1543 XPC1,1D25215013008SXC1T,92.0,2026-01,2026-01-31,31
PCR,GT 1583 NEO TATA,1325215813079TUNE5,536.0,2026-01,2026-01-31,31
PCR,GT 1634 XPC TATA,1D25216814008QXPC0,214.0,2026-01,2026-01-31,31
PCR,GT 1672 SPT,1325216612077TUSP0,178.0,2026-01,2026-01-31,31
PCR,GT 1765 ROYL,1325217515084HURL2,750.0,2026-01,2026-01-31,31
PCR,GT 1844 XPC TML,1D25218014010RXPCT,430.0,2026-01,2026-01-31,31
PCR,GT 1856 ROYL,1325218316083HURL0,130.0,2026-01,2026-01-31,31
PCR,GT 1894 MAX,1325218614088TTMX0,334.0,2026-01,2026-01-31,31
PCR,GT 1925 XPC1,1225219Z15008SXC11,656.0,2026-01,2026-01-31,31
PCR,GT 1966 RAN HPE,1325219416089VRHE0,358.0,2026-01,2026-01-31,31
PCR,GT 1995 ROYL KIA,1325219515091HURL2,497.0,2026-01,2026-01-31,31
PCR,GT 2047 ROYL HYU,1325221317094VURL1,37.0,2026-01,2026-01-31,31
PCR,GT 2057 UX1,1325221217095VUX10,158.0,2026-01,2026-01-31,31
PCR,GT 2076 RAN HT,1325220416092HRHT0,346.0,2026-01,2026-01-31,31
PCR,GT 2158 ROYL HYU,1325221318095HURL0,242.0,2026-01,2026-01-31,31
PCR,GT 2267 ROYL HYU,1325221417096HURL0,1106.0,2026-01,2026-01-31,31
PCR,GT 2526 ROYL PG,1325221416095VURP0,156.0,2026-01,2026-01-31,31
PCR,GT 2568 HT2,1325225518111HRHB0,806.0,2026-01,2026-01-31,31
PCR,GT 2576 EZO TATA,1325223616109SELZ0,90.0,2026-01,2026-01-31,31
PCR,GT1513 NEO,1325215513073TUNE0,589.0,2026-01,2026-01-31,31
PCR,GT1564 NEO,1325215514075TUNE0,384.0,2026-01,2026-01-31,31
PCR,GT1915 LT XPC1,1225219Z15008SXC10,378.0,2026-01,2026-01-31,31
PCR,GT2277 RAN HT,1325222517102HRHT0,164.0,2026-01,2026-01-31,31
TBR,10.00 R 20 JDE,1121129A20000JDEP0,220.0,2026-01,2026-01-01,1
TBR,10.00 R 20 JUH5,1122110020016KUH50,434.0,2026-01,2026-01-01,1
TBR,10.00R 20 JW302,1123129A20152JUCM0,20.0,2026-01,2026-01-01,1
TBR,11.00R20 JUH5,1122111020016KUH50,162.0,2026-01,2026-01-01,1
TBR,11.00R20JDE++,1121111020016KDEP0,99.0,2026-01,2026-01-01,1
TBR,11R22.5 PD301,115121102C016L301P,50.0,2026-01,2026-01-01,1
TBR,295/75R22.5JTHSD,115222972C014LJTS0,24.0,2026-01,2026-01-01,1
TBR,295/80R22.5JDL,112122982C016MJDL0,32.0,2026-01,2026-01-01,1
TBR,295/80R22.5JUL1,112222982C016MJUM0,92.0,2026-01,2026-01-01,1
TBR,295/90R20JDCXD,1121129A20152JCXD0,78.0,2026-01,2026-01-01,1
TBR,315/70R22.5JDL3,115123162C018LDL30,42.0,2026-01,2026-01-01,1
TBR,315/80R22.5JDL3,115123182C018LDL30,46.0,2026-01,2026-01-01,1
TBR,315/80R22.5JUC4,115323182C018LUC40,24.0,2026-01,2026-01-01,1
TBR,385/65R22.5JTL,115223852C024KJTL0,46.0,2026-01,2026-01-01,1
TBR,385/65R22.5JUCXD,115323852C020KUCD0,88.0,2026-01,2026-01-01,1
TBR,8.25R20JDE++,1121182020016KDEP0,150.0,2026-01,2026-01-01,1
TBR,8.25R20JUH5,1122182020016KUH50,161.0,2026-01,2026-01-01,1
TBR,9.00 R 20 JDE++,1121190020016KDEP0,19.0,2026-01,2026-01-01,1
TBR,9.00 R 20 JUH5,1122190020016KUH50,15.0,2026-01,2026-01-01,1
TBR,GT 5014 - 10.00R20 CUX,1152110020016KCUXC,48.0,2026-01,2026-01-01,1
TBR,GT 5055 - 295/80R22.5 JUC XM,115322982C016MJXM0,7.0,2026-01,2026-01-01,1
TBR,GT 5075 - 295/90R20 JUH XF,1122129A20152JULF0,74.0,2026-01,2026-01-01,1
TBR,GT 5076 - 295/90R20 JDE XF,1121129A20152JDLF0,92.0,2026-01,2026-01-01,1
TBR,GT 5083 - 295/80R22.5 JUM XM,112222982C016MJXM0,92.0,2026-01,2026-01-01,1
TBR,GT 5095 - 11.00R20 JUC3,1123111020016KJC30,38.0,2026-01,2026-01-01,1
TBR,GT 5096 - 11.00R20 JDC XD,1121111020016KCXD0,146.0,2026-01,2026-01-01,1
TBR,GT 5114 - 315/80R22.5 JDC XD,115123182C020KCXD0,44.0,2026-01,2026-01-01,1
TBR,10.00 R 20 JDE,1121129A20000JDEP0,197.0,2026-01,2026-01-02,2
TBR,10.00 R 20 JUH5,1122110020016KUH50,516.0,2026-01,2026-01-02,2
TBR,11.00R20 JUH5,1122111020016KUH50,102.0,2026-01,2026-01-02,2
TBR,11.00R20JDE++,1121111020016KDEP0,154.0,2026-01,2026-01-02,2
TBR,11R22.5 PD301,115121102C016L301P,52.0,2026-01,2026-01-02,2
TBR,295/75R22.5JTHSD,115222972C014LJTS0,40.0,2026-01,2026-01-02,2
TBR,295/80R22.5JDL,112122982C016MJDL0,46.0,2026-01,2026-01-02,2
TBR,295/80R22.5JUL1,112222982C016MJUM0,119.0,2026-01,2026-01-02,2
TBR,295/90R20JDCXD,1121129A20152JCXD0,128.0,2026-01,2026-01-02,2
TBR,315/70R22.5JDL3,115123162C018LDL30,20.0,2026-01,2026-01-02,2
TBR,315/80R22.5JDL3,115123182C018LDL30,36.0,2026-01,2026-01-02,2
TBR,315/80R22.5JUC4,115323182C018LUC40,1.0,2026-01,2026-01-02,2
TBR,385/65R22.5JTL,115223852C024KJTL0,37.0,2026-01,2026-01-02,2
TBR,385/65R22.5JUCXD,115323852C020KUCD0,74.0,2026-01,2026-01-02,2
TBR,8.25R20JDE++,1121182020016KDEP0,150.0,2026-01,2026-01-02,2
TBR,8.25R20JUH5,1122182020016KUH50,153.0,2026-01,2026-01-02,2
TBR,9.00 R 20 JDE++,1121190020016KDEP0,14.0,2026-01,2026-01-02,2
TBR,9.00 R 20 JUH5,1122190020016KUH50,63.0,2026-01,2026-01-02,2
TBR,GT 5014 - 10.00R20 CUX,1152110020016KCUXC,16.0,2026-01,2026-01-02,2
TBR,GT 5075 - 295/90R20 JUH XF,1122129A20152JULF0,147.0,2026-01,2026-01-02,2
TBR,GT 5076 - 295/90R20 JDE XF,1121129A20152JDLF0,76.0,2026-01,2026-01-02,2
TBR,GT 5083 - 295/80R22.5 JUM XM,112222982C016MJXM0,82.0,2026-01,2026-01-02,2
TBR,GT 5095 - 11.00R20 JUC3,1123111020016KJC30,32.0,2026-01,2026-01-02,2
TBR,GT 5096 - 11.00R20 JDC XD,1121111020016KCXD0,128.0,2026-01,2026-01-02,2
TBR,GT 5114 - 315/80R22.5 JDC XD,115123182C020KCXD0,40.0,2026-01,2026-01-02,2
TBR,10.00 R 20 JDE,1121129A20000JDEP0,355.0,2026-01,2026-01-03,3
TBR,10.00 R 20 JUH5,1122110020016KUH50,605.0,2026-01,2026-01-03,3
TBR,10.00R 20 JW302,1123129A20152JUCM0,30.0,2026-01,2026-01-03,3
TBR,11.00R20 JUH5,1122111020016KUH50,181.0,2026-01,2026-01-03,3
TBR,11.00R20JDE++,1121111020016KDEP0,103.0,2026-01,2026-01-03,3
TBR,11R22.5 PD301,115121102C016L301P,38.0,2026-01,2026-01-03,3
TBR,295/80R22.5JDL,112122982C016MJDL0,7.0,2026-01,2026-01-03,3
TBR,295/80R22.5JUL1,112222982C016MJUM0,127.0,2026-01,2026-01-03,3
TBR,295/90R20JDCXD,1121129A20152JCXD0,94.0,2026-01,2026-01-03,3
TBR,315/70R22.5JDL3,115123162C018LDL30,34.0,2026-01,2026-01-03,3
TBR,315/80R22.5JDL3,115123182C018LDL30,36.0,2026-01,2026-01-03,3
TBR,315/80R22.5JUC4,115323182C018LUC40,39.0,2026-01,2026-01-03,3
TBR,385/65R22.5JTL,115223852C024KJTL0,34.0,2026-01,2026-01-03,3
TBR,385/65R22.5JUCXD,115323852C020KUCD0,50.0,2026-01,2026-01-03,3
TBR,8.25R20JDE++,1121182020016KDEP0,159.0,2026-01,2026-01-03,3
TBR,8.25R20JUH5,1122182020016KUH50,162.0,2026-01,2026-01-03,3
TBR,9.00 R 20 JDE++,1121190020016KDEP0,44.0,2026-01,2026-01-03,3
TBR,9.00 R 20 JUH5,1122190020016KUH50,75.0,2026-01,2026-01-03,3
TBR,GT 5075 - 295/90R20 JUH XF,1122129A20152JULF0,181.0,2026-01,2026-01-03,3
TBR,GT 5076 - 295/90R20 JDE XF,1121129A20152JDLF0,104.0,2026-01,2026-01-03,3
TBR,GT 5083 - 295/80R22.5 JUM XM,112222982C016MJXM0,110.0,2026-01,2026-01-03,3
TBR,GT 5095 - 11.00R20 JUC3,1123111020016KJC30,44.0,2026-01,2026-01-03,3
TBR,GT 5096 - 11.00R20 JDC XD,1121111020016KCXD0,224.0,2026-01,2026-01-03,3
TBR,GT 5114 - 315/80R22.5 JDC XD,115123182C020KCXD0,42.0,2026-01,2026-01-03,3
TBR,10.00 R 20 JDE,1121129A20000JDEP0,329.0,2026-01,2026-01-04,4
TBR,10.00 R 20 JUH5,1122110020016KUH50,639.0,2026-01,2026-01-04,4
TBR,10.00R 20 JW302,1123129A20152JUCM0,46.0,2026-01,2026-01-04,4
TBR,10.00R20CDU,1153110020016KCDUC,18.0,2026-01,2026-01-04,4
TBR,10.00R20JUC,1123110020016KJUC0,14.0,2026-01,2026-01-04,4
TBR,11.00R20 JUH5,1122111020016KUH50,153.0,2026-01,2026-01-04,4
TBR,11.00R20JDE++,1121111020016KDEP0,169.0,2026-01,2026-01-04,4
TBR,11R22.5 PD301,115121102C016L301P,6.0,2026-01,2026-01-04,4
TBR,295/80R22.5JDL,112122982C016MJDL0,46.0,2026-01,2026-01-04,4
TBR,295/80R22.5JUL1,112222982C016MJUM0,94.0,2026-01,2026-01-04,4
TBR,295/90R20JDCXD,1121129A20152JCXD0,146.0,2026-01,2026-01-04,4
TBR,315/70R22.5JDL3,115123162C018LDL30,33.0,2026-01,2026-01-04,4
TBR,315/80R22.5JUC4,115323182C018LUC40,44.0,2026-01,2026-01-04,4
TBR,385/65R22.5JUCXD,115323852C020KUCD0,49.0,2026-01,2026-01-04,4
TBR,8.25R20JDE++,1121182020016KDEP0,132.0,2026-01,2026-01-04,4
TBR,8.25R20JUH5,1122182020016KUH50,137.0,2026-01,2026-01-04,4
TBR,9.00 R 20 JDE++,1121190020016KDEP0,46.0,2026-01,2026-01-04,4
TBR,9.00 R 20 JUH5,1122190020016KUH50,100.0,2026-01,2026-01-04,4
TBR,GT 5014 - 10.00R20 CUX,1152110020016KCUXC,71.0,2026-01,2026-01-04,4
TBR,GT 5075 - 295/90R20 JUH XF,1122129A20152JULF0,153.0,2026-01,2026-01-04,4
TBR,GT 5076 - 295/90R20 JDE XF,1121129A20152JDLF0,142.0,2026-01,2026-01-04,4
TBR,GT 5077 - 295/90R20 JDL XM2,1121129A20152JLM20,28.0,2026-01,2026-01-04,4
TBR,GT 5083 - 295/80R22.5 JUM XM,112222982C016MJXM0,90.0,2026-01,2026-01-04,4
TBR,GT 5095 - 11.00R20 JUC3,1123111020016KJC30,60.0,2026-01,2026-01-04,4
TBR,GT 5096 - 11.00R20 JDC XD,1121111020016KCXD0,232.0,2026-01,2026-01-04,4
TBR,GT 5114 - 315/80R22.5 JDC XD,115123182C020KCXD0,24.0,2026-01,2026-01-04,4
TBR,10.00 R 20 JDE,1121129A20000JDEP0,332.0,2026-01,2026-01-05,5
TBR,10.00 R 20 JUH5,1122110020016KUH50,724.0,2026-01,2026-01-05,5
TBR,10.00R 20 JW302,1123129A20152JUCM0,46.0,2026-01,2026-01-05,5
TBR,10.00R20CDU,1153110020016KCDUC,46.0,2026-01,2026-01-05,5
TBR,10.00R20JUC,1123110020016KJUC0,48.0,2026-01,2026-01-05,5
TBR,11.00R20 JUH5,1122111020016KUH50,196.0,2026-01,2026-01-05,5
TBR,11.00R20JDE++,1121111020016KDEP0,224.0,2026-01,2026-01-05,5
TBR,11R22.5 PD301,115121102C016L301P,52.0,2026-01,2026-01-05,5
TBR,295/80R22.5JDL,112122982C016MJDL0,36.0,2026-01,2026-01-05,5
TBR,295/80R22.5JUL1,112222982C016MJUM0,22.0,2026-01,2026-01-05,5
TBR,295/90R20JDCXD,1121129A20152JCXD0,142.0,2026-01,2026-01-05,5
TBR,315/70R22.5JDL3,115123162C018LDL30,27.0,2026-01,2026-01-05,5
TBR,315/80R22.5JUC4,115323182C018LUC40,30.0,2026-01,2026-01-05,5
TBR,385/65R22.5JTL,115223852C024KJTL0,20.0,2026-01,2026-01-05,5
TBR,385/65R22.5JUCXD,115323852C020KUCD0,1.0,2026-01,2026-01-05,5
TBR,8.25R20JDE++,1121182020016KDEP0,154.0,2026-01,2026-01-05,5
TBR,8.25R20JUH5,1122182020016KUH50,145.0,2026-01,2026-01-05,5
TBR,9.00 R 20 JDE++,1121190020016KDEP0,40.0,2026-01,2026-01-05,5
TBR,9.00 R 20 JUH5,1122190020016KUH50,108.0,2026-01,2026-01-05,5
TBR,GT 5014 - 10.00R20 CUX,1152110020016KCUXC,49.0,2026-01,2026-01-05,5
TBR,GT 5075 - 295/90R20 JUH XF,1122129A20152JULF0,180.0,2026-01,2026-01-05,5
TBR,GT 5076 - 295/90R20 JDE XF,1121129A20152JDLF0,144.0,2026-01,2026-01-05,5
TBR,GT 5077 - 295/90R20 JDL XM2,1121129A20152JLM20,38.0,2026-01,2026-01-05,5
TBR,GT 5083 - 295/80R22.5 JUM XM,112222982C016MJXM0,44.0,2026-01,2026-01-05,5
TBR,GT 5095 - 11.00R20 JUC3,1123111020016KJC30,94.0,2026-01,2026-01-05,5
TBR,GT 5096 - 11.00R20 JDC XD,1121111020016KCXD0,232.0,2026-01,2026-01-05,5
TBR,10.00 R 20 JDE,1121129A20000JDEP0,343.0,2026-01,2026-01-06,6
TBR,10.00 R 20 JUH5,1122110020016KUH50,738.0,2026-01,2026-01-06,6
TBR,10.00R 20 JW302,1123129A20152JUCM0,50.0,2026-01,2026-01-06,6
TBR,10.00R20CDU,1153110020016KCDUC,44.0,2026-01,2026-01-06,6
TBR,10.00R20JUC,1123110020016KJUC0,48.0,2026-01,2026-01-06,6
TBR,11.00R20 JUH5,1122111020016KUH50,188.0,2026-01,2026-01-06,6
TBR,11.00R20JDE++,1121111020016KDEP0,214.0,2026-01,2026-01-06,6
TBR,11R22.5 PD301,115121102C016L301P,40.0,2026-01,2026-01-06,6
TBR,295/80R22.5JDL,112122982C016MJDL0,28.0,2026-01,2026-01-06,6
TBR,295/80R22.5JUL1,112222982C016MJUM0,110.0,2026-01,2026-01-06,6
TBR,295/90R20JDCXD,1121129A20152JCXD0,140.0,2026-01,2026-01-06,6
TBR,315/70R22.5JDL3,115123162C018LDL30,27.0,2026-01,2026-01-06,6
TBR,315/80R22.5JUC4,115323182C018LUC40,38.0,2026-01,2026-01-06,6
TBR,385/65R22.5JTL,115223852C024KJTL0,10.0,2026-01,2026-01-06,6
TBR,8.25R20JDE++,1121182020016KDEP0,134.0,2026-01,2026-01-06,6
TBR,8.25R20JUH5,1122182020016KUH50,124.0,2026-01,2026-01-06,6
TBR,9.00 R 20 JDE++,1121190020016KDEP0,48.0,2026-01,2026-01-06,6
TBR,9.00 R 20 JUH5,1122190020016KUH50,76.0,2026-01,2026-01-06,6
TBR,GT 5014 - 10.00R20 CUX,1152110020016KCUXC,96.0,2026-01,2026-01-06,6
TBR,GT 5075 - 295/90R20 JUH XF,1122129A20152JULF0,136.0,2026-01,2026-01-06,6
TBR,GT 5076 - 295/90R20 JDE XF,1121129A20152JDLF0,136.0,2026-01,2026-01-06,6
TBR,GT 5077 - 295/90R20 JDL XM2,1121129A20152JLM20,28.0,2026-01,2026-01-06,6
TBR,GT 5083 - 295/80R22.5 JUM XM,112222982C016MJXM0,168.0,2026-01,2026-01-06,6
TBR,GT 5095 - 11.00R20 JUC3,1123111020016KJC30,94.0,2026-01,2026-01-06,6
TBR,GT 5096 - 11.00R20 JDC XD,1121111020016KCXD0,218.0,2026-01,2026-01-06,6
TBR,10.00 R 20 JDE,1121129A20000JDEP0,364.0,2026-01,2026-01-07,7
TBR,10.00 R 20 JUH5,1122110020016KUH50,744.0,2026-01,2026-01-07,7
TBR,10.00R 20 JW302,1123129A20152JUCM0,84.0,2026-01,2026-01-07,7
TBR,10.00R20CDU,1153110020016KCDUC,46.0,2026-01,2026-01-07,7
TBR,10.00R20JUC,1123110020016KJUC0,46.0,2026-01,2026-01-07,7
TBR,11.00R20 JUH5,1122111020016KUH50,176.0,2026-01,2026-01-07,7
TBR,11.00R20JDE++,1121111020016KDEP0,210.0,2026-01,2026-01-07,7
TBR,295/80R22.5JDL,112122982C016MJDL0,34.0,2026-01,2026-01-07,7
TBR,295/80R22.5JUL1,112222982C016MJUM0,140.0,2026-01,2026-01-07,7
TBR,295/90R20JDCXD,1121129A20152JCXD0,143.0,2026-01,2026-01-07,7
TBR,315/80R22.5JDL3,115123182C018LDL30,34.0,2026-01,2026-01-07,7
TBR,385/65R22.5JTL,115223852C024KJTL0,2.0,2026-01,2026-01-07,7
TBR,8.25R20JDE++,1121182020016KDEP0,128.0,2026-01,2026-01-07,7
TBR,8.25R20JUH5,1122182020016KUH50,162.0,2026-01,2026-01-07,7
TBR,9.00 R 20 JDE++,1121190020016KDEP0,42.0,2026-01,2026-01-07,7
TBR,9.00 R 20 JUH5,1122190020016KUH50,82.0,2026-01,2026-01-07,7
TBR,GT 5014 - 10.00R20 CUX,1152110020016KCUXC,91.0,2026-01,2026-01-07,7
TBR,GT 5075 - 295/90R20 JUH XF,1122129A20152JULF0,140.0,2026-01,2026-01-07,7
TBR,GT 5076 - 295/90R20 JDE XF,1121129A20152JDLF0,140.0,2026-01,2026-01-07,7
TBR,GT 5077 - 295/90R20 JDL XM2,1121129A20152JLM20,32.0,2026-01,2026-01-07,7
TBR,GT 5083 - 295/80R22.5 JUM XM,112222982C016MJXM0,180.0,2026-01,2026-01-07,7
TBR,GT 5095 - 11.00R20 JUC3,1123111020016KJC30,84.0,2026-01,2026-01-07,7
TBR,GT 5096 - 11.00R20 JDC XD,1121111020016KCXD0,226.0,2026-01,2026-01-07,7
TBR,10.00 R 20 JDE,1121129A20000JDEP0,367.0,2026-01,2026-01-08,8
TBR,10.00 R 20 JUH5,1122110020016KUH50,722.0,2026-01,2026-01-08,8
TBR,10.00R 20 JW302,1123129A20152JUCM0,136.0,2026-01,2026-01-08,8
TBR,10.00R20CDU,1153110020016KCDUC,48.0,2026-01,2026-01-08,8
TBR,10.00R20JUC,1123110020016KJUC0,48.0,2026-01,2026-01-08,8
TBR,11.00R20 JUH5,1122111020016KUH50,193.0,2026-01,2026-01-08,8
TBR,11.00R20JDE++,1121111020016KDEP0,216.0,2026-01,2026-01-08,8
TBR,11R22.5 PD301,115121102C016L301P,44.0,2026-01,2026-01-08,8
TBR,295/80R22.5JUL1,112222982C016MJUM0,48.0,2026-01,2026-01-08,8
TBR,295/90R20JDCXD,1121129A20152JCXD0,143.0,2026-01,2026-01-08,8
TBR,315/80R22.5JDL3,115123182C018LDL30,34.0,2026-01,2026-01-08,8
TBR,385/65R22.5JTL,115223852C024KJTL0,44.0,2026-01,2026-01-08,8
TBR,8.25R20JDE++,1121182020016KDEP0,146.0,2026-01,2026-01-08,8
TBR,8.25R20JUH5,1122182020016KUH50,156.0,2026-01,2026-01-08,8
TBR,9.00 R 20 JDE++,1121190020016KDEP0,52.0,2026-01,2026-01-08,8
TBR,9.00 R 20 JUH5,1122190020016KUH50,72.0,2026-01,2026-01-08,8
TBR,GT 5014 - 10.00R20 CUX,1152110020016KCUXC,86.0,2026-01,2026-01-08,8
TBR,GT 5075 - 295/90R20 JUH XF,1122129A20152JULF0,138.0,2026-01,2026-01-08,8
TBR,GT 5076 - 295/90R20 JDE XF,1121129A20152JDLF0,192.0,2026-01,2026-01-08,8
TBR,GT 5077 - 295/90R20 JDL XM2,1121129A20152JLM20,40.0,2026-01,2026-01-08,8
TBR,GT 5083 - 295/80R22.5 JUM XM,112222982C016MJXM0,56.0,2026-01,2026-01-08,8
TBR,GT 5095 - 11.00R20 JUC3,1123111020016KJC30,70.0,2026-01,2026-01-08,8
TBR,GT 5096 - 11.00R20 JDC XD,1121111020016KCXD0,217.0,2026-01,2026-01-08,8
TBR,GT 5103 - 295/80R22.5 JUM XM OEM,112222982C152MJXM0,98.0,2026-01,2026-01-08,8
TBR,10.00 R 20 JDE,1121129A20000JDEP0,360.0,2026-01,2026-01-09,9
TBR,10.00 R 20 JUH5,1122110020016KUH50,746.0,2026-01,2026-01-09,9
TBR,10.00R 20 JW302,1123129A20152JUCM0,128.0,2026-01,2026-01-09,9
TBR,10.00R20CDU,1153110020016KCDUC,34.0,2026-01,2026-01-09,9
TBR,10.00R20JUC,1123110020016KJUC0,46.0,2026-01,2026-01-09,9
TBR,11.00R20 JUH5,1122111020016KUH50,179.0,2026-01,2026-01-09,9
TBR,11.00R20JDE++,1121111020016KDEP0,218.0,2026-01,2026-01-09,9
TBR,11R22.5 PD301,115121102C016L301P,2.0,2026-01,2026-01-09,9
TBR,295/80R22.5JDL,112122982C016MJDL0,40.0,2026-01,2026-01-09,9
TBR,295/80R22.5JUL1,112222982C016MJUM0,92.0,2026-01,2026-01-09,9
TBR,295/90R20JDCXD,1121129A20152JCXD0,116.0,2026-01,2026-01-09,9
TBR,315/80R22.5JDL3,115123182C018LDL30,2.0,2026-01,2026-01-09,9
TBR,385/65R22.5JTL,115223852C024KJTL0,30.0,2026-01,2026-01-09,9
TBR,8.25R20JDE++,1121182020016KDEP0,140.0,2026-01,2026-01-09,9
TBR,8.25R20JUH5,1122182020016KUH50,146.0,2026-01,2026-01-09,9
TBR,9.00 R 20 JDE++,1121190020016KDEP0,84.0,2026-01,2026-01-09,9
TBR,9.00 R 20 JUH5,1122190020016KUH50,50.0,2026-01,2026-01-09,9
TBR,GT 5014 - 10.00R20 CUX,1152110020016KCUXC,92.0,2026-01,2026-01-09,9
TBR,GT 5075 - 295/90R20 JUH XF,1122129A20152JULF0,127.0,2026-01,2026-01-09,9
TBR,GT 5076 - 295/90R20 JDE XF,1121129A20152JDLF0,200.0,2026-01,2026-01-09,9
TBR,GT 5077 - 295/90R20 JDL XM2,1121129A20152JLM20,26.0,2026-01,2026-01-09,9
TBR,GT 5095 - 11.00R20 JUC3,1123111020016KJC30,90.0,2026-01,2026-01-09,9
TBR,GT 5096 - 11.00R20 JDC XD,1121111020016KCXD0,205.0,2026-01,2026-01-09,9
TBR,GT 5103 - 295/80R22.5 JUM XM OEM,112222982C152MJXM0,149.0,2026-01,2026-01-09,9
TBR,10.00 R 20 JDE,1121129A20000JDEP0,340.0,2026-01,2026-01-10,10
TBR,10.00 R 20 JUH5,1122110020016KUH50,731.0,2026-01,2026-01-10,10
TBR,10.00R 20 JW302,1123129A20152JUCM0,178.0,2026-01,2026-01-10,10
TBR,10.00R20CDU,1153110020016KCDUC,46.0,2026-01,2026-01-10,10
TBR,10.00R20JUC,1123110020016KJUC0,48.0,2026-01,2026-01-10,10
TBR,11.00R20 JUH5,1122111020016KUH50,192.0,2026-01,2026-01-10,10
TBR,11.00R20JDE++,1121111020016KDEP0,204.0,2026-01,2026-01-10,10
TBR,295/80R22.5JDL,112122982C016MJDL0,42.0,2026-01,2026-01-10,10
TBR,295/80R22.5JUL1,112222982C016MJUM0,82.0,2026-01,2026-01-10,10
TBR,295/90R20JDCXD,1121129A20152JCXD0,142.0,2026-01,2026-01-10,10
TBR,385/65R22.5JTL,115223852C024KJTL0,42.0,2026-01,2026-01-10,10
TBR,8.25R20JDE++,1121182020016KDEP0,140.0,2026-01,2026-01-10,10
TBR,8.25R20JUH5,1122182020016KUH50,154.0,2026-01,2026-01-10,10
TBR,9.00 R 20 JDE++,1121190020016KDEP0,78.0,2026-01,2026-01-10,10
TBR,9.00 R 20 JUH5,1122190020016KUH50,50.0,2026-01,2026-01-10,10
TBR,GT 5014 - 10.00R20 CUX,1152110020016KCUXC,94.0,2026-01,2026-01-10,10
TBR,GT 5075 - 295/90R20 JUH XF,1122129A20152JULF0,146.0,2026-01,2026-01-10,10
TBR,GT 5076 - 295/90R20 JDE XF,1121129A20152JDLF0,235.0,2026-01,2026-01-10,10
TBR,GT 5077 - 295/90R20 JDL XM2,1121129A20152JLM20,34.0,2026-01,2026-01-10,10
TBR,GT 5095 - 11.00R20 JUC3,1123111020016KJC30,88.0,2026-01,2026-01-10,10
TBR,GT 5096 - 11.00R20 JDC XD,1121111020016KCXD0,238.0,2026-01,2026-01-10,10
TBR,GT 5103 - 295/80R22.5 JUM XM OEM,112222982C152MJXM0,177.0,2026-01,2026-01-10,10
TBR,10.00 R 20 JDE,1121129A20000JDEP0,376.0,2026-01,2026-01-11,11
TBR,10.00 R 20 JUH5,1122110020016KUH50,746.0,2026-01,2026-01-11,11
TBR,10.00R 20 JW302,1123129A20152JUCM0,182.0,2026-01,2026-01-11,11
TBR,10.00R20CDU,1153110020016KCDUC,42.0,2026-01,2026-01-11,11
TBR,10.00R20JUC,1123110020016KJUC0,50.0,2026-01,2026-01-11,11
TBR,11.00R20 JUH5,1122111020016KUH50,160.0,2026-01,2026-01-11,11
TBR,11.00R20JDE++,1121111020016KDEP0,204.0,2026-01,2026-01-11,11
TBR,295/80R22.5JDL,112122982C016MJDL0,46.0,2026-01,2026-01-11,11
TBR,295/80R22.5JUL1,112222982C016MJUM0,94.0,2026-01,2026-01-11,11
TBR,295/90R20JDCXD,1121129A20152JCXD0,141.0,2026-01,2026-01-11,11
TBR,385/65R22.5JTL,115223852C024KJTL0,28.0,2026-01,2026-01-11,11
TBR,8.25R20JDE++,1121182020016KDEP0,118.0,2026-01,2026-01-11,11
TBR,8.25R20JUH5,1122182020016KUH50,144.0,2026-01,2026-01-11,11
TBR,9.00 R 20 JDE++,1121190020016KDEP0,93.0,2026-01,2026-01-11,11
TBR,9.00 R 20 JUH5,1122190020016KUH50,48.0,2026-01,2026-01-11,11
TBR,GT 5014 - 10.00R20 CUX,1152110020016KCUXC,68.0,2026-01,2026-01-11,11
TBR,GT 5075 - 295/90R20 JUH XF,1122129A20152JULF0,140.0,2026-01,2026-01-11,11
TBR,GT 5076 - 295/90R20 JDE XF,1121129A20152JDLF0,190.0,2026-01,2026-01-11,11
TBR,GT 5077 - 295/90R20 JDL XM2,1121129A20152JLM20,36.0,2026-01,2026-01-11,11
TBR,GT 5079 - 255/70R22.5 JUX E,112222562C016MUXE0,4.0,2026-01,2026-01-11,11
TBR,GT 5095 - 11.00R20 JUC3,1123111020016KJC30,84.0,2026-01,2026-01-11,11
TBR,GT 5096 - 11.00R20 JDC XD,1121111020016KCXD0,208.0,2026-01,2026-01-11,11
TBR,GT 5103 - 295/80R22.5 JUM XM OEM,112222982C152MJXM0,154.0,2026-01,2026-01-11,11
TBR,10.00 R 20 JDE,1121129A20000JDEP0,308.0,2026-01,2026-01-12,12
TBR,10.00 R 20 JUH5,1122110020016KUH50,756.0,2026-01,2026-01-12,12
TBR,10.00R 20 JW302,1123129A20152JUCM0,178.0,2026-01,2026-01-12,12
TBR,10.00R20CDU,1153110020016KCDUC,40.0,2026-01,2026-01-12,12
TBR,10.00R20JUC,1123110020016KJUC0,16.0,2026-01,2026-01-12,12
TBR,11.00R20 JUH5,1122111020016KUH50,136.0,2026-01,2026-01-12,12
TBR,11.00R20JDE++,1121111020016KDEP0,220.0,2026-01,2026-01-12,12
TBR,295/80R22.5JDL,112122982C016MJDL0,44.0,2026-01,2026-01-12,12
TBR,295/80R22.5JUL1,112222982C016MJUM0,110.0,2026-01,2026-01-12,12
TBR,295/90R20JDCXD,1121129A20152JCXD0,113.0,2026-01,2026-01-12,12
TBR,8.25R20JDE++,1121182020016KDEP0,160.0,2026-01,2026-01-12,12
TBR,8.25R20JUH5,1122182020016KUH50,122.0,2026-01,2026-01-12,12
TBR,9.00 R 20 JDE++,1121190020016KDEP0,97.0,2026-01,2026-01-12,12
TBR,9.00 R 20 JUH5,1122190020016KUH50,52.0,2026-01,2026-01-12,12
TBR,GT 5014 - 10.00R20 CUX,1152110020016KCUXC,92.0,2026-01,2026-01-12,12
TBR,GT 5075 - 295/90R20 JUH XF,1122129A20152JULF0,128.0,2026-01,2026-01-12,12
TBR,GT 5076 - 295/90R20 JDE XF,1121129A20152JDLF0,193.0,2026-01,2026-01-12,12
TBR,GT 5077 - 295/90R20 JDL XM2,1121129A20152JLM20,44.0,2026-01,2026-01-12,12
TBR,GT 5079 - 255/70R22.5 JUX E,112222562C016MUXE0,42.0,2026-01,2026-01-12,12
TBR,GT 5095 - 11.00R20 JUC3,1123111020016KJC30,91.0,2026-01,2026-01-12,12
TBR,GT 5096 - 11.00R20 JDC XD,1121111020016KCXD0,236.0,2026-01,2026-01-12,12
TBR,GT 5103 - 295/80R22.5 JUM XM OEM,112222982C152MJXM0,142.0,2026-01,2026-01-12,12
TBR,10.00 R 20 JDE,1121129A20000JDEP0,310.0,2026-01,2026-01-13,13
TBR,10.00 R 20 JUH3+,1122110020016KH3P0,110.0,2026-01,2026-01-13,13
TBR,10.00 R 20 JUH5,1122110020016KUH50,606.0,2026-01,2026-01-13,13
TBR,10.00R 20 JW302,1123129A20152JUCM0,142.0,2026-01,2026-01-13,13
TBR,10.00R20CDU,1153110020016KCDUC,43.0,2026-01,2026-01-13,13
TBR,10.00R20JUC,1123110020016KJUC0,44.0,2026-01,2026-01-13,13
TBR,11.00R20 JUH5,1122111020016KUH50,122.0,2026-01,2026-01-13,13
TBR,11.00R20JDE++,1121111020016KDEP0,209.0,2026-01,2026-01-13,13
TBR,295/80R22.5JDL,112122982C016MJDL0,48.0,2026-01,2026-01-13,13
TBR,295/80R22.5JUL1,112222982C016MJUM0,124.0,2026-01,2026-01-13,13
TBR,295/90R20JDCXD,1121129A20152JCXD0,83.0,2026-01,2026-01-13,13
TBR,8.25R20JDE++,1121182020016KDEP0,152.0,2026-01,2026-01-13,13
TBR,8.25R20JUH5,1122182020016KUH50,156.0,2026-01,2026-01-13,13
TBR,9.00 R 20 JDE++,1121190020016KDEP0,85.0,2026-01,2026-01-13,13
TBR,9.00 R 20 JUH5,1122190020016KUH50,24.0,2026-01,2026-01-13,13
TBR,GT 5014 - 10.00R20 CUX,1152110020016KCUXC,90.0,2026-01,2026-01-13,13
TBR,GT 5075 - 295/90R20 JUH XF,1122129A20152JULF0,144.0,2026-01,2026-01-13,13
TBR,GT 5076 - 295/90R20 JDE XF,1121129A20152JDLF0,210.0,2026-01,2026-01-13,13
TBR,GT 5077 - 295/90R20 JDL XM2,1121129A20152JLM20,44.0,2026-01,2026-01-13,13
TBR,GT 5079 - 255/70R22.5 JUX E,112222562C016MUXE0,42.0,2026-01,2026-01-13,13
TBR,GT 5095 - 11.00R20 JUC3,1123111020016KJC30,87.0,2026-01,2026-01-13,13
TBR,GT 5096 - 11.00R20 JDC XD,1121111020016KCXD0,228.0,2026-01,2026-01-13,13
TBR,GT 5103 - 295/80R22.5 JUM XM OEM,112222982C152MJXM0,142.0,2026-01,2026-01-13,13
TBR,GT 5117 - 10.00R20 CUC (BD),1153110020016KCUC1,14.0,2026-01,2026-01-13,13
TBR,10.00 R 20 JDE,1121129A20000JDEP0,364.0,2026-01,2026-01-14,14
TBR,10.00 R 20 JUH3+,1122110020016KH3P0,284.0,2026-01,2026-01-14,14
TBR,10.00 R 20 JUH5,1122110020016KUH50,633.0,2026-01,2026-01-14,14
TBR,10.00R 20 JW302,1123129A20152JUCM0,164.0,2026-01,2026-01-14,14
TBR,10.00R20CDU,1153110020016KCDUC,48.0,2026-01,2026-01-14,14
TBR,10.00R20JUC,1123110020016KJUC0,50.0,2026-01,2026-01-14,14
TBR,11.00R20 JUH5,1122111020016KUH50,142.0,2026-01,2026-01-14,14
TBR,11.00R20JDE++,1121111020016KDEP0,218.0,2026-01,2026-01-14,14
TBR,295/80R22.5JDL,112122982C016MJDL0,44.0,2026-01,2026-01-14,14
TBR,295/80R22.5JUL1,112222982C016MJUM0,140.0,2026-01,2026-01-14,14
TBR,295/90R20JDCXD,1121129A20152JCXD0,16.0,2026-01,2026-01-14,14
TBR,8.25R20JDE++,1121182020016KDEP0,158.0,2026-01,2026-01-14,14
TBR,8.25R20JUH5,1122182020016KUH50,118.0,2026-01,2026-01-14,14
TBR,9.00 R 20 JDE++,1121190020016KDEP0,92.0,2026-01,2026-01-14,14
TBR,9.00 R 20 JUH5,1122190020016KUH50,48.0,2026-01,2026-01-14,14
TBR,GT 5014 - 10.00R20 CUX,1152110020016KCUXC,44.0,2026-01,2026-01-14,14
TBR,GT 5075 - 295/90R20 JUH XF,1122129A20152JULF0,135.0,2026-01,2026-01-14,14
TBR,GT 5076 - 295/90R20 JDE XF,1121129A20152JDLF0,236.0,2026-01,2026-01-14,14
TBR,GT 5077 - 295/90R20 JDL XM2,1121129A20152JLM20,10.0,2026-01,2026-01-14,14
TBR,GT 5079 - 255/70R22.5 JUX E,112222562C016MUXE0,48.0,2026-01,2026-01-14,14
TBR,GT 5095 - 11.00R20 JUC3,1123111020016KJC30,54.0,2026-01,2026-01-14,14
TBR,GT 5096 - 11.00R20 JDC XD,1121111020016KCXD0,228.0,2026-01,2026-01-14,14
TBR,GT 5103 - 295/80R22.5 JUM XM OEM,112222982C152MJXM0,142.0,2026-01,2026-01-14,14
TBR,GT 5117 - 10.00R20 CUC (BD),1153110020016KCUC1,45.0,2026-01,2026-01-14,14
TBR,10.00 R 20 JDE,1121129A20000JDEP0,96.0,2026-01,2026-01-15,15
TBR,10.00 R 20 JUH3+,1122110020016KH3P0,98.0,2026-01,2026-01-15,15
TBR,10.00 R 20 JUH5,1122110020016KUH50,146.0,2026-01,2026-01-15,15
TBR,10.00R 20 JW302,1123129A20152JUCM0,48.0,2026-01,2026-01-15,15
TBR,10.00R20CDU,1153110020016KCDUC,12.0,2026-01,2026-01-15,15
TBR,10.00R20JUC,1123110020016KJUC0,12.0,2026-01,2026-01-15,15
TBR,11.00R20 JUH5,1122111020016KUH50,36.0,2026-01,2026-01-15,15
TBR,11.00R20JDE++,1121111020016KDEP0,52.0,2026-01,2026-01-15,15
TBR,295/80R22.5JDL,112122982C016MJDL0,14.0,2026-01,2026-01-15,15
TBR,295/80R22.5JUL1,112222982C016MJUM0,36.0,2026-01,2026-01-15,15
TBR,8.25R20JDE++,1121182020016KDEP0,40.0,2026-01,2026-01-15,15
TBR,8.25R20JUH5,1122182020016KUH50,34.0,2026-01,2026-01-15,15
TBR,9.00 R 20 JDE++,1121190020016KDEP0,24.0,2026-01,2026-01-15,15
TBR,GT 5014 - 10.00R20 CUX,1152110020016KCUXC,12.0,2026-01,2026-01-15,15
TBR,GT 5075 - 295/90R20 JUH XF,1122129A20152JULF0,40.0,2026-01,2026-01-15,15
TBR,GT 5076 - 295/90R20 JDE XF,1121129A20152JDLF0,66.0,2026-01,2026-01-15,15
TBR,GT 5079 - 255/70R22.5 JUX E,112222562C016MUXE0,12.0,2026-01,2026-01-15,15
TBR,GT 5095 - 11.00R20 JUC3,1123111020016KJC30,28.0,2026-01,2026-01-15,15
TBR,GT 5096 - 11.00R20 JDC XD,1121111020016KCXD0,66.0,2026-01,2026-01-15,15
TBR,GT 5103 - 295/80R22.5 JUM XM OEM,112222982C152MJXM0,38.0,2026-01,2026-01-15,15
TBR,GT 5117 - 10.00R20 CUC (BD),1153110020016KCUC1,10.0,2026-01,2026-01-15,15
TBR,10.00 R 20 JDE,1121129A20000JDEP0,104.0,2026-01,2026-01-17,17
TBR,10.00 R 20 JUH3+,1122110020016KH3P0,144.0,2026-01,2026-01-17,17
TBR,10.00 R 20 JUH5,1122110020016KUH50,192.0,2026-01,2026-01-17,17
TBR,10.00R 20 JW302,1123129A20152JUCM0,82.0,2026-01,2026-01-17,17
TBR,10.00R20CDU,1153110020016KCDUC,18.0,2026-01,2026-01-17,17
TBR,10.00R20JUC,1123110020016KJUC0,16.0,2026-01,2026-01-17,17
TBR,11.00R20 JUH5,1122111020016KUH50,62.0,2026-01,2026-01-17,17
TBR,11.00R20JDE++,1121111020016KDEP0,50.0,2026-01,2026-01-17,17
TBR,295/80R22.5JDL,112122982C016MJDL0,18.0,2026-01,2026-01-17,17
TBR,295/80R22.5JUL1,112222982C016MJUM0,56.0,2026-01,2026-01-17,17
TBR,8.25R20JDE++,1121182020016KDEP0,58.0,2026-01,2026-01-17,17
TBR,8.25R20JUH5,1122182020016KUH50,52.0,2026-01,2026-01-17,17
TBR,9.00 R 20 JDE++,1121190020016KDEP0,34.0,2026-01,2026-01-17,17
TBR,9.00 R 20 JUH5,1122190020016KUH50,3.0,2026-01,2026-01-17,17
TBR,GT 5014 - 10.00R20 CUX,1152110020016KCUXC,22.0,2026-01,2026-01-17,17
TBR,GT 5075 - 295/90R20 JUH XF,1122129A20152JULF0,61.0,2026-01,2026-01-17,17
TBR,GT 5076 - 295/90R20 JDE XF,1121129A20152JDLF0,82.0,2026-01,2026-01-17,17
TBR,GT 5079 - 255/70R22.5 JUX E,112222562C016MUXE0,18.0,2026-01,2026-01-17,17
TBR,GT 5095 - 11.00R20 JUC3,1123111020016KJC30,6.0,2026-01,2026-01-17,17
TBR,GT 5096 - 11.00R20 JDC XD,1121111020016KCXD0,122.0,2026-01,2026-01-17,17
TBR,GT 5101 - 11.00R20 JS114,1121111020016K1141,2.0,2026-01,2026-01-17,17
TBR,GT 5103 - 295/80R22.5 JUM XM OEM,112222982C152MJXM0,41.0,2026-01,2026-01-17,17
TBR,10.00 R 20 JDE,1121129A20000JDEP0,312.0,2026-01,2026-01-18,18
TBR,10.00 R 20 JUH3+,1122110020016KH3P0,292.0,2026-01,2026-01-18,18
TBR,10.00 R 20 JUH5,1122110020016KUH50,314.0,2026-01,2026-01-18,18
TBR,10.00R 20 JW302,1123129A20152JUCM0,178.0,2026-01,2026-01-18,18
TBR,10.00R20CDU,1153110020016KCDUC,35.0,2026-01,2026-01-18,18
TBR,10.00R20JUC,1123110020016KJUC0,24.0,2026-01,2026-01-18,18
TBR,11.00R20 JUH5,1122111020016KUH50,90.0,2026-01,2026-01-18,18
TBR,11.00R20JDE++,1121111020016KDEP0,100.0,2026-01,2026-01-18,18
TBR,11R22.5 PD301,115121102C016L301P,16.0,2026-01,2026-01-18,18
TBR,295/75R22.5JTHSD,115222972C014LJTS0,48.0,2026-01,2026-01-18,18
TBR,295/80R22.5JDL,112122982C016MJDL0,36.0,2026-01,2026-01-18,18
TBR,295/80R22.5JUL1,112222982C016MJUM0,94.0,2026-01,2026-01-18,18
TBR,8.25R20JDE++,1121182020016KDEP0,118.0,2026-01,2026-01-18,18
TBR,8.25R20JUH5,1122182020016KUH50,102.0,2026-01,2026-01-18,18
TBR,9.00 R 20 JDE++,1121190020016KDEP0,48.0,2026-01,2026-01-18,18
TBR,GT 5014 - 10.00R20 CUX,1152110020016KCUXC,42.0,2026-01,2026-01-18,18
TBR,GT 5075 - 295/90R20 JUH XF,1122129A20152JULF0,114.0,2026-01,2026-01-18,18
TBR,GT 5076 - 295/90R20 JDE XF,1121129A20152JDLF0,204.0,2026-01,2026-01-18,18
TBR,GT 5079 - 255/70R22.5 JUX E,112222562C016MUXE0,44.0,2026-01,2026-01-18,18
TBR,GT 5095 - 11.00R20 JUC3,1123111020016KJC30,60.0,2026-01,2026-01-18,18
TBR,GT 5096 - 11.00R20 JDC XD,1121111020016KCXD0,208.0,2026-01,2026-01-18,18
TBR,GT 5101 - 11.00R20 JS114,1121111020016K1141,40.0,2026-01,2026-01-18,18
TBR,GT 5103 - 295/80R22.5 JUM XM OEM,112222982C152MJXM0,107.0,2026-01,2026-01-18,18
TBR,10.00 R 20 JDE,1121129A20000JDEP0,230.0,2026-01,2026-01-19,19
TBR,10.00 R 20 JUH3+,1122110020016KH3P0,324.0,2026-01,2026-01-19,19
TBR,10.00 R 20 JUH5,1122110020016KUH50,285.0,2026-01,2026-01-19,19
TBR,10.00R 20 JW302,1123129A20152JUCM0,122.0,2026-01,2026-01-19,19
TBR,10.00R20CDU,1153110020016KCDUC,44.0,2026-01,2026-01-19,19
TBR,10.00R20JUC,1123110020016KJUC0,48.0,2026-01,2026-01-19,19
TBR,11.00R20 JUH5,1122111020016KUH50,100.0,2026-01,2026-01-19,19
TBR,11.00R20JDE++,1121111020016KDEP0,81.0,2026-01,2026-01-19,19
TBR,11R22.5 PD301,115121102C016L301P,60.0,2026-01,2026-01-19,19
TBR,11R22.5 PS301,115221102C016L301P,40.0,2026-01,2026-01-19,19
TBR,11R22.5JUC,112321102C016LJUC0,20.0,2026-01,2026-01-19,19
TBR,295/75R22.5JTHSD,115222972C014LJTS0,91.0,2026-01,2026-01-19,19
TBR,295/80R22.5JDL,112122982C016MJDL0,48.0,2026-01,2026-01-19,19
TBR,295/80R22.5JUL1,112222982C016MJUM0,65.0,2026-01,2026-01-19,19
TBR,8.25R20JDE++,1121182020016KDEP0,86.0,2026-01,2026-01-19,19
TBR,8.25R20JUH5,1122182020016KUH50,147.0,2026-01,2026-01-19,19
TBR,9.00 R 20 JDE++,1121190020016KDEP0,90.0,2026-01,2026-01-19,19
TBR,GT 5014 - 10.00R20 CUX,1152110020016KCUXC,44.0,2026-01,2026-01-19,19
TBR,GT 5075 - 295/90R20 JUH XF,1122129A20152JULF0,101.0,2026-01,2026-01-19,19
TBR,GT 5076 - 295/90R20 JDE XF,1121129A20152JDLF0,179.0,2026-01,2026-01-19,19
TBR,GT 5078 - 295/80R22.5 JUX E,112222982C016JUXE0,10.0,2026-01,2026-01-19,19
TBR,GT 5079 - 255/70R22.5 JUX E,112222562C016MUXE0,12.0,2026-01,2026-01-19,19
TBR,GT 5095 - 11.00R20 JUC3,1123111020016KJC30,92.0,2026-01,2026-01-19,19
TBR,GT 5096 - 11.00R20 JDC XD,1121111020016KCXD0,208.0,2026-01,2026-01-19,19
TBR,GT 5101 - 11.00R20 JS114,1121111020016K1141,26.0,2026-01,2026-01-19,19
TBR,GT 5103 - 295/80R22.5 JUM XM OEM,112222982C152MJXM0,128.0,2026-01,2026-01-19,19
TBR,GT 5117 - 10.00R20 CUC (BD),1153110020016KCUC1,32.0,2026-01,2026-01-19,19
TBR,10.00 R 20 JDE,1121129A20000JDEP0,292.0,2026-01,2026-01-20,20
TBR,10.00 R 20 JUH3+,1122110020016KH3P0,367.0,2026-01,2026-01-20,20
TBR,10.00 R 20 JUH5,1122110020016KUH50,336.0,2026-01,2026-01-20,20
TBR,10.00R 20 JW302,1123129A20152JUCM0,166.0,2026-01,2026-01-20,20
TBR,10.00R20CDU,1153110020016KCDUC,2.0,2026-01,2026-01-20,20
TBR,10.00R20JUC,1123110020016KJUC0,6.0,2026-01,2026-01-20,20
TBR,11.00R20 JUH5,1122111020016KUH50,96.0,2026-01,2026-01-20,20
TBR,11.00R20JDE++,1121111020016KDEP0,48.0,2026-01,2026-01-20,20
TBR,11R22.5 PS301,115221102C016L301P,28.0,2026-01,2026-01-20,20
TBR,11R22.5JUC,112321102C016LJUC0,44.0,2026-01,2026-01-20,20
TBR,295/80R22.5JDL,112122982C016MJDL0,12.0,2026-01,2026-01-20,20
TBR,8.25R20JDE++,1121182020016KDEP0,20.0,2026-01,2026-01-20,20
TBR,9.00 R 20 JDE++,1121190020016KDEP0,96.0,2026-01,2026-01-20,20
TBR,GT 5014 - 10.00R20 CUX,1152110020016KCUXC,38.0,2026-01,2026-01-20,20
TBR,GT 5075 - 295/90R20 JUH XF,1122129A20152JULF0,112.0,2026-01,2026-01-20,20
TBR,GT 5076 - 295/90R20 JDE XF,1121129A20152JDLF0,158.0,2026-01,2026-01-20,20
TBR,GT 5078 - 295/80R22.5 JUX E,112222982C016JUXE0,34.0,2026-01,2026-01-20,20
TBR,GT 5079 - 255/70R22.5 JUX E,112222562C016MUXE0,48.0,2026-01,2026-01-20,20
TBR,GT 5095 - 11.00R20 JUC3,1123111020016KJC30,44.0,2026-01,2026-01-20,20
TBR,GT 5096 - 11.00R20 JDC XD,1121111020016KCXD0,192.0,2026-01,2026-01-20,20
TBR,GT 5103 - 295/80R22.5 JUM XM OEM,112222982C152MJXM0,140.0,2026-01,2026-01-20,20
TBR,GT 5117 - 10.00R20 CUC (BD),1153110020016KCUC1,24.0,2026-01,2026-01-20,20
TBR,10.00 R 20 JDE,1121129A20000JDEP0,289.0,2026-01,2026-01-21,21
TBR,10.00 R 20 JUH3+,1122110020016KH3P0,402.0,2026-01,2026-01-21,21
TBR,10.00 R 20 JUH5,1122110020016KUH50,362.0,2026-01,2026-01-21,21
TBR,10.00R 20 JW302,1123129A20152JUCM0,148.0,2026-01,2026-01-21,21
TBR,10.00R20CDU,1153110020016KCDUC,22.0,2026-01,2026-01-21,21
TBR,11.00R20 JUH5,1122111020016KUH50,100.0,2026-01,2026-01-21,21
TBR,11.00R20JDE++,1121111020016KDEP0,64.0,2026-01,2026-01-21,21
TBR,11R22.5 PD301,115121102C016L301P,27.0,2026-01,2026-01-21,21
TBR,11R22.5 PS301,115221102C016L301P,40.0,2026-01,2026-01-21,21
TBR,11R22.5JUC,112321102C016LJUC0,4.0,2026-01,2026-01-21,21
TBR,11R22.5JUHE,115221102C016LJUH0,8.0,2026-01,2026-01-21,21
TBR,295/75R22.5JTHSD,115222972C014LJTS0,43.0,2026-01,2026-01-21,21
TBR,295/80R22.5JDL,112122982C016MJDL0,26.0,2026-01,2026-01-21,21
TBR,295/80R22.5JUL1,112222982C016MJUM0,26.0,2026-01,2026-01-21,21
TBR,295/90R20 JDE++ (RS),1121129A20000JDEPM,26.0,2026-01,2026-01-21,21
TBR,8.25R20JDE++,1121182020016KDEP0,152.0,2026-01,2026-01-21,21
TBR,8.25R20JUH5,1122182020016KUH50,82.0,2026-01,2026-01-21,21
TBR,9.00 R 20 JDE++,1121190020016KDEP0,64.0,2026-01,2026-01-21,21
TBR,GT 5014 - 10.00R20 CUX,1152110020016KCUXC,44.0,2026-01,2026-01-21,21
TBR,GT 5075 - 295/90R20 JUH XF,1122129A20152JULF0,95.0,2026-01,2026-01-21,21
TBR,GT 5076 - 295/90R20 JDE XF,1121129A20152JDLF0,180.0,2026-01,2026-01-21,21
TBR,GT 5078 - 295/80R22.5 JUX E,112222982C016JUXE0,48.0,2026-01,2026-01-21,21
TBR,GT 5079 - 255/70R22.5 JUX E,112222562C016MUXE0,45.0,2026-01,2026-01-21,21
TBR,GT 5095 - 11.00R20 JUC3,1123111020016KJC30,79.0,2026-01,2026-01-21,21
TBR,GT 5096 - 11.00R20 JDC XD,1121111020016KCXD0,172.0,2026-01,2026-01-21,21
TBR,GT 5101 - 11.00R20 JS114,1121111020016K1141,38.0,2026-01,2026-01-21,21
TBR,GT 5103 - 295/80R22.5 JUM XM OEM,112222982C152MJXM0,125.0,2026-01,2026-01-21,21
TBR,GT 5117 - 10.00R20 CUC (BD),1153110020016KCUC1,6.0,2026-01,2026-01-21,21
TBR,10.00 R 20 JDE,1121129A20000JDEP0,241.0,2026-01,2026-01-22,22
TBR,10.00 R 20 JUH3+,1122110020016KH3P0,389.0,2026-01,2026-01-22,22
TBR,10.00 R 20 JUH5,1122110020016KUH50,306.0,2026-01,2026-01-22,22
TBR,10.00R 20 JW302,1123129A20152JUCM0,175.0,2026-01,2026-01-22,22
TBR,10.00R20CDU,1153110020016KCDUC,8.0,2026-01,2026-01-22,22
TBR,11.00R20 JUH5,1122111020016KUH50,110.0,2026-01,2026-01-22,22
TBR,11.00R20JDE++,1121111020016KDEP0,72.0,2026-01,2026-01-22,22
TBR,11R22.5 PS301,115221102C016L301P,32.0,2026-01,2026-01-22,22
TBR,11R22.5JDH,115121102C016LJDH0,12.0,2026-01,2026-01-22,22
TBR,11R22.5JUC,112321102C016LJUC0,36.0,2026-01,2026-01-22,22
TBR,11R22.5JUHE,115221102C016LJUH0,64.0,2026-01,2026-01-22,22
TBR,295/75R22.5JTHSD,115222972C014LJTS0,164.0,2026-01,2026-01-22,22
TBR,295/80R22.5JDL,112122982C016MJDL0,42.0,2026-01,2026-01-22,22
TBR,295/80R22.5JUL1,112222982C016MJUM0,82.0,2026-01,2026-01-22,22
TBR,295/90R20 JDE++ (RS),1121129A20000JDEPM,80.0,2026-01,2026-01-22,22
TBR,8.25R20JDE++,1121182020016KDEP0,194.0,2026-01,2026-01-22,22
TBR,8.25R20JUH5,1122182020016KUH50,152.0,2026-01,2026-01-22,22
TBR,9.00 R 20 JDE++,1121190020016KDEP0,68.0,2026-01,2026-01-22,22
TBR,GT 5014 - 10.00R20 CUX,1152110020016KCUXC,44.0,2026-01,2026-01-22,22
TBR,GT 5075 - 295/90R20 JUH XF,1122129A20152JULF0,102.0,2026-01,2026-01-22,22
TBR,GT 5076 - 295/90R20 JDE XF,1121129A20152JDLF0,164.0,2026-01,2026-01-22,22
TBR,GT 5078 - 295/80R22.5 JUX E,112222982C016JUXE0,64.0,2026-01,2026-01-22,22
TBR,GT 5079 - 255/70R22.5 JUX E,112222562C016MUXE0,33.0,2026-01,2026-01-22,22
TBR,GT 5095 - 11.00R20 JUC3,1123111020016KJC30,68.0,2026-01,2026-01-22,22
TBR,GT 5096 - 11.00R20 JDC XD,1121111020016KCXD0,180.0,2026-01,2026-01-22,22
TBR,GT 5101 - 11.00R20 JS114,1121111020016K1141,30.0,2026-01,2026-01-22,22
TBR,GT 5103 - 295/80R22.5 JUM XM OEM,112222982C152MJXM0,124.0,2026-01,2026-01-22,22
TBR,GT 5117 - 10.00R20 CUC (BD),1153110020016KCUC1,46.0,2026-01,2026-01-22,22
TBR,10.00 R 20 JDE,1121129A20000JDEP0,288.0,2026-01,2026-01-23,23
TBR,10.00 R 20 JUH3+,1122110020016KH3P0,386.0,2026-01,2026-01-23,23
TBR,10.00 R 20 JUH5,1122110020016KUH50,350.0,2026-01,2026-01-23,23
TBR,10.00R 20 JW302,1123129A20152JUCM0,137.0,2026-01,2026-01-23,23
TBR,10.00R20CDU,1153110020016KCDUC,40.0,2026-01,2026-01-23,23
TBR,11.00R20 JUH5,1122111020016KUH50,124.0,2026-01,2026-01-23,23
TBR,11.00R20JDE++,1121111020016KDEP0,86.0,2026-01,2026-01-23,23
TBR,11R22.5JDH,115121102C016LJDH0,42.0,2026-01,2026-01-23,23
TBR,11R22.5JUC,112321102C016LJUC0,48.0,2026-01,2026-01-23,23
TBR,11R22.5JUHE,115221102C016LJUH0,68.0,2026-01,2026-01-23,23
TBR,295/75R22.5JTHSD,115222972C014LJTS0,162.0,2026-01,2026-01-23,23
TBR,295/80R22.5JDL,112122982C016MJDL0,12.0,2026-01,2026-01-23,23
TBR,295/80R22.5JUL1,112222982C016MJUM0,62.0,2026-01,2026-01-23,23
TBR,295/90R20 JDE++ (RS),1121129A20000JDEPM,82.0,2026-01,2026-01-23,23
TBR,315/70R22.5JDL3,115123162C018LDL30,8.0,2026-01,2026-01-23,23
TBR,8.25R20JDE++,1121182020016KDEP0,197.0,2026-01,2026-01-23,23
TBR,8.25R20JUH5,1122182020016KUH50,159.0,2026-01,2026-01-23,23
TBR,9.00 R 20 JDE++,1121190020016KDEP0,80.0,2026-01,2026-01-23,23
TBR,GT 5014 - 10.00R20 CUX,1152110020016KCUXC,36.0,2026-01,2026-01-23,23
TBR,GT 5075 - 295/90R20 JUH XF,1122129A20152JULF0,140.0,2026-01,2026-01-23,23
TBR,GT 5076 - 295/90R20 JDE XF,1121129A20152JDLF0,176.0,2026-01,2026-01-23,23
TBR,GT 5078 - 295/80R22.5 JUX E,112222982C016JUXE0,84.0,2026-01,2026-01-23,23
TBR,GT 5095 - 11.00R20 JUC3,1123111020016KJC30,78.0,2026-01,2026-01-23,23
TBR,GT 5096 - 11.00R20 JDC XD,1121111020016KCXD0,218.0,2026-01,2026-01-23,23
TBR,GT 5101 - 11.00R20 JS114,1121111020016K1141,40.0,2026-01,2026-01-23,23
TBR,GT 5103 - 295/80R22.5 JUM XM OEM,112222982C152MJXM0,141.0,2026-01,2026-01-23,23
TBR,GT 5111 - 11R22.5 JDC,115121102C016LJDC0,26.0,2026-01,2026-01-23,23
TBR,GT 5113 - 295/80R22.5 JDC XD,115122982C018KCXD0,2.0,2026-01,2026-01-23,23
TBR,GT 5117 - 10.00R20 CUC (BD),1153110020016KCUC1,28.0,2026-01,2026-01-23,23
TBR,10.00 R 20 JDE,1121129A20000JDEP0,284.0,2026-01,2026-01-24,24
TBR,10.00 R 20 JUH3+,1122110020016KH3P0,372.0,2026-01,2026-01-24,24
TBR,10.00 R 20 JUH5,1122110020016KUH50,291.0,2026-01,2026-01-24,24
TBR,10.00R 20 JW302,1123129A20152JUCM0,178.0,2026-01,2026-01-24,24
TBR,10.00R20CDU,1153110020016KCDUC,44.0,2026-01,2026-01-24,24
TBR,11.00R20 JUH5,1122111020016KUH50,138.0,2026-01,2026-01-24,24
TBR,11.00R20JDE++,1121111020016KDEP0,40.0,2026-01,2026-01-24,24
TBR,11R22.5JDH,115121102C016LJDH0,38.0,2026-01,2026-01-24,24
TBR,11R22.5JUC,112321102C016LJUC0,46.0,2026-01,2026-01-24,24
TBR,11R22.5JUHE,115221102C016LJUH0,96.0,2026-01,2026-01-24,24
TBR,295/75R22.5JTHSD,115222972C014LJTS0,94.0,2026-01,2026-01-24,24
TBR,295/80R22.5JUL1,112222982C016MJUM0,90.0,2026-01,2026-01-24,24
TBR,295/90R20 JDE++ (RS),1121129A20000JDEPM,50.0,2026-01,2026-01-24,24
TBR,315/70R22.5JDL3,115123162C018LDL30,42.0,2026-01,2026-01-24,24
TBR,8.25R20JDE++,1121182020016KDEP0,209.0,2026-01,2026-01-24,24
TBR,8.25R20JUH5,1122182020016KUH50,184.0,2026-01,2026-01-24,24
TBR,9.00 R 20 JDE++,1121190020016KDEP0,66.0,2026-01,2026-01-24,24
TBR,GT 5014 - 10.00R20 CUX,1152110020016KCUXC,48.0,2026-01,2026-01-24,24
TBR,GT 5075 - 295/90R20 JUH XF,1122129A20152JULF0,126.0,2026-01,2026-01-24,24
TBR,GT 5076 - 295/90R20 JDE XF,1121129A20152JDLF0,190.0,2026-01,2026-01-24,24
TBR,GT 5078 - 295/80R22.5 JUX E,112222982C016JUXE0,76.0,2026-01,2026-01-24,24
TBR,GT 5095 - 11.00R20 JUC3,1123111020016KJC30,30.0,2026-01,2026-01-24,24
TBR,GT 5096 - 11.00R20 JDC XD,1121111020016KCXD0,212.0,2026-01,2026-01-24,24
TBR,GT 5101 - 11.00R20 JS114,1121111020016K1141,30.0,2026-01,2026-01-24,24
TBR,GT 5103 - 295/80R22.5 JUM XM OEM,112222982C152MJXM0,92.0,2026-01,2026-01-24,24
TBR,GT 5111 - 11R22.5 JDC,115121102C016LJDC0,44.0,2026-01,2026-01-24,24
TBR,GT 5113 - 295/80R22.5 JDC XD,115122982C018KCXD0,38.0,2026-01,2026-01-24,24
TBR,GT 5117 - 10.00R20 CUC (BD),1153110020016KCUC1,27.0,2026-01,2026-01-24,24
TBR,10.00 R 20 JDE,1121129A20000JDEP0,280.0,2026-01,2026-01-25,25
TBR,10.00 R 20 JUH3+,1122110020016KH3P0,416.0,2026-01,2026-01-25,25
TBR,10.00 R 20 JUH5,1122110020016KUH50,253.0,2026-01,2026-01-25,25
TBR,10.00R 20 JW302,1123129A20152JUCM0,92.0,2026-01,2026-01-25,25
TBR,10.00R20CDU,1153110020016KCDUC,44.0,2026-01,2026-01-25,25
TBR,11.00R20 JUH5,1122111020016KUH50,104.0,2026-01,2026-01-25,25
TBR,11.00R20JDE++,1121111020016KDEP0,80.0,2026-01,2026-01-25,25
TBR,11R22.5JDH,115121102C016LJDH0,38.0,2026-01,2026-01-25,25
TBR,11R22.5JUC,112321102C016LJUC0,38.0,2026-01,2026-01-25,25
TBR,11R22.5JUHE,115221102C016LJUH0,25.0,2026-01,2026-01-25,25
TBR,275/70R22.5JTH1,115222762C016LTH10,10.0,2026-01,2026-01-25,25
TBR,295/75R22.5JTHSD,115222972C014LJTS0,168.0,2026-01,2026-01-25,25
TBR,295/80R22.5JUL1,112222982C016MJUM0,68.0,2026-01,2026-01-25,25
TBR,295/90R20 JDE++ (RS),1121129A20000JDEPM,82.0,2026-01,2026-01-25,25
TBR,315/70R22.5JDL3,115123162C018LDL30,30.0,2026-01,2026-01-25,25
TBR,385/55R22.5JTL,115223832C020KJTL0,28.0,2026-01,2026-01-25,25
TBR,8.25R20JDE++,1121182020016KDEP0,239.0,2026-01,2026-01-25,25
TBR,8.25R20JUH5,1122182020016KUH50,210.0,2026-01,2026-01-25,25
TBR,9.00 R 20 JDE++,1121190020016KDEP0,85.0,2026-01,2026-01-25,25
TBR,9.00 R 20 JUH3,1122190020014KJH30,12.0,2026-01,2026-01-25,25
TBR,GT 5014 - 10.00R20 CUX,1152110020016KCUXC,42.0,2026-01,2026-01-25,25
TBR,GT 5075 - 295/90R20 JUH XF,1122129A20152JULF0,102.0,2026-01,2026-01-25,25
TBR,GT 5076 - 295/90R20 JDE XF,1121129A20152JDLF0,178.0,2026-01,2026-01-25,25
TBR,GT 5078 - 295/80R22.5 JUX E,112222982C016JUXE0,78.0,2026-01,2026-01-25,25
TBR,GT 5095 - 11.00R20 JUC3,1123111020016KJC30,92.0,2026-01,2026-01-25,25
TBR,GT 5096 - 11.00R20 JDC XD,1121111020016KCXD0,210.0,2026-01,2026-01-25,25
TBR,GT 5101 - 11.00R20 JS114,1121111020016K1141,10.0,2026-01,2026-01-25,25
TBR,GT 5103 - 295/80R22.5 JUM XM OEM,112222982C152MJXM0,124.0,2026-01,2026-01-25,25
TBR,GT 5111 - 11R22.5 JDC,115121102C016LJDC0,46.0,2026-01,2026-01-25,25
TBR,GT 5113 - 295/80R22.5 JDC XD,115122982C018KCXD0,42.0,2026-01,2026-01-25,25
TBR,10.00 R 20 JDE,1121129A20000JDEP0,193.0,2026-01,2026-01-26,26
TBR,10.00 R 20 JUH3+,1122110020016KH3P0,242.0,2026-01,2026-01-26,26
TBR,10.00 R 20 JUH5,1122110020016KUH50,175.0,2026-01,2026-01-26,26
TBR,10.00R 20 JW302,1123129A20152JUCM0,86.0,2026-01,2026-01-26,26
TBR,10.00R20CDU,1153110020016KCDUC,32.0,2026-01,2026-01-26,26
TBR,11.00R20 JUH5,1122111020016KUH50,78.0,2026-01,2026-01-26,26
TBR,11.00R20JDE++,1121111020016KDEP0,56.0,2026-01,2026-01-26,26
TBR,11R22.5JDH,115121102C016LJDH0,28.0,2026-01,2026-01-26,26
TBR,11R22.5JUC,112321102C016LJUC0,30.0,2026-01,2026-01-26,26
TBR,11R22.5JUHE,115221102C016LJUH0,28.0,2026-01,2026-01-26,26
TBR,275/70R22.5JTH1,115222762C016LTH10,28.0,2026-01,2026-01-26,26
TBR,295/75R22.5JTHSD,115222972C014LJTS0,92.0,2026-01,2026-01-26,26
TBR,295/80R22.5JUL1,112222982C016MJUM0,24.0,2026-01,2026-01-26,26
TBR,295/90R20 JDE++ (RS),1121129A20000JDEPM,56.0,2026-01,2026-01-26,26
TBR,315/70R22.5JDL3,115123162C018LDL30,30.0,2026-01,2026-01-26,26
TBR,385/55R22.5JTL,115223832C020KJTL0,30.0,2026-01,2026-01-26,26
TBR,8.25R20JDE++,1121182020016KDEP0,134.0,2026-01,2026-01-26,26
TBR,8.25R20JUH5,1122182020016KUH50,122.0,2026-01,2026-01-26,26
TBR,9.00 R 20 JDE++,1121190020016KDEP0,63.0,2026-01,2026-01-26,26
TBR,9.00 R 20 JUH3,1122190020014KJH30,36.0,2026-01,2026-01-26,26
TBR,GT 5014 - 10.00R20 CUX,1152110020016KCUXC,28.0,2026-01,2026-01-26,26
TBR,GT 5075 - 295/90R20 JUH XF,1122129A20152JULF0,82.0,2026-01,2026-01-26,26
TBR,GT 5076 - 295/90R20 JDE XF,1121129A20152JDLF0,114.0,2026-01,2026-01-26,26
TBR,GT 5078 - 295/80R22.5 JUX E,112222982C016JUXE0,42.0,2026-01,2026-01-26,26
TBR,GT 5095 - 11.00R20 JUC3,1123111020016KJC30,42.0,2026-01,2026-01-26,26
TBR,GT 5096 - 11.00R20 JDC XD,1121111020016KCXD0,130.0,2026-01,2026-01-26,26
TBR,GT 5101 - 11.00R20 JS114,1121111020016K1141,20.0,2026-01,2026-01-26,26
TBR,GT 5103 - 295/80R22.5 JUM XM OEM,112222982C152MJXM0,59.0,2026-01,2026-01-26,26
TBR,GT 5111 - 11R22.5 JDC,115121102C016LJDC0,18.0,2026-01,2026-01-26,26
TBR,GT 5113 - 295/80R22.5 JDC XD,115122982C018KCXD0,22.0,2026-01,2026-01-26,26
TBR,GT 5114 - 315/80R22.5 JDC XD,115123182C020KCXD0,2.0,2026-01,2026-01-26,26
TBR,10.00 R 20 JDE,1121129A20000JDEP0,326.0,2026-01,2026-01-27,27
TBR,10.00 R 20 JUH3+,1122110020016KH3P0,405.0,2026-01,2026-01-27,27
TBR,10.00 R 20 JUH5,1122110020016KUH50,283.0,2026-01,2026-01-27,27
TBR,10.00R 20 JW302,1123129A20152JUCM0,136.0,2026-01,2026-01-27,27
TBR,10.00R20CDU,1153110020016KCDUC,44.0,2026-01,2026-01-27,27
TBR,11.00R20 JUH5,1122111020016KUH50,128.0,2026-01,2026-01-27,27
TBR,11.00R20JDE++,1121111020016KDEP0,52.0,2026-01,2026-01-27,27
TBR,11R22.5JDH,115121102C016LJDH0,44.0,2026-01,2026-01-27,27
TBR,11R22.5JUC,112321102C016LJUC0,32.0,2026-01,2026-01-27,27
TBR,11R22.5JUHE,115221102C016LJUH0,38.0,2026-01,2026-01-27,27
TBR,275/70R22.5JTH1,115222762C016LTH10,22.0,2026-01,2026-01-27,27
TBR,295/75R22.5JTHSD,115222972C014LJTS0,146.0,2026-01,2026-01-27,27
TBR,295/80R22.5JUL1,112222982C016MJUM0,1.0,2026-01,2026-01-27,27
TBR,295/90R20 JDE++ (RS),1121129A20000JDEPM,86.0,2026-01,2026-01-27,27
TBR,315/70R22.5JDL3,115123162C018LDL30,20.0,2026-01,2026-01-27,27
TBR,385/55R22.5JTL,115223832C020KJTL0,20.0,2026-01,2026-01-27,27
TBR,8.25R20JDE++,1121182020016KDEP0,233.0,2026-01,2026-01-27,27
TBR,8.25R20JUH5,1122182020016KUH50,195.0,2026-01,2026-01-27,27
TBR,9.00 R 20 JDE++,1121190020016KDEP0,96.0,2026-01,2026-01-27,27
TBR,9.00 R 20 JUH3,1122190020014KJH30,48.0,2026-01,2026-01-27,27
TBR,GT 5014 - 10.00R20 CUX,1152110020016KCUXC,48.0,2026-01,2026-01-27,27
TBR,GT 5075 - 295/90R20 JUH XF,1122129A20152JULF0,138.0,2026-01,2026-01-27,27
TBR,GT 5076 - 295/90R20 JDE XF,1121129A20152JDLF0,188.0,2026-01,2026-01-27,27
TBR,GT 5078 - 295/80R22.5 JUX E,112222982C016JUXE0,52.0,2026-01,2026-01-27,27
TBR,GT 5083 - 295/80R22.5 JUM XM,112222982C016MJXM0,16.0,2026-01,2026-01-27,27
TBR,GT 5095 - 11.00R20 JUC3,1123111020016KJC30,84.0,2026-01,2026-01-27,27
TBR,GT 5096 - 11.00R20 JDC XD,1121111020016KCXD0,228.0,2026-01,2026-01-27,27
TBR,GT 5101 - 11.00R20 JS114,1121111020016K1141,44.0,2026-01,2026-01-27,27
TBR,GT 5103 - 295/80R22.5 JUM XM OEM,112222982C152MJXM0,109.0,2026-01,2026-01-27,27
TBR,GT 5111 - 11R22.5 JDC,115121102C016LJDC0,38.0,2026-01,2026-01-27,27
TBR,GT 5113 - 295/80R22.5 JDC XD,115122982C018KCXD0,18.0,2026-01,2026-01-27,27
TBR,GT 5114 - 315/80R22.5 JDC XD,115123182C020KCXD0,40.0,2026-01,2026-01-27,27
TBR,10.00 R 20 JDE,1121129A20000JDEP0,336.0,2026-01,2026-01-28,28
TBR,10.00 R 20 JUH3+,1122110020016KH3P0,304.0,2026-01,2026-01-28,28
TBR,10.00 R 20 JUH5,1122110020016KUH50,247.0,2026-01,2026-01-28,28
TBR,10.00R 20 JW302,1123129A20152JUCM0,122.0,2026-01,2026-01-28,28
TBR,10.00R20CDU,1153110020016KCDUC,44.0,2026-01,2026-01-28,28
TBR,11.00R20 JUH5,1122111020016KUH50,130.0,2026-01,2026-01-28,28
TBR,11.00R20JDE++,1121111020016KDEP0,88.0,2026-01,2026-01-28,28
TBR,11R22.5JDH,115121102C016LJDH0,46.0,2026-01,2026-01-28,28
TBR,11R22.5JUC,112321102C016LJUC0,26.0,2026-01,2026-01-28,28
TBR,11R22.5JUHE,115221102C016LJUH0,20.0,2026-01,2026-01-28,28
TBR,275/70R22.5JTH1,115222762C016LTH10,52.0,2026-01,2026-01-28,28
TBR,295/75R22.5JTHSD,115222972C014LJTS0,102.0,2026-01,2026-01-28,28
TBR,295/90R20 JDE++ (RS),1121129A20000JDEPM,84.0,2026-01,2026-01-28,28
TBR,315/70R22.5JDL3,115123162C018LDL30,44.0,2026-01,2026-01-28,28
TBR,315/80R22.5JDL3,115123182C018LDL30,20.0,2026-01,2026-01-28,28
TBR,385/55R22.5JTL,115223832C020KJTL0,48.0,2026-01,2026-01-28,28
TBR,8.25R20JDE++,1121182020016KDEP0,248.0,2026-01,2026-01-28,28
TBR,8.25R20JUH5,1122182020016KUH50,204.0,2026-01,2026-01-28,28
TBR,9.00 R 20 JDE++,1121190020016KDEP0,64.0,2026-01,2026-01-28,28
TBR,9.00 R 20 JUH3,1122190020014KJH30,60.0,2026-01,2026-01-28,28
TBR,GT 5014 - 10.00R20 CUX,1152110020016KCUXC,44.0,2026-01,2026-01-28,28
TBR,GT 5075 - 295/90R20 JUH XF,1122129A20152JULF0,120.0,2026-01,2026-01-28,28
TBR,GT 5076 - 295/90R20 JDE XF,1121129A20152JDLF0,190.0,2026-01,2026-01-28,28
TBR,GT 5078 - 295/80R22.5 JUX E,112222982C016JUXE0,94.0,2026-01,2026-01-28,28
TBR,GT 5083 - 295/80R22.5 JUM XM,112222982C016MJXM0,74.0,2026-01,2026-01-28,28
TBR,GT 5095 - 11.00R20 JUC3,1123111020016KJC30,92.0,2026-01,2026-01-28,28
TBR,GT 5096 - 11.00R20 JDC XD,1121111020016KCXD0,226.0,2026-01,2026-01-28,28
TBR,GT 5101 - 11.00R20 JS114,1121111020016K1141,42.0,2026-01,2026-01-28,28
TBR,GT 5103 - 295/80R22.5 JUM XM OEM,112222982C152MJXM0,82.0,2026-01,2026-01-28,28
TBR,GT 5111 - 11R22.5 JDC,115121102C016LJDC0,44.0,2026-01,2026-01-28,28
TBR,GT 5113 - 295/80R22.5 JDC XD,115122982C018KCXD0,19.0,2026-01,2026-01-28,28
TBR,GT 5114 - 315/80R22.5 JDC XD,115123182C020KCXD0,34.0,2026-01,2026-01-28,28
TBR,10.00 R 20 JDE,1121129A20000JDEP0,330.0,2026-01,2026-01-29,29
TBR,10.00 R 20 JUH3+,1122110020016KH3P0,348.0,2026-01,2026-01-29,29
TBR,10.00 R 20 JUH5,1122110020016KUH50,313.0,2026-01,2026-01-29,29
TBR,10.00R 20 JW302,1123129A20152JUCM0,138.0,2026-01,2026-01-29,29
TBR,10.00R20CDU,1153110020016KCDUC,46.0,2026-01,2026-01-29,29
TBR,11.00R20 JUH5,1122111020016KUH50,140.0,2026-01,2026-01-29,29
TBR,11.00R20JDE++,1121111020016KDEP0,76.0,2026-01,2026-01-29,29
TBR,11R22.5JDH,115121102C016LJDH0,24.0,2026-01,2026-01-29,29
TBR,11R22.5JUC,112321102C016LJUC0,50.0,2026-01,2026-01-29,29
TBR,11R22.5JUHE,115221102C016LJUH0,42.0,2026-01,2026-01-29,29
TBR,275/70R22.5JTH1,115222762C016LTH10,56.0,2026-01,2026-01-29,29
TBR,295/75R22.5JTHSD,115222972C014LJTS0,108.0,2026-01,2026-01-29,29
TBR,295/90R20 JDE++ (RS),1121129A20000JDEPM,88.0,2026-01,2026-01-29,29
TBR,315/70R22.5JDL3,115123162C018LDL30,48.0,2026-01,2026-01-29,29
TBR,315/80R22.5JDL3,115123182C018LDL30,44.0,2026-01,2026-01-29,29
TBR,385/55R22.5JTL,115223832C020KJTL0,38.0,2026-01,2026-01-29,29
TBR,8.25R20JDE++,1121182020016KDEP0,246.0,2026-01,2026-01-29,29
TBR,8.25R20JUH5,1122182020016KUH50,205.0,2026-01,2026-01-29,29
TBR,9.00 R 20 JDE++,1121190020016KDEP0,92.0,2026-01,2026-01-29,29
TBR,9.00 R 20 JUH3,1122190020014KJH30,58.0,2026-01,2026-01-29,29
TBR,GT 5014 - 10.00R20 CUX,1152110020016KCUXC,49.0,2026-01,2026-01-29,29
TBR,GT 5075 - 295/90R20 JUH XF,1122129A20152JULF0,146.0,2026-01,2026-01-29,29
TBR,GT 5076 - 295/90R20 JDE XF,1121129A20152JDLF0,190.0,2026-01,2026-01-29,29
TBR,GT 5077 - 295/90R20 JDL XM2,1121129A20152JLM20,7.0,2026-01,2026-01-29,29
TBR,GT 5078 - 295/80R22.5 JUX E,112222982C016JUXE0,90.0,2026-01,2026-01-29,29
TBR,GT 5083 - 295/80R22.5 JUM XM,112222982C016MJXM0,70.0,2026-01,2026-01-29,29
TBR,GT 5095 - 11.00R20 JUC3,1123111020016KJC30,86.0,2026-01,2026-01-29,29
TBR,GT 5096 - 11.00R20 JDC XD,1121111020016KCXD0,222.0,2026-01,2026-01-29,29
TBR,GT 5101 - 11.00R20 JS114,1121111020016K1141,20.0,2026-01,2026-01-29,29
TBR,GT 5103 - 295/80R22.5 JUM XM OEM,112222982C152MJXM0,90.0,2026-01,2026-01-29,29
TBR,GT 5111 - 11R22.5 JDC,115121102C016LJDC0,40.0,2026-01,2026-01-29,29
TBR,GT 5113 - 295/80R22.5 JDC XD,115122982C018KCXD0,19.0,2026-01,2026-01-29,29
TBR,GT 5114 - 315/80R22.5 JDC XD,115123182C020KCXD0,42.0,2026-01,2026-01-29,29
TBR,10.00 R 20 JDE,1121129A20000JDEP0,319.0,2026-01,2026-01-30,30
TBR,10.00 R 20 JUH3+,1122110020016KH3P0,384.0,2026-01,2026-01-30,30
TBR,10.00 R 20 JUH5,1122110020016KUH50,310.0,2026-01,2026-01-30,30
TBR,10.00R 20 JW302,1123129A20152JUCM0,136.0,2026-01,2026-01-30,30
TBR,10.00R20CDU,1153110020016KCDUC,35.0,2026-01,2026-01-30,30
TBR,11.00R20 JUH5,1122111020016KUH50,110.0,2026-01,2026-01-30,30
TBR,11.00R20JDE++,1121111020016KDEP0,84.0,2026-01,2026-01-30,30
TBR,11R22.5JUC,112321102C016LJUC0,48.0,2026-01,2026-01-30,30
TBR,11R22.5JUHE,115221102C016LJUH0,35.0,2026-01,2026-01-30,30
TBR,275/70R22.5JTH1,115222762C016LTH10,40.0,2026-01,2026-01-30,30
TBR,295/75R22.5JTHSD,115222972C014LJTS0,90.0,2026-01,2026-01-30,30
TBR,295/90R20 JDE++ (RS),1121129A20000JDEPM,76.0,2026-01,2026-01-30,30
TBR,315/70R22.5JDL3,115123162C018LDL30,44.0,2026-01,2026-01-30,30
TBR,315/80R22.5JDL3,115123182C018LDL30,92.0,2026-01,2026-01-30,30
TBR,315/80R22.5JUC4,115323182C018LUC40,2.0,2026-01,2026-01-30,30
TBR,385/55R22.5JTL,115223832C020KJTL0,20.0,2026-01,2026-01-30,30
TBR,8.25R20JDE++,1121182020016KDEP0,252.0,2026-01,2026-01-30,30
TBR,8.25R20JUH5,1122182020016KUH50,196.0,2026-01,2026-01-30,30
TBR,9.00 R 20 JDE++,1121190020016KDEP0,92.0,2026-01,2026-01-30,30
TBR,9.00 R 20 JUH3,1122190020014KJH30,46.0,2026-01,2026-01-30,30
TBR,GT 5014 - 10.00R20 CUX,1152110020016KCUXC,38.0,2026-01,2026-01-30,30
TBR,GT 5075 - 295/90R20 JUH XF,1122129A20152JULF0,142.0,2026-01,2026-01-30,30
TBR,GT 5076 - 295/90R20 JDE XF,1121129A20152JDLF0,188.0,2026-01,2026-01-30,30
TBR,GT 5077 - 295/90R20 JDL XM2,1121129A20152JLM20,11.0,2026-01,2026-01-30,30
TBR,GT 5078 - 295/80R22.5 JUX E,112222982C016JUXE0,87.0,2026-01,2026-01-30,30
TBR,GT 5083 - 295/80R22.5 JUM XM,112222982C016MJXM0,72.0,2026-01,2026-01-30,30
TBR,GT 5095 - 11.00R20 JUC3,1123111020016KJC30,76.0,2026-01,2026-01-30,30
TBR,GT 5096 - 11.00R20 JDC XD,1121111020016KCXD0,214.0,2026-01,2026-01-30,30
TBR,GT 5101 - 11.00R20 JS114,1121111020016K1141,44.0,2026-01,2026-01-30,30
TBR,GT 5103 - 295/80R22.5 JUM XM OEM,112222982C152MJXM0,93.0,2026-01,2026-01-30,30
TBR,GT 5111 - 11R22.5 JDC,115121102C016LJDC0,10.0,2026-01,2026-01-30,30
TBR,GT 5113 - 295/80R22.5 JDC XD,115122982C018KCXD0,42.0,2026-01,2026-01-30,30
TBR,GT 5114 - 315/80R22.5 JDC XD,115123182C020KCXD0,44.0,2026-01,2026-01-30,30
TBR,10.00 R 20 JDE,1121129A20000JDEP0,329.0,2026-01,2026-01-31,31
TBR,10.00 R 20 JUH3+,1122110020016KH3P0,426.0,2026-01,2026-01-31,31
TBR,10.00 R 20 JUH5,1122110020016KUH50,332.0,2026-01,2026-01-31,31
TBR,10.00R 20 JW302,1123129A20152JUCM0,126.0,2026-01,2026-01-31,31
TBR,10.00R20CDU,1153110020016KCDUC,48.0,2026-01,2026-01-31,31
TBR,11.00R20 JUH5,1122111020016KUH50,108.0,2026-01,2026-01-31,31
TBR,11.00R20JDE++,1121111020016KDEP0,92.0,2026-01,2026-01-31,31
TBR,11R22.5JUC,112321102C016LJUC0,30.0,2026-01,2026-01-31,31
TBR,275/70R22.5JTH1,115222762C016LTH10,26.0,2026-01,2026-01-31,31
TBR,295/75R22.5JTHSD,115222972C014LJTS0,112.0,2026-01,2026-01-31,31
TBR,295/90R20 JDE++ (RS),1121129A20000JDEPM,96.0,2026-01,2026-01-31,31
TBR,315/70R22.5JDL3,115123162C018LDL30,44.0,2026-01,2026-01-31,31
TBR,315/80R22.5JDL3,115123182C018LDL30,86.0,2026-01,2026-01-31,31
TBR,315/80R22.5JUC4,115323182C018LUC40,40.0,2026-01,2026-01-31,31
TBR,315/80R22.5JUL4,115223182C018LUL40,16.0,2026-01,2026-01-31,31
TBR,385/55R22.5JTL,115223832C020KJTL0,18.0,2026-01,2026-01-31,31
TBR,8.25R20JDE++,1121182020016KDEP0,206.0,2026-01,2026-01-31,31
TBR,8.25R20JUH5,1122182020016KUH50,212.0,2026-01,2026-01-31,31
TBR,9.00 R 20 JDE++,1121190020016KDEP0,95.0,2026-01,2026-01-31,31
TBR,9.00 R 20 JUH3,1122190020014KJH30,46.0,2026-01,2026-01-31,31
TBR,GT 5075 - 295/90R20 JUH XF,1122129A20152JULF0,134.0,2026-01,2026-01-31,31
TBR,GT 5076 - 295/90R20 JDE XF,1121129A20152JDLF0,183.0,2026-01,2026-01-31,31
TBR,GT 5078 - 295/80R22.5 JUX E,112222982C016JUXE0,62.0,2026-01,2026-01-31,31
TBR,GT 5083 - 295/80R22.5 JUM XM,112222982C016MJXM0,108.0,2026-01,2026-01-31,31
TBR,GT 5095 - 11.00R20 JUC3,1123111020016KJC30,90.0,2026-01,2026-01-31,31
TBR,GT 5096 - 11.00R20 JDC XD,1121111020016KCXD0,230.0,2026-01,2026-01-31,31
TBR,GT 5101 - 11.00R20 JS114,1121111020016K1141,6.0,2026-01,2026-01-31,31
TBR,GT 5103 - 295/80R22.5 JUM XM OEM,112222982C152MJXM0,92.0,2026-01,2026-01-31,31
TBR,GT 5113 - 295/80R22.5 JDC XD,115122982C018KCXD0,13.0,2026-01,2026-01-31,31
TBR,GT 5114 - 315/80R22.5 JDC XD,115123182C020KCXD0,34.0,2026-01,2026-01-31,31
