plant,gt_code,sku,qty,month,due_date,day
PCR,GT  T1457 STAR,1325214617107MSXT0,184.0,2026-05,2026-05-01,1
PCR,GT 1402 XPC TATA,1D25214012008QXPCT,362.0,2026-05,2026-05-01,1
PCR,GT 1412 XPC MM,1D25114012008QXPC0,106.0,2026-05,2026-05-01,1
PCR,GT 1482 UHL,1325214812074TUHL0,197.0,2026-05,2026-05-01,1
PCR,GT 1503 NEO MSIL,1325215813079TUNE3,613.0,2026-05,2026-05-01,1
PCR,GT 1512 XPC1,1225215Z12008RXC10,84.0,2026-05,2026-05-01,1
PCR,GT 1513 XPC1 MSIL,1D25215013008SXC10,580.0,2026-05,2026-05-01,1
PCR,GT 1543 XPC1,1D25215013008SXC1T,278.0,2026-05,2026-05-01,1
PCR,GT 1583 NEO TATA,1325215813079TUNE5,209.0,2026-05,2026-05-01,1
PCR,GT 1634 XPC TATA,1D25216814008QXPC0,182.0,2026-05,2026-05-01,1
PCR,GT 1673 NEO,1325216613079HUNE0,42.0,2026-05,2026-05-01,1
PCR,GT 1684 ROYL,1325216814085TURL2,88.0,2026-05,2026-05-01,1
PCR,GT 1765 ROYL,1325217515084HURL2,204.0,2026-05,2026-05-01,1
PCR,GT 1844 XPC TML,1D25218014010RXPCT,131.0,2026-05,2026-05-01,1
PCR,GT 1865 ROYL RENO,1325218515088TURL1,66.0,2026-05,2026-05-01,1
PCR,GT 1916 ROYL,1325219416089HURL1,56.0,2026-05,2026-05-01,1
PCR,GT 1925 XPC1,1225219Z15008SXC11,168.0,2026-05,2026-05-01,1
PCR,GT 1995 ROYL KIA,1325219515091HURL2,361.0,2026-05,2026-05-01,1
PCR,GT 2158 ROYL HYU,1325221318095HURL0,122.0,2026-05,2026-05-01,1
PCR,GT 2258 RAN HPE,1325222318098HRHE0,180.0,2026-05,2026-05-01,1
PCR,GT 2267 ROYL HYU,1325221417096HURL0,569.0,2026-05,2026-05-01,1
PCR,GT 2276 RAN HT,1325227616114TRHT0,72.0,2026-05,2026-05-01,1
PCR,GT 2366 ROYL,1325223516103TURL0,14.0,2026-05,2026-05-01,1
PCR,GT 2457 LEVI,1325222317101YLEVY,18.0,2026-05,2026-05-01,1
PCR,GT 2476 SUP MM,1325224716111SELS0,44.0,2026-05,2026-05-01,1
PCR,GT 2568 HT2,1325225518111HRHB0,244.0,2026-05,2026-05-01,1
PCR,GT1915 LT XPC1,1225219Z15008SXC10,22.0,2026-05,2026-05-01,1
PCR,GT  T1457 STAR,1325214617107MSXT0,286.0,2026-05,2026-05-02,2
PCR,GT 1402 XPC TATA,1D25214012008QXPCT,622.0,2026-05,2026-05-02,2
PCR,GT 1412 XPC MM,1D25114012008QXPC0,294.0,2026-05,2026-05-02,2
PCR,GT 1482 UHL,1325214812074TUHL0,254.0,2026-05,2026-05-02,2
PCR,GT 1503 NEO MSIL,1325215813079TUNE3,1157.0,2026-05,2026-05-02,2
PCR,GT 1512 XPC1,1225215Z12008RXC10,80.0,2026-05,2026-05-02,2
PCR,GT 1513 XPC1 MSIL,1D25215013008SXC10,1285.0,2026-05,2026-05-02,2
PCR,GT 1543 XPC1,1D25215013008SXC1T,718.0,2026-05,2026-05-02,2
PCR,GT 1583 NEO TATA,1325215813079TUNE5,92.0,2026-05,2026-05-02,2
PCR,GT 1634 XPC TATA,1D25216814008QXPC0,288.0,2026-05,2026-05-02,2
PCR,GT 1673 NEO,1325216613079HUNE0,30.0,2026-05,2026-05-02,2
PCR,GT 1684 ROYL,1325216814085TURL2,164.0,2026-05,2026-05-02,2
PCR,GT 1765 ROYL,1325217515084HURL2,170.0,2026-05,2026-05-02,2
PCR,GT 1844 XPC TML,1D25218014010RXPCT,322.0,2026-05,2026-05-02,2
PCR,GT 1865 ROYL RENO,1325218515088TURL1,146.0,2026-05,2026-05-02,2
PCR,GT 1916 ROYL,1325219416089HURL1,155.0,2026-05,2026-05-02,2
PCR,GT 1925 XPC1,1225219Z15008SXC11,348.0,2026-05,2026-05-02,2
PCR,GT 1995 ROYL KIA,1325219515091HURL2,527.0,2026-05,2026-05-02,2
PCR,GT 2158 ROYL HYU,1325221318095HURL0,198.0,2026-05,2026-05-02,2
PCR,GT 2258 RAN HPE,1325222318098HRHE0,345.0,2026-05,2026-05-02,2
PCR,GT 2267 ROYL HYU,1325221417096HURL0,811.0,2026-05,2026-05-02,2
PCR,GT 2276 RAN HT,1325227616114TRHT0,148.0,2026-05,2026-05-02,2
PCR,GT 2457 LEVI,1325222317101YLEVY,4.0,2026-05,2026-05-02,2
PCR,GT 2476 SUP MM,1325224716111SELS0,198.0,2026-05,2026-05-02,2
PCR,GT 2568 HT2,1325225518111HRHB0,428.0,2026-05,2026-05-02,2
PCR,GT 2775 RAN XAT,1325223715104RRXT0,32.0,2026-05,2026-05-02,2
PCR,GT1915 LT XPC1,1225219Z15008SXC10,117.0,2026-05,2026-05-02,2
PCR,GT  T1457 STAR,1325214617107MSXT0,92.0,2026-05,2026-05-03,3
PCR,GT 1402 XPC TATA,1D25214012008QXPCT,446.0,2026-05,2026-05-03,3
PCR,GT 1412 XPC MM,1D25114012008QXPC0,222.0,2026-05,2026-05-03,3
PCR,GT 1482 UHL,1325214812074TUHL0,364.0,2026-05,2026-05-03,3
PCR,GT 1503 NEO MSIL,1325215813079TUNE3,1060.0,2026-05,2026-05-03,3
PCR,GT 1512 XPC1,1225215Z12008RXC10,168.0,2026-05,2026-05-03,3
PCR,GT 1513 XPC1 MSIL,1D25215013008SXC10,1318.0,2026-05,2026-05-03,3
PCR,GT 1543 XPC1,1D25215013008SXC1T,602.0,2026-05,2026-05-03,3
PCR,GT 1583 NEO TATA,1325215813079TUNE5,422.0,2026-05,2026-05-03,3
PCR,GT 1634 XPC TATA,1D25216814008QXPC0,288.0,2026-05,2026-05-03,3
PCR,GT 1673 NEO,1325216613079HUNE0,198.0,2026-05,2026-05-03,3
PCR,GT 1684 ROYL,1325216814085TURL2,100.0,2026-05,2026-05-03,3
PCR,GT 1765 ROYL,1325217515084HURL2,392.0,2026-05,2026-05-03,3
PCR,GT 1844 XPC TML,1D25218014010RXPCT,353.0,2026-05,2026-05-03,3
PCR,GT 1865 ROYL RENO,1325218515088TURL1,140.0,2026-05,2026-05-03,3
PCR,GT 1916 ROYL,1325219416089HURL1,156.0,2026-05,2026-05-03,3
PCR,GT 1925 XPC1,1225219Z15008SXC11,264.0,2026-05,2026-05-03,3
PCR,GT 1995 ROYL KIA,1325219515091HURL2,680.0,2026-05,2026-05-03,3
PCR,GT 2158 ROYL HYU,1325221318095HURL0,727.0,2026-05,2026-05-03,3
PCR,GT 2258 RAN HPE,1325222318098HRHE0,344.0,2026-05,2026-05-03,3
PCR,GT 2267 ROYL HYU,1325221417096HURL0,1034.0,2026-05,2026-05-03,3
PCR,GT 2276 RAN HT,1325227616114TRHT0,92.0,2026-05,2026-05-03,3
PCR,GT 2366 ROYL,1325223516103TURL0,40.0,2026-05,2026-05-03,3
PCR,GT 2476 SUP MM,1325224716111SELS0,541.0,2026-05,2026-05-03,3
PCR,GT 2568 HT2,1325225518111HRHB0,462.0,2026-05,2026-05-03,3
PCR,GT 2775 RAN XAT,1325223715104RRXT0,130.0,2026-05,2026-05-03,3
PCR,GT  T1457 STAR,1325214617107MSXT0,182.0,2026-05,2026-05-04,4
PCR,GT 1402 XPC TATA,1D25214012008QXPCT,413.0,2026-05,2026-05-04,4
PCR,GT 1412 XPC MM,1D25114012008QXPC0,171.0,2026-05,2026-05-04,4
PCR,GT 1482 UHL,1325214812074TUHL0,365.0,2026-05,2026-05-04,4
PCR,GT 1503 NEO MSIL,1325215813079TUNE3,1235.0,2026-05,2026-05-04,4
PCR,GT 1512 XPC1,1225215Z12008RXC10,133.0,2026-05,2026-05-04,4
PCR,GT 1513 XPC1 MSIL,1D25215013008SXC10,1472.0,2026-05,2026-05-04,4
PCR,GT 1543 XPC1,1D25215013008SXC1T,887.0,2026-05,2026-05-04,4
PCR,GT 1583 NEO TATA,1325215813079TUNE5,283.0,2026-05,2026-05-04,4
PCR,GT 1634 XPC TATA,1D25216814008QXPC0,347.0,2026-05,2026-05-04,4
PCR,GT 1673 NEO,1325216613079HUNE0,190.0,2026-05,2026-05-04,4
PCR,GT 1765 ROYL,1325217515084HURL2,392.0,2026-05,2026-05-04,4
PCR,GT 1844 XPC TML,1D25218014010RXPCT,461.0,2026-05,2026-05-04,4
PCR,GT 1865 ROYL RENO,1325218515088TURL1,84.0,2026-05,2026-05-04,4
PCR,GT 1916 ROYL,1325219416089HURL1,98.0,2026-05,2026-05-04,4
PCR,GT 1925 XPC1,1225219Z15008SXC11,514.0,2026-05,2026-05-04,4
PCR,GT 1995 ROYL KIA,1325219515091HURL2,592.0,2026-05,2026-05-04,4
PCR,GT 2158 ROYL HYU,1325221318095HURL0,441.0,2026-05,2026-05-04,4
PCR,GT 2258 RAN HPE,1325222318098HRHE0,402.0,2026-05,2026-05-04,4
PCR,GT 2267 ROYL HYU,1325221417096HURL0,1158.0,2026-05,2026-05-04,4
PCR,GT 2366 ROYL,1325223516103TURL0,160.0,2026-05,2026-05-04,4
PCR,GT 2476 SUP MM,1325224716111SELS0,572.0,2026-05,2026-05-04,4
PCR,GT 2568 HT2,1325225518111HRHB0,374.0,2026-05,2026-05-04,4
PCR,GT 2775 RAN XAT,1325223715104RRXT0,92.0,2026-05,2026-05-04,4
PCR,GT2776 RAN AT,1325223616105TRAT0,66.0,2026-05,2026-05-04,4
PCR,GT  T1457 STAR,1325214617107MSXT0,254.0,2026-05,2026-05-05,5
PCR,GT 1402 XPC TATA,1D25214012008QXPCT,703.0,2026-05,2026-05-05,5
PCR,GT 1412 XPC MM,1D25114012008QXPC0,309.0,2026-05,2026-05-05,5
PCR,GT 1482 UHL,1325214812074TUHL0,295.0,2026-05,2026-05-05,5
PCR,GT 1503 NEO MSIL,1325215813079TUNE3,1127.0,2026-05,2026-05-05,5
PCR,GT 1512 XPC1,1225215Z12008RXC10,162.0,2026-05,2026-05-05,5
PCR,GT 1513 XPC1 MSIL,1D25215013008SXC10,1536.0,2026-05,2026-05-05,5
PCR,GT 1543 XPC1,1D25215013008SXC1T,884.0,2026-05,2026-05-05,5
PCR,GT 1583 NEO TATA,1325215813079TUNE5,451.0,2026-05,2026-05-05,5
PCR,GT 1634 XPC TATA,1D25216814008QXPC0,278.0,2026-05,2026-05-05,5
PCR,GT 1673 NEO,1325216613079HUNE0,194.0,2026-05,2026-05-05,5
PCR,GT 1684 ROYL,1325216814085TURL2,162.0,2026-05,2026-05-05,5
PCR,GT 1765 ROYL,1325217515084HURL2,366.0,2026-05,2026-05-05,5
PCR,GT 1844 XPC TML,1D25218014010RXPCT,482.0,2026-05,2026-05-05,5
PCR,GT 1865 ROYL RENO,1325218515088TURL1,154.0,2026-05,2026-05-05,5
PCR,GT 1916 ROYL,1325219416089HURL1,138.0,2026-05,2026-05-05,5
PCR,GT 1925 XPC1,1225219Z15008SXC11,396.0,2026-05,2026-05-05,5
PCR,GT 1995 ROYL KIA,1325219515091HURL2,696.0,2026-05,2026-05-05,5
PCR,GT 2158 ROYL HYU,1325221318095HURL0,663.0,2026-05,2026-05-05,5
PCR,GT 2258 RAN HPE,1325222318098HRHE0,328.0,2026-05,2026-05-05,5
PCR,GT 2267 ROYL HYU,1325221417096HURL0,973.0,2026-05,2026-05-05,5
PCR,GT 2366 ROYL,1325223516103TURL0,108.0,2026-05,2026-05-05,5
PCR,GT 2476 SUP MM,1325224716111SELS0,631.0,2026-05,2026-05-05,5
PCR,GT 2568 HT2,1325225518111HRHB0,600.0,2026-05,2026-05-05,5
PCR,GT2776 RAN AT,1325223616105TRAT0,148.0,2026-05,2026-05-05,5
PCR,GT  T1457 STAR,1325214617107MSXT0,319.0,2026-05,2026-05-06,6
PCR,GT 1402 XPC TATA,1D25214012008QXPCT,703.0,2026-05,2026-05-06,6
PCR,GT 1412 XPC MM,1D25114012008QXPC0,319.0,2026-05,2026-05-06,6
PCR,GT 1482 UHL,1325214812074TUHL0,305.0,2026-05,2026-05-06,6
PCR,GT 1503 NEO MSIL,1325215813079TUNE3,1211.0,2026-05,2026-05-06,6
PCR,GT 1512 XPC1,1225215Z12008RXC10,132.0,2026-05,2026-05-06,6
PCR,GT 1513 XPC1 MSIL,1D25215013008SXC10,1598.0,2026-05,2026-05-06,6
PCR,GT 1543 XPC1,1D25215013008SXC1T,730.0,2026-05,2026-05-06,6
PCR,GT 1583 NEO TATA,1325215813079TUNE5,342.0,2026-05,2026-05-06,6
PCR,GT 1634 XPC TATA,1D25216814008QXPC0,427.0,2026-05,2026-05-06,6
PCR,GT 1673 NEO,1325216613079HUNE0,178.0,2026-05,2026-05-06,6
PCR,GT 1684 ROYL,1325216814085TURL2,130.0,2026-05,2026-05-06,6
PCR,GT 1765 ROYL,1325217515084HURL2,310.0,2026-05,2026-05-06,6
PCR,GT 1844 XPC TML,1D25218014010RXPCT,413.0,2026-05,2026-05-06,6
PCR,GT 1865 ROYL RENO,1325218515088TURL1,70.0,2026-05,2026-05-06,6
PCR,GT 1916 ROYL,1325219416089HURL1,92.0,2026-05,2026-05-06,6
PCR,GT 1925 XPC1,1225219Z15008SXC11,558.0,2026-05,2026-05-06,6
PCR,GT 1995 ROYL KIA,1325219515091HURL2,726.0,2026-05,2026-05-06,6
PCR,GT 2158 ROYL HYU,1325221318095HURL0,532.0,2026-05,2026-05-06,6
PCR,GT 2258 RAN HPE,1325222318098HRHE0,322.0,2026-05,2026-05-06,6
PCR,GT 2267 ROYL HYU,1325221417096HURL0,1060.0,2026-05,2026-05-06,6
PCR,GT 2366 ROYL,1325223516103TURL0,74.0,2026-05,2026-05-06,6
PCR,GT 2476 SUP MM,1325224716111SELS0,510.0,2026-05,2026-05-06,6
PCR,GT 2568 HT2,1325225518111HRHB0,579.0,2026-05,2026-05-06,6
PCR,GT2776 RAN AT,1325223616105TRAT0,16.0,2026-05,2026-05-06,6
PCR,GT  T1457 STAR,1325214617107MSXT0,205.0,2026-05,2026-05-07,7
PCR,GT 1402 XPC TATA,1D25214012008QXPCT,506.0,2026-05,2026-05-07,7
PCR,GT 1412 XPC MM,1D25114012008QXPC0,258.0,2026-05,2026-05-07,7
PCR,GT 1482 UHL,1325214812074TUHL0,266.0,2026-05,2026-05-07,7
PCR,GT 1503 NEO MSIL,1325215813079TUNE3,1145.0,2026-05,2026-05-07,7
PCR,GT 1512 XPC1,1225215Z12008RXC10,176.0,2026-05,2026-05-07,7
PCR,GT 1513 XPC1 MSIL,1D25215013008SXC10,1458.0,2026-05,2026-05-07,7
PCR,GT 1543 XPC1,1D25215013008SXC1T,596.0,2026-05,2026-05-07,7
PCR,GT 1583 NEO TATA,1325215813079TUNE5,468.0,2026-05,2026-05-07,7
PCR,GT 1634 XPC TATA,1D25216814008QXPC0,324.0,2026-05,2026-05-07,7
PCR,GT 1673 NEO,1325216613079HUNE0,194.0,2026-05,2026-05-07,7
PCR,GT 1684 ROYL,1325216814085TURL2,122.0,2026-05,2026-05-07,7
PCR,GT 1765 ROYL,1325217515084HURL2,109.0,2026-05,2026-05-07,7
PCR,GT 1844 XPC TML,1D25218014010RXPCT,443.0,2026-05,2026-05-07,7
PCR,GT 1865 ROYL RENO,1325218515088TURL1,166.0,2026-05,2026-05-07,7
PCR,GT 1916 ROYL,1325219416089HURL1,174.0,2026-05,2026-05-07,7
PCR,GT 1925 XPC1,1225219Z15008SXC11,568.0,2026-05,2026-05-07,7
PCR,GT 1995 ROYL KIA,1325219515091HURL2,756.0,2026-05,2026-05-07,7
PCR,GT 2158 ROYL HYU,1325221318095HURL0,716.0,2026-05,2026-05-07,7
PCR,GT 2258 RAN HPE,1325222318098HRHE0,244.0,2026-05,2026-05-07,7
PCR,GT 2267 ROYL HYU,1325221417096HURL0,1194.0,2026-05,2026-05-07,7
PCR,GT 2366 ROYL,1325223516103TURL0,30.0,2026-05,2026-05-07,7
PCR,GT 2476 SUP MM,1325224716111SELS0,453.0,2026-05,2026-05-07,7
PCR,GT 2568 HT2,1325225518111HRHB0,645.0,2026-05,2026-05-07,7
PCR,GT2776 RAN AT,1325223616105TRAT0,76.0,2026-05,2026-05-07,7
PCR,GT  T1457 STAR,1325214617107MSXT0,376.0,2026-05,2026-05-08,8
PCR,GT 1402 XPC TATA,1D25214012008QXPCT,615.0,2026-05,2026-05-08,8
PCR,GT 1412 XPC MM,1D25114012008QXPC0,329.0,2026-05,2026-05-08,8
PCR,GT 1482 UHL,1325214812074TUHL0,366.0,2026-05,2026-05-08,8
PCR,GT 1503 NEO MSIL,1325215813079TUNE3,1109.0,2026-05,2026-05-08,8
PCR,GT 1512 XPC1,1225215Z12008RXC10,74.0,2026-05,2026-05-08,8
PCR,GT 1513 XPC1 MSIL,1D25215013008SXC10,2247.0,2026-05,2026-05-08,8
PCR,GT 1543 XPC1,1D25215013008SXC1T,230.0,2026-05,2026-05-08,8
PCR,GT 1583 NEO TATA,1325215813079TUNE5,442.0,2026-05,2026-05-08,8
PCR,GT 1634 XPC TATA,1D25216814008QXPC0,296.0,2026-05,2026-05-08,8
PCR,GT 1673 NEO,1325216613079HUNE0,176.0,2026-05,2026-05-08,8
PCR,GT 1684 ROYL,1325216814085TURL2,128.0,2026-05,2026-05-08,8
PCR,GT 1765 ROYL,1325217515084HURL2,198.0,2026-05,2026-05-08,8
PCR,GT 1844 XPC TML,1D25218014010RXPCT,368.0,2026-05,2026-05-08,8
PCR,GT 1865 ROYL RENO,1325218515088TURL1,170.0,2026-05,2026-05-08,8
PCR,GT 1916 ROYL,1325219416089HURL1,36.0,2026-05,2026-05-08,8
PCR,GT 1925 XPC1,1225219Z15008SXC11,474.0,2026-05,2026-05-08,8
PCR,GT 1995 ROYL KIA,1325219515091HURL2,601.0,2026-05,2026-05-08,8
PCR,GT 2158 ROYL HYU,1325221318095HURL0,766.0,2026-05,2026-05-08,8
PCR,GT 2258 RAN HPE,1325222318098HRHE0,248.0,2026-05,2026-05-08,8
PCR,GT 2267 ROYL HYU,1325221417096HURL0,1081.0,2026-05,2026-05-08,8
PCR,GT 2476 SUP MM,1325224716111SELS0,630.0,2026-05,2026-05-08,8
PCR,GT 2568 HT2,1325225518111HRHB0,500.0,2026-05,2026-05-08,8
PCR,GT 2569 RAN AT,1325225419109HRAT0,34.0,2026-05,2026-05-08,8
PCR,GT2776 RAN AT,1325223616105TRAT0,232.0,2026-05,2026-05-08,8
PCR,GT  T1457 STAR,1325214617107MSXT0,262.0,2026-05,2026-05-09,9
PCR,GT 1402 XPC TATA,1D25214012008QXPCT,717.0,2026-05,2026-05-09,9
PCR,GT 1412 XPC MM,1D25114012008QXPC0,236.0,2026-05,2026-05-09,9
PCR,GT 1482 UHL,1325214812074TUHL0,306.0,2026-05,2026-05-09,9
PCR,GT 1503 NEO MSIL,1325215813079TUNE3,1238.0,2026-05,2026-05-09,9
PCR,GT 1512 XPC1,1225215Z12008RXC10,74.0,2026-05,2026-05-09,9
PCR,GT 1513 XPC1 MSIL,1D25215013008SXC10,2469.0,2026-05,2026-05-09,9
PCR,GT 1543 XPC1,1D25215013008SXC1T,100.0,2026-05,2026-05-09,9
PCR,GT 1583 NEO TATA,1325215813079TUNE5,260.0,2026-05,2026-05-09,9
PCR,GT 1634 XPC TATA,1D25216814008QXPC0,324.0,2026-05,2026-05-09,9
PCR,GT 1673 NEO,1325216613079HUNE0,58.0,2026-05,2026-05-09,9
PCR,GT 1684 ROYL,1325216814085TURL2,151.0,2026-05,2026-05-09,9
PCR,GT 1765 ROYL,1325217515084HURL2,474.0,2026-05,2026-05-09,9
PCR,GT 1844 XPC TML,1D25218014010RXPCT,488.0,2026-05,2026-05-09,9
PCR,GT 1865 ROYL RENO,1325218515088TURL1,178.0,2026-05,2026-05-09,9
PCR,GT 1925 XPC1,1225219Z15008SXC11,440.0,2026-05,2026-05-09,9
PCR,GT 1965 ROYL,1325219515091HURL3,104.0,2026-05,2026-05-09,9
PCR,GT 1995 ROYL KIA,1325219515091HURL2,618.0,2026-05,2026-05-09,9
PCR,GT 2158 ROYL HYU,1325221318095HURL0,782.0,2026-05,2026-05-09,9
PCR,GT 2258 RAN HPE,1325222318098HRHE0,114.0,2026-05,2026-05-09,9
PCR,GT 2267 ROYL HYU,1325221417096HURL0,1081.0,2026-05,2026-05-09,9
PCR,GT 2476 SUP MM,1325224716111SELS0,633.0,2026-05,2026-05-09,9
PCR,GT 2568 HT2,1325225518111HRHB0,614.0,2026-05,2026-05-09,9
PCR,GT 2569 RAN AT,1325225419109HRAT0,90.0,2026-05,2026-05-09,9
PCR,GT2776 RAN AT,1325223616105TRAT0,252.0,2026-05,2026-05-09,9
PCR,GT  T1457 STAR,1325214617107MSXT0,198.0,2026-05,2026-05-10,10
PCR,GT 1402 XPC TATA,1D25214012008QXPCT,742.0,2026-05,2026-05-10,10
PCR,GT 1412 XPC MM,1D25114012008QXPC0,243.0,2026-05,2026-05-10,10
PCR,GT 1452 XPC MM,1D25214012008QXPCM,60.0,2026-05,2026-05-10,10
PCR,GT 1482 UHL,1325214812074TUHL0,364.0,2026-05,2026-05-10,10
PCR,GT 1503 NEO MSIL,1325215813079TUNE3,1070.0,2026-05,2026-05-10,10
PCR,GT 1513 XPC1 MSIL,1D25215013008SXC10,2387.0,2026-05,2026-05-10,10
PCR,GT 1543 XPC1,1D25215013008SXC1T,40.0,2026-05,2026-05-10,10
PCR,GT 1583 NEO TATA,1325215813079TUNE5,466.0,2026-05,2026-05-10,10
PCR,GT 1634 XPC TATA,1D25216814008QXPC0,386.0,2026-05,2026-05-10,10
PCR,GT 1673 NEO,1325216613079HUNE0,49.0,2026-05,2026-05-10,10
PCR,GT 1684 ROYL,1325216814085TURL2,81.0,2026-05,2026-05-10,10
PCR,GT 1765 ROYL,1325217515084HURL2,780.0,2026-05,2026-05-10,10
PCR,GT 1844 XPC TML,1D25218014010RXPCT,421.0,2026-05,2026-05-10,10
PCR,GT 1865 ROYL RENO,1325218515088TURL1,150.0,2026-05,2026-05-10,10
PCR,GT 1916 ROYL,1325219416089HURL1,148.0,2026-05,2026-05-10,10
PCR,GT 1925 XPC1,1225219Z15008SXC11,48.0,2026-05,2026-05-10,10
PCR,GT 1965 ROYL,1325219515091HURL3,390.0,2026-05,2026-05-10,10
PCR,GT 1995 ROYL KIA,1325219515091HURL2,500.0,2026-05,2026-05-10,10
PCR,GT 2116 ROYL HYU,1325220516095HURL4,46.0,2026-05,2026-05-10,10
PCR,GT 2158 ROYL HYU,1325221318095HURL0,768.0,2026-05,2026-05-10,10
PCR,GT 2258 RAN HPE,1325222318098HRHE0,78.0,2026-05,2026-05-10,10
PCR,GT 2267 ROYL HYU,1325221417096HURL0,1085.0,2026-05,2026-05-10,10
PCR,GT 2476 RAN MT,1325224716120NRMT0,18.0,2026-05,2026-05-10,10
PCR,GT 2476 SUP MM,1325224716111SELS0,570.0,2026-05,2026-05-10,10
PCR,GT 2568 HT2,1325225518111HRHB0,610.0,2026-05,2026-05-10,10
PCR,GT 2569 RAN AT,1325225419109HRAT0,2.0,2026-05,2026-05-10,10
PCR,GT2776 RAN AT,1325223616105TRAT0,225.0,2026-05,2026-05-10,10
PCR,GT  T1457 STAR,1325214617107MSXT0,371.0,2026-05,2026-05-11,11
PCR,GT 1402 XPC TATA,1D25214012008QXPCT,345.0,2026-05,2026-05-11,11
PCR,GT 1412 XPC MM,1D25114012008QXPC0,255.0,2026-05,2026-05-11,11
PCR,GT 1452 XPC MM,1D25214012008QXPCM,418.0,2026-05,2026-05-11,11
PCR,GT 1482 UHL,1325214812074TUHL0,328.0,2026-05,2026-05-11,11
PCR,GT 1503 NEO MSIL,1325215813079TUNE3,1352.0,2026-05,2026-05-11,11
PCR,GT 1513 XPC1 MSIL,1D25215013008SXC10,2538.0,2026-05,2026-05-11,11
PCR,GT 1543 XPC1,1D25215013008SXC1T,144.0,2026-05,2026-05-11,11
PCR,GT 1583 NEO TATA,1325215813079TUNE5,456.0,2026-05,2026-05-11,11
PCR,GT 1634 XPC TATA,1D25216814008QXPC0,248.0,2026-05,2026-05-11,11
PCR,GT 1684 ROYL,1325216814085TURL2,90.0,2026-05,2026-05-11,11
PCR,GT 1765 ROYL,1325217515084HURL2,794.0,2026-05,2026-05-11,11
PCR,GT 1844 XPC TML,1D25218014010RXPCT,398.0,2026-05,2026-05-11,11
PCR,GT 1916 ROYL,1325219416089HURL1,156.0,2026-05,2026-05-11,11
PCR,GT 1925 XPC1,1225219Z15008SXC11,332.0,2026-05,2026-05-11,11
PCR,GT 1965 ROYL,1325219515091HURL3,376.0,2026-05,2026-05-11,11
PCR,GT 1995 ROYL KIA,1325219515091HURL2,488.0,2026-05,2026-05-11,11
PCR,GT 2116 ROYL HYU,1325220516095HURL4,160.0,2026-05,2026-05-11,11
PCR,GT 2158 ROYL HYU,1325221318095HURL0,698.0,2026-05,2026-05-11,11
PCR,GT 2267 ROYL HYU,1325221417096HURL0,1085.0,2026-05,2026-05-11,11
PCR,GT 2476 RAN MT,1325224716120NRMT0,40.0,2026-05,2026-05-11,11
PCR,GT 2476 SUP MM,1325224716111SELS0,574.0,2026-05,2026-05-11,11
PCR,GT 2568 HT2,1325225518111HRHB0,650.0,2026-05,2026-05-11,11
PCR,GT2776 RAN AT,1325223616105TRAT0,128.0,2026-05,2026-05-11,11
PCR,GT  T1457 STAR,1325214617107MSXT0,377.0,2026-05,2026-05-12,12
PCR,GT 1402 XPC TATA,1D25214012008QXPCT,619.0,2026-05,2026-05-12,12
PCR,GT 1452 XPC MM,1D25214012008QXPCM,430.0,2026-05,2026-05-12,12
PCR,GT 1482 UHL,1325214812074TUHL0,319.0,2026-05,2026-05-12,12
PCR,GT 1503 NEO MSIL,1325215813079TUNE3,1368.0,2026-05,2026-05-12,12
PCR,GT 1513 XPC1 MSIL,1D25215013008SXC10,2448.0,2026-05,2026-05-12,12
PCR,GT 1543 XPC1,1D25215013008SXC1T,12.0,2026-05,2026-05-12,12
PCR,GT 1583 NEO TATA,1325215813079TUNE5,395.0,2026-05,2026-05-12,12
PCR,GT 1634 XPC TATA,1D25216814008QXPC0,426.0,2026-05,2026-05-12,12
PCR,GT 1684 ROYL,1325216814085TURL2,75.0,2026-05,2026-05-12,12
PCR,GT 1765 ROYL,1325217515084HURL2,747.0,2026-05,2026-05-12,12
PCR,GT 1844 XPC TML,1D25218014010RXPCT,397.0,2026-05,2026-05-12,12
PCR,GT 1865 ROYL RENO,1325218515088TURL1,2.0,2026-05,2026-05-12,12
PCR,GT 1916 ROYL,1325219416089HURL1,124.0,2026-05,2026-05-12,12
PCR,GT 1925 XPC1,1225219Z15008SXC11,179.0,2026-05,2026-05-12,12
PCR,GT 1965 ROYL,1325219515091HURL3,310.0,2026-05,2026-05-12,12
PCR,GT 1995 ROYL KIA,1325219515091HURL2,414.0,2026-05,2026-05-12,12
PCR,GT 2047 ROYL HYU,1325221317094VURL1,20.0,2026-05,2026-05-12,12
PCR,GT 2116 ROYL HYU,1325220516095HURL4,168.0,2026-05,2026-05-12,12
PCR,GT 2158 ROYL HYU,1325221318095HURL0,684.0,2026-05,2026-05-12,12
PCR,GT 2267 ROYL HYU,1325221417096HURL0,1040.0,2026-05,2026-05-12,12
PCR,GT 2476 SUP MM,1325224716111SELS0,522.0,2026-05,2026-05-12,12
PCR,GT 2568 HT2,1325225518111HRHB0,610.0,2026-05,2026-05-12,12
PCR,GT2776 RAN AT,1325223616105TRAT0,266.0,2026-05,2026-05-12,12
PCR,GT  T1457 STAR,1325214617107MSXT0,170.0,2026-05,2026-05-13,13
PCR,GT 1402 XPC TATA,1D25214012008QXPCT,1031.0,2026-05,2026-05-13,13
PCR,GT 1452 XPC MM,1D25214012008QXPCM,94.0,2026-05,2026-05-13,13
PCR,GT 1482 UHL,1325214812074TUHL0,356.0,2026-05,2026-05-13,13
PCR,GT 1503 NEO MSIL,1325215813079TUNE3,1210.0,2026-05,2026-05-13,13
PCR,GT 1513 XPC1 MSIL,1D25215013008SXC10,2435.0,2026-05,2026-05-13,13
PCR,GT 1583 NEO TATA,1325215813079TUNE5,336.0,2026-05,2026-05-13,13
PCR,GT 1634 XPC TATA,1D25216814008QXPC0,365.0,2026-05,2026-05-13,13
PCR,GT 1684 ROYL,1325216814085TURL2,135.0,2026-05,2026-05-13,13
PCR,GT 1765 ROYL,1325217515084HURL2,757.0,2026-05,2026-05-13,13
PCR,GT 1844 XPC TML,1D25218014010RXPCT,364.0,2026-05,2026-05-13,13
PCR,GT 1865 ROYL RENO,1325218515088TURL1,164.0,2026-05,2026-05-13,13
PCR,GT 1916 ROYL,1325219416089HURL1,168.0,2026-05,2026-05-13,13
PCR,GT 1925 XPC1,1225219Z15008SXC11,339.0,2026-05,2026-05-13,13
PCR,GT 1965 ROYL,1325219515091HURL3,392.0,2026-05,2026-05-13,13
PCR,GT 1995 ROYL KIA,1325219515091HURL2,148.0,2026-05,2026-05-13,13
PCR,GT 2047 ROYL HYU,1325221317094VURL1,116.0,2026-05,2026-05-13,13
PCR,GT 2116 ROYL HYU,1325220516095HURL4,180.0,2026-05,2026-05-13,13
PCR,GT 2158 ROYL HYU,1325221318095HURL0,749.0,2026-05,2026-05-13,13
PCR,GT 2267 ROYL HYU,1325221417096HURL0,678.0,2026-05,2026-05-13,13
PCR,GT 2476 SUP MM,1325224716111SELS0,447.0,2026-05,2026-05-13,13
PCR,GT 2568 HT2,1325225518111HRHB0,460.0,2026-05,2026-05-13,13
PCR,GT2776 RAN AT,1325223616105TRAT0,122.0,2026-05,2026-05-13,13
PCR,GT  T1457 STAR,1325214617107MSXT0,322.0,2026-05,2026-05-14,14
PCR,GT 1402 XPC TATA,1D25214012008QXPCT,1107.0,2026-05,2026-05-14,14
PCR,GT 1482 UHL,1325214812074TUHL0,336.0,2026-05,2026-05-14,14
PCR,GT 1503 NEO MSIL,1325215813079TUNE3,1177.0,2026-05,2026-05-14,14
PCR,GT 1513 XPC1 MSIL,1D25215013008SXC10,2695.0,2026-05,2026-05-14,14
PCR,GT 1583 NEO TATA,1325215813079TUNE5,224.0,2026-05,2026-05-14,14
PCR,GT 1634 XPC TATA,1D25216814008QXPC0,332.0,2026-05,2026-05-14,14
PCR,GT 1684 ROYL,1325216814085TURL2,186.0,2026-05,2026-05-14,14
PCR,GT 1765 ROYL,1325217515084HURL2,612.0,2026-05,2026-05-14,14
PCR,GT 1844 XPC TML,1D25218014010RXPCT,434.0,2026-05,2026-05-14,14
PCR,GT 1865 ROYL RENO,1325218515088TURL1,142.0,2026-05,2026-05-14,14
PCR,GT 1894 MAX,1325218614088TTMX0,1.0,2026-05,2026-05-14,14
PCR,GT 1916 ROYL,1325219416089HURL1,132.0,2026-05,2026-05-14,14
PCR,GT 1925 XPC1,1225219Z15008SXC11,221.0,2026-05,2026-05-14,14
PCR,GT 1965 ROYL,1325219515091HURL3,382.0,2026-05,2026-05-14,14
PCR,GT 1995 ROYL KIA,1325219515091HURL2,312.0,2026-05,2026-05-14,14
PCR,GT 2047 ROYL HYU,1325221317094VURL1,176.0,2026-05,2026-05-14,14
PCR,GT 2116 ROYL HYU,1325220516095HURL4,178.0,2026-05,2026-05-14,14
PCR,GT 2158 ROYL HYU,1325221318095HURL0,683.0,2026-05,2026-05-14,14
PCR,GT 2267 ROYL HYU,1325221417096HURL0,935.0,2026-05,2026-05-14,14
PCR,GT 2476 SUP MM,1325224716111SELS0,598.0,2026-05,2026-05-14,14
PCR,GT 2568 HT2,1325225518111HRHB0,622.0,2026-05,2026-05-14,14
PCR,GT  T1457 STAR,1325214617107MSXT0,388.0,2026-05,2026-05-15,15
PCR,GT 1402 XPC TATA,1D25214012008QXPCT,1132.0,2026-05,2026-05-15,15
PCR,GT 1452 XPC MM,1D25214012008QXPCM,1.0,2026-05,2026-05-15,15
PCR,GT 1482 UHL,1325214812074TUHL0,284.0,2026-05,2026-05-15,15
PCR,GT 1503 NEO MSIL,1325215813079TUNE3,1238.0,2026-05,2026-05-15,15
PCR,GT 1513 XPC1 MSIL,1D25215013008SXC10,2650.0,2026-05,2026-05-15,15
PCR,GT 1583 NEO TATA,1325215813079TUNE5,301.0,2026-05,2026-05-15,15
PCR,GT 1634 XPC TATA,1D25216814008QXPC0,246.0,2026-05,2026-05-15,15
PCR,GT 1684 ROYL,1325216814085TURL2,144.0,2026-05,2026-05-15,15
PCR,GT 1765 ROYL,1325217515084HURL2,609.0,2026-05,2026-05-15,15
PCR,GT 1844 XPC TML,1D25218014010RXPCT,238.0,2026-05,2026-05-15,15
PCR,GT 1865 ROYL RENO,1325218515088TURL1,178.0,2026-05,2026-05-15,15
PCR,GT 1916 ROYL,1325219416089HURL1,134.0,2026-05,2026-05-15,15
PCR,GT 1925 XPC1,1225219Z15008SXC11,111.0,2026-05,2026-05-15,15
PCR,GT 1965 ROYL,1325219515091HURL3,239.0,2026-05,2026-05-15,15
PCR,GT 1995 ROYL KIA,1325219515091HURL2,469.0,2026-05,2026-05-15,15
PCR,GT 2047 ROYL HYU,1325221317094VURL1,174.0,2026-05,2026-05-15,15
PCR,GT 2116 ROYL HYU,1325220516095HURL4,174.0,2026-05,2026-05-15,15
PCR,GT 2158 ROYL HYU,1325221318095HURL0,754.0,2026-05,2026-05-15,15
PCR,GT 2267 ROYL HYU,1325221417096HURL0,1013.0,2026-05,2026-05-15,15
PCR,GT 2476 RAN MT,1325224716120NRMT0,42.0,2026-05,2026-05-15,15
PCR,GT 2476 SUP MM,1325224716111SELS0,548.0,2026-05,2026-05-15,15
PCR,GT 2568 HT2,1325225518111HRHB0,606.0,2026-05,2026-05-15,15
PCR,GT2776 RAN AT,1325223616105TRAT0,170.0,2026-05,2026-05-15,15
PCR,GT  T1457 STAR,1325214617107MSXT0,162.0,2026-05,2026-05-16,16
PCR,GT 1402 XPC TATA,1D25214012008QXPCT,1210.0,2026-05,2026-05-16,16
PCR,GT 1482 UHL,1325214812074TUHL0,330.0,2026-05,2026-05-16,16
PCR,GT 1503 NEO MSIL,1325215813079TUNE3,1318.0,2026-05,2026-05-16,16
PCR,GT 1513 XPC1 MSIL,1D25215013008SXC10,2537.0,2026-05,2026-05-16,16
PCR,GT 1583 NEO TATA,1325215813079TUNE5,199.0,2026-05,2026-05-16,16
PCR,GT 1634 XPC TATA,1D25216814008QXPC0,132.0,2026-05,2026-05-16,16
PCR,GT 1673 NEO,1325216613079HUNE0,48.0,2026-05,2026-05-16,16
PCR,GT 1684 ROYL,1325216814085TURL2,161.0,2026-05,2026-05-16,16
PCR,GT 1765 ROYL,1325217515084HURL2,468.0,2026-05,2026-05-16,16
PCR,GT 1844 XPC TML,1D25218014010RXPCT,368.0,2026-05,2026-05-16,16
PCR,GT 1865 ROYL RENO,1325218515088TURL1,32.0,2026-05,2026-05-16,16
PCR,GT 1894 MAX,1325218614088TTMX0,178.0,2026-05,2026-05-16,16
PCR,GT 1916 ROYL,1325219416089HURL1,69.0,2026-05,2026-05-16,16
PCR,GT 1925 XPC1,1225219Z15008SXC11,286.0,2026-05,2026-05-16,16
PCR,GT 1965 ROYL,1325219515091HURL3,393.0,2026-05,2026-05-16,16
PCR,GT 1995 ROYL KIA,1325219515091HURL2,762.0,2026-05,2026-05-16,16
PCR,GT 2047 ROYL HYU,1325221317094VURL1,114.0,2026-05,2026-05-16,16
PCR,GT 2116 ROYL HYU,1325220516095HURL4,160.0,2026-05,2026-05-16,16
PCR,GT 2158 ROYL HYU,1325221318095HURL0,778.0,2026-05,2026-05-16,16
PCR,GT 2267 ROYL HYU,1325221417096HURL0,871.0,2026-05,2026-05-16,16
PCR,GT 2476 RAN MT,1325224716120NRMT0,4.0,2026-05,2026-05-16,16
PCR,GT 2476 SUP MM,1325224716111SELS0,493.0,2026-05,2026-05-16,16
PCR,GT 2568 HT2,1325225518111HRHB0,625.0,2026-05,2026-05-16,16
PCR,GT2776 RAN AT,1325223616105TRAT0,138.0,2026-05,2026-05-16,16
PCR,GT  T1457 STAR,1325214617107MSXT0,355.0,2026-05,2026-05-17,17
PCR,GT 1402 XPC TATA,1D25214012008QXPCT,1067.0,2026-05,2026-05-17,17
PCR,GT 1482 UHL,1325214812074TUHL0,301.0,2026-05,2026-05-17,17
PCR,GT 1503 NEO MSIL,1325215813079TUNE3,1201.0,2026-05,2026-05-17,17
PCR,GT 1513 XPC1 MSIL,1D25215013008SXC10,2600.0,2026-05,2026-05-17,17
PCR,GT 1583 NEO TATA,1325215813079TUNE5,352.0,2026-05,2026-05-17,17
PCR,GT 1634 XPC TATA,1D25216814008QXPC0,303.0,2026-05,2026-05-17,17
PCR,GT 1673 NEO,1325216613079HUNE0,194.0,2026-05,2026-05-17,17
PCR,GT 1684 ROYL,1325216814085TURL2,115.0,2026-05,2026-05-17,17
PCR,GT 1765 ROYL,1325217515084HURL2,416.0,2026-05,2026-05-17,17
PCR,GT 1844 XPC TML,1D25218014010RXPCT,280.0,2026-05,2026-05-17,17
PCR,GT 1865 ROYL RENO,1325218515088TURL1,1.0,2026-05,2026-05-17,17
PCR,GT 1894 MAX,1325218614088TTMX0,122.0,2026-05,2026-05-17,17
PCR,GT 1916 ROYL,1325219416089HURL1,164.0,2026-05,2026-05-17,17
PCR,GT 1925 XPC1,1225219Z15008SXC11,340.0,2026-05,2026-05-17,17
PCR,GT 1965 ROYL,1325219515091HURL3,116.0,2026-05,2026-05-17,17
PCR,GT 1995 ROYL KIA,1325219515091HURL2,697.0,2026-05,2026-05-17,17
PCR,GT 2047 ROYL HYU,1325221317094VURL1,24.0,2026-05,2026-05-17,17
PCR,GT 2116 ROYL HYU,1325220516095HURL4,160.0,2026-05,2026-05-17,17
PCR,GT 2158 ROYL HYU,1325221318095HURL0,734.0,2026-05,2026-05-17,17
PCR,GT 2267 ROYL HYU,1325221417096HURL0,1064.0,2026-05,2026-05-17,17
PCR,GT 2476 SUP MM,1325224716111SELS0,382.0,2026-05,2026-05-17,17
PCR,GT 2568 HT2,1325225518111HRHB0,634.0,2026-05,2026-05-17,17
PCR,GT2776 RAN AT,1325223616105TRAT0,220.0,2026-05,2026-05-17,17
PCR,GT  T1457 STAR,1325214617107MSXT0,33.0,2026-05,2026-05-18,18
PCR,GT 1402 XPC TATA,1D25214012008QXPCT,861.0,2026-05,2026-05-18,18
PCR,GT 1482 UHL,1325214812074TUHL0,393.0,2026-05,2026-05-18,18
PCR,GT 1503 NEO MSIL,1325215813079TUNE3,1050.0,2026-05,2026-05-18,18
PCR,GT 1513 XPC1 MSIL,1D25215013008SXC10,2163.0,2026-05,2026-05-18,18
PCR,GT 1583 NEO TATA,1325215813079TUNE5,403.0,2026-05,2026-05-18,18
PCR,GT 1634 XPC TATA,1D25216814008QXPC0,93.0,2026-05,2026-05-18,18
PCR,GT 1673 NEO,1325216613079HUNE0,70.0,2026-05,2026-05-18,18
PCR,GT 1684 ROYL,1325216814085TURL2,90.0,2026-05,2026-05-18,18
PCR,GT 1765 ROYL,1325217515084HURL2,540.0,2026-05,2026-05-18,18
PCR,GT 1772 NEO,1325217612080HUNE0,2.0,2026-05,2026-05-18,18
PCR,GT 1844 XPC TML,1D25218014010RXPCT,314.0,2026-05,2026-05-18,18
PCR,GT 1894 MAX,1325218614088TTMX0,312.0,2026-05,2026-05-18,18
PCR,GT 1916 ROYL,1325219416089HURL1,116.0,2026-05,2026-05-18,18
PCR,GT 1925 XPC1,1225219Z15008SXC11,372.0,2026-05,2026-05-18,18
PCR,GT 1965 ROYL,1325219515091HURL3,294.0,2026-05,2026-05-18,18
PCR,GT 1995 ROYL KIA,1325219515091HURL2,562.0,2026-05,2026-05-18,18
PCR,GT 2047 ROYL HYU,1325221317094VURL1,161.0,2026-05,2026-05-18,18
PCR,GT 2116 ROYL HYU,1325220516095HURL4,23.0,2026-05,2026-05-18,18
PCR,GT 2158 ROYL HYU,1325221318095HURL0,580.0,2026-05,2026-05-18,18
PCR,GT 2258 RAN HPE,1325222318098HRHE0,58.0,2026-05,2026-05-18,18
PCR,GT 2267 ROYL HYU,1325221417096HURL0,879.0,2026-05,2026-05-18,18
PCR,GT 2476 SUP MM,1325224716111SELS0,550.0,2026-05,2026-05-18,18
PCR,GT 2568 HT2,1325225518111HRHB0,482.0,2026-05,2026-05-18,18
PCR,GT2776 RAN AT,1325223616105TRAT0,135.0,2026-05,2026-05-18,18
PCR,GT  T1457 STAR,1325214617107MSXT0,208.0,2026-05,2026-05-19,19
PCR,GT 1402 XPC TATA,1D25214012008QXPCT,1022.0,2026-05,2026-05-19,19
PCR,GT 1482 UHL,1325214812074TUHL0,145.0,2026-05,2026-05-19,19
PCR,GT 1503 NEO MSIL,1325215813079TUNE3,1139.0,2026-05,2026-05-19,19
PCR,GT 1513 XPC1 MSIL,1D25215013008SXC10,2427.0,2026-05,2026-05-19,19
PCR,GT 1543 XPC1,1D25215013008SXC1T,1.0,2026-05,2026-05-19,19
PCR,GT 1583 NEO TATA,1325215813079TUNE5,449.0,2026-05,2026-05-19,19
PCR,GT 1634 XPC TATA,1D25216814008QXPC0,292.0,2026-05,2026-05-19,19
PCR,GT 1673 NEO,1325216613079HUNE0,162.0,2026-05,2026-05-19,19
PCR,GT 1684 ROYL,1325216814085TURL2,11.0,2026-05,2026-05-19,19
PCR,GT 1765 ROYL,1325217515084HURL2,468.0,2026-05,2026-05-19,19
PCR,GT 1772 NEO,1325217612080HUNE0,202.0,2026-05,2026-05-19,19
PCR,GT 1844 XPC TML,1D25218014010RXPCT,294.0,2026-05,2026-05-19,19
PCR,GT 1894 MAX,1325218614088TTMX0,300.0,2026-05,2026-05-19,19
PCR,GT 1916 ROYL,1325219416089HURL1,166.0,2026-05,2026-05-19,19
PCR,GT 1925 XPC1,1225219Z15008SXC11,316.0,2026-05,2026-05-19,19
PCR,GT 1965 ROYL,1325219515091HURL3,148.0,2026-05,2026-05-19,19
PCR,GT 1995 ROYL KIA,1325219515091HURL2,682.0,2026-05,2026-05-19,19
PCR,GT 2047 ROYL HYU,1325221317094VURL1,3.0,2026-05,2026-05-19,19
PCR,GT 2126 ROYL,1325221516098HURL0,68.0,2026-05,2026-05-19,19
PCR,GT 2158 ROYL HYU,1325221318095HURL0,612.0,2026-05,2026-05-19,19
PCR,GT 2258 RAN HPE,1325222318098HRHE0,322.0,2026-05,2026-05-19,19
PCR,GT 2267 ROYL HYU,1325221417096HURL0,908.0,2026-05,2026-05-19,19
PCR,GT 2476 SUP MM,1325224716111SELS0,390.0,2026-05,2026-05-19,19
PCR,GT 2568 HT2,1325225518111HRHB0,636.0,2026-05,2026-05-19,19
PCR,GT2776 RAN AT,1325223616105TRAT0,71.0,2026-05,2026-05-19,19
PCR,GT  T1457 STAR,1325214617107MSXT0,382.0,2026-05,2026-05-20,20
PCR,GT 1402 XPC TATA,1D25214012008QXPCT,1006.0,2026-05,2026-05-20,20
PCR,GT 1482 UHL,1325214812074TUHL0,356.0,2026-05,2026-05-20,20
PCR,GT 1503 NEO MSIL,1325215813079TUNE3,1203.0,2026-05,2026-05-20,20
PCR,GT 1513 XPC1 MSIL,1D25215013008SXC10,2655.0,2026-05,2026-05-20,20
PCR,GT 1583 NEO TATA,1325215813079TUNE5,234.0,2026-05,2026-05-20,20
PCR,GT 1634 XPC TATA,1D25216814008QXPC0,215.0,2026-05,2026-05-20,20
PCR,GT 1673 NEO,1325216613079HUNE0,78.0,2026-05,2026-05-20,20
PCR,GT 1684 ROYL,1325216814085TURL2,143.0,2026-05,2026-05-20,20
PCR,GT 1765 ROYL,1325217515084HURL2,314.0,2026-05,2026-05-20,20
PCR,GT 1772 NEO,1325217612080HUNE0,130.0,2026-05,2026-05-20,20
PCR,GT 1844 XPC TML,1D25218014010RXPCT,246.0,2026-05,2026-05-20,20
PCR,GT 1894 MAX,1325218614088TTMX0,220.0,2026-05,2026-05-20,20
PCR,GT 1916 ROYL,1325219416089HURL1,58.0,2026-05,2026-05-20,20
PCR,GT 1925 XPC1,1225219Z15008SXC11,190.0,2026-05,2026-05-20,20
PCR,GT 1965 ROYL,1325219515091HURL3,364.0,2026-05,2026-05-20,20
PCR,GT 1995 ROYL KIA,1325219515091HURL2,770.0,2026-05,2026-05-20,20
PCR,GT 2047 ROYL HYU,1325221317094VURL1,98.0,2026-05,2026-05-20,20
PCR,GT 2126 ROYL,1325221516098HURL0,108.0,2026-05,2026-05-20,20
PCR,GT 2157 ROYL KIA,1325221317094VURL0,24.0,2026-05,2026-05-20,20
PCR,GT 2158 ROYL HYU,1325221318095HURL0,596.0,2026-05,2026-05-20,20
PCR,GT 2258 RAN HPE,1325222318098HRHE0,336.0,2026-05,2026-05-20,20
PCR,GT 2267 ROYL HYU,1325221417096HURL0,406.0,2026-05,2026-05-20,20
PCR,GT 2476 SUP MM,1325224716111SELS0,630.0,2026-05,2026-05-20,20
PCR,GT 2568 HT2,1325225518111HRHB0,649.0,2026-05,2026-05-20,20
PCR,GT2277 RAN HT,1325222517102HRHT0,134.0,2026-05,2026-05-20,20
PCR,GT2776 RAN AT,1325223616105TRAT0,134.0,2026-05,2026-05-20,20
PCR,GT  T1457 STAR,1325214617107MSXT0,352.0,2026-05,2026-05-21,21
PCR,GT 1402 XPC TATA,1D25214012008QXPCT,1022.0,2026-05,2026-05-21,21
PCR,GT 1482 UHL,1325214812074TUHL0,105.0,2026-05,2026-05-21,21
PCR,GT 1503 NEO MSIL,1325215813079TUNE3,1233.0,2026-05,2026-05-21,21
PCR,GT 1513 XPC1 MSIL,1D25215013008SXC10,2665.0,2026-05,2026-05-21,21
PCR,GT 1583 NEO TATA,1325215813079TUNE5,160.0,2026-05,2026-05-21,21
PCR,GT 1634 XPC TATA,1D25216814008QXPC0,302.0,2026-05,2026-05-21,21
PCR,GT 1673 NEO,1325216613079HUNE0,150.0,2026-05,2026-05-21,21
PCR,GT 1684 ROYL,1325216814085TURL2,70.0,2026-05,2026-05-21,21
PCR,GT 1765 ROYL,1325217515084HURL2,242.0,2026-05,2026-05-21,21
PCR,GT 1772 NEO,1325217612080HUNE0,134.0,2026-05,2026-05-21,21
PCR,GT 1844 XPC TML,1D25218014010RXPCT,324.0,2026-05,2026-05-21,21
PCR,GT 1865 ROYL RENO,1325218515088TURL1,118.0,2026-05,2026-05-21,21
PCR,GT 1894 MAX,1325218614088TTMX0,176.0,2026-05,2026-05-21,21
PCR,GT 1916 ROYL,1325219416089HURL1,118.0,2026-05,2026-05-21,21
PCR,GT 1925 XPC1,1225219Z15008SXC11,396.0,2026-05,2026-05-21,21
PCR,GT 1965 ROYL,1325219515091HURL3,126.0,2026-05,2026-05-21,21
PCR,GT 1995 ROYL KIA,1325219515091HURL2,715.0,2026-05,2026-05-21,21
PCR,GT 2047 ROYL HYU,1325221317094VURL1,68.0,2026-05,2026-05-21,21
PCR,GT 2126 ROYL,1325221516098HURL0,164.0,2026-05,2026-05-21,21
PCR,GT 2157 ROYL KIA,1325221317094VURL0,284.0,2026-05,2026-05-21,21
PCR,GT 2158 ROYL HYU,1325221318095HURL0,538.0,2026-05,2026-05-21,21
PCR,GT 2258 RAN HPE,1325222318098HRHE0,320.0,2026-05,2026-05-21,21
PCR,GT 2455 RAN A/T,1325221715100SRAT0,3.0,2026-05,2026-05-21,21
PCR,GT 2476 SUP MM,1325224716111SELS0,507.0,2026-05,2026-05-21,21
PCR,GT 2568 HT2,1325225518111HRHB0,606.0,2026-05,2026-05-21,21
PCR,GT2277 RAN HT,1325222517102HRHT0,166.0,2026-05,2026-05-21,21
PCR,GT2776 RAN AT,1325223616105TRAT0,38.0,2026-05,2026-05-21,21
PCR,GT  T1457 STAR,1325214617107MSXT0,171.0,2026-05,2026-05-22,22
PCR,GT 1402 XPC TATA,1D25214012008QXPCT,1072.0,2026-05,2026-05-22,22
PCR,GT 1482 UHL,1325214812074TUHL0,461.0,2026-05,2026-05-22,22
PCR,GT 1503 NEO MSIL,1325215813079TUNE3,1152.0,2026-05,2026-05-22,22
PCR,GT 1513 XPC1 MSIL,1D25215013008SXC10,2549.0,2026-05,2026-05-22,22
PCR,GT 1583 NEO TATA,1325215813079TUNE5,496.0,2026-05,2026-05-22,22
PCR,GT 1634 XPC TATA,1D25216814008QXPC0,286.0,2026-05,2026-05-22,22
PCR,GT 1765 ROYL,1325217515084HURL2,400.0,2026-05,2026-05-22,22
PCR,GT 1772 NEO,1325217612080HUNE0,92.0,2026-05,2026-05-22,22
PCR,GT 1844 XPC TML,1D25218014010RXPCT,350.0,2026-05,2026-05-22,22
PCR,GT 1865 ROYL RENO,1325218515088TURL1,70.0,2026-05,2026-05-22,22
PCR,GT 1894 MAX,1325218614088TTMX0,378.0,2026-05,2026-05-22,22
PCR,GT 1916 ROYL,1325219416089HURL1,148.0,2026-05,2026-05-22,22
PCR,GT 1925 XPC1,1225219Z15008SXC11,492.0,2026-05,2026-05-22,22
PCR,GT 1995 ROYL KIA,1325219515091HURL2,746.0,2026-05,2026-05-22,22
PCR,GT 2047 ROYL HYU,1325221317094VURL1,156.0,2026-05,2026-05-22,22
PCR,GT 2126 ROYL,1325221516098HURL0,142.0,2026-05,2026-05-22,22
PCR,GT 2157 ROYL KIA,1325221317094VURL0,396.0,2026-05,2026-05-22,22
PCR,GT 2158 ROYL HYU,1325221318095HURL0,624.0,2026-05,2026-05-22,22
PCR,GT 2258 RAN HPE,1325222318098HRHE0,320.0,2026-05,2026-05-22,22
PCR,GT 2455 RAN A/T,1325221715100SRAT0,209.0,2026-05,2026-05-22,22
PCR,GT 2476 SUP MM,1325224716111SELS0,626.0,2026-05,2026-05-22,22
PCR,GT 2568 HT2,1325225518111HRHB0,634.0,2026-05,2026-05-22,22
PCR,GT2277 RAN HT,1325222517102HRHT0,148.0,2026-05,2026-05-22,22
PCR,GT2776 RAN AT,1325223616105TRAT0,148.0,2026-05,2026-05-22,22
PCR,GT  T1457 STAR,1325214617107MSXT0,304.0,2026-05,2026-05-23,23
PCR,GT 1402 XPC TATA,1D25214012008QXPCT,1123.0,2026-05,2026-05-23,23
PCR,GT 1482 UHL,1325214812074TUHL0,67.0,2026-05,2026-05-23,23
PCR,GT 1503 NEO MSIL,1325215813079TUNE3,1226.0,2026-05,2026-05-23,23
PCR,GT 1513 XPC1 MSIL,1D25215013008SXC10,2316.0,2026-05,2026-05-23,23
PCR,GT 1583 NEO TATA,1325215813079TUNE5,267.0,2026-05,2026-05-23,23
PCR,GT 1634 XPC TATA,1D25216814008QXPC0,246.0,2026-05,2026-05-23,23
PCR,GT 1672 SPT,1325216612077TUSP0,56.0,2026-05,2026-05-23,23
PCR,GT 1673 NEO,1325216613079HUNE0,154.0,2026-05,2026-05-23,23
PCR,GT 1765 ROYL,1325217515084HURL2,350.0,2026-05,2026-05-23,23
PCR,GT 1844 XPC TML,1D25218014010RXPCT,367.0,2026-05,2026-05-23,23
PCR,GT 1865 ROYL RENO,1325218515088TURL1,144.0,2026-05,2026-05-23,23
PCR,GT 1894 MAX,1325218614088TTMX0,347.0,2026-05,2026-05-23,23
PCR,GT 1916 ROYL,1325219416089HURL1,168.0,2026-05,2026-05-23,23
PCR,GT 1925 XPC1,1225219Z15008SXC11,519.0,2026-05,2026-05-23,23
PCR,GT 1995 ROYL KIA,1325219515091HURL2,740.0,2026-05,2026-05-23,23
PCR,GT 2047 ROYL HYU,1325221317094VURL1,20.0,2026-05,2026-05-23,23
PCR,GT 2126 ROYL,1325221516098HURL0,1.0,2026-05,2026-05-23,23
PCR,GT 2157 ROYL KIA,1325221317094VURL0,485.0,2026-05,2026-05-23,23
PCR,GT 2158 ROYL HYU,1325221318095HURL0,671.0,2026-05,2026-05-23,23
PCR,GT 2258 RAN HPE,1325222318098HRHE0,304.0,2026-05,2026-05-23,23
PCR,GT 2455 RAN A/T,1325221715100SRAT0,324.0,2026-05,2026-05-23,23
PCR,GT 2476 SUP MM,1325224716111SELS0,611.0,2026-05,2026-05-23,23
PCR,GT 2568 HT2,1325225518111HRHB0,621.0,2026-05,2026-05-23,23
PCR,GT2277 RAN HT,1325222517102HRHT0,169.0,2026-05,2026-05-23,23
PCR,GT2776 RAN AT,1325223616105TRAT0,179.0,2026-05,2026-05-23,23
PCR,GT  T1457 STAR,1325214617107MSXT0,500.0,2026-05,2026-05-24,24
PCR,GT 1402 XPC TATA,1D25214012008QXPCT,1104.0,2026-05,2026-05-24,24
PCR,GT 1482 UHL,1325214812074TUHL0,333.0,2026-05,2026-05-24,24
PCR,GT 1503 NEO MSIL,1325215813079TUNE3,1209.0,2026-05,2026-05-24,24
PCR,GT 1513 XPC1 MSIL,1D25215013008SXC10,2672.0,2026-05,2026-05-24,24
PCR,GT 1583 NEO TATA,1325215813079TUNE5,486.0,2026-05,2026-05-24,24
PCR,GT 1634 XPC TATA,1D25216814008QXPC0,302.0,2026-05,2026-05-24,24
PCR,GT 1672 SPT,1325216612077TUSP0,168.0,2026-05,2026-05-24,24
PCR,GT 1673 NEO,1325216613079HUNE0,66.0,2026-05,2026-05-24,24
PCR,GT 1684 ROYL,1325216814085TURL2,164.0,2026-05,2026-05-24,24
PCR,GT 1765 ROYL,1325217515084HURL2,397.0,2026-05,2026-05-24,24
PCR,GT 1844 XPC TML,1D25218014010RXPCT,257.0,2026-05,2026-05-24,24
PCR,GT 1865 ROYL RENO,1325218515088TURL1,68.0,2026-05,2026-05-24,24
PCR,GT 1894 MAX,1325218614088TTMX0,351.0,2026-05,2026-05-24,24
PCR,GT 1916 ROYL,1325219416089HURL1,144.0,2026-05,2026-05-24,24
PCR,GT 1925 XPC1,1225219Z15008SXC11,527.0,2026-05,2026-05-24,24
PCR,GT 1995 ROYL KIA,1325219515091HURL2,676.0,2026-05,2026-05-24,24
PCR,GT 2047 ROYL HYU,1325221317094VURL1,157.0,2026-05,2026-05-24,24
PCR,GT 2157 ROYL KIA,1325221317094VURL0,503.0,2026-05,2026-05-24,24
PCR,GT 2158 ROYL HYU,1325221318095HURL0,784.0,2026-05,2026-05-24,24
PCR,GT 2258 RAN HPE,1325222318098HRHE0,332.0,2026-05,2026-05-24,24
PCR,GT 2455 RAN A/T,1325221715100SRAT0,321.0,2026-05,2026-05-24,24
PCR,GT 2476 SUP MM,1325224716111SELS0,759.0,2026-05,2026-05-24,24
PCR,GT 2568 HT2,1325225518111HRHB0,558.0,2026-05,2026-05-24,24
PCR,GT2277 RAN HT,1325222517102HRHT0,169.0,2026-05,2026-05-24,24
PCR,GT2776 RAN AT,1325223616105TRAT0,296.0,2026-05,2026-05-24,24
PCR,GT  T1457 STAR,1325214617107MSXT0,532.0,2026-05,2026-05-25,25
PCR,GT 1402 XPC TATA,1D25214012008QXPCT,1088.0,2026-05,2026-05-25,25
PCR,GT 1482 UHL,1325214812074TUHL0,330.0,2026-05,2026-05-25,25
PCR,GT 1503 NEO MSIL,1325215813079TUNE3,1194.0,2026-05,2026-05-25,25
PCR,GT 1513 XPC1 MSIL,1D25215013008SXC10,2653.0,2026-05,2026-05-25,25
PCR,GT 1583 NEO TATA,1325215813079TUNE5,458.0,2026-05,2026-05-25,25
PCR,GT 1634 XPC TATA,1D25216814008QXPC0,305.0,2026-05,2026-05-25,25
PCR,GT 1672 SPT,1325216612077TUSP0,28.0,2026-05,2026-05-25,25
PCR,GT 1684 ROYL,1325216814085TURL2,84.0,2026-05,2026-05-25,25
PCR,GT 1765 ROYL,1325217515084HURL2,390.0,2026-05,2026-05-25,25
PCR,GT 1844 XPC TML,1D25218014010RXPCT,279.0,2026-05,2026-05-25,25
PCR,GT 1865 ROYL RENO,1325218515088TURL1,140.0,2026-05,2026-05-25,25
PCR,GT 1894 MAX,1325218614088TTMX0,354.0,2026-05,2026-05-25,25
PCR,GT 1925 XPC1,1225219Z15008SXC11,577.0,2026-05,2026-05-25,25
PCR,GT 1995 ROYL KIA,1325219515091HURL2,769.0,2026-05,2026-05-25,25
PCR,GT 2047 ROYL HYU,1325221317094VURL1,24.0,2026-05,2026-05-25,25
PCR,GT 2157 ROYL KIA,1325221317094VURL0,482.0,2026-05,2026-05-25,25
PCR,GT 2158 ROYL HYU,1325221318095HURL0,783.0,2026-05,2026-05-25,25
PCR,GT 2258 RAN HPE,1325222318098HRHE0,380.0,2026-05,2026-05-25,25
PCR,GT 2455 RAN A/T,1325221715100SRAT0,316.0,2026-05,2026-05-25,25
PCR,GT 2476 SUP MM,1325224716111SELS0,731.0,2026-05,2026-05-25,25
PCR,GT 2568 HT2,1325225518111HRHB0,644.0,2026-05,2026-05-25,25
PCR,GT2277 RAN HT,1325222517102HRHT0,40.0,2026-05,2026-05-25,25
PCR,GT2776 RAN AT,1325223616105TRAT0,280.0,2026-05,2026-05-25,25
PCR,GT  T1457 STAR,1325214617107MSXT0,227.0,2026-05,2026-05-26,26
PCR,GT 1402 XPC TATA,1D25214012008QXPCT,1126.0,2026-05,2026-05-26,26
PCR,GT 1482 UHL,1325214812074TUHL0,307.0,2026-05,2026-05-26,26
PCR,GT 1503 NEO MSIL,1325215813079TUNE3,1176.0,2026-05,2026-05-26,26
PCR,GT 1513 XPC1 MSIL,1D25215013008SXC10,2670.0,2026-05,2026-05-26,26
PCR,GT 1583 NEO TATA,1325215813079TUNE5,490.0,2026-05,2026-05-26,26
PCR,GT 1634 XPC TATA,1D25216814008QXPC0,271.0,2026-05,2026-05-26,26
PCR,GT 1672 SPT,1325216612077TUSP0,184.0,2026-05,2026-05-26,26
PCR,GT 1673 NEO,1325216613079HUNE0,118.0,2026-05,2026-05-26,26
PCR,GT 1765 ROYL,1325217515084HURL2,404.0,2026-05,2026-05-26,26
PCR,GT 1844 XPC TML,1D25218014010RXPCT,368.0,2026-05,2026-05-26,26
PCR,GT 1865 ROYL RENO,1325218515088TURL1,6.0,2026-05,2026-05-26,26
PCR,GT 1894 MAX,1325218614088TTMX0,368.0,2026-05,2026-05-26,26
PCR,GT 1925 XPC1,1225219Z15008SXC11,557.0,2026-05,2026-05-26,26
PCR,GT 1995 ROYL KIA,1325219515091HURL2,804.0,2026-05,2026-05-26,26
PCR,GT 2157 ROYL KIA,1325221317094VURL0,109.0,2026-05,2026-05-26,26
PCR,GT 2158 ROYL HYU,1325221318095HURL0,777.0,2026-05,2026-05-26,26
PCR,GT 2258 RAN HPE,1325222318098HRHE0,479.0,2026-05,2026-05-26,26
PCR,GT 2267 ROYL HYU,1325221417096HURL0,10.0,2026-05,2026-05-26,26
PCR,GT 2455 RAN A/T,1325221715100SRAT0,320.0,2026-05,2026-05-26,26
PCR,GT 2476 SUP MM,1325224716111SELS0,696.0,2026-05,2026-05-26,26
PCR,GT 2568 HT2,1325225518111HRHB0,630.0,2026-05,2026-05-26,26
PCR,GT 2617 RAN XAT,1325226517112HRXT0,28.0,2026-05,2026-05-26,26
PCR,GT 2666 RAN HT,1325226616111TRHT0,84.0,2026-05,2026-05-26,26
PCR,GT2277 RAN HT,1325222517102HRHT0,130.0,2026-05,2026-05-26,26
PCR,GT2776 RAN AT,1325223616105TRAT0,64.0,2026-05,2026-05-26,26
PCR,GT  T1457 STAR,1325214617107MSXT0,175.0,2026-05,2026-05-27,27
PCR,GT 1402 XPC TATA,1D25214012008QXPCT,1075.0,2026-05,2026-05-27,27
PCR,GT 1482 UHL,1325214812074TUHL0,256.0,2026-05,2026-05-27,27
PCR,GT 1503 NEO MSIL,1325215813079TUNE3,1168.0,2026-05,2026-05-27,27
PCR,GT 1513 XPC1 MSIL,1D25215013008SXC10,2653.0,2026-05,2026-05-27,27
PCR,GT 1583 NEO TATA,1325215813079TUNE5,252.0,2026-05,2026-05-27,27
PCR,GT 1634 XPC TATA,1D25216814008QXPC0,302.0,2026-05,2026-05-27,27
PCR,GT 1672 SPT,1325216612077TUSP0,62.0,2026-05,2026-05-27,27
PCR,GT 1673 NEO,1325216613079HUNE0,33.0,2026-05,2026-05-27,27
PCR,GT 1765 ROYL,1325217515084HURL2,344.0,2026-05,2026-05-27,27
PCR,GT 1844 XPC TML,1D25218014010RXPCT,307.0,2026-05,2026-05-27,27
PCR,GT 1865 ROYL RENO,1325218515088TURL1,18.0,2026-05,2026-05-27,27
PCR,GT 1894 MAX,1325218614088TTMX0,332.0,2026-05,2026-05-27,27
PCR,GT 1916 ROYL,1325219416089HURL1,152.0,2026-05,2026-05-27,27
PCR,GT 1925 XPC1,1225219Z15008SXC11,562.0,2026-05,2026-05-27,27
PCR,GT 1995 ROYL KIA,1325219515091HURL2,781.0,2026-05,2026-05-27,27
PCR,GT 2157 ROYL KIA,1325221317094VURL0,132.0,2026-05,2026-05-27,27
PCR,GT 2158 ROYL HYU,1325221318095HURL0,731.0,2026-05,2026-05-27,27
PCR,GT 2258 RAN HPE,1325222318098HRHE0,464.0,2026-05,2026-05-27,27
PCR,GT 2267 ROYL HYU,1325221417096HURL0,168.0,2026-05,2026-05-27,27
PCR,GT 2455 RAN A/T,1325221715100SRAT0,306.0,2026-05,2026-05-27,27
PCR,GT 2476 SUP MM,1325224716111SELS0,708.0,2026-05,2026-05-27,27
PCR,GT 2568 HT2,1325225518111HRHB0,644.0,2026-05,2026-05-27,27
PCR,GT 2617 RAN XAT,1325226517112HRXT0,102.0,2026-05,2026-05-27,27
PCR,GT 2666 RAN HT,1325226616111TRHT0,124.0,2026-05,2026-05-27,27
PCR,GT2277 RAN HT,1325222517102HRHT0,124.0,2026-05,2026-05-27,27
PCR,GT2776 RAN AT,1325223616105TRAT0,107.0,2026-05,2026-05-27,27
PCR,GT  T1457 STAR,1325214617107MSXT0,382.0,2026-05,2026-05-28,28
PCR,GT 1402 XPC TATA,1D25214012008QXPCT,965.0,2026-05,2026-05-28,28
PCR,GT 1482 UHL,1325214812074TUHL0,379.0,2026-05,2026-05-28,28
PCR,GT 1503 NEO MSIL,1325215813079TUNE3,1216.0,2026-05,2026-05-28,28
PCR,GT 1513 XPC1 MSIL,1D25215013008SXC10,2754.0,2026-05,2026-05-28,28
PCR,GT 1583 NEO TATA,1325215813079TUNE5,118.0,2026-05,2026-05-28,28
PCR,GT 1634 XPC TATA,1D25216814008QXPC0,287.0,2026-05,2026-05-28,28
PCR,GT 1684 ROYL,1325216814085TURL2,80.0,2026-05,2026-05-28,28
PCR,GT 1765 ROYL,1325217515084HURL2,400.0,2026-05,2026-05-28,28
PCR,GT 1844 XPC TML,1D25218014010RXPCT,310.0,2026-05,2026-05-28,28
PCR,GT 1865 ROYL RENO,1325218515088TURL1,134.0,2026-05,2026-05-28,28
PCR,GT 1894 MAX,1325218614088TTMX0,309.0,2026-05,2026-05-28,28
PCR,GT 1916 ROYL,1325219416089HURL1,170.0,2026-05,2026-05-28,28
PCR,GT 1925 XPC1,1225219Z15008SXC11,555.0,2026-05,2026-05-28,28
PCR,GT 1995 ROYL KIA,1325219515091HURL2,807.0,2026-05,2026-05-28,28
PCR,GT 2157 ROYL KIA,1325221317094VURL0,23.0,2026-05,2026-05-28,28
PCR,GT 2158 ROYL HYU,1325221318095HURL0,682.0,2026-05,2026-05-28,28
PCR,GT 2258 RAN HPE,1325222318098HRHE0,487.0,2026-05,2026-05-28,28
PCR,GT 2267 ROYL HYU,1325221417096HURL0,420.0,2026-05,2026-05-28,28
PCR,GT 2455 RAN A/T,1325221715100SRAT0,230.0,2026-05,2026-05-28,28
PCR,GT 2476 SUP MM,1325224716111SELS0,632.0,2026-05,2026-05-28,28
PCR,GT 2568 HT2,1325225518111HRHB0,616.0,2026-05,2026-05-28,28
PCR,GT 2617 RAN XAT,1325226517112HRXT0,2.0,2026-05,2026-05-28,28
PCR,GT 2666 RAN HT,1325226616111TRHT0,42.0,2026-05,2026-05-28,28
PCR,GT2277 RAN HT,1325222517102HRHT0,36.0,2026-05,2026-05-28,28
PCR,GT2776 RAN AT,1325223616105TRAT0,116.0,2026-05,2026-05-28,28
PCR,GT  T1457 STAR,1325214617107MSXT0,418.0,2026-05,2026-05-29,29
PCR,GT 1402 XPC TATA,1D25214012008QXPCT,983.0,2026-05,2026-05-29,29
PCR,GT 1482 UHL,1325214812074TUHL0,248.0,2026-05,2026-05-29,29
PCR,GT 1503 NEO MSIL,1325215813079TUNE3,992.0,2026-05,2026-05-29,29
PCR,GT 1513 XPC1 MSIL,1D25215013008SXC10,2957.0,2026-05,2026-05-29,29
PCR,GT 1583 NEO TATA,1325215813079TUNE5,216.0,2026-05,2026-05-29,29
PCR,GT 1634 XPC TATA,1D25216814008QXPC0,258.0,2026-05,2026-05-29,29
PCR,GT 1672 SPT,1325216612077TUSP0,149.0,2026-05,2026-05-29,29
PCR,GT 1673 NEO,1325216613079HUNE0,150.0,2026-05,2026-05-29,29
PCR,GT 1684 ROYL,1325216814085TURL2,2.0,2026-05,2026-05-29,29
PCR,GT 1765 ROYL,1325217515084HURL2,354.0,2026-05,2026-05-29,29
PCR,GT 1844 XPC TML,1D25218014010RXPCT,350.0,2026-05,2026-05-29,29
PCR,GT 1865 ROYL RENO,1325218515088TURL1,182.0,2026-05,2026-05-29,29
PCR,GT 1894 MAX,1325218614088TTMX0,392.0,2026-05,2026-05-29,29
PCR,GT 1916 ROYL,1325219416089HURL1,144.0,2026-05,2026-05-29,29
PCR,GT 1925 XPC1,1225219Z15008SXC11,578.0,2026-05,2026-05-29,29
PCR,GT 1995 ROYL KIA,1325219515091HURL2,1035.0,2026-05,2026-05-29,29
PCR,GT 2157 ROYL KIA,1325221317094VURL0,67.0,2026-05,2026-05-29,29
PCR,GT 2158 ROYL HYU,1325221318095HURL0,720.0,2026-05,2026-05-29,29
PCR,GT 2258 RAN HPE,1325222318098HRHE0,376.0,2026-05,2026-05-29,29
PCR,GT 2267 ROYL HYU,1325221417096HURL0,539.0,2026-05,2026-05-29,29
PCR,GT 2455 RAN A/T,1325221715100SRAT0,76.0,2026-05,2026-05-29,29
PCR,GT 2476 SUP MM,1325224716111SELS0,539.0,2026-05,2026-05-29,29
PCR,GT 2568 HT2,1325225518111HRHB0,442.0,2026-05,2026-05-29,29
PCR,GT 2617 RAN XAT,1325226517112HRXT0,114.0,2026-05,2026-05-29,29
PCR,GT 2666 RAN HT,1325226616111TRHT0,144.0,2026-05,2026-05-29,29
PCR,GT2776 RAN AT,1325223616105TRAT0,92.0,2026-05,2026-05-29,29
PCR,GT  T1457 STAR,1325214617107MSXT0,472.0,2026-05,2026-05-30,30
PCR,GT 1402 XPC TATA,1D25214012008QXPCT,885.0,2026-05,2026-05-30,30
PCR,GT 1482 UHL,1325214812074TUHL0,537.0,2026-05,2026-05-30,30
PCR,GT 1503 NEO MSIL,1325215813079TUNE3,962.0,2026-05,2026-05-30,30
PCR,GT 1513 XPC1 MSIL,1D25215013008SXC10,2812.0,2026-05,2026-05-30,30
PCR,GT 1583 NEO TATA,1325215813079TUNE5,340.0,2026-05,2026-05-30,30
PCR,GT 1634 XPC TATA,1D25216814008QXPC0,300.0,2026-05,2026-05-30,30
PCR,GT 1672 SPT,1325216612077TUSP0,143.0,2026-05,2026-05-30,30
PCR,GT 1673 NEO,1325216613079HUNE0,160.0,2026-05,2026-05-30,30
PCR,GT 1684 ROYL,1325216814085TURL2,52.0,2026-05,2026-05-30,30
PCR,GT 1765 ROYL,1325217515084HURL2,396.0,2026-05,2026-05-30,30
PCR,GT 1844 XPC TML,1D25218014010RXPCT,368.0,2026-05,2026-05-30,30
PCR,GT 1865 ROYL RENO,1325218515088TURL1,176.0,2026-05,2026-05-30,30
PCR,GT 1894 MAX,1325218614088TTMX0,372.0,2026-05,2026-05-30,30
PCR,GT 1916 ROYL,1325219416089HURL1,72.0,2026-05,2026-05-30,30
PCR,GT 1925 XPC1,1225219Z15008SXC11,566.0,2026-05,2026-05-30,30
PCR,GT 1995 ROYL KIA,1325219515091HURL2,1196.0,2026-05,2026-05-30,30
PCR,GT 2158 ROYL HYU,1325221318095HURL0,507.0,2026-05,2026-05-30,30
PCR,GT 2258 RAN HPE,1325222318098HRHE0,314.0,2026-05,2026-05-30,30
PCR,GT 2267 ROYL HYU,1325221417096HURL0,834.0,2026-05,2026-05-30,30
PCR,GT 2476 SUP MM,1325224716111SELS0,626.0,2026-05,2026-05-30,30
PCR,GT 2568 HT2,1325225518111HRHB0,486.0,2026-05,2026-05-30,30
PCR,GT 2617 RAN XAT,1325226517112HRXT0,142.0,2026-05,2026-05-30,30
PCR,GT 2618 RAN ATB,1325225518111HRAT1,24.0,2026-05,2026-05-30,30
PCR,GT 2666 RAN HT,1325226616111TRHT0,128.0,2026-05,2026-05-30,30
PCR,GT2776 RAN AT,1325223616105TRAT0,144.0,2026-05,2026-05-30,30
PCR,GT  T1457 STAR,1325214617107MSXT0,532.0,2026-05,2026-05-31,31
PCR,GT 1402 XPC TATA,1D25214012008QXPCT,905.0,2026-05,2026-05-31,31
PCR,GT 1482 UHL,1325214812074TUHL0,492.0,2026-05,2026-05-31,31
PCR,GT 1503 NEO MSIL,1325215813079TUNE3,932.0,2026-05,2026-05-31,31
PCR,GT 1513 XPC1 MSIL,1D25215013008SXC10,2964.0,2026-05,2026-05-31,31
PCR,GT 1583 NEO TATA,1325215813079TUNE5,324.0,2026-05,2026-05-31,31
PCR,GT 1634 XPC TATA,1D25216814008QXPC0,304.0,2026-05,2026-05-31,31
PCR,GT 1673 NEO,1325216613079HUNE0,72.0,2026-05,2026-05-31,31
PCR,GT 1684 ROYL,1325216814085TURL2,126.0,2026-05,2026-05-31,31
PCR,GT 1765 ROYL,1325217515084HURL2,390.0,2026-05,2026-05-31,31
PCR,GT 1844 XPC TML,1D25218014010RXPCT,295.0,2026-05,2026-05-31,31
PCR,GT 1865 ROYL RENO,1325218515088TURL1,180.0,2026-05,2026-05-31,31
PCR,GT 1894 MAX,1325218614088TTMX0,373.0,2026-05,2026-05-31,31
PCR,GT 1916 ROYL,1325219416089HURL1,114.0,2026-05,2026-05-31,31
PCR,GT 1925 XPC1,1225219Z15008SXC11,574.0,2026-05,2026-05-31,31
PCR,GT 1995 ROYL KIA,1325219515091HURL2,1120.0,2026-05,2026-05-31,31
PCR,GT 2158 ROYL HYU,1325221318095HURL0,471.0,2026-05,2026-05-31,31
PCR,GT 2258 RAN HPE,1325222318098HRHE0,352.0,2026-05,2026-05-31,31
PCR,GT 2267 ROYL HYU,1325221417096HURL0,837.0,2026-05,2026-05-31,31
PCR,GT 2476 SUP MM,1325224716111SELS0,676.0,2026-05,2026-05-31,31
PCR,GT 2568 HT2,1325225518111HRHB0,456.0,2026-05,2026-05-31,31
PCR,GT 2617 RAN XAT,1325226517112HRXT0,10.0,2026-05,2026-05-31,31
PCR,GT 2618 RAN ATB,1325225518111HRAT1,140.0,2026-05,2026-05-31,31
PCR,GT 2666 RAN HT,1325226616111TRHT0,98.0,2026-05,2026-05-31,31
PCR,GT2776 RAN AT,1325223616105TRAT0,5.0,2026-05,2026-05-31,31
TBR,10.00 R 20 JDE,1121129A20000JDEP0,135.0,2026-05,2026-05-01,1
TBR,10.00 R 20 JUH3+,1122110020016KH3P0,56.0,2026-05,2026-05-01,1
TBR,10.00 R 20 JUH5,1122110020016KUH50,180.0,2026-05,2026-05-01,1
TBR,10.00R 20 JW302,1123129A20152JUCM0,68.0,2026-05,2026-05-01,1
TBR,11.00R20 JUH5,1122111020016KUH50,76.0,2026-05,2026-05-01,1
TBR,11.00R20JDE++,1121111020016KDEP0,101.0,2026-05,2026-05-01,1
TBR,11R22.5 JDH5+,115121102C016LH5P0,28.0,2026-05,2026-05-01,1
TBR,11R22.5JUC,112321102C016LJUC0,28.0,2026-05,2026-05-01,1
TBR,295/75R22.5JTHSD,115222972C014LJTS0,74.0,2026-05,2026-05-01,1
TBR,295/80R22.5JUL1,112222982C016MJUM0,44.0,2026-05,2026-05-01,1
TBR,315/70R22.5JDL3,115123162C018LDL30,43.0,2026-05,2026-05-01,1
TBR,315/70R22.5JUL4,115223162C018LUL40,22.0,2026-05,2026-05-01,1
TBR,315/80R22.5JDL3,115123182C018LDL30,14.0,2026-05,2026-05-01,1
TBR,8.25R20JDE++,1121182020016KDEP0,80.0,2026-05,2026-05-01,1
TBR,8.25R20JUH5,1122182020016KUH50,60.0,2026-05,2026-05-01,1
TBR,9.00 R 20 JDE++,1121190020016KDEP0,40.0,2026-05,2026-05-01,1
TBR,9.00 R 20 JUH3,1122190020014KJH30,2.0,2026-05,2026-05-01,1
TBR,9.00 R 20 JUH5,1122190020016KUH50,39.0,2026-05,2026-05-01,1
TBR,GT 5075 - 295/90R20 JUH XF,1122129A20152JULF0,84.0,2026-05,2026-05-01,1
TBR,GT 5076 - 295/90R20 JDE XF,1121129A20152JDLF0,40.0,2026-05,2026-05-01,1
TBR,GT 5078 - 295/80R22.5 JUX E,112222982C016JUXE0,54.0,2026-05,2026-05-01,1
TBR,GT 5079 - 255/70R22.5 JUX E,112222562C016MUXE0,52.0,2026-05,2026-05-01,1
TBR,GT 5083 - 295/80R22.5 JUM XM,112222982C016MJXM0,114.0,2026-05,2026-05-01,1
TBR,GT 5094 - 11R22.5 JUH5 EXP,115221102C016LVH50,2.0,2026-05,2026-05-01,1
TBR,GT 5095 - 11.00R20 JUC3,1123111020016KJC30,36.0,2026-05,2026-05-01,1
TBR,GT 5096 - 11.00R20 JDC XD,1121111020016KCXD0,126.0,2026-05,2026-05-01,1
TBR,GT 5101 - 11.00R20 JS114,1121111020016K1141,12.0,2026-05,2026-05-01,1
TBR,GT 5114 - 315/80R22.5 JDC XD,115123182C020KCXD0,6.0,2026-05,2026-05-01,1
TBR,GT 5123 - 385/65R22.5 JUL4,115223852C024KUL40,16.0,2026-05,2026-05-01,1
TBR,10.00 R 20 JDE,1121129A20000JDEP0,140.0,2026-05,2026-05-02,2
TBR,10.00 R 20 JUH3+,1122110020016KH3P0,138.0,2026-05,2026-05-02,2
TBR,10.00 R 20 JUH5,1122110020016KUH50,279.0,2026-05,2026-05-02,2
TBR,10.00R 20 JW302,1123129A20152JUCM0,2.0,2026-05,2026-05-02,2
TBR,11.00R20 JUH5,1122111020016KUH50,109.0,2026-05,2026-05-02,2
TBR,11.00R20JDE++,1121111020016KDEP0,142.0,2026-05,2026-05-02,2
TBR,11R22.5 JDH5+,115121102C016LH5P0,42.0,2026-05,2026-05-02,2
TBR,11R22.5JUC,112321102C016LJUC0,36.0,2026-05,2026-05-02,2
TBR,275/70R22.5JTH1,115222762C016LTH10,8.0,2026-05,2026-05-02,2
TBR,295/75R22.5JTHSD,115222972C014LJTS0,128.0,2026-05,2026-05-02,2
TBR,295/80R22.5JUL1,112222982C016MJUM0,70.0,2026-05,2026-05-02,2
TBR,295/90R20 JDE++ (RS),1121129A20000JDEPM,6.0,2026-05,2026-05-02,2
TBR,315/70R22.5JDL3,115123162C018LDL30,34.0,2026-05,2026-05-02,2
TBR,315/70R22.5JUL4,115223162C018LUL40,40.0,2026-05,2026-05-02,2
TBR,315/80R22.5JDL3,115123182C018LDL30,40.0,2026-05,2026-05-02,2
TBR,8.25R20JDE++,1121182020016KDEP0,90.0,2026-05,2026-05-02,2
TBR,8.25R20JUH5,1122182020016KUH50,50.0,2026-05,2026-05-02,2
TBR,9.00 R 20 JDE++,1121190020016KDEP0,58.0,2026-05,2026-05-02,2
TBR,9.00 R 20 JUH3,1122190020014KJH30,3.0,2026-05,2026-05-02,2
TBR,9.00 R 20 JUH5,1122190020016KUH50,91.0,2026-05,2026-05-02,2
TBR,GT 5075 - 295/90R20 JUH XF,1122129A20152JULF0,55.0,2026-05,2026-05-02,2
TBR,GT 5076 - 295/90R20 JDE XF,1121129A20152JDLF0,88.0,2026-05,2026-05-02,2
TBR,GT 5078 - 295/80R22.5 JUX E,112222982C016JUXE0,129.0,2026-05,2026-05-02,2
TBR,GT 5079 - 255/70R22.5 JUX E,112222562C016MUXE0,80.0,2026-05,2026-05-02,2
TBR,GT 5083 - 295/80R22.5 JUM XM,112222982C016MJXM0,159.0,2026-05,2026-05-02,2
TBR,GT 5094 - 11R22.5 JUH5 EXP,115221102C016LVH50,22.0,2026-05,2026-05-02,2
TBR,GT 5095 - 11.00R20 JUC3,1123111020016KJC30,56.0,2026-05,2026-05-02,2
TBR,GT 5096 - 11.00R20 JDC XD,1121111020016KCXD0,138.0,2026-05,2026-05-02,2
TBR,GT 5101 - 11.00R20 JS114,1121111020016K1141,2.0,2026-05,2026-05-02,2
TBR,GT 5114 - 315/80R22.5 JDC XD,115123182C020KCXD0,39.0,2026-05,2026-05-02,2
TBR,GT 5123 - 385/65R22.5 JUL4,115223852C024KUL40,2.0,2026-05,2026-05-02,2
TBR,GT 6019 - 385/65R22.5 JUH6,116223852C020KUH60,1.0,2026-05,2026-05-02,2
TBR,10.00 R 20 JDE,1121129A20000JDEP0,202.0,2026-05,2026-05-03,3
TBR,10.00 R 20 JUH3+,1122110020016KH3P0,126.0,2026-05,2026-05-03,3
TBR,10.00 R 20 JUH5,1122110020016KUH50,303.0,2026-05,2026-05-03,3
TBR,10.00R 20 JW302,1123129A20152JUCM0,100.0,2026-05,2026-05-03,3
TBR,11.00R20 JUH5,1122111020016KUH50,108.0,2026-05,2026-05-03,3
TBR,11.00R20JDE++,1121111020016KDEP0,161.0,2026-05,2026-05-03,3
TBR,11R22.5 JDH5+,115121102C016LH5P0,28.0,2026-05,2026-05-03,3
TBR,11R22.5JUC,112321102C016LJUC0,1.0,2026-05,2026-05-03,3
TBR,275/70R22.5JTH1,115222762C016LTH10,90.0,2026-05,2026-05-03,3
TBR,295/75R22.5JTHSD,115222972C014LJTS0,198.0,2026-05,2026-05-03,3
TBR,295/80R22.5JUL1,112222982C016MJUM0,68.0,2026-05,2026-05-03,3
TBR,295/90R20 JDE++ (RS),1121129A20000JDEPM,6.0,2026-05,2026-05-03,3
TBR,315/70R22.5JDL3,115123162C018LDL30,62.0,2026-05,2026-05-03,3
TBR,315/70R22.5JUL4,115223162C018LUL40,34.0,2026-05,2026-05-03,3
TBR,315/80R22.5JUL3,115223182C018MUL30,4.0,2026-05,2026-05-03,3
TBR,8.25R20JDE++,1121182020016KDEP0,131.0,2026-05,2026-05-03,3
TBR,8.25R20JUH5,1122182020016KUH50,86.0,2026-05,2026-05-03,3
TBR,9.00 R 20 JDE++,1121190020016KDEP0,58.0,2026-05,2026-05-03,3
TBR,9.00 R 20 JUH5,1122190020016KUH50,44.0,2026-05,2026-05-03,3
TBR,GT 5075 - 295/90R20 JUH XF,1122129A20152JULF0,175.0,2026-05,2026-05-03,3
TBR,GT 5076 - 295/90R20 JDE XF,1121129A20152JDLF0,14.0,2026-05,2026-05-03,3
TBR,GT 5078 - 295/80R22.5 JUX E,112222982C016JUXE0,122.0,2026-05,2026-05-03,3
TBR,GT 5079 - 255/70R22.5 JUX E,112222562C016MUXE0,62.0,2026-05,2026-05-03,3
TBR,GT 5083 - 295/80R22.5 JUM XM,112222982C016MJXM0,136.0,2026-05,2026-05-03,3
TBR,GT 5094 - 11R22.5 JUH5 EXP,115221102C016LVH50,46.0,2026-05,2026-05-03,3
TBR,GT 5095 - 11.00R20 JUC3,1123111020016KJC30,42.0,2026-05,2026-05-03,3
TBR,GT 5096 - 11.00R20 JDC XD,1121111020016KCXD0,210.0,2026-05,2026-05-03,3
TBR,GT 5101 - 11.00R20 JS114,1121111020016K1141,32.0,2026-05,2026-05-03,3
TBR,GT 5123 - 385/65R22.5 JUL4,115223852C024KUL40,28.0,2026-05,2026-05-03,3
TBR,10.00 R 20 JDE,1121129A20000JDEP0,219.0,2026-05,2026-05-04,4
TBR,10.00 R 20 JUH3+,1122110020016KH3P0,100.0,2026-05,2026-05-04,4
TBR,10.00 R 20 JUH5,1122110020016KUH50,343.0,2026-05,2026-05-04,4
TBR,10.00R 20 JW302,1123129A20152JUCM0,52.0,2026-05,2026-05-04,4
TBR,11.00R20 JUH5,1122111020016KUH50,128.0,2026-05,2026-05-04,4
TBR,11.00R20JDE++,1121111020016KDEP0,176.0,2026-05,2026-05-04,4
TBR,275/70R22.5JTH1,115222762C016LTH10,94.0,2026-05,2026-05-04,4
TBR,295/75R22.5JTHSD,115222972C014LJTS0,128.0,2026-05,2026-05-04,4
TBR,295/80R22.5JDL,112122982C016MJDL0,10.0,2026-05,2026-05-04,4
TBR,295/80R22.5JUL1,112222982C016MJUM0,80.0,2026-05,2026-05-04,4
TBR,315/70R22.5JDL3,115123162C018LDL30,69.0,2026-05,2026-05-04,4
TBR,315/70R22.5JUL4,115223162C018LUL40,38.0,2026-05,2026-05-04,4
TBR,315/80R22.5JUL3,115223182C018MUL30,38.0,2026-05,2026-05-04,4
TBR,8.25R20JDE++,1121182020016KDEP0,122.0,2026-05,2026-05-04,4
TBR,8.25R20JUH5,1122182020016KUH50,86.0,2026-05,2026-05-04,4
TBR,9.00 R 20 JDE++,1121190020016KDEP0,100.0,2026-05,2026-05-04,4
TBR,9.00 R 20 JUH5,1122190020016KUH50,74.0,2026-05,2026-05-04,4
TBR,GT 5075 - 295/90R20 JUH XF,1122129A20152JULF0,128.0,2026-05,2026-05-04,4
TBR,GT 5076 - 295/90R20 JDE XF,1121129A20152JDLF0,128.0,2026-05,2026-05-04,4
TBR,GT 5078 - 295/80R22.5 JUX E,112222982C016JUXE0,106.0,2026-05,2026-05-04,4
TBR,GT 5079 - 255/70R22.5 JUX E,112222562C016MUXE0,82.0,2026-05,2026-05-04,4
TBR,GT 5083 - 295/80R22.5 JUM XM,112222982C016MJXM0,198.0,2026-05,2026-05-04,4
TBR,GT 5094 - 11R22.5 JUH5 EXP,115221102C016LVH50,26.0,2026-05,2026-05-04,4
TBR,GT 5095 - 11.00R20 JUC3,1123111020016KJC30,92.0,2026-05,2026-05-04,4
TBR,GT 5096 - 11.00R20 JDC XD,1121111020016KCXD0,190.0,2026-05,2026-05-04,4
TBR,GT 5101 - 11.00R20 JS114,1121111020016K1141,28.0,2026-05,2026-05-04,4
TBR,GT 5114 - 315/80R22.5 JDC XD,115123182C020KCXD0,20.0,2026-05,2026-05-04,4
TBR,GT 5123 - 385/65R22.5 JUL4,115223852C024KUL40,18.0,2026-05,2026-05-04,4
TBR,10.00 R 20 JDE,1121129A20000JDEP0,208.0,2026-05,2026-05-05,5
TBR,10.00 R 20 JUH3+,1122110020016KH3P0,132.0,2026-05,2026-05-05,5
TBR,10.00 R 20 JUH5,1122110020016KUH50,369.0,2026-05,2026-05-05,5
TBR,10.00R 20 JW302,1123129A20152JUCM0,126.0,2026-05,2026-05-05,5
TBR,11.00R20 JUH5,1122111020016KUH50,162.0,2026-05,2026-05-05,5
TBR,11.00R20JDE++,1121111020016KDEP0,186.0,2026-05,2026-05-05,5
TBR,275/70R22.5JTH1,115222762C016LTH10,56.0,2026-05,2026-05-05,5
TBR,295/75R22.5JTHSD,115222972C014LJTS0,168.0,2026-05,2026-05-05,5
TBR,295/80R22.5JDL,112122982C016MJDL0,36.0,2026-05,2026-05-05,5
TBR,295/80R22.5JUL1,112222982C016MJUM0,84.0,2026-05,2026-05-05,5
TBR,315/70R22.5JDL3,115123162C018LDL30,83.0,2026-05,2026-05-05,5
TBR,315/70R22.5JUL4,115223162C018LUL40,28.0,2026-05,2026-05-05,5
TBR,315/80R22.5JUL3,115223182C018MUL30,44.0,2026-05,2026-05-05,5
TBR,8.25R20JDE++,1121182020016KDEP0,106.0,2026-05,2026-05-05,5
TBR,8.25R20JUH5,1122182020016KUH50,82.0,2026-05,2026-05-05,5
TBR,9.00 R 20 JDE++,1121190020016KDEP0,88.0,2026-05,2026-05-05,5
TBR,9.00 R 20 JUH5,1122190020016KUH50,94.0,2026-05,2026-05-05,5
TBR,GT 5075 - 295/90R20 JUH XF,1122129A20152JULF0,112.0,2026-05,2026-05-05,5
TBR,GT 5076 - 295/90R20 JDE XF,1121129A20152JDLF0,102.0,2026-05,2026-05-05,5
TBR,GT 5078 - 295/80R22.5 JUX E,112222982C016JUXE0,94.0,2026-05,2026-05-05,5
TBR,GT 5079 - 255/70R22.5 JUX E,112222562C016MUXE0,80.0,2026-05,2026-05-05,5
TBR,GT 5083 - 295/80R22.5 JUM XM,112222982C016MJXM0,200.0,2026-05,2026-05-05,5
TBR,GT 5094 - 11R22.5 JUH5 EXP,115221102C016LVH50,36.0,2026-05,2026-05-05,5
TBR,GT 5095 - 11.00R20 JUC3,1123111020016KJC30,82.0,2026-05,2026-05-05,5
TBR,GT 5096 - 11.00R20 JDC XD,1121111020016KCXD0,222.0,2026-05,2026-05-05,5
TBR,GT 5101 - 11.00R20 JS114,1121111020016K1141,30.0,2026-05,2026-05-05,5
TBR,GT 5114 - 315/80R22.5 JDC XD,115123182C020KCXD0,30.0,2026-05,2026-05-05,5
TBR,GT 5123 - 385/65R22.5 JUL4,115223852C024KUL40,4.0,2026-05,2026-05-05,5
TBR,10.00 R 20 JDE,1121129A20000JDEP0,194.0,2026-05,2026-05-06,6
TBR,10.00 R 20 JUH3+,1122110020016KH3P0,118.0,2026-05,2026-05-06,6
TBR,10.00 R 20 JUH5,1122110020016KUH50,351.0,2026-05,2026-05-06,6
TBR,10.00R 20 JW302,1123129A20152JUCM0,96.0,2026-05,2026-05-06,6
TBR,11.00R20 JUH5,1122111020016KUH50,162.0,2026-05,2026-05-06,6
TBR,11.00R20JDE++,1121111020016KDEP0,204.0,2026-05,2026-05-06,6
TBR,275/70R22.5JTH1,115222762C016LTH10,72.0,2026-05,2026-05-06,6
TBR,295/75R22.5JTHSD,115222972C014LJTS0,184.0,2026-05,2026-05-06,6
TBR,295/80R22.5JDL,112122982C016MJDL0,70.0,2026-05,2026-05-06,6
TBR,295/80R22.5JUL1,112222982C016MJUM0,68.0,2026-05,2026-05-06,6
TBR,315/70R22.5JDL3,115123162C018LDL30,55.0,2026-05,2026-05-06,6
TBR,315/70R22.5JUL4,115223162C018LUL40,27.0,2026-05,2026-05-06,6
TBR,315/80R22.5JUL3,115223182C018MUL30,42.0,2026-05,2026-05-06,6
TBR,8.25R20JDE++,1121182020016KDEP0,122.0,2026-05,2026-05-06,6
TBR,8.25R20JUH5,1122182020016KUH50,58.0,2026-05,2026-05-06,6
TBR,9.00 R 20 JDE++,1121190020016KDEP0,82.0,2026-05,2026-05-06,6
TBR,9.00 R 20 JUH5,1122190020016KUH50,100.0,2026-05,2026-05-06,6
TBR,GT 5075 - 295/90R20 JUH XF,1122129A20152JULF0,92.0,2026-05,2026-05-06,6
TBR,GT 5076 - 295/90R20 JDE XF,1121129A20152JDLF0,114.0,2026-05,2026-05-06,6
TBR,GT 5078 - 295/80R22.5 JUX E,112222982C016JUXE0,128.0,2026-05,2026-05-06,6
TBR,GT 5079 - 255/70R22.5 JUX E,112222562C016MUXE0,86.0,2026-05,2026-05-06,6
TBR,GT 5083 - 295/80R22.5 JUM XM,112222982C016MJXM0,218.0,2026-05,2026-05-06,6
TBR,GT 5088 - 315/60R22.5 JDL3,115123142C020LDL30,1.0,2026-05,2026-05-06,6
TBR,GT 5095 - 11.00R20 JUC3,1123111020016KJC30,32.0,2026-05,2026-05-06,6
TBR,GT 5096 - 11.00R20 JDC XD,1121111020016KCXD0,196.0,2026-05,2026-05-06,6
TBR,GT 5101 - 11.00R20 JS114,1121111020016K1141,42.0,2026-05,2026-05-06,6
TBR,GT 5114 - 315/80R22.5 JDC XD,115123182C020KCXD0,42.0,2026-05,2026-05-06,6
TBR,GT 5123 - 385/65R22.5 JUL4,115223852C024KUL40,1.0,2026-05,2026-05-06,6
TBR,10.00 R 20 JDE,1121129A20000JDEP0,223.0,2026-05,2026-05-07,7
TBR,10.00 R 20 JUH3+,1122110020016KH3P0,120.0,2026-05,2026-05-07,7
TBR,10.00 R 20 JUH5,1122110020016KUH50,382.0,2026-05,2026-05-07,7
TBR,10.00R 20 JW302,1123129A20152JUCM0,108.0,2026-05,2026-05-07,7
TBR,11.00R20 JUH5,1122111020016KUH50,182.0,2026-05,2026-05-07,7
TBR,11.00R20JDE++,1121111020016KDEP0,172.0,2026-05,2026-05-07,7
TBR,11R22.5 JDH5+,115121102C016LH5P0,24.0,2026-05,2026-05-07,7
TBR,275/70R22.5JTH1,115222762C016LTH10,88.0,2026-05,2026-05-07,7
TBR,295/75R22.5JTHSD,115222972C014LJTS0,182.0,2026-05,2026-05-07,7
TBR,295/80R22.5JDL,112122982C016MJDL0,80.0,2026-05,2026-05-07,7
TBR,295/80R22.5JUL1,112222982C016MJUM0,92.0,2026-05,2026-05-07,7
TBR,315/70R22.5JDL3,115123162C018LDL30,48.0,2026-05,2026-05-07,7
TBR,315/70R22.5JUL4,115223162C018LUL40,46.0,2026-05,2026-05-07,7
TBR,315/80R22.5JUL3,115223182C018MUL30,40.0,2026-05,2026-05-07,7
TBR,8.25R20JDE++,1121182020016KDEP0,132.0,2026-05,2026-05-07,7
TBR,8.25R20JUH5,1122182020016KUH50,76.0,2026-05,2026-05-07,7
TBR,9.00 R 20 JDE++,1121190020016KDEP0,86.0,2026-05,2026-05-07,7
TBR,9.00 R 20 JUH5,1122190020016KUH50,84.0,2026-05,2026-05-07,7
TBR,GT 5075 - 295/90R20 JUH XF,1122129A20152JULF0,136.0,2026-05,2026-05-07,7
TBR,GT 5076 - 295/90R20 JDE XF,1121129A20152JDLF0,127.0,2026-05,2026-05-07,7
TBR,GT 5078 - 295/80R22.5 JUX E,112222982C016JUXE0,94.0,2026-05,2026-05-07,7
TBR,GT 5079 - 255/70R22.5 JUX E,112222562C016MUXE0,92.0,2026-05,2026-05-07,7
TBR,GT 5083 - 295/80R22.5 JUM XM,112222982C016MJXM0,214.0,2026-05,2026-05-07,7
TBR,GT 5095 - 11.00R20 JUC3,1123111020016KJC30,84.0,2026-05,2026-05-07,7
TBR,GT 5096 - 11.00R20 JDC XD,1121111020016KCXD0,212.0,2026-05,2026-05-07,7
TBR,GT 5101 - 11.00R20 JS114,1121111020016K1141,6.0,2026-05,2026-05-07,7
TBR,GT 5114 - 315/80R22.5 JDC XD,115123182C020KCXD0,39.0,2026-05,2026-05-07,7
TBR,10.00 R 20 JDE,1121129A20000JDEP0,198.0,2026-05,2026-05-08,8
TBR,10.00 R 20 JUH3+,1122110020016KH3P0,126.0,2026-05,2026-05-08,8
TBR,10.00 R 20 JUH5,1122110020016KUH50,355.0,2026-05,2026-05-08,8
TBR,10.00R 20 JW302,1123129A20152JUCM0,94.0,2026-05,2026-05-08,8
TBR,11.00R20 JUH5,1122111020016KUH50,178.0,2026-05,2026-05-08,8
TBR,11.00R20JDE++,1121111020016KDEP0,210.0,2026-05,2026-05-08,8
TBR,11R22.5 JDH5+,115121102C016LH5P0,38.0,2026-05,2026-05-08,8
TBR,275/70R22.5JTH1,115222762C016LTH10,42.0,2026-05,2026-05-08,8
TBR,295/75R22.5JTHSD,115222972C014LJTS0,196.0,2026-05,2026-05-08,8
TBR,295/80R22.5JDL,112122982C016MJDL0,86.0,2026-05,2026-05-08,8
TBR,295/80R22.5JUL1,112222982C016MJUM0,74.0,2026-05,2026-05-08,8
TBR,315/70R22.5JDL3,115123162C018LDL30,64.0,2026-05,2026-05-08,8
TBR,315/70R22.5JUL4,115223162C018LUL40,38.0,2026-05,2026-05-08,8
TBR,315/80R22.5JUL3,115223182C018MUL30,46.0,2026-05,2026-05-08,8
TBR,8.25R20JDE++,1121182020016KDEP0,138.0,2026-05,2026-05-08,8
TBR,8.25R20JUH5,1122182020016KUH50,92.0,2026-05,2026-05-08,8
TBR,9.00 R 20 JDE++,1121190020016KDEP0,96.0,2026-05,2026-05-08,8
TBR,9.00 R 20 JUH5,1122190020016KUH50,84.0,2026-05,2026-05-08,8
TBR,GT 5075 - 295/90R20 JUH XF,1122129A20152JULF0,134.0,2026-05,2026-05-08,8
TBR,GT 5076 - 295/90R20 JDE XF,1121129A20152JDLF0,128.0,2026-05,2026-05-08,8
TBR,GT 5078 - 295/80R22.5 JUX E,112222982C016JUXE0,108.0,2026-05,2026-05-08,8
TBR,GT 5079 - 255/70R22.5 JUX E,112222562C016MUXE0,36.0,2026-05,2026-05-08,8
TBR,GT 5083 - 295/80R22.5 JUM XM,112222982C016MJXM0,181.0,2026-05,2026-05-08,8
TBR,GT 5095 - 11.00R20 JUC3,1123111020016KJC30,46.0,2026-05,2026-05-08,8
TBR,GT 5096 - 11.00R20 JDC XD,1121111020016KCXD0,216.0,2026-05,2026-05-08,8
TBR,GT 5101 - 11.00R20 JS114,1121111020016K1141,32.0,2026-05,2026-05-08,8
TBR,GT 5114 - 315/80R22.5 JDC XD,115123182C020KCXD0,43.0,2026-05,2026-05-08,8
TBR,10.00 R 20 JDE,1121129A20000JDEP0,206.0,2026-05,2026-05-09,9
TBR,10.00 R 20 JUH3+,1122110020016KH3P0,116.0,2026-05,2026-05-09,9
TBR,10.00 R 20 JUH5,1122110020016KUH50,337.0,2026-05,2026-05-09,9
TBR,10.00R 20 JW302,1123129A20152JUCM0,106.0,2026-05,2026-05-09,9
TBR,11.00R20 JUH5,1122111020016KUH50,156.0,2026-05,2026-05-09,9
TBR,11.00R20JDE++,1121111020016KDEP0,190.0,2026-05,2026-05-09,9
TBR,11R22.5 JDH5+,115121102C016LH5P0,4.0,2026-05,2026-05-09,9
TBR,275/70R22.5JTH1,115222762C016LTH10,70.0,2026-05,2026-05-09,9
TBR,295/75R22.5JTHSD,115222972C014LJTS0,186.0,2026-05,2026-05-09,9
TBR,295/80R22.5JDL,112122982C016MJDL0,50.0,2026-05,2026-05-09,9
TBR,295/80R22.5JUL1,112222982C016MJUM0,72.0,2026-05,2026-05-09,9
TBR,315/70R22.5JDL3,115123162C018LDL30,77.0,2026-05,2026-05-09,9
TBR,315/70R22.5JUL4,115223162C018LUL40,39.0,2026-05,2026-05-09,9
TBR,315/80R22.5JUL3,115223182C018MUL30,44.0,2026-05,2026-05-09,9
TBR,8.25R20JDE++,1121182020016KDEP0,128.0,2026-05,2026-05-09,9
TBR,8.25R20JUH5,1122182020016KUH50,74.0,2026-05,2026-05-09,9
TBR,9.00 R 20 JDE++,1121190020016KDEP0,70.0,2026-05,2026-05-09,9
TBR,9.00 R 20 JUH5,1122190020016KUH50,63.0,2026-05,2026-05-09,9
TBR,GT 5075 - 295/90R20 JUH XF,1122129A20152JULF0,120.0,2026-05,2026-05-09,9
TBR,GT 5076 - 295/90R20 JDE XF,1121129A20152JDLF0,96.0,2026-05,2026-05-09,9
TBR,GT 5078 - 295/80R22.5 JUX E,112222982C016JUXE0,92.0,2026-05,2026-05-09,9
TBR,GT 5079 - 255/70R22.5 JUX E,112222562C016MUXE0,69.0,2026-05,2026-05-09,9
TBR,GT 5083 - 295/80R22.5 JUM XM,112222982C016MJXM0,197.0,2026-05,2026-05-09,9
TBR,GT 5095 - 11.00R20 JUC3,1123111020016KJC30,62.0,2026-05,2026-05-09,9
TBR,GT 5096 - 11.00R20 JDC XD,1121111020016KCXD0,210.0,2026-05,2026-05-09,9
TBR,GT 5101 - 11.00R20 JS114,1121111020016K1141,42.0,2026-05,2026-05-09,9
TBR,GT 5114 - 315/80R22.5 JDC XD,115123182C020KCXD0,14.0,2026-05,2026-05-09,9
TBR,10.00 R 20 JDE,1121129A20000JDEP0,168.0,2026-05,2026-05-10,10
TBR,10.00 R 20 JUH3+,1122110020016KH3P0,116.0,2026-05,2026-05-10,10
TBR,10.00 R 20 JUH5,1122110020016KUH50,370.0,2026-05,2026-05-10,10
TBR,10.00R 20 JW302,1123129A20152JUCM0,87.0,2026-05,2026-05-10,10
TBR,11.00R20 JUH5,1122111020016KUH50,161.0,2026-05,2026-05-10,10
TBR,11.00R20JDE++,1121111020016KDEP0,202.0,2026-05,2026-05-10,10
TBR,11R22.5 JDH5+,115121102C016LH5P0,43.0,2026-05,2026-05-10,10
TBR,275/70R22.5JTH1,115222762C016LTH10,84.0,2026-05,2026-05-10,10
TBR,295/75R22.5JTHSD,115222972C014LJTS0,162.0,2026-05,2026-05-10,10
TBR,295/80R22.5JDL,112122982C016MJDL0,72.0,2026-05,2026-05-10,10
TBR,295/80R22.5JUL1,112222982C016MJUM0,78.0,2026-05,2026-05-10,10
TBR,315/70R22.5JDL3,115123162C018LDL30,57.0,2026-05,2026-05-10,10
TBR,315/70R22.5JUL4,115223162C018LUL40,39.0,2026-05,2026-05-10,10
TBR,315/80R22.5JUL3,115223182C018MUL30,14.0,2026-05,2026-05-10,10
TBR,8.25R20JDE++,1121182020016KDEP0,123.0,2026-05,2026-05-10,10
TBR,8.25R20JUH5,1122182020016KUH50,76.0,2026-05,2026-05-10,10
TBR,9.00 R 20 JDE++,1121190020016KDEP0,84.0,2026-05,2026-05-10,10
TBR,9.00 R 20 JUH5,1122190020016KUH50,88.0,2026-05,2026-05-10,10
TBR,GT 5075 - 295/90R20 JUH XF,1122129A20152JULF0,97.0,2026-05,2026-05-10,10
TBR,GT 5076 - 295/90R20 JDE XF,1121129A20152JDLF0,108.0,2026-05,2026-05-10,10
TBR,GT 5078 - 295/80R22.5 JUX E,112222982C016JUXE0,90.0,2026-05,2026-05-10,10
TBR,GT 5079 - 255/70R22.5 JUX E,112222562C016MUXE0,75.0,2026-05,2026-05-10,10
TBR,GT 5083 - 295/80R22.5 JUM XM,112222982C016MJXM0,193.0,2026-05,2026-05-10,10
TBR,GT 5088 - 315/60R22.5 JDL3,115123142C020LDL30,18.0,2026-05,2026-05-10,10
TBR,GT 5095 - 11.00R20 JUC3,1123111020016KJC30,72.0,2026-05,2026-05-10,10
TBR,GT 5096 - 11.00R20 JDC XD,1121111020016KCXD0,204.0,2026-05,2026-05-10,10
TBR,GT 5101 - 11.00R20 JS114,1121111020016K1141,41.0,2026-05,2026-05-10,10
TBR,10.00 R 20 JDE,1121129A20000JDEP0,167.0,2026-05,2026-05-11,11
TBR,10.00 R 20 JUH3+,1122110020016KH3P0,143.0,2026-05,2026-05-11,11
TBR,10.00 R 20 JUH5,1122110020016KUH50,353.0,2026-05,2026-05-11,11
TBR,10.00R 20 JW302,1123129A20152JUCM0,137.0,2026-05,2026-05-11,11
TBR,11.00R20 JUH5,1122111020016KUH50,178.0,2026-05,2026-05-11,11
TBR,11.00R20JDE++,1121111020016KDEP0,177.0,2026-05,2026-05-11,11
TBR,11R22.5 JDH5+,115121102C016LH5P0,3.0,2026-05,2026-05-11,11
TBR,275/70R22.5JTH1,115222762C016LTH10,92.0,2026-05,2026-05-11,11
TBR,295/75R22.5JTHSD,115222972C014LJTS0,156.0,2026-05,2026-05-11,11
TBR,295/80R22.5JDL,112122982C016MJDL0,83.0,2026-05,2026-05-11,11
TBR,295/80R22.5JUL1,112222982C016MJUM0,86.0,2026-05,2026-05-11,11
TBR,295/90R20JDCXD,1121129A20152JCXD0,8.0,2026-05,2026-05-11,11
TBR,315/70R22.5JDL3,115123162C018LDL30,80.0,2026-05,2026-05-11,11
TBR,315/70R22.5JUL4,115223162C018LUL40,32.0,2026-05,2026-05-11,11
TBR,315/80R22.5JUL3,115223182C018MUL30,40.0,2026-05,2026-05-11,11
TBR,8.25R20JDE++,1121182020016KDEP0,134.0,2026-05,2026-05-11,11
TBR,8.25R20JUH5,1122182020016KUH50,102.0,2026-05,2026-05-11,11
TBR,9.00 R 20 JDE++,1121190020016KDEP0,70.0,2026-05,2026-05-11,11
TBR,9.00 R 20 JUH5,1122190020016KUH50,72.0,2026-05,2026-05-11,11
TBR,GT 5075 - 295/90R20 JUH XF,1122129A20152JULF0,105.0,2026-05,2026-05-11,11
TBR,GT 5076 - 295/90R20 JDE XF,1121129A20152JDLF0,90.0,2026-05,2026-05-11,11
TBR,GT 5078 - 295/80R22.5 JUX E,112222982C016JUXE0,106.0,2026-05,2026-05-11,11
TBR,GT 5079 - 255/70R22.5 JUX E,112222562C016MUXE0,90.0,2026-05,2026-05-11,11
TBR,GT 5083 - 295/80R22.5 JUM XM,112222982C016MJXM0,223.0,2026-05,2026-05-11,11
TBR,GT 5088 - 315/60R22.5 JDL3,115123142C020LDL30,44.0,2026-05,2026-05-11,11
TBR,GT 5095 - 11.00R20 JUC3,1123111020016KJC30,90.0,2026-05,2026-05-11,11
TBR,GT 5096 - 11.00R20 JDC XD,1121111020016KCXD0,214.0,2026-05,2026-05-11,11
TBR,GT 5101 - 11.00R20 JS114,1121111020016K1141,29.0,2026-05,2026-05-11,11
TBR,10.00 R 20 JDE,1121129A20000JDEP0,132.0,2026-05,2026-05-12,12
TBR,10.00 R 20 JUH3+,1122110020016KH3P0,141.0,2026-05,2026-05-12,12
TBR,10.00 R 20 JUH5,1122110020016KUH50,306.0,2026-05,2026-05-12,12
TBR,10.00R 20 JW302,1123129A20152JUCM0,134.0,2026-05,2026-05-12,12
TBR,11.00R20 JUH5,1122111020016KUH50,179.0,2026-05,2026-05-12,12
TBR,11.00R20JDE++,1121111020016KDEP0,209.0,2026-05,2026-05-12,12
TBR,275/70R22.5JTH1,115222762C016LTH10,60.0,2026-05,2026-05-12,12
TBR,295/75R22.5JTHSD,115222972C014LJTS0,176.0,2026-05,2026-05-12,12
TBR,295/80R22.5JDL,112122982C016MJDL0,85.0,2026-05,2026-05-12,12
TBR,295/80R22.5JUL1,112222982C016MJUM0,126.0,2026-05,2026-05-12,12
TBR,295/90R20JDCXD,1121129A20152JCXD0,40.0,2026-05,2026-05-12,12
TBR,315/70R22.5JDL3,115123162C018LDL30,52.0,2026-05,2026-05-12,12
TBR,315/70R22.5JUL4,115223162C018LUL40,3.0,2026-05,2026-05-12,12
TBR,315/80R22.5JUL3,115223182C018MUL30,42.0,2026-05,2026-05-12,12
TBR,8.25R20JDE++,1121182020016KDEP0,118.0,2026-05,2026-05-12,12
TBR,8.25R20JUH5,1122182020016KUH50,84.0,2026-05,2026-05-12,12
TBR,9.00 R 20 JDE++,1121190020016KDEP0,92.0,2026-05,2026-05-12,12
TBR,9.00 R 20 JUH5,1122190020016KUH50,89.0,2026-05,2026-05-12,12
TBR,GT 5075 - 295/90R20 JUH XF,1122129A20152JULF0,138.0,2026-05,2026-05-12,12
TBR,GT 5076 - 295/90R20 JDE XF,1121129A20152JDLF0,64.0,2026-05,2026-05-12,12
TBR,GT 5078 - 295/80R22.5 JUX E,112222982C016JUXE0,94.0,2026-05,2026-05-12,12
TBR,GT 5079 - 255/70R22.5 JUX E,112222562C016MUXE0,60.0,2026-05,2026-05-12,12
TBR,GT 5083 - 295/80R22.5 JUM XM,112222982C016MJXM0,41.0,2026-05,2026-05-12,12
TBR,GT 5088 - 315/60R22.5 JDL3,115123142C020LDL30,41.0,2026-05,2026-05-12,12
TBR,GT 5095 - 11.00R20 JUC3,1123111020016KJC30,66.0,2026-05,2026-05-12,12
TBR,GT 5096 - 11.00R20 JDC XD,1121111020016KCXD0,196.0,2026-05,2026-05-12,12
TBR,GT 5101 - 11.00R20 JS114,1121111020016K1141,46.0,2026-05,2026-05-12,12
TBR,GT 5103 - 295/80R22.5 JUM XM OEM,112222982C152MJXM0,121.0,2026-05,2026-05-12,12
TBR,10.00 R 20 JDE,1121129A20000JDEP0,136.0,2026-05,2026-05-13,13
TBR,10.00 R 20 JUH3+,1122110020016KH3P0,153.0,2026-05,2026-05-13,13
TBR,10.00 R 20 JUH5,1122110020016KUH50,420.0,2026-05,2026-05-13,13
TBR,10.00R 20 JW302,1123129A20152JUCM0,122.0,2026-05,2026-05-13,13
TBR,11.00R20 JUH5,1122111020016KUH50,162.0,2026-05,2026-05-13,13
TBR,11.00R20JDE++,1121111020016KDEP0,213.0,2026-05,2026-05-13,13
TBR,11R22.5JTHSD,115221102C016LJTS0,6.0,2026-05,2026-05-13,13
TBR,275/70R22.5JTH1,115222762C016LTH10,74.0,2026-05,2026-05-13,13
TBR,295/75R22.5JTHSD,115222972C014LJTS0,70.0,2026-05,2026-05-13,13
TBR,295/80R22.5JDL,112122982C016MJDL0,90.0,2026-05,2026-05-13,13
TBR,295/80R22.5JUL1,112222982C016MJUM0,128.0,2026-05,2026-05-13,13
TBR,295/90R20JDCXD,1121129A20152JCXD0,68.0,2026-05,2026-05-13,13
TBR,315/70R22.5JDL3,115123162C018LDL30,52.0,2026-05,2026-05-13,13
TBR,315/80R22.5JUL3,115223182C018MUL30,44.0,2026-05,2026-05-13,13
TBR,385/55R22.5JTL,115223832C020KJTL0,28.0,2026-05,2026-05-13,13
TBR,8.25R20JDE++,1121182020016KDEP0,154.0,2026-05,2026-05-13,13
TBR,8.25R20JUH5,1122182020016KUH50,85.0,2026-05,2026-05-13,13
TBR,9.00 R 20 JDE++,1121190020016KDEP0,50.0,2026-05,2026-05-13,13
TBR,9.00 R 20 JUH5,1122190020016KUH50,72.0,2026-05,2026-05-13,13
TBR,GT 5075 - 295/90R20 JUH XF,1122129A20152JULF0,118.0,2026-05,2026-05-13,13
TBR,GT 5076 - 295/90R20 JDE XF,1121129A20152JDLF0,131.0,2026-05,2026-05-13,13
TBR,GT 5078 - 295/80R22.5 JUX E,112222982C016JUXE0,136.0,2026-05,2026-05-13,13
TBR,GT 5079 - 255/70R22.5 JUX E,112222562C016MUXE0,80.0,2026-05,2026-05-13,13
TBR,GT 5088 - 315/60R22.5 JDL3,115123142C020LDL30,29.0,2026-05,2026-05-13,13
TBR,GT 5095 - 11.00R20 JUC3,1123111020016KJC30,80.0,2026-05,2026-05-13,13
TBR,GT 5096 - 11.00R20 JDC XD,1121111020016KCXD0,226.0,2026-05,2026-05-13,13
TBR,GT 5101 - 11.00R20 JS114,1121111020016K1141,38.0,2026-05,2026-05-13,13
TBR,GT 5103 - 295/80R22.5 JUM XM OEM,112222982C152MJXM0,233.0,2026-05,2026-05-13,13
TBR,10.00 R 20 JDE,1121129A20000JDEP0,112.0,2026-05,2026-05-14,14
TBR,10.00 R 20 JUH3+,1122110020016KH3P0,120.0,2026-05,2026-05-14,14
TBR,10.00 R 20 JUH5,1122110020016KUH50,419.0,2026-05,2026-05-14,14
TBR,10.00R 20 JW302,1123129A20152JUCM0,96.0,2026-05,2026-05-14,14
TBR,11.00R20 JUH5,1122111020016KUH50,146.0,2026-05,2026-05-14,14
TBR,11.00R20JDE++,1121111020016KDEP0,207.0,2026-05,2026-05-14,14
TBR,11R22.5JTHSD,115221102C016LJTS0,48.0,2026-05,2026-05-14,14
TBR,275/70R22.5JTH1,115222762C016LTH10,106.0,2026-05,2026-05-14,14
TBR,295/75R22.5JTHSD,115222972C014LJTS0,3.0,2026-05,2026-05-14,14
TBR,295/80R22.5JDL,112122982C016MJDL0,87.0,2026-05,2026-05-14,14
TBR,295/80R22.5JUL1,112222982C016MJUM0,120.0,2026-05,2026-05-14,14
TBR,295/90R20JDCXD,1121129A20152JCXD0,84.0,2026-05,2026-05-14,14
TBR,315/70R22.5JDL3,115123162C018LDL30,78.0,2026-05,2026-05-14,14
TBR,315/80R22.5JUL3,115223182C018MUL30,34.0,2026-05,2026-05-14,14
TBR,385/55R22.5JTL,115223832C020KJTL0,32.0,2026-05,2026-05-14,14
TBR,8.25R20JDE++,1121182020016KDEP0,144.0,2026-05,2026-05-14,14
TBR,8.25R20JUH5,1122182020016KUH50,80.0,2026-05,2026-05-14,14
TBR,9.00 R 20 JDE++,1121190020016KDEP0,69.0,2026-05,2026-05-14,14
TBR,9.00 R 20 JUH5,1122190020016KUH50,82.0,2026-05,2026-05-14,14
TBR,GT 5075 - 295/90R20 JUH XF,1122129A20152JULF0,105.0,2026-05,2026-05-14,14
TBR,GT 5076 - 295/90R20 JDE XF,1121129A20152JDLF0,127.0,2026-05,2026-05-14,14
TBR,GT 5078 - 295/80R22.5 JUX E,112222982C016JUXE0,141.0,2026-05,2026-05-14,14
TBR,GT 5079 - 255/70R22.5 JUX E,112222562C016MUXE0,88.0,2026-05,2026-05-14,14
TBR,GT 5095 - 11.00R20 JUC3,1123111020016KJC30,94.0,2026-05,2026-05-14,14
TBR,GT 5096 - 11.00R20 JDC XD,1121111020016KCXD0,186.0,2026-05,2026-05-14,14
TBR,GT 5101 - 11.00R20 JS114,1121111020016K1141,44.0,2026-05,2026-05-14,14
TBR,GT 5103 - 295/80R22.5 JUM XM OEM,112222982C152MJXM0,222.0,2026-05,2026-05-14,14
TBR,10.00 R 20 JDE,1121129A20000JDEP0,108.0,2026-05,2026-05-15,15
TBR,10.00 R 20 JUH3+,1122110020016KH3P0,126.0,2026-05,2026-05-15,15
TBR,10.00 R 20 JUH5,1122110020016KUH50,374.0,2026-05,2026-05-15,15
TBR,10.00R 20 JW302,1123129A20152JUCM0,84.0,2026-05,2026-05-15,15
TBR,11.00R20 JUH5,1122111020016KUH50,164.0,2026-05,2026-05-15,15
TBR,11.00R20JDE++,1121111020016KDEP0,165.0,2026-05,2026-05-15,15
TBR,11R22.5JTHSD,115221102C016LJTS0,40.0,2026-05,2026-05-15,15
TBR,11R22.5JUC,112321102C016LJUC0,60.0,2026-05,2026-05-15,15
TBR,11R22.5JUX,115221102C016JJUX0,12.0,2026-05,2026-05-15,15
TBR,275/70R22.5JTH1,115222762C016LTH10,66.0,2026-05,2026-05-15,15
TBR,295/80R22.5JDL,112122982C016MJDL0,73.0,2026-05,2026-05-15,15
TBR,295/80R22.5JUL1,112222982C016MJUM0,102.0,2026-05,2026-05-15,15
TBR,295/90R20JDCXD,1121129A20152JCXD0,44.0,2026-05,2026-05-15,15
TBR,315/70R22.5JDL3,115123162C018LDL30,42.0,2026-05,2026-05-15,15
TBR,315/80R22.5JUL3,115223182C018MUL30,74.0,2026-05,2026-05-15,15
TBR,385/55R22.5JTL,115223832C020KJTL0,32.0,2026-05,2026-05-15,15
TBR,8.25R20JDE++,1121182020016KDEP0,135.0,2026-05,2026-05-15,15
TBR,8.25R20JUH5,1122182020016KUH50,54.0,2026-05,2026-05-15,15
TBR,9.00 R 20 JDE++,1121190020016KDEP0,78.0,2026-05,2026-05-15,15
TBR,9.00 R 20 JUH5,1122190020016KUH50,72.0,2026-05,2026-05-15,15
TBR,GT 5075 - 295/90R20 JUH XF,1122129A20152JULF0,115.0,2026-05,2026-05-15,15
TBR,GT 5076 - 295/90R20 JDE XF,1121129A20152JDLF0,98.0,2026-05,2026-05-15,15
TBR,GT 5078 - 295/80R22.5 JUX E,112222982C016JUXE0,114.0,2026-05,2026-05-15,15
TBR,GT 5079 - 255/70R22.5 JUX E,112222562C016MUXE0,66.0,2026-05,2026-05-15,15
TBR,GT 5095 - 11.00R20 JUC3,1123111020016KJC30,62.0,2026-05,2026-05-15,15
TBR,GT 5096 - 11.00R20 JDC XD,1121111020016KCXD0,189.0,2026-05,2026-05-15,15
TBR,GT 5101 - 11.00R20 JS114,1121111020016K1141,28.0,2026-05,2026-05-15,15
TBR,GT 5103 - 295/80R22.5 JUM XM OEM,112222982C152MJXM0,214.0,2026-05,2026-05-15,15
TBR,10.00 R 20 JDE,1121129A20000JDEP0,128.0,2026-05,2026-05-16,16
TBR,10.00 R 20 JUH3+,1122110020016KH3P0,130.0,2026-05,2026-05-16,16
TBR,10.00 R 20 JUH5,1122110020016KUH50,404.0,2026-05,2026-05-16,16
TBR,10.00R 20 JW302,1123129A20152JUCM0,88.0,2026-05,2026-05-16,16
TBR,11.00R20 JUH5,1122111020016KUH50,167.0,2026-05,2026-05-16,16
TBR,11.00R20JDE++,1121111020016KDEP0,145.0,2026-05,2026-05-16,16
TBR,11R22.5JTHSD,115221102C016LJTS0,46.0,2026-05,2026-05-16,16
TBR,11R22.5JUC,112321102C016LJUC0,84.0,2026-05,2026-05-16,16
TBR,11R22.5JUX,115221102C016JJUX0,48.0,2026-05,2026-05-16,16
TBR,275/70R22.5JTH1,115222762C016LTH10,94.0,2026-05,2026-05-16,16
TBR,295/80R22.5JDL,112122982C016MJDL0,86.0,2026-05,2026-05-16,16
TBR,295/80R22.5JUL1,112222982C016MJUM0,88.0,2026-05,2026-05-16,16
TBR,295/90R20JDCXD,1121129A20152JCXD0,76.0,2026-05,2026-05-16,16
TBR,315/70R22.5JDL3,115123162C018LDL30,25.0,2026-05,2026-05-16,16
TBR,315/80R22.5JUC4,115323182C018LUC40,24.0,2026-05,2026-05-16,16
TBR,315/80R22.5JUL3,115223182C018MUL30,82.0,2026-05,2026-05-16,16
TBR,385/55R22.5JTL,115223832C020KJTL0,32.0,2026-05,2026-05-16,16
TBR,8.25R20JDE++,1121182020016KDEP0,129.0,2026-05,2026-05-16,16
TBR,8.25R20JUH5,1122182020016KUH50,85.0,2026-05,2026-05-16,16
TBR,9.00 R 20 JDE++,1121190020016KDEP0,81.0,2026-05,2026-05-16,16
TBR,9.00 R 20 JUH5,1122190020016KUH50,69.0,2026-05,2026-05-16,16
TBR,GT 5075 - 295/90R20 JUH XF,1122129A20152JULF0,112.0,2026-05,2026-05-16,16
TBR,GT 5076 - 295/90R20 JDE XF,1121129A20152JDLF0,119.0,2026-05,2026-05-16,16
TBR,GT 5078 - 295/80R22.5 JUX E,112222982C016JUXE0,124.0,2026-05,2026-05-16,16
TBR,GT 5079 - 255/70R22.5 JUX E,112222562C016MUXE0,87.0,2026-05,2026-05-16,16
TBR,GT 5095 - 11.00R20 JUC3,1123111020016KJC30,88.0,2026-05,2026-05-16,16
TBR,GT 5096 - 11.00R20 JDC XD,1121111020016KCXD0,217.0,2026-05,2026-05-16,16
TBR,GT 5101 - 11.00R20 JS114,1121111020016K1141,46.0,2026-05,2026-05-16,16
TBR,GT 5103 - 295/80R22.5 JUM XM OEM,112222982C152MJXM0,208.0,2026-05,2026-05-16,16
TBR,10.00 R 20 JDE,1121129A20000JDEP0,122.0,2026-05,2026-05-17,17
TBR,10.00 R 20 JUH3+,1122110020016KH3P0,128.0,2026-05,2026-05-17,17
TBR,10.00 R 20 JUH5,1122110020016KUH50,381.0,2026-05,2026-05-17,17
TBR,10.00R 20 JW302,1123129A20152JUCM0,94.0,2026-05,2026-05-17,17
TBR,11.00R20 JUH5,1122111020016KUH50,177.0,2026-05,2026-05-17,17
TBR,11.00R20JDE++,1121111020016KDEP0,172.0,2026-05,2026-05-17,17
TBR,11R22.5JTHSD,115221102C016LJTS0,40.0,2026-05,2026-05-17,17
TBR,11R22.5JUC,112321102C016LJUC0,82.0,2026-05,2026-05-17,17
TBR,11R22.5JUX,115221102C016JJUX0,44.0,2026-05,2026-05-17,17
TBR,275/70R22.5JTH1,115222762C016LTH10,96.0,2026-05,2026-05-17,17
TBR,295/80R22.5JDL,112122982C016MJDL0,76.0,2026-05,2026-05-17,17
TBR,295/80R22.5JUL1,112222982C016MJUM0,112.0,2026-05,2026-05-17,17
TBR,295/90R20JDCXD,1121129A20152JCXD0,80.0,2026-05,2026-05-17,17
TBR,315/80R22.5JUC4,115323182C018LUC40,36.0,2026-05,2026-05-17,17
TBR,315/80R22.5JUL3,115223182C018MUL30,80.0,2026-05,2026-05-17,17
TBR,385/55R22.5JTL,115223832C020KJTL0,38.0,2026-05,2026-05-17,17
TBR,8.25R20JDE++,1121182020016KDEP0,124.0,2026-05,2026-05-17,17
TBR,8.25R20JUH5,1122182020016KUH50,90.0,2026-05,2026-05-17,17
TBR,9.00 R 20 JDE++,1121190020016KDEP0,80.0,2026-05,2026-05-17,17
TBR,9.00 R 20 JUH5,1122190020016KUH50,72.0,2026-05,2026-05-17,17
TBR,GT 5075 - 295/90R20 JUH XF,1122129A20152JULF0,92.0,2026-05,2026-05-17,17
TBR,GT 5076 - 295/90R20 JDE XF,1121129A20152JDLF0,88.0,2026-05,2026-05-17,17
TBR,GT 5078 - 295/80R22.5 JUX E,112222982C016JUXE0,126.0,2026-05,2026-05-17,17
TBR,GT 5079 - 255/70R22.5 JUX E,112222562C016MUXE0,70.0,2026-05,2026-05-17,17
TBR,GT 5095 - 11.00R20 JUC3,1123111020016KJC30,90.0,2026-05,2026-05-17,17
TBR,GT 5096 - 11.00R20 JDC XD,1121111020016KCXD0,208.0,2026-05,2026-05-17,17
TBR,GT 5101 - 11.00R20 JS114,1121111020016K1141,42.0,2026-05,2026-05-17,17
TBR,GT 5103 - 295/80R22.5 JUM XM OEM,112222982C152MJXM0,199.0,2026-05,2026-05-17,17
TBR,10.00 R 20 JDE,1121129A20000JDEP0,128.0,2026-05,2026-05-18,18
TBR,10.00 R 20 JUH3+,1122110020016KH3P0,124.0,2026-05,2026-05-18,18
TBR,10.00 R 20 JUH5,1122110020016KUH50,319.0,2026-05,2026-05-18,18
TBR,10.00R 20 JW302,1123129A20152JUCM0,82.0,2026-05,2026-05-18,18
TBR,11.00R20 JUH5,1122111020016KUH50,150.0,2026-05,2026-05-18,18
TBR,11.00R20JDE++,1121111020016KDEP0,184.0,2026-05,2026-05-18,18
TBR,11R22.5JTHSD,115221102C016LJTS0,40.0,2026-05,2026-05-18,18
TBR,11R22.5JUC,112321102C016LJUC0,68.0,2026-05,2026-05-18,18
TBR,11R22.5JUX,115221102C016JJUX0,34.0,2026-05,2026-05-18,18
TBR,275/70R22.5JTH1,115222762C016LTH10,44.0,2026-05,2026-05-18,18
TBR,275/80R22.5JDH,115122782C016LJDH0,2.0,2026-05,2026-05-18,18
TBR,295/80R22.5JDL,112122982C016MJDL0,50.0,2026-05,2026-05-18,18
TBR,295/80R22.5JUL1,112222982C016MJUM0,120.0,2026-05,2026-05-18,18
TBR,295/90R20JDCXD,1121129A20152JCXD0,80.0,2026-05,2026-05-18,18
TBR,315/80R22.5JUC4,115323182C018LUC40,40.0,2026-05,2026-05-18,18
TBR,315/80R22.5JUL3,115223182C018MUL30,70.0,2026-05,2026-05-18,18
TBR,385/55R22.5JTL,115223832C020KJTL0,22.0,2026-05,2026-05-18,18
TBR,8.25R20JDE++,1121182020016KDEP0,132.0,2026-05,2026-05-18,18
TBR,8.25R20JUH5,1122182020016KUH50,81.0,2026-05,2026-05-18,18
TBR,9.00 R 20 JDE++,1121190020016KDEP0,59.0,2026-05,2026-05-18,18
TBR,9.00 R 20 JUH5,1122190020016KUH50,84.0,2026-05,2026-05-18,18
TBR,GT 5075 - 295/90R20 JUH XF,1122129A20152JULF0,130.0,2026-05,2026-05-18,18
TBR,GT 5076 - 295/90R20 JDE XF,1121129A20152JDLF0,109.0,2026-05,2026-05-18,18
TBR,GT 5078 - 295/80R22.5 JUX E,112222982C016JUXE0,98.0,2026-05,2026-05-18,18
TBR,GT 5079 - 255/70R22.5 JUX E,112222562C016MUXE0,60.0,2026-05,2026-05-18,18
TBR,GT 5095 - 11.00R20 JUC3,1123111020016KJC30,80.0,2026-05,2026-05-18,18
TBR,GT 5096 - 11.00R20 JDC XD,1121111020016KCXD0,182.0,2026-05,2026-05-18,18
TBR,GT 5101 - 11.00R20 JS114,1121111020016K1141,40.0,2026-05,2026-05-18,18
TBR,GT 5103 - 295/80R22.5 JUM XM OEM,112222982C152MJXM0,202.0,2026-05,2026-05-18,18
TBR,10.00 R 20 JDE,1121129A20000JDEP0,124.0,2026-05,2026-05-19,19
TBR,10.00 R 20 JUH3+,1122110020016KH3P0,148.0,2026-05,2026-05-19,19
TBR,10.00 R 20 JUH5,1122110020016KUH50,383.0,2026-05,2026-05-19,19
TBR,10.00R 20 JW302,1123129A20152JUCM0,122.0,2026-05,2026-05-19,19
TBR,11.00R20 JUH5,1122111020016KUH50,152.0,2026-05,2026-05-19,19
TBR,11.00R20JDE++,1121111020016KDEP0,220.0,2026-05,2026-05-19,19
TBR,11R22.5JTHSD,115221102C016LJTS0,54.0,2026-05,2026-05-19,19
TBR,11R22.5JUC,112321102C016LJUC0,96.0,2026-05,2026-05-19,19
TBR,11R22.5JUX,115221102C016JJUX0,46.0,2026-05,2026-05-19,19
TBR,275/70R22.5JTH1,115222762C016LTH10,58.0,2026-05,2026-05-19,19
TBR,275/80R22.5JDH,115122782C016LJDH0,40.0,2026-05,2026-05-19,19
TBR,295/80R22.5JDL,112122982C016MJDL0,42.0,2026-05,2026-05-19,19
TBR,295/80R22.5JUL1,112222982C016MJUM0,120.0,2026-05,2026-05-19,19
TBR,295/90R20JDCXD,1121129A20152JCXD0,96.0,2026-05,2026-05-19,19
TBR,315/80R22.5JUC4,115323182C018LUC40,44.0,2026-05,2026-05-19,19
TBR,315/80R22.5JUL3,115223182C018MUL30,66.0,2026-05,2026-05-19,19
TBR,8.25R20JDE++,1121182020016KDEP0,149.0,2026-05,2026-05-19,19
TBR,8.25R20JUH5,1122182020016KUH50,74.0,2026-05,2026-05-19,19
TBR,9.00 R 20 JDE++,1121190020016KDEP0,86.0,2026-05,2026-05-19,19
TBR,9.00 R 20 JUH5,1122190020016KUH50,93.0,2026-05,2026-05-19,19
TBR,GT 5075 - 295/90R20 JUH XF,1122129A20152JULF0,66.0,2026-05,2026-05-19,19
TBR,GT 5076 - 295/90R20 JDE XF,1121129A20152JDLF0,118.0,2026-05,2026-05-19,19
TBR,GT 5078 - 295/80R22.5 JUX E,112222982C016JUXE0,126.0,2026-05,2026-05-19,19
TBR,GT 5079 - 255/70R22.5 JUX E,112222562C016MUXE0,60.0,2026-05,2026-05-19,19
TBR,GT 5095 - 11.00R20 JUC3,1123111020016KJC30,90.0,2026-05,2026-05-19,19
TBR,GT 5096 - 11.00R20 JDC XD,1121111020016KCXD0,230.0,2026-05,2026-05-19,19
TBR,GT 5101 - 11.00R20 JS114,1121111020016K1141,42.0,2026-05,2026-05-19,19
TBR,GT 5103 - 295/80R22.5 JUM XM OEM,112222982C152MJXM0,172.0,2026-05,2026-05-19,19
TBR,10.00 R 20 JDE,1121129A20000JDEP0,132.0,2026-05,2026-05-20,20
TBR,10.00 R 20 JUH3+,1122110020016KH3P0,152.0,2026-05,2026-05-20,20
TBR,10.00 R 20 JUH5,1122110020016KUH50,387.0,2026-05,2026-05-20,20
TBR,10.00R 20 JW302,1123129A20152JUCM0,90.0,2026-05,2026-05-20,20
TBR,11.00R20 JUH5,1122111020016KUH50,180.0,2026-05,2026-05-20,20
TBR,11.00R20JDE++,1121111020016KDEP0,200.0,2026-05,2026-05-20,20
TBR,11R22.5JTHSD,115221102C016LJTS0,32.0,2026-05,2026-05-20,20
TBR,11R22.5JUC,112321102C016LJUC0,74.0,2026-05,2026-05-20,20
TBR,11R22.5JUHE,115221102C016LJUH0,34.0,2026-05,2026-05-20,20
TBR,11R22.5JUX,115221102C016JJUX0,42.0,2026-05,2026-05-20,20
TBR,275/70R22.5JTH1,115222762C016LTH10,72.0,2026-05,2026-05-20,20
TBR,275/80R22.5JDH,115122782C016LJDH0,19.0,2026-05,2026-05-20,20
TBR,295/80R22.5JDL,112122982C016MJDL0,38.0,2026-05,2026-05-20,20
TBR,295/80R22.5JUL1,112222982C016MJUM0,114.0,2026-05,2026-05-20,20
TBR,295/90R20JDCXD,1121129A20152JCXD0,76.0,2026-05,2026-05-20,20
TBR,315/80R22.5JUC4,115323182C018LUC40,20.0,2026-05,2026-05-20,20
TBR,315/80R22.5JUL3,115223182C018MUL30,50.0,2026-05,2026-05-20,20
TBR,385/55R22.5JTL,115223832C020KJTL0,26.0,2026-05,2026-05-20,20
TBR,8.25R20JDE++,1121182020016KDEP0,133.0,2026-05,2026-05-20,20
TBR,8.25R20JUH5,1122182020016KUH50,88.0,2026-05,2026-05-20,20
TBR,9.00 R 20 JDE++,1121190020016KDEP0,86.0,2026-05,2026-05-20,20
TBR,9.00 R 20 JUH5,1122190020016KUH50,61.0,2026-05,2026-05-20,20
TBR,GT 5075 - 295/90R20 JUH XF,1122129A20152JULF0,106.0,2026-05,2026-05-20,20
TBR,GT 5076 - 295/90R20 JDE XF,1121129A20152JDLF0,110.0,2026-05,2026-05-20,20
TBR,GT 5078 - 295/80R22.5 JUX E,112222982C016JUXE0,110.0,2026-05,2026-05-20,20
TBR,GT 5079 - 255/70R22.5 JUX E,112222562C016MUXE0,72.0,2026-05,2026-05-20,20
TBR,GT 5085 - 295/60R22.5 JDL3,115122942C018LDL30,40.0,2026-05,2026-05-20,20
TBR,GT 5095 - 11.00R20 JUC3,1123111020016KJC30,86.0,2026-05,2026-05-20,20
TBR,GT 5096 - 11.00R20 JDC XD,1121111020016KCXD0,208.0,2026-05,2026-05-20,20
TBR,GT 5101 - 11.00R20 JS114,1121111020016K1141,40.0,2026-05,2026-05-20,20
TBR,GT 5103 - 295/80R22.5 JUM XM OEM,112222982C152MJXM0,174.0,2026-05,2026-05-20,20
TBR,10.00 R 20 JDE,1121129A20000JDEP0,130.0,2026-05,2026-05-21,21
TBR,10.00 R 20 JUH3+,1122110020016KH3P0,150.0,2026-05,2026-05-21,21
TBR,10.00 R 20 JUH5,1122110020016KUH50,432.0,2026-05,2026-05-21,21
TBR,10.00R 20 JW302,1123129A20152JUCM0,138.0,2026-05,2026-05-21,21
TBR,11.00R20 JUH5,1122111020016KUH50,176.0,2026-05,2026-05-21,21
TBR,11.00R20JDE++,1121111020016KDEP0,210.0,2026-05,2026-05-21,21
TBR,11R22.5JTH1,115221102C016LTH10,26.0,2026-05,2026-05-21,21
TBR,11R22.5JUC,112321102C016LJUC0,90.0,2026-05,2026-05-21,21
TBR,11R22.5JUHE,115221102C016LJUH0,86.0,2026-05,2026-05-21,21
TBR,11R22.5JUX,115221102C016JJUX0,40.0,2026-05,2026-05-21,21
TBR,275/70R22.5JTH1,115222762C016LTH10,94.0,2026-05,2026-05-21,21
TBR,295/80R22.5JDL,112122982C016MJDL0,42.0,2026-05,2026-05-21,21
TBR,295/80R22.5JUL1,112222982C016MJUM0,106.0,2026-05,2026-05-21,21
TBR,295/90R20JDCXD,1121129A20152JCXD0,88.0,2026-05,2026-05-21,21
TBR,315/80R22.5JUC4,115323182C018LUC40,34.0,2026-05,2026-05-21,21
TBR,315/80R22.5JUL3,115223182C018MUL30,40.0,2026-05,2026-05-21,21
TBR,385/55R22.5JTL,115223832C020KJTL0,22.0,2026-05,2026-05-21,21
TBR,8.25R20JDE++,1121182020016KDEP0,148.0,2026-05,2026-05-21,21
TBR,8.25R20JUH5,1122182020016KUH50,80.0,2026-05,2026-05-21,21
TBR,9.00 R 20 JDE++,1121190020016KDEP0,84.0,2026-05,2026-05-21,21
TBR,9.00 R 20 JUH5,1122190020016KUH50,90.0,2026-05,2026-05-21,21
TBR,GT 5075 - 295/90R20 JUH XF,1122129A20152JULF0,128.0,2026-05,2026-05-21,21
TBR,GT 5076 - 295/90R20 JDE XF,1121129A20152JDLF0,128.0,2026-05,2026-05-21,21
TBR,GT 5078 - 295/80R22.5 JUX E,112222982C016JUXE0,142.0,2026-05,2026-05-21,21
TBR,GT 5079 - 255/70R22.5 JUX E,112222562C016MUXE0,84.0,2026-05,2026-05-21,21
TBR,GT 5085 - 295/60R22.5 JDL3,115122942C018LDL30,34.0,2026-05,2026-05-21,21
TBR,GT 5095 - 11.00R20 JUC3,1123111020016KJC30,88.0,2026-05,2026-05-21,21
TBR,GT 5096 - 11.00R20 JDC XD,1121111020016KCXD0,230.0,2026-05,2026-05-21,21
TBR,GT 5101 - 11.00R20 JS114,1121111020016K1141,24.0,2026-05,2026-05-21,21
TBR,GT 5103 - 295/80R22.5 JUM XM OEM,112222982C152MJXM0,184.0,2026-05,2026-05-21,21
TBR,10.00 R 20 JDE,1121129A20000JDEP0,132.0,2026-05,2026-05-22,22
TBR,10.00 R 20 JUH3+,1122110020016KH3P0,150.0,2026-05,2026-05-22,22
TBR,10.00 R 20 JUH5,1122110020016KUH50,396.0,2026-05,2026-05-22,22
TBR,10.00R 20 JW302,1123129A20152JUCM0,130.0,2026-05,2026-05-22,22
TBR,11.00R20 JUH5,1122111020016KUH50,174.0,2026-05,2026-05-22,22
TBR,11.00R20JDE++,1121111020016KDEP0,209.0,2026-05,2026-05-22,22
TBR,11R22.5JTH1,115221102C016LTH10,46.0,2026-05,2026-05-22,22
TBR,11R22.5JUC,112321102C016LJUC0,96.0,2026-05,2026-05-22,22
TBR,11R22.5JUHE,115221102C016LJUH0,92.0,2026-05,2026-05-22,22
TBR,11R22.5JUX,115221102C016JJUX0,25.0,2026-05,2026-05-22,22
TBR,275/70R22.5JTH1,115222762C016LTH10,110.0,2026-05,2026-05-22,22
TBR,295/80R22.5JDL,112122982C016MJDL0,44.0,2026-05,2026-05-22,22
TBR,295/80R22.5JUL1,112222982C016MJUM0,118.0,2026-05,2026-05-22,22
TBR,295/90R20JDCXD,1121129A20152JCXD0,90.0,2026-05,2026-05-22,22
TBR,315/80R22.5JUC4,115323182C018LUC40,42.0,2026-05,2026-05-22,22
TBR,315/80R22.5JUL3,115223182C018MUL30,40.0,2026-05,2026-05-22,22
TBR,385/55R22.5JTL,115223832C020KJTL0,40.0,2026-05,2026-05-22,22
TBR,385/65R22.5JUH6,115223852C020KUH60,2.0,2026-05,2026-05-22,22
TBR,8.25R20JDE++,1121182020016KDEP0,148.0,2026-05,2026-05-22,22
TBR,8.25R20JUH5,1122182020016KUH50,94.0,2026-05,2026-05-22,22
TBR,9.00 R 20 JDE++,1121190020016KDEP0,40.0,2026-05,2026-05-22,22
TBR,9.00 R 20 JUH3,1122190020014KJH30,4.0,2026-05,2026-05-22,22
TBR,9.00 R 20 JUH5,1122190020016KUH50,47.0,2026-05,2026-05-22,22
TBR,GT 5075 - 295/90R20 JUH XF,1122129A20152JULF0,132.0,2026-05,2026-05-22,22
TBR,GT 5076 - 295/90R20 JDE XF,1121129A20152JDLF0,118.0,2026-05,2026-05-22,22
TBR,GT 5078 - 295/80R22.5 JUX E,112222982C016JUXE0,148.0,2026-05,2026-05-22,22
TBR,GT 5079 - 255/70R22.5 JUX E,112222562C016MUXE0,71.0,2026-05,2026-05-22,22
TBR,GT 5085 - 295/60R22.5 JDL3,115122942C018LDL30,52.0,2026-05,2026-05-22,22
TBR,GT 5095 - 11.00R20 JUC3,1123111020016KJC30,92.0,2026-05,2026-05-22,22
TBR,GT 5096 - 11.00R20 JDC XD,1121111020016KCXD0,224.0,2026-05,2026-05-22,22
TBR,GT 5101 - 11.00R20 JS114,1121111020016K1141,46.0,2026-05,2026-05-22,22
TBR,GT 5103 - 295/80R22.5 JUM XM OEM,112222982C152MJXM0,180.0,2026-05,2026-05-22,22
TBR,10.00 R 20 JDE,1121129A20000JDEP0,133.0,2026-05,2026-05-23,23
TBR,10.00 R 20 JUH3+,1122110020016KH3P0,159.0,2026-05,2026-05-23,23
TBR,10.00 R 20 JUH5,1122110020016KUH50,373.0,2026-05,2026-05-23,23
TBR,10.00R 20 JW302,1123129A20152JUCM0,140.0,2026-05,2026-05-23,23
TBR,11.00R20 JUH5,1122111020016KUH50,196.0,2026-05,2026-05-23,23
TBR,11.00R20JDE++,1121111020016KDEP0,209.0,2026-05,2026-05-23,23
TBR,11R22.5JTH1,115221102C016LTH10,43.0,2026-05,2026-05-23,23
TBR,11R22.5JUC,112321102C016LJUC0,92.0,2026-05,2026-05-23,23
TBR,11R22.5JUHE,115221102C016LJUH0,108.0,2026-05,2026-05-23,23
TBR,275/70R22.5JTH1,115222762C016LTH10,82.0,2026-05,2026-05-23,23
TBR,295/80R22.5JDL,112122982C016MJDL0,10.0,2026-05,2026-05-23,23
TBR,295/80R22.5JUL1,112222982C016MJUM0,123.0,2026-05,2026-05-23,23
TBR,295/90R20JDCXD,1121129A20152JCXD0,89.0,2026-05,2026-05-23,23
TBR,315/80R22.5JUC4,115323182C018LUC40,26.0,2026-05,2026-05-23,23
TBR,315/80R22.5JUL3,115223182C018MUL30,36.0,2026-05,2026-05-23,23
TBR,385/55R22.5JTL,115223832C020KJTL0,3.0,2026-05,2026-05-23,23
TBR,385/65R22.5JUH6,115223852C020KUH60,34.0,2026-05,2026-05-23,23
TBR,8.25R20JDE++,1121182020016KDEP0,153.0,2026-05,2026-05-23,23
TBR,8.25R20JUH5,1122182020016KUH50,96.0,2026-05,2026-05-23,23
TBR,9.00 R 20 JDE++,1121190020016KDEP0,7.0,2026-05,2026-05-23,23
TBR,9.00 R 20 JUH3,1122190020014KJH30,106.0,2026-05,2026-05-23,23
TBR,9.00 R 20 JUH5,1122190020016KUH50,2.0,2026-05,2026-05-23,23
TBR,GT 5075 - 295/90R20 JUH XF,1122129A20152JULF0,107.0,2026-05,2026-05-23,23
TBR,GT 5076 - 295/90R20 JDE XF,1121129A20152JDLF0,144.0,2026-05,2026-05-23,23
TBR,GT 5078 - 295/80R22.5 JUX E,112222982C016JUXE0,166.0,2026-05,2026-05-23,23
TBR,GT 5079 - 255/70R22.5 JUX E,112222562C016MUXE0,92.0,2026-05,2026-05-23,23
TBR,GT 5083 - 295/80R22.5 JUM XM,112222982C016MJXM0,53.0,2026-05,2026-05-23,23
TBR,GT 5085 - 295/60R22.5 JDL3,115122942C018LDL30,36.0,2026-05,2026-05-23,23
TBR,GT 5095 - 11.00R20 JUC3,1123111020016KJC30,81.0,2026-05,2026-05-23,23
TBR,GT 5096 - 11.00R20 JDC XD,1121111020016KCXD0,230.0,2026-05,2026-05-23,23
TBR,GT 5101 - 11.00R20 JS114,1121111020016K1141,16.0,2026-05,2026-05-23,23
TBR,GT 5103 - 295/80R22.5 JUM XM OEM,112222982C152MJXM0,118.0,2026-05,2026-05-23,23
TBR,10.00 R 20 JDE,1121129A20000JDEP0,144.0,2026-05,2026-05-24,24
TBR,10.00 R 20 JUH3+,1122110020016KH3P0,155.0,2026-05,2026-05-24,24
TBR,10.00 R 20 JUH5,1122110020016KUH50,366.0,2026-05,2026-05-24,24
TBR,10.00R 20 JW302,1123129A20152JUCM0,126.0,2026-05,2026-05-24,24
TBR,11.00R20 JUH5,1122111020016KUH50,150.0,2026-05,2026-05-24,24
TBR,11.00R20JDE++,1121111020016KDEP0,208.0,2026-05,2026-05-24,24
TBR,11R22.5JTH1,115221102C016LTH10,50.0,2026-05,2026-05-24,24
TBR,11R22.5JUC,112321102C016LJUC0,92.0,2026-05,2026-05-24,24
TBR,11R22.5JUHE,115221102C016LJUH0,106.0,2026-05,2026-05-24,24
TBR,275/70R22.5JTH1,115222762C016LTH10,94.0,2026-05,2026-05-24,24
TBR,295/80R22.5JDL,112122982C016MJDL0,32.0,2026-05,2026-05-24,24
TBR,295/80R22.5JUL1,112222982C016MJUM0,95.0,2026-05,2026-05-24,24
TBR,295/90R20JDCXD,1121129A20152JCXD0,94.0,2026-05,2026-05-24,24
TBR,315/80R22.5JUC4,115323182C018LUC40,46.0,2026-05,2026-05-24,24
TBR,315/80R22.5JUL3,115223182C018MUL30,46.0,2026-05,2026-05-24,24
TBR,385/65R22.5JUH6,115223852C020KUH60,38.0,2026-05,2026-05-24,24
TBR,8.25R20JDE++,1121182020016KDEP0,153.0,2026-05,2026-05-24,24
TBR,8.25R20JUH5,1122182020016KUH50,108.0,2026-05,2026-05-24,24
TBR,9.00 R 20 JUH3,1122190020014KJH30,196.0,2026-05,2026-05-24,24
TBR,GT 5075 - 295/90R20 JUH XF,1122129A20152JULF0,127.0,2026-05,2026-05-24,24
TBR,GT 5076 - 295/90R20 JDE XF,1121129A20152JDLF0,102.0,2026-05,2026-05-24,24
TBR,GT 5078 - 295/80R22.5 JUX E,112222982C016JUXE0,156.0,2026-05,2026-05-24,24
TBR,GT 5079 - 255/70R22.5 JUX E,112222562C016MUXE0,26.0,2026-05,2026-05-24,24
TBR,GT 5083 - 295/80R22.5 JUM XM,112222982C016MJXM0,165.0,2026-05,2026-05-24,24
TBR,GT 5085 - 295/60R22.5 JDL3,115122942C018LDL30,44.0,2026-05,2026-05-24,24
TBR,GT 5095 - 11.00R20 JUC3,1123111020016KJC30,92.0,2026-05,2026-05-24,24
TBR,GT 5096 - 11.00R20 JDC XD,1121111020016KCXD0,230.0,2026-05,2026-05-24,24
TBR,GT 5101 - 11.00R20 JS114,1121111020016K1141,10.0,2026-05,2026-05-24,24
TBR,GT 5103 - 295/80R22.5 JUM XM OEM,112222982C152MJXM0,8.0,2026-05,2026-05-24,24
TBR,10.00 R 20 JDE,1121129A20000JDEP0,137.0,2026-05,2026-05-25,25
TBR,10.00 R 20 JUH3+,1122110020016KH3P0,162.0,2026-05,2026-05-25,25
TBR,10.00 R 20 JUH5,1122110020016KUH50,386.0,2026-05,2026-05-25,25
TBR,10.00R 20 JW302,1123129A20152JUCM0,98.0,2026-05,2026-05-25,25
TBR,11.00R20 JUH5,1122111020016KUH50,108.0,2026-05,2026-05-25,25
TBR,11.00R20JDE++,1121111020016KDEP0,192.0,2026-05,2026-05-25,25
TBR,11R22.5JDH,115121102C016LJDH0,20.0,2026-05,2026-05-25,25
TBR,11R22.5JTH1,115221102C016LTH10,50.0,2026-05,2026-05-25,25
TBR,11R22.5JUC,112321102C016LJUC0,41.0,2026-05,2026-05-25,25
TBR,11R22.5JUHE,115221102C016LJUH0,64.0,2026-05,2026-05-25,25
TBR,275/70R22.5JTH1,115222762C016LTH10,100.0,2026-05,2026-05-25,25
TBR,295/80R22.5JDL,112122982C016MJDL0,48.0,2026-05,2026-05-25,25
TBR,295/80R22.5JUL1,112222982C016MJUM0,136.0,2026-05,2026-05-25,25
TBR,295/90R20JDCXD,1121129A20152JCXD0,62.0,2026-05,2026-05-25,25
TBR,315/80R22.5JUC4,115323182C018LUC40,19.0,2026-05,2026-05-25,25
TBR,315/80R22.5JUL3,115223182C018MUL30,44.0,2026-05,2026-05-25,25
TBR,385/65R22.5JTL,115223852C024KJTL0,28.0,2026-05,2026-05-25,25
TBR,385/65R22.5JUH6,115223852C020KUH60,60.0,2026-05,2026-05-25,25
TBR,8.25R20JDE++,1121182020016KDEP0,149.0,2026-05,2026-05-25,25
TBR,8.25R20JUH5,1122182020016KUH50,98.0,2026-05,2026-05-25,25
TBR,9.00 R 20 JUH3,1122190020014KJH30,208.0,2026-05,2026-05-25,25
TBR,GT 5075 - 295/90R20 JUH XF,1122129A20152JULF0,106.0,2026-05,2026-05-25,25
TBR,GT 5076 - 295/90R20 JDE XF,1121129A20152JDLF0,136.0,2026-05,2026-05-25,25
TBR,GT 5078 - 295/80R22.5 JUX E,112222982C016JUXE0,122.0,2026-05,2026-05-25,25
TBR,GT 5083 - 295/80R22.5 JUM XM,112222982C016MJXM0,186.0,2026-05,2026-05-25,25
TBR,GT 5085 - 295/60R22.5 JDL3,115122942C018LDL30,46.0,2026-05,2026-05-25,25
TBR,GT 5095 - 11.00R20 JUC3,1123111020016KJC30,88.0,2026-05,2026-05-25,25
TBR,GT 5096 - 11.00R20 JDC XD,1121111020016KCXD0,232.0,2026-05,2026-05-25,25
TBR,GT 5101 - 11.00R20 JS114,1121111020016K1141,42.0,2026-05,2026-05-25,25
TBR,10.00 R 20 JDE,1121129A20000JDEP0,138.0,2026-05,2026-05-26,26
TBR,10.00 R 20 JUH3+,1122110020016KH3P0,192.0,2026-05,2026-05-26,26
TBR,10.00 R 20 JUH5,1122110020016KUH50,361.0,2026-05,2026-05-26,26
TBR,10.00R 20 JW302,1123129A20152JUCM0,116.0,2026-05,2026-05-26,26
TBR,11.00R20 JUH5,1122111020016KUH50,166.0,2026-05,2026-05-26,26
TBR,11.00R20JDE++,1121111020016KDEP0,216.0,2026-05,2026-05-26,26
TBR,11R22.5JDH,115121102C016LJDH0,96.0,2026-05,2026-05-26,26
TBR,11R22.5JTH1,115221102C016LTH10,52.0,2026-05,2026-05-26,26
TBR,11R22.5JUHE,115221102C016LJUH0,106.0,2026-05,2026-05-26,26
TBR,275/70R22.5JTH1,115222762C016LTH10,96.0,2026-05,2026-05-26,26
TBR,295/80R22.5JDL,112122982C016MJDL0,46.0,2026-05,2026-05-26,26
TBR,295/80R22.5JUL1,112222982C016MJUM0,124.0,2026-05,2026-05-26,26
TBR,295/90R20JDCXD,1121129A20152JCXD0,90.0,2026-05,2026-05-26,26
TBR,315/80R22.5JUL3,115223182C018MUL30,48.0,2026-05,2026-05-26,26
TBR,385/65R22.5JTL,115223852C024KJTL0,44.0,2026-05,2026-05-26,26
TBR,385/65R22.5JUH6,115223852C020KUH60,112.0,2026-05,2026-05-26,26
TBR,8.25R20JDE++,1121182020016KDEP0,153.0,2026-05,2026-05-26,26
TBR,8.25R20JUH5,1122182020016KUH50,86.0,2026-05,2026-05-26,26
TBR,9.00 R 20 JUH3,1122190020014KJH30,216.0,2026-05,2026-05-26,26
TBR,GT 5075 - 295/90R20 JUH XF,1122129A20152JULF0,132.0,2026-05,2026-05-26,26
TBR,GT 5076 - 295/90R20 JDE XF,1121129A20152JDLF0,126.0,2026-05,2026-05-26,26
TBR,GT 5078 - 295/80R22.5 JUX E,112222982C016JUXE0,146.0,2026-05,2026-05-26,26
TBR,GT 5083 - 295/80R22.5 JUM XM,112222982C016MJXM0,191.0,2026-05,2026-05-26,26
TBR,GT 5085 - 295/60R22.5 JDL3,115122942C018LDL30,52.0,2026-05,2026-05-26,26
TBR,GT 5095 - 11.00R20 JUC3,1123111020016KJC30,88.0,2026-05,2026-05-26,26
TBR,GT 5096 - 11.00R20 JDC XD,1121111020016KCXD0,227.0,2026-05,2026-05-26,26
TBR,GT 5101 - 11.00R20 JS114,1121111020016K1141,34.0,2026-05,2026-05-26,26
TBR,10.00 R 20 JDE,1121129A20000JDEP0,126.0,2026-05,2026-05-27,27
TBR,10.00 R 20 JUH3+,1122110020016KH3P0,176.0,2026-05,2026-05-27,27
TBR,10.00 R 20 JUH5,1122110020016KUH50,420.0,2026-05,2026-05-27,27
TBR,10.00R 20 JW302,1123129A20152JUCM0,124.0,2026-05,2026-05-27,27
TBR,11.00R20 JUH5,1122111020016KUH50,186.0,2026-05,2026-05-27,27
TBR,11.00R20JDE++,1121111020016KDEP0,198.0,2026-05,2026-05-27,27
TBR,11R22.5JDH,115121102C016LJDH0,89.0,2026-05,2026-05-27,27
TBR,11R22.5JTH1,115221102C016LTH10,52.0,2026-05,2026-05-27,27
TBR,11R22.5JUHE,115221102C016LJUH0,96.0,2026-05,2026-05-27,27
TBR,275/70R22.5JTH1,115222762C016LTH10,58.0,2026-05,2026-05-27,27
TBR,295/80R22.5JDL,112122982C016MJDL0,4.0,2026-05,2026-05-27,27
TBR,295/80R22.5JUL1,112222982C016MJUM0,140.0,2026-05,2026-05-27,27
TBR,295/90R20JDCXD,1121129A20152JCXD0,72.0,2026-05,2026-05-27,27
TBR,315/80R22.5JUL3,115223182C018MUL30,42.0,2026-05,2026-05-27,27
TBR,385/65R22.5JTL,115223852C024KJTL0,44.0,2026-05,2026-05-27,27
TBR,385/65R22.5JUH6,115223852C020KUH60,133.0,2026-05,2026-05-27,27
TBR,8.25R20JDE++,1121182020016KDEP0,104.0,2026-05,2026-05-27,27
TBR,8.25R20JUH5,1122182020016KUH50,95.0,2026-05,2026-05-27,27
TBR,9.00 R 20 JUH3,1122190020014KJH30,210.0,2026-05,2026-05-27,27
TBR,GT 5075 - 295/90R20 JUH XF,1122129A20152JULF0,110.0,2026-05,2026-05-27,27
TBR,GT 5076 - 295/90R20 JDE XF,1121129A20152JDLF0,129.0,2026-05,2026-05-27,27
TBR,GT 5078 - 295/80R22.5 JUX E,112222982C016JUXE0,150.0,2026-05,2026-05-27,27
TBR,GT 5083 - 295/80R22.5 JUM XM,112222982C016MJXM0,180.0,2026-05,2026-05-27,27
TBR,GT 5085 - 295/60R22.5 JDL3,115122942C018LDL30,36.0,2026-05,2026-05-27,27
TBR,GT 5095 - 11.00R20 JUC3,1123111020016KJC30,90.0,2026-05,2026-05-27,27
TBR,GT 5096 - 11.00R20 JDC XD,1121111020016KCXD0,215.0,2026-05,2026-05-27,27
TBR,GT 5101 - 11.00R20 JS114,1121111020016K1141,44.0,2026-05,2026-05-27,27
TBR,GT 5111 - 11R22.5 JDC,115121102C016LJDC0,14.0,2026-05,2026-05-27,27
TBR,10.00 R 20 JDE,1121129A20000JDEP0,134.0,2026-05,2026-05-28,28
TBR,10.00 R 20 JUH3+,1122110020016KH3P0,176.0,2026-05,2026-05-28,28
TBR,10.00 R 20 JUH5,1122110020016KUH50,348.0,2026-05,2026-05-28,28
TBR,10.00R 20 JW302,1123129A20152JUCM0,109.0,2026-05,2026-05-28,28
TBR,11.00R20 JUH5,1122111020016KUH50,150.0,2026-05,2026-05-28,28
TBR,11.00R20JDE++,1121111020016KDEP0,218.0,2026-05,2026-05-28,28
TBR,11R22.5JDH,115121102C016LJDH0,93.0,2026-05,2026-05-28,28
TBR,11R22.5JTH1,115221102C016LTH10,46.0,2026-05,2026-05-28,28
TBR,11R22.5JUHE,115221102C016LJUH0,106.0,2026-05,2026-05-28,28
TBR,275/70R22.5JTH1,115222762C016LTH10,50.0,2026-05,2026-05-28,28
TBR,295/80R22.5JUL1,112222982C016MJUM0,130.0,2026-05,2026-05-28,28
TBR,295/90R20JDCXD,1121129A20152JCXD0,39.0,2026-05,2026-05-28,28
TBR,315/80R22.5JUL3,115223182C018MUL30,3.0,2026-05,2026-05-28,28
TBR,385/65R22.5JTL,115223852C024KJTL0,62.0,2026-05,2026-05-28,28
TBR,385/65R22.5JUH6,115223852C020KUH60,139.0,2026-05,2026-05-28,28
TBR,8.25R20JDE++,1121182020016KDEP0,67.0,2026-05,2026-05-28,28
TBR,8.25R20JUH5,1122182020016KUH50,124.0,2026-05,2026-05-28,28
TBR,9.00 R 20 JUH3,1122190020014KJH30,190.0,2026-05,2026-05-28,28
TBR,GT 5075 - 295/90R20 JUH XF,1122129A20152JULF0,106.0,2026-05,2026-05-28,28
TBR,GT 5076 - 295/90R20 JDE XF,1121129A20152JDLF0,98.0,2026-05,2026-05-28,28
TBR,GT 5078 - 295/80R22.5 JUX E,112222982C016JUXE0,172.0,2026-05,2026-05-28,28
TBR,GT 5083 - 295/80R22.5 JUM XM,112222982C016MJXM0,182.0,2026-05,2026-05-28,28
TBR,GT 5085 - 295/60R22.5 JDL3,115122942C018LDL30,26.0,2026-05,2026-05-28,28
TBR,GT 5095 - 11.00R20 JUC3,1123111020016KJC30,84.0,2026-05,2026-05-28,28
TBR,GT 5096 - 11.00R20 JDC XD,1121111020016KCXD0,212.0,2026-05,2026-05-28,28
TBR,GT 5101 - 11.00R20 JS114,1121111020016K1141,22.0,2026-05,2026-05-28,28
TBR,GT 5111 - 11R22.5 JDC,115121102C016LJDC0,40.0,2026-05,2026-05-28,28
TBR,10.00 R 20 JDE,1121129A20000JDEP0,70.0,2026-05,2026-05-29,29
TBR,10.00 R 20 JUH3+,1122110020016KH3P0,186.0,2026-05,2026-05-29,29
TBR,10.00 R 20 JUH5,1122110020016KUH50,340.0,2026-05,2026-05-29,29
TBR,10.00R 20 JW302,1123129A20152JUCM0,107.0,2026-05,2026-05-29,29
TBR,11.00R20 JUH5,1122111020016KUH50,183.0,2026-05,2026-05-29,29
TBR,11.00R20JDE++,1121111020016KDEP0,208.0,2026-05,2026-05-29,29
TBR,11R22.5JDH,115121102C016LJDH0,74.0,2026-05,2026-05-29,29
TBR,11R22.5JTH1,115221102C016LTH10,34.0,2026-05,2026-05-29,29
TBR,11R22.5JUHE,115221102C016LJUH0,68.0,2026-05,2026-05-29,29
TBR,275/70R22.5JTH1,115222762C016LTH10,48.0,2026-05,2026-05-29,29
TBR,295/80R22.5JUL1,112222982C016MJUM0,136.0,2026-05,2026-05-29,29
TBR,295/90R20JDCXD,1121129A20152JCXD0,93.0,2026-05,2026-05-29,29
TBR,315/80R22.5JUL4,115223182C018LUL40,40.0,2026-05,2026-05-29,29
TBR,385/65R22.5JTL,115223852C024KJTL0,96.0,2026-05,2026-05-29,29
TBR,385/65R22.5JUH6,115223852C020KUH60,134.0,2026-05,2026-05-29,29
TBR,8.25R20JDE++,1121182020016KDEP0,100.0,2026-05,2026-05-29,29
TBR,8.25R20JUH5,1122182020016KUH50,130.0,2026-05,2026-05-29,29
TBR,9.00 R 20 JUH3,1122190020014KJH30,168.0,2026-05,2026-05-29,29
TBR,GT 5075 - 295/90R20 JUH XF,1122129A20152JULF0,120.0,2026-05,2026-05-29,29
TBR,GT 5076 - 295/90R20 JDE XF,1121129A20152JDLF0,132.0,2026-05,2026-05-29,29
TBR,GT 5078 - 295/80R22.5 JUX E,112222982C016JUXE0,180.0,2026-05,2026-05-29,29
TBR,GT 5083 - 295/80R22.5 JUM XM,112222982C016MJXM0,173.0,2026-05,2026-05-29,29
TBR,GT 5085 - 295/60R22.5 JDL3,115122942C018LDL30,42.0,2026-05,2026-05-29,29
TBR,GT 5095 - 11.00R20 JUC3,1123111020016KJC30,90.0,2026-05,2026-05-29,29
TBR,GT 5096 - 11.00R20 JDC XD,1121111020016KCXD0,180.0,2026-05,2026-05-29,29
TBR,GT 5101 - 11.00R20 JS114,1121111020016K1141,28.0,2026-05,2026-05-29,29
TBR,GT 5111 - 11R22.5 JDC,115121102C016LJDC0,36.0,2026-05,2026-05-29,29
TBR,10.00 R 20 JDE,1121129A20000JDEP0,76.0,2026-05,2026-05-30,30
TBR,10.00 R 20 JUH3+,1122110020016KH3P0,171.0,2026-05,2026-05-30,30
TBR,10.00 R 20 JUH5,1122110020016KUH50,324.0,2026-05,2026-05-30,30
TBR,10.00R 20 JW302,1123129A20152JUCM0,124.0,2026-05,2026-05-30,30
TBR,11.00R20 JUH5,1122111020016KUH50,176.0,2026-05,2026-05-30,30
TBR,11.00R20JDE++,1121111020016KDEP0,204.0,2026-05,2026-05-30,30
TBR,11R22.5JDH,115121102C016LJDH0,88.0,2026-05,2026-05-30,30
TBR,11R22.5JTH1,115221102C016LTH10,54.0,2026-05,2026-05-30,30
TBR,11R22.5JUHE,115221102C016LJUH0,100.0,2026-05,2026-05-30,30
TBR,275/70R22.5JTH1,115222762C016LTH10,60.0,2026-05,2026-05-30,30
TBR,295/80R22.5JUL1,112222982C016MJUM0,129.0,2026-05,2026-05-30,30
TBR,295/90R20JDCXD,1121129A20152JCXD0,136.0,2026-05,2026-05-30,30
TBR,315/80R22.5JUL4,115223182C018LUL40,46.0,2026-05,2026-05-30,30
TBR,385/65R22.5JTL,115223852C024KJTL0,76.0,2026-05,2026-05-30,30
TBR,385/65R22.5JUH6,115223852C020KUH60,138.0,2026-05,2026-05-30,30
TBR,8.25R20JDE++,1121182020016KDEP0,92.0,2026-05,2026-05-30,30
TBR,8.25R20JUH5,1122182020016KUH50,142.0,2026-05,2026-05-30,30
TBR,9.00 R 20 JUH3,1122190020014KJH30,148.0,2026-05,2026-05-30,30
TBR,GT 5014 - 10.00R20 CUX,1152110020016KCUXC,36.0,2026-05,2026-05-30,30
TBR,GT 5075 - 295/90R20 JUH XF,1122129A20152JULF0,118.0,2026-05,2026-05-30,30
TBR,GT 5076 - 295/90R20 JDE XF,1121129A20152JDLF0,124.0,2026-05,2026-05-30,30
TBR,GT 5078 - 295/80R22.5 JUX E,112222982C016JUXE0,176.0,2026-05,2026-05-30,30
TBR,GT 5083 - 295/80R22.5 JUM XM,112222982C016MJXM0,151.0,2026-05,2026-05-30,30
TBR,GT 5085 - 295/60R22.5 JDL3,115122942C018LDL30,7.0,2026-05,2026-05-30,30
TBR,GT 5095 - 11.00R20 JUC3,1123111020016KJC30,82.0,2026-05,2026-05-30,30
TBR,GT 5096 - 11.00R20 JDC XD,1121111020016KCXD0,218.0,2026-05,2026-05-30,30
TBR,GT 5101 - 11.00R20 JS114,1121111020016K1141,44.0,2026-05,2026-05-30,30
TBR,GT 5111 - 11R22.5 JDC,115121102C016LJDC0,34.0,2026-05,2026-05-30,30
TBR,10.00 R 20 JDE,1121129A20000JDEP0,2.0,2026-05,2026-05-31,31
TBR,10.00 R 20 JUH3+,1122110020016KH3P0,140.0,2026-05,2026-05-31,31
TBR,10.00 R 20 JUH5,1122110020016KUH50,348.0,2026-05,2026-05-31,31
TBR,10.00R 20 JW302,1123129A20152JUCM0,132.0,2026-05,2026-05-31,31
TBR,11.00R20 JUH5,1122111020016KUH50,156.0,2026-05,2026-05-31,31
TBR,11.00R20JDE++,1121111020016KDEP0,168.0,2026-05,2026-05-31,31
TBR,11R22.5JDH,115121102C016LJDH0,94.0,2026-05,2026-05-31,31
TBR,11R22.5JTH1,115221102C016LTH10,36.0,2026-05,2026-05-31,31
TBR,11R22.5JUHE,115221102C016LJUH0,74.0,2026-05,2026-05-31,31
TBR,275/70R22.5JTH1,115222762C016LTH10,78.0,2026-05,2026-05-31,31
TBR,295/80R22.5JDC3,115122982C016KDC30,20.0,2026-05,2026-05-31,31
TBR,295/80R22.5JUL1,112222982C016MJUM0,113.0,2026-05,2026-05-31,31
TBR,295/90R20JDCXD,1121129A20152JCXD0,106.0,2026-05,2026-05-31,31
TBR,315/80R22.5JUL4,115223182C018LUL40,30.0,2026-05,2026-05-31,31
TBR,385/65R22.5JTL,115223852C024KJTL0,86.0,2026-05,2026-05-31,31
TBR,385/65R22.5JUH6,115223852C020KUH60,130.0,2026-05,2026-05-31,31
TBR,8.25R20JDE++,1121182020016KDEP0,136.0,2026-05,2026-05-31,31
TBR,8.25R20JUH5,1122182020016KUH50,132.0,2026-05,2026-05-31,31
TBR,9.00 R 20 JUH3,1122190020014KJH30,156.0,2026-05,2026-05-31,31
TBR,GT 5014 - 10.00R20 CUX,1152110020016KCUXC,40.0,2026-05,2026-05-31,31
TBR,GT 5075 - 295/90R20 JUH XF,1122129A20152JULF0,136.0,2026-05,2026-05-31,31
TBR,GT 5076 - 295/90R20 JDE XF,1121129A20152JDLF0,116.0,2026-05,2026-05-31,31
TBR,GT 5078 - 295/80R22.5 JUX E,112222982C016JUXE0,174.0,2026-05,2026-05-31,31
TBR,GT 5083 - 295/80R22.5 JUM XM,112222982C016MJXM0,168.0,2026-05,2026-05-31,31
TBR,GT 5095 - 11.00R20 JUC3,1123111020016KJC30,86.0,2026-05,2026-05-31,31
TBR,GT 5096 - 11.00R20 JDC XD,1121111020016KCXD0,230.0,2026-05,2026-05-31,31
TBR,GT 5101 - 11.00R20 JS114,1121111020016K1141,44.0,2026-05,2026-05-31,31
TBR,GT 5111 - 11R22.5 JDC,115121102C016LJDC0,30.0,2026-05,2026-05-31,31
