plant,gt_code,sku,qty,month,due_date,day
PCR,GT  T1457 STAR,1325214617107MSXT0,324.0,2026-02,2026-02-01,1
PCR,GT 1402 XPC TATA,1D25214012008QXPCT,695.0,2026-02,2026-02-01,1
PCR,GT 1412 XPC MM,1D25114012008QXPC0,314.0,2026-02,2026-02-01,1
PCR,GT 1482 UHL,1325214812074TUHL0,352.0,2026-02,2026-02-01,1
PCR,GT 1513 XPC1 MSIL,1D25215013008SXC10,2653.0,2026-02,2026-02-01,1
PCR,GT 1543 XPC1,1D25215013008SXC1T,24.0,2026-02,2026-02-01,1
PCR,GT 1583 NEO TATA,1325215813079TUNE5,539.0,2026-02,2026-02-01,1
PCR,GT 1634 XPC TATA,1D25216814008QXPC0,370.0,2026-02,2026-02-01,1
PCR,GT 1672 SPT,1325216612077TUSP0,186.0,2026-02,2026-02-01,1
PCR,GT 1765 ROYL,1325217515084HURL2,562.0,2026-02,2026-02-01,1
PCR,GT 1844 XPC TML,1D25218014010RXPCT,284.0,2026-02,2026-02-01,1
PCR,GT 1856 ROYL,1325218316083HURL0,74.0,2026-02,2026-02-01,1
PCR,GT 1894 MAX,1325218614088TTMX0,360.0,2026-02,2026-02-01,1
PCR,GT 1925 XPC1,1225219Z15008SXC11,663.0,2026-02,2026-02-01,1
PCR,GT 1966 RAN HPE,1325219416089VRHE0,298.0,2026-02,2026-02-01,1
PCR,GT 1995 ROYL KIA,1325219515091HURL2,684.0,2026-02,2026-02-01,1
PCR,GT 2057 UX1,1325221217095VUX10,188.0,2026-02,2026-02-01,1
PCR,GT 2076 RAN HT,1325220416092HRHT0,260.0,2026-02,2026-02-01,1
PCR,GT 2158 ROYL HYU,1325221318095HURL0,393.0,2026-02,2026-02-01,1
PCR,GT 2267 ROYL HYU,1325221417096HURL0,1277.0,2026-02,2026-02-01,1
PCR,GT 2526 ROYL PG,1325221416095VURP0,128.0,2026-02,2026-02-01,1
PCR,GT 2568 HT2,1325225518111HRHB0,802.0,2026-02,2026-02-01,1
PCR,GT 2576 EZO TATA,1325223616109SELZ0,120.0,2026-02,2026-02-01,1
PCR,GT1513 NEO,1325215513073TUNE0,583.0,2026-02,2026-02-01,1
PCR,GT1564 NEO,1325215514075TUNE0,329.0,2026-02,2026-02-01,1
PCR,GT1915 LT XPC1,1225219Z15008SXC10,243.0,2026-02,2026-02-01,1
PCR,GT2277 RAN HT,1325222517102HRHT0,174.0,2026-02,2026-02-01,1
PCR,GT  T1457 STAR,1325214617107MSXT0,222.0,2026-02,2026-02-02,2
PCR,GT 1402 XPC TATA,1D25214012008QXPCT,626.0,2026-02,2026-02-02,2
PCR,GT 1412 XPC MM,1D25114012008QXPC0,320.0,2026-02,2026-02-02,2
PCR,GT 1422 MAX,1325214812074TTMX0,1.0,2026-02,2026-02-02,2
PCR,GT 1482 UHL,1325214812074TUHL0,346.0,2026-02,2026-02-02,2
PCR,GT 1513 XPC1 MSIL,1D25215013008SXC10,2671.0,2026-02,2026-02-02,2
PCR,GT 1543 XPC1,1D25215013008SXC1T,96.0,2026-02,2026-02-02,2
PCR,GT 1583 NEO TATA,1325215813079TUNE5,506.0,2026-02,2026-02-02,2
PCR,GT 1634 XPC TATA,1D25216814008QXPC0,406.0,2026-02,2026-02-02,2
PCR,GT 1672 SPT,1325216612077TUSP0,186.0,2026-02,2026-02-02,2
PCR,GT 1765 ROYL,1325217515084HURL2,460.0,2026-02,2026-02-02,2
PCR,GT 1844 XPC TML,1D25218014010RXPCT,330.0,2026-02,2026-02-02,2
PCR,GT 1856 ROYL,1325218316083HURL0,129.0,2026-02,2026-02-02,2
PCR,GT 1894 MAX,1325218614088TTMX0,268.0,2026-02,2026-02-02,2
PCR,GT 1925 XPC1,1225219Z15008SXC11,610.0,2026-02,2026-02-02,2
PCR,GT 1966 RAN HPE,1325219416089VRHE0,354.0,2026-02,2026-02-02,2
PCR,GT 1995 ROYL KIA,1325219515091HURL2,682.0,2026-02,2026-02-02,2
PCR,GT 2057 UX1,1325221217095VUX10,116.0,2026-02,2026-02-02,2
PCR,GT 2076 RAN HT,1325220416092HRHT0,380.0,2026-02,2026-02-02,2
PCR,GT 2158 ROYL HYU,1325221318095HURL0,655.0,2026-02,2026-02-02,2
PCR,GT 2267 ROYL HYU,1325221417096HURL0,1272.0,2026-02,2026-02-02,2
PCR,GT 2568 HT2,1325225518111HRHB0,782.0,2026-02,2026-02-02,2
PCR,GT 2576 EZO TATA,1325223616109SELZ0,32.0,2026-02,2026-02-02,2
PCR,GT1513 NEO,1325215513073TUNE0,580.0,2026-02,2026-02-02,2
PCR,GT1564 NEO,1325215514075TUNE0,340.0,2026-02,2026-02-02,2
PCR,GT2277 RAN HT,1325222517102HRHT0,160.0,2026-02,2026-02-02,2
PCR,GT  T1457 STAR,1325214617107MSXT0,345.0,2026-02,2026-02-03,3
PCR,GT 1402 XPC TATA,1D25214012008QXPCT,722.0,2026-02,2026-02-03,3
PCR,GT 1412 XPC MM,1D25114012008QXPC0,332.0,2026-02,2026-02-03,3
PCR,GT 1482 UHL,1325214812074TUHL0,362.0,2026-02,2026-02-03,3
PCR,GT 1503 NEO MSIL,1325215813079TUNE3,316.0,2026-02,2026-02-03,3
PCR,GT 1513 XPC1 MSIL,1D25215013008SXC10,2808.0,2026-02,2026-02-03,3
PCR,GT 1583 NEO TATA,1325215813079TUNE5,394.0,2026-02,2026-02-03,3
PCR,GT 1634 XPC TATA,1D25216814008QXPC0,448.0,2026-02,2026-02-03,3
PCR,GT 1672 SPT,1325216612077TUSP0,67.0,2026-02,2026-02-03,3
PCR,GT 1765 ROYL,1325217515084HURL2,496.0,2026-02,2026-02-03,3
PCR,GT 1844 XPC TML,1D25218014010RXPCT,303.0,2026-02,2026-02-03,3
PCR,GT 1856 ROYL,1325218316083HURL0,46.0,2026-02,2026-02-03,3
PCR,GT 1894 MAX,1325218614088TTMX0,230.0,2026-02,2026-02-03,3
PCR,GT 1925 XPC1,1225219Z15008SXC11,786.0,2026-02,2026-02-03,3
PCR,GT 1966 RAN HPE,1325219416089VRHE0,216.0,2026-02,2026-02-03,3
PCR,GT 1995 ROYL KIA,1325219515091HURL2,791.0,2026-02,2026-02-03,3
PCR,GT 2056 ROYL,1325220516095HURP0,60.0,2026-02,2026-02-03,3
PCR,GT 2057 UX1,1325221217095VUX10,179.0,2026-02,2026-02-03,3
PCR,GT 2076 RAN HT,1325220416092HRHT0,376.0,2026-02,2026-02-03,3
PCR,GT 2158 ROYL HYU,1325221318095HURL0,742.0,2026-02,2026-02-03,3
PCR,GT 2267 ROYL HYU,1325221417096HURL0,1243.0,2026-02,2026-02-03,3
PCR,GT 2568 HT2,1325225518111HRHB0,727.0,2026-02,2026-02-03,3
PCR,GT 2576 EZO TATA,1325223616109SELZ0,138.0,2026-02,2026-02-03,3
PCR,GT1513 NEO,1325215513073TUNE0,576.0,2026-02,2026-02-03,3
PCR,GT1564 NEO,1325215514075TUNE0,2.0,2026-02,2026-02-03,3
PCR,GT2277 RAN HT,1325222517102HRHT0,182.0,2026-02,2026-02-03,3
PCR,GT  T1457 STAR,1325214617107MSXT0,333.0,2026-02,2026-02-04,4
PCR,GT 1402 XPC TATA,1D25214012008QXPCT,812.0,2026-02,2026-02-04,4
PCR,GT 1412 XPC MM,1D25114012008QXPC0,332.0,2026-02,2026-02-04,4
PCR,GT 1482 UHL,1325214812074TUHL0,364.0,2026-02,2026-02-04,4
PCR,GT 1503 NEO MSIL,1325215813079TUNE3,404.0,2026-02,2026-02-04,4
PCR,GT 1513 XPC1 MSIL,1D25215013008SXC10,2810.0,2026-02,2026-02-04,4
PCR,GT 1583 NEO TATA,1325215813079TUNE5,488.0,2026-02,2026-02-04,4
PCR,GT 1634 XPC TATA,1D25216814008QXPC0,386.0,2026-02,2026-02-04,4
PCR,GT 1765 ROYL,1325217515084HURL2,396.0,2026-02,2026-02-04,4
PCR,GT 1844 XPC TML,1D25218014010RXPCT,357.0,2026-02,2026-02-04,4
PCR,GT 1856 ROYL,1325218316083HURL0,94.0,2026-02,2026-02-04,4
PCR,GT 1894 MAX,1325218614088TTMX0,388.0,2026-02,2026-02-04,4
PCR,GT 1925 XPC1,1225219Z15008SXC11,753.0,2026-02,2026-02-04,4
PCR,GT 1966 RAN HPE,1325219416089VRHE0,350.0,2026-02,2026-02-04,4
PCR,GT 1995 ROYL KIA,1325219515091HURL2,759.0,2026-02,2026-02-04,4
PCR,GT 2056 ROYL,1325220516095HURP0,153.0,2026-02,2026-02-04,4
PCR,GT 2057 UX1,1325221217095VUX10,65.0,2026-02,2026-02-04,4
PCR,GT 2076 RAN HT,1325220416092HRHT0,200.0,2026-02,2026-02-04,4
PCR,GT 2158 ROYL HYU,1325221318095HURL0,788.0,2026-02,2026-02-04,4
PCR,GT 2267 ROYL HYU,1325221417096HURL0,1239.0,2026-02,2026-02-04,4
PCR,GT 2348 UX1,1325223118098VUX10,2.0,2026-02,2026-02-04,4
PCR,GT 2568 HT2,1325225518111HRHB0,708.0,2026-02,2026-02-04,4
PCR,GT 2576 EZO TATA,1325223616109SELZ0,112.0,2026-02,2026-02-04,4
PCR,GT1513 NEO,1325215513073TUNE0,540.0,2026-02,2026-02-04,4
PCR,GT2277 RAN HT,1325222517102HRHT0,153.0,2026-02,2026-02-04,4
PCR,GT  T1457 STAR,1325214617107MSXT0,211.0,2026-02,2026-02-05,5
PCR,GT 1402 XPC TATA,1D25214012008QXPCT,847.0,2026-02,2026-02-05,5
PCR,GT 1412 XPC MM,1D25114012008QXPC0,316.0,2026-02,2026-02-05,5
PCR,GT 1482 UHL,1325214812074TUHL0,348.0,2026-02,2026-02-05,5
PCR,GT 1503 NEO MSIL,1325215813079TUNE3,730.0,2026-02,2026-02-05,5
PCR,GT 1513 XPC1 MSIL,1D25215013008SXC10,2771.0,2026-02,2026-02-05,5
PCR,GT 1583 NEO TATA,1325215813079TUNE5,520.0,2026-02,2026-02-05,5
PCR,GT 1634 XPC TATA,1D25216814008QXPC0,430.0,2026-02,2026-02-05,5
PCR,GT 1765 ROYL,1325217515084HURL2,464.0,2026-02,2026-02-05,5
PCR,GT 1844 XPC TML,1D25218014010RXPCT,348.0,2026-02,2026-02-05,5
PCR,GT 1856 ROYL,1325218316083HURL0,146.0,2026-02,2026-02-05,5
PCR,GT 1894 MAX,1325218614088TTMX0,386.0,2026-02,2026-02-05,5
PCR,GT 1925 XPC1,1225219Z15008SXC11,622.0,2026-02,2026-02-05,5
PCR,GT 1966 RAN HPE,1325219416089VRHE0,344.0,2026-02,2026-02-05,5
PCR,GT 1995 ROYL KIA,1325219515091HURL2,685.0,2026-02,2026-02-05,5
PCR,GT 2056 ROYL,1325220516095HURP0,43.0,2026-02,2026-02-05,5
PCR,GT 2076 RAN HT,1325220416092HRHT0,306.0,2026-02,2026-02-05,5
PCR,GT 2158 ROYL HYU,1325221318095HURL0,768.0,2026-02,2026-02-05,5
PCR,GT 2267 ROYL HYU,1325221417096HURL0,1246.0,2026-02,2026-02-05,5
PCR,GT 2348 UX1,1325223118098VUX10,168.0,2026-02,2026-02-05,5
PCR,GT 2568 HT2,1325225518111HRHB0,640.0,2026-02,2026-02-05,5
PCR,GT 2576 EZO TATA,1325223616109SELZ0,114.0,2026-02,2026-02-05,5
PCR,GT1513 NEO,1325215513073TUNE0,110.0,2026-02,2026-02-05,5
PCR,GT2277 RAN HT,1325222517102HRHT0,178.0,2026-02,2026-02-05,5
PCR,GT  T1457 STAR,1325214617107MSXT0,143.0,2026-02,2026-02-06,6
PCR,GT 1402 XPC TATA,1D25214012008QXPCT,846.0,2026-02,2026-02-06,6
PCR,GT 1412 XPC MM,1D25114012008QXPC0,332.0,2026-02,2026-02-06,6
PCR,GT 1482 UHL,1325214812074TUHL0,361.0,2026-02,2026-02-06,6
PCR,GT 1503 NEO MSIL,1325215813079TUNE3,988.0,2026-02,2026-02-06,6
PCR,GT 1513 XPC1 MSIL,1D25215013008SXC10,2631.0,2026-02,2026-02-06,6
PCR,GT 1583 NEO TATA,1325215813079TUNE5,400.0,2026-02,2026-02-06,6
PCR,GT 1634 XPC TATA,1D25216814008QXPC0,422.0,2026-02,2026-02-06,6
PCR,GT 1765 ROYL,1325217515084HURL2,548.0,2026-02,2026-02-06,6
PCR,GT 1844 XPC TML,1D25218014010RXPCT,349.0,2026-02,2026-02-06,6
PCR,GT 1856 ROYL,1325218316083HURL0,121.0,2026-02,2026-02-06,6
PCR,GT 1894 MAX,1325218614088TTMX0,389.0,2026-02,2026-02-06,6
PCR,GT 1925 XPC1,1225219Z15008SXC11,700.0,2026-02,2026-02-06,6
PCR,GT 1966 RAN HPE,1325219416089VRHE0,342.0,2026-02,2026-02-06,6
PCR,GT 1995 ROYL KIA,1325219515091HURL2,678.0,2026-02,2026-02-06,6
PCR,GT 2056 ROYL,1325220516095HURP0,172.0,2026-02,2026-02-06,6
PCR,GT 2076 RAN HT,1325220416092HRHT0,354.0,2026-02,2026-02-06,6
PCR,GT 2158 ROYL HYU,1325221318095HURL0,748.0,2026-02,2026-02-06,6
PCR,GT 2258 RAN HPE,1325222318098HRHE0,114.0,2026-02,2026-02-06,6
PCR,GT 2267 ROYL HYU,1325221417096HURL0,1209.0,2026-02,2026-02-06,6
PCR,GT 2348 UX1,1325223118098VUX10,94.0,2026-02,2026-02-06,6
PCR,GT 2568 HT2,1325225518111HRHB0,546.0,2026-02,2026-02-06,6
PCR,GT 2576 EZO TATA,1325223616109SELZ0,30.0,2026-02,2026-02-06,6
PCR,GT1513 NEO,1325215513073TUNE0,27.0,2026-02,2026-02-06,6
PCR,GT2277 RAN HT,1325222517102HRHT0,62.0,2026-02,2026-02-06,6
PCR,GT  T1457 STAR,1325214617107MSXT0,202.0,2026-02,2026-02-07,7
PCR,GT 1402 XPC TATA,1D25214012008QXPCT,907.0,2026-02,2026-02-07,7
PCR,GT 1412 XPC MM,1D25114012008QXPC0,332.0,2026-02,2026-02-07,7
PCR,GT 1482 UHL,1325214812074TUHL0,355.0,2026-02,2026-02-07,7
PCR,GT 1503 NEO MSIL,1325215813079TUNE3,1330.0,2026-02,2026-02-07,7
PCR,GT 1513 XPC1 MSIL,1D25215013008SXC10,2781.0,2026-02,2026-02-07,7
PCR,GT 1583 NEO TATA,1325215813079TUNE5,367.0,2026-02,2026-02-07,7
PCR,GT 1634 XPC TATA,1D25216814008QXPC0,436.0,2026-02,2026-02-07,7
PCR,GT 1765 ROYL,1325217515084HURL2,404.0,2026-02,2026-02-07,7
PCR,GT 1844 XPC TML,1D25218014010RXPCT,348.0,2026-02,2026-02-07,7
PCR,GT 1856 ROYL,1325218316083HURL0,138.0,2026-02,2026-02-07,7
PCR,GT 1894 MAX,1325218614088TTMX0,396.0,2026-02,2026-02-07,7
PCR,GT 1925 XPC1,1225219Z15008SXC11,656.0,2026-02,2026-02-07,7
PCR,GT 1966 RAN HPE,1325219416089VRHE0,364.0,2026-02,2026-02-07,7
PCR,GT 1995 ROYL KIA,1325219515091HURL2,744.0,2026-02,2026-02-07,7
PCR,GT 2056 ROYL,1325220516095HURP0,168.0,2026-02,2026-02-07,7
PCR,GT 2076 RAN HT,1325220416092HRHT0,242.0,2026-02,2026-02-07,7
PCR,GT 2158 ROYL HYU,1325221318095HURL0,757.0,2026-02,2026-02-07,7
PCR,GT 2258 RAN HPE,1325222318098HRHE0,132.0,2026-02,2026-02-07,7
PCR,GT 2267 ROYL HYU,1325221417096HURL0,1169.0,2026-02,2026-02-07,7
PCR,GT 2268 UX1,1325222418104HUX10,42.0,2026-02,2026-02-07,7
PCR,GT 2348 UX1,1325223118098VUX10,180.0,2026-02,2026-02-07,7
PCR,GT 2568 HT2,1325225518111HRHB0,614.0,2026-02,2026-02-07,7
PCR,GT2277 RAN HT,1325222517102HRHT0,40.0,2026-02,2026-02-07,7
PCR,GT  T1457 STAR,1325214617107MSXT0,310.0,2026-02,2026-02-08,8
PCR,GT 1402 XPC TATA,1D25214012008QXPCT,952.0,2026-02,2026-02-08,8
PCR,GT 1412 XPC MM,1D25114012008QXPC0,332.0,2026-02,2026-02-08,8
PCR,GT 1482 UHL,1325214812074TUHL0,345.0,2026-02,2026-02-08,8
PCR,GT 1503 NEO MSIL,1325215813079TUNE3,1581.0,2026-02,2026-02-08,8
PCR,GT 1513 XPC1 MSIL,1D25215013008SXC10,2667.0,2026-02,2026-02-08,8
PCR,GT 1583 NEO TATA,1325215813079TUNE5,455.0,2026-02,2026-02-08,8
PCR,GT 1634 XPC TATA,1D25216814008QXPC0,445.0,2026-02,2026-02-08,8
PCR,GT 1765 ROYL,1325217515084HURL2,368.0,2026-02,2026-02-08,8
PCR,GT 1844 XPC TML,1D25218014010RXPCT,360.0,2026-02,2026-02-08,8
PCR,GT 1856 ROYL,1325218316083HURL0,146.0,2026-02,2026-02-08,8
PCR,GT 1894 MAX,1325218614088TTMX0,382.0,2026-02,2026-02-08,8
PCR,GT 1925 XPC1,1225219Z15008SXC11,641.0,2026-02,2026-02-08,8
PCR,GT 1966 RAN HPE,1325219416089VRHE0,187.0,2026-02,2026-02-08,8
PCR,GT 1995 ROYL KIA,1325219515091HURL2,618.0,2026-02,2026-02-08,8
PCR,GT 2056 ROYL,1325220516095HURP0,102.0,2026-02,2026-02-08,8
PCR,GT 2158 ROYL HYU,1325221318095HURL0,774.0,2026-02,2026-02-08,8
PCR,GT 2258 RAN HPE,1325222318098HRHE0,158.0,2026-02,2026-02-08,8
PCR,GT 2267 ROYL HYU,1325221417096HURL0,1248.0,2026-02,2026-02-08,8
PCR,GT 2268 UX1,1325222418104HUX10,172.0,2026-02,2026-02-08,8
PCR,GT 2348 UX1,1325223118098VUX10,140.0,2026-02,2026-02-08,8
PCR,GT 2476 SUP MM,1325224716111SELS0,312.0,2026-02,2026-02-08,8
PCR,GT 2568 HT2,1325225518111HRHB0,490.0,2026-02,2026-02-08,8
PCR,GT2776 RAN AT,1325223616105TRAT0,76.0,2026-02,2026-02-08,8
PCR,GT  T1457 STAR,1325214617107MSXT0,324.0,2026-02,2026-02-09,9
PCR,GT 1402 XPC TATA,1D25214012008QXPCT,992.0,2026-02,2026-02-09,9
PCR,GT 1412 XPC MM,1D25114012008QXPC0,326.0,2026-02,2026-02-09,9
PCR,GT 1482 UHL,1325214812074TUHL0,358.0,2026-02,2026-02-09,9
PCR,GT 1503 NEO MSIL,1325215813079TUNE3,1641.0,2026-02,2026-02-09,9
PCR,GT 1513 XPC1 MSIL,1D25215013008SXC10,2550.0,2026-02,2026-02-09,9
PCR,GT 1583 NEO TATA,1325215813079TUNE5,496.0,2026-02,2026-02-09,9
PCR,GT 1634 XPC TATA,1D25216814008QXPC0,444.0,2026-02,2026-02-09,9
PCR,GT 1765 ROYL,1325217515084HURL2,380.0,2026-02,2026-02-09,9
PCR,GT 1844 XPC TML,1D25218014010RXPCT,334.0,2026-02,2026-02-09,9
PCR,GT 1856 ROYL,1325218316083HURL0,108.0,2026-02,2026-02-09,9
PCR,GT 1894 MAX,1325218614088TTMX0,396.0,2026-02,2026-02-09,9
PCR,GT 1925 XPC1,1225219Z15008SXC11,653.0,2026-02,2026-02-09,9
PCR,GT 1995 ROYL KIA,1325219515091HURL2,777.0,2026-02,2026-02-09,9
PCR,GT 2056 ROYL,1325220516095HURP0,36.0,2026-02,2026-02-09,9
PCR,GT 2158 ROYL HYU,1325221318095HURL0,761.0,2026-02,2026-02-09,9
PCR,GT 2258 RAN HPE,1325222318098HRHE0,160.0,2026-02,2026-02-09,9
PCR,GT 2267 ROYL HYU,1325221417096HURL0,1146.0,2026-02,2026-02-09,9
PCR,GT 2268 UX1,1325222418104HUX10,184.0,2026-02,2026-02-09,9
PCR,GT 2348 UX1,1325223118098VUX10,36.0,2026-02,2026-02-09,9
PCR,GT 2476 SUP MM,1325224716111SELS0,592.0,2026-02,2026-02-09,9
PCR,GT 2568 HT2,1325225518111HRHB0,490.0,2026-02,2026-02-09,9
PCR,GT2776 RAN AT,1325223616105TRAT0,154.0,2026-02,2026-02-09,9
PCR,GT  T1457 STAR,1325214617107MSXT0,378.0,2026-02,2026-02-10,10
PCR,GT 1402 XPC TATA,1D25214012008QXPCT,987.0,2026-02,2026-02-10,10
PCR,GT 1412 XPC MM,1D25114012008QXPC0,308.0,2026-02,2026-02-10,10
PCR,GT 1482 UHL,1325214812074TUHL0,358.0,2026-02,2026-02-10,10
PCR,GT 1503 NEO MSIL,1325215813079TUNE3,1589.0,2026-02,2026-02-10,10
PCR,GT 1513 XPC1 MSIL,1D25215013008SXC10,2562.0,2026-02,2026-02-10,10
PCR,GT 1583 NEO TATA,1325215813079TUNE5,158.0,2026-02,2026-02-10,10
PCR,GT 1634 XPC TATA,1D25216814008QXPC0,377.0,2026-02,2026-02-10,10
PCR,GT 1765 ROYL,1325217515084HURL2,394.0,2026-02,2026-02-10,10
PCR,GT 1844 XPC TML,1D25218014010RXPCT,362.0,2026-02,2026-02-10,10
PCR,GT 1856 ROYL,1325218316083HURL0,112.0,2026-02,2026-02-10,10
PCR,GT 1894 MAX,1325218614088TTMX0,370.0,2026-02,2026-02-10,10
PCR,GT 1925 XPC1,1225219Z15008SXC11,666.0,2026-02,2026-02-10,10
PCR,GT 1995 ROYL KIA,1325219515091HURL2,766.0,2026-02,2026-02-10,10
PCR,GT 2158 ROYL HYU,1325221318095HURL0,706.0,2026-02,2026-02-10,10
PCR,GT 2258 RAN HPE,1325222318098HRHE0,162.0,2026-02,2026-02-10,10
PCR,GT 2267 ROYL HYU,1325221417096HURL0,1102.0,2026-02,2026-02-10,10
PCR,GT 2268 UX1,1325222418104HUX10,178.0,2026-02,2026-02-10,10
PCR,GT 2476 SUP MM,1325224716111SELS0,436.0,2026-02,2026-02-10,10
PCR,GT 2568 HT2,1325225518111HRHB0,422.0,2026-02,2026-02-10,10
PCR,GT 2575 RAN A/T,1325220615106SRAT0,128.0,2026-02,2026-02-10,10
PCR,GT2776 RAN AT,1325223616105TRAT0,264.0,2026-02,2026-02-10,10
PCR,GT  T1457 STAR,1325214617107MSXT0,352.0,2026-02,2026-02-11,11
PCR,GT 1402 XPC TATA,1D25214012008QXPCT,961.0,2026-02,2026-02-11,11
PCR,GT 1412 XPC MM,1D25114012008QXPC0,285.0,2026-02,2026-02-11,11
PCR,GT 1482 UHL,1325214812074TUHL0,342.0,2026-02,2026-02-11,11
PCR,GT 1503 NEO MSIL,1325215813079TUNE3,1576.0,2026-02,2026-02-11,11
PCR,GT 1513 XPC1 MSIL,1D25215013008SXC10,1628.0,2026-02,2026-02-11,11
PCR,GT 1543 XPC1,1D25215013008SXC1T,766.0,2026-02,2026-02-11,11
PCR,GT 1634 XPC TATA,1D25216814008QXPC0,368.0,2026-02,2026-02-11,11
PCR,GT 1765 ROYL,1325217515084HURL2,250.0,2026-02,2026-02-11,11
PCR,GT 1844 XPC TML,1D25218014010RXPCT,350.0,2026-02,2026-02-11,11
PCR,GT 1894 MAX,1325218614088TTMX0,316.0,2026-02,2026-02-11,11
PCR,GT 1925 XPC1,1225219Z15008SXC11,659.0,2026-02,2026-02-11,11
PCR,GT 1995 ROYL KIA,1325219515091HURL2,706.0,2026-02,2026-02-11,11
PCR,GT 2075 RAN AT,1225225615113SRAT0,106.0,2026-02,2026-02-11,11
PCR,GT 2158 ROYL HYU,1325221318095HURL0,720.0,2026-02,2026-02-11,11
PCR,GT 2258 RAN HPE,1325222318098HRHE0,166.0,2026-02,2026-02-11,11
PCR,GT 2267 ROYL HYU,1325221417096HURL0,1214.0,2026-02,2026-02-11,11
PCR,GT 2268 UX1,1325222418104HUX10,174.0,2026-02,2026-02-11,11
PCR,GT 2476 SUP MM,1325224716111SELS0,626.0,2026-02,2026-02-11,11
PCR,GT 2568 HT2,1325225518111HRHB0,470.0,2026-02,2026-02-11,11
PCR,GT 2575 RAN A/T,1325220615106SRAT0,128.0,2026-02,2026-02-11,11
PCR,GT2776 RAN AT,1325223616105TRAT0,266.0,2026-02,2026-02-11,11
PCR,GT  T1457 STAR,1325214617107MSXT0,360.0,2026-02,2026-02-12,12
PCR,GT 1402 XPC TATA,1D25214012008QXPCT,965.0,2026-02,2026-02-12,12
PCR,GT 1412 XPC MM,1D25114012008QXPC0,314.0,2026-02,2026-02-12,12
PCR,GT 1482 UHL,1325214812074TUHL0,358.0,2026-02,2026-02-12,12
PCR,GT 1503 NEO MSIL,1325215813079TUNE3,1498.0,2026-02,2026-02-12,12
PCR,GT 1513 XPC1 MSIL,1D25215013008SXC10,1595.0,2026-02,2026-02-12,12
PCR,GT 1543 XPC1,1D25215013008SXC1T,782.0,2026-02,2026-02-12,12
PCR,GT 1583 NEO TATA,1325215813079TUNE5,406.0,2026-02,2026-02-12,12
PCR,GT 1634 XPC TATA,1D25216814008QXPC0,356.0,2026-02,2026-02-12,12
PCR,GT 1844 XPC TML,1D25218014010RXPCT,350.0,2026-02,2026-02-12,12
PCR,GT 1894 MAX,1325218614088TTMX0,248.0,2026-02,2026-02-12,12
PCR,GT 1925 XPC1,1225219Z15008SXC11,639.0,2026-02,2026-02-12,12
PCR,GT 1975 UX1 EXP,1325219415092VUX10,158.0,2026-02,2026-02-12,12
PCR,GT 1985 UX1 XL,1325219315089VUX1E,136.0,2026-02,2026-02-12,12
PCR,GT 1995 ROYL KIA,1325219515091HURL2,682.0,2026-02,2026-02-12,12
PCR,GT 2075 RAN AT,1225225615113SRAT0,126.0,2026-02,2026-02-12,12
PCR,GT 2158 ROYL HYU,1325221318095HURL0,599.0,2026-02,2026-02-12,12
PCR,GT 2258 RAN HPE,1325222318098HRHE0,126.0,2026-02,2026-02-12,12
PCR,GT 2267 ROYL HYU,1325221417096HURL0,1193.0,2026-02,2026-02-12,12
PCR,GT 2268 UX1,1325222418104HUX10,142.0,2026-02,2026-02-12,12
PCR,GT 2476 SUP MM,1325224716111SELS0,632.0,2026-02,2026-02-12,12
PCR,GT 2568 HT2,1325225518111HRHB0,482.0,2026-02,2026-02-12,12
PCR,GT 2575 RAN A/T,1325220615106SRAT0,134.0,2026-02,2026-02-12,12
PCR,GT2776 RAN AT,1325223616105TRAT0,300.0,2026-02,2026-02-12,12
PCR,GT  T1457 STAR,1325214617107MSXT0,274.0,2026-02,2026-02-13,13
PCR,GT 1402 XPC TATA,1D25214012008QXPCT,982.0,2026-02,2026-02-13,13
PCR,GT 1412 XPC MM,1D25114012008QXPC0,304.0,2026-02,2026-02-13,13
PCR,GT 1482 UHL,1325214812074TUHL0,346.0,2026-02,2026-02-13,13
PCR,GT 1503 NEO MSIL,1325215813079TUNE3,1581.0,2026-02,2026-02-13,13
PCR,GT 1513 XPC1 MSIL,1D25215013008SXC10,1610.0,2026-02,2026-02-13,13
PCR,GT 1543 XPC1,1D25215013008SXC1T,741.0,2026-02,2026-02-13,13
PCR,GT 1583 NEO TATA,1325215813079TUNE5,510.0,2026-02,2026-02-13,13
PCR,GT 1634 XPC TATA,1D25216814008QXPC0,360.0,2026-02,2026-02-13,13
PCR,GT 1844 XPC TML,1D25218014010RXPCT,150.0,2026-02,2026-02-13,13
PCR,GT 1894 MAX,1325218614088TTMX0,360.0,2026-02,2026-02-13,13
PCR,GT 1925 XPC1,1225219Z15008SXC11,666.0,2026-02,2026-02-13,13
PCR,GT 1975 UX1 EXP,1325219415092VUX10,182.0,2026-02,2026-02-13,13
PCR,GT 1985 UX1 XL,1325219315089VUX1E,184.0,2026-02,2026-02-13,13
PCR,GT 1995 ROYL KIA,1325219515091HURL2,759.0,2026-02,2026-02-13,13
PCR,GT 2075 RAN AT,1225225615113SRAT0,122.0,2026-02,2026-02-13,13
PCR,GT 2158 ROYL HYU,1325221318095HURL0,778.0,2026-02,2026-02-13,13
PCR,GT 2258 RAN HPE,1325222318098HRHE0,108.0,2026-02,2026-02-13,13
PCR,GT 2267 ROYL HYU,1325221417096HURL0,1195.0,2026-02,2026-02-13,13
PCR,GT 2448 UX1,1325224118100WUX10,108.0,2026-02,2026-02-13,13
PCR,GT 2476 SUP MM,1325224716111SELS0,596.0,2026-02,2026-02-13,13
PCR,GT 2568 HT2,1325225518111HRHB0,494.0,2026-02,2026-02-13,13
PCR,GT 2575 RAN A/T,1325220615106SRAT0,133.0,2026-02,2026-02-13,13
PCR,GT1814 XPC,1D25218Z14008QXPC0,82.0,2026-02,2026-02-13,13
PCR,GT2776 RAN AT,1325223616105TRAT0,270.0,2026-02,2026-02-13,13
PCR,GT  T1457 STAR,1325214617107MSXT0,374.0,2026-02,2026-02-14,14
PCR,GT 1402 XPC TATA,1D25214012008QXPCT,938.0,2026-02,2026-02-14,14
PCR,GT 1412 XPC MM,1D25114012008QXPC0,298.0,2026-02,2026-02-14,14
PCR,GT 1482 UHL,1325214812074TUHL0,322.0,2026-02,2026-02-14,14
PCR,GT 1503 NEO MSIL,1325215813079TUNE3,1655.0,2026-02,2026-02-14,14
PCR,GT 1513 XPC1 MSIL,1D25215013008SXC10,1760.0,2026-02,2026-02-14,14
PCR,GT 1543 XPC1,1D25215013008SXC1T,484.0,2026-02,2026-02-14,14
PCR,GT 1583 NEO TATA,1325215813079TUNE5,500.0,2026-02,2026-02-14,14
PCR,GT 1634 XPC TATA,1D25216814008QXPC0,388.0,2026-02,2026-02-14,14
PCR,GT 1684 ROYL,1325216814085TURL2,4.0,2026-02,2026-02-14,14
PCR,GT 1844 XPC TML,1D25218014010RXPCT,236.0,2026-02,2026-02-14,14
PCR,GT 1894 MAX,1325218614088TTMX0,168.0,2026-02,2026-02-14,14
PCR,GT 1925 XPC1,1225219Z15008SXC11,674.0,2026-02,2026-02-14,14
PCR,GT 1975 UX1 EXP,1325219415092VUX10,162.0,2026-02,2026-02-14,14
PCR,GT 1985 UX1 XL,1325219315089VUX1E,20.0,2026-02,2026-02-14,14
PCR,GT 1995 ROYL KIA,1325219515091HURL2,813.0,2026-02,2026-02-14,14
PCR,GT 2075 RAN AT,1225225615113SRAT0,107.0,2026-02,2026-02-14,14
PCR,GT 2158 ROYL HYU,1325221318095HURL0,687.0,2026-02,2026-02-14,14
PCR,GT 2258 RAN HPE,1325222318098HRHE0,16.0,2026-02,2026-02-14,14
PCR,GT 2267 ROYL HYU,1325221417096HURL0,1187.0,2026-02,2026-02-14,14
PCR,GT 2448 UX1,1325224118100WUX10,182.0,2026-02,2026-02-14,14
PCR,GT 2476 SUP MM,1325224716111SELS0,448.0,2026-02,2026-02-14,14
PCR,GT 2568 HT2,1325225518111HRHB0,452.0,2026-02,2026-02-14,14
PCR,GT 2575 RAN A/T,1325220615106SRAT0,102.0,2026-02,2026-02-14,14
PCR,GT 2666 RAN HT,1325226616111TRHT0,142.0,2026-02,2026-02-14,14
PCR,GT1814 XPC,1D25218Z14008QXPC0,122.0,2026-02,2026-02-14,14
PCR,GT2776 RAN AT,1325223616105TRAT0,208.0,2026-02,2026-02-14,14
PCR,GT  T1457 STAR,1325214617107MSXT0,348.0,2026-02,2026-02-15,15
PCR,GT 1402 XPC TATA,1D25214012008QXPCT,874.0,2026-02,2026-02-15,15
PCR,GT 1412 XPC MM,1D25114012008QXPC0,304.0,2026-02,2026-02-15,15
PCR,GT 1482 UHL,1325214812074TUHL0,339.0,2026-02,2026-02-15,15
PCR,GT 1503 NEO MSIL,1325215813079TUNE3,1575.0,2026-02,2026-02-15,15
PCR,GT 1513 XPC1 MSIL,1D25215013008SXC10,2273.0,2026-02,2026-02-15,15
PCR,GT 1583 NEO TATA,1325215813079TUNE5,458.0,2026-02,2026-02-15,15
PCR,GT 1634 XPC TATA,1D25216814008QXPC0,438.0,2026-02,2026-02-15,15
PCR,GT 1684 ROYL,1325216814085TURL2,168.0,2026-02,2026-02-15,15
PCR,GT 1844 XPC TML,1D25218014010RXPCT,212.0,2026-02,2026-02-15,15
PCR,GT 1894 MAX,1325218614088TTMX0,334.0,2026-02,2026-02-15,15
PCR,GT 1925 XPC1,1225219Z15008SXC11,662.0,2026-02,2026-02-15,15
PCR,GT 1975 UX1 EXP,1325219415092VUX10,188.0,2026-02,2026-02-15,15
PCR,GT 1995 ROYL KIA,1325219515091HURL2,967.0,2026-02,2026-02-15,15
PCR,GT 2075 RAN AT,1225225615113SRAT0,19.0,2026-02,2026-02-15,15
PCR,GT 2158 ROYL HYU,1325221318095HURL0,738.0,2026-02,2026-02-15,15
PCR,GT 2258 RAN HPE,1325222318098HRHE0,86.0,2026-02,2026-02-15,15
PCR,GT 2267 ROYL HYU,1325221417096HURL0,1120.0,2026-02,2026-02-15,15
PCR,GT 2476 SUP MM,1325224716111SELS0,420.0,2026-02,2026-02-15,15
PCR,GT 2568 HT2,1325225518111HRHB0,486.0,2026-02,2026-02-15,15
PCR,GT 2575 RAN A/T,1325220615106SRAT0,138.0,2026-02,2026-02-15,15
PCR,GT 2666 RAN HT,1325226616111TRHT0,120.0,2026-02,2026-02-15,15
PCR,GT 2775 RAN XAT,1325223715104RRXT0,66.0,2026-02,2026-02-15,15
PCR,GT1814 XPC,1D25218Z14008QXPC0,65.0,2026-02,2026-02-15,15
PCR,GT2776 RAN AT,1325223616105TRAT0,254.0,2026-02,2026-02-15,15
PCR,GT  T1457 STAR,1325214617107MSXT0,374.0,2026-02,2026-02-16,16
PCR,GT 1402 XPC TATA,1D25214012008QXPCT,983.0,2026-02,2026-02-16,16
PCR,GT 1412 XPC MM,1D25114012008QXPC0,312.0,2026-02,2026-02-16,16
PCR,GT 1482 UHL,1325214812074TUHL0,360.0,2026-02,2026-02-16,16
PCR,GT 1503 NEO MSIL,1325215813079TUNE3,1621.0,2026-02,2026-02-16,16
PCR,GT 1513 XPC1 MSIL,1D25215013008SXC10,2360.0,2026-02,2026-02-16,16
PCR,GT 1583 NEO TATA,1325215813079TUNE5,524.0,2026-02,2026-02-16,16
PCR,GT 1634 XPC TATA,1D25216814008QXPC0,443.0,2026-02,2026-02-16,16
PCR,GT 1684 ROYL,1325216814085TURL2,3.0,2026-02,2026-02-16,16
PCR,GT 1844 XPC TML,1D25218014010RXPCT,235.0,2026-02,2026-02-16,16
PCR,GT 1894 MAX,1325218614088TTMX0,378.0,2026-02,2026-02-16,16
PCR,GT 1925 XPC1,1225219Z15008SXC11,660.0,2026-02,2026-02-16,16
PCR,GT 1975 UX1 EXP,1325219415092VUX10,158.0,2026-02,2026-02-16,16
PCR,GT 1995 ROYL KIA,1325219515091HURL2,923.0,2026-02,2026-02-16,16
PCR,GT 2158 ROYL HYU,1325221318095HURL0,902.0,2026-02,2026-02-16,16
PCR,GT 2267 ROYL HYU,1325221417096HURL0,1267.0,2026-02,2026-02-16,16
PCR,GT 2476 SUP MM,1325224716111SELS0,426.0,2026-02,2026-02-16,16
PCR,GT 2568 HT2,1325225518111HRHB0,480.0,2026-02,2026-02-16,16
PCR,GT 2575 RAN A/T,1325220615106SRAT0,64.0,2026-02,2026-02-16,16
PCR,GT 2617 RAN XAT,1325226517112HRXT0,58.0,2026-02,2026-02-16,16
PCR,GT 2666 RAN HT,1325226616111TRHT0,135.0,2026-02,2026-02-16,16
PCR,GT 2775 RAN XAT,1325223715104RRXT0,132.0,2026-02,2026-02-16,16
PCR,GT1814 XPC,1D25218Z14008QXPC0,120.0,2026-02,2026-02-16,16
PCR,GT2776 RAN AT,1325223616105TRAT0,285.0,2026-02,2026-02-16,16
PCR,GT  T1457 STAR,1325214617107MSXT0,386.0,2026-02,2026-02-17,17
PCR,GT 1402 XPC TATA,1D25214012008QXPCT,1027.0,2026-02,2026-02-17,17
PCR,GT 1412 XPC MM,1D25114012008QXPC0,80.0,2026-02,2026-02-17,17
PCR,GT 1482 UHL,1325214812074TUHL0,321.0,2026-02,2026-02-17,17
PCR,GT 1503 NEO MSIL,1325215813079TUNE3,1641.0,2026-02,2026-02-17,17
PCR,GT 1513 XPC1 MSIL,1D25215013008SXC10,2250.0,2026-02,2026-02-17,17
PCR,GT 1583 NEO TATA,1325215813079TUNE5,480.0,2026-02,2026-02-17,17
PCR,GT 1634 XPC TATA,1D25216814008QXPC0,446.0,2026-02,2026-02-17,17
PCR,GT 1844 XPC TML,1D25218014010RXPCT,226.0,2026-02,2026-02-17,17
PCR,GT 1894 MAX,1325218614088TTMX0,388.0,2026-02,2026-02-17,17
PCR,GT 1925 XPC1,1225219Z15008SXC11,677.0,2026-02,2026-02-17,17
PCR,GT 1975 UX1 EXP,1325219415092VUX10,164.0,2026-02,2026-02-17,17
PCR,GT 1995 ROYL KIA,1325219515091HURL2,960.0,2026-02,2026-02-17,17
PCR,GT 2158 ROYL HYU,1325221318095HURL0,874.0,2026-02,2026-02-17,17
PCR,GT 2267 ROYL HYU,1325221417096HURL0,1199.0,2026-02,2026-02-17,17
PCR,GT 2476 SUP MM,1325224716111SELS0,343.0,2026-02,2026-02-17,17
PCR,GT 2568 HT2,1325225518111HRHB0,472.0,2026-02,2026-02-17,17
PCR,GT 2617 RAN XAT,1325226517112HRXT0,160.0,2026-02,2026-02-17,17
PCR,GT 2666 RAN HT,1325226616111TRHT0,142.0,2026-02,2026-02-17,17
PCR,GT 2755 BLA HT,1325223715105TBHT0,86.0,2026-02,2026-02-17,17
PCR,GT 2775 RAN XAT,1325223715104RRXT0,124.0,2026-02,2026-02-17,17
PCR,GT1814 XPC,1D25218Z14008QXPC0,122.0,2026-02,2026-02-17,17
PCR,GT2776 RAN AT,1325223616105TRAT0,302.0,2026-02,2026-02-17,17
PCR,GT  T1457 STAR,1325214617107MSXT0,370.0,2026-02,2026-02-18,18
PCR,GT 1402 XPC TATA,1D25214012008QXPCT,1134.0,2026-02,2026-02-18,18
PCR,GT 1482 UHL,1325214812074TUHL0,336.0,2026-02,2026-02-18,18
PCR,GT 1503 NEO MSIL,1325215813079TUNE3,1622.0,2026-02,2026-02-18,18
PCR,GT 1513 XPC1 MSIL,1D25215013008SXC10,2404.0,2026-02,2026-02-18,18
PCR,GT 1583 NEO TATA,1325215813079TUNE5,440.0,2026-02,2026-02-18,18
PCR,GT 1634 XPC TATA,1D25216814008QXPC0,442.0,2026-02,2026-02-18,18
PCR,GT 1844 XPC TML,1D25218014010RXPCT,234.0,2026-02,2026-02-18,18
PCR,GT 1894 MAX,1325218614088TTMX0,362.0,2026-02,2026-02-18,18
PCR,GT 1925 XPC1,1225219Z15008SXC11,651.0,2026-02,2026-02-18,18
PCR,GT 1975 UX1 EXP,1325219415092VUX10,153.0,2026-02,2026-02-18,18
PCR,GT 1995 ROYL KIA,1325219515091HURL2,882.0,2026-02,2026-02-18,18
PCR,GT 2158 ROYL HYU,1325221318095HURL0,914.0,2026-02,2026-02-18,18
PCR,GT 2267 ROYL HYU,1325221417096HURL0,1202.0,2026-02,2026-02-18,18
PCR,GT 2476 SUP MM,1325224716111SELS0,442.0,2026-02,2026-02-18,18
PCR,GT 2568 HT2,1325225518111HRHB0,492.0,2026-02,2026-02-18,18
PCR,GT 2617 RAN XAT,1325226517112HRXT0,152.0,2026-02,2026-02-18,18
PCR,GT 2666 RAN HT,1325226616111TRHT0,94.0,2026-02,2026-02-18,18
PCR,GT 2755 BLA HT,1325223715105TBHT0,57.0,2026-02,2026-02-18,18
PCR,GT 2775 RAN XAT,1325223715104RRXT0,42.0,2026-02,2026-02-18,18
PCR,GT1814 XPC,1D25218Z14008QXPC0,120.0,2026-02,2026-02-18,18
PCR,GT1915 LT XPC1,1225219Z15008SXC10,44.0,2026-02,2026-02-18,18
PCR,GT2776 RAN AT,1325223616105TRAT0,298.0,2026-02,2026-02-18,18
PCR,GT  T1457 STAR,1325214617107MSXT0,262.0,2026-02,2026-02-19,19
PCR,GT 1402 XPC TATA,1D25214012008QXPCT,1255.0,2026-02,2026-02-19,19
PCR,GT 1482 UHL,1325214812074TUHL0,312.0,2026-02,2026-02-19,19
PCR,GT 1492 UHL,1325114812074TUHL0,1.0,2026-02,2026-02-19,19
PCR,GT 1503 NEO MSIL,1325215813079TUNE3,1626.0,2026-02,2026-02-19,19
PCR,GT 1513 XPC1 MSIL,1D25215013008SXC10,2306.0,2026-02,2026-02-19,19
PCR,GT 1583 NEO TATA,1325215813079TUNE5,498.0,2026-02,2026-02-19,19
PCR,GT 1634 XPC TATA,1D25216814008QXPC0,444.0,2026-02,2026-02-19,19
PCR,GT 1844 XPC TML,1D25218014010RXPCT,242.0,2026-02,2026-02-19,19
PCR,GT 1865 ROYL RENO,1325218515088TURL1,40.0,2026-02,2026-02-19,19
PCR,GT 1894 MAX,1325218614088TTMX0,380.0,2026-02,2026-02-19,19
PCR,GT 1925 XPC1,1225219Z15008SXC11,642.0,2026-02,2026-02-19,19
PCR,GT 1975 UX1 EXP,1325219415092VUX10,191.0,2026-02,2026-02-19,19
PCR,GT 1995 ROYL KIA,1325219515091HURL2,968.0,2026-02,2026-02-19,19
PCR,GT 2126 ROYL,1325221516098HURL0,64.0,2026-02,2026-02-19,19
PCR,GT 2158 ROYL HYU,1325221318095HURL0,936.0,2026-02,2026-02-19,19
PCR,GT 2267 ROYL HYU,1325221417096HURL0,1206.0,2026-02,2026-02-19,19
PCR,GT 2476 SUP MM,1325224716111SELS0,485.0,2026-02,2026-02-19,19
PCR,GT 2568 HT2,1325225518111HRHB0,466.0,2026-02,2026-02-19,19
PCR,GT 2617 RAN XAT,1325226517112HRXT0,162.0,2026-02,2026-02-19,19
PCR,GT 2666 RAN HT,1325226616111TRHT0,46.0,2026-02,2026-02-19,19
PCR,GT1814 XPC,1D25218Z14008QXPC0,120.0,2026-02,2026-02-19,19
PCR,GT1915 LT XPC1,1225219Z15008SXC10,388.0,2026-02,2026-02-19,19
PCR,GT2776 RAN AT,1325223616105TRAT0,148.0,2026-02,2026-02-19,19
PCR,GT  T1457 STAR,1325214617107MSXT0,324.0,2026-02,2026-02-20,20
PCR,GT 1402 XPC TATA,1D25214012008QXPCT,1227.0,2026-02,2026-02-20,20
PCR,GT 1482 UHL,1325214812074TUHL0,354.0,2026-02,2026-02-20,20
PCR,GT 1503 NEO MSIL,1325215813079TUNE3,1544.0,2026-02,2026-02-20,20
PCR,GT 1513 XPC1 MSIL,1D25215013008SXC10,2136.0,2026-02,2026-02-20,20
PCR,GT 1543 XPC1,1D25215013008SXC1T,202.0,2026-02,2026-02-20,20
PCR,GT 1583 NEO TATA,1325215813079TUNE5,494.0,2026-02,2026-02-20,20
PCR,GT 1634 XPC TATA,1D25216814008QXPC0,444.0,2026-02,2026-02-20,20
PCR,GT 1844 XPC TML,1D25218014010RXPCT,234.0,2026-02,2026-02-20,20
PCR,GT 1865 ROYL RENO,1325218515088TURL1,75.0,2026-02,2026-02-20,20
PCR,GT 1894 MAX,1325218614088TTMX0,364.0,2026-02,2026-02-20,20
PCR,GT 1925 XPC1,1225219Z15008SXC11,669.0,2026-02,2026-02-20,20
PCR,GT 1975 UX1 EXP,1325219415092VUX10,170.0,2026-02,2026-02-20,20
PCR,GT 1995 ROYL KIA,1325219515091HURL2,970.0,2026-02,2026-02-20,20
PCR,GT 2126 ROYL,1325221516098HURL0,148.0,2026-02,2026-02-20,20
PCR,GT 2158 ROYL HYU,1325221318095HURL0,919.0,2026-02,2026-02-20,20
PCR,GT 2267 ROYL HYU,1325221417096HURL0,1210.0,2026-02,2026-02-20,20
PCR,GT 2476 SUP MM,1325224716111SELS0,619.0,2026-02,2026-02-20,20
PCR,GT 2568 HT2,1325225518111HRHB0,382.0,2026-02,2026-02-20,20
PCR,GT 2617 RAN XAT,1325226517112HRXT0,37.0,2026-02,2026-02-20,20
PCR,GT1814 XPC,1D25218Z14008QXPC0,112.0,2026-02,2026-02-20,20
PCR,GT1915 LT XPC1,1225219Z15008SXC10,366.0,2026-02,2026-02-20,20
PCR,GT2266 RAN HT,1325221516098HRHT0,102.0,2026-02,2026-02-20,20
PCR,GT  T1457 STAR,1325214617107MSXT0,374.0,2026-02,2026-02-21,21
PCR,GT 1402 XPC TATA,1D25214012008QXPCT,1162.0,2026-02,2026-02-21,21
PCR,GT 1482 UHL,1325214812074TUHL0,333.0,2026-02,2026-02-21,21
PCR,GT 1503 NEO MSIL,1325215813079TUNE3,1591.0,2026-02,2026-02-21,21
PCR,GT 1513 XPC1 MSIL,1D25215013008SXC10,1780.0,2026-02,2026-02-21,21
PCR,GT 1543 XPC1,1D25215013008SXC1T,748.0,2026-02,2026-02-21,21
PCR,GT 1583 NEO TATA,1325215813079TUNE5,176.0,2026-02,2026-02-21,21
PCR,GT 1634 XPC TATA,1D25216814008QXPC0,446.0,2026-02,2026-02-21,21
PCR,GT 1844 XPC TML,1D25218014010RXPCT,244.0,2026-02,2026-02-21,21
PCR,GT 1894 MAX,1325218614088TTMX0,187.0,2026-02,2026-02-21,21
PCR,GT 1925 XPC1,1225219Z15008SXC11,676.0,2026-02,2026-02-21,21
PCR,GT 1975 UX1 EXP,1325219415092VUX10,176.0,2026-02,2026-02-21,21
PCR,GT 1995 ROYL KIA,1325219515091HURL2,537.0,2026-02,2026-02-21,21
PCR,GT 2126 ROYL,1325221516098HURL0,150.0,2026-02,2026-02-21,21
PCR,GT 2158 ROYL HYU,1325221318095HURL0,449.0,2026-02,2026-02-21,21
PCR,GT 2267 ROYL HYU,1325221417096HURL0,1201.0,2026-02,2026-02-21,21
PCR,GT 2408 UX1,1325224018097WUX10,140.0,2026-02,2026-02-21,21
PCR,GT 2476 SUP MM,1325224716111SELS0,622.0,2026-02,2026-02-21,21
PCR,GT 2568 HT2,1325225518111HRHB0,488.0,2026-02,2026-02-21,21
PCR,GT1814 XPC,1D25218Z14008QXPC0,124.0,2026-02,2026-02-21,21
PCR,GT1915 LT XPC1,1225219Z15008SXC10,384.0,2026-02,2026-02-21,21
PCR,GT2266 RAN HT,1325221516098HRHT0,166.0,2026-02,2026-02-21,21
PCR,GT  T1457 STAR,1325214617107MSXT0,370.0,2026-02,2026-02-22,22
PCR,GT 1402 XPC TATA,1D25214012008QXPCT,919.0,2026-02,2026-02-22,22
PCR,GT 1422 MAX,1325214812074TTMX0,54.0,2026-02,2026-02-22,22
PCR,GT 1482 UHL,1325214812074TUHL0,308.0,2026-02,2026-02-22,22
PCR,GT 1503 NEO MSIL,1325215813079TUNE3,1633.0,2026-02,2026-02-22,22
PCR,GT 1513 XPC1 MSIL,1D25215013008SXC10,1000.0,2026-02,2026-02-22,22
PCR,GT 1543 XPC1,1D25215013008SXC1T,1382.0,2026-02,2026-02-22,22
PCR,GT 1583 NEO TATA,1325215813079TUNE5,452.0,2026-02,2026-02-22,22
PCR,GT 1634 XPC TATA,1D25216814008QXPC0,450.0,2026-02,2026-02-22,22
PCR,GT 1844 XPC TML,1D25218014010RXPCT,406.0,2026-02,2026-02-22,22
PCR,GT 1925 XPC1,1225219Z15008SXC11,632.0,2026-02,2026-02-22,22
PCR,GT 1975 UX1 EXP,1325219415092VUX10,196.0,2026-02,2026-02-22,22
PCR,GT 2126 ROYL,1325221516098HURL0,128.0,2026-02,2026-02-22,22
PCR,GT 2158 ROYL HYU,1325221318095HURL0,361.0,2026-02,2026-02-22,22
PCR,GT 2267 ROYL HYU,1325221417096HURL0,764.0,2026-02,2026-02-22,22
PCR,GT 2408 UX1,1325224018097WUX10,110.0,2026-02,2026-02-22,22
PCR,GT 2476 SUP MM,1325224716111SELS0,625.0,2026-02,2026-02-22,22
PCR,GT 2568 HT2,1325225518111HRHB0,483.0,2026-02,2026-02-22,22
PCR,GT1814 XPC,1D25218Z14008QXPC0,116.0,2026-02,2026-02-22,22
PCR,GT1915 LT XPC1,1225219Z15008SXC10,391.0,2026-02,2026-02-22,22
PCR,GT2266 RAN HT,1325221516098HRHT0,162.0,2026-02,2026-02-22,22
PCR,GT  T1457 STAR,1325214617107MSXT0,364.0,2026-02,2026-02-23,23
PCR,GT 1402 XPC TATA,1D25214012008QXPCT,1032.0,2026-02,2026-02-23,23
PCR,GT 1422 MAX,1325214812074TTMX0,25.0,2026-02,2026-02-23,23
PCR,GT 1482 UHL,1325214812074TUHL0,356.0,2026-02,2026-02-23,23
PCR,GT 1503 NEO MSIL,1325215813079TUNE3,1516.0,2026-02,2026-02-23,23
PCR,GT 1513 XPC1 MSIL,1D25215013008SXC10,1940.0,2026-02,2026-02-23,23
PCR,GT 1543 XPC1,1D25215013008SXC1T,341.0,2026-02,2026-02-23,23
PCR,GT 1583 NEO TATA,1325215813079TUNE5,480.0,2026-02,2026-02-23,23
PCR,GT 1634 XPC TATA,1D25216814008QXPC0,446.0,2026-02,2026-02-23,23
PCR,GT 1844 XPC TML,1D25218014010RXPCT,472.0,2026-02,2026-02-23,23
PCR,GT 1916 ROYL,1325219416089HURL1,106.0,2026-02,2026-02-23,23
PCR,GT 1925 XPC1,1225219Z15008SXC11,656.0,2026-02,2026-02-23,23
PCR,GT 1975 UX1 EXP,1325219415092VUX10,90.0,2026-02,2026-02-23,23
PCR,GT 1995 ROYL KIA,1325219515091HURL2,346.0,2026-02,2026-02-23,23
PCR,GT 2126 ROYL,1325221516098HURL0,106.0,2026-02,2026-02-23,23
PCR,GT 2158 ROYL HYU,1325221318095HURL0,608.0,2026-02,2026-02-23,23
PCR,GT 2267 ROYL HYU,1325221417096HURL0,1223.0,2026-02,2026-02-23,23
PCR,GT 2408 UX1,1325224018097WUX10,103.0,2026-02,2026-02-23,23
PCR,GT 2476 SUP MM,1325224716111SELS0,569.0,2026-02,2026-02-23,23
PCR,GT 2568 HT2,1325225518111HRHB0,490.0,2026-02,2026-02-23,23
PCR,GT1814 XPC,1D25218Z14008QXPC0,124.0,2026-02,2026-02-23,23
PCR,GT1915 LT XPC1,1225219Z15008SXC10,383.0,2026-02,2026-02-23,23
PCR,GT2266 RAN HT,1325221516098HRHT0,92.0,2026-02,2026-02-23,23
PCR,GT  T1457 STAR,1325214617107MSXT0,364.0,2026-02,2026-02-24,24
PCR,GT 1402 XPC TATA,1D25214012008QXPCT,1042.0,2026-02,2026-02-24,24
PCR,GT 1422 MAX,1325214812074TTMX0,182.0,2026-02,2026-02-24,24
PCR,GT 1482 UHL,1325214812074TUHL0,345.0,2026-02,2026-02-24,24
PCR,GT 1503 NEO MSIL,1325215813079TUNE3,1406.0,2026-02,2026-02-24,24
PCR,GT 1513 XPC1 MSIL,1D25215013008SXC10,1662.0,2026-02,2026-02-24,24
PCR,GT 1543 XPC1,1D25215013008SXC1T,664.0,2026-02,2026-02-24,24
PCR,GT 1583 NEO TATA,1325215813079TUNE5,475.0,2026-02,2026-02-24,24
PCR,GT 1634 XPC TATA,1D25216814008QXPC0,440.0,2026-02,2026-02-24,24
PCR,GT 1765 ROYL,1325217515084HURL2,200.0,2026-02,2026-02-24,24
PCR,GT 1844 XPC TML,1D25218014010RXPCT,482.0,2026-02,2026-02-24,24
PCR,GT 1916 ROYL,1325219416089HURL1,6.0,2026-02,2026-02-24,24
PCR,GT 1925 XPC1,1225219Z15008SXC11,635.0,2026-02,2026-02-24,24
PCR,GT 1975 UX1 EXP,1325219415092VUX10,86.0,2026-02,2026-02-24,24
PCR,GT 1995 ROYL KIA,1325219515091HURL2,723.0,2026-02,2026-02-24,24
PCR,GT 2158 ROYL HYU,1325221318095HURL0,865.0,2026-02,2026-02-24,24
PCR,GT 2256 ROYL,1325222416098VURL0,118.0,2026-02,2026-02-24,24
PCR,GT 2267 ROYL HYU,1325221417096HURL0,1110.0,2026-02,2026-02-24,24
PCR,GT 2476 SUP MM,1325224716111SELS0,631.0,2026-02,2026-02-24,24
PCR,GT 2568 HT2,1325225518111HRHB0,430.0,2026-02,2026-02-24,24
PCR,GT 2777 BLA HT,1325222517102HBHT0,160.0,2026-02,2026-02-24,24
PCR,GT1814 XPC,1D25218Z14008QXPC0,122.0,2026-02,2026-02-24,24
PCR,GT1915 LT XPC1,1225219Z15008SXC10,380.0,2026-02,2026-02-24,24
PCR,GT2266 RAN HT,1325221516098HRHT0,132.0,2026-02,2026-02-24,24
PCR,GT  T1457 STAR,1325214617107MSXT0,364.0,2026-02,2026-02-25,25
PCR,GT 1402 XPC TATA,1D25214012008QXPCT,1106.0,2026-02,2026-02-25,25
PCR,GT 1422 MAX,1325214812074TTMX0,98.0,2026-02,2026-02-25,25
PCR,GT 1482 UHL,1325214812074TUHL0,350.0,2026-02,2026-02-25,25
PCR,GT 1503 NEO MSIL,1325215813079TUNE3,1466.0,2026-02,2026-02-25,25
PCR,GT 1513 XPC1 MSIL,1D25215013008SXC10,1410.0,2026-02,2026-02-25,25
PCR,GT 1543 XPC1,1D25215013008SXC1T,896.0,2026-02,2026-02-25,25
PCR,GT 1583 NEO TATA,1325215813079TUNE5,513.0,2026-02,2026-02-25,25
PCR,GT 1634 XPC TATA,1D25216814008QXPC0,438.0,2026-02,2026-02-25,25
PCR,GT 1765 ROYL,1325217515084HURL2,404.0,2026-02,2026-02-25,25
PCR,GT 1844 UXT,1325218514086HUTR0,34.0,2026-02,2026-02-25,25
PCR,GT 1844 XPC TML,1D25218014010RXPCT,483.0,2026-02,2026-02-25,25
PCR,GT 1925 XPC1,1225219Z15008SXC11,659.0,2026-02,2026-02-25,25
PCR,GT 1975 UX1 EXP,1325219415092VUX10,158.0,2026-02,2026-02-25,25
PCR,GT 1995 ROYL KIA,1325219515091HURL2,752.0,2026-02,2026-02-25,25
PCR,GT 2158 ROYL HYU,1325221318095HURL0,864.0,2026-02,2026-02-25,25
PCR,GT 2256 ROYL,1325222416098VURL0,176.0,2026-02,2026-02-25,25
PCR,GT 2267 ROYL HYU,1325221417096HURL0,1079.0,2026-02,2026-02-25,25
PCR,GT 2476 SUP MM,1325224716111SELS0,617.0,2026-02,2026-02-25,25
PCR,GT 2568 HT2,1325225518111HRHB0,200.0,2026-02,2026-02-25,25
PCR,GT 2777 BLA HT,1325222517102HBHT0,140.0,2026-02,2026-02-25,25
PCR,GT1814 XPC,1D25218Z14008QXPC0,122.0,2026-02,2026-02-25,25
PCR,GT1914 XPC1,1D25219Z14008SXC10,175.0,2026-02,2026-02-25,25
PCR,GT1915 LT XPC1,1225219Z15008SXC10,360.0,2026-02,2026-02-25,25
PCR,GT2266 RAN HT,1325221516098HRHT0,160.0,2026-02,2026-02-25,25
PCR,GT  T1457 STAR,1325214617107MSXT0,373.0,2026-02,2026-02-26,26
PCR,GT 1402 XPC TATA,1D25214012008QXPCT,1100.0,2026-02,2026-02-26,26
PCR,GT 1422 MAX,1325214812074TTMX0,180.0,2026-02,2026-02-26,26
PCR,GT 1482 UHL,1325214812074TUHL0,344.0,2026-02,2026-02-26,26
PCR,GT 1503 NEO MSIL,1325215813079TUNE3,1624.0,2026-02,2026-02-26,26
PCR,GT 1513 XPC1 MSIL,1D25215013008SXC10,1516.0,2026-02,2026-02-26,26
PCR,GT 1543 XPC1,1D25215013008SXC1T,894.0,2026-02,2026-02-26,26
PCR,GT 1583 NEO TATA,1325215813079TUNE5,506.0,2026-02,2026-02-26,26
PCR,GT 1634 XPC TATA,1D25216814008QXPC0,446.0,2026-02,2026-02-26,26
PCR,GT 1765 ROYL,1325217515084HURL2,490.0,2026-02,2026-02-26,26
PCR,GT 1844 UXT,1325218514086HUTR0,380.0,2026-02,2026-02-26,26
PCR,GT 1844 XPC TML,1D25218014010RXPCT,468.0,2026-02,2026-02-26,26
PCR,GT 1925 XPC1,1225219Z15008SXC11,576.0,2026-02,2026-02-26,26
PCR,GT 1995 ROYL KIA,1325219515091HURL2,792.0,2026-02,2026-02-26,26
PCR,GT 2158 ROYL HYU,1325221318095HURL0,947.0,2026-02,2026-02-26,26
PCR,GT 2256 ROYL,1325222416098VURL0,176.0,2026-02,2026-02-26,26
PCR,GT 2267 ROYL HYU,1325221417096HURL0,1099.0,2026-02,2026-02-26,26
PCR,GT 2476 SUP MM,1325224716111SELS0,624.0,2026-02,2026-02-26,26
PCR,GT1564 NEO,1325215514075TUNE0,78.0,2026-02,2026-02-26,26
PCR,GT1814 XPC,1D25218Z14008QXPC0,119.0,2026-02,2026-02-26,26
PCR,GT1914 XPC1,1D25219Z14008SXC10,284.0,2026-02,2026-02-26,26
PCR,GT1915 LT XPC1,1225219Z15008SXC10,304.0,2026-02,2026-02-26,26
PCR,GT  T1457 STAR,1325214617107MSXT0,336.0,2026-02,2026-02-27,27
PCR,GT 1402 XPC TATA,1D25214012008QXPCT,1062.0,2026-02,2026-02-27,27
PCR,GT 1422 MAX,1325214812074TTMX0,100.0,2026-02,2026-02-27,27
PCR,GT 1482 UHL,1325214812074TUHL0,294.0,2026-02,2026-02-27,27
PCR,GT 1503 NEO MSIL,1325215813079TUNE3,1483.0,2026-02,2026-02-27,27
PCR,GT 1513 XPC1 MSIL,1D25215013008SXC10,2128.0,2026-02,2026-02-27,27
PCR,GT 1543 XPC1,1D25215013008SXC1T,343.0,2026-02,2026-02-27,27
PCR,GT 1583 NEO TATA,1325215813079TUNE5,527.0,2026-02,2026-02-27,27
PCR,GT 1634 XPC TATA,1D25216814008QXPC0,450.0,2026-02,2026-02-27,27
PCR,GT 1765 ROYL,1325217515084HURL2,570.0,2026-02,2026-02-27,27
PCR,GT 1844 UXT,1325218514086HUTR0,334.0,2026-02,2026-02-27,27
PCR,GT 1844 XPC TML,1D25218014010RXPCT,475.0,2026-02,2026-02-27,27
PCR,GT 1925 XPC1,1225219Z15008SXC11,502.0,2026-02,2026-02-27,27
PCR,GT 1995 ROYL KIA,1325219515091HURL2,722.0,2026-02,2026-02-27,27
PCR,GT 2158 ROYL HYU,1325221318095HURL0,945.0,2026-02,2026-02-27,27
PCR,GT 2256 ROYL,1325222416098VURL0,176.0,2026-02,2026-02-27,27
PCR,GT 2267 ROYL HYU,1325221417096HURL0,1201.0,2026-02,2026-02-27,27
PCR,GT 2476 SUP MM,1325224716111SELS0,628.0,2026-02,2026-02-27,27
PCR,GT1564 NEO,1325215514075TUNE0,178.0,2026-02,2026-02-27,27
PCR,GT1814 XPC,1D25218Z14008QXPC0,76.0,2026-02,2026-02-27,27
PCR,GT1914 XPC1,1D25219Z14008SXC10,275.0,2026-02,2026-02-27,27
PCR,GT1915 LT XPC1,1225219Z15008SXC10,381.0,2026-02,2026-02-27,27
PCR,GT  T1457 STAR,1325214617107MSXT0,182.0,2026-02,2026-02-28,28
PCR,GT 1402 XPC TATA,1D25214012008QXPCT,964.0,2026-02,2026-02-28,28
PCR,GT 1422 MAX,1325214812074TTMX0,86.0,2026-02,2026-02-28,28
PCR,GT 1482 UHL,1325214812074TUHL0,416.0,2026-02,2026-02-28,28
PCR,GT 1503 NEO MSIL,1325215813079TUNE3,1583.0,2026-02,2026-02-28,28
PCR,GT 1513 XPC1 MSIL,1D25215013008SXC10,2506.0,2026-02,2026-02-28,28
PCR,GT 1583 NEO TATA,1325215813079TUNE5,534.0,2026-02,2026-02-28,28
PCR,GT 1634 XPC TATA,1D25216814008QXPC0,388.0,2026-02,2026-02-28,28
PCR,GT 1765 ROYL,1325217515084HURL2,304.0,2026-02,2026-02-28,28
PCR,GT 1844 UXT,1325218514086HUTR0,209.0,2026-02,2026-02-28,28
PCR,GT 1844 XPC TML,1D25218014010RXPCT,445.0,2026-02,2026-02-28,28
PCR,GT 1925 XPC1,1225219Z15008SXC11,436.0,2026-02,2026-02-28,28
PCR,GT 1995 ROYL KIA,1325219515091HURL2,699.0,2026-02,2026-02-28,28
PCR,GT 2158 ROYL HYU,1325221318095HURL0,913.0,2026-02,2026-02-28,28
PCR,GT 2256 ROYL,1325222416098VURL0,103.0,2026-02,2026-02-28,28
PCR,GT 2267 ROYL HYU,1325221417096HURL0,1275.0,2026-02,2026-02-28,28
PCR,GT 2367 RAN XATW,1325223517104TRXT0,40.0,2026-02,2026-02-28,28
PCR,GT 2476 SUP MM,1325224716111SELS0,628.0,2026-02,2026-02-28,28
PCR,GT 2676 RAN MT,1325226716123KRMT0,58.0,2026-02,2026-02-28,28
PCR,GT1564 NEO,1325215514075TUNE0,164.0,2026-02,2026-02-28,28
PCR,GT1814 XPC,1D25218Z14008QXPC0,108.0,2026-02,2026-02-28,28
PCR,GT1914 XPC1,1D25219Z14008SXC10,144.0,2026-02,2026-02-28,28
PCR,GT1915 LT XPC1,1225219Z15008SXC10,383.0,2026-02,2026-02-28,28
TBR,10.00 R 20 JDE,1121129A20000JDEP0,316.0,2026-02,2026-02-01,1
TBR,10.00 R 20 JUH3+,1122110020016KH3P0,413.0,2026-02,2026-02-01,1
TBR,10.00 R 20 JUH5,1122110020016KUH50,344.0,2026-02,2026-02-01,1
TBR,10.00R 20 JW302,1123129A20152JUCM0,132.0,2026-02,2026-02-01,1
TBR,10.00R20CDU,1153110020016KCDUC,44.0,2026-02,2026-02-01,1
TBR,11.00R20 JUH5,1122111020016KUH50,104.0,2026-02,2026-02-01,1
TBR,11.00R20JDE++,1121111020016KDEP0,86.0,2026-02,2026-02-01,1
TBR,11R22.5JUC,112321102C016LJUC0,46.0,2026-02,2026-02-01,1
TBR,275/70R22.5JTH1,115222762C016LTH10,52.0,2026-02,2026-02-01,1
TBR,295/75R22.5JTHSD,115222972C014LJTS0,40.0,2026-02,2026-02-01,1
TBR,295/90R20 JDE++ (RS),1121129A20000JDEPM,76.0,2026-02,2026-02-01,1
TBR,315/70R22.5JDL3,115123162C018LDL30,12.0,2026-02,2026-02-01,1
TBR,315/80R22.5JDL3,115123182C018LDL30,88.0,2026-02,2026-02-01,1
TBR,315/80R22.5JUC4,115323182C018LUC40,44.0,2026-02,2026-02-01,1
TBR,315/80R22.5JUL4,115223182C018LUL40,42.0,2026-02,2026-02-01,1
TBR,385/55R22.5JTL,115223832C020KJTL0,38.0,2026-02,2026-02-01,1
TBR,8.25R20JDE++,1121182020016KDEP0,208.0,2026-02,2026-02-01,1
TBR,8.25R20JUH5,1122182020016KUH50,208.0,2026-02,2026-02-01,1
TBR,9.00 R 20 JDE++,1121190020016KDEP0,83.0,2026-02,2026-02-01,1
TBR,GT 5018 - 9.00R20 JUC2,1123190020016KJC20,6.0,2026-02,2026-02-01,1
TBR,GT 5075 - 295/90R20 JUH XF,1122129A20152JULF0,138.0,2026-02,2026-02-01,1
TBR,GT 5076 - 295/90R20 JDE XF,1121129A20152JDLF0,142.0,2026-02,2026-02-01,1
TBR,GT 5078 - 295/80R22.5 JUX E,112222982C016JUXE0,86.0,2026-02,2026-02-01,1
TBR,GT 5083 - 295/80R22.5 JUM XM,112222982C016MJXM0,122.0,2026-02,2026-02-01,1
TBR,GT 5095 - 11.00R20 JUC3,1123111020016KJC30,86.0,2026-02,2026-02-01,1
TBR,GT 5096 - 11.00R20 JDC XD,1121111020016KCXD0,228.0,2026-02,2026-02-01,1
TBR,GT 5101 - 11.00R20 JS114,1121111020016K1141,20.0,2026-02,2026-02-01,1
TBR,GT 5103 - 295/80R22.5 JUM XM OEM,112222982C152MJXM0,88.0,2026-02,2026-02-01,1
TBR,GT 5113 - 295/80R22.5 JDC XD,115122982C018KCXD0,14.0,2026-02,2026-02-01,1
TBR,10.00 R 20 JDE,1121129A20000JDEP0,358.0,2026-02,2026-02-02,2
TBR,10.00 R 20 JUH3+,1122110020016KH3P0,414.0,2026-02,2026-02-02,2
TBR,10.00 R 20 JUH5,1122110020016KUH50,374.0,2026-02,2026-02-02,2
TBR,10.00R 20 JW302,1123129A20152JUCM0,112.0,2026-02,2026-02-02,2
TBR,10.00R20CDU,1153110020016KCDUC,20.0,2026-02,2026-02-02,2
TBR,11.00R20 JUH5,1122111020016KUH50,132.0,2026-02,2026-02-02,2
TBR,11.00R20JDE++,1121111020016KDEP0,84.0,2026-02,2026-02-02,2
TBR,11R22.5JUC,112321102C016LJUC0,28.0,2026-02,2026-02-02,2
TBR,275/70R22.5JTH1,115222762C016LTH10,18.0,2026-02,2026-02-02,2
TBR,295/75R22.5JTHSD,115222972C014LJTS0,70.0,2026-02,2026-02-02,2
TBR,295/90R20 JDE++ (RS),1121129A20000JDEPM,34.0,2026-02,2026-02-02,2
TBR,315/70R22.5JDL3,115123162C018LDL30,42.0,2026-02,2026-02-02,2
TBR,315/80R22.5JDL3,115123182C018LDL30,82.0,2026-02,2026-02-02,2
TBR,315/80R22.5JUC4,115323182C018LUC40,46.0,2026-02,2026-02-02,2
TBR,315/80R22.5JUL4,115223182C018LUL40,36.0,2026-02,2026-02-02,2
TBR,385/55R22.5JTL,115223832C020KJTL0,30.0,2026-02,2026-02-02,2
TBR,8.25R20JDE++,1121182020016KDEP0,254.0,2026-02,2026-02-02,2
TBR,8.25R20JUH5,1122182020016KUH50,168.0,2026-02,2026-02-02,2
TBR,9.00 R 20 JDE++,1121190020016KDEP0,82.0,2026-02,2026-02-02,2
TBR,GT 5018 - 9.00R20 JUC2,1123190020016KJC20,40.0,2026-02,2026-02-02,2
TBR,GT 5075 - 295/90R20 JUH XF,1122129A20152JULF0,138.0,2026-02,2026-02-02,2
TBR,GT 5076 - 295/90R20 JDE XF,1121129A20152JDLF0,188.0,2026-02,2026-02-02,2
TBR,GT 5078 - 295/80R22.5 JUX E,112222982C016JUXE0,88.0,2026-02,2026-02-02,2
TBR,GT 5083 - 295/80R22.5 JUM XM,112222982C016MJXM0,140.0,2026-02,2026-02-02,2
TBR,GT 5095 - 11.00R20 JUC3,1123111020016KJC30,88.0,2026-02,2026-02-02,2
TBR,GT 5096 - 11.00R20 JDC XD,1121111020016KCXD0,216.0,2026-02,2026-02-02,2
TBR,GT 5101 - 11.00R20 JS114,1121111020016K1141,34.0,2026-02,2026-02-02,2
TBR,GT 5103 - 295/80R22.5 JUM XM OEM,112222982C152MJXM0,94.0,2026-02,2026-02-02,2
TBR,GT 5113 - 295/80R22.5 JDC XD,115122982C018KCXD0,35.0,2026-02,2026-02-02,2
TBR,GT 5114 - 315/80R22.5 JDC XD,115123182C020KCXD0,36.0,2026-02,2026-02-02,2
TBR,10.00 R 20 JDE,1121129A20000JDEP0,366.0,2026-02,2026-02-03,3
TBR,10.00 R 20 JUH3+,1122110020016KH3P0,397.0,2026-02,2026-02-03,3
TBR,10.00 R 20 JUH5,1122110020016KUH50,381.0,2026-02,2026-02-03,3
TBR,10.00R 20 JW302,1123129A20152JUCM0,92.0,2026-02,2026-02-03,3
TBR,10.00R20JUC,1123110020016KJUC0,12.0,2026-02,2026-02-03,3
TBR,11.00R20 JUH5,1122111020016KUH50,106.0,2026-02,2026-02-03,3
TBR,11.00R20JDE++,1121111020016KDEP0,86.0,2026-02,2026-02-03,3
TBR,11R22.5JUC,112321102C016LJUC0,44.0,2026-02,2026-02-03,3
TBR,275/70R22.5JTH1,115222762C016LTH10,56.0,2026-02,2026-02-03,3
TBR,295/75R22.5JTHSD,115222972C014LJTS0,114.0,2026-02,2026-02-03,3
TBR,295/80R22.5JUL1,112222982C016MJUM0,2.0,2026-02,2026-02-03,3
TBR,295/90R20 JDE++ (RS),1121129A20000JDEPM,34.0,2026-02,2026-02-03,3
TBR,315/70R22.5JDL3,115123162C018LDL30,14.0,2026-02,2026-02-03,3
TBR,315/80R22.5JDL3,115123182C018LDL30,78.0,2026-02,2026-02-03,3
TBR,315/80R22.5JUC4,115323182C018LUC40,36.0,2026-02,2026-02-03,3
TBR,315/80R22.5JUL4,115223182C018LUL40,2.0,2026-02,2026-02-03,3
TBR,385/55R22.5JTL,115223832C020KJTL0,46.0,2026-02,2026-02-03,3
TBR,8.25R20JDE++,1121182020016KDEP0,236.0,2026-02,2026-02-03,3
TBR,8.25R20JUH5,1122182020016KUH50,208.0,2026-02,2026-02-03,3
TBR,9.00 R 20 JDE++,1121190020016KDEP0,91.0,2026-02,2026-02-03,3
TBR,GT 5018 - 9.00R20 JUC2,1123190020016KJC20,34.0,2026-02,2026-02-03,3
TBR,GT 5075 - 295/90R20 JUH XF,1122129A20152JULF0,144.0,2026-02,2026-02-03,3
TBR,GT 5076 - 295/90R20 JDE XF,1121129A20152JDLF0,190.0,2026-02,2026-02-03,3
TBR,GT 5078 - 295/80R22.5 JUX E,112222982C016JUXE0,112.0,2026-02,2026-02-03,3
TBR,GT 5083 - 295/80R22.5 JUM XM,112222982C016MJXM0,101.0,2026-02,2026-02-03,3
TBR,GT 5095 - 11.00R20 JUC3,1123111020016KJC30,78.0,2026-02,2026-02-03,3
TBR,GT 5096 - 11.00R20 JDC XD,1121111020016KCXD0,232.0,2026-02,2026-02-03,3
TBR,GT 5101 - 11.00R20 JS114,1121111020016K1141,46.0,2026-02,2026-02-03,3
TBR,GT 5103 - 295/80R22.5 JUM XM OEM,112222982C152MJXM0,72.0,2026-02,2026-02-03,3
TBR,GT 5114 - 315/80R22.5 JDC XD,115123182C020KCXD0,1.0,2026-02,2026-02-03,3
TBR,10.00 R 20 JDE,1121129A20000JDEP0,357.0,2026-02,2026-02-04,4
TBR,10.00 R 20 JUH3+,1122110020016KH3P0,385.0,2026-02,2026-02-04,4
TBR,10.00 R 20 JUH5,1122110020016KUH50,340.0,2026-02,2026-02-04,4
TBR,10.00R 20 JW302,1123129A20152JUCM0,128.0,2026-02,2026-02-04,4
TBR,10.00R20JUC,1123110020016KJUC0,26.0,2026-02,2026-02-04,4
TBR,11.00R20 JUH5,1122111020016KUH50,132.0,2026-02,2026-02-04,4
TBR,11.00R20JDE++,1121111020016KDEP0,56.0,2026-02,2026-02-04,4
TBR,11R22.5JUC,112321102C016LJUC0,14.0,2026-02,2026-02-04,4
TBR,275/70R22.5JTH1,115222762C016LTH10,52.0,2026-02,2026-02-04,4
TBR,295/75R22.5JTHSD,115222972C014LJTS0,30.0,2026-02,2026-02-04,4
TBR,295/80R22.5JDL,112122982C016MJDL0,12.0,2026-02,2026-02-04,4
TBR,295/80R22.5JUL1,112222982C016MJUM0,40.0,2026-02,2026-02-04,4
TBR,295/90R20 JDE++ (RS),1121129A20000JDEPM,38.0,2026-02,2026-02-04,4
TBR,315/70R22.5JDL3,115123162C018LDL30,46.0,2026-02,2026-02-04,4
TBR,315/80R22.5JDL3,115123182C018LDL30,80.0,2026-02,2026-02-04,4
TBR,315/80R22.5JUC4,115323182C018LUC40,38.0,2026-02,2026-02-04,4
TBR,385/55R22.5JTL,115223832C020KJTL0,33.0,2026-02,2026-02-04,4
TBR,8.25R20JDE++,1121182020016KDEP0,254.0,2026-02,2026-02-04,4
TBR,8.25R20JUH5,1122182020016KUH50,144.0,2026-02,2026-02-04,4
TBR,9.00 R 20 JDE++,1121190020016KDEP0,94.0,2026-02,2026-02-04,4
TBR,GT 5018 - 9.00R20 JUC2,1123190020016KJC20,26.0,2026-02,2026-02-04,4
TBR,GT 5075 - 295/90R20 JUH XF,1122129A20152JULF0,143.0,2026-02,2026-02-04,4
TBR,GT 5076 - 295/90R20 JDE XF,1121129A20152JDLF0,188.0,2026-02,2026-02-04,4
TBR,GT 5078 - 295/80R22.5 JUX E,112222982C016JUXE0,138.0,2026-02,2026-02-04,4
TBR,GT 5083 - 295/80R22.5 JUM XM,112222982C016MJXM0,110.0,2026-02,2026-02-04,4
TBR,GT 5095 - 11.00R20 JUC3,1123111020016KJC30,80.0,2026-02,2026-02-04,4
TBR,GT 5096 - 11.00R20 JDC XD,1121111020016KCXD0,212.0,2026-02,2026-02-04,4
TBR,GT 5101 - 11.00R20 JS114,1121111020016K1141,4.0,2026-02,2026-02-04,4
TBR,GT 5103 - 295/80R22.5 JUM XM OEM,112222982C152MJXM0,88.0,2026-02,2026-02-04,4
TBR,10.00 R 20 JDE,1121129A20000JDEP0,223.0,2026-02,2026-02-05,5
TBR,10.00 R 20 JUH3+,1122110020016KH3P0,418.0,2026-02,2026-02-05,5
TBR,10.00 R 20 JUH5,1122110020016KUH50,340.0,2026-02,2026-02-05,5
TBR,10.00R 20 JW302,1123129A20152JUCM0,124.0,2026-02,2026-02-05,5
TBR,10.00R20JUC,1123110020016KJUC0,12.0,2026-02,2026-02-05,5
TBR,11.00R20 JUH5,1122111020016KUH50,146.0,2026-02,2026-02-05,5
TBR,11.00R20JDE++,1121111020016KDEP0,86.0,2026-02,2026-02-05,5
TBR,275/70R22.5JTH1,115222762C016LTH10,34.0,2026-02,2026-02-05,5
TBR,295/75R22.5JTHSD,115222972C014LJTS0,116.0,2026-02,2026-02-05,5
TBR,295/80R22.5JDL,112122982C016MJDL0,32.0,2026-02,2026-02-05,5
TBR,295/80R22.5JUL1,112222982C016MJUM0,52.0,2026-02,2026-02-05,5
TBR,295/90R20 JDE++ (RS),1121129A20000JDEPM,12.0,2026-02,2026-02-05,5
TBR,315/70R22.5JDL3,115123162C018LDL30,36.0,2026-02,2026-02-05,5
TBR,315/80R22.5JDL3,115123182C018LDL30,76.0,2026-02,2026-02-05,5
TBR,315/80R22.5JUC4,115323182C018LUC40,48.0,2026-02,2026-02-05,5
TBR,385/55R22.5JTL,115223832C020KJTL0,1.0,2026-02,2026-02-05,5
TBR,8.25R20JDE++,1121182020016KDEP0,262.0,2026-02,2026-02-05,5
TBR,8.25R20JUH5,1122182020016KUH50,184.0,2026-02,2026-02-05,5
TBR,9.00 R 20 JDE++,1121190020016KDEP0,98.0,2026-02,2026-02-05,5
TBR,GT 5018 - 9.00R20 JUC2,1123190020016KJC20,36.0,2026-02,2026-02-05,5
TBR,GT 5075 - 295/90R20 JUH XF,1122129A20152JULF0,136.0,2026-02,2026-02-05,5
TBR,GT 5076 - 295/90R20 JDE XF,1121129A20152JDLF0,172.0,2026-02,2026-02-05,5
TBR,GT 5078 - 295/80R22.5 JUX E,112222982C016JUXE0,140.0,2026-02,2026-02-05,5
TBR,GT 5083 - 295/80R22.5 JUM XM,112222982C016MJXM0,116.0,2026-02,2026-02-05,5
TBR,GT 5095 - 11.00R20 JUC3,1123111020016KJC30,54.0,2026-02,2026-02-05,5
TBR,GT 5096 - 11.00R20 JDC XD,1121111020016KCXD0,224.0,2026-02,2026-02-05,5
TBR,GT 5102 - 295/80R22.5 JDL XM DOM,112122982C016MJXM0,8.0,2026-02,2026-02-05,5
TBR,GT 5103 - 295/80R22.5 JUM XM OEM,112222982C152MJXM0,78.0,2026-02,2026-02-05,5
TBR,10.00 R 20 JDE,1121129A20000JDEP0,130.0,2026-02,2026-02-06,6
TBR,10.00 R 20 JUH3+,1122110020016KH3P0,398.0,2026-02,2026-02-06,6
TBR,10.00 R 20 JUH5,1122110020016KUH50,370.0,2026-02,2026-02-06,6
TBR,10.00R 20 JW302,1123129A20152JUCM0,138.0,2026-02,2026-02-06,6
TBR,10.00R20JUC,1123110020016KJUC0,38.0,2026-02,2026-02-06,6
TBR,11.00R20 JUH5,1122111020016KUH50,109.0,2026-02,2026-02-06,6
TBR,11.00R20JDE++,1121111020016KDEP0,86.0,2026-02,2026-02-06,6
TBR,275/70R22.5JTH1,115222762C016LTH10,32.0,2026-02,2026-02-06,6
TBR,295/75R22.5JTHSD,115222972C014LJTS0,124.0,2026-02,2026-02-06,6
TBR,295/80R22.5JDL,112122982C016MJDL0,72.0,2026-02,2026-02-06,6
TBR,295/80R22.5JUL1,112222982C016MJUM0,96.0,2026-02,2026-02-06,6
TBR,315/70R22.5JDL3,115123162C018LDL30,48.0,2026-02,2026-02-06,6
TBR,315/80R22.5JDL3,115123182C018LDL30,92.0,2026-02,2026-02-06,6
TBR,315/80R22.5JUC4,115323182C018LUC40,44.0,2026-02,2026-02-06,6
TBR,8.25R20JDE++,1121182020016KDEP0,234.0,2026-02,2026-02-06,6
TBR,8.25R20JUH5,1122182020016KUH50,202.0,2026-02,2026-02-06,6
TBR,9.00 R 20 JDE++,1121190020016KDEP0,80.0,2026-02,2026-02-06,6
TBR,GT 5055 - 295/80R22.5 JUC XM,115322982C016MJXM0,22.0,2026-02,2026-02-06,6
TBR,GT 5075 - 295/90R20 JUH XF,1122129A20152JULF0,58.0,2026-02,2026-02-06,6
TBR,GT 5076 - 295/90R20 JDE XF,1121129A20152JDLF0,140.0,2026-02,2026-02-06,6
TBR,GT 5078 - 295/80R22.5 JUX E,112222982C016JUXE0,112.0,2026-02,2026-02-06,6
TBR,GT 5083 - 295/80R22.5 JUM XM,112222982C016MJXM0,132.0,2026-02,2026-02-06,6
TBR,GT 5095 - 11.00R20 JUC3,1123111020016KJC30,80.0,2026-02,2026-02-06,6
TBR,GT 5096 - 11.00R20 JDC XD,1121111020016KCXD0,224.0,2026-02,2026-02-06,6
TBR,GT 5102 - 295/80R22.5 JDL XM DOM,112122982C016MJXM0,38.0,2026-02,2026-02-06,6
TBR,GT 5103 - 295/80R22.5 JUM XM OEM,112222982C152MJXM0,116.0,2026-02,2026-02-06,6
TBR,10.00 R 20 JDE,1121129A20000JDEP0,100.0,2026-02,2026-02-07,7
TBR,10.00 R 20 JUH3+,1122110020016KH3P0,405.0,2026-02,2026-02-07,7
TBR,10.00 R 20 JUH5,1122110020016KUH50,383.0,2026-02,2026-02-07,7
TBR,10.00R 20 JW302,1123129A20152JUCM0,110.0,2026-02,2026-02-07,7
TBR,11.00R20 JUH5,1122111020016KUH50,144.0,2026-02,2026-02-07,7
TBR,11.00R20JDE++,1121111020016KDEP0,78.0,2026-02,2026-02-07,7
TBR,275/70R22.5JTH1,115222762C016LTH10,54.0,2026-02,2026-02-07,7
TBR,295/75R22.5JTHSD,115222972C014LJTS0,180.0,2026-02,2026-02-07,7
TBR,295/80R22.5JDL,112122982C016MJDL0,89.0,2026-02,2026-02-07,7
TBR,295/80R22.5JUL1,112222982C016MJUM0,124.0,2026-02,2026-02-07,7
TBR,315/70R22.5JDL3,115123162C018LDL30,38.0,2026-02,2026-02-07,7
TBR,315/80R22.5JDL3,115123182C018LDL30,24.0,2026-02,2026-02-07,7
TBR,315/80R22.5JUC4,115323182C018LUC40,28.0,2026-02,2026-02-07,7
TBR,315/80R22.5JUL3,115223182C018MUL30,14.0,2026-02,2026-02-07,7
TBR,8.25R20JDE++,1121182020016KDEP0,233.0,2026-02,2026-02-07,7
TBR,8.25R20JUH5,1122182020016KUH50,215.0,2026-02,2026-02-07,7
TBR,9.00 R 20 JDE++,1121190020016KDEP0,97.0,2026-02,2026-02-07,7
TBR,9.00 R 20 JUH5,1122190020016KUH50,2.0,2026-02,2026-02-07,7
TBR,GT 5055 - 295/80R22.5 JUC XM,115322982C016MJXM0,22.0,2026-02,2026-02-07,7
TBR,GT 5075 - 295/90R20 JUH XF,1122129A20152JULF0,99.0,2026-02,2026-02-07,7
TBR,GT 5076 - 295/90R20 JDE XF,1121129A20152JDLF0,160.0,2026-02,2026-02-07,7
TBR,GT 5078 - 295/80R22.5 JUX E,112222982C016JUXE0,120.0,2026-02,2026-02-07,7
TBR,GT 5083 - 295/80R22.5 JUM XM,112222982C016MJXM0,138.0,2026-02,2026-02-07,7
TBR,GT 5095 - 11.00R20 JUC3,1123111020016KJC30,84.0,2026-02,2026-02-07,7
TBR,GT 5096 - 11.00R20 JDC XD,1121111020016KCXD0,229.0,2026-02,2026-02-07,7
TBR,GT 5102 - 295/80R22.5 JDL XM DOM,112122982C016MJXM0,44.0,2026-02,2026-02-07,7
TBR,GT 5103 - 295/80R22.5 JUM XM OEM,112222982C152MJXM0,140.0,2026-02,2026-02-07,7
TBR,GT 5115 - 295/80R22.5 JW305,112322982C016M3061,3.0,2026-02,2026-02-07,7
TBR,10.00 R 20 JDE,1121129A20000JDEP0,92.0,2026-02,2026-02-08,8
TBR,10.00 R 20 JUH3+,1122110020016KH3P0,369.0,2026-02,2026-02-08,8
TBR,10.00 R 20 JUH5,1122110020016KUH50,380.0,2026-02,2026-02-08,8
TBR,10.00R 20 JW302,1123129A20152JUCM0,110.0,2026-02,2026-02-08,8
TBR,10.00R20JUC,1123110020016KJUC0,1.0,2026-02,2026-02-08,8
TBR,11.00R20 JUH5,1122111020016KUH50,136.0,2026-02,2026-02-08,8
TBR,11.00R20JDE++,1121111020016KDEP0,86.0,2026-02,2026-02-08,8
TBR,275/70R22.5JTH1,115222762C016LTH10,52.0,2026-02,2026-02-08,8
TBR,295/75R22.5JTHSD,115222972C014LJTS0,123.0,2026-02,2026-02-08,8
TBR,295/80R22.5JDL,112122982C016MJDL0,94.0,2026-02,2026-02-08,8
TBR,295/80R22.5JUL1,112222982C016MJUM0,140.0,2026-02,2026-02-08,8
TBR,315/70R22.5JDL3,115123162C018LDL30,46.0,2026-02,2026-02-08,8
TBR,315/80R22.5JDL3,115123182C018LDL30,54.0,2026-02,2026-02-08,8
TBR,315/80R22.5JUC4,115323182C018LUC40,48.0,2026-02,2026-02-08,8
TBR,315/80R22.5JUL3,115223182C018MUL30,32.0,2026-02,2026-02-08,8
TBR,8.25R20JDE++,1121182020016KDEP0,213.0,2026-02,2026-02-08,8
TBR,8.25R20JUH5,1122182020016KUH50,176.0,2026-02,2026-02-08,8
TBR,9.00 R 20 JDE++,1121190020016KDEP0,75.0,2026-02,2026-02-08,8
TBR,9.00 R 20 JUH5,1122190020016KUH50,34.0,2026-02,2026-02-08,8
TBR,GT 5055 - 295/80R22.5 JUC XM,115322982C016MJXM0,48.0,2026-02,2026-02-08,8
TBR,GT 5075 - 295/90R20 JUH XF,1122129A20152JULF0,90.0,2026-02,2026-02-08,8
TBR,GT 5076 - 295/90R20 JDE XF,1121129A20152JDLF0,138.0,2026-02,2026-02-08,8
TBR,GT 5078 - 295/80R22.5 JUX E,112222982C016JUXE0,142.0,2026-02,2026-02-08,8
TBR,GT 5083 - 295/80R22.5 JUM XM,112222982C016MJXM0,140.0,2026-02,2026-02-08,8
TBR,GT 5095 - 11.00R20 JUC3,1123111020016KJC30,92.0,2026-02,2026-02-08,8
TBR,GT 5096 - 11.00R20 JDC XD,1121111020016KCXD0,214.0,2026-02,2026-02-08,8
TBR,GT 5102 - 295/80R22.5 JDL XM DOM,112122982C016MJXM0,44.0,2026-02,2026-02-08,8
TBR,GT 5103 - 295/80R22.5 JUM XM OEM,112222982C152MJXM0,142.0,2026-02,2026-02-08,8
TBR,GT 5115 - 295/80R22.5 JW305,112322982C016M3061,19.0,2026-02,2026-02-08,8
TBR,10.00 R 20 JDE,1121129A20000JDEP0,82.0,2026-02,2026-02-09,9
TBR,10.00 R 20 JUH3+,1122110020016KH3P0,388.0,2026-02,2026-02-09,9
TBR,10.00 R 20 JUH5,1122110020016KUH50,368.0,2026-02,2026-02-09,9
TBR,10.00R 20 JW302,1123129A20152JUCM0,108.0,2026-02,2026-02-09,9
TBR,11.00R20 JUH5,1122111020016KUH50,140.0,2026-02,2026-02-09,9
TBR,11.00R20JDE++,1121111020016KDEP0,76.0,2026-02,2026-02-09,9
TBR,275/70R22.5JTH1,115222762C016LTH10,36.0,2026-02,2026-02-09,9
TBR,295/75R22.5JTHSD,115222972C014LJTS0,139.0,2026-02,2026-02-09,9
TBR,295/80R22.5JDL,112122982C016MJDL0,90.0,2026-02,2026-02-09,9
TBR,295/80R22.5JUL1,112222982C016MJUM0,146.0,2026-02,2026-02-09,9
TBR,315/70R22.5JDL3,115123162C018LDL30,45.0,2026-02,2026-02-09,9
TBR,315/80R22.5JDL3,115123182C018LDL30,84.0,2026-02,2026-02-09,9
TBR,315/80R22.5JUC4,115323182C018LUC40,40.0,2026-02,2026-02-09,9
TBR,315/80R22.5JUL3,115223182C018MUL30,29.0,2026-02,2026-02-09,9
TBR,8.25R20JDE++,1121182020016KDEP0,216.0,2026-02,2026-02-09,9
TBR,8.25R20JUH5,1122182020016KUH50,158.0,2026-02,2026-02-09,9
TBR,8.25R20VUH3+,1152182020016KH3PV,14.0,2026-02,2026-02-09,9
TBR,9.00 R 20 JDE++,1121190020016KDEP0,98.0,2026-02,2026-02-09,9
TBR,9.00 R 20 JUH5,1122190020016KUH50,50.0,2026-02,2026-02-09,9
TBR,GT 5055 - 295/80R22.5 JUC XM,115322982C016MJXM0,40.0,2026-02,2026-02-09,9
TBR,GT 5075 - 295/90R20 JUH XF,1122129A20152JULF0,88.0,2026-02,2026-02-09,9
TBR,GT 5076 - 295/90R20 JDE XF,1121129A20152JDLF0,178.0,2026-02,2026-02-09,9
TBR,GT 5078 - 295/80R22.5 JUX E,112222982C016JUXE0,95.0,2026-02,2026-02-09,9
TBR,GT 5083 - 295/80R22.5 JUM XM,112222982C016MJXM0,136.0,2026-02,2026-02-09,9
TBR,GT 5095 - 11.00R20 JUC3,1123111020016KJC30,43.0,2026-02,2026-02-09,9
TBR,GT 5096 - 11.00R20 JDC XD,1121111020016KCXD0,194.0,2026-02,2026-02-09,9
TBR,GT 5102 - 295/80R22.5 JDL XM DOM,112122982C016MJXM0,44.0,2026-02,2026-02-09,9
TBR,GT 5103 - 295/80R22.5 JUM XM OEM,112222982C152MJXM0,125.0,2026-02,2026-02-09,9
TBR,GT 5115 - 295/80R22.5 JW305,112322982C016M3061,34.0,2026-02,2026-02-09,9
TBR,10.00 R 20 JDE,1121129A20000JDEP0,94.0,2026-02,2026-02-10,10
TBR,10.00 R 20 JUH3+,1122110020016KH3P0,346.0,2026-02,2026-02-10,10
TBR,10.00 R 20 JUH5,1122110020016KUH50,366.0,2026-02,2026-02-10,10
TBR,10.00R 20 JW302,1123129A20152JUCM0,134.0,2026-02,2026-02-10,10
TBR,10.00R20JUC,1123110020016KJUC0,37.0,2026-02,2026-02-10,10
TBR,11.00R20 JUH5,1122111020016KUH50,140.0,2026-02,2026-02-10,10
TBR,11.00R20JDE++,1121111020016KDEP0,72.0,2026-02,2026-02-10,10
TBR,275/70R22.5JTH1,115222762C016LTH10,50.0,2026-02,2026-02-10,10
TBR,295/75R22.5JTHSD,115222972C014LJTS0,110.0,2026-02,2026-02-10,10
TBR,295/80R22.5JDL,112122982C016MJDL0,77.0,2026-02,2026-02-10,10
TBR,295/80R22.5JUL1,112222982C016MJUM0,123.0,2026-02,2026-02-10,10
TBR,315/70R22.5JDL3,115123162C018LDL30,39.0,2026-02,2026-02-10,10
TBR,315/80R22.5JDL3,115123182C018LDL30,76.0,2026-02,2026-02-10,10
TBR,315/80R22.5JUC4,115323182C018LUC40,44.0,2026-02,2026-02-10,10
TBR,315/80R22.5JUL3,115223182C018MUL30,44.0,2026-02,2026-02-10,10
TBR,8.25R20JDE++,1121182020016KDEP0,264.0,2026-02,2026-02-10,10
TBR,8.25R20JUH5,1122182020016KUH50,132.0,2026-02,2026-02-10,10
TBR,8.25R20VUH3+,1152182020016KH3PV,58.0,2026-02,2026-02-10,10
TBR,9.00 R 20 JDE++,1121190020016KDEP0,96.0,2026-02,2026-02-10,10
TBR,9.00 R 20 JUH5,1122190020016KUH50,50.0,2026-02,2026-02-10,10
TBR,GT 5055 - 295/80R22.5 JUC XM,115322982C016MJXM0,38.0,2026-02,2026-02-10,10
TBR,GT 5075 - 295/90R20 JUH XF,1122129A20152JULF0,96.0,2026-02,2026-02-10,10
TBR,GT 5076 - 295/90R20 JDE XF,1121129A20152JDLF0,173.0,2026-02,2026-02-10,10
TBR,GT 5078 - 295/80R22.5 JUX E,112222982C016JUXE0,97.0,2026-02,2026-02-10,10
TBR,GT 5083 - 295/80R22.5 JUM XM,112222982C016MJXM0,128.0,2026-02,2026-02-10,10
TBR,GT 5095 - 11.00R20 JUC3,1123111020016KJC30,75.0,2026-02,2026-02-10,10
TBR,GT 5096 - 11.00R20 JDC XD,1121111020016KCXD0,228.0,2026-02,2026-02-10,10
TBR,GT 5102 - 295/80R22.5 JDL XM DOM,112122982C016MJXM0,43.0,2026-02,2026-02-10,10
TBR,GT 5103 - 295/80R22.5 JUM XM OEM,112222982C152MJXM0,138.0,2026-02,2026-02-10,10
TBR,GT 5115 - 295/80R22.5 JW305,112322982C016M3061,23.0,2026-02,2026-02-10,10
TBR,GT 5123 - 385/65R22.5 JUL4,115223852C024KUL40,7.0,2026-02,2026-02-10,10
TBR,10.00 R 20 JDE,1121129A20000JDEP0,84.0,2026-02,2026-02-11,11
TBR,10.00 R 20 JUH3+,1122110020016KH3P0,386.0,2026-02,2026-02-11,11
TBR,10.00 R 20 JUH5,1122110020016KUH50,366.0,2026-02,2026-02-11,11
TBR,10.00R 20 JW302,1123129A20152JUCM0,136.0,2026-02,2026-02-11,11
TBR,10.00R20JUC,1123110020016KJUC0,48.0,2026-02,2026-02-11,11
TBR,11.00R20 JUH5,1122111020016KUH50,82.0,2026-02,2026-02-11,11
TBR,11.00R20JDE++,1121111020016KDEP0,86.0,2026-02,2026-02-11,11
TBR,275/70R22.5JTH1,115222762C016LTH10,48.0,2026-02,2026-02-11,11
TBR,295/75R22.5JTHSD,115222972C014LJTS0,142.0,2026-02,2026-02-11,11
TBR,295/80R22.5JDL,112122982C016MJDL0,87.0,2026-02,2026-02-11,11
TBR,295/80R22.5JUL1,112222982C016MJUM0,128.0,2026-02,2026-02-11,11
TBR,315/70R22.5JDL3,115123162C018LDL30,70.0,2026-02,2026-02-11,11
TBR,315/80R22.5JDL3,115123182C018LDL30,8.0,2026-02,2026-02-11,11
TBR,315/80R22.5JUC4,115323182C018LUC40,34.0,2026-02,2026-02-11,11
TBR,315/80R22.5JUL3,115223182C018MUL30,36.0,2026-02,2026-02-11,11
TBR,8.25R20JDE++,1121182020016KDEP0,239.0,2026-02,2026-02-11,11
TBR,8.25R20JUH5,1122182020016KUH50,156.0,2026-02,2026-02-11,11
TBR,8.25R20VUH3+,1152182020016KH3PV,48.0,2026-02,2026-02-11,11
TBR,9.00 R 20 JDE++,1121190020016KDEP0,98.0,2026-02,2026-02-11,11
TBR,9.00 R 20 JUH5,1122190020016KUH50,40.0,2026-02,2026-02-11,11
TBR,GT 5055 - 295/80R22.5 JUC XM,115322982C016MJXM0,37.0,2026-02,2026-02-11,11
TBR,GT 5075 - 295/90R20 JUH XF,1122129A20152JULF0,86.0,2026-02,2026-02-11,11
TBR,GT 5076 - 295/90R20 JDE XF,1121129A20152JDLF0,158.0,2026-02,2026-02-11,11
TBR,GT 5078 - 295/80R22.5 JUX E,112222982C016JUXE0,120.0,2026-02,2026-02-11,11
TBR,GT 5083 - 295/80R22.5 JUM XM,112222982C016MJXM0,132.0,2026-02,2026-02-11,11
TBR,GT 5095 - 11.00R20 JUC3,1123111020016KJC30,94.0,2026-02,2026-02-11,11
TBR,GT 5096 - 11.00R20 JDC XD,1121111020016KCXD0,212.0,2026-02,2026-02-11,11
TBR,GT 5102 - 295/80R22.5 JDL XM DOM,112122982C016MJXM0,40.0,2026-02,2026-02-11,11
TBR,GT 5103 - 295/80R22.5 JUM XM OEM,112222982C152MJXM0,104.0,2026-02,2026-02-11,11
TBR,GT 5115 - 295/80R22.5 JW305,112322982C016M3061,25.0,2026-02,2026-02-11,11
TBR,GT 5123 - 385/65R22.5 JUL4,115223852C024KUL40,8.0,2026-02,2026-02-11,11
TBR,10.00 R 20 JDE,1121129A20000JDEP0,88.0,2026-02,2026-02-12,12
TBR,10.00 R 20 JUH3+,1122110020016KH3P0,412.0,2026-02,2026-02-12,12
TBR,10.00 R 20 JUH5,1122110020016KUH50,388.0,2026-02,2026-02-12,12
TBR,10.00R 20 JW302,1123129A20152JUCM0,140.0,2026-02,2026-02-12,12
TBR,10.00R20JUC,1123110020016KJUC0,34.0,2026-02,2026-02-12,12
TBR,11.00R20 JUH5,1122111020016KUH50,138.0,2026-02,2026-02-12,12
TBR,11.00R20JDE++,1121111020016KDEP0,86.0,2026-02,2026-02-12,12
TBR,275/70R22.5JTH1,115222762C016LTH10,28.0,2026-02,2026-02-12,12
TBR,295/75R22.5JTHSD,115222972C014LJTS0,168.0,2026-02,2026-02-12,12
TBR,295/80R22.5JDL,112122982C016MJDL0,56.0,2026-02,2026-02-12,12
TBR,295/80R22.5JUL1,112222982C016MJUM0,92.0,2026-02,2026-02-12,12
TBR,315/70R22.5JDL3,115123162C018LDL30,84.0,2026-02,2026-02-12,12
TBR,315/80R22.5JDL3,115123182C018LDL30,24.0,2026-02,2026-02-12,12
TBR,315/80R22.5JUC4,115323182C018LUC40,48.0,2026-02,2026-02-12,12
TBR,315/80R22.5JUL3,115223182C018MUL30,48.0,2026-02,2026-02-12,12
TBR,8.25R20JDE++,1121182020016KDEP0,248.0,2026-02,2026-02-12,12
TBR,8.25R20JUH5,1122182020016KUH50,164.0,2026-02,2026-02-12,12
TBR,8.25R20VUH3+,1152182020016KH3PV,16.0,2026-02,2026-02-12,12
TBR,9.00 R 20 JDE++,1121190020016KDEP0,50.0,2026-02,2026-02-12,12
TBR,9.00 R 20 JUH5,1122190020016KUH50,52.0,2026-02,2026-02-12,12
TBR,GT 5055 - 295/80R22.5 JUC XM,115322982C016MJXM0,48.0,2026-02,2026-02-12,12
TBR,GT 5075 - 295/90R20 JUH XF,1122129A20152JULF0,82.0,2026-02,2026-02-12,12
TBR,GT 5076 - 295/90R20 JDE XF,1121129A20152JDLF0,192.0,2026-02,2026-02-12,12
TBR,GT 5078 - 295/80R22.5 JUX E,112222982C016JUXE0,144.0,2026-02,2026-02-12,12
TBR,GT 5083 - 295/80R22.5 JUM XM,112222982C016MJXM0,148.0,2026-02,2026-02-12,12
TBR,GT 5095 - 11.00R20 JUC3,1123111020016KJC30,94.0,2026-02,2026-02-12,12
TBR,GT 5096 - 11.00R20 JDC XD,1121111020016KCXD0,206.0,2026-02,2026-02-12,12
TBR,GT 5102 - 295/80R22.5 JDL XM DOM,112122982C016MJXM0,44.0,2026-02,2026-02-12,12
TBR,GT 5103 - 295/80R22.5 JUM XM OEM,112222982C152MJXM0,141.0,2026-02,2026-02-12,12
TBR,GT 5115 - 295/80R22.5 JW305,112322982C016M3061,22.0,2026-02,2026-02-12,12
TBR,10.00 R 20 JDE,1121129A20000JDEP0,68.0,2026-02,2026-02-13,13
TBR,10.00 R 20 JUH3+,1122110020016KH3P0,396.0,2026-02,2026-02-13,13
TBR,10.00 R 20 JUH5,1122110020016KUH50,365.0,2026-02,2026-02-13,13
TBR,10.00R 20 JW302,1123129A20152JUCM0,132.0,2026-02,2026-02-13,13
TBR,10.00R20JUC,1123110020016KJUC0,36.0,2026-02,2026-02-13,13
TBR,11.00R20 JUH5,1122111020016KUH50,141.0,2026-02,2026-02-13,13
TBR,11.00R20JDE++,1121111020016KDEP0,86.0,2026-02,2026-02-13,13
TBR,275/70R22.5JTH1,115222762C016LTH10,28.0,2026-02,2026-02-13,13
TBR,295/75R22.5JTHSD,115222972C014LJTS0,146.0,2026-02,2026-02-13,13
TBR,295/80R22.5JDL,112122982C016MJDL0,94.0,2026-02,2026-02-13,13
TBR,295/80R22.5JUL1,112222982C016MJUM0,123.0,2026-02,2026-02-13,13
TBR,315/70R22.5JDL3,115123162C018LDL30,92.0,2026-02,2026-02-13,13
TBR,315/80R22.5JDL3,115123182C018LDL30,43.0,2026-02,2026-02-13,13
TBR,315/80R22.5JUC4,115323182C018LUC40,42.0,2026-02,2026-02-13,13
TBR,315/80R22.5JUL3,115223182C018MUL30,44.0,2026-02,2026-02-13,13
TBR,8.25R20JDE++,1121182020016KDEP0,246.0,2026-02,2026-02-13,13
TBR,8.25R20JUH5,1122182020016KUH50,111.0,2026-02,2026-02-13,13
TBR,8.25R20VUH3+,1152182020016KH3PV,38.0,2026-02,2026-02-13,13
TBR,9.00 R 20 JDE++,1121190020016KDEP0,80.0,2026-02,2026-02-13,13
TBR,9.00 R 20 JUH5,1122190020016KUH50,48.0,2026-02,2026-02-13,13
TBR,GT 5055 - 295/80R22.5 JUC XM,115322982C016MJXM0,38.0,2026-02,2026-02-13,13
TBR,GT 5075 - 295/90R20 JUH XF,1122129A20152JULF0,72.0,2026-02,2026-02-13,13
TBR,GT 5076 - 295/90R20 JDE XF,1121129A20152JDLF0,181.0,2026-02,2026-02-13,13
TBR,GT 5078 - 295/80R22.5 JUX E,112222982C016JUXE0,106.0,2026-02,2026-02-13,13
TBR,GT 5083 - 295/80R22.5 JUM XM,112222982C016MJXM0,138.0,2026-02,2026-02-13,13
TBR,GT 5095 - 11.00R20 JUC3,1123111020016KJC30,90.0,2026-02,2026-02-13,13
TBR,GT 5096 - 11.00R20 JDC XD,1121111020016KCXD0,224.0,2026-02,2026-02-13,13
TBR,GT 5102 - 295/80R22.5 JDL XM DOM,112122982C016MJXM0,46.0,2026-02,2026-02-13,13
TBR,GT 5103 - 295/80R22.5 JUM XM OEM,112222982C152MJXM0,137.0,2026-02,2026-02-13,13
TBR,GT 5115 - 295/80R22.5 JW305,112322982C016M3061,5.0,2026-02,2026-02-13,13
TBR,10.00 R 20 JDE,1121129A20000JDEP0,66.0,2026-02,2026-02-14,14
TBR,10.00 R 20 JUH3+,1122110020016KH3P0,410.0,2026-02,2026-02-14,14
TBR,10.00 R 20 JUH5,1122110020016KUH50,359.0,2026-02,2026-02-14,14
TBR,10.00R 20 JW302,1123129A20152JUCM0,132.0,2026-02,2026-02-14,14
TBR,10.00R20JUC,1123110020016KJUC0,8.0,2026-02,2026-02-14,14
TBR,11.00R20 JUH5,1122111020016KUH50,108.0,2026-02,2026-02-14,14
TBR,11.00R20JDE++,1121111020016KDEP0,80.0,2026-02,2026-02-14,14
TBR,275/70R22.5JTH1,115222762C016LTH10,48.0,2026-02,2026-02-14,14
TBR,295/75R22.5JTHSD,115222972C014LJTS0,148.0,2026-02,2026-02-14,14
TBR,295/80R22.5JDL,112122982C016MJDL0,86.0,2026-02,2026-02-14,14
TBR,295/80R22.5JUL1,112222982C016MJUM0,141.0,2026-02,2026-02-14,14
TBR,315/70R22.5JDL3,115123162C018LDL30,58.0,2026-02,2026-02-14,14
TBR,315/80R22.5JDL3,115123182C018LDL30,38.0,2026-02,2026-02-14,14
TBR,315/80R22.5JUC4,115323182C018LUC40,44.0,2026-02,2026-02-14,14
TBR,315/80R22.5JUL3,115223182C018MUL30,33.0,2026-02,2026-02-14,14
TBR,385/65R22.5JUH6,115223852C020KUH60,4.0,2026-02,2026-02-14,14
TBR,8.25R20JDE++,1121182020016KDEP0,234.0,2026-02,2026-02-14,14
TBR,8.25R20JUH3+,1122182020016KH3P0,2.0,2026-02,2026-02-14,14
TBR,8.25R20JUH5,1122182020016KUH50,149.0,2026-02,2026-02-14,14
TBR,8.25R20VUH3+,1152182020016KH3PV,1.0,2026-02,2026-02-14,14
TBR,9.00 R 20 JDE++,1121190020016KDEP0,92.0,2026-02,2026-02-14,14
TBR,9.00 R 20 JUH5,1122190020016KUH50,32.0,2026-02,2026-02-14,14
TBR,GT 5055 - 295/80R22.5 JUC XM,115322982C016MJXM0,42.0,2026-02,2026-02-14,14
TBR,GT 5075 - 295/90R20 JUH XF,1122129A20152JULF0,78.0,2026-02,2026-02-14,14
TBR,GT 5076 - 295/90R20 JDE XF,1121129A20152JDLF0,179.0,2026-02,2026-02-14,14
TBR,GT 5078 - 295/80R22.5 JUX E,112222982C016JUXE0,84.0,2026-02,2026-02-14,14
TBR,GT 5083 - 295/80R22.5 JUM XM,112222982C016MJXM0,144.0,2026-02,2026-02-14,14
TBR,GT 5095 - 11.00R20 JUC3,1123111020016KJC30,83.0,2026-02,2026-02-14,14
TBR,GT 5096 - 11.00R20 JDC XD,1121111020016KCXD0,222.0,2026-02,2026-02-14,14
TBR,GT 5101 - 11.00R20 JS114,1121111020016K1141,19.0,2026-02,2026-02-14,14
TBR,GT 5102 - 295/80R22.5 JDL XM DOM,112122982C016MJXM0,44.0,2026-02,2026-02-14,14
TBR,GT 5103 - 295/80R22.5 JUM XM OEM,112222982C152MJXM0,136.0,2026-02,2026-02-14,14
TBR,GT 5115 - 295/80R22.5 JW305,112322982C016M3061,11.0,2026-02,2026-02-14,14
TBR,10.00 R 20 JDE,1121129A20000JDEP0,86.0,2026-02,2026-02-15,15
TBR,10.00 R 20 JUH3+,1122110020016KH3P0,229.0,2026-02,2026-02-15,15
TBR,10.00 R 20 JUH5,1122110020016KUH50,369.0,2026-02,2026-02-15,15
TBR,10.00R 20 JW302,1123129A20152JUCM0,128.0,2026-02,2026-02-15,15
TBR,10.00R20JUC,1123110020016KJUC0,48.0,2026-02,2026-02-15,15
TBR,11.00R20 JUH5,1122111020016KUH50,135.0,2026-02,2026-02-15,15
TBR,11.00R20JDE++,1121111020016KDEP0,86.0,2026-02,2026-02-15,15
TBR,275/70R22.5JTH1,115222762C016LTH10,58.0,2026-02,2026-02-15,15
TBR,295/75R22.5JTHSD,115222972C014LJTS0,120.0,2026-02,2026-02-15,15
TBR,295/80R22.5JDL,112122982C016MJDL0,68.0,2026-02,2026-02-15,15
TBR,295/80R22.5JUL1,112222982C016MJUM0,144.0,2026-02,2026-02-15,15
TBR,315/70R22.5JDL3,115123162C018LDL30,94.0,2026-02,2026-02-15,15
TBR,315/80R22.5JDL3,115123182C018LDL30,26.0,2026-02,2026-02-15,15
TBR,315/80R22.5JUC4,115323182C018LUC40,50.0,2026-02,2026-02-15,15
TBR,315/80R22.5JUL3,115223182C018MUL30,7.0,2026-02,2026-02-15,15
TBR,385/65R22.5JUH6,115223852C020KUH60,66.0,2026-02,2026-02-15,15
TBR,8.25R20JDE++,1121182020016KDEP0,215.0,2026-02,2026-02-15,15
TBR,8.25R20JUH3+,1122182020016KH3P0,48.0,2026-02,2026-02-15,15
TBR,8.25R20JUH5,1122182020016KUH50,150.0,2026-02,2026-02-15,15
TBR,9.00 R 20 JDE++,1121190020016KDEP0,96.0,2026-02,2026-02-15,15
TBR,9.00 R 20 JUH5,1122190020016KUH50,48.0,2026-02,2026-02-15,15
TBR,GT 5055 - 295/80R22.5 JUC XM,115322982C016MJXM0,4.0,2026-02,2026-02-15,15
TBR,GT 5075 - 295/90R20 JUH XF,1122129A20152JULF0,96.0,2026-02,2026-02-15,15
TBR,GT 5076 - 295/90R20 JDE XF,1121129A20152JDLF0,146.0,2026-02,2026-02-15,15
TBR,GT 5078 - 295/80R22.5 JUX E,112222982C016JUXE0,86.0,2026-02,2026-02-15,15
TBR,GT 5083 - 295/80R22.5 JUM XM,112222982C016MJXM0,146.0,2026-02,2026-02-15,15
TBR,GT 5095 - 11.00R20 JUC3,1123111020016KJC30,74.0,2026-02,2026-02-15,15
TBR,GT 5096 - 11.00R20 JDC XD,1121111020016KCXD0,212.0,2026-02,2026-02-15,15
TBR,GT 5101 - 11.00R20 JS114,1121111020016K1141,7.0,2026-02,2026-02-15,15
TBR,GT 5102 - 295/80R22.5 JDL XM DOM,112122982C016MJXM0,44.0,2026-02,2026-02-15,15
TBR,GT 5103 - 295/80R22.5 JUM XM OEM,112222982C152MJXM0,143.0,2026-02,2026-02-15,15
TBR,GT 5113 - 295/80R22.5 JDC XD,115122982C018KCXD0,24.0,2026-02,2026-02-15,15
TBR,10.00 R 20 JDE,1121129A20000JDEP0,68.0,2026-02,2026-02-16,16
TBR,10.00 R 20 JUH3+,1122110020016KH3P0,90.0,2026-02,2026-02-16,16
TBR,10.00 R 20 JUH5,1122110020016KUH50,366.0,2026-02,2026-02-16,16
TBR,10.00R 20 JW302,1123129A20152JUCM0,134.0,2026-02,2026-02-16,16
TBR,10.00R20JUC,1123110020016KJUC0,44.0,2026-02,2026-02-16,16
TBR,11.00R20 JUH5,1122111020016KUH50,130.0,2026-02,2026-02-16,16
TBR,11.00R20JDE++,1121111020016KDEP0,76.0,2026-02,2026-02-16,16
TBR,11R22.5JUC,112321102C016LJUC0,4.0,2026-02,2026-02-16,16
TBR,275/70R22.5JTH1,115222762C016LTH10,19.0,2026-02,2026-02-16,16
TBR,295/75R22.5JTHSD,115222972C014LJTS0,138.0,2026-02,2026-02-16,16
TBR,295/80R22.5JDL,112122982C016MJDL0,76.0,2026-02,2026-02-16,16
TBR,295/80R22.5JUL1,112222982C016MJUM0,140.0,2026-02,2026-02-16,16
TBR,315/70R22.5JDL3,115123162C018LDL30,68.0,2026-02,2026-02-16,16
TBR,315/80R22.5JDL3,115123182C018LDL30,36.0,2026-02,2026-02-16,16
TBR,315/80R22.5JUC4,115323182C018LUC40,35.0,2026-02,2026-02-16,16
TBR,385/65R22.5JUH6,115223852C020KUH60,85.0,2026-02,2026-02-16,16
TBR,8.25R20JDE++,1121182020016KDEP0,246.0,2026-02,2026-02-16,16
TBR,8.25R20JUH3+,1122182020016KH3P0,46.0,2026-02,2026-02-16,16
TBR,8.25R20JUH5,1122182020016KUH50,154.0,2026-02,2026-02-16,16
TBR,9.00 R 20 JDE++,1121190020016KDEP0,92.0,2026-02,2026-02-16,16
TBR,9.00 R 20 JUH5,1122190020016KUH50,42.0,2026-02,2026-02-16,16
TBR,GT 5075 - 295/90R20 JUH XF,1122129A20152JULF0,92.0,2026-02,2026-02-16,16
TBR,GT 5076 - 295/90R20 JDE XF,1121129A20152JDLF0,170.0,2026-02,2026-02-16,16
TBR,GT 5078 - 295/80R22.5 JUX E,112222982C016JUXE0,56.0,2026-02,2026-02-16,16
TBR,GT 5083 - 295/80R22.5 JUM XM,112222982C016MJXM0,138.0,2026-02,2026-02-16,16
TBR,GT 5095 - 11.00R20 JUC3,1123111020016KJC30,92.0,2026-02,2026-02-16,16
TBR,GT 5096 - 11.00R20 JDC XD,1121111020016KCXD0,206.0,2026-02,2026-02-16,16
TBR,GT 5102 - 295/80R22.5 JDL XM DOM,112122982C016MJXM0,46.0,2026-02,2026-02-16,16
TBR,GT 5103 - 295/80R22.5 JUM XM OEM,112222982C152MJXM0,174.0,2026-02,2026-02-16,16
TBR,GT 5113 - 295/80R22.5 JDC XD,115122982C018KCXD0,44.0,2026-02,2026-02-16,16
TBR,10.00 R 20 JDE,1121129A20000JDEP0,40.0,2026-02,2026-02-17,17
TBR,10.00 R 20 JUH3+,1122110020016KH3P0,3.0,2026-02,2026-02-17,17
TBR,10.00 R 20 JUH5,1122110020016KUH50,370.0,2026-02,2026-02-17,17
TBR,10.00R 20 JW302,1123129A20152JUCM0,140.0,2026-02,2026-02-17,17
TBR,10.00R20JUC,1123110020016KJUC0,42.0,2026-02,2026-02-17,17
TBR,11.00R20 JUH5,1122111020016KUH50,140.0,2026-02,2026-02-17,17
TBR,11.00R20JDE++,1121111020016KDEP0,85.0,2026-02,2026-02-17,17
TBR,11R22.5 JDH5+,115121102C016LH5P0,28.0,2026-02,2026-02-17,17
TBR,11R22.5JDH,115121102C016LJDH0,14.0,2026-02,2026-02-17,17
TBR,11R22.5JUC,112321102C016LJUC0,48.0,2026-02,2026-02-17,17
TBR,275/70R22.5JTH1,115222762C016LTH10,47.0,2026-02,2026-02-17,17
TBR,295/75R22.5JTHSD,115222972C014LJTS0,166.0,2026-02,2026-02-17,17
TBR,295/80R22.5JDC3,115122982C016KDC30,16.0,2026-02,2026-02-17,17
TBR,295/80R22.5JDL,112122982C016MJDL0,90.0,2026-02,2026-02-17,17
TBR,295/80R22.5JUL1,112222982C016MJUM0,130.0,2026-02,2026-02-17,17
TBR,315/70R22.5JDL3,115123162C018LDL30,72.0,2026-02,2026-02-17,17
TBR,315/80R22.5JDL3,115123182C018LDL30,24.0,2026-02,2026-02-17,17
TBR,315/80R22.5JUC4,115323182C018LUC40,40.0,2026-02,2026-02-17,17
TBR,385/65R22.5JUH6,115223852C020KUH60,83.0,2026-02,2026-02-17,17
TBR,8.25R20JDE++,1121182020016KDEP0,250.0,2026-02,2026-02-17,17
TBR,8.25R20JUH3+,1122182020016KH3P0,52.0,2026-02,2026-02-17,17
TBR,8.25R20JUH5,1122182020016KUH50,154.0,2026-02,2026-02-17,17
TBR,9.00 R 20 JDE++,1121190020016KDEP0,58.0,2026-02,2026-02-17,17
TBR,9.00 R 20 JUH5,1122190020016KUH50,38.0,2026-02,2026-02-17,17
TBR,GT 5075 - 295/90R20 JUH XF,1122129A20152JULF0,96.0,2026-02,2026-02-17,17
TBR,GT 5076 - 295/90R20 JDE XF,1121129A20152JDLF0,184.0,2026-02,2026-02-17,17
TBR,GT 5078 - 295/80R22.5 JUX E,112222982C016JUXE0,86.0,2026-02,2026-02-17,17
TBR,GT 5079 - 255/70R22.5 JUX E,112222562C016MUXE0,30.0,2026-02,2026-02-17,17
TBR,GT 5083 - 295/80R22.5 JUM XM,112222982C016MJXM0,152.0,2026-02,2026-02-17,17
TBR,GT 5095 - 11.00R20 JUC3,1123111020016KJC30,96.0,2026-02,2026-02-17,17
TBR,GT 5096 - 11.00R20 JDC XD,1121111020016KCXD0,220.0,2026-02,2026-02-17,17
TBR,GT 5102 - 295/80R22.5 JDL XM DOM,112122982C016MJXM0,38.0,2026-02,2026-02-17,17
TBR,GT 5103 - 295/80R22.5 JUM XM OEM,112222982C152MJXM0,138.0,2026-02,2026-02-17,17
TBR,GT 5113 - 295/80R22.5 JDC XD,115122982C018KCXD0,36.0,2026-02,2026-02-17,17
TBR,10.00 R 20 JDE,1121129A20000JDEP0,88.0,2026-02,2026-02-18,18
TBR,10.00 R 20 JUH5,1122110020016KUH50,374.0,2026-02,2026-02-18,18
TBR,10.00R 20 JW302,1123129A20152JUCM0,128.0,2026-02,2026-02-18,18
TBR,10.00R20JUC,1123110020016KJUC0,20.0,2026-02,2026-02-18,18
TBR,11.00R20 JUH5,1122111020016KUH50,119.0,2026-02,2026-02-18,18
TBR,11.00R20JDE++,1121111020016KDEP0,82.0,2026-02,2026-02-18,18
TBR,11R22.5 JDH5+,115121102C016LH5P0,48.0,2026-02,2026-02-18,18
TBR,11R22.5JDH,115121102C016LJDH0,48.0,2026-02,2026-02-18,18
TBR,11R22.5JUC,112321102C016LJUC0,48.0,2026-02,2026-02-18,18
TBR,255/70R22.5JTH1,115222562C016MTH10,16.0,2026-02,2026-02-18,18
TBR,295/75R22.5JTHSD,115222972C014LJTS0,36.0,2026-02,2026-02-18,18
TBR,295/80R22.5JDC3,115122982C016KDC30,36.0,2026-02,2026-02-18,18
TBR,295/80R22.5JDL,112122982C016MJDL0,92.0,2026-02,2026-02-18,18
TBR,295/80R22.5JUL1,112222982C016MJUM0,100.0,2026-02,2026-02-18,18
TBR,315/70R22.5JDL3,115123162C018LDL30,96.0,2026-02,2026-02-18,18
TBR,315/80R22.5JDL3,115123182C018LDL30,14.0,2026-02,2026-02-18,18
TBR,315/80R22.5JUC4,115323182C018LUC40,14.0,2026-02,2026-02-18,18
TBR,385/65R22.5JUH6,115223852C020KUH60,93.0,2026-02,2026-02-18,18
TBR,8.25R20JDE++,1121182020016KDEP0,246.0,2026-02,2026-02-18,18
TBR,8.25R20JUH3+,1122182020016KH3P0,26.0,2026-02,2026-02-18,18
TBR,8.25R20JUH5,1122182020016KUH50,158.0,2026-02,2026-02-18,18
TBR,9.00 R 20 JDE++,1121190020016KDEP0,94.0,2026-02,2026-02-18,18
TBR,9.00 R 20 JUH5,1122190020016KUH50,50.0,2026-02,2026-02-18,18
TBR,GT 5075 - 295/90R20 JUH XF,1122129A20152JULF0,82.0,2026-02,2026-02-18,18
TBR,GT 5076 - 295/90R20 JDE XF,1121129A20152JDLF0,156.0,2026-02,2026-02-18,18
TBR,GT 5078 - 295/80R22.5 JUX E,112222982C016JUXE0,92.0,2026-02,2026-02-18,18
TBR,GT 5079 - 255/70R22.5 JUX E,112222562C016MUXE0,104.0,2026-02,2026-02-18,18
TBR,GT 5083 - 295/80R22.5 JUM XM,112222982C016MJXM0,149.0,2026-02,2026-02-18,18
TBR,GT 5095 - 11.00R20 JUC3,1123111020016KJC30,87.0,2026-02,2026-02-18,18
TBR,GT 5096 - 11.00R20 JDC XD,1121111020016KCXD0,230.0,2026-02,2026-02-18,18
TBR,GT 5102 - 295/80R22.5 JDL XM DOM,112122982C016MJXM0,46.0,2026-02,2026-02-18,18
TBR,GT 5103 - 295/80R22.5 JUM XM OEM,112222982C152MJXM0,169.0,2026-02,2026-02-18,18
TBR,GT 5113 - 295/80R22.5 JDC XD,115122982C018KCXD0,36.0,2026-02,2026-02-18,18
TBR,10.00 R 20 JDE,1121129A20000JDEP0,90.0,2026-02,2026-02-19,19
TBR,10.00 R 20 JUH5,1122110020016KUH50,352.0,2026-02,2026-02-19,19
TBR,10.00R 20 JW302,1123129A20152JUCM0,130.0,2026-02,2026-02-19,19
TBR,10.00R20JUC,1123110020016KJUC0,38.0,2026-02,2026-02-19,19
TBR,11.00R20 JUH5,1122111020016KUH50,115.0,2026-02,2026-02-19,19
TBR,11.00R20JDE++,1121111020016KDEP0,88.0,2026-02,2026-02-19,19
TBR,11R22.5 JDH5+,115121102C016LH5P0,44.0,2026-02,2026-02-19,19
TBR,11R22.5JDH,115121102C016LJDH0,66.0,2026-02,2026-02-19,19
TBR,11R22.5JUC,112321102C016LJUC0,42.0,2026-02,2026-02-19,19
TBR,255/70R22.5JTH1,115222562C016MTH10,50.0,2026-02,2026-02-19,19
TBR,295/80R22.5JDC3,115122982C016KDC30,44.0,2026-02,2026-02-19,19
TBR,295/80R22.5JDL,112122982C016MJDL0,88.0,2026-02,2026-02-19,19
TBR,295/80R22.5JUL1,112222982C016MJUM0,128.0,2026-02,2026-02-19,19
TBR,315/70R22.5JDL3,115123162C018LDL30,48.0,2026-02,2026-02-19,19
TBR,315/80R22.5JDL3,115123182C018LDL30,32.0,2026-02,2026-02-19,19
TBR,315/80R22.5JUC4,115323182C018LUC40,42.0,2026-02,2026-02-19,19
TBR,385/65R22.5JUH6,115223852C020KUH60,126.0,2026-02,2026-02-19,19
TBR,8.25R20JDE++,1121182020016KDEP0,220.0,2026-02,2026-02-19,19
TBR,8.25R20JUH3+,1122182020016KH3P0,50.0,2026-02,2026-02-19,19
TBR,8.25R20JUH5,1122182020016KUH50,154.0,2026-02,2026-02-19,19
TBR,9.00 R 20 JDE++,1121190020016KDEP0,82.0,2026-02,2026-02-19,19
TBR,9.00 R 20 JUH5,1122190020016KUH50,46.0,2026-02,2026-02-19,19
TBR,GT 5075 - 295/90R20 JUH XF,1122129A20152JULF0,103.0,2026-02,2026-02-19,19
TBR,GT 5076 - 295/90R20 JDE XF,1121129A20152JDLF0,84.0,2026-02,2026-02-19,19
TBR,GT 5078 - 295/80R22.5 JUX E,112222982C016JUXE0,58.0,2026-02,2026-02-19,19
TBR,GT 5079 - 255/70R22.5 JUX E,112222562C016MUXE0,126.0,2026-02,2026-02-19,19
TBR,GT 5083 - 295/80R22.5 JUM XM,112222982C016MJXM0,177.0,2026-02,2026-02-19,19
TBR,GT 5095 - 11.00R20 JUC3,1123111020016KJC30,68.0,2026-02,2026-02-19,19
TBR,GT 5096 - 11.00R20 JDC XD,1121111020016KCXD0,204.0,2026-02,2026-02-19,19
TBR,GT 5102 - 295/80R22.5 JDL XM DOM,112122982C016MJXM0,34.0,2026-02,2026-02-19,19
TBR,GT 5103 - 295/80R22.5 JUM XM OEM,112222982C152MJXM0,158.0,2026-02,2026-02-19,19
TBR,GT 5113 - 295/80R22.5 JDC XD,115122982C018KCXD0,44.0,2026-02,2026-02-19,19
TBR,GT 5114 - 315/80R22.5 JDC XD,115123182C020KCXD0,22.0,2026-02,2026-02-19,19
TBR,10.00 R 20 JDE,1121129A20000JDEP0,66.0,2026-02,2026-02-20,20
TBR,10.00 R 20 JUH5,1122110020016KUH50,320.0,2026-02,2026-02-20,20
TBR,10.00R 20 JW302,1123129A20152JUCM0,130.0,2026-02,2026-02-20,20
TBR,10.00R20JUC,1123110020016KJUC0,40.0,2026-02,2026-02-20,20
TBR,11.00R20 JUH5,1122111020016KUH50,139.0,2026-02,2026-02-20,20
TBR,11.00R20JDE++,1121111020016KDEP0,72.0,2026-02,2026-02-20,20
TBR,11R22.5 JDH5+,115121102C016LH5P0,42.0,2026-02,2026-02-20,20
TBR,11R22.5JDH,115121102C016LJDH0,94.0,2026-02,2026-02-20,20
TBR,11R22.5JUC,112321102C016LJUC0,46.0,2026-02,2026-02-20,20
TBR,255/70R22.5JTH1,115222562C016MTH10,46.0,2026-02,2026-02-20,20
TBR,295/80R22.5JDC3,115122982C016KDC30,42.0,2026-02,2026-02-20,20
TBR,295/80R22.5JDL,112122982C016MJDL0,92.0,2026-02,2026-02-20,20
TBR,295/80R22.5JUL1,112222982C016MJUM0,110.0,2026-02,2026-02-20,20
TBR,315/70R22.5JDL3,115123162C018LDL30,86.0,2026-02,2026-02-20,20
TBR,315/80R22.5JDL3,115123182C018LDL30,42.0,2026-02,2026-02-20,20
TBR,315/80R22.5JUC4,115323182C018LUC40,48.0,2026-02,2026-02-20,20
TBR,315/80R22.5JUL4,115223182C018LUL40,38.0,2026-02,2026-02-20,20
TBR,385/65R22.5JUH6,115223852C020KUH60,82.0,2026-02,2026-02-20,20
TBR,8.25R20JDE++,1121182020016KDEP0,196.0,2026-02,2026-02-20,20
TBR,8.25R20JUH3+,1122182020016KH3P0,22.0,2026-02,2026-02-20,20
TBR,8.25R20JUH5,1122182020016KUH50,154.0,2026-02,2026-02-20,20
TBR,9.00 R 20 JDE++,1121190020016KDEP0,62.0,2026-02,2026-02-20,20
TBR,9.00 R 20 JUH5,1122190020016KUH50,52.0,2026-02,2026-02-20,20
TBR,GT 5075 - 295/90R20 JUH XF,1122129A20152JULF0,136.0,2026-02,2026-02-20,20
TBR,GT 5076 - 295/90R20 JDE XF,1121129A20152JDLF0,104.0,2026-02,2026-02-20,20
TBR,GT 5078 - 295/80R22.5 JUX E,112222982C016JUXE0,13.0,2026-02,2026-02-20,20
TBR,GT 5079 - 255/70R22.5 JUX E,112222562C016MUXE0,138.0,2026-02,2026-02-20,20
TBR,GT 5083 - 295/80R22.5 JUM XM,112222982C016MJXM0,180.0,2026-02,2026-02-20,20
TBR,GT 5095 - 11.00R20 JUC3,1123111020016KJC30,84.0,2026-02,2026-02-20,20
TBR,GT 5096 - 11.00R20 JDC XD,1121111020016KCXD0,210.0,2026-02,2026-02-20,20
TBR,GT 5099 - 275/90R20 JUH XF,1122127A20149KUHF0,8.0,2026-02,2026-02-20,20
TBR,GT 5102 - 295/80R22.5 JDL XM DOM,112122982C016MJXM0,40.0,2026-02,2026-02-20,20
TBR,GT 5103 - 295/80R22.5 JUM XM OEM,112222982C152MJXM0,189.0,2026-02,2026-02-20,20
TBR,GT 5113 - 295/80R22.5 JDC XD,115122982C018KCXD0,46.0,2026-02,2026-02-20,20
TBR,GT 5114 - 315/80R22.5 JDC XD,115123182C020KCXD0,46.0,2026-02,2026-02-20,20
TBR,10.00 R 20 JDE,1121129A20000JDEP0,94.0,2026-02,2026-02-21,21
TBR,10.00 R 20 JUH5,1122110020016KUH50,347.0,2026-02,2026-02-21,21
TBR,10.00R 20 JW302,1123129A20152JUCM0,148.0,2026-02,2026-02-21,21
TBR,10.00R20JUC,1123110020016KJUC0,1.0,2026-02,2026-02-21,21
TBR,11.00R20 JUH5,1122111020016KUH50,126.0,2026-02,2026-02-21,21
TBR,11.00R20JDE++,1121111020016KDEP0,80.0,2026-02,2026-02-21,21
TBR,11R22.5 JDH5+,115121102C016LH5P0,44.0,2026-02,2026-02-21,21
TBR,11R22.5JDH,115121102C016LJDH0,94.0,2026-02,2026-02-21,21
TBR,11R22.5JUC,112321102C016LJUC0,44.0,2026-02,2026-02-21,21
TBR,255/70R22.5JTH1,115222562C016MTH10,52.0,2026-02,2026-02-21,21
TBR,295/80R22.5JDC3,115122982C016KDC30,42.0,2026-02,2026-02-21,21
TBR,295/80R22.5JDL,112122982C016MJDL0,94.0,2026-02,2026-02-21,21
TBR,295/80R22.5JUL1,112222982C016MJUM0,138.0,2026-02,2026-02-21,21
TBR,315/70R22.5JDL3,115123162C018LDL30,82.0,2026-02,2026-02-21,21
TBR,315/80R22.5JDL3,115123182C018LDL30,46.0,2026-02,2026-02-21,21
TBR,315/80R22.5JUC4,115323182C018LUC40,44.0,2026-02,2026-02-21,21
TBR,315/80R22.5JUL4,115223182C018LUL40,86.0,2026-02,2026-02-21,21
TBR,385/65R22.5JUH6,115223852C020KUH60,98.0,2026-02,2026-02-21,21
TBR,8.25R20JDE++,1121182020016KDEP0,190.0,2026-02,2026-02-21,21
TBR,8.25R20JUH5,1122182020016KUH50,135.0,2026-02,2026-02-21,21
TBR,9.00 R 20 JDE++,1121190020016KDEP0,42.0,2026-02,2026-02-21,21
TBR,9.00 R 20 JUH5,1122190020016KUH50,102.0,2026-02,2026-02-21,21
TBR,GT 5075 - 295/90R20 JUH XF,1122129A20152JULF0,143.0,2026-02,2026-02-21,21
TBR,GT 5076 - 295/90R20 JDE XF,1121129A20152JDLF0,127.0,2026-02,2026-02-21,21
TBR,GT 5079 - 255/70R22.5 JUX E,112222562C016MUXE0,136.0,2026-02,2026-02-21,21
TBR,GT 5083 - 295/80R22.5 JUM XM,112222982C016MJXM0,168.0,2026-02,2026-02-21,21
TBR,GT 5095 - 11.00R20 JUC3,1123111020016KJC30,88.0,2026-02,2026-02-21,21
TBR,GT 5096 - 11.00R20 JDC XD,1121111020016KCXD0,210.0,2026-02,2026-02-21,21
TBR,GT 5098 - 275/90R20 JDE XF,1121127A20149KDEF0,20.0,2026-02,2026-02-21,21
TBR,GT 5099 - 275/90R20 JUH XF,1122127A20149KUHF0,50.0,2026-02,2026-02-21,21
TBR,GT 5102 - 295/80R22.5 JDL XM DOM,112122982C016MJXM0,44.0,2026-02,2026-02-21,21
TBR,GT 5103 - 295/80R22.5 JUM XM OEM,112222982C152MJXM0,137.0,2026-02,2026-02-21,21
TBR,GT 5113 - 295/80R22.5 JDC XD,115122982C018KCXD0,32.0,2026-02,2026-02-21,21
TBR,GT 5114 - 315/80R22.5 JDC XD,115123182C020KCXD0,38.0,2026-02,2026-02-21,21
TBR,10.00 R 20 JDE,1121129A20000JDEP0,64.0,2026-02,2026-02-22,22
TBR,10.00 R 20 JUH5,1122110020016KUH50,318.0,2026-02,2026-02-22,22
TBR,10.00R 20 JW302,1123129A20152JUCM0,182.0,2026-02,2026-02-22,22
TBR,11.00R20 JUH5,1122111020016KUH50,136.0,2026-02,2026-02-22,22
TBR,11.00R20JDE++,1121111020016KDEP0,88.0,2026-02,2026-02-22,22
TBR,11R22.5 JUL2+,115221102C016LL2P0,23.0,2026-02,2026-02-22,22
TBR,11R22.5JDH,115121102C016LJDH0,92.0,2026-02,2026-02-22,22
TBR,11R22.5JUC,112321102C016LJUC0,36.0,2026-02,2026-02-22,22
TBR,255/70R22.5JTH1,115222562C016MTH10,54.0,2026-02,2026-02-22,22
TBR,295/80R22.5JDC3,115122982C016KDC30,40.0,2026-02,2026-02-22,22
TBR,295/80R22.5JDL,112122982C016MJDL0,80.0,2026-02,2026-02-22,22
TBR,295/80R22.5JUL1,112222982C016MJUM0,128.0,2026-02,2026-02-22,22
TBR,315/70R22.5JDL3,115123162C018LDL30,78.0,2026-02,2026-02-22,22
TBR,315/80R22.5JDL3,115123182C018LDL30,40.0,2026-02,2026-02-22,22
TBR,315/80R22.5JUC4,115323182C018LUC40,46.0,2026-02,2026-02-22,22
TBR,315/80R22.5JUL4,115223182C018LUL40,78.0,2026-02,2026-02-22,22
TBR,385/65R22.5JUH6,115223852C020KUH60,138.0,2026-02,2026-02-22,22
TBR,8.25R20JDE++,1121182020016KDEP0,162.0,2026-02,2026-02-22,22
TBR,8.25R20JUH5,1122182020016KUH50,149.0,2026-02,2026-02-22,22
TBR,9.00 R 20 JDE++,1121190020016KDEP0,38.0,2026-02,2026-02-22,22
TBR,9.00 R 20 JUH5,1122190020016KUH50,92.0,2026-02,2026-02-22,22
TBR,GT 5075 - 295/90R20 JUH XF,1122129A20152JULF0,142.0,2026-02,2026-02-22,22
TBR,GT 5076 - 295/90R20 JDE XF,1121129A20152JDLF0,130.0,2026-02,2026-02-22,22
TBR,GT 5079 - 255/70R22.5 JUX E,112222562C016MUXE0,119.0,2026-02,2026-02-22,22
TBR,GT 5083 - 295/80R22.5 JUM XM,112222982C016MJXM0,188.0,2026-02,2026-02-22,22
TBR,GT 5095 - 11.00R20 JUC3,1123111020016KJC30,76.0,2026-02,2026-02-22,22
TBR,GT 5096 - 11.00R20 JDC XD,1121111020016KCXD0,223.0,2026-02,2026-02-22,22
TBR,GT 5098 - 275/90R20 JDE XF,1121127A20149KDEF0,50.0,2026-02,2026-02-22,22
TBR,GT 5099 - 275/90R20 JUH XF,1122127A20149KUHF0,32.0,2026-02,2026-02-22,22
TBR,GT 5103 - 295/80R22.5 JUM XM OEM,112222982C152MJXM0,187.0,2026-02,2026-02-22,22
TBR,GT 5113 - 295/80R22.5 JDC XD,115122982C018KCXD0,44.0,2026-02,2026-02-22,22
TBR,GT 5114 - 315/80R22.5 JDC XD,115123182C020KCXD0,42.0,2026-02,2026-02-22,22
TBR,10.00 R 20 JDE,1121129A20000JDEP0,78.0,2026-02,2026-02-23,23
TBR,10.00 R 20 JUH5,1122110020016KUH50,348.0,2026-02,2026-02-23,23
TBR,10.00R 20 JW302,1123129A20152JUCM0,179.0,2026-02,2026-02-23,23
TBR,11.00R20 JUH5,1122111020016KUH50,139.0,2026-02,2026-02-23,23
TBR,11.00R20JDE++,1121111020016KDEP0,56.0,2026-02,2026-02-23,23
TBR,11R22.5 JUL2+,115221102C016LL2P0,43.0,2026-02,2026-02-23,23
TBR,11R22.5JDH,115121102C016LJDH0,88.0,2026-02,2026-02-23,23
TBR,11R22.5JUC,112321102C016LJUC0,46.0,2026-02,2026-02-23,23
TBR,255/70R22.5JTH1,115222562C016MTH10,50.0,2026-02,2026-02-23,23
TBR,295/80R22.5JDC3,115122982C016KDC30,40.0,2026-02,2026-02-23,23
TBR,295/80R22.5JDL,112122982C016MJDL0,86.0,2026-02,2026-02-23,23
TBR,295/80R22.5JUL1,112222982C016MJUM0,136.0,2026-02,2026-02-23,23
TBR,315/70R22.5JDL3,115123162C018LDL30,66.0,2026-02,2026-02-23,23
TBR,315/80R22.5JDL3,115123182C018LDL30,21.0,2026-02,2026-02-23,23
TBR,315/80R22.5JUC4,115323182C018LUC40,44.0,2026-02,2026-02-23,23
TBR,315/80R22.5JUL4,115223182C018LUL40,86.0,2026-02,2026-02-23,23
TBR,385/65R22.5JUCXD,115323852C020KUCD0,62.0,2026-02,2026-02-23,23
TBR,385/65R22.5JUH6,115223852C020KUH60,80.0,2026-02,2026-02-23,23
TBR,8.25R20JDE++,1121182020016KDEP0,204.0,2026-02,2026-02-23,23
TBR,8.25R20JUH5,1122182020016KUH50,159.0,2026-02,2026-02-23,23
TBR,9.00 R 20 JDE++,1121190020016KDEP0,26.0,2026-02,2026-02-23,23
TBR,9.00 R 20 JUH5,1122190020016KUH50,78.0,2026-02,2026-02-23,23
TBR,GT 5075 - 295/90R20 JUH XF,1122129A20152JULF0,76.0,2026-02,2026-02-23,23
TBR,GT 5076 - 295/90R20 JDE XF,1121129A20152JDLF0,126.0,2026-02,2026-02-23,23
TBR,GT 5079 - 255/70R22.5 JUX E,112222562C016MUXE0,19.0,2026-02,2026-02-23,23
TBR,GT 5083 - 295/80R22.5 JUM XM,112222982C016MJXM0,172.0,2026-02,2026-02-23,23
TBR,GT 5095 - 11.00R20 JUC3,1123111020016KJC30,92.0,2026-02,2026-02-23,23
TBR,GT 5096 - 11.00R20 JDC XD,1121111020016KCXD0,155.0,2026-02,2026-02-23,23
TBR,GT 5098 - 275/90R20 JDE XF,1121127A20149KDEF0,40.0,2026-02,2026-02-23,23
TBR,GT 5099 - 275/90R20 JUH XF,1122127A20149KUHF0,42.0,2026-02,2026-02-23,23
TBR,GT 5103 - 295/80R22.5 JUM XM OEM,112222982C152MJXM0,179.0,2026-02,2026-02-23,23
TBR,GT 5111 - 11R22.5 JDC,115121102C016LJDC0,30.0,2026-02,2026-02-23,23
TBR,GT 5113 - 295/80R22.5 JDC XD,115122982C018KCXD0,32.0,2026-02,2026-02-23,23
TBR,GT 5114 - 315/80R22.5 JDC XD,115123182C020KCXD0,41.0,2026-02,2026-02-23,23
TBR,10.00 R 20 JDE,1121129A20000JDEP0,88.0,2026-02,2026-02-24,24
TBR,10.00 R 20 JUH5,1122110020016KUH50,324.0,2026-02,2026-02-24,24
TBR,10.00R 20 JW302,1123129A20152JUCM0,166.0,2026-02,2026-02-24,24
TBR,11.00R20 JUH5,1122111020016KUH50,146.0,2026-02,2026-02-24,24
TBR,11.00R20JDE++,1121111020016KDEP0,88.0,2026-02,2026-02-24,24
TBR,11R22.5 JUL2+,115221102C016LL2P0,44.0,2026-02,2026-02-24,24
TBR,11R22.5 PS301,115221102C016L301P,8.0,2026-02,2026-02-24,24
TBR,11R22.5JDH,115121102C016LJDH0,66.0,2026-02,2026-02-24,24
TBR,11R22.5JUC,112321102C016LJUC0,50.0,2026-02,2026-02-24,24
TBR,255/70R22.5JTH1,115222562C016MTH10,9.0,2026-02,2026-02-24,24
TBR,295/80R22.5JDC3,115122982C016KDC30,42.0,2026-02,2026-02-24,24
TBR,295/80R22.5JDL,112122982C016MJDL0,68.0,2026-02,2026-02-24,24
TBR,295/80R22.5JUL1,112222982C016MJUM0,106.0,2026-02,2026-02-24,24
TBR,315/70R22.5JDL3,115123162C018LDL30,84.0,2026-02,2026-02-24,24
TBR,315/80R22.5JDL3,115123182C018LDL30,30.0,2026-02,2026-02-24,24
TBR,315/80R22.5JUC4,115323182C018LUC40,4.0,2026-02,2026-02-24,24
TBR,315/80R22.5JUL4,115223182C018LUL40,88.0,2026-02,2026-02-24,24
TBR,385/65R22.5JUCXD,115323852C020KUCD0,16.0,2026-02,2026-02-24,24
TBR,385/65R22.5JUH6,115223852C020KUH60,113.0,2026-02,2026-02-24,24
TBR,8.25R20JDE++,1121182020016KDEP0,168.0,2026-02,2026-02-24,24
TBR,8.25R20JUH5,1122182020016KUH50,102.0,2026-02,2026-02-24,24
TBR,9.00 R 20 JDE++,1121190020016KDEP0,48.0,2026-02,2026-02-24,24
TBR,9.00 R 20 JUH5,1122190020016KUH50,80.0,2026-02,2026-02-24,24
TBR,GT 5075 - 295/90R20 JUH XF,1122129A20152JULF0,145.0,2026-02,2026-02-24,24
TBR,GT 5076 - 295/90R20 JDE XF,1121129A20152JDLF0,103.0,2026-02,2026-02-24,24
TBR,GT 5079 - 255/70R22.5 JUX E,112222562C016MUXE0,86.0,2026-02,2026-02-24,24
TBR,GT 5083 - 295/80R22.5 JUM XM,112222982C016MJXM0,180.0,2026-02,2026-02-24,24
TBR,GT 5095 - 11.00R20 JUC3,1123111020016KJC30,90.0,2026-02,2026-02-24,24
TBR,GT 5096 - 11.00R20 JDC XD,1121111020016KCXD0,220.0,2026-02,2026-02-24,24
TBR,GT 5098 - 275/90R20 JDE XF,1121127A20149KDEF0,30.0,2026-02,2026-02-24,24
TBR,GT 5099 - 275/90R20 JUH XF,1122127A20149KUHF0,34.0,2026-02,2026-02-24,24
TBR,GT 5103 - 295/80R22.5 JUM XM OEM,112222982C152MJXM0,137.0,2026-02,2026-02-24,24
TBR,GT 5111 - 11R22.5 JDC,115121102C016LJDC0,44.0,2026-02,2026-02-24,24
TBR,GT 5113 - 295/80R22.5 JDC XD,115122982C018KCXD0,46.0,2026-02,2026-02-24,24
TBR,GT 5114 - 315/80R22.5 JDC XD,115123182C020KCXD0,37.0,2026-02,2026-02-24,24
TBR,10.00 R 20 JDE,1121129A20000JDEP0,82.0,2026-02,2026-02-25,25
TBR,10.00 R 20 JUH5,1122110020016KUH50,364.0,2026-02,2026-02-25,25
TBR,10.00R 20 JW302,1123129A20152JUCM0,166.0,2026-02,2026-02-25,25
TBR,11.00R20 JUH5,1122111020016KUH50,132.0,2026-02,2026-02-25,25
TBR,11.00R20JDE++,1121111020016KDEP0,90.0,2026-02,2026-02-25,25
TBR,11R22.5 JUL2+,115221102C016LL2P0,32.0,2026-02,2026-02-25,25
TBR,11R22.5 PS301,115221102C016L301P,62.0,2026-02,2026-02-25,25
TBR,11R22.5JDH,115121102C016LJDH0,96.0,2026-02,2026-02-25,25
TBR,11R22.5JUC,112321102C016LJUC0,27.0,2026-02,2026-02-25,25
TBR,255/70R22.5JTH1,115222562C016MTH10,49.0,2026-02,2026-02-25,25
TBR,295/80R22.5JDC3,115122982C016KDC30,42.0,2026-02,2026-02-25,25
TBR,295/80R22.5JDL,112122982C016MJDL0,90.0,2026-02,2026-02-25,25
TBR,295/80R22.5JUL1,112222982C016MJUM0,122.0,2026-02,2026-02-25,25
TBR,315/70R22.5JDL3,115123162C018LDL30,81.0,2026-02,2026-02-25,25
TBR,315/80R22.5JDL3,115123182C018LDL30,44.0,2026-02,2026-02-25,25
TBR,315/80R22.5JUL4,115223182C018LUL40,78.0,2026-02,2026-02-25,25
TBR,385/65R22.5JUCXD,115323852C020KUCD0,70.0,2026-02,2026-02-25,25
TBR,385/65R22.5JUH6,115223852C020KUH60,64.0,2026-02,2026-02-25,25
TBR,8.25R20JDE++,1121182020016KDEP0,158.0,2026-02,2026-02-25,25
TBR,8.25R20JUH5,1122182020016KUH50,150.0,2026-02,2026-02-25,25
TBR,9.00 R 20 JDE++,1121190020016KDEP0,46.0,2026-02,2026-02-25,25
TBR,9.00 R 20 JUH5,1122190020016KUH50,96.0,2026-02,2026-02-25,25
TBR,GT 5075 - 295/90R20 JUH XF,1122129A20152JULF0,94.0,2026-02,2026-02-25,25
TBR,GT 5076 - 295/90R20 JDE XF,1121129A20152JDLF0,144.0,2026-02,2026-02-25,25
TBR,GT 5079 - 255/70R22.5 JUX E,112222562C016MUXE0,28.0,2026-02,2026-02-25,25
TBR,GT 5083 - 295/80R22.5 JUM XM,112222982C016MJXM0,260.0,2026-02,2026-02-25,25
TBR,GT 5095 - 11.00R20 JUC3,1123111020016KJC30,90.0,2026-02,2026-02-25,25
TBR,GT 5096 - 11.00R20 JDC XD,1121111020016KCXD0,230.0,2026-02,2026-02-25,25
TBR,GT 5098 - 275/90R20 JDE XF,1121127A20149KDEF0,34.0,2026-02,2026-02-25,25
TBR,GT 5099 - 275/90R20 JUH XF,1122127A20149KUHF0,40.0,2026-02,2026-02-25,25
TBR,GT 5103 - 295/80R22.5 JUM XM OEM,112222982C152MJXM0,94.0,2026-02,2026-02-25,25
TBR,GT 5111 - 11R22.5 JDC,115121102C016LJDC0,40.0,2026-02,2026-02-25,25
TBR,GT 5113 - 295/80R22.5 JDC XD,115122982C018KCXD0,36.0,2026-02,2026-02-25,25
TBR,GT 5114 - 315/80R22.5 JDC XD,115123182C020KCXD0,33.0,2026-02,2026-02-25,25
TBR,10.00 R 20 JDE,1121129A20000JDEP0,80.0,2026-02,2026-02-26,26
TBR,10.00 R 20 JUH5,1122110020016KUH50,372.0,2026-02,2026-02-26,26
TBR,10.00R 20 JW302,1123129A20152JUCM0,178.0,2026-02,2026-02-26,26
TBR,11.00R20 JUH5,1122111020016KUH50,123.0,2026-02,2026-02-26,26
TBR,11.00R20JDE++,1121111020016KDEP0,84.0,2026-02,2026-02-26,26
TBR,11R22.5 PS301,115221102C016L301P,23.0,2026-02,2026-02-26,26
TBR,11R22.5JDH,115121102C016LJDH0,82.0,2026-02,2026-02-26,26
TBR,11R22.5JUC,112321102C016LJUC0,35.0,2026-02,2026-02-26,26
TBR,255/70R22.5JTH1,115222562C016MTH10,23.0,2026-02,2026-02-26,26
TBR,295/80R22.5JDC3,115122982C016KDC30,21.0,2026-02,2026-02-26,26
TBR,295/80R22.5JDL,112122982C016MJDL0,88.0,2026-02,2026-02-26,26
TBR,295/80R22.5JUL1,112222982C016MJUM0,142.0,2026-02,2026-02-26,26
TBR,315/70R22.5JDL3,115123162C018LDL30,70.0,2026-02,2026-02-26,26
TBR,315/80R22.5JDL3,115123182C018LDL30,44.0,2026-02,2026-02-26,26
TBR,315/80R22.5JUL4,115223182C018LUL40,76.0,2026-02,2026-02-26,26
TBR,385/65R22.5JUCXD,115323852C020KUCD0,86.0,2026-02,2026-02-26,26
TBR,385/65R22.5JUH6,115223852C020KUH60,96.0,2026-02,2026-02-26,26
TBR,8.25R20JDE++,1121182020016KDEP0,202.0,2026-02,2026-02-26,26
TBR,8.25R20JUH5,1122182020016KUH50,154.0,2026-02,2026-02-26,26
TBR,9.00 R 20 JDE++,1121190020016KDEP0,46.0,2026-02,2026-02-26,26
TBR,9.00 R 20 JUH5,1122190020016KUH50,94.0,2026-02,2026-02-26,26
TBR,GT 5075 - 295/90R20 JUH XF,1122129A20152JULF0,136.0,2026-02,2026-02-26,26
TBR,GT 5076 - 295/90R20 JDE XF,1121129A20152JDLF0,116.0,2026-02,2026-02-26,26
TBR,GT 5078 - 295/80R22.5 JUX E,112222982C016JUXE0,66.0,2026-02,2026-02-26,26
TBR,GT 5079 - 255/70R22.5 JUX E,112222562C016MUXE0,64.0,2026-02,2026-02-26,26
TBR,GT 5083 - 295/80R22.5 JUM XM,112222982C016MJXM0,243.0,2026-02,2026-02-26,26
TBR,GT 5095 - 11.00R20 JUC3,1123111020016KJC30,86.0,2026-02,2026-02-26,26
TBR,GT 5096 - 11.00R20 JDC XD,1121111020016KCXD0,214.0,2026-02,2026-02-26,26
TBR,GT 5098 - 275/90R20 JDE XF,1121127A20149KDEF0,46.0,2026-02,2026-02-26,26
TBR,GT 5099 - 275/90R20 JUH XF,1122127A20149KUHF0,38.0,2026-02,2026-02-26,26
TBR,GT 5103 - 295/80R22.5 JUM XM OEM,112222982C152MJXM0,90.0,2026-02,2026-02-26,26
TBR,GT 5111 - 11R22.5 JDC,115121102C016LJDC0,46.0,2026-02,2026-02-26,26
TBR,GT 5113 - 295/80R22.5 JDC XD,115122982C018KCXD0,42.0,2026-02,2026-02-26,26
TBR,GT 5114 - 315/80R22.5 JDC XD,115123182C020KCXD0,43.0,2026-02,2026-02-26,26
TBR,10.00 R 20 JDE,1121129A20000JDEP0,90.0,2026-02,2026-02-27,27
TBR,10.00 R 20 JUH5,1122110020016KUH50,342.0,2026-02,2026-02-27,27
TBR,10.00R 20 JW302,1123129A20152JUCM0,152.0,2026-02,2026-02-27,27
TBR,11.00R20 JUH5,1122111020016KUH50,121.0,2026-02,2026-02-27,27
TBR,11.00R20JDE++,1121111020016KDEP0,80.0,2026-02,2026-02-27,27
TBR,11R22.5JDH,115121102C016LJDH0,88.0,2026-02,2026-02-27,27
TBR,11R22.5JUC,112321102C016LJUC0,50.0,2026-02,2026-02-27,27
TBR,295/75R22.5JUL3,115222972C016LUL30,12.0,2026-02,2026-02-27,27
TBR,295/80R22.5JDL,112122982C016MJDL0,93.0,2026-02,2026-02-27,27
TBR,295/80R22.5JUL1,112222982C016MJUM0,137.0,2026-02,2026-02-27,27
TBR,315/70R22.5JDL3,115123162C018LDL30,85.0,2026-02,2026-02-27,27
TBR,315/70R22.5JUL4,115223162C018LUL40,26.0,2026-02,2026-02-27,27
TBR,315/80R22.5JDL3,115123182C018LDL30,43.0,2026-02,2026-02-27,27
TBR,315/80R22.5JUL4,115223182C018LUL40,62.0,2026-02,2026-02-27,27
TBR,385/65R22.5JUCXD,115323852C020KUCD0,38.0,2026-02,2026-02-27,27
TBR,385/65R22.5JUH6,115223852C020KUH60,72.0,2026-02,2026-02-27,27
TBR,8.25R20JDE++,1121182020016KDEP0,143.0,2026-02,2026-02-27,27
TBR,8.25R20JUH5,1122182020016KUH50,143.0,2026-02,2026-02-27,27
TBR,9.00 R 20 JDE++,1121190020016KDEP0,35.0,2026-02,2026-02-27,27
TBR,9.00 R 20 JUH5,1122190020016KUH50,86.0,2026-02,2026-02-27,27
TBR,GT 5075 - 295/90R20 JUH XF,1122129A20152JULF0,133.0,2026-02,2026-02-27,27
TBR,GT 5076 - 295/90R20 JDE XF,1121129A20152JDLF0,69.0,2026-02,2026-02-27,27
TBR,GT 5078 - 295/80R22.5 JUX E,112222982C016JUXE0,75.0,2026-02,2026-02-27,27
TBR,GT 5079 - 255/70R22.5 JUX E,112222562C016MUXE0,68.0,2026-02,2026-02-27,27
TBR,GT 5083 - 295/80R22.5 JUM XM,112222982C016MJXM0,273.0,2026-02,2026-02-27,27
TBR,GT 5095 - 11.00R20 JUC3,1123111020016KJC30,86.0,2026-02,2026-02-27,27
TBR,GT 5096 - 11.00R20 JDC XD,1121111020016KCXD0,196.0,2026-02,2026-02-27,27
TBR,GT 5098 - 275/90R20 JDE XF,1121127A20149KDEF0,40.0,2026-02,2026-02-27,27
TBR,GT 5099 - 275/90R20 JUH XF,1122127A20149KUHF0,48.0,2026-02,2026-02-27,27
TBR,GT 5103 - 295/80R22.5 JUM XM OEM,112222982C152MJXM0,78.0,2026-02,2026-02-27,27
TBR,GT 5111 - 11R22.5 JDC,115121102C016LJDC0,22.0,2026-02,2026-02-27,27
TBR,GT 5113 - 295/80R22.5 JDC XD,115122982C018KCXD0,43.0,2026-02,2026-02-27,27
TBR,GT 5114 - 315/80R22.5 JDC XD,115123182C020KCXD0,42.0,2026-02,2026-02-27,27
TBR,10.00 R 20 JDE,1121129A20000JDEP0,55.0,2026-02,2026-02-28,28
TBR,10.00 R 20 JUH5,1122110020016KUH50,337.0,2026-02,2026-02-28,28
TBR,10.00R 20 JW302,1123129A20152JUCM0,186.0,2026-02,2026-02-28,28
TBR,11.00R20 JUH5,1122111020016KUH50,115.0,2026-02,2026-02-28,28
TBR,11.00R20JDE++,1121111020016KDEP0,92.0,2026-02,2026-02-28,28
TBR,11R22.5JDH,115121102C016LJDH0,61.0,2026-02,2026-02-28,28
TBR,11R22.5JUC,112321102C016LJUC0,48.0,2026-02,2026-02-28,28
TBR,295/75R22.5JUL3,115222972C016LUL30,24.0,2026-02,2026-02-28,28
TBR,295/80R22.5JDL,112122982C016MJDL0,92.0,2026-02,2026-02-28,28
TBR,295/80R22.5JUL1,112222982C016MJUM0,130.0,2026-02,2026-02-28,28
TBR,315/70R22.5JDL3,115123162C018LDL30,69.0,2026-02,2026-02-28,28
TBR,315/70R22.5JUL4,115223162C018LUL40,40.0,2026-02,2026-02-28,28
TBR,315/80R22.5JDL3,115123182C018LDL30,44.0,2026-02,2026-02-28,28
TBR,315/80R22.5JUL4,115223182C018LUL40,64.0,2026-02,2026-02-28,28
TBR,385/65R22.5JUCXD,115323852C020KUCD0,44.0,2026-02,2026-02-28,28
TBR,385/65R22.5JUH6,115223852C020KUH60,75.0,2026-02,2026-02-28,28
TBR,8.25R20JDE++,1121182020016KDEP0,176.0,2026-02,2026-02-28,28
TBR,8.25R20JUH5,1122182020016KUH50,158.0,2026-02,2026-02-28,28
TBR,9.00 R 20 JUH3,1122190020014KJH30,22.0,2026-02,2026-02-28,28
TBR,9.00 R 20 JUH5,1122190020016KUH50,66.0,2026-02,2026-02-28,28
TBR,GT 5075 - 295/90R20 JUH XF,1122129A20152JULF0,83.0,2026-02,2026-02-28,28
TBR,GT 5076 - 295/90R20 JDE XF,1121129A20152JDLF0,126.0,2026-02,2026-02-28,28
TBR,GT 5078 - 295/80R22.5 JUX E,112222982C016JUXE0,70.0,2026-02,2026-02-28,28
TBR,GT 5079 - 255/70R22.5 JUX E,112222562C016MUXE0,90.0,2026-02,2026-02-28,28
TBR,GT 5083 - 295/80R22.5 JUM XM,112222982C016MJXM0,278.0,2026-02,2026-02-28,28
TBR,GT 5088 - 315/60R22.5 JDL3,115123142C020LDL30,24.0,2026-02,2026-02-28,28
TBR,GT 5095 - 11.00R20 JUC3,1123111020016KJC30,71.0,2026-02,2026-02-28,28
TBR,GT 5096 - 11.00R20 JDC XD,1121111020016KCXD0,212.0,2026-02,2026-02-28,28
TBR,GT 5098 - 275/90R20 JDE XF,1121127A20149KDEF0,46.0,2026-02,2026-02-28,28
TBR,GT 5099 - 275/90R20 JUH XF,1122127A20149KUHF0,40.0,2026-02,2026-02-28,28
TBR,GT 5103 - 295/80R22.5 JUM XM OEM,112222982C152MJXM0,84.0,2026-02,2026-02-28,28
TBR,GT 5111 - 11R22.5 JDC,115121102C016LJDC0,32.0,2026-02,2026-02-28,28
TBR,GT 5113 - 295/80R22.5 JDC XD,115122982C018KCXD0,42.0,2026-02,2026-02-28,28
TBR,GT 5114 - 315/80R22.5 JDC XD,115123182C020KCXD0,47.0,2026-02,2026-02-28,28
