plant,gt_code,sku,qty,month,due_date,day
PCR,GT  T1457 STAR,1325214617107MSXT0,182.0,2026-04,2026-04-01,1
PCR,GT 1402 XPC TATA,1D25214012008QXPCT,967.0,2026-04,2026-04-01,1
PCR,GT 1422 MAX,1325214812074TTMX0,90.0,2026-04,2026-04-01,1
PCR,GT 1482 UHL,1325214812074TUHL0,358.0,2026-04,2026-04-01,1
PCR,GT 1503 NEO MSIL,1325215813079TUNE3,1454.0,2026-04,2026-04-01,1
PCR,GT 1513 XPC1 MSIL,1D25215013008SXC10,2531.0,2026-04,2026-04-01,1
PCR,GT 1543 XPC1,1D25215013008SXC1T,47.0,2026-04,2026-04-01,1
PCR,GT 1583 NEO TATA,1325215813079TUNE5,345.0,2026-04,2026-04-01,1
PCR,GT 1634 XPC TATA,1D25216814008QXPC0,445.0,2026-04,2026-04-01,1
PCR,GT 1765 ROYL,1325217515084HURL2,677.0,2026-04,2026-04-01,1
PCR,GT 1844 XPC TML,1D25218014010RXPCT,356.0,2026-04,2026-04-01,1
PCR,GT 1854 XPC TT,1D25118014010RXPC0,124.0,2026-04,2026-04-01,1
PCR,GT 1856 ROYL,1325218316083HURL0,236.0,2026-04,2026-04-01,1
PCR,GT 1894 MAX,1325218614088TTMX0,578.0,2026-04,2026-04-01,1
PCR,GT 1925 XPC1,1225219Z15008SXC11,562.0,2026-04,2026-04-01,1
PCR,GT 1966 RAN HPE,1325219416089VRHE0,182.0,2026-04,2026-04-01,1
PCR,GT 1995 ROYL KIA,1325219515091HURL2,531.0,2026-04,2026-04-01,1
PCR,GT 2076 RAN HT,1325220416092HRHT0,336.0,2026-04,2026-04-01,1
PCR,GT 2158 ROYL HYU,1325221318095HURL0,518.0,2026-04,2026-04-01,1
PCR,GT 2226 LEVI,1325222316099YLEVY,138.0,2026-04,2026-04-01,1
PCR,GT 2267 ROYL HYU,1325221417096HURL0,1273.0,2026-04,2026-04-01,1
PCR,GT 2568 HT2,1325225518111HRHB0,310.0,2026-04,2026-04-01,1
PCR,GT 2575 RAN A/T,1325220615106SRAT0,118.0,2026-04,2026-04-01,1
PCR,GT 3105 RAN XAT,1325231015109RRXT0,66.0,2026-04,2026-04-01,1
PCR,GT 3115 RAN,1325210015109QRAT0,116.0,2026-04,2026-04-01,1
PCR,GT1564 NEO,1325215514075TUNE0,256.0,2026-04,2026-04-01,1
PCR,GT1914 XPC1,1D25219Z14008SXC10,273.0,2026-04,2026-04-01,1
PCR,GT1915 LT XPC1,1225219Z15008SXC10,30.0,2026-04,2026-04-01,1
PCR,GT  T1457 STAR,1325214617107MSXT0,178.0,2026-04,2026-04-02,2
PCR,GT 1402 XPC TATA,1D25214012008QXPCT,958.0,2026-04,2026-04-02,2
PCR,GT 1422 MAX,1325214812074TTMX0,182.0,2026-04,2026-04-02,2
PCR,GT 1482 UHL,1325214812074TUHL0,362.0,2026-04,2026-04-02,2
PCR,GT 1503 NEO MSIL,1325215813079TUNE3,1300.0,2026-04,2026-04-02,2
PCR,GT 1513 XPC1 MSIL,1D25215013008SXC10,2535.0,2026-04,2026-04-02,2
PCR,GT 1543 XPC1,1D25215013008SXC1T,17.0,2026-04,2026-04-02,2
PCR,GT 1583 NEO TATA,1325215813079TUNE5,349.0,2026-04,2026-04-02,2
PCR,GT 1634 XPC TATA,1D25216814008QXPC0,446.0,2026-04,2026-04-02,2
PCR,GT 1765 ROYL,1325217515084HURL2,755.0,2026-04,2026-04-02,2
PCR,GT 1844 XPC TML,1D25218014010RXPCT,364.0,2026-04,2026-04-02,2
PCR,GT 1854 XPC TT,1D25118014010RXPC0,61.0,2026-04,2026-04-02,2
PCR,GT 1856 ROYL,1325218316083HURL0,318.0,2026-04,2026-04-02,2
PCR,GT 1894 MAX,1325218614088TTMX0,568.0,2026-04,2026-04-02,2
PCR,GT 1925 XPC1,1225219Z15008SXC11,450.0,2026-04,2026-04-02,2
PCR,GT 1966 RAN HPE,1325219416089VRHE0,176.0,2026-04,2026-04-02,2
PCR,GT 1995 ROYL KIA,1325219515091HURL2,501.0,2026-04,2026-04-02,2
PCR,GT 2076 RAN HT,1325220416092HRHT0,370.0,2026-04,2026-04-02,2
PCR,GT 2158 ROYL HYU,1325221318095HURL0,462.0,2026-04,2026-04-02,2
PCR,GT 2226 LEVI,1325222316099YLEVY,138.0,2026-04,2026-04-02,2
PCR,GT 2267 ROYL HYU,1325221417096HURL0,1261.0,2026-04,2026-04-02,2
PCR,GT 2568 HT2,1325225518111HRHB0,296.0,2026-04,2026-04-02,2
PCR,GT 2575 RAN A/T,1325220615106SRAT0,136.0,2026-04,2026-04-02,2
PCR,GT 3115 RAN,1325210015109QRAT0,112.0,2026-04,2026-04-02,2
PCR,GT1564 NEO,1325215514075TUNE0,356.0,2026-04,2026-04-02,2
PCR,GT1914 XPC1,1D25219Z14008SXC10,296.0,2026-04,2026-04-02,2
PCR,GT1915 LT XPC1,1225219Z15008SXC10,323.0,2026-04,2026-04-02,2
PCR,GT  T1457 STAR,1325214617107MSXT0,188.0,2026-04,2026-04-03,3
PCR,GT 1402 XPC TATA,1D25214012008QXPCT,919.0,2026-04,2026-04-03,3
PCR,GT 1422 MAX,1325214812074TTMX0,156.0,2026-04,2026-04-03,3
PCR,GT 1482 UHL,1325214812074TUHL0,340.0,2026-04,2026-04-03,3
PCR,GT 1503 NEO MSIL,1325215813079TUNE3,1235.0,2026-04,2026-04-03,3
PCR,GT 1513 XPC1 MSIL,1D25215013008SXC10,2768.0,2026-04,2026-04-03,3
PCR,GT 1583 NEO TATA,1325215813079TUNE5,526.0,2026-04,2026-04-03,3
PCR,GT 1634 XPC TATA,1D25216814008QXPC0,420.0,2026-04,2026-04-03,3
PCR,GT 1765 ROYL,1325217515084HURL2,562.0,2026-04,2026-04-03,3
PCR,GT 1844 XPC TML,1D25218014010RXPCT,352.0,2026-04,2026-04-03,3
PCR,GT 1854 XPC TT,1D25118014010RXPC0,83.0,2026-04,2026-04-03,3
PCR,GT 1856 ROYL,1325218316083HURL0,299.0,2026-04,2026-04-03,3
PCR,GT 1894 MAX,1325218614088TTMX0,505.0,2026-04,2026-04-03,3
PCR,GT 1925 XPC1,1225219Z15008SXC11,444.0,2026-04,2026-04-03,3
PCR,GT 1966 RAN HPE,1325219416089VRHE0,180.0,2026-04,2026-04-03,3
PCR,GT 1995 ROYL KIA,1325219515091HURL2,545.0,2026-04,2026-04-03,3
PCR,GT 2076 RAN HT,1325220416092HRHT0,374.0,2026-04,2026-04-03,3
PCR,GT 2158 ROYL HYU,1325221318095HURL0,587.0,2026-04,2026-04-03,3
PCR,GT 2226 LEVI,1325222316099YLEVY,20.0,2026-04,2026-04-03,3
PCR,GT 2267 ROYL HYU,1325221417096HURL0,1282.0,2026-04,2026-04-03,3
PCR,GT 2526 ROYL PG,1325221416095VURP0,48.0,2026-04,2026-04-03,3
PCR,GT 2568 HT2,1325225518111HRHB0,312.0,2026-04,2026-04-03,3
PCR,GT 2575 RAN A/T,1325220615106SRAT0,131.0,2026-04,2026-04-03,3
PCR,GT 3115 RAN,1325210015109QRAT0,93.0,2026-04,2026-04-03,3
PCR,GT1564 NEO,1325215514075TUNE0,274.0,2026-04,2026-04-03,3
PCR,GT1914 XPC1,1D25219Z14008SXC10,276.0,2026-04,2026-04-03,3
PCR,GT1915 LT XPC1,1225219Z15008SXC10,376.0,2026-04,2026-04-03,3
PCR,GT  T1457 STAR,1325214617107MSXT0,88.0,2026-04,2026-04-04,4
PCR,GT 1402 XPC TATA,1D25214012008QXPCT,978.0,2026-04,2026-04-04,4
PCR,GT 1422 MAX,1325214812074TTMX0,128.0,2026-04,2026-04-04,4
PCR,GT 1482 UHL,1325214812074TUHL0,344.0,2026-04,2026-04-04,4
PCR,GT 1503 NEO MSIL,1325215813079TUNE3,1234.0,2026-04,2026-04-04,4
PCR,GT 1513 XPC1 MSIL,1D25215013008SXC10,2775.0,2026-04,2026-04-04,4
PCR,GT 1583 NEO TATA,1325215813079TUNE5,458.0,2026-04,2026-04-04,4
PCR,GT 1634 XPC TATA,1D25216814008QXPC0,434.0,2026-04,2026-04-04,4
PCR,GT 1765 ROYL,1325217515084HURL2,781.0,2026-04,2026-04-04,4
PCR,GT 1844 XPC TML,1D25218014010RXPCT,352.0,2026-04,2026-04-04,4
PCR,GT 1854 XPC TT,1D25118014010RXPC0,96.0,2026-04,2026-04-04,4
PCR,GT 1856 ROYL,1325218316083HURL0,229.0,2026-04,2026-04-04,4
PCR,GT 1894 MAX,1325218614088TTMX0,199.0,2026-04,2026-04-04,4
PCR,GT 1925 XPC1,1225219Z15008SXC11,434.0,2026-04,2026-04-04,4
PCR,GT 1966 RAN HPE,1325219416089VRHE0,172.0,2026-04,2026-04-04,4
PCR,GT 1995 ROYL KIA,1325219515091HURL2,562.0,2026-04,2026-04-04,4
PCR,GT 2076 RAN HT,1325220416092HRHT0,278.0,2026-04,2026-04-04,4
PCR,GT 2158 ROYL HYU,1325221318095HURL0,618.0,2026-04,2026-04-04,4
PCR,GT 2247 LEVI,1325222117094YLEV0,102.0,2026-04,2026-04-04,4
PCR,GT 2267 ROYL HYU,1325221417096HURL0,1266.0,2026-04,2026-04-04,4
PCR,GT 2526 ROYL PG,1325221416095VURP0,162.0,2026-04,2026-04-04,4
PCR,GT 2568 HT2,1325225518111HRHB0,326.0,2026-04,2026-04-04,4
PCR,GT 2575 RAN A/T,1325220615106SRAT0,138.0,2026-04,2026-04-04,4
PCR,GT1564 NEO,1325215514075TUNE0,380.0,2026-04,2026-04-04,4
PCR,GT1914 XPC1,1D25219Z14008SXC10,150.0,2026-04,2026-04-04,4
PCR,GT1915 LT XPC1,1225219Z15008SXC10,338.0,2026-04,2026-04-04,4
PCR,GT  T1457 STAR,1325214617107MSXT0,182.0,2026-04,2026-04-05,5
PCR,GT 1402 XPC TATA,1D25214012008QXPCT,966.0,2026-04,2026-04-05,5
PCR,GT 1422 MAX,1325214812074TTMX0,155.0,2026-04,2026-04-05,5
PCR,GT 1482 UHL,1325214812074TUHL0,347.0,2026-04,2026-04-05,5
PCR,GT 1503 NEO MSIL,1325215813079TUNE3,1211.0,2026-04,2026-04-05,5
PCR,GT 1513 XPC1 MSIL,1D25215013008SXC10,1550.0,2026-04,2026-04-05,5
PCR,GT 1543 XPC1,1D25215013008SXC1T,1036.0,2026-04,2026-04-05,5
PCR,GT 1583 NEO TATA,1325215813079TUNE5,523.0,2026-04,2026-04-05,5
PCR,GT 1634 XPC TATA,1D25216814008QXPC0,422.0,2026-04,2026-04-05,5
PCR,GT 1765 ROYL,1325217515084HURL2,777.0,2026-04,2026-04-05,5
PCR,GT 1844 XPC TML,1D25218014010RXPCT,271.0,2026-04,2026-04-05,5
PCR,GT 1854 XPC TT,1D25118014010RXPC0,110.0,2026-04,2026-04-05,5
PCR,GT 1856 ROYL,1325218316083HURL0,304.0,2026-04,2026-04-05,5
PCR,GT 1894 MAX,1325218614088TTMX0,345.0,2026-04,2026-04-05,5
PCR,GT 1925 XPC1,1225219Z15008SXC11,428.0,2026-04,2026-04-05,5
PCR,GT 1966 RAN HPE,1325219416089VRHE0,178.0,2026-04,2026-04-05,5
PCR,GT 1995 ROYL KIA,1325219515091HURL2,563.0,2026-04,2026-04-05,5
PCR,GT 2076 RAN HT,1325220416092HRHT0,159.0,2026-04,2026-04-05,5
PCR,GT 2158 ROYL HYU,1325221318095HURL0,622.0,2026-04,2026-04-05,5
PCR,GT 2247 LEVI,1325222117094YLEV0,82.0,2026-04,2026-04-05,5
PCR,GT 2256 ROYL,1325222416098VURL0,8.0,2026-04,2026-04-05,5
PCR,GT 2267 ROYL HYU,1325221417096HURL0,1184.0,2026-04,2026-04-05,5
PCR,GT 2526 ROYL PG,1325221416095VURP0,158.0,2026-04,2026-04-05,5
PCR,GT 2568 HT2,1325225518111HRHB0,89.0,2026-04,2026-04-05,5
PCR,GT 2575 RAN A/T,1325220615106SRAT0,92.0,2026-04,2026-04-05,5
PCR,GT1564 NEO,1325215514075TUNE0,382.0,2026-04,2026-04-05,5
PCR,GT1914 XPC1,1D25219Z14008SXC10,296.0,2026-04,2026-04-05,5
PCR,GT1915 LT XPC1,1225219Z15008SXC10,354.0,2026-04,2026-04-05,5
PCR,GT  T1457 STAR,1325214617107MSXT0,160.0,2026-04,2026-04-06,6
PCR,GT 1402 XPC TATA,1D25214012008QXPCT,928.0,2026-04,2026-04-06,6
PCR,GT 1422 MAX,1325214812074TTMX0,186.0,2026-04,2026-04-06,6
PCR,GT 1482 UHL,1325214812074TUHL0,340.0,2026-04,2026-04-06,6
PCR,GT 1503 NEO MSIL,1325215813079TUNE3,1253.0,2026-04,2026-04-06,6
PCR,GT 1513 XPC1 MSIL,1D25215013008SXC10,1460.0,2026-04,2026-04-06,6
PCR,GT 1543 XPC1,1D25215013008SXC1T,1072.0,2026-04,2026-04-06,6
PCR,GT 1583 NEO TATA,1325215813079TUNE5,536.0,2026-04,2026-04-06,6
PCR,GT 1634 XPC TATA,1D25216814008QXPC0,380.0,2026-04,2026-04-06,6
PCR,GT 1765 ROYL,1325217515084HURL2,610.0,2026-04,2026-04-06,6
PCR,GT 1844 XPC TML,1D25218014010RXPCT,275.0,2026-04,2026-04-06,6
PCR,GT 1854 XPC TT,1D25118014010RXPC0,118.0,2026-04,2026-04-06,6
PCR,GT 1856 ROYL,1325218316083HURL0,298.0,2026-04,2026-04-06,6
PCR,GT 1894 MAX,1325218614088TTMX0,360.0,2026-04,2026-04-06,6
PCR,GT 1925 XPC1,1225219Z15008SXC11,406.0,2026-04,2026-04-06,6
PCR,GT 1966 RAN HPE,1325219416089VRHE0,162.0,2026-04,2026-04-06,6
PCR,GT 1995 ROYL KIA,1325219515091HURL2,384.0,2026-04,2026-04-06,6
PCR,GT 2158 ROYL HYU,1325221318095HURL0,606.0,2026-04,2026-04-06,6
PCR,GT 2247 LEVI,1325222117094YLEV0,130.0,2026-04,2026-04-06,6
PCR,GT 2256 ROYL,1325222416098VURL0,324.0,2026-04,2026-04-06,6
PCR,GT 2267 ROYL HYU,1325221417096HURL0,1138.0,2026-04,2026-04-06,6
PCR,GT 2526 ROYL PG,1325221416095VURP0,160.0,2026-04,2026-04-06,6
PCR,GT 2568 HT2,1325225518111HRHB0,257.0,2026-04,2026-04-06,6
PCR,GT 2575 RAN A/T,1325220615106SRAT0,93.0,2026-04,2026-04-06,6
PCR,GT1564 NEO,1325215514075TUNE0,326.0,2026-04,2026-04-06,6
PCR,GT1914 XPC1,1D25219Z14008SXC10,281.0,2026-04,2026-04-06,6
PCR,GT1915 LT XPC1,1225219Z15008SXC10,372.0,2026-04,2026-04-06,6
PCR,GT  T1457 STAR,1325214617107MSXT0,146.0,2026-04,2026-04-07,7
PCR,GT 1402 XPC TATA,1D25214012008QXPCT,942.0,2026-04,2026-04-07,7
PCR,GT 1422 MAX,1325214812074TTMX0,125.0,2026-04,2026-04-07,7
PCR,GT 1482 UHL,1325214812074TUHL0,288.0,2026-04,2026-04-07,7
PCR,GT 1503 NEO MSIL,1325215813079TUNE3,1239.0,2026-04,2026-04-07,7
PCR,GT 1513 XPC1 MSIL,1D25215013008SXC10,1316.0,2026-04,2026-04-07,7
PCR,GT 1543 XPC1,1D25215013008SXC1T,855.0,2026-04,2026-04-07,7
PCR,GT 1583 NEO TATA,1325215813079TUNE5,396.0,2026-04,2026-04-07,7
PCR,GT 1634 XPC TATA,1D25216814008QXPC0,450.0,2026-04,2026-04-07,7
PCR,GT 1765 ROYL,1325217515084HURL2,571.0,2026-04,2026-04-07,7
PCR,GT 1844 XPC TML,1D25218014010RXPCT,346.0,2026-04,2026-04-07,7
PCR,GT 1854 XPC TT,1D25118014010RXPC0,107.0,2026-04,2026-04-07,7
PCR,GT 1856 ROYL,1325218316083HURL0,25.0,2026-04,2026-04-07,7
PCR,GT 1894 MAX,1325218614088TTMX0,228.0,2026-04,2026-04-07,7
PCR,GT 1925 XPC1,1225219Z15008SXC11,214.0,2026-04,2026-04-07,7
PCR,GT 1966 RAN HPE,1325219416089VRHE0,24.0,2026-04,2026-04-07,7
PCR,GT 1995 ROYL KIA,1325219515091HURL2,528.0,2026-04,2026-04-07,7
PCR,GT 2158 ROYL HYU,1325221318095HURL0,348.0,2026-04,2026-04-07,7
PCR,GT 2256 ROYL,1325222416098VURL0,346.0,2026-04,2026-04-07,7
PCR,GT 2267 ROYL HYU,1325221417096HURL0,815.0,2026-04,2026-04-07,7
PCR,GT 2476 SUP MM,1325224716111SELS0,396.0,2026-04,2026-04-07,7
PCR,GT 2526 ROYL PG,1325221416095VURP0,89.0,2026-04,2026-04-07,7
PCR,GT 2568 HT2,1325225518111HRHB0,292.0,2026-04,2026-04-07,7
PCR,GT 2575 RAN A/T,1325220615106SRAT0,91.0,2026-04,2026-04-07,7
PCR,GT1564 NEO,1325215514075TUNE0,154.0,2026-04,2026-04-07,7
PCR,GT1814 XPC,1D25218Z14008QXPC0,4.0,2026-04,2026-04-07,7
PCR,GT1914 XPC1,1D25219Z14008SXC10,27.0,2026-04,2026-04-07,7
PCR,GT1915 LT XPC1,1225219Z15008SXC10,314.0,2026-04,2026-04-07,7
PCR,GT  T1457 STAR,1325214617107MSXT0,62.0,2026-04,2026-04-08,8
PCR,GT 1402 XPC TATA,1D25214012008QXPCT,884.0,2026-04,2026-04-08,8
PCR,GT 1482 UHL,1325214812074TUHL0,482.0,2026-04,2026-04-08,8
PCR,GT 1503 NEO MSIL,1325215813079TUNE3,1208.0,2026-04,2026-04-08,8
PCR,GT 1513 XPC1 MSIL,1D25215013008SXC10,1465.0,2026-04,2026-04-08,8
PCR,GT 1543 XPC1,1D25215013008SXC1T,637.0,2026-04,2026-04-08,8
PCR,GT 1583 NEO TATA,1325215813079TUNE5,354.0,2026-04,2026-04-08,8
PCR,GT 1634 XPC TATA,1D25216814008QXPC0,322.0,2026-04,2026-04-08,8
PCR,GT 1765 ROYL,1325217515084HURL2,575.0,2026-04,2026-04-08,8
PCR,GT 1844 XPC TML,1D25218014010RXPCT,317.0,2026-04,2026-04-08,8
PCR,GT 1854 XPC TT,1D25118014010RXPC0,101.0,2026-04,2026-04-08,8
PCR,GT 1894 MAX,1325218614088TTMX0,293.0,2026-04,2026-04-08,8
PCR,GT 1925 XPC1,1225219Z15008SXC11,440.0,2026-04,2026-04-08,8
PCR,GT 1995 ROYL KIA,1325219515091HURL2,736.0,2026-04,2026-04-08,8
PCR,GT 2158 ROYL HYU,1325221318095HURL0,620.0,2026-04,2026-04-08,8
PCR,GT 2247 LEVI,1325222117094YLEV0,126.0,2026-04,2026-04-08,8
PCR,GT 2256 ROYL,1325222416098VURL0,260.0,2026-04,2026-04-08,8
PCR,GT 2267 ROYL HYU,1325221417096HURL0,1184.0,2026-04,2026-04-08,8
PCR,GT 2476 SUP MM,1325224716111SELS0,640.0,2026-04,2026-04-08,8
PCR,GT 2568 HT2,1325225518111HRHB0,152.0,2026-04,2026-04-08,8
PCR,GT 2575 RAN A/T,1325220615106SRAT0,8.0,2026-04,2026-04-08,8
PCR,GT1564 NEO,1325215514075TUNE0,296.0,2026-04,2026-04-08,8
PCR,GT1814 XPC,1D25218Z14008QXPC0,96.0,2026-04,2026-04-08,8
PCR,GT1914 XPC1,1D25219Z14008SXC10,64.0,2026-04,2026-04-08,8
PCR,GT1915 LT XPC1,1225219Z15008SXC10,246.0,2026-04,2026-04-08,8
PCR,GT  T1457 STAR,1325214617107MSXT0,136.0,2026-04,2026-04-09,9
PCR,GT 1402 XPC TATA,1D25214012008QXPCT,812.0,2026-04,2026-04-09,9
PCR,GT 1482 UHL,1325214812074TUHL0,340.0,2026-04,2026-04-09,9
PCR,GT 1503 NEO MSIL,1325215813079TUNE3,1059.0,2026-04,2026-04-09,9
PCR,GT 1513 XPC1 MSIL,1D25215013008SXC10,2371.0,2026-04,2026-04-09,9
PCR,GT 1543 XPC1,1D25215013008SXC1T,115.0,2026-04,2026-04-09,9
PCR,GT 1583 NEO TATA,1325215813079TUNE5,481.0,2026-04,2026-04-09,9
PCR,GT 1634 XPC TATA,1D25216814008QXPC0,426.0,2026-04,2026-04-09,9
PCR,GT 1672 SPT,1325216612077TUSP0,46.0,2026-04,2026-04-09,9
PCR,GT 1765 ROYL,1325217515084HURL2,542.0,2026-04,2026-04-09,9
PCR,GT 1844 XPC TML,1D25218014010RXPCT,288.0,2026-04,2026-04-09,9
PCR,GT 1894 MAX,1325218614088TTMX0,231.0,2026-04,2026-04-09,9
PCR,GT 1925 XPC1,1225219Z15008SXC11,404.0,2026-04,2026-04-09,9
PCR,GT 1995 ROYL KIA,1325219515091HURL2,684.0,2026-04,2026-04-09,9
PCR,GT 2158 ROYL HYU,1325221318095HURL0,567.0,2026-04,2026-04-09,9
PCR,GT 2247 LEVI,1325222117094YLEV0,114.0,2026-04,2026-04-09,9
PCR,GT 2256 ROYL,1325222416098VURL0,310.0,2026-04,2026-04-09,9
PCR,GT 2267 ROYL HYU,1325221417096HURL0,1150.0,2026-04,2026-04-09,9
PCR,GT 2476 SUP MM,1325224716111SELS0,572.0,2026-04,2026-04-09,9
PCR,GT 2568 HT2,1325225518111HRHB0,202.0,2026-04,2026-04-09,9
PCR,GT 2575 RAN A/T,1325220615106SRAT0,130.0,2026-04,2026-04-09,9
PCR,GT1564 NEO,1325215514075TUNE0,320.0,2026-04,2026-04-09,9
PCR,GT1814 XPC,1D25218Z14008QXPC0,135.0,2026-04,2026-04-09,9
PCR,GT1914 XPC1,1D25219Z14008SXC10,135.0,2026-04,2026-04-09,9
PCR,GT1915 LT XPC1,1225219Z15008SXC10,308.0,2026-04,2026-04-09,9
PCR,GT  T1457 STAR,1325214617107MSXT0,16.0,2026-04,2026-04-10,10
PCR,GT 1402 XPC TATA,1D25214012008QXPCT,962.0,2026-04,2026-04-10,10
PCR,GT 1482 UHL,1325214812074TUHL0,256.0,2026-04,2026-04-10,10
PCR,GT 1503 NEO MSIL,1325215813079TUNE3,1127.0,2026-04,2026-04-10,10
PCR,GT 1513 XPC1 MSIL,1D25215013008SXC10,2773.0,2026-04,2026-04-10,10
PCR,GT 1583 NEO TATA,1325215813079TUNE5,433.0,2026-04,2026-04-10,10
PCR,GT 1634 XPC TATA,1D25216814008QXPC0,448.0,2026-04,2026-04-10,10
PCR,GT 1672 SPT,1325216612077TUSP0,106.0,2026-04,2026-04-10,10
PCR,GT 1765 ROYL,1325217515084HURL2,509.0,2026-04,2026-04-10,10
PCR,GT 1844 XPC TML,1D25218014010RXPCT,374.0,2026-04,2026-04-10,10
PCR,GT 1894 MAX,1325218614088TTMX0,256.0,2026-04,2026-04-10,10
PCR,GT 1925 XPC1,1225219Z15008SXC11,422.0,2026-04,2026-04-10,10
PCR,GT 1995 ROYL KIA,1325219515091HURL2,642.0,2026-04,2026-04-10,10
PCR,GT 2158 ROYL HYU,1325221318095HURL0,498.0,2026-04,2026-04-10,10
PCR,GT 2247 LEVI,1325222117094YLEV0,42.0,2026-04,2026-04-10,10
PCR,GT 2256 ROYL,1325222416098VURL0,118.0,2026-04,2026-04-10,10
PCR,GT 2267 ROYL HYU,1325221417096HURL0,1130.0,2026-04,2026-04-10,10
PCR,GT 2476 SUP MM,1325224716111SELS0,622.0,2026-04,2026-04-10,10
PCR,GT 2568 HT2,1325225518111HRHB0,270.0,2026-04,2026-04-10,10
PCR,GT 2575 RAN A/T,1325220615106SRAT0,99.0,2026-04,2026-04-10,10
PCR,GT1564 NEO,1325215514075TUNE0,358.0,2026-04,2026-04-10,10
PCR,GT1814 XPC,1D25218Z14008QXPC0,241.0,2026-04,2026-04-10,10
PCR,GT1915 LT XPC1,1225219Z15008SXC10,379.0,2026-04,2026-04-10,10
PCR,GT  T1457 STAR,1325214617107MSXT0,170.0,2026-04,2026-04-11,11
PCR,GT 1402 XPC TATA,1D25214012008QXPCT,885.0,2026-04,2026-04-11,11
PCR,GT 1482 UHL,1325214812074TUHL0,310.0,2026-04,2026-04-11,11
PCR,GT 1503 NEO MSIL,1325215813079TUNE3,1043.0,2026-04,2026-04-11,11
PCR,GT 1513 XPC1 MSIL,1D25215013008SXC10,2662.0,2026-04,2026-04-11,11
PCR,GT 1583 NEO TATA,1325215813079TUNE5,380.0,2026-04,2026-04-11,11
PCR,GT 1634 XPC TATA,1D25216814008QXPC0,382.0,2026-04,2026-04-11,11
PCR,GT 1672 SPT,1325216612077TUSP0,108.0,2026-04,2026-04-11,11
PCR,GT 1765 ROYL,1325217515084HURL2,511.0,2026-04,2026-04-11,11
PCR,GT 1844 XPC TML,1D25218014010RXPCT,357.0,2026-04,2026-04-11,11
PCR,GT 1894 MAX,1325218614088TTMX0,122.0,2026-04,2026-04-11,11
PCR,GT 1925 XPC1,1225219Z15008SXC11,404.0,2026-04,2026-04-11,11
PCR,GT 1995 ROYL KIA,1325219515091HURL2,599.0,2026-04,2026-04-11,11
PCR,GT 2075 RAN AT,1225225615113SRAT0,24.0,2026-04,2026-04-11,11
PCR,GT 2158 ROYL HYU,1325221318095HURL0,402.0,2026-04,2026-04-11,11
PCR,GT 2247 LEVI,1325222117094YLEV0,130.0,2026-04,2026-04-11,11
PCR,GT 2256 ROYL,1325222416098VURL0,153.0,2026-04,2026-04-11,11
PCR,GT 2267 ROYL HYU,1325221417096HURL0,1208.0,2026-04,2026-04-11,11
PCR,GT 2476 SUP MM,1325224716111SELS0,584.0,2026-04,2026-04-11,11
PCR,GT 2568 HT2,1325225518111HRHB0,340.0,2026-04,2026-04-11,11
PCR,GT1564 NEO,1325215514075TUNE0,342.0,2026-04,2026-04-11,11
PCR,GT1814 XPC,1D25218Z14008QXPC0,212.0,2026-04,2026-04-11,11
PCR,GT1915 LT XPC1,1225219Z15008SXC10,352.0,2026-04,2026-04-11,11
PCR,GT  T1457 STAR,1325214617107MSXT0,161.0,2026-04,2026-04-12,12
PCR,GT 1402 XPC TATA,1D25214012008QXPCT,935.0,2026-04,2026-04-12,12
PCR,GT 1482 UHL,1325214812074TUHL0,318.0,2026-04,2026-04-12,12
PCR,GT 1503 NEO MSIL,1325215813079TUNE3,975.0,2026-04,2026-04-12,12
PCR,GT 1513 XPC1 MSIL,1D25215013008SXC10,1835.0,2026-04,2026-04-12,12
PCR,GT 1543 XPC1,1D25215013008SXC1T,174.0,2026-04,2026-04-12,12
PCR,GT 1583 NEO TATA,1325215813079TUNE5,456.0,2026-04,2026-04-12,12
PCR,GT 1634 XPC TATA,1D25216814008QXPC0,315.0,2026-04,2026-04-12,12
PCR,GT 1672 SPT,1325216612077TUSP0,121.0,2026-04,2026-04-12,12
PCR,GT 1765 ROYL,1325217515084HURL2,485.0,2026-04,2026-04-12,12
PCR,GT 1844 XPC TML,1D25218014010RXPCT,339.0,2026-04,2026-04-12,12
PCR,GT 1894 MAX,1325218614088TTMX0,164.0,2026-04,2026-04-12,12
PCR,GT 1925 XPC1,1225219Z15008SXC11,388.0,2026-04,2026-04-12,12
PCR,GT 1995 ROYL KIA,1325219515091HURL2,719.0,2026-04,2026-04-12,12
PCR,GT 2075 RAN AT,1225225615113SRAT0,122.0,2026-04,2026-04-12,12
PCR,GT 2158 ROYL HYU,1325221318095HURL0,448.0,2026-04,2026-04-12,12
PCR,GT 2247 LEVI,1325222117094YLEV0,254.0,2026-04,2026-04-12,12
PCR,GT 2256 ROYL,1325222416098VURL0,7.0,2026-04,2026-04-12,12
PCR,GT 2267 ROYL HYU,1325221417096HURL0,1052.0,2026-04,2026-04-12,12
PCR,GT 2476 SUP MM,1325224716111SELS0,592.0,2026-04,2026-04-12,12
PCR,GT 2568 HT2,1325225518111HRHB0,400.0,2026-04,2026-04-12,12
PCR,GT1564 NEO,1325215514075TUNE0,322.0,2026-04,2026-04-12,12
PCR,GT1814 XPC,1D25218Z14008QXPC0,128.0,2026-04,2026-04-12,12
PCR,GT1915 LT XPC1,1225219Z15008SXC10,353.0,2026-04,2026-04-12,12
PCR,GT2266 RAN HT,1325221516098HRHT0,106.0,2026-04,2026-04-12,12
PCR,GT  T1457 STAR,1325214617107MSXT0,158.0,2026-04,2026-04-13,13
PCR,GT 1402 XPC TATA,1D25214012008QXPCT,881.0,2026-04,2026-04-13,13
PCR,GT 1482 UHL,1325214812074TUHL0,354.0,2026-04,2026-04-13,13
PCR,GT 1503 NEO MSIL,1325215813079TUNE3,940.0,2026-04,2026-04-13,13
PCR,GT 1513 XPC1 MSIL,1D25215013008SXC10,2327.0,2026-04,2026-04-13,13
PCR,GT 1543 XPC1,1D25215013008SXC1T,267.0,2026-04,2026-04-13,13
PCR,GT 1583 NEO TATA,1325215813079TUNE5,494.0,2026-04,2026-04-13,13
PCR,GT 1634 XPC TATA,1D25216814008QXPC0,423.0,2026-04,2026-04-13,13
PCR,GT 1672 SPT,1325216612077TUSP0,79.0,2026-04,2026-04-13,13
PCR,GT 1765 ROYL,1325217515084HURL2,472.0,2026-04,2026-04-13,13
PCR,GT 1844 XPC TML,1D25218014010RXPCT,287.0,2026-04,2026-04-13,13
PCR,GT 1894 MAX,1325218614088TTMX0,184.0,2026-04,2026-04-13,13
PCR,GT 1925 XPC1,1225219Z15008SXC11,298.0,2026-04,2026-04-13,13
PCR,GT 1995 ROYL KIA,1325219515091HURL2,739.0,2026-04,2026-04-13,13
PCR,GT 2075 RAN AT,1225225615113SRAT0,120.0,2026-04,2026-04-13,13
PCR,GT 2158 ROYL HYU,1325221318095HURL0,442.0,2026-04,2026-04-13,13
PCR,GT 2247 LEVI,1325222117094YLEV0,272.0,2026-04,2026-04-13,13
PCR,GT 2267 ROYL HYU,1325221417096HURL0,1222.0,2026-04,2026-04-13,13
PCR,GT 2455 RAN A/T,1325221715100SRAT0,64.0,2026-04,2026-04-13,13
PCR,GT 2476 SUP MM,1325224716111SELS0,610.0,2026-04,2026-04-13,13
PCR,GT 2568 HT2,1325225518111HRHB0,406.0,2026-04,2026-04-13,13
PCR,GT1564 NEO,1325215514075TUNE0,322.0,2026-04,2026-04-13,13
PCR,GT1814 XPC,1D25218Z14008QXPC0,173.0,2026-04,2026-04-13,13
PCR,GT1915 LT XPC1,1225219Z15008SXC10,286.0,2026-04,2026-04-13,13
PCR,GT2266 RAN HT,1325221516098HRHT0,258.0,2026-04,2026-04-13,13
PCR,GT  T1457 STAR,1325214617107MSXT0,156.0,2026-04,2026-04-14,14
PCR,GT 1402 XPC TATA,1D25214012008QXPCT,965.0,2026-04,2026-04-14,14
PCR,GT 1482 UHL,1325214812074TUHL0,312.0,2026-04,2026-04-14,14
PCR,GT 1503 NEO MSIL,1325215813079TUNE3,954.0,2026-04,2026-04-14,14
PCR,GT 1513 XPC1 MSIL,1D25215013008SXC10,2616.0,2026-04,2026-04-14,14
PCR,GT 1543 XPC1,1D25215013008SXC1T,9.0,2026-04,2026-04-14,14
PCR,GT 1583 NEO TATA,1325215813079TUNE5,390.0,2026-04,2026-04-14,14
PCR,GT 1634 XPC TATA,1D25216814008QXPC0,304.0,2026-04,2026-04-14,14
PCR,GT 1672 SPT,1325216612077TUSP0,138.0,2026-04,2026-04-14,14
PCR,GT 1673 NEO,1325216613079HUNE0,24.0,2026-04,2026-04-14,14
PCR,GT 1765 ROYL,1325217515084HURL2,473.0,2026-04,2026-04-14,14
PCR,GT 1844 UXT,1325218514086HUTR0,1.0,2026-04,2026-04-14,14
PCR,GT 1844 XPC TML,1D25218014010RXPCT,330.0,2026-04,2026-04-14,14
PCR,GT 1894 MAX,1325218614088TTMX0,199.0,2026-04,2026-04-14,14
PCR,GT 1925 XPC1,1225219Z15008SXC11,204.0,2026-04,2026-04-14,14
PCR,GT 1995 ROYL KIA,1325219515091HURL2,619.0,2026-04,2026-04-14,14
PCR,GT 2075 RAN AT,1225225615113SRAT0,24.0,2026-04,2026-04-14,14
PCR,GT 2158 ROYL HYU,1325221318095HURL0,444.0,2026-04,2026-04-14,14
PCR,GT 2247 LEVI,1325222117094YLEV0,288.0,2026-04,2026-04-14,14
PCR,GT 2267 ROYL HYU,1325221417096HURL0,1148.0,2026-04,2026-04-14,14
PCR,GT 2455 RAN A/T,1325221715100SRAT0,227.0,2026-04,2026-04-14,14
PCR,GT 2476 SUP MM,1325224716111SELS0,597.0,2026-04,2026-04-14,14
PCR,GT 2568 HT2,1325225518111HRHB0,428.0,2026-04,2026-04-14,14
PCR,GT1564 NEO,1325215514075TUNE0,376.0,2026-04,2026-04-14,14
PCR,GT1814 XPC,1D25218Z14008QXPC0,246.0,2026-04,2026-04-14,14
PCR,GT1915 LT XPC1,1225219Z15008SXC10,308.0,2026-04,2026-04-14,14
PCR,GT2266 RAN HT,1325221516098HRHT0,310.0,2026-04,2026-04-14,14
PCR,GT  T1457 STAR,1325214617107MSXT0,146.0,2026-04,2026-04-15,15
PCR,GT 1402 XPC TATA,1D25214012008QXPCT,941.0,2026-04,2026-04-15,15
PCR,GT 1482 UHL,1325214812074TUHL0,356.0,2026-04,2026-04-15,15
PCR,GT 1503 NEO MSIL,1325215813079TUNE3,1172.0,2026-04,2026-04-15,15
PCR,GT 1513 XPC1 MSIL,1D25215013008SXC10,2681.0,2026-04,2026-04-15,15
PCR,GT 1583 NEO TATA,1325215813079TUNE5,491.0,2026-04,2026-04-15,15
PCR,GT 1634 XPC TATA,1D25216814008QXPC0,428.0,2026-04,2026-04-15,15
PCR,GT 1672 SPT,1325216612077TUSP0,146.0,2026-04,2026-04-15,15
PCR,GT 1765 ROYL,1325217515084HURL2,412.0,2026-04,2026-04-15,15
PCR,GT 1844 XPC TML,1D25218014010RXPCT,297.0,2026-04,2026-04-15,15
PCR,GT 1894 MAX,1325218614088TTMX0,182.0,2026-04,2026-04-15,15
PCR,GT 1925 XPC1,1225219Z15008SXC11,194.0,2026-04,2026-04-15,15
PCR,GT 1965 ROYL,1325219515091HURL3,121.0,2026-04,2026-04-15,15
PCR,GT 1995 ROYL KIA,1325219515091HURL2,565.0,2026-04,2026-04-15,15
PCR,GT 2075 RAN AT,1225225615113SRAT0,10.0,2026-04,2026-04-15,15
PCR,GT 2158 ROYL HYU,1325221318095HURL0,428.0,2026-04,2026-04-15,15
PCR,GT 2247 LEVI,1325222117094YLEV0,112.0,2026-04,2026-04-15,15
PCR,GT 2267 ROYL HYU,1325221417096HURL0,1217.0,2026-04,2026-04-15,15
PCR,GT 2455 RAN A/T,1325221715100SRAT0,32.0,2026-04,2026-04-15,15
PCR,GT 2476 SUP MM,1325224716111SELS0,614.0,2026-04,2026-04-15,15
PCR,GT 2568 HT2,1325225518111HRHB0,188.0,2026-04,2026-04-15,15
PCR,GT1564 NEO,1325215514075TUNE0,276.0,2026-04,2026-04-15,15
PCR,GT1814 XPC,1D25218Z14008QXPC0,128.0,2026-04,2026-04-15,15
PCR,GT1915 LT XPC1,1225219Z15008SXC10,256.0,2026-04,2026-04-15,15
PCR,GT2266 RAN HT,1325221516098HRHT0,306.0,2026-04,2026-04-15,15
PCR,GT  T1457 STAR,1325214617107MSXT0,184.0,2026-04,2026-04-16,16
PCR,GT 1402 XPC TATA,1D25214012008QXPCT,970.0,2026-04,2026-04-16,16
PCR,GT 1482 UHL,1325214812074TUHL0,384.0,2026-04,2026-04-16,16
PCR,GT 1503 NEO MSIL,1325215813079TUNE3,1419.0,2026-04,2026-04-16,16
PCR,GT 1513 XPC1 MSIL,1D25215013008SXC10,2721.0,2026-04,2026-04-16,16
PCR,GT 1583 NEO TATA,1325215813079TUNE5,479.0,2026-04,2026-04-16,16
PCR,GT 1634 XPC TATA,1D25216814008QXPC0,336.0,2026-04,2026-04-16,16
PCR,GT 1672 SPT,1325216612077TUSP0,94.0,2026-04,2026-04-16,16
PCR,GT 1765 ROYL,1325217515084HURL2,395.0,2026-04,2026-04-16,16
PCR,GT 1844 XPC TML,1D25218014010RXPCT,282.0,2026-04,2026-04-16,16
PCR,GT 1894 MAX,1325218614088TTMX0,178.0,2026-04,2026-04-16,16
PCR,GT 1925 XPC1,1225219Z15008SXC11,26.0,2026-04,2026-04-16,16
PCR,GT 1965 ROYL,1325219515091HURL3,387.0,2026-04,2026-04-16,16
PCR,GT 1995 ROYL KIA,1325219515091HURL2,584.0,2026-04,2026-04-16,16
PCR,GT 2158 ROYL HYU,1325221318095HURL0,418.0,2026-04,2026-04-16,16
PCR,GT 2247 LEVI,1325222117094YLEV0,138.0,2026-04,2026-04-16,16
PCR,GT 2267 ROYL HYU,1325221417096HURL0,1141.0,2026-04,2026-04-16,16
PCR,GT 2455 RAN A/T,1325221715100SRAT0,225.0,2026-04,2026-04-16,16
PCR,GT 2476 SUP MM,1325224716111SELS0,572.0,2026-04,2026-04-16,16
PCR,GT 2568 HT2,1325225518111HRHB0,482.0,2026-04,2026-04-16,16
PCR,GT 2737 LEVI,1325223317103YLEV0,4.0,2026-04,2026-04-16,16
PCR,GT1564 NEO,1325215514075TUNE0,164.0,2026-04,2026-04-16,16
PCR,GT1814 XPC,1D25218Z14008QXPC0,156.0,2026-04,2026-04-16,16
PCR,GT1915 LT XPC1,1225219Z15008SXC10,216.0,2026-04,2026-04-16,16
PCR,GT2266 RAN HT,1325221516098HRHT0,316.0,2026-04,2026-04-16,16
PCR,GT  T1457 STAR,1325214617107MSXT0,180.0,2026-04,2026-04-17,17
PCR,GT 1402 XPC TATA,1D25214012008QXPCT,933.0,2026-04,2026-04-17,17
PCR,GT 1412 XPC MM,1D25114012008QXPC0,110.0,2026-04,2026-04-17,17
PCR,GT 1482 UHL,1325214812074TUHL0,366.0,2026-04,2026-04-17,17
PCR,GT 1503 NEO MSIL,1325215813079TUNE3,1394.0,2026-04,2026-04-17,17
PCR,GT 1513 XPC1 MSIL,1D25215013008SXC10,2650.0,2026-04,2026-04-17,17
PCR,GT 1583 NEO TATA,1325215813079TUNE5,358.0,2026-04,2026-04-17,17
PCR,GT 1634 XPC TATA,1D25216814008QXPC0,400.0,2026-04,2026-04-17,17
PCR,GT 1765 ROYL,1325217515084HURL2,378.0,2026-04,2026-04-17,17
PCR,GT 1844 XPC TML,1D25218014010RXPCT,300.0,2026-04,2026-04-17,17
PCR,GT 1894 MAX,1325218614088TTMX0,36.0,2026-04,2026-04-17,17
PCR,GT 1925 XPC1,1225219Z15008SXC11,86.0,2026-04,2026-04-17,17
PCR,GT 1965 ROYL,1325219515091HURL3,392.0,2026-04,2026-04-17,17
PCR,GT 1995 ROYL KIA,1325219515091HURL2,563.0,2026-04,2026-04-17,17
PCR,GT 2075 RAN AT,1225225615113SRAT0,64.0,2026-04,2026-04-17,17
PCR,GT 2158 ROYL HYU,1325221318095HURL0,464.0,2026-04,2026-04-17,17
PCR,GT 2247 LEVI,1325222117094YLEV0,7.0,2026-04,2026-04-17,17
PCR,GT 2258 RAN HPE,1325222318098HRHE0,188.0,2026-04,2026-04-17,17
PCR,GT 2267 ROYL HYU,1325221417096HURL0,1095.0,2026-04,2026-04-17,17
PCR,GT 2455 RAN A/T,1325221715100SRAT0,304.0,2026-04,2026-04-17,17
PCR,GT 2476 SUP MM,1325224716111SELS0,630.0,2026-04,2026-04-17,17
PCR,GT 2568 HT2,1325225518111HRHB0,390.0,2026-04,2026-04-17,17
PCR,GT 2737 LEVI,1325223317103YLEV0,118.0,2026-04,2026-04-17,17
PCR,GT1564 NEO,1325215514075TUNE0,36.0,2026-04,2026-04-17,17
PCR,GT1814 XPC,1D25218Z14008QXPC0,230.0,2026-04,2026-04-17,17
PCR,GT1915 LT XPC1,1225219Z15008SXC10,29.0,2026-04,2026-04-17,17
PCR,GT2266 RAN HT,1325221516098HRHT0,258.0,2026-04,2026-04-17,17
PCR,GT  T1457 STAR,1325214617107MSXT0,122.0,2026-04,2026-04-18,18
PCR,GT 1402 XPC TATA,1D25214012008QXPCT,811.0,2026-04,2026-04-18,18
PCR,GT 1412 XPC MM,1D25114012008QXPC0,286.0,2026-04,2026-04-18,18
PCR,GT 1482 UHL,1325214812074TUHL0,356.0,2026-04,2026-04-18,18
PCR,GT 1503 NEO MSIL,1325215813079TUNE3,1175.0,2026-04,2026-04-18,18
PCR,GT 1513 XPC1 MSIL,1D25215013008SXC10,2650.0,2026-04,2026-04-18,18
PCR,GT 1583 NEO TATA,1325215813079TUNE5,198.0,2026-04,2026-04-18,18
PCR,GT 1634 XPC TATA,1D25216814008QXPC0,435.0,2026-04,2026-04-18,18
PCR,GT 1672 SPT,1325216612077TUSP0,138.0,2026-04,2026-04-18,18
PCR,GT 1765 ROYL,1325217515084HURL2,544.0,2026-04,2026-04-18,18
PCR,GT 1844 XPC TML,1D25218014010RXPCT,316.0,2026-04,2026-04-18,18
PCR,GT 1894 MAX,1325218614088TTMX0,186.0,2026-04,2026-04-18,18
PCR,GT 1925 XPC1,1225219Z15008SXC11,114.0,2026-04,2026-04-18,18
PCR,GT 1965 ROYL,1325219515091HURL3,366.0,2026-04,2026-04-18,18
PCR,GT 1995 ROYL KIA,1325219515091HURL2,559.0,2026-04,2026-04-18,18
PCR,GT 2075 RAN AT,1225225615113SRAT0,124.0,2026-04,2026-04-18,18
PCR,GT 2158 ROYL HYU,1325221318095HURL0,368.0,2026-04,2026-04-18,18
PCR,GT 2258 RAN HPE,1325222318098HRHE0,320.0,2026-04,2026-04-18,18
PCR,GT 2267 ROYL HYU,1325221417096HURL0,1153.0,2026-04,2026-04-18,18
PCR,GT 2455 RAN A/T,1325221715100SRAT0,283.0,2026-04,2026-04-18,18
PCR,GT 2476 SUP MM,1325224716111SELS0,616.0,2026-04,2026-04-18,18
PCR,GT 2568 HT2,1325225518111HRHB0,385.0,2026-04,2026-04-18,18
PCR,GT 2737 LEVI,1325223317103YLEV0,264.0,2026-04,2026-04-18,18
PCR,GT1814 XPC,1D25218Z14008QXPC0,228.0,2026-04,2026-04-18,18
PCR,GT1915 LT XPC1,1225219Z15008SXC10,251.0,2026-04,2026-04-18,18
PCR,GT2266 RAN HT,1325221516098HRHT0,136.0,2026-04,2026-04-18,18
PCR,GT  T1457 STAR,1325214617107MSXT0,44.0,2026-04,2026-04-19,19
PCR,GT 1402 XPC TATA,1D25214012008QXPCT,798.0,2026-04,2026-04-19,19
PCR,GT 1412 XPC MM,1D25114012008QXPC0,252.0,2026-04,2026-04-19,19
PCR,GT 1482 UHL,1325214812074TUHL0,338.0,2026-04,2026-04-19,19
PCR,GT 1503 NEO MSIL,1325215813079TUNE3,1289.0,2026-04,2026-04-19,19
PCR,GT 1513 XPC1 MSIL,1D25215013008SXC10,2480.0,2026-04,2026-04-19,19
PCR,GT 1583 NEO TATA,1325215813079TUNE5,144.0,2026-04,2026-04-19,19
PCR,GT 1634 XPC TATA,1D25216814008QXPC0,362.0,2026-04,2026-04-19,19
PCR,GT 1672 SPT,1325216612077TUSP0,102.0,2026-04,2026-04-19,19
PCR,GT 1765 ROYL,1325217515084HURL2,498.0,2026-04,2026-04-19,19
PCR,GT 1844 XPC TML,1D25218014010RXPCT,312.0,2026-04,2026-04-19,19
PCR,GT 1894 MAX,1325218614088TTMX0,3.0,2026-04,2026-04-19,19
PCR,GT 1925 XPC1,1225219Z15008SXC11,224.0,2026-04,2026-04-19,19
PCR,GT 1965 ROYL,1325219515091HURL3,367.0,2026-04,2026-04-19,19
PCR,GT 1995 ROYL KIA,1325219515091HURL2,688.0,2026-04,2026-04-19,19
PCR,GT 2075 RAN AT,1225225615113SRAT0,64.0,2026-04,2026-04-19,19
PCR,GT 2158 ROYL HYU,1325221318095HURL0,309.0,2026-04,2026-04-19,19
PCR,GT 2258 RAN HPE,1325222318098HRHE0,402.0,2026-04,2026-04-19,19
PCR,GT 2267 ROYL HYU,1325221417096HURL0,1268.0,2026-04,2026-04-19,19
PCR,GT 2455 RAN A/T,1325221715100SRAT0,38.0,2026-04,2026-04-19,19
PCR,GT 2476 SUP MM,1325224716111SELS0,568.0,2026-04,2026-04-19,19
PCR,GT 2568 HT2,1325225518111HRHB0,448.0,2026-04,2026-04-19,19
PCR,GT 2737 LEVI,1325223317103YLEV0,286.0,2026-04,2026-04-19,19
PCR,GT1814 XPC,1D25218Z14008QXPC0,256.0,2026-04,2026-04-19,19
PCR,GT1915 LT XPC1,1225219Z15008SXC10,186.0,2026-04,2026-04-19,19
PCR,GT2266 RAN HT,1325221516098HRHT0,154.0,2026-04,2026-04-19,19
PCR,GT2776 RAN AT,1325223616105TRAT0,46.0,2026-04,2026-04-19,19
PCR,GT  T1457 STAR,1325214617107MSXT0,164.0,2026-04,2026-04-20,20
PCR,GT 1402 XPC TATA,1D25214012008QXPCT,675.0,2026-04,2026-04-20,20
PCR,GT 1412 XPC MM,1D25114012008QXPC0,314.0,2026-04,2026-04-20,20
PCR,GT 1482 UHL,1325214812074TUHL0,336.0,2026-04,2026-04-20,20
PCR,GT 1503 NEO MSIL,1325215813079TUNE3,1094.0,2026-04,2026-04-20,20
PCR,GT 1513 XPC1 MSIL,1D25215013008SXC10,2675.0,2026-04,2026-04-20,20
PCR,GT 1583 NEO TATA,1325215813079TUNE5,412.0,2026-04,2026-04-20,20
PCR,GT 1634 XPC TATA,1D25216814008QXPC0,321.0,2026-04,2026-04-20,20
PCR,GT 1672 SPT,1325216612077TUSP0,30.0,2026-04,2026-04-20,20
PCR,GT 1765 ROYL,1325217515084HURL2,450.0,2026-04,2026-04-20,20
PCR,GT 1844 XPC TML,1D25218014010RXPCT,370.0,2026-04,2026-04-20,20
PCR,GT 1925 XPC1,1225219Z15008SXC11,168.0,2026-04,2026-04-20,20
PCR,GT 1965 ROYL,1325219515091HURL3,368.0,2026-04,2026-04-20,20
PCR,GT 1995 ROYL KIA,1325219515091HURL2,686.0,2026-04,2026-04-20,20
PCR,GT 2075 RAN AT,1225225615113SRAT0,38.0,2026-04,2026-04-20,20
PCR,GT 2158 ROYL HYU,1325221318095HURL0,290.0,2026-04,2026-04-20,20
PCR,GT 2258 RAN HPE,1325222318098HRHE0,448.0,2026-04,2026-04-20,20
PCR,GT 2267 ROYL HYU,1325221417096HURL0,1192.0,2026-04,2026-04-20,20
PCR,GT 2455 RAN A/T,1325221715100SRAT0,4.0,2026-04,2026-04-20,20
PCR,GT 2476 SUP MM,1325224716111SELS0,611.0,2026-04,2026-04-20,20
PCR,GT 2568 HT2,1325225518111HRHB0,570.0,2026-04,2026-04-20,20
PCR,GT 2737 LEVI,1325223317103YLEV0,260.0,2026-04,2026-04-20,20
PCR,GT1814 XPC,1D25218Z14008QXPC0,144.0,2026-04,2026-04-20,20
PCR,GT1915 LT XPC1,1225219Z15008SXC10,254.0,2026-04,2026-04-20,20
PCR,GT2266 RAN HT,1325221516098HRHT0,30.0,2026-04,2026-04-20,20
PCR,GT2776 RAN AT,1325223616105TRAT0,148.0,2026-04,2026-04-20,20
PCR,GT  T1457 STAR,1325214617107MSXT0,246.0,2026-04,2026-04-21,21
PCR,GT 1402 XPC TATA,1D25214012008QXPCT,689.0,2026-04,2026-04-21,21
PCR,GT 1412 XPC MM,1D25114012008QXPC0,264.0,2026-04,2026-04-21,21
PCR,GT 1482 UHL,1325214812074TUHL0,312.0,2026-04,2026-04-21,21
PCR,GT 1503 NEO MSIL,1325215813079TUNE3,1195.0,2026-04,2026-04-21,21
PCR,GT 1513 XPC1 MSIL,1D25215013008SXC10,2665.0,2026-04,2026-04-21,21
PCR,GT 1583 NEO TATA,1325215813079TUNE5,338.0,2026-04,2026-04-21,21
PCR,GT 1634 XPC TATA,1D25216814008QXPC0,440.0,2026-04,2026-04-21,21
PCR,GT 1672 SPT,1325216612077TUSP0,176.0,2026-04,2026-04-21,21
PCR,GT 1765 ROYL,1325217515084HURL2,572.0,2026-04,2026-04-21,21
PCR,GT 1844 XPC TML,1D25218014010RXPCT,508.0,2026-04,2026-04-21,21
PCR,GT 1925 XPC1,1225219Z15008SXC11,206.0,2026-04,2026-04-21,21
PCR,GT 1965 ROYL,1325219515091HURL3,179.0,2026-04,2026-04-21,21
PCR,GT 1995 ROYL KIA,1325219515091HURL2,707.0,2026-04,2026-04-21,21
PCR,GT 2075 RAN AT,1225225615113SRAT0,124.0,2026-04,2026-04-21,21
PCR,GT 2158 ROYL HYU,1325221318095HURL0,260.0,2026-04,2026-04-21,21
PCR,GT 2258 RAN HPE,1325222318098HRHE0,490.0,2026-04,2026-04-21,21
PCR,GT 2267 ROYL HYU,1325221417096HURL0,1128.0,2026-04,2026-04-21,21
PCR,GT 2476 SUP MM,1325224716111SELS0,543.0,2026-04,2026-04-21,21
PCR,GT 2568 HT2,1325225518111HRHB0,646.0,2026-04,2026-04-21,21
PCR,GT 2737 LEVI,1325223317103YLEV0,130.0,2026-04,2026-04-21,21
PCR,GT1814 XPC,1D25218Z14008QXPC0,8.0,2026-04,2026-04-21,21
PCR,GT1915 LT XPC1,1225219Z15008SXC10,232.0,2026-04,2026-04-21,21
PCR,GT2776 RAN AT,1325223616105TRAT0,289.0,2026-04,2026-04-21,21
PCR,GT  T1457 STAR,1325214617107MSXT0,342.0,2026-04,2026-04-22,22
PCR,GT 1402 XPC TATA,1D25214012008QXPCT,651.0,2026-04,2026-04-22,22
PCR,GT 1412 XPC MM,1D25114012008QXPC0,290.0,2026-04,2026-04-22,22
PCR,GT 1482 UHL,1325214812074TUHL0,328.0,2026-04,2026-04-22,22
PCR,GT 1503 NEO MSIL,1325215813079TUNE3,1302.0,2026-04,2026-04-22,22
PCR,GT 1513 XPC1 MSIL,1D25215013008SXC10,1769.0,2026-04,2026-04-22,22
PCR,GT 1543 XPC1,1D25215013008SXC1T,706.0,2026-04,2026-04-22,22
PCR,GT 1583 NEO TATA,1325215813079TUNE5,316.0,2026-04,2026-04-22,22
PCR,GT 1634 XPC TATA,1D25216814008QXPC0,420.0,2026-04,2026-04-22,22
PCR,GT 1672 SPT,1325216612077TUSP0,56.0,2026-04,2026-04-22,22
PCR,GT 1765 ROYL,1325217515084HURL2,508.0,2026-04,2026-04-22,22
PCR,GT 1844 XPC TML,1D25218014010RXPCT,538.0,2026-04,2026-04-22,22
PCR,GT 1925 XPC1,1225219Z15008SXC11,282.0,2026-04,2026-04-22,22
PCR,GT 1995 ROYL KIA,1325219515091HURL2,605.0,2026-04,2026-04-22,22
PCR,GT 2075 RAN AT,1225225615113SRAT0,72.0,2026-04,2026-04-22,22
PCR,GT 2158 ROYL HYU,1325221318095HURL0,150.0,2026-04,2026-04-22,22
PCR,GT 2258 RAN HPE,1325222318098HRHE0,288.0,2026-04,2026-04-22,22
PCR,GT 2267 ROYL HYU,1325221417096HURL0,1048.0,2026-04,2026-04-22,22
PCR,GT 2476 SUP MM,1325224716111SELS0,578.0,2026-04,2026-04-22,22
PCR,GT 2568 HT2,1325225518111HRHB0,568.0,2026-04,2026-04-22,22
PCR,GT 2737 LEVI,1325223317103YLEV0,265.0,2026-04,2026-04-22,22
PCR,GT1915 LT XPC1,1225219Z15008SXC10,327.0,2026-04,2026-04-22,22
PCR,GT2776 RAN AT,1325223616105TRAT0,273.0,2026-04,2026-04-22,22
PCR,GT  T1457 STAR,1325214617107MSXT0,108.0,2026-04,2026-04-23,23
PCR,GT 1402 XPC TATA,1D25214012008QXPCT,240.0,2026-04,2026-04-23,23
PCR,GT 1412 XPC MM,1D25114012008QXPC0,78.0,2026-04,2026-04-23,23
PCR,GT 1482 UHL,1325214812074TUHL0,100.0,2026-04,2026-04-23,23
PCR,GT 1503 NEO MSIL,1325215813079TUNE3,385.0,2026-04,2026-04-23,23
PCR,GT 1513 XPC1 MSIL,1D25215013008SXC10,428.0,2026-04,2026-04-23,23
PCR,GT 1543 XPC1,1D25215013008SXC1T,298.0,2026-04,2026-04-23,23
PCR,GT 1583 NEO TATA,1325215813079TUNE5,141.0,2026-04,2026-04-23,23
PCR,GT 1634 XPC TATA,1D25216814008QXPC0,94.0,2026-04,2026-04-23,23
PCR,GT 1765 ROYL,1325217515084HURL2,170.0,2026-04,2026-04-23,23
PCR,GT 1844 UXT,1325218514086HUTR0,22.0,2026-04,2026-04-23,23
PCR,GT 1844 XPC TML,1D25218014010RXPCT,108.0,2026-04,2026-04-23,23
PCR,GT 1925 XPC1,1225219Z15008SXC11,98.0,2026-04,2026-04-23,23
PCR,GT 1995 ROYL KIA,1325219515091HURL2,228.0,2026-04,2026-04-23,23
PCR,GT 2158 ROYL HYU,1325221318095HURL0,88.0,2026-04,2026-04-23,23
PCR,GT 2258 RAN HPE,1325222318098HRHE0,134.0,2026-04,2026-04-23,23
PCR,GT 2267 ROYL HYU,1325221417096HURL0,348.0,2026-04,2026-04-23,23
PCR,GT 2476 SUP MM,1325224716111SELS0,168.0,2026-04,2026-04-23,23
PCR,GT 2568 HT2,1325225518111HRHB0,182.0,2026-04,2026-04-23,23
PCR,GT 2737 LEVI,1325223317103YLEV0,53.0,2026-04,2026-04-23,23
PCR,GT1915 LT XPC1,1225219Z15008SXC10,109.0,2026-04,2026-04-23,23
PCR,GT2776 RAN AT,1325223616105TRAT0,28.0,2026-04,2026-04-23,23
PCR,GT  T1457 STAR,1325214617107MSXT0,320.0,2026-04,2026-04-24,24
PCR,GT 1402 XPC TATA,1D25214012008QXPCT,683.0,2026-04,2026-04-24,24
PCR,GT 1412 XPC MM,1D25114012008QXPC0,332.0,2026-04,2026-04-24,24
PCR,GT 1482 UHL,1325214812074TUHL0,310.0,2026-04,2026-04-24,24
PCR,GT 1503 NEO MSIL,1325215813079TUNE3,1219.0,2026-04,2026-04-24,24
PCR,GT 1513 XPC1 MSIL,1D25215013008SXC10,1174.0,2026-04,2026-04-24,24
PCR,GT 1543 XPC1,1D25215013008SXC1T,849.0,2026-04,2026-04-24,24
PCR,GT 1583 NEO TATA,1325215813079TUNE5,241.0,2026-04,2026-04-24,24
PCR,GT 1634 XPC TATA,1D25216814008QXPC0,350.0,2026-04,2026-04-24,24
PCR,GT 1765 ROYL,1325217515084HURL2,296.0,2026-04,2026-04-24,24
PCR,GT 1844 UXT,1325218514086HUTR0,256.0,2026-04,2026-04-24,24
PCR,GT 1844 XPC TML,1D25218014010RXPCT,162.0,2026-04,2026-04-24,24
PCR,GT 1925 XPC1,1225219Z15008SXC11,335.0,2026-04,2026-04-24,24
PCR,GT 1995 ROYL KIA,1325219515091HURL2,446.0,2026-04,2026-04-24,24
PCR,GT 2158 ROYL HYU,1325221318095HURL0,274.0,2026-04,2026-04-24,24
PCR,GT 2258 RAN HPE,1325222318098HRHE0,252.0,2026-04,2026-04-24,24
PCR,GT 2267 ROYL HYU,1325221417096HURL0,1018.0,2026-04,2026-04-24,24
PCR,GT 2275 RAN A/T,1325221615109SRAT0,56.0,2026-04,2026-04-24,24
PCR,GT 2476 SUP MM,1325224716111SELS0,601.0,2026-04,2026-04-24,24
PCR,GT 2568 HT2,1325225518111HRHB0,418.0,2026-04,2026-04-24,24
PCR,GT 2737 LEVI,1325223317103YLEV0,190.0,2026-04,2026-04-24,24
PCR,GT1915 LT XPC1,1225219Z15008SXC10,286.0,2026-04,2026-04-24,24
PCR,GT2776 RAN AT,1325223616105TRAT0,292.0,2026-04,2026-04-24,24
PCR,GT  T1457 STAR,1325214617107MSXT0,258.0,2026-04,2026-04-25,25
PCR,GT 1402 XPC TATA,1D25214012008QXPCT,666.0,2026-04,2026-04-25,25
PCR,GT 1412 XPC MM,1D25114012008QXPC0,218.0,2026-04,2026-04-25,25
PCR,GT 1482 UHL,1325214812074TUHL0,344.0,2026-04,2026-04-25,25
PCR,GT 1503 NEO MSIL,1325215813079TUNE3,1188.0,2026-04,2026-04-25,25
PCR,GT 1512 XPC1,1225215Z12008RXC10,100.0,2026-04,2026-04-25,25
PCR,GT 1513 XPC1 MSIL,1D25215013008SXC10,1503.0,2026-04,2026-04-25,25
PCR,GT 1543 XPC1,1D25215013008SXC1T,732.0,2026-04,2026-04-25,25
PCR,GT 1583 NEO TATA,1325215813079TUNE5,251.0,2026-04,2026-04-25,25
PCR,GT 1634 XPC TATA,1D25216814008QXPC0,334.0,2026-04,2026-04-25,25
PCR,GT 1765 ROYL,1325217515084HURL2,330.0,2026-04,2026-04-25,25
PCR,GT 1844 UXT,1325218514086HUTR0,319.0,2026-04,2026-04-25,25
PCR,GT 1844 XPC TML,1D25218014010RXPCT,290.0,2026-04,2026-04-25,25
PCR,GT 1925 XPC1,1225219Z15008SXC11,318.0,2026-04,2026-04-25,25
PCR,GT 1995 ROYL KIA,1325219515091HURL2,894.0,2026-04,2026-04-25,25
PCR,GT 2158 ROYL HYU,1325221318095HURL0,242.0,2026-04,2026-04-25,25
PCR,GT 2258 RAN HPE,1325222318098HRHE0,286.0,2026-04,2026-04-25,25
PCR,GT 2267 ROYL HYU,1325221417096HURL0,1151.0,2026-04,2026-04-25,25
PCR,GT 2275 RAN A/T,1325221615109SRAT0,144.0,2026-04,2026-04-25,25
PCR,GT 2476 SUP MM,1325224716111SELS0,588.0,2026-04,2026-04-25,25
PCR,GT 2568 HT2,1325225518111HRHB0,612.0,2026-04,2026-04-25,25
PCR,GT 2737 LEVI,1325223317103YLEV0,140.0,2026-04,2026-04-25,25
PCR,GT1915 LT XPC1,1225219Z15008SXC10,344.0,2026-04,2026-04-25,25
PCR,GT2776 RAN AT,1325223616105TRAT0,220.0,2026-04,2026-04-25,25
PCR,GT  T1457 STAR,1325214617107MSXT0,376.0,2026-04,2026-04-26,26
PCR,GT 1402 XPC TATA,1D25214012008QXPCT,659.0,2026-04,2026-04-26,26
PCR,GT 1412 XPC MM,1D25114012008QXPC0,327.0,2026-04,2026-04-26,26
PCR,GT 1482 UHL,1325214812074TUHL0,338.0,2026-04,2026-04-26,26
PCR,GT 1503 NEO MSIL,1325215813079TUNE3,1168.0,2026-04,2026-04-26,26
PCR,GT 1512 XPC1,1225215Z12008RXC10,171.0,2026-04,2026-04-26,26
PCR,GT 1513 XPC1 MSIL,1D25215013008SXC10,1379.0,2026-04,2026-04-26,26
PCR,GT 1543 XPC1,1D25215013008SXC1T,902.0,2026-04,2026-04-26,26
PCR,GT 1583 NEO TATA,1325215813079TUNE5,51.0,2026-04,2026-04-26,26
PCR,GT 1634 XPC TATA,1D25216814008QXPC0,234.0,2026-04,2026-04-26,26
PCR,GT 1765 ROYL,1325217515084HURL2,362.0,2026-04,2026-04-26,26
PCR,GT 1844 UXT,1325218514086HUTR0,317.0,2026-04,2026-04-26,26
PCR,GT 1844 XPC TML,1D25218014010RXPCT,370.0,2026-04,2026-04-26,26
PCR,GT 1873 NEO,1325218613086HUNE0,158.0,2026-04,2026-04-26,26
PCR,GT 1925 XPC1,1225219Z15008SXC11,324.0,2026-04,2026-04-26,26
PCR,GT 1995 ROYL KIA,1325219515091HURL2,900.0,2026-04,2026-04-26,26
PCR,GT 2158 ROYL HYU,1325221318095HURL0,148.0,2026-04,2026-04-26,26
PCR,GT 2258 RAN HPE,1325222318098HRHE0,424.0,2026-04,2026-04-26,26
PCR,GT 2267 ROYL HYU,1325221417096HURL0,1215.0,2026-04,2026-04-26,26
PCR,GT 2275 RAN A/T,1325221615109SRAT0,74.0,2026-04,2026-04-26,26
PCR,GT 2476 RAN HT2,1325224716111SRHB0,26.0,2026-04,2026-04-26,26
PCR,GT 2476 SUP MM,1325224716111SELS0,624.0,2026-04,2026-04-26,26
PCR,GT 2568 HT2,1325225518111HRHB0,612.0,2026-04,2026-04-26,26
PCR,GT 2737 LEVI,1325223317103YLEV0,32.0,2026-04,2026-04-26,26
PCR,GT1915 LT XPC1,1225219Z15008SXC10,372.0,2026-04,2026-04-26,26
PCR,GT2776 RAN AT,1325223616105TRAT0,160.0,2026-04,2026-04-26,26
PCR,GT  T1457 STAR,1325214617107MSXT0,324.0,2026-04,2026-04-27,27
PCR,GT 1402 XPC TATA,1D25214012008QXPCT,614.0,2026-04,2026-04-27,27
PCR,GT 1412 XPC MM,1D25114012008QXPC0,290.0,2026-04,2026-04-27,27
PCR,GT 1482 UHL,1325214812074TUHL0,326.0,2026-04,2026-04-27,27
PCR,GT 1503 NEO MSIL,1325215813079TUNE3,1107.0,2026-04,2026-04-27,27
PCR,GT 1512 XPC1,1225215Z12008RXC10,176.0,2026-04,2026-04-27,27
PCR,GT 1513 XPC1 MSIL,1D25215013008SXC10,1427.0,2026-04,2026-04-27,27
PCR,GT 1543 XPC1,1D25215013008SXC1T,787.0,2026-04,2026-04-27,27
PCR,GT 1583 NEO TATA,1325215813079TUNE5,338.0,2026-04,2026-04-27,27
PCR,GT 1634 XPC TATA,1D25216814008QXPC0,362.0,2026-04,2026-04-27,27
PCR,GT 1765 ROYL,1325217515084HURL2,300.0,2026-04,2026-04-27,27
PCR,GT 1844 UXT,1325218514086HUTR0,374.0,2026-04,2026-04-27,27
PCR,GT 1844 XPC TML,1D25218014010RXPCT,318.0,2026-04,2026-04-27,27
PCR,GT 1873 NEO,1325218613086HUNE0,180.0,2026-04,2026-04-27,27
PCR,GT 1925 XPC1,1225219Z15008SXC11,218.0,2026-04,2026-04-27,27
PCR,GT 1995 ROYL KIA,1325219515091HURL2,899.0,2026-04,2026-04-27,27
PCR,GT 2158 ROYL HYU,1325221318095HURL0,235.0,2026-04,2026-04-27,27
PCR,GT 2258 RAN HPE,1325222318098HRHE0,460.0,2026-04,2026-04-27,27
PCR,GT 2267 ROYL HYU,1325221417096HURL0,1181.0,2026-04,2026-04-27,27
PCR,GT 2275 RAN A/T,1325221615109SRAT0,50.0,2026-04,2026-04-27,27
PCR,GT 2457 LEVI,1325222317101YLEVY,2.0,2026-04,2026-04-27,27
PCR,GT 2476 SUP MM,1325224716111SELS0,569.0,2026-04,2026-04-27,27
PCR,GT 2568 HT2,1325225518111HRHB0,611.0,2026-04,2026-04-27,27
PCR,GT 2737 LEVI,1325223317103YLEV0,35.0,2026-04,2026-04-27,27
PCR,GT1915 LT XPC1,1225219Z15008SXC10,360.0,2026-04,2026-04-27,27
PCR,GT2776 RAN AT,1325223616105TRAT0,248.0,2026-04,2026-04-27,27
PCR,GT  T1457 STAR,1325214617107MSXT0,317.0,2026-04,2026-04-28,28
PCR,GT 1402 XPC TATA,1D25214012008QXPCT,627.0,2026-04,2026-04-28,28
PCR,GT 1412 XPC MM,1D25114012008QXPC0,292.0,2026-04,2026-04-28,28
PCR,GT 1482 UHL,1325214812074TUHL0,310.0,2026-04,2026-04-28,28
PCR,GT 1503 NEO MSIL,1325215813079TUNE3,1075.0,2026-04,2026-04-28,28
PCR,GT 1512 XPC1,1225215Z12008RXC10,154.0,2026-04,2026-04-28,28
PCR,GT 1513 XPC1 MSIL,1D25215013008SXC10,1305.0,2026-04,2026-04-28,28
PCR,GT 1543 XPC1,1D25215013008SXC1T,759.0,2026-04,2026-04-28,28
PCR,GT 1583 NEO TATA,1325215813079TUNE5,274.0,2026-04,2026-04-28,28
PCR,GT 1634 XPC TATA,1D25216814008QXPC0,348.0,2026-04,2026-04-28,28
PCR,GT 1765 ROYL,1325217515084HURL2,315.0,2026-04,2026-04-28,28
PCR,GT 1844 UXT,1325218514086HUTR0,342.0,2026-04,2026-04-28,28
PCR,GT 1844 XPC TML,1D25218014010RXPCT,316.0,2026-04,2026-04-28,28
PCR,GT 1873 NEO,1325218613086HUNE0,170.0,2026-04,2026-04-28,28
PCR,GT 1925 XPC1,1225219Z15008SXC11,306.0,2026-04,2026-04-28,28
PCR,GT 1995 ROYL KIA,1325219515091HURL2,794.0,2026-04,2026-04-28,28
PCR,GT 2158 ROYL HYU,1325221318095HURL0,225.0,2026-04,2026-04-28,28
PCR,GT 2258 RAN HPE,1325222318098HRHE0,408.0,2026-04,2026-04-28,28
PCR,GT 2267 ROYL HYU,1325221417096HURL0,1018.0,2026-04,2026-04-28,28
PCR,GT 2457 LEVI,1325222317101YLEVY,101.0,2026-04,2026-04-28,28
PCR,GT 2476 SUP MM,1325224716111SELS0,558.0,2026-04,2026-04-28,28
PCR,GT 2568 HT2,1325225518111HRHB0,484.0,2026-04,2026-04-28,28
PCR,GT 2775 RAN XAT,1325223715104RRXT0,4.0,2026-04,2026-04-28,28
PCR,GT1915 LT XPC1,1225219Z15008SXC10,332.0,2026-04,2026-04-28,28
PCR,GT2776 RAN AT,1325223616105TRAT0,206.0,2026-04,2026-04-28,28
PCR,GT  T1457 STAR,1325214617107MSXT0,190.0,2026-04,2026-04-29,29
PCR,GT 1402 XPC TATA,1D25214012008QXPCT,684.0,2026-04,2026-04-29,29
PCR,GT 1412 XPC MM,1D25114012008QXPC0,308.0,2026-04,2026-04-29,29
PCR,GT 1482 UHL,1325214812074TUHL0,344.0,2026-04,2026-04-29,29
PCR,GT 1503 NEO MSIL,1325215813079TUNE3,1155.0,2026-04,2026-04-29,29
PCR,GT 1512 XPC1,1225215Z12008RXC10,176.0,2026-04,2026-04-29,29
PCR,GT 1513 XPC1 MSIL,1D25215013008SXC10,906.0,2026-04,2026-04-29,29
PCR,GT 1543 XPC1,1D25215013008SXC1T,603.0,2026-04,2026-04-29,29
PCR,GT 1583 NEO TATA,1325215813079TUNE5,444.0,2026-04,2026-04-29,29
PCR,GT 1634 XPC TATA,1D25216814008QXPC0,210.0,2026-04,2026-04-29,29
PCR,GT 1673 NEO,1325216613079HUNE0,14.0,2026-04,2026-04-29,29
PCR,GT 1684 ROYL,1325216814085TURL2,64.0,2026-04,2026-04-29,29
PCR,GT 1765 ROYL,1325217515084HURL2,108.0,2026-04,2026-04-29,29
PCR,GT 1844 UXT,1325218514086HUTR0,174.0,2026-04,2026-04-29,29
PCR,GT 1844 XPC TML,1D25218014010RXPCT,14.0,2026-04,2026-04-29,29
PCR,GT 1873 NEO,1325218613086HUNE0,15.0,2026-04,2026-04-29,29
PCR,GT 1925 XPC1,1225219Z15008SXC11,274.0,2026-04,2026-04-29,29
PCR,GT 1995 ROYL KIA,1325219515091HURL2,756.0,2026-04,2026-04-29,29
PCR,GT 2047 ROYL HYU,1325221317094VURL1,8.0,2026-04,2026-04-29,29
PCR,GT 2158 ROYL HYU,1325221318095HURL0,196.0,2026-04,2026-04-29,29
PCR,GT 2258 RAN HPE,1325222318098HRHE0,378.0,2026-04,2026-04-29,29
PCR,GT 2267 ROYL HYU,1325221417096HURL0,1054.0,2026-04,2026-04-29,29
PCR,GT 2366 ROYL,1325223516103TURL0,2.0,2026-04,2026-04-29,29
PCR,GT 2457 LEVI,1325222317101YLEVY,135.0,2026-04,2026-04-29,29
PCR,GT 2476 SUP MM,1325224716111SELS0,492.0,2026-04,2026-04-29,29
PCR,GT 2568 HT2,1325225518111HRHB0,354.0,2026-04,2026-04-29,29
PCR,GT 2775 RAN XAT,1325223715104RRXT0,104.0,2026-04,2026-04-29,29
PCR,GT1915 LT XPC1,1225219Z15008SXC10,288.0,2026-04,2026-04-29,29
PCR,GT2776 RAN AT,1325223616105TRAT0,1.0,2026-04,2026-04-29,29
PCR,GT  T1457 STAR,1325214617107MSXT0,90.0,2026-04,2026-04-30,30
PCR,GT 1402 XPC TATA,1D25214012008QXPCT,628.0,2026-04,2026-04-30,30
PCR,GT 1412 XPC MM,1D25114012008QXPC0,312.0,2026-04,2026-04-30,30
PCR,GT 1482 UHL,1325214812074TUHL0,348.0,2026-04,2026-04-30,30
PCR,GT 1503 NEO MSIL,1325215813079TUNE3,1180.0,2026-04,2026-04-30,30
PCR,GT 1512 XPC1,1225215Z12008RXC10,161.0,2026-04,2026-04-30,30
PCR,GT 1513 XPC1 MSIL,1D25215013008SXC10,1430.0,2026-04,2026-04-30,30
PCR,GT 1543 XPC1,1D25215013008SXC1T,890.0,2026-04,2026-04-30,30
PCR,GT 1583 NEO TATA,1325215813079TUNE5,463.0,2026-04,2026-04-30,30
PCR,GT 1634 XPC TATA,1D25216814008QXPC0,315.0,2026-04,2026-04-30,30
PCR,GT 1673 NEO,1325216613079HUNE0,182.0,2026-04,2026-04-30,30
PCR,GT 1684 ROYL,1325216814085TURL2,182.0,2026-04,2026-04-30,30
PCR,GT 1765 ROYL,1325217515084HURL2,299.0,2026-04,2026-04-30,30
PCR,GT 1844 UXT,1325218514086HUTR0,159.0,2026-04,2026-04-30,30
PCR,GT 1844 XPC TML,1D25218014010RXPCT,218.0,2026-04,2026-04-30,30
PCR,GT 1865 ROYL RENO,1325218515088TURL1,152.0,2026-04,2026-04-30,30
PCR,GT 1916 ROYL,1325219416089HURL1,95.0,2026-04,2026-04-30,30
PCR,GT 1925 XPC1,1225219Z15008SXC11,226.0,2026-04,2026-04-30,30
PCR,GT 1995 ROYL KIA,1325219515091HURL2,763.0,2026-04,2026-04-30,30
PCR,GT 2047 ROYL HYU,1325221317094VURL1,79.0,2026-04,2026-04-30,30
PCR,GT 2158 ROYL HYU,1325221318095HURL0,408.0,2026-04,2026-04-30,30
PCR,GT 2258 RAN HPE,1325222318098HRHE0,316.0,2026-04,2026-04-30,30
PCR,GT 2267 ROYL HYU,1325221417096HURL0,1248.0,2026-04,2026-04-30,30
PCR,GT 2276 RAN HT,1325227616114TRHT0,2.0,2026-04,2026-04-30,30
PCR,GT 2366 ROYL,1325223516103TURL0,156.0,2026-04,2026-04-30,30
PCR,GT 2457 LEVI,1325222317101YLEVY,52.0,2026-04,2026-04-30,30
PCR,GT 2476 SUP MM,1325224716111SELS0,617.0,2026-04,2026-04-30,30
PCR,GT 2568 HT2,1325225518111HRHB0,482.0,2026-04,2026-04-30,30
PCR,GT1915 LT XPC1,1225219Z15008SXC10,208.0,2026-04,2026-04-30,30
TBR,10.00 R 20 JUH3+,1122110020016KH3P0,201.0,2026-04,2026-04-01,1
TBR,10.00 R 20 JUH5,1122110020016KUH50,268.0,2026-04,2026-04-01,1
TBR,10.00R 20 JW302,1123129A20152JUCM0,114.0,2026-04,2026-04-01,1
TBR,11.00R20 JUH5,1122111020016KUH50,185.0,2026-04,2026-04-01,1
TBR,11.00R20JDE++,1121111020016KDEP0,176.0,2026-04,2026-04-01,1
TBR,11R22.5 JUL2+,115221102C016LL2P0,46.0,2026-04,2026-04-01,1
TBR,11R22.5JUHE,115221102C016LJUH0,50.0,2026-04,2026-04-01,1
TBR,11R22.5JUX,115221102C016JJUX0,9.0,2026-04,2026-04-01,1
TBR,255/70R22.5JTH1,115222562C016MTH10,60.0,2026-04,2026-04-01,1
TBR,295/80R22.5JDL,112122982C016MJDL0,40.0,2026-04,2026-04-01,1
TBR,295/80R22.5JUL1,112222982C016MJUM0,76.0,2026-04,2026-04-01,1
TBR,315/70R22.5JDL3,115123162C018LDL30,86.0,2026-04,2026-04-01,1
TBR,315/80R22.5JUC4,115323182C018LUC40,44.0,2026-04,2026-04-01,1
TBR,8.25R20JDE++,1121182020016KDEP0,178.0,2026-04,2026-04-01,1
TBR,8.25R20JUH5,1122182020016KUH50,126.0,2026-04,2026-04-01,1
TBR,9.00 R 20 JDE++,1121190020016KDEP0,14.0,2026-04,2026-04-01,1
TBR,9.00 R 20 JUH5,1122190020016KUH50,14.0,2026-04,2026-04-01,1
TBR,GT 5075 - 295/90R20 JUH XF,1122129A20152JULF0,249.0,2026-04,2026-04-01,1
TBR,GT 5076 - 295/90R20 JDE XF,1121129A20152JDLF0,256.0,2026-04,2026-04-01,1
TBR,GT 5078 - 295/80R22.5 JUX E,112222982C016JUXE0,80.0,2026-04,2026-04-01,1
TBR,GT 5079 - 255/70R22.5 JUX E,112222562C016MUXE0,122.0,2026-04,2026-04-01,1
TBR,GT 5083 - 295/80R22.5 JUM XM,112222982C016MJXM0,168.0,2026-04,2026-04-01,1
TBR,GT 5093 - 11R22.5 CUC2,115321102C016LUC2C,46.0,2026-04,2026-04-01,1
TBR,GT 5095 - 11.00R20 JUC3,1123111020016KJC30,88.0,2026-04,2026-04-01,1
TBR,GT 5096 - 11.00R20 JDC XD,1121111020016KCXD0,226.0,2026-04,2026-04-01,1
TBR,GT 5098 - 275/90R20 JDE XF,1121127A20149KDEF0,46.0,2026-04,2026-04-01,1
TBR,GT 5099 - 275/90R20 JUH XF,1122127A20149KUHF0,44.0,2026-04,2026-04-01,1
TBR,GT 5102 - 295/80R22.5 JDL XM DOM,112122982C016MJXM0,78.0,2026-04,2026-04-01,1
TBR,GT 5113 - 295/80R22.5 JDC XD,115122982C018KCXD0,36.0,2026-04,2026-04-01,1
TBR,10.00 R 20 JUH3+,1122110020016KH3P0,160.0,2026-04,2026-04-02,2
TBR,10.00 R 20 JUH5,1122110020016KUH50,238.0,2026-04,2026-04-02,2
TBR,10.00R 20 JW302,1123129A20152JUCM0,124.0,2026-04,2026-04-02,2
TBR,11.00R20 JUH5,1122111020016KUH50,134.0,2026-04,2026-04-02,2
TBR,11.00R20JDE++,1121111020016KDEP0,158.0,2026-04,2026-04-02,2
TBR,11R22.5 JUL2+,115221102C016LL2P0,48.0,2026-04,2026-04-02,2
TBR,11R22.5JUHE,115221102C016LJUH0,16.0,2026-04,2026-04-02,2
TBR,255/70R22.5JTH1,115222562C016MTH10,102.0,2026-04,2026-04-02,2
TBR,295/80R22.5JDL,112122982C016MJDL0,46.0,2026-04,2026-04-02,2
TBR,295/80R22.5JUL1,112222982C016MJUM0,80.0,2026-04,2026-04-02,2
TBR,315/70R22.5JDL3,115123162C018LDL30,94.0,2026-04,2026-04-02,2
TBR,385/65R22.5JUH6,115223852C020KUH60,8.0,2026-04,2026-04-02,2
TBR,8.25R20JDE++,1121182020016KDEP0,202.0,2026-04,2026-04-02,2
TBR,8.25R20JUH5,1122182020016KUH50,152.0,2026-04,2026-04-02,2
TBR,9.00 R 20 JDE++,1121190020016KDEP0,78.0,2026-04,2026-04-02,2
TBR,9.00 R 20 JUH5,1122190020016KUH50,32.0,2026-04,2026-04-02,2
TBR,GT 5075 - 295/90R20 JUH XF,1122129A20152JULF0,253.0,2026-04,2026-04-02,2
TBR,GT 5076 - 295/90R20 JDE XF,1121129A20152JDLF0,306.0,2026-04,2026-04-02,2
TBR,GT 5078 - 295/80R22.5 JUX E,112222982C016JUXE0,76.0,2026-04,2026-04-02,2
TBR,GT 5079 - 255/70R22.5 JUX E,112222562C016MUXE0,102.0,2026-04,2026-04-02,2
TBR,GT 5083 - 295/80R22.5 JUM XM,112222982C016MJXM0,158.0,2026-04,2026-04-02,2
TBR,GT 5093 - 11R22.5 CUC2,115321102C016LUC2C,32.0,2026-04,2026-04-02,2
TBR,GT 5095 - 11.00R20 JUC3,1123111020016KJC30,76.0,2026-04,2026-04-02,2
TBR,GT 5096 - 11.00R20 JDC XD,1121111020016KCXD0,196.0,2026-04,2026-04-02,2
TBR,GT 5098 - 275/90R20 JDE XF,1121127A20149KDEF0,26.0,2026-04,2026-04-02,2
TBR,GT 5099 - 275/90R20 JUH XF,1122127A20149KUHF0,36.0,2026-04,2026-04-02,2
TBR,GT 5102 - 295/80R22.5 JDL XM DOM,112122982C016MJXM0,54.0,2026-04,2026-04-02,2
TBR,GT 5113 - 295/80R22.5 JDC XD,115122982C018KCXD0,86.0,2026-04,2026-04-02,2
TBR,10.00 R 20 JUH3+,1122110020016KH3P0,190.0,2026-04,2026-04-03,3
TBR,10.00 R 20 JUH5,1122110020016KUH50,257.0,2026-04,2026-04-03,3
TBR,10.00R 20 JW302,1123129A20152JUCM0,96.0,2026-04,2026-04-03,3
TBR,11.00R20 JUH5,1122111020016KUH50,162.0,2026-04,2026-04-03,3
TBR,11.00R20JDE++,1121111020016KDEP0,172.0,2026-04,2026-04-03,3
TBR,11R22.5 CDH,115121102C016LCDHC,28.0,2026-04,2026-04-03,3
TBR,11R22.5 JUL2+,115221102C016LL2P0,38.0,2026-04,2026-04-03,3
TBR,11R22.5JDH,115121102C016LJDH0,14.0,2026-04,2026-04-03,3
TBR,11R22.5JUHE,115221102C016LJUH0,48.0,2026-04,2026-04-03,3
TBR,255/70R22.5JTH1,115222562C016MTH10,92.0,2026-04,2026-04-03,3
TBR,295/80R22.5JDL,112122982C016MJDL0,40.0,2026-04,2026-04-03,3
TBR,295/80R22.5JUL1,112222982C016MJUM0,94.0,2026-04,2026-04-03,3
TBR,315/70R22.5JDL3,115123162C018LDL30,78.0,2026-04,2026-04-03,3
TBR,385/65R22.5JUH6,115223852C020KUH60,86.0,2026-04,2026-04-03,3
TBR,8.25R20JDE++,1121182020016KDEP0,137.0,2026-04,2026-04-03,3
TBR,8.25R20JUH5,1122182020016KUH50,98.0,2026-04,2026-04-03,3
TBR,9.00 R 20 JDE++,1121190020016KDEP0,44.0,2026-04,2026-04-03,3
TBR,9.00 R 20 JUH5,1122190020016KUH50,50.0,2026-04,2026-04-03,3
TBR,GT 5075 - 295/90R20 JUH XF,1122129A20152JULF0,232.0,2026-04,2026-04-03,3
TBR,GT 5076 - 295/90R20 JDE XF,1121129A20152JDLF0,308.0,2026-04,2026-04-03,3
TBR,GT 5078 - 295/80R22.5 JUX E,112222982C016JUXE0,80.0,2026-04,2026-04-03,3
TBR,GT 5079 - 255/70R22.5 JUX E,112222562C016MUXE0,48.0,2026-04,2026-04-03,3
TBR,GT 5083 - 295/80R22.5 JUM XM,112222982C016MJXM0,78.0,2026-04,2026-04-03,3
TBR,GT 5093 - 11R22.5 CUC2,115321102C016LUC2C,47.0,2026-04,2026-04-03,3
TBR,GT 5095 - 11.00R20 JUC3,1123111020016KJC30,68.0,2026-04,2026-04-03,3
TBR,GT 5096 - 11.00R20 JDC XD,1121111020016KCXD0,210.0,2026-04,2026-04-03,3
TBR,GT 5098 - 275/90R20 JDE XF,1121127A20149KDEF0,37.0,2026-04,2026-04-03,3
TBR,GT 5099 - 275/90R20 JUH XF,1122127A20149KUHF0,42.0,2026-04,2026-04-03,3
TBR,GT 5102 - 295/80R22.5 JDL XM DOM,112122982C016MJXM0,74.0,2026-04,2026-04-03,3
TBR,GT 5113 - 295/80R22.5 JDC XD,115122982C018KCXD0,74.0,2026-04,2026-04-03,3
TBR,10.00 R 20 JUH3+,1122110020016KH3P0,180.0,2026-04,2026-04-04,4
TBR,10.00 R 20 JUH5,1122110020016KUH50,256.0,2026-04,2026-04-04,4
TBR,10.00R 20 JW302,1123129A20152JUCM0,80.0,2026-04,2026-04-04,4
TBR,11.00R20 JUH5,1122111020016KUH50,155.0,2026-04,2026-04-04,4
TBR,11.00R20JDE++,1121111020016KDEP0,183.0,2026-04,2026-04-04,4
TBR,11R22.5 CDH,115121102C016LCDHC,42.0,2026-04,2026-04-04,4
TBR,11R22.5 JUL2+,115221102C016LL2P0,48.0,2026-04,2026-04-04,4
TBR,11R22.5JDH,115121102C016LJDH0,44.0,2026-04,2026-04-04,4
TBR,11R22.5JUHE,115221102C016LJUH0,50.0,2026-04,2026-04-04,4
TBR,255/70R22.5JTH1,115222562C016MTH10,82.0,2026-04,2026-04-04,4
TBR,295/80R22.5JUL1,112222982C016MJUM0,82.0,2026-04,2026-04-04,4
TBR,315/70R22.5JDL3,115123162C018LDL30,72.0,2026-04,2026-04-04,4
TBR,385/65R22.5JUH6,115223852C020KUH60,82.0,2026-04,2026-04-04,4
TBR,8.25R20JDE++,1121182020016KDEP0,199.0,2026-04,2026-04-04,4
TBR,8.25R20JUH5,1122182020016KUH50,150.0,2026-04,2026-04-04,4
TBR,9.00 R 20 JDE++,1121190020016KDEP0,48.0,2026-04,2026-04-04,4
TBR,9.00 R 20 JUH3,1122190020014KJH30,46.0,2026-04,2026-04-04,4
TBR,9.00 R 20 JUH5,1122190020016KUH50,18.0,2026-04,2026-04-04,4
TBR,GT 5075 - 295/90R20 JUH XF,1122129A20152JULF0,219.0,2026-04,2026-04-04,4
TBR,GT 5076 - 295/90R20 JDE XF,1121129A20152JDLF0,306.0,2026-04,2026-04-04,4
TBR,GT 5078 - 295/80R22.5 JUX E,112222982C016JUXE0,78.0,2026-04,2026-04-04,4
TBR,GT 5079 - 255/70R22.5 JUX E,112222562C016MUXE0,84.0,2026-04,2026-04-04,4
TBR,GT 5083 - 295/80R22.5 JUM XM,112222982C016MJXM0,106.0,2026-04,2026-04-04,4
TBR,GT 5093 - 11R22.5 CUC2,115321102C016LUC2C,48.0,2026-04,2026-04-04,4
TBR,GT 5095 - 11.00R20 JUC3,1123111020016KJC30,82.0,2026-04,2026-04-04,4
TBR,GT 5096 - 11.00R20 JDC XD,1121111020016KCXD0,200.0,2026-04,2026-04-04,4
TBR,GT 5098 - 275/90R20 JDE XF,1121127A20149KDEF0,40.0,2026-04,2026-04-04,4
TBR,GT 5099 - 275/90R20 JUH XF,1122127A20149KUHF0,42.0,2026-04,2026-04-04,4
TBR,GT 5102 - 295/80R22.5 JDL XM DOM,112122982C016MJXM0,79.0,2026-04,2026-04-04,4
TBR,GT 5113 - 295/80R22.5 JDC XD,115122982C018KCXD0,78.0,2026-04,2026-04-04,4
TBR,10.00 R 20 JUH3+,1122110020016KH3P0,150.0,2026-04,2026-04-05,5
TBR,10.00 R 20 JUH5,1122110020016KUH50,272.0,2026-04,2026-04-05,5
TBR,10.00R 20 JW302,1123129A20152JUCM0,110.0,2026-04,2026-04-05,5
TBR,11.00R20 JUH5,1122111020016KUH50,136.0,2026-04,2026-04-05,5
TBR,11.00R20JDE++,1121111020016KDEP0,153.0,2026-04,2026-04-05,5
TBR,11R22.5 CDH,115121102C016LCDHC,40.0,2026-04,2026-04-05,5
TBR,11R22.5 JUL2+,115221102C016LL2P0,32.0,2026-04,2026-04-05,5
TBR,11R22.5JDH,115121102C016LJDH0,46.0,2026-04,2026-04-05,5
TBR,11R22.5JUHE,115221102C016LJUH0,34.0,2026-04,2026-04-05,5
TBR,255/70R22.5JTH1,115222562C016MTH10,57.0,2026-04,2026-04-05,5
TBR,295/80R22.5JUL1,112222982C016MJUM0,86.0,2026-04,2026-04-05,5
TBR,315/70R22.5JDL3,115123162C018LDL30,84.0,2026-04,2026-04-05,5
TBR,385/65R22.5JUH6,115223852C020KUH60,54.0,2026-04,2026-04-05,5
TBR,8.25R20JDE++,1121182020016KDEP0,182.0,2026-04,2026-04-05,5
TBR,8.25R20JUH5,1122182020016KUH50,122.0,2026-04,2026-04-05,5
TBR,9.00 R 20 JDE++,1121190020016KDEP0,9.0,2026-04,2026-04-05,5
TBR,9.00 R 20 JUH3,1122190020014KJH30,128.0,2026-04,2026-04-05,5
TBR,GT 5075 - 295/90R20 JUH XF,1122129A20152JULF0,240.0,2026-04,2026-04-05,5
TBR,GT 5076 - 295/90R20 JDE XF,1121129A20152JDLF0,331.0,2026-04,2026-04-05,5
TBR,GT 5078 - 295/80R22.5 JUX E,112222982C016JUXE0,86.0,2026-04,2026-04-05,5
TBR,GT 5079 - 255/70R22.5 JUX E,112222562C016MUXE0,78.0,2026-04,2026-04-05,5
TBR,GT 5083 - 295/80R22.5 JUM XM,112222982C016MJXM0,42.0,2026-04,2026-04-05,5
TBR,GT 5093 - 11R22.5 CUC2,115321102C016LUC2C,48.0,2026-04,2026-04-05,5
TBR,GT 5095 - 11.00R20 JUC3,1123111020016KJC30,68.0,2026-04,2026-04-05,5
TBR,GT 5096 - 11.00R20 JDC XD,1121111020016KCXD0,212.0,2026-04,2026-04-05,5
TBR,GT 5098 - 275/90R20 JDE XF,1121127A20149KDEF0,48.0,2026-04,2026-04-05,5
TBR,GT 5099 - 275/90R20 JUH XF,1122127A20149KUHF0,44.0,2026-04,2026-04-05,5
TBR,GT 5102 - 295/80R22.5 JDL XM DOM,112122982C016MJXM0,87.0,2026-04,2026-04-05,5
TBR,GT 5103 - 295/80R22.5 JUM XM OEM,112222982C152MJXM0,90.0,2026-04,2026-04-05,5
TBR,GT 5113 - 295/80R22.5 JDC XD,115122982C018KCXD0,62.0,2026-04,2026-04-05,5
TBR,10.00 R 20 JUH3+,1122110020016KH3P0,158.0,2026-04,2026-04-06,6
TBR,10.00 R 20 JUH5,1122110020016KUH50,260.0,2026-04,2026-04-06,6
TBR,10.00R 20 JW302,1123129A20152JUCM0,128.0,2026-04,2026-04-06,6
TBR,11.00R20 JUH5,1122111020016KUH50,156.0,2026-04,2026-04-06,6
TBR,11.00R20JDE++,1121111020016KDEP0,180.0,2026-04,2026-04-06,6
TBR,11R22.5 CDH,115121102C016LCDHC,32.0,2026-04,2026-04-06,6
TBR,11R22.5 JUL2+,115221102C016LL2P0,44.0,2026-04,2026-04-06,6
TBR,11R22.5JDH,115121102C016LJDH0,48.0,2026-04,2026-04-06,6
TBR,11R22.5JUHE,115221102C016LJUH0,50.0,2026-04,2026-04-06,6
TBR,255/70R22.5JTH1,115222562C016MTH10,34.0,2026-04,2026-04-06,6
TBR,295/75R22.5JTHSD,115222972C014LJTS0,34.0,2026-04,2026-04-06,6
TBR,295/80R22.5JUL1,112222982C016MJUM0,10.0,2026-04,2026-04-06,6
TBR,315/70R22.5JDL3,115123162C018LDL30,78.0,2026-04,2026-04-06,6
TBR,385/65R22.5JUCXD,115323852C020KUCD0,6.0,2026-04,2026-04-06,6
TBR,385/65R22.5JUH6,115223852C020KUH60,92.0,2026-04,2026-04-06,6
TBR,8.25R20JDE++,1121182020016KDEP0,158.0,2026-04,2026-04-06,6
TBR,8.25R20JUH5,1122182020016KUH50,146.0,2026-04,2026-04-06,6
TBR,9.00 R 20 JUH3,1122190020014KJH30,156.0,2026-04,2026-04-06,6
TBR,GT 5075 - 295/90R20 JUH XF,1122129A20152JULF0,255.0,2026-04,2026-04-06,6
TBR,GT 5076 - 295/90R20 JDE XF,1121129A20152JDLF0,314.0,2026-04,2026-04-06,6
TBR,GT 5078 - 295/80R22.5 JUX E,112222982C016JUXE0,90.0,2026-04,2026-04-06,6
TBR,GT 5079 - 255/70R22.5 JUX E,112222562C016MUXE0,60.0,2026-04,2026-04-06,6
TBR,GT 5093 - 11R22.5 CUC2,115321102C016LUC2C,46.0,2026-04,2026-04-06,6
TBR,GT 5095 - 11.00R20 JUC3,1123111020016KJC30,86.0,2026-04,2026-04-06,6
TBR,GT 5096 - 11.00R20 JDC XD,1121111020016KCXD0,170.0,2026-04,2026-04-06,6
TBR,GT 5098 - 275/90R20 JDE XF,1121127A20149KDEF0,46.0,2026-04,2026-04-06,6
TBR,GT 5099 - 275/90R20 JUH XF,1122127A20149KUHF0,48.0,2026-04,2026-04-06,6
TBR,GT 5102 - 295/80R22.5 JDL XM DOM,112122982C016MJXM0,84.0,2026-04,2026-04-06,6
TBR,GT 5103 - 295/80R22.5 JUM XM OEM,112222982C152MJXM0,128.0,2026-04,2026-04-06,6
TBR,GT 5113 - 295/80R22.5 JDC XD,115122982C018KCXD0,82.0,2026-04,2026-04-06,6
TBR,10.00 R 20 JUH3+,1122110020016KH3P0,132.0,2026-04,2026-04-07,7
TBR,10.00 R 20 JUH5,1122110020016KUH50,200.0,2026-04,2026-04-07,7
TBR,10.00R 20 JW302,1123129A20152JUCM0,76.0,2026-04,2026-04-07,7
TBR,11.00R20 JUH5,1122111020016KUH50,144.0,2026-04,2026-04-07,7
TBR,11.00R20JDE++,1121111020016KDEP0,110.0,2026-04,2026-04-07,7
TBR,11R22.5 JUL2+,115221102C016LL2P0,21.0,2026-04,2026-04-07,7
TBR,11R22.5JDH,115121102C016LJDH0,38.0,2026-04,2026-04-07,7
TBR,11R22.5JUHE,115221102C016LJUH0,42.0,2026-04,2026-04-07,7
TBR,255/70R22.5JTH1,115222562C016MTH10,34.0,2026-04,2026-04-07,7
TBR,295/75R22.5JTHSD,115222972C014LJTS0,98.0,2026-04,2026-04-07,7
TBR,315/70R22.5JDL3,115123162C018LDL30,78.0,2026-04,2026-04-07,7
TBR,385/65R22.5JUCXD,115323852C020KUCD0,50.0,2026-04,2026-04-07,7
TBR,385/65R22.5JUH6,115223852C020KUH60,32.0,2026-04,2026-04-07,7
TBR,8.25R20JDE++,1121182020016KDEP0,160.0,2026-04,2026-04-07,7
TBR,8.25R20JUH5,1122182020016KUH50,95.0,2026-04,2026-04-07,7
TBR,9.00 R 20 JUH3,1122190020014KJH30,66.0,2026-04,2026-04-07,7
TBR,GT 5075 - 295/90R20 JUH XF,1122129A20152JULF0,188.0,2026-04,2026-04-07,7
TBR,GT 5076 - 295/90R20 JDE XF,1121129A20152JDLF0,220.0,2026-04,2026-04-07,7
TBR,GT 5078 - 295/80R22.5 JUX E,112222982C016JUXE0,56.0,2026-04,2026-04-07,7
TBR,GT 5079 - 255/70R22.5 JUX E,112222562C016MUXE0,46.0,2026-04,2026-04-07,7
TBR,GT 5093 - 11R22.5 CUC2,115321102C016LUC2C,24.0,2026-04,2026-04-07,7
TBR,GT 5095 - 11.00R20 JUC3,1123111020016KJC30,22.0,2026-04,2026-04-07,7
TBR,GT 5096 - 11.00R20 JDC XD,1121111020016KCXD0,184.0,2026-04,2026-04-07,7
TBR,GT 5098 - 275/90R20 JDE XF,1121127A20149KDEF0,1.0,2026-04,2026-04-07,7
TBR,GT 5099 - 275/90R20 JUH XF,1122127A20149KUHF0,22.0,2026-04,2026-04-07,7
TBR,GT 5102 - 295/80R22.5 JDL XM DOM,112122982C016MJXM0,70.0,2026-04,2026-04-07,7
TBR,GT 5103 - 295/80R22.5 JUM XM OEM,112222982C152MJXM0,76.0,2026-04,2026-04-07,7
TBR,GT 5113 - 295/80R22.5 JDC XD,115122982C018KCXD0,66.0,2026-04,2026-04-07,7
TBR,10.00 R 20 JUH3+,1122110020016KH3P0,135.0,2026-04,2026-04-08,8
TBR,10.00 R 20 JUH5,1122110020016KUH50,272.0,2026-04,2026-04-08,8
TBR,10.00R 20 JW302,1123129A20152JUCM0,112.0,2026-04,2026-04-08,8
TBR,11.00R20 JUH5,1122111020016KUH50,149.0,2026-04,2026-04-08,8
TBR,11.00R20JDE++,1121111020016KDEP0,162.0,2026-04,2026-04-08,8
TBR,11R22.5JDH,115121102C016LJDH0,80.0,2026-04,2026-04-08,8
TBR,11R22.5JUHE,115221102C016LJUH0,56.0,2026-04,2026-04-08,8
TBR,255/70R22.5JTH1,115222562C016MTH10,30.0,2026-04,2026-04-08,8
TBR,295/75R22.5JTHSD,115222972C014LJTS0,136.0,2026-04,2026-04-08,8
TBR,315/70R22.5JDL3,115123162C018LDL30,74.0,2026-04,2026-04-08,8
TBR,385/65R22.5JUCXD,115323852C020KUCD0,84.0,2026-04,2026-04-08,8
TBR,385/65R22.5JUH6,115223852C020KUH60,76.0,2026-04,2026-04-08,8
TBR,8.25R20JDE++,1121182020016KDEP0,186.0,2026-04,2026-04-08,8
TBR,8.25R20JUH5,1122182020016KUH50,105.0,2026-04,2026-04-08,8
TBR,9.00 R 20 JUH3,1122190020014KJH30,82.0,2026-04,2026-04-08,8
TBR,GT 5075 - 295/90R20 JUH XF,1122129A20152JULF0,237.0,2026-04,2026-04-08,8
TBR,GT 5076 - 295/90R20 JDE XF,1121129A20152JDLF0,283.0,2026-04,2026-04-08,8
TBR,GT 5078 - 295/80R22.5 JUX E,112222982C016JUXE0,90.0,2026-04,2026-04-08,8
TBR,GT 5079 - 255/70R22.5 JUX E,112222562C016MUXE0,66.0,2026-04,2026-04-08,8
TBR,GT 5093 - 11R22.5 CUC2,115321102C016LUC2C,48.0,2026-04,2026-04-08,8
TBR,GT 5095 - 11.00R20 JUC3,1123111020016KJC30,58.0,2026-04,2026-04-08,8
TBR,GT 5096 - 11.00R20 JDC XD,1121111020016KCXD0,228.0,2026-04,2026-04-08,8
TBR,GT 5098 - 275/90R20 JDE XF,1121127A20149KDEF0,29.0,2026-04,2026-04-08,8
TBR,GT 5099 - 275/90R20 JUH XF,1122127A20149KUHF0,36.0,2026-04,2026-04-08,8
TBR,GT 5102 - 295/80R22.5 JDL XM DOM,112122982C016MJXM0,90.0,2026-04,2026-04-08,8
TBR,GT 5103 - 295/80R22.5 JUM XM OEM,112222982C152MJXM0,112.0,2026-04,2026-04-08,8
TBR,GT 5113 - 295/80R22.5 JDC XD,115122982C018KCXD0,96.0,2026-04,2026-04-08,8
TBR,10.00 R 20 JUH3+,1122110020016KH3P0,190.0,2026-04,2026-04-09,9
TBR,10.00 R 20 JUH5,1122110020016KUH50,223.0,2026-04,2026-04-09,9
TBR,10.00R 20 JW302,1123129A20152JUCM0,116.0,2026-04,2026-04-09,9
TBR,11.00R20 JUH5,1122111020016KUH50,163.0,2026-04,2026-04-09,9
TBR,11.00R20JDE++,1121111020016KDEP0,128.0,2026-04,2026-04-09,9
TBR,11R22.5JDH,115121102C016LJDH0,26.0,2026-04,2026-04-09,9
TBR,11R22.5JUHE,115221102C016LJUH0,44.0,2026-04,2026-04-09,9
TBR,255/70R22.5JTH1,115222562C016MTH10,42.0,2026-04,2026-04-09,9
TBR,295/75R22.5JTHSD,115222972C014LJTS0,142.0,2026-04,2026-04-09,9
TBR,385/65R22.5JUCXD,115323852C020KUCD0,72.0,2026-04,2026-04-09,9
TBR,385/65R22.5JUH6,115223852C020KUH60,84.0,2026-04,2026-04-09,9
TBR,8.25R20JDE++,1121182020016KDEP0,178.0,2026-04,2026-04-09,9
TBR,8.25R20JUH5,1122182020016KUH50,150.0,2026-04,2026-04-09,9
TBR,9.00 R 20 JUH3,1122190020014KJH30,139.0,2026-04,2026-04-09,9
TBR,GT 5075 - 295/90R20 JUH XF,1122129A20152JULF0,248.0,2026-04,2026-04-09,9
TBR,GT 5076 - 295/90R20 JDE XF,1121129A20152JDLF0,257.0,2026-04,2026-04-09,9
TBR,GT 5078 - 295/80R22.5 JUX E,112222982C016JUXE0,84.0,2026-04,2026-04-09,9
TBR,GT 5079 - 255/70R22.5 JUX E,112222562C016MUXE0,86.0,2026-04,2026-04-09,9
TBR,GT 5093 - 11R22.5 CUC2,115321102C016LUC2C,46.0,2026-04,2026-04-09,9
TBR,GT 5095 - 11.00R20 JUC3,1123111020016KJC30,84.0,2026-04,2026-04-09,9
TBR,GT 5096 - 11.00R20 JDC XD,1121111020016KCXD0,190.0,2026-04,2026-04-09,9
TBR,GT 5098 - 275/90R20 JDE XF,1121127A20149KDEF0,20.0,2026-04,2026-04-09,9
TBR,GT 5099 - 275/90R20 JUH XF,1122127A20149KUHF0,40.0,2026-04,2026-04-09,9
TBR,GT 5102 - 295/80R22.5 JDL XM DOM,112122982C016MJXM0,52.0,2026-04,2026-04-09,9
TBR,GT 5103 - 295/80R22.5 JUM XM OEM,112222982C152MJXM0,134.0,2026-04,2026-04-09,9
TBR,GT 5113 - 295/80R22.5 JDC XD,115122982C018KCXD0,23.0,2026-04,2026-04-09,9
TBR,10.00 R 20 JUH3+,1122110020016KH3P0,76.0,2026-04,2026-04-10,10
TBR,10.00 R 20 JUH5,1122110020016KUH50,260.0,2026-04,2026-04-10,10
TBR,10.00R 20 JW302,1123129A20152JUCM0,94.0,2026-04,2026-04-10,10
TBR,11.00R20 JUH5,1122111020016KUH50,115.0,2026-04,2026-04-10,10
TBR,11.00R20JDE++,1121111020016KDEP0,164.0,2026-04,2026-04-10,10
TBR,11R22.5JDH,115121102C016LJDH0,94.0,2026-04,2026-04-10,10
TBR,11R22.5JUHE,115221102C016LJUH0,48.0,2026-04,2026-04-10,10
TBR,255/70R22.5JTH1,115222562C016MTH10,1.0,2026-04,2026-04-10,10
TBR,295/75R22.5JTHSD,115222972C014LJTS0,156.0,2026-04,2026-04-10,10
TBR,315/70R22.5JDL3,115123162C018LDL30,66.0,2026-04,2026-04-10,10
TBR,385/65R22.5JUCXD,115323852C020KUCD0,98.0,2026-04,2026-04-10,10
TBR,385/65R22.5JUH6,115223852C020KUH60,78.0,2026-04,2026-04-10,10
TBR,8.25R20JDE++,1121182020016KDEP0,183.0,2026-04,2026-04-10,10
TBR,8.25R20JUH5,1122182020016KUH50,96.0,2026-04,2026-04-10,10
TBR,9.00 R 20 JUH3,1122190020014KJH30,89.0,2026-04,2026-04-10,10
TBR,GT 5075 - 295/90R20 JUH XF,1122129A20152JULF0,248.0,2026-04,2026-04-10,10
TBR,GT 5076 - 295/90R20 JDE XF,1121129A20152JDLF0,294.0,2026-04,2026-04-10,10
TBR,GT 5078 - 295/80R22.5 JUX E,112222982C016JUXE0,88.0,2026-04,2026-04-10,10
TBR,GT 5079 - 255/70R22.5 JUX E,112222562C016MUXE0,92.0,2026-04,2026-04-10,10
TBR,GT 5093 - 11R22.5 CUC2,115321102C016LUC2C,36.0,2026-04,2026-04-10,10
TBR,GT 5095 - 11.00R20 JUC3,1123111020016KJC30,37.0,2026-04,2026-04-10,10
TBR,GT 5096 - 11.00R20 JDC XD,1121111020016KCXD0,196.0,2026-04,2026-04-10,10
TBR,GT 5098 - 275/90R20 JDE XF,1121127A20149KDEF0,30.0,2026-04,2026-04-10,10
TBR,GT 5099 - 275/90R20 JUH XF,1122127A20149KUHF0,26.0,2026-04,2026-04-10,10
TBR,GT 5102 - 295/80R22.5 JDL XM DOM,112122982C016MJXM0,40.0,2026-04,2026-04-10,10
TBR,GT 5103 - 295/80R22.5 JUM XM OEM,112222982C152MJXM0,126.0,2026-04,2026-04-10,10
TBR,GT 5113 - 295/80R22.5 JDC XD,115122982C018KCXD0,91.0,2026-04,2026-04-10,10
TBR,10.00 R 20 JUH3+,1122110020016KH3P0,140.0,2026-04,2026-04-11,11
TBR,10.00 R 20 JUH5,1122110020016KUH50,264.0,2026-04,2026-04-11,11
TBR,10.00R 20 JW302,1123129A20152JUCM0,120.0,2026-04,2026-04-11,11
TBR,11.00R20 JUH5,1122111020016KUH50,158.0,2026-04,2026-04-11,11
TBR,11.00R20JDE++,1121111020016KDEP0,128.0,2026-04,2026-04-11,11
TBR,11R22.5JDH,115121102C016LJDH0,76.0,2026-04,2026-04-11,11
TBR,11R22.5JTHSD,115221102C016LJTS0,40.0,2026-04,2026-04-11,11
TBR,11R22.5JUHE,115221102C016LJUH0,48.0,2026-04,2026-04-11,11
TBR,295/75R22.5JTHSD,115222972C014LJTS0,216.0,2026-04,2026-04-11,11
TBR,315/70R22.5JDL3,115123162C018LDL30,54.0,2026-04,2026-04-11,11
TBR,385/65R22.5JUCXD,115323852C020KUCD0,90.0,2026-04,2026-04-11,11
TBR,385/65R22.5JUH6,115223852C020KUH60,70.0,2026-04,2026-04-11,11
TBR,8.25R20JDE++,1121182020016KDEP0,176.0,2026-04,2026-04-11,11
TBR,8.25R20JUH5,1122182020016KUH50,158.0,2026-04,2026-04-11,11
TBR,9.00 R 20 JUH3,1122190020014KJH30,126.0,2026-04,2026-04-11,11
TBR,GT 5075 - 295/90R20 JUH XF,1122129A20152JULF0,260.0,2026-04,2026-04-11,11
TBR,GT 5076 - 295/90R20 JDE XF,1121129A20152JDLF0,301.0,2026-04,2026-04-11,11
TBR,GT 5078 - 295/80R22.5 JUX E,112222982C016JUXE0,84.0,2026-04,2026-04-11,11
TBR,GT 5079 - 255/70R22.5 JUX E,112222562C016MUXE0,78.0,2026-04,2026-04-11,11
TBR,GT 5093 - 11R22.5 CUC2,115321102C016LUC2C,48.0,2026-04,2026-04-11,11
TBR,GT 5095 - 11.00R20 JUC3,1123111020016KJC30,37.0,2026-04,2026-04-11,11
TBR,GT 5096 - 11.00R20 JDC XD,1121111020016KCXD0,197.0,2026-04,2026-04-11,11
TBR,GT 5098 - 275/90R20 JDE XF,1121127A20149KDEF0,10.0,2026-04,2026-04-11,11
TBR,GT 5099 - 275/90R20 JUH XF,1122127A20149KUHF0,48.0,2026-04,2026-04-11,11
TBR,GT 5102 - 295/80R22.5 JDL XM DOM,112122982C016MJXM0,12.0,2026-04,2026-04-11,11
TBR,GT 5103 - 295/80R22.5 JUM XM OEM,112222982C152MJXM0,162.0,2026-04,2026-04-11,11
TBR,GT 5113 - 295/80R22.5 JDC XD,115122982C018KCXD0,66.0,2026-04,2026-04-11,11
TBR,10.00 R 20 JUH3+,1122110020016KH3P0,134.0,2026-04,2026-04-12,12
TBR,10.00 R 20 JUH5,1122110020016KUH50,194.0,2026-04,2026-04-12,12
TBR,10.00R 20 JW302,1123129A20152JUCM0,111.0,2026-04,2026-04-12,12
TBR,11.00R20 JUH5,1122111020016KUH50,108.0,2026-04,2026-04-12,12
TBR,11.00R20JDE++,1121111020016KDEP0,150.0,2026-04,2026-04-12,12
TBR,11R22.5JDH,115121102C016LJDH0,89.0,2026-04,2026-04-12,12
TBR,11R22.5JTHSD,115221102C016LJTS0,34.0,2026-04,2026-04-12,12
TBR,11R22.5JUHE,115221102C016LJUH0,40.0,2026-04,2026-04-12,12
TBR,295/75R22.5JTHSD,115222972C014LJTS0,184.0,2026-04,2026-04-12,12
TBR,315/70R22.5JDL3,115123162C018LDL30,76.0,2026-04,2026-04-12,12
TBR,385/65R22.5JUCXD,115323852C020KUCD0,68.0,2026-04,2026-04-12,12
TBR,385/65R22.5JUH6,115223852C020KUH60,46.0,2026-04,2026-04-12,12
TBR,8.25R20JDE++,1121182020016KDEP0,184.0,2026-04,2026-04-12,12
TBR,8.25R20JUH5,1122182020016KUH50,140.0,2026-04,2026-04-12,12
TBR,9.00 R 20 JUH3,1122190020014KJH30,70.0,2026-04,2026-04-12,12
TBR,GT 5075 - 295/90R20 JUH XF,1122129A20152JULF0,210.0,2026-04,2026-04-12,12
TBR,GT 5076 - 295/90R20 JDE XF,1121129A20152JDLF0,226.0,2026-04,2026-04-12,12
TBR,GT 5078 - 295/80R22.5 JUX E,112222982C016JUXE0,82.0,2026-04,2026-04-12,12
TBR,GT 5079 - 255/70R22.5 JUX E,112222562C016MUXE0,42.0,2026-04,2026-04-12,12
TBR,GT 5093 - 11R22.5 CUC2,115321102C016LUC2C,46.0,2026-04,2026-04-12,12
TBR,GT 5095 - 11.00R20 JUC3,1123111020016KJC30,92.0,2026-04,2026-04-12,12
TBR,GT 5096 - 11.00R20 JDC XD,1121111020016KCXD0,202.0,2026-04,2026-04-12,12
TBR,GT 5098 - 275/90R20 JDE XF,1121127A20149KDEF0,44.0,2026-04,2026-04-12,12
TBR,GT 5099 - 275/90R20 JUH XF,1122127A20149KUHF0,28.0,2026-04,2026-04-12,12
TBR,GT 5103 - 295/80R22.5 JUM XM OEM,112222982C152MJXM0,197.0,2026-04,2026-04-12,12
TBR,GT 5113 - 295/80R22.5 JDC XD,115122982C018KCXD0,82.0,2026-04,2026-04-12,12
TBR,10.00 R 20 JUH3+,1122110020016KH3P0,132.0,2026-04,2026-04-13,13
TBR,10.00 R 20 JUH5,1122110020016KUH50,256.0,2026-04,2026-04-13,13
TBR,10.00R 20 JW302,1123129A20152JUCM0,103.0,2026-04,2026-04-13,13
TBR,11.00R20 JUH5,1122111020016KUH50,160.0,2026-04,2026-04-13,13
TBR,11.00R20JDE++,1121111020016KDEP0,153.0,2026-04,2026-04-13,13
TBR,11R22.5JDH,115121102C016LJDH0,71.0,2026-04,2026-04-13,13
TBR,11R22.5JTHSD,115221102C016LJTS0,56.0,2026-04,2026-04-13,13
TBR,11R22.5JUHE,115221102C016LJUH0,50.0,2026-04,2026-04-13,13
TBR,295/75R22.5JTHSD,115222972C014LJTS0,134.0,2026-04,2026-04-13,13
TBR,315/70R22.5JDL3,115123162C018LDL30,78.0,2026-04,2026-04-13,13
TBR,385/65R22.5JTL,115223852C024KJTL0,12.0,2026-04,2026-04-13,13
TBR,385/65R22.5JUCXD,115323852C020KUCD0,48.0,2026-04,2026-04-13,13
TBR,385/65R22.5JUH6,115223852C020KUH60,50.0,2026-04,2026-04-13,13
TBR,8.25R20JDE++,1121182020016KDEP0,120.0,2026-04,2026-04-13,13
TBR,8.25R20JUH5,1122182020016KUH50,95.0,2026-04,2026-04-13,13
TBR,9.00 R 20 JUH3,1122190020014KJH30,66.0,2026-04,2026-04-13,13
TBR,GT 5075 - 295/90R20 JUH XF,1122129A20152JULF0,198.0,2026-04,2026-04-13,13
TBR,GT 5076 - 295/90R20 JDE XF,1121129A20152JDLF0,312.0,2026-04,2026-04-13,13
TBR,GT 5078 - 295/80R22.5 JUX E,112222982C016JUXE0,80.0,2026-04,2026-04-13,13
TBR,GT 5079 - 255/70R22.5 JUX E,112222562C016MUXE0,94.0,2026-04,2026-04-13,13
TBR,GT 5093 - 11R22.5 CUC2,115321102C016LUC2C,26.0,2026-04,2026-04-13,13
TBR,GT 5095 - 11.00R20 JUC3,1123111020016KJC30,64.0,2026-04,2026-04-13,13
TBR,GT 5096 - 11.00R20 JDC XD,1121111020016KCXD0,167.0,2026-04,2026-04-13,13
TBR,GT 5098 - 275/90R20 JDE XF,1121127A20149KDEF0,48.0,2026-04,2026-04-13,13
TBR,GT 5099 - 275/90R20 JUH XF,1122127A20149KUHF0,32.0,2026-04,2026-04-13,13
TBR,GT 5103 - 295/80R22.5 JUM XM OEM,112222982C152MJXM0,183.0,2026-04,2026-04-13,13
TBR,GT 5113 - 295/80R22.5 JDC XD,115122982C018KCXD0,68.0,2026-04,2026-04-13,13
TBR,10.00 R 20 JUH3+,1122110020016KH3P0,116.0,2026-04,2026-04-14,14
TBR,10.00 R 20 JUH5,1122110020016KUH50,216.0,2026-04,2026-04-14,14
TBR,10.00R 20 JW302,1123129A20152JUCM0,122.0,2026-04,2026-04-14,14
TBR,11.00R20 JUH5,1122111020016KUH50,132.0,2026-04,2026-04-14,14
TBR,11.00R20JDE++,1121111020016KDEP0,132.0,2026-04,2026-04-14,14
TBR,11R22.5JDH,115121102C016LJDH0,86.0,2026-04,2026-04-14,14
TBR,11R22.5JTHSD,115221102C016LJTS0,16.0,2026-04,2026-04-14,14
TBR,11R22.5JUHE,115221102C016LJUH0,42.0,2026-04,2026-04-14,14
TBR,295/75R22.5JTHSD,115222972C014LJTS0,160.0,2026-04,2026-04-14,14
TBR,315/70R22.5JDL3,115123162C018LDL30,36.0,2026-04,2026-04-14,14
TBR,315/80R22.5JUC4,115323182C018LUC40,2.0,2026-04,2026-04-14,14
TBR,385/65R22.5JTL,115223852C024KJTL0,80.0,2026-04,2026-04-14,14
TBR,385/65R22.5JUH6,115223852C020KUH60,4.0,2026-04,2026-04-14,14
TBR,8.25R20JDE++,1121182020016KDEP0,142.0,2026-04,2026-04-14,14
TBR,8.25R20JUH5,1122182020016KUH50,143.0,2026-04,2026-04-14,14
TBR,9.00 R 20 JUH3,1122190020014KJH30,131.0,2026-04,2026-04-14,14
TBR,GT 5075 - 295/90R20 JUH XF,1122129A20152JULF0,198.0,2026-04,2026-04-14,14
TBR,GT 5076 - 295/90R20 JDE XF,1121129A20152JDLF0,296.0,2026-04,2026-04-14,14
TBR,GT 5078 - 295/80R22.5 JUX E,112222982C016JUXE0,72.0,2026-04,2026-04-14,14
TBR,GT 5079 - 255/70R22.5 JUX E,112222562C016MUXE0,68.0,2026-04,2026-04-14,14
TBR,GT 5093 - 11R22.5 CUC2,115321102C016LUC2C,38.0,2026-04,2026-04-14,14
TBR,GT 5095 - 11.00R20 JUC3,1123111020016KJC30,88.0,2026-04,2026-04-14,14
TBR,GT 5096 - 11.00R20 JDC XD,1121111020016KCXD0,143.0,2026-04,2026-04-14,14
TBR,GT 5098 - 275/90R20 JDE XF,1121127A20149KDEF0,22.0,2026-04,2026-04-14,14
TBR,GT 5099 - 275/90R20 JUH XF,1122127A20149KUHF0,32.0,2026-04,2026-04-14,14
TBR,GT 5103 - 295/80R22.5 JUM XM OEM,112222982C152MJXM0,190.0,2026-04,2026-04-14,14
TBR,GT 5113 - 295/80R22.5 JDC XD,115122982C018KCXD0,3.0,2026-04,2026-04-14,14
TBR,10.00 R 20 JUH3+,1122110020016KH3P0,115.0,2026-04,2026-04-15,15
TBR,10.00 R 20 JUH5,1122110020016KUH50,238.0,2026-04,2026-04-15,15
TBR,10.00R 20 JW302,1123129A20152JUCM0,110.0,2026-04,2026-04-15,15
TBR,11.00R20 JUH5,1122111020016KUH50,134.0,2026-04,2026-04-15,15
TBR,11.00R20JDE++,1121111020016KDEP0,141.0,2026-04,2026-04-15,15
TBR,11R22.5JDH,115121102C016LJDH0,80.0,2026-04,2026-04-15,15
TBR,11R22.5JTHSD,115221102C016LJTS0,48.0,2026-04,2026-04-15,15
TBR,11R22.5JUHE,115221102C016LJUH0,4.0,2026-04,2026-04-15,15
TBR,295/75R22.5JTHSD,115222972C014LJTS0,160.0,2026-04,2026-04-15,15
TBR,295/80R22.5JUL1,112222982C016MJUM0,34.0,2026-04,2026-04-15,15
TBR,315/70R22.5JDL3,115123162C018LDL30,68.0,2026-04,2026-04-15,15
TBR,315/80R22.5JUC4,115323182C018LUC40,34.0,2026-04,2026-04-15,15
TBR,315/80R22.5JUL4,115223182C018LUL40,34.0,2026-04,2026-04-15,15
TBR,385/65R22.5JTL,115223852C024KJTL0,54.0,2026-04,2026-04-15,15
TBR,8.25R20JDE++,1121182020016KDEP0,162.0,2026-04,2026-04-15,15
TBR,8.25R20JUH5,1122182020016KUH50,112.0,2026-04,2026-04-15,15
TBR,9.00 R 20 JUH3,1122190020014KJH30,120.0,2026-04,2026-04-15,15
TBR,GT 5075 - 295/90R20 JUH XF,1122129A20152JULF0,152.0,2026-04,2026-04-15,15
TBR,GT 5076 - 295/90R20 JDE XF,1121129A20152JDLF0,231.0,2026-04,2026-04-15,15
TBR,GT 5078 - 295/80R22.5 JUX E,112222982C016JUXE0,52.0,2026-04,2026-04-15,15
TBR,GT 5079 - 255/70R22.5 JUX E,112222562C016MUXE0,43.0,2026-04,2026-04-15,15
TBR,GT 5093 - 11R22.5 CUC2,115321102C016LUC2C,30.0,2026-04,2026-04-15,15
TBR,GT 5095 - 11.00R20 JUC3,1123111020016KJC30,28.0,2026-04,2026-04-15,15
TBR,GT 5096 - 11.00R20 JDC XD,1121111020016KCXD0,140.0,2026-04,2026-04-15,15
TBR,GT 5099 - 275/90R20 JUH XF,1122127A20149KUHF0,34.0,2026-04,2026-04-15,15
TBR,GT 5103 - 295/80R22.5 JUM XM OEM,112222982C152MJXM0,65.0,2026-04,2026-04-15,15
TBR,10.00 R 20 JUH3+,1122110020016KH3P0,114.0,2026-04,2026-04-16,16
TBR,10.00 R 20 JUH5,1122110020016KUH50,181.0,2026-04,2026-04-16,16
TBR,10.00R 20 JW302,1123129A20152JUCM0,138.0,2026-04,2026-04-16,16
TBR,11.00R20 JUH5,1122111020016KUH50,96.0,2026-04,2026-04-16,16
TBR,11.00R20JDE++,1121111020016KDEP0,145.0,2026-04,2026-04-16,16
TBR,11R22.5JDH,115121102C016LJDH0,94.0,2026-04,2026-04-16,16
TBR,11R22.5JTHSD,115221102C016LJTS0,27.0,2026-04,2026-04-16,16
TBR,11R22.5JUHE,115221102C016LJUH0,38.0,2026-04,2026-04-16,16
TBR,295/75R22.5JTHSD,115222972C014LJTS0,190.0,2026-04,2026-04-16,16
TBR,295/80R22.5JUL1,112222982C016MJUM0,82.0,2026-04,2026-04-16,16
TBR,315/70R22.5JDL3,115123162C018LDL30,42.0,2026-04,2026-04-16,16
TBR,315/80R22.5JUC4,115323182C018LUC40,44.0,2026-04,2026-04-16,16
TBR,315/80R22.5JUL4,115223182C018LUL40,34.0,2026-04,2026-04-16,16
TBR,385/65R22.5JTL,115223852C024KJTL0,42.0,2026-04,2026-04-16,16
TBR,8.25R20JDE++,1121182020016KDEP0,148.0,2026-04,2026-04-16,16
TBR,8.25R20JUH5,1122182020016KUH50,110.0,2026-04,2026-04-16,16
TBR,9.00 R 20 JUH3,1122190020014KJH30,16.0,2026-04,2026-04-16,16
TBR,GT 5075 - 295/90R20 JUH XF,1122129A20152JULF0,213.0,2026-04,2026-04-16,16
TBR,GT 5076 - 295/90R20 JDE XF,1121129A20152JDLF0,253.0,2026-04,2026-04-16,16
TBR,GT 5078 - 295/80R22.5 JUX E,112222982C016JUXE0,80.0,2026-04,2026-04-16,16
TBR,GT 5079 - 255/70R22.5 JUX E,112222562C016MUXE0,67.0,2026-04,2026-04-16,16
TBR,GT 5093 - 11R22.5 CUC2,115321102C016LUC2C,46.0,2026-04,2026-04-16,16
TBR,GT 5095 - 11.00R20 JUC3,1123111020016KJC30,48.0,2026-04,2026-04-16,16
TBR,GT 5096 - 11.00R20 JDC XD,1121111020016KCXD0,200.0,2026-04,2026-04-16,16
TBR,GT 5098 - 275/90R20 JDE XF,1121127A20149KDEF0,34.0,2026-04,2026-04-16,16
TBR,GT 5099 - 275/90R20 JUH XF,1122127A20149KUHF0,48.0,2026-04,2026-04-16,16
TBR,GT 5103 - 295/80R22.5 JUM XM OEM,112222982C152MJXM0,153.0,2026-04,2026-04-16,16
TBR,10.00 R 20 JUH3+,1122110020016KH3P0,91.0,2026-04,2026-04-17,17
TBR,10.00 R 20 JUH5,1122110020016KUH50,259.0,2026-04,2026-04-17,17
TBR,10.00R 20 JW302,1123129A20152JUCM0,31.0,2026-04,2026-04-17,17
TBR,11.00R20 JUH5,1122111020016KUH50,134.0,2026-04,2026-04-17,17
TBR,11.00R20JDE++,1121111020016KDEP0,62.0,2026-04,2026-04-17,17
TBR,11R22.5 JDH5+,115121102C016LH5P0,16.0,2026-04,2026-04-17,17
TBR,11R22.5JDH,115121102C016LJDH0,54.0,2026-04,2026-04-17,17
TBR,11R22.5JTHSD,115221102C016LJTS0,37.0,2026-04,2026-04-17,17
TBR,295/75R22.5JTHSD,115222972C014LJTS0,186.0,2026-04,2026-04-17,17
TBR,295/80R22.5JUL1,112222982C016MJUM0,48.0,2026-04,2026-04-17,17
TBR,315/70R22.5JDL3,115123162C018LDL30,64.0,2026-04,2026-04-17,17
TBR,315/80R22.5JUC4,115323182C018LUC40,42.0,2026-04,2026-04-17,17
TBR,315/80R22.5JUL4,115223182C018LUL40,16.0,2026-04,2026-04-17,17
TBR,385/65R22.5JTL,115223852C024KJTL0,92.0,2026-04,2026-04-17,17
TBR,8.25R20JDE++,1121182020016KDEP0,166.0,2026-04,2026-04-17,17
TBR,8.25R20JUH5,1122182020016KUH50,106.0,2026-04,2026-04-17,17
TBR,9.00 R 20 JUH3,1122190020014KJH30,154.0,2026-04,2026-04-17,17
TBR,GT 5075 - 295/90R20 JUH XF,1122129A20152JULF0,218.0,2026-04,2026-04-17,17
TBR,GT 5076 - 295/90R20 JDE XF,1121129A20152JDLF0,262.0,2026-04,2026-04-17,17
TBR,GT 5078 - 295/80R22.5 JUX E,112222982C016JUXE0,2.0,2026-04,2026-04-17,17
TBR,GT 5079 - 255/70R22.5 JUX E,112222562C016MUXE0,58.0,2026-04,2026-04-17,17
TBR,GT 5093 - 11R22.5 CUC2,115321102C016LUC2C,2.0,2026-04,2026-04-17,17
TBR,GT 5095 - 11.00R20 JUC3,1123111020016KJC30,63.0,2026-04,2026-04-17,17
TBR,GT 5096 - 11.00R20 JDC XD,1121111020016KCXD0,162.0,2026-04,2026-04-17,17
TBR,GT 5098 - 275/90R20 JDE XF,1121127A20149KDEF0,34.0,2026-04,2026-04-17,17
TBR,GT 5099 - 275/90R20 JUH XF,1122127A20149KUHF0,38.0,2026-04,2026-04-17,17
TBR,GT 5103 - 295/80R22.5 JUM XM OEM,112222982C152MJXM0,207.0,2026-04,2026-04-17,17
TBR,10.00 R 20 JUH3+,1122110020016KH3P0,135.0,2026-04,2026-04-18,18
TBR,10.00 R 20 JUH5,1122110020016KUH50,273.0,2026-04,2026-04-18,18
TBR,10.00R 20 JW302,1123129A20152JUCM0,126.0,2026-04,2026-04-18,18
TBR,11.00R20 JUH5,1122111020016KUH50,130.0,2026-04,2026-04-18,18
TBR,11.00R20JDE++,1121111020016KDEP0,132.0,2026-04,2026-04-18,18
TBR,11R22.5 JDH5+,115121102C016LH5P0,34.0,2026-04,2026-04-18,18
TBR,11R22.5JDH,115121102C016LJDH0,18.0,2026-04,2026-04-18,18
TBR,11R22.5JTHSD,115221102C016LJTS0,36.0,2026-04,2026-04-18,18
TBR,11R22.5JUC,112321102C016LJUC0,36.0,2026-04,2026-04-18,18
TBR,295/75R22.5JTHSD,115222972C014LJTS0,218.0,2026-04,2026-04-18,18
TBR,295/80R22.5JUL1,112222982C016MJUM0,83.0,2026-04,2026-04-18,18
TBR,315/70R22.5JDL3,115123162C018LDL30,44.0,2026-04,2026-04-18,18
TBR,315/80R22.5JUC4,115323182C018LUC40,32.0,2026-04,2026-04-18,18
TBR,315/80R22.5JUL4,115223182C018LUL40,36.0,2026-04,2026-04-18,18
TBR,385/65R22.5JTL,115223852C024KJTL0,84.0,2026-04,2026-04-18,18
TBR,8.25R20JDE++,1121182020016KDEP0,187.0,2026-04,2026-04-18,18
TBR,8.25R20JUH5,1122182020016KUH50,115.0,2026-04,2026-04-18,18
TBR,9.00 R 20 JDE++,1121190020016KDEP0,42.0,2026-04,2026-04-18,18
TBR,9.00 R 20 JUH3,1122190020014KJH30,139.0,2026-04,2026-04-18,18
TBR,GT 5075 - 295/90R20 JUH XF,1122129A20152JULF0,252.0,2026-04,2026-04-18,18
TBR,GT 5076 - 295/90R20 JDE XF,1121129A20152JDLF0,296.0,2026-04,2026-04-18,18
TBR,GT 5078 - 295/80R22.5 JUX E,112222982C016JUXE0,74.0,2026-04,2026-04-18,18
TBR,GT 5079 - 255/70R22.5 JUX E,112222562C016MUXE0,89.0,2026-04,2026-04-18,18
TBR,GT 5093 - 11R22.5 CUC2,115321102C016LUC2C,30.0,2026-04,2026-04-18,18
TBR,GT 5095 - 11.00R20 JUC3,1123111020016KJC30,46.0,2026-04,2026-04-18,18
TBR,GT 5096 - 11.00R20 JDC XD,1121111020016KCXD0,125.0,2026-04,2026-04-18,18
TBR,GT 5098 - 275/90R20 JDE XF,1121127A20149KDEF0,36.0,2026-04,2026-04-18,18
TBR,GT 5099 - 275/90R20 JUH XF,1122127A20149KUHF0,4.0,2026-04,2026-04-18,18
TBR,GT 5103 - 295/80R22.5 JUM XM OEM,112222982C152MJXM0,182.0,2026-04,2026-04-18,18
TBR,10.00 R 20 JUH3+,1122110020016KH3P0,152.0,2026-04,2026-04-19,19
TBR,10.00 R 20 JUH5,1122110020016KUH50,250.0,2026-04,2026-04-19,19
TBR,10.00R 20 JW302,1123129A20152JUCM0,117.0,2026-04,2026-04-19,19
TBR,11.00R20 JUH5,1122111020016KUH50,126.0,2026-04,2026-04-19,19
TBR,11.00R20JDE++,1121111020016KDEP0,128.0,2026-04,2026-04-19,19
TBR,11R22.5 JDH5+,115121102C016LH5P0,36.0,2026-04,2026-04-19,19
TBR,11R22.5JTHSD,115221102C016LJTS0,56.0,2026-04,2026-04-19,19
TBR,11R22.5JUC,112321102C016LJUC0,90.0,2026-04,2026-04-19,19
TBR,295/75R22.5JTHSD,115222972C014LJTS0,166.0,2026-04,2026-04-19,19
TBR,295/80R22.5JUL1,112222982C016MJUM0,47.0,2026-04,2026-04-19,19
TBR,315/70R22.5JDL3,115123162C018LDL30,73.0,2026-04,2026-04-19,19
TBR,315/80R22.5JUC4,115323182C018LUC40,42.0,2026-04,2026-04-19,19
TBR,315/80R22.5JUL4,115223182C018LUL40,12.0,2026-04,2026-04-19,19
TBR,385/65R22.5JTL,115223852C024KJTL0,30.0,2026-04,2026-04-19,19
TBR,8.25R20JDE++,1121182020016KDEP0,168.0,2026-04,2026-04-19,19
TBR,8.25R20JUH5,1122182020016KUH50,132.0,2026-04,2026-04-19,19
TBR,9.00 R 20 JDE++,1121190020016KDEP0,68.0,2026-04,2026-04-19,19
TBR,9.00 R 20 JUH3,1122190020014KJH30,126.0,2026-04,2026-04-19,19
TBR,9.00 R 20 JUH5,1122190020016KUH50,2.0,2026-04,2026-04-19,19
TBR,GT 5075 - 295/90R20 JUH XF,1122129A20152JULF0,206.0,2026-04,2026-04-19,19
TBR,GT 5076 - 295/90R20 JDE XF,1121129A20152JDLF0,286.0,2026-04,2026-04-19,19
TBR,GT 5078 - 295/80R22.5 JUX E,112222982C016JUXE0,64.0,2026-04,2026-04-19,19
TBR,GT 5079 - 255/70R22.5 JUX E,112222562C016MUXE0,87.0,2026-04,2026-04-19,19
TBR,GT 5093 - 11R22.5 CUC2,115321102C016LUC2C,44.0,2026-04,2026-04-19,19
TBR,GT 5095 - 11.00R20 JUC3,1123111020016KJC30,66.0,2026-04,2026-04-19,19
TBR,GT 5096 - 11.00R20 JDC XD,1121111020016KCXD0,72.0,2026-04,2026-04-19,19
TBR,GT 5098 - 275/90R20 JDE XF,1121127A20149KDEF0,7.0,2026-04,2026-04-19,19
TBR,GT 5103 - 295/80R22.5 JUM XM OEM,112222982C152MJXM0,192.0,2026-04,2026-04-19,19
TBR,10.00 R 20 JUH3+,1122110020016KH3P0,166.0,2026-04,2026-04-20,20
TBR,10.00 R 20 JUH5,1122110020016KUH50,251.0,2026-04,2026-04-20,20
TBR,10.00R 20 JW302,1123129A20152JUCM0,128.0,2026-04,2026-04-20,20
TBR,11.00R20 JUH5,1122111020016KUH50,124.0,2026-04,2026-04-20,20
TBR,11.00R20JDE++,1121111020016KDEP0,153.0,2026-04,2026-04-20,20
TBR,11R22.5 JDH5+,115121102C016LH5P0,38.0,2026-04,2026-04-20,20
TBR,11R22.5JTHSD,115221102C016LJTS0,46.0,2026-04,2026-04-20,20
TBR,11R22.5JUC,112321102C016LJUC0,75.0,2026-04,2026-04-20,20
TBR,295/75R22.5JTHSD,115222972C014LJTS0,162.0,2026-04,2026-04-20,20
TBR,295/80R22.5JUL1,112222982C016MJUM0,75.0,2026-04,2026-04-20,20
TBR,315/70R22.5JDL3,115123162C018LDL30,36.0,2026-04,2026-04-20,20
TBR,315/80R22.5JUC4,115323182C018LUC40,40.0,2026-04,2026-04-20,20
TBR,315/80R22.5JUL4,115223182C018LUL40,42.0,2026-04,2026-04-20,20
TBR,385/65R22.5JTL,115223852C024KJTL0,28.0,2026-04,2026-04-20,20
TBR,8.25R20JDE++,1121182020016KDEP0,115.0,2026-04,2026-04-20,20
TBR,8.25R20JUH5,1122182020016KUH50,48.0,2026-04,2026-04-20,20
TBR,9.00 R 20 JDE++,1121190020016KDEP0,84.0,2026-04,2026-04-20,20
TBR,9.00 R 20 JUH3,1122190020014KJH30,136.0,2026-04,2026-04-20,20
TBR,9.00 R 20 JUH5,1122190020016KUH50,44.0,2026-04,2026-04-20,20
TBR,GT 5075 - 295/90R20 JUH XF,1122129A20152JULF0,194.0,2026-04,2026-04-20,20
TBR,GT 5076 - 295/90R20 JDE XF,1121129A20152JDLF0,204.0,2026-04,2026-04-20,20
TBR,GT 5078 - 295/80R22.5 JUX E,112222982C016JUXE0,41.0,2026-04,2026-04-20,20
TBR,GT 5079 - 255/70R22.5 JUX E,112222562C016MUXE0,128.0,2026-04,2026-04-20,20
TBR,GT 5093 - 11R22.5 CUC2,115321102C016LUC2C,44.0,2026-04,2026-04-20,20
TBR,GT 5095 - 11.00R20 JUC3,1123111020016KJC30,52.0,2026-04,2026-04-20,20
TBR,GT 5096 - 11.00R20 JDC XD,1121111020016KCXD0,100.0,2026-04,2026-04-20,20
TBR,GT 5103 - 295/80R22.5 JUM XM OEM,112222982C152MJXM0,180.0,2026-04,2026-04-20,20
TBR,10.00 R 20 JUH3+,1122110020016KH3P0,104.0,2026-04,2026-04-21,21
TBR,10.00 R 20 JUH5,1122110020016KUH50,229.0,2026-04,2026-04-21,21
TBR,10.00R 20 JW302,1123129A20152JUCM0,118.0,2026-04,2026-04-21,21
TBR,11.00R20 JUH5,1122111020016KUH50,116.0,2026-04,2026-04-21,21
TBR,11.00R20JDE++,1121111020016KDEP0,139.0,2026-04,2026-04-21,21
TBR,11R22.5 JDH5+,115121102C016LH5P0,36.0,2026-04,2026-04-21,21
TBR,11R22.5JTHSD,115221102C016LJTS0,46.0,2026-04,2026-04-21,21
TBR,11R22.5JUC,112321102C016LJUC0,89.0,2026-04,2026-04-21,21
TBR,295/75R22.5JTHSD,115222972C014LJTS0,158.0,2026-04,2026-04-21,21
TBR,295/80R22.5JUL1,112222982C016MJUM0,46.0,2026-04,2026-04-21,21
TBR,315/70R22.5JDL3,115123162C018LDL30,54.0,2026-04,2026-04-21,21
TBR,315/80R22.5JUC4,115323182C018LUC40,46.0,2026-04,2026-04-21,21
TBR,315/80R22.5JUL4,115223182C018LUL40,40.0,2026-04,2026-04-21,21
TBR,385/65R22.5JTL,115223852C024KJTL0,2.0,2026-04,2026-04-21,21
TBR,8.25R20JDE++,1121182020016KDEP0,119.0,2026-04,2026-04-21,21
TBR,8.25R20JUH5,1122182020016KUH50,72.0,2026-04,2026-04-21,21
TBR,9.00 R 20 JDE++,1121190020016KDEP0,36.0,2026-04,2026-04-21,21
TBR,9.00 R 20 JUH3,1122190020014KJH30,134.0,2026-04,2026-04-21,21
TBR,9.00 R 20 JUH5,1122190020016KUH50,74.0,2026-04,2026-04-21,21
TBR,GT 5075 - 295/90R20 JUH XF,1122129A20152JULF0,235.0,2026-04,2026-04-21,21
TBR,GT 5076 - 295/90R20 JDE XF,1121129A20152JDLF0,256.0,2026-04,2026-04-21,21
TBR,GT 5078 - 295/80R22.5 JUX E,112222982C016JUXE0,49.0,2026-04,2026-04-21,21
TBR,GT 5079 - 255/70R22.5 JUX E,112222562C016MUXE0,122.0,2026-04,2026-04-21,21
TBR,GT 5093 - 11R22.5 CUC2,115321102C016LUC2C,48.0,2026-04,2026-04-21,21
TBR,GT 5095 - 11.00R20 JUC3,1123111020016KJC30,66.0,2026-04,2026-04-21,21
TBR,GT 5096 - 11.00R20 JDC XD,1121111020016KCXD0,136.0,2026-04,2026-04-21,21
TBR,GT 5103 - 295/80R22.5 JUM XM OEM,112222982C152MJXM0,184.0,2026-04,2026-04-21,21
TBR,GT 5123 - 385/65R22.5 JUL4,115223852C024KUL40,8.0,2026-04,2026-04-21,21
TBR,10.00 R 20 JDE,1121129A20000JDEP0,34.0,2026-04,2026-04-22,22
TBR,10.00 R 20 JUH3+,1122110020016KH3P0,140.0,2026-04,2026-04-22,22
TBR,10.00 R 20 JUH5,1122110020016KUH50,248.0,2026-04,2026-04-22,22
TBR,10.00R 20 JW302,1123129A20152JUCM0,120.0,2026-04,2026-04-22,22
TBR,11.00R20 JUH5,1122111020016KUH50,144.0,2026-04,2026-04-22,22
TBR,11.00R20JDE++,1121111020016KDEP0,138.0,2026-04,2026-04-22,22
TBR,11R22.5 JDH5+,115121102C016LH5P0,38.0,2026-04,2026-04-22,22
TBR,11R22.5JTHSD,115221102C016LJTS0,2.0,2026-04,2026-04-22,22
TBR,11R22.5JUC,112321102C016LJUC0,62.0,2026-04,2026-04-22,22
TBR,295/75R22.5JTHSD,115222972C014LJTS0,166.0,2026-04,2026-04-22,22
TBR,295/80R22.5JUL1,112222982C016MJUM0,34.0,2026-04,2026-04-22,22
TBR,315/70R22.5JDL3,115123162C018LDL30,66.0,2026-04,2026-04-22,22
TBR,315/80R22.5JUC4,115323182C018LUC40,40.0,2026-04,2026-04-22,22
TBR,315/80R22.5JUL4,115223182C018LUL40,40.0,2026-04,2026-04-22,22
TBR,8.25R20JDE++,1121182020016KDEP0,114.0,2026-04,2026-04-22,22
TBR,8.25R20JUH5,1122182020016KUH50,69.0,2026-04,2026-04-22,22
TBR,9.00 R 20 JDE++,1121190020016KDEP0,78.0,2026-04,2026-04-22,22
TBR,9.00 R 20 JUH3,1122190020014KJH30,120.0,2026-04,2026-04-22,22
TBR,9.00 R 20 JUH5,1122190020016KUH50,86.0,2026-04,2026-04-22,22
TBR,GT 5075 - 295/90R20 JUH XF,1122129A20152JULF0,234.0,2026-04,2026-04-22,22
TBR,GT 5076 - 295/90R20 JDE XF,1121129A20152JDLF0,206.0,2026-04,2026-04-22,22
TBR,GT 5078 - 295/80R22.5 JUX E,112222982C016JUXE0,78.0,2026-04,2026-04-22,22
TBR,GT 5079 - 255/70R22.5 JUX E,112222562C016MUXE0,104.0,2026-04,2026-04-22,22
TBR,GT 5080 - 275/70R22.5 JUX E,112222762C016JUXE0,6.0,2026-04,2026-04-22,22
TBR,GT 5093 - 11R22.5 CUC2,115321102C016LUC2C,39.0,2026-04,2026-04-22,22
TBR,GT 5095 - 11.00R20 JUC3,1123111020016KJC30,48.0,2026-04,2026-04-22,22
TBR,GT 5096 - 11.00R20 JDC XD,1121111020016KCXD0,160.0,2026-04,2026-04-22,22
TBR,GT 5103 - 295/80R22.5 JUM XM OEM,112222982C152MJXM0,149.0,2026-04,2026-04-22,22
TBR,GT 5123 - 385/65R22.5 JUL4,115223852C024KUL40,26.0,2026-04,2026-04-22,22
TBR,10.00 R 20 JDE,1121129A20000JDEP0,24.0,2026-04,2026-04-23,23
TBR,10.00 R 20 JUH3+,1122110020016KH3P0,42.0,2026-04,2026-04-23,23
TBR,10.00 R 20 JUH5,1122110020016KUH50,84.0,2026-04,2026-04-23,23
TBR,10.00R 20 JW302,1123129A20152JUCM0,30.0,2026-04,2026-04-23,23
TBR,11.00R20 JUH5,1122111020016KUH50,48.0,2026-04,2026-04-23,23
TBR,11.00R20JDE++,1121111020016KDEP0,44.0,2026-04,2026-04-23,23
TBR,11R22.5 JDH5+,115121102C016LH5P0,6.0,2026-04,2026-04-23,23
TBR,11R22.5JUC,112321102C016LJUC0,16.0,2026-04,2026-04-23,23
TBR,295/75R22.5JTHSD,115222972C014LJTS0,46.0,2026-04,2026-04-23,23
TBR,295/80R22.5JUL1,112222982C016MJUM0,28.0,2026-04,2026-04-23,23
TBR,315/70R22.5JDL3,115123162C018LDL30,20.0,2026-04,2026-04-23,23
TBR,315/80R22.5JUC4,115323182C018LUC40,12.0,2026-04,2026-04-23,23
TBR,315/80R22.5JUL4,115223182C018LUL40,14.0,2026-04,2026-04-23,23
TBR,8.25R20JDE++,1121182020016KDEP0,40.0,2026-04,2026-04-23,23
TBR,8.25R20JUH5,1122182020016KUH50,24.0,2026-04,2026-04-23,23
TBR,9.00 R 20 JDE++,1121190020016KDEP0,6.0,2026-04,2026-04-23,23
TBR,9.00 R 20 JUH3,1122190020014KJH30,48.0,2026-04,2026-04-23,23
TBR,9.00 R 20 JUH5,1122190020016KUH50,26.0,2026-04,2026-04-23,23
TBR,GT 5075 - 295/90R20 JUH XF,1122129A20152JULF0,72.0,2026-04,2026-04-23,23
TBR,GT 5076 - 295/90R20 JDE XF,1121129A20152JDLF0,46.0,2026-04,2026-04-23,23
TBR,GT 5078 - 295/80R22.5 JUX E,112222982C016JUXE0,26.0,2026-04,2026-04-23,23
TBR,GT 5079 - 255/70R22.5 JUX E,112222562C016MUXE0,40.0,2026-04,2026-04-23,23
TBR,GT 5080 - 275/70R22.5 JUX E,112222762C016JUXE0,14.0,2026-04,2026-04-23,23
TBR,GT 5095 - 11.00R20 JUC3,1123111020016KJC30,8.0,2026-04,2026-04-23,23
TBR,GT 5096 - 11.00R20 JDC XD,1121111020016KCXD0,58.0,2026-04,2026-04-23,23
TBR,GT 5103 - 295/80R22.5 JUM XM OEM,112222982C152MJXM0,48.0,2026-04,2026-04-23,23
TBR,GT 5123 - 385/65R22.5 JUL4,115223852C024KUL40,14.0,2026-04,2026-04-23,23
TBR,10.00 R 20 JDE,1121129A20000JDEP0,102.0,2026-04,2026-04-24,24
TBR,10.00 R 20 JUH3+,1122110020016KH3P0,154.0,2026-04,2026-04-24,24
TBR,10.00 R 20 JUH5,1122110020016KUH50,186.0,2026-04,2026-04-24,24
TBR,10.00R 20 JW302,1123129A20152JUCM0,80.0,2026-04,2026-04-24,24
TBR,11.00R20 JUH5,1122111020016KUH50,142.0,2026-04,2026-04-24,24
TBR,11.00R20JDE++,1121111020016KDEP0,135.0,2026-04,2026-04-24,24
TBR,11R22.5 JDH5+,115121102C016LH5P0,28.0,2026-04,2026-04-24,24
TBR,11R22.5JUC,112321102C016LJUC0,88.0,2026-04,2026-04-24,24
TBR,295/75R22.5JTHSD,115222972C014LJTS0,162.0,2026-04,2026-04-24,24
TBR,295/75R22.5JUL3,115222972C016LUL30,42.0,2026-04,2026-04-24,24
TBR,295/80R22.5JUL1,112222982C016MJUM0,76.0,2026-04,2026-04-24,24
TBR,315/70R22.5JDL3,115123162C018LDL30,34.0,2026-04,2026-04-24,24
TBR,315/80R22.5JUC4,115323182C018LUC40,30.0,2026-04,2026-04-24,24
TBR,315/80R22.5JUL4,115223182C018LUL40,24.0,2026-04,2026-04-24,24
TBR,8.25R20JDE++,1121182020016KDEP0,80.0,2026-04,2026-04-24,24
TBR,8.25R20JUH5,1122182020016KUH50,35.0,2026-04,2026-04-24,24
TBR,9.00 R 20 JDE++,1121190020016KDEP0,60.0,2026-04,2026-04-24,24
TBR,9.00 R 20 JUH3,1122190020014KJH30,130.0,2026-04,2026-04-24,24
TBR,9.00 R 20 JUH5,1122190020016KUH50,60.0,2026-04,2026-04-24,24
TBR,GT 5075 - 295/90R20 JUH XF,1122129A20152JULF0,220.0,2026-04,2026-04-24,24
TBR,GT 5076 - 295/90R20 JDE XF,1121129A20152JDLF0,117.0,2026-04,2026-04-24,24
TBR,GT 5078 - 295/80R22.5 JUX E,112222982C016JUXE0,26.0,2026-04,2026-04-24,24
TBR,GT 5079 - 255/70R22.5 JUX E,112222562C016MUXE0,116.0,2026-04,2026-04-24,24
TBR,GT 5080 - 275/70R22.5 JUX E,112222762C016JUXE0,44.0,2026-04,2026-04-24,24
TBR,GT 5095 - 11.00R20 JUC3,1123111020016KJC30,77.0,2026-04,2026-04-24,24
TBR,GT 5096 - 11.00R20 JDC XD,1121111020016KCXD0,188.0,2026-04,2026-04-24,24
TBR,GT 5103 - 295/80R22.5 JUM XM OEM,112222982C152MJXM0,171.0,2026-04,2026-04-24,24
TBR,GT 5123 - 385/65R22.5 JUL4,115223852C024KUL40,12.0,2026-04,2026-04-24,24
TBR,10.00 R 20 JDE,1121129A20000JDEP0,172.0,2026-04,2026-04-25,25
TBR,10.00 R 20 JUH3+,1122110020016KH3P0,172.0,2026-04,2026-04-25,25
TBR,10.00 R 20 JUH5,1122110020016KUH50,206.0,2026-04,2026-04-25,25
TBR,10.00R 20 JW302,1123129A20152JUCM0,126.0,2026-04,2026-04-25,25
TBR,11.00R20 JUH5,1122111020016KUH50,128.0,2026-04,2026-04-25,25
TBR,11.00R20JDE++,1121111020016KDEP0,109.0,2026-04,2026-04-25,25
TBR,11R22.5 JDH5+,115121102C016LH5P0,28.0,2026-04,2026-04-25,25
TBR,11R22.5JUC,112321102C016LJUC0,58.0,2026-04,2026-04-25,25
TBR,295/75R22.5JTHSD,115222972C014LJTS0,184.0,2026-04,2026-04-25,25
TBR,295/75R22.5JUL3,115222972C016LUL30,32.0,2026-04,2026-04-25,25
TBR,295/80R22.5JUL1,112222982C016MJUM0,76.0,2026-04,2026-04-25,25
TBR,315/70R22.5JDL3,115123162C018LDL30,74.0,2026-04,2026-04-25,25
TBR,315/80R22.5JUC4,115323182C018LUC40,3.0,2026-04,2026-04-25,25
TBR,315/80R22.5JUL4,115223182C018LUL40,40.0,2026-04,2026-04-25,25
TBR,8.25R20JDE++,1121182020016KDEP0,126.0,2026-04,2026-04-25,25
TBR,8.25R20JUH5,1122182020016KUH50,79.0,2026-04,2026-04-25,25
TBR,9.00 R 20 JDE++,1121190020016KDEP0,64.0,2026-04,2026-04-25,25
TBR,9.00 R 20 JUH3,1122190020014KJH30,116.0,2026-04,2026-04-25,25
TBR,9.00 R 20 JUH5,1122190020016KUH50,72.0,2026-04,2026-04-25,25
TBR,GT 5075 - 295/90R20 JUH XF,1122129A20152JULF0,208.0,2026-04,2026-04-25,25
TBR,GT 5076 - 295/90R20 JDE XF,1121129A20152JDLF0,106.0,2026-04,2026-04-25,25
TBR,GT 5078 - 295/80R22.5 JUX E,112222982C016JUXE0,48.0,2026-04,2026-04-25,25
TBR,GT 5079 - 255/70R22.5 JUX E,112222562C016MUXE0,122.0,2026-04,2026-04-25,25
TBR,GT 5080 - 275/70R22.5 JUX E,112222762C016JUXE0,42.0,2026-04,2026-04-25,25
TBR,GT 5083 - 295/80R22.5 JUM XM,112222982C016MJXM0,156.0,2026-04,2026-04-25,25
TBR,GT 5095 - 11.00R20 JUC3,1123111020016KJC30,77.0,2026-04,2026-04-25,25
TBR,GT 5096 - 11.00R20 JDC XD,1121111020016KCXD0,191.0,2026-04,2026-04-25,25
TBR,GT 5103 - 295/80R22.5 JUM XM OEM,112222982C152MJXM0,33.0,2026-04,2026-04-25,25
TBR,GT 5123 - 385/65R22.5 JUL4,115223852C024KUL40,8.0,2026-04,2026-04-25,25
TBR,10.00 R 20 JDE,1121129A20000JDEP0,162.0,2026-04,2026-04-26,26
TBR,10.00 R 20 JUH3+,1122110020016KH3P0,164.0,2026-04,2026-04-26,26
TBR,10.00 R 20 JUH5,1122110020016KUH50,224.0,2026-04,2026-04-26,26
TBR,10.00R 20 JW302,1123129A20152JUCM0,122.0,2026-04,2026-04-26,26
TBR,11.00R20 JUH5,1122111020016KUH50,156.0,2026-04,2026-04-26,26
TBR,11.00R20JDE++,1121111020016KDEP0,168.0,2026-04,2026-04-26,26
TBR,11R22.5 JDH5+,115121102C016LH5P0,42.0,2026-04,2026-04-26,26
TBR,11R22.5JUC,112321102C016LJUC0,85.0,2026-04,2026-04-26,26
TBR,295/75R22.5JTHSD,115222972C014LJTS0,155.0,2026-04,2026-04-26,26
TBR,295/75R22.5JUL3,115222972C016LUL30,48.0,2026-04,2026-04-26,26
TBR,295/80R22.5JUL1,112222982C016MJUM0,52.0,2026-04,2026-04-26,26
TBR,315/70R22.5JDL3,115123162C018LDL30,78.0,2026-04,2026-04-26,26
TBR,315/80R22.5JDL3,115123182C018LDL30,30.0,2026-04,2026-04-26,26
TBR,315/80R22.5JUL4,115223182C018LUL40,13.0,2026-04,2026-04-26,26
TBR,8.25R20JDE++,1121182020016KDEP0,104.0,2026-04,2026-04-26,26
TBR,8.25R20JUH5,1122182020016KUH50,84.0,2026-04,2026-04-26,26
TBR,9.00 R 20 JDE++,1121190020016KDEP0,80.0,2026-04,2026-04-26,26
TBR,9.00 R 20 JUH3,1122190020014KJH30,108.0,2026-04,2026-04-26,26
TBR,9.00 R 20 JUH5,1122190020016KUH50,86.0,2026-04,2026-04-26,26
TBR,GT 5075 - 295/90R20 JUH XF,1122129A20152JULF0,144.0,2026-04,2026-04-26,26
TBR,GT 5076 - 295/90R20 JDE XF,1121129A20152JDLF0,123.0,2026-04,2026-04-26,26
TBR,GT 5078 - 295/80R22.5 JUX E,112222982C016JUXE0,70.0,2026-04,2026-04-26,26
TBR,GT 5079 - 255/70R22.5 JUX E,112222562C016MUXE0,123.0,2026-04,2026-04-26,26
TBR,GT 5080 - 275/70R22.5 JUX E,112222762C016JUXE0,38.0,2026-04,2026-04-26,26
TBR,GT 5083 - 295/80R22.5 JUM XM,112222982C016MJXM0,170.0,2026-04,2026-04-26,26
TBR,GT 5095 - 11.00R20 JUC3,1123111020016KJC30,74.0,2026-04,2026-04-26,26
TBR,GT 5096 - 11.00R20 JDC XD,1121111020016KCXD0,191.0,2026-04,2026-04-26,26
TBR,GT 5101 - 11.00R20 JS114,1121111020016K1141,8.0,2026-04,2026-04-26,26
TBR,GT 5123 - 385/65R22.5 JUL4,115223852C024KUL40,48.0,2026-04,2026-04-26,26
TBR,10.00 R 20 JDE,1121129A20000JDEP0,191.0,2026-04,2026-04-27,27
TBR,10.00 R 20 JUH3+,1122110020016KH3P0,146.0,2026-04,2026-04-27,27
TBR,10.00 R 20 JUH5,1122110020016KUH50,218.0,2026-04,2026-04-27,27
TBR,10.00R 20 JW302,1123129A20152JUCM0,124.0,2026-04,2026-04-27,27
TBR,11.00R20 JUH5,1122111020016KUH50,176.0,2026-04,2026-04-27,27
TBR,11.00R20JDE++,1121111020016KDEP0,157.0,2026-04,2026-04-27,27
TBR,11R22.5 JDH5+,115121102C016LH5P0,46.0,2026-04,2026-04-27,27
TBR,11R22.5JUC,112321102C016LJUC0,92.0,2026-04,2026-04-27,27
TBR,295/75R22.5JTHSD,115222972C014LJTS0,190.0,2026-04,2026-04-27,27
TBR,295/75R22.5JUL3,115222972C016LUL30,40.0,2026-04,2026-04-27,27
TBR,295/80R22.5JUL1,112222982C016MJUM0,96.0,2026-04,2026-04-27,27
TBR,315/70R22.5JDL3,115123162C018LDL30,66.0,2026-04,2026-04-27,27
TBR,315/80R22.5JDL3,115123182C018LDL30,32.0,2026-04,2026-04-27,27
TBR,8.25R20JDE++,1121182020016KDEP0,140.0,2026-04,2026-04-27,27
TBR,8.25R20JUH5,1122182020016KUH50,78.0,2026-04,2026-04-27,27
TBR,9.00 R 20 JDE++,1121190020016KDEP0,84.0,2026-04,2026-04-27,27
TBR,9.00 R 20 JUH3,1122190020014KJH30,108.0,2026-04,2026-04-27,27
TBR,9.00 R 20 JUH5,1122190020016KUH50,76.0,2026-04,2026-04-27,27
TBR,GT 5075 - 295/90R20 JUH XF,1122129A20152JULF0,158.0,2026-04,2026-04-27,27
TBR,GT 5076 - 295/90R20 JDE XF,1121129A20152JDLF0,94.0,2026-04,2026-04-27,27
TBR,GT 5078 - 295/80R22.5 JUX E,112222982C016JUXE0,90.0,2026-04,2026-04-27,27
TBR,GT 5079 - 255/70R22.5 JUX E,112222562C016MUXE0,76.0,2026-04,2026-04-27,27
TBR,GT 5080 - 275/70R22.5 JUX E,112222762C016JUXE0,44.0,2026-04,2026-04-27,27
TBR,GT 5083 - 295/80R22.5 JUM XM,112222982C016MJXM0,166.0,2026-04,2026-04-27,27
TBR,GT 5095 - 11.00R20 JUC3,1123111020016KJC30,82.0,2026-04,2026-04-27,27
TBR,GT 5096 - 11.00R20 JDC XD,1121111020016KCXD0,211.0,2026-04,2026-04-27,27
TBR,GT 5101 - 11.00R20 JS114,1121111020016K1141,40.0,2026-04,2026-04-27,27
TBR,GT 5114 - 315/80R22.5 JDC XD,115123182C020KCXD0,34.0,2026-04,2026-04-27,27
TBR,GT 5123 - 385/65R22.5 JUL4,115223852C024KUL40,28.0,2026-04,2026-04-27,27
TBR,10.00 R 20 JDE,1121129A20000JDEP0,197.0,2026-04,2026-04-28,28
TBR,10.00 R 20 JUH3+,1122110020016KH3P0,114.0,2026-04,2026-04-28,28
TBR,10.00 R 20 JUH5,1122110020016KUH50,224.0,2026-04,2026-04-28,28
TBR,10.00R 20 JW302,1123129A20152JUCM0,120.0,2026-04,2026-04-28,28
TBR,11.00R20 JUH5,1122111020016KUH50,150.0,2026-04,2026-04-28,28
TBR,11.00R20JDE++,1121111020016KDEP0,193.0,2026-04,2026-04-28,28
TBR,11R22.5 JDH5+,115121102C016LH5P0,16.0,2026-04,2026-04-28,28
TBR,11R22.5JUC,112321102C016LJUC0,48.0,2026-04,2026-04-28,28
TBR,295/75R22.5JTHSD,115222972C014LJTS0,174.0,2026-04,2026-04-28,28
TBR,295/75R22.5JUL3,115222972C016LUL30,36.0,2026-04,2026-04-28,28
TBR,295/80R22.5JUL1,112222982C016MJUM0,78.0,2026-04,2026-04-28,28
TBR,315/70R22.5JDL3,115123162C018LDL30,74.0,2026-04,2026-04-28,28
TBR,315/70R22.5JUL4,115223162C018LUL40,2.0,2026-04,2026-04-28,28
TBR,315/80R22.5JDL3,115123182C018LDL30,38.0,2026-04,2026-04-28,28
TBR,8.25R20JDE++,1121182020016KDEP0,124.0,2026-04,2026-04-28,28
TBR,8.25R20JUH5,1122182020016KUH50,88.0,2026-04,2026-04-28,28
TBR,9.00 R 20 JDE++,1121190020016KDEP0,90.0,2026-04,2026-04-28,28
TBR,9.00 R 20 JUH3,1122190020014KJH30,138.0,2026-04,2026-04-28,28
TBR,9.00 R 20 JUH5,1122190020016KUH50,84.0,2026-04,2026-04-28,28
TBR,GT 5075 - 295/90R20 JUH XF,1122129A20152JULF0,166.0,2026-04,2026-04-28,28
TBR,GT 5076 - 295/90R20 JDE XF,1121129A20152JDLF0,118.0,2026-04,2026-04-28,28
TBR,GT 5078 - 295/80R22.5 JUX E,112222982C016JUXE0,78.0,2026-04,2026-04-28,28
TBR,GT 5079 - 255/70R22.5 JUX E,112222562C016MUXE0,120.0,2026-04,2026-04-28,28
TBR,GT 5080 - 275/70R22.5 JUX E,112222762C016JUXE0,21.0,2026-04,2026-04-28,28
TBR,GT 5083 - 295/80R22.5 JUM XM,112222982C016MJXM0,164.0,2026-04,2026-04-28,28
TBR,GT 5094 - 11R22.5 JUH5 EXP,115221102C016LVH50,30.0,2026-04,2026-04-28,28
TBR,GT 5095 - 11.00R20 JUC3,1123111020016KJC30,56.0,2026-04,2026-04-28,28
TBR,GT 5096 - 11.00R20 JDC XD,1121111020016KCXD0,171.0,2026-04,2026-04-28,28
TBR,GT 5101 - 11.00R20 JS114,1121111020016K1141,42.0,2026-04,2026-04-28,28
TBR,GT 5114 - 315/80R22.5 JDC XD,115123182C020KCXD0,36.0,2026-04,2026-04-28,28
TBR,GT 5123 - 385/65R22.5 JUL4,115223852C024KUL40,26.0,2026-04,2026-04-28,28
TBR,10.00 R 20 JDE,1121129A20000JDEP0,136.0,2026-04,2026-04-29,29
TBR,10.00 R 20 JUH3+,1122110020016KH3P0,108.0,2026-04,2026-04-29,29
TBR,10.00 R 20 JUH5,1122110020016KUH50,161.0,2026-04,2026-04-29,29
TBR,10.00R 20 JW302,1123129A20152JUCM0,106.0,2026-04,2026-04-29,29
TBR,11.00R20 JUH5,1122111020016KUH50,84.0,2026-04,2026-04-29,29
TBR,11.00R20JDE++,1121111020016KDEP0,156.0,2026-04,2026-04-29,29
TBR,11R22.5 JDH5+,115121102C016LH5P0,34.0,2026-04,2026-04-29,29
TBR,11R22.5JUC,112321102C016LJUC0,48.0,2026-04,2026-04-29,29
TBR,295/75R22.5JTHSD,115222972C014LJTS0,158.0,2026-04,2026-04-29,29
TBR,295/75R22.5JUL3,115222972C016LUL30,50.0,2026-04,2026-04-29,29
TBR,295/80R22.5JUL1,112222982C016MJUM0,76.0,2026-04,2026-04-29,29
TBR,315/70R22.5JDL3,115123162C018LDL30,18.0,2026-04,2026-04-29,29
TBR,315/70R22.5JUL4,115223162C018LUL40,44.0,2026-04,2026-04-29,29
TBR,315/80R22.5JDL3,115123182C018LDL30,42.0,2026-04,2026-04-29,29
TBR,8.25R20JDE++,1121182020016KDEP0,70.0,2026-04,2026-04-29,29
TBR,8.25R20JUH5,1122182020016KUH50,82.0,2026-04,2026-04-29,29
TBR,9.00 R 20 JDE++,1121190020016KDEP0,92.0,2026-04,2026-04-29,29
TBR,9.00 R 20 JUH3,1122190020014KJH30,12.0,2026-04,2026-04-29,29
TBR,9.00 R 20 JUH5,1122190020016KUH50,72.0,2026-04,2026-04-29,29
TBR,GT 5075 - 295/90R20 JUH XF,1122129A20152JULF0,134.0,2026-04,2026-04-29,29
TBR,GT 5076 - 295/90R20 JDE XF,1121129A20152JDLF0,116.0,2026-04,2026-04-29,29
TBR,GT 5078 - 295/80R22.5 JUX E,112222982C016JUXE0,55.0,2026-04,2026-04-29,29
TBR,GT 5079 - 255/70R22.5 JUX E,112222562C016MUXE0,98.0,2026-04,2026-04-29,29
TBR,GT 5083 - 295/80R22.5 JUM XM,112222982C016MJXM0,137.0,2026-04,2026-04-29,29
TBR,GT 5094 - 11R22.5 JUH5 EXP,115221102C016LVH50,22.0,2026-04,2026-04-29,29
TBR,GT 5095 - 11.00R20 JUC3,1123111020016KJC30,36.0,2026-04,2026-04-29,29
TBR,GT 5096 - 11.00R20 JDC XD,1121111020016KCXD0,126.0,2026-04,2026-04-29,29
TBR,GT 5101 - 11.00R20 JS114,1121111020016K1141,20.0,2026-04,2026-04-29,29
TBR,GT 5114 - 315/80R22.5 JDC XD,115123182C020KCXD0,20.0,2026-04,2026-04-29,29
TBR,10.00 R 20 JDE,1121129A20000JDEP0,229.0,2026-04,2026-04-30,30
TBR,10.00 R 20 JUH3+,1122110020016KH3P0,148.0,2026-04,2026-04-30,30
TBR,10.00 R 20 JUH5,1122110020016KUH50,362.0,2026-04,2026-04-30,30
TBR,10.00R 20 JW302,1123129A20152JUCM0,94.0,2026-04,2026-04-30,30
TBR,11.00R20 JUH5,1122111020016KUH50,134.0,2026-04,2026-04-30,30
TBR,11.00R20JDE++,1121111020016KDEP0,172.0,2026-04,2026-04-30,30
TBR,11R22.5 JDH5+,115121102C016LH5P0,40.0,2026-04,2026-04-30,30
TBR,11R22.5JUC,112321102C016LJUC0,46.0,2026-04,2026-04-30,30
TBR,295/75R22.5JTHSD,115222972C014LJTS0,150.0,2026-04,2026-04-30,30
TBR,295/75R22.5JUL3,115222972C016LUL30,32.0,2026-04,2026-04-30,30
TBR,295/80R22.5JUL1,112222982C016MJUM0,78.0,2026-04,2026-04-30,30
TBR,315/70R22.5JDL3,115123162C018LDL30,45.0,2026-04,2026-04-30,30
TBR,315/70R22.5JUL4,115223162C018LUL40,16.0,2026-04,2026-04-30,30
TBR,315/80R22.5JDL3,115123182C018LDL30,40.0,2026-04,2026-04-30,30
TBR,8.25R20JDE++,1121182020016KDEP0,150.0,2026-04,2026-04-30,30
TBR,8.25R20JUH5,1122182020016KUH50,98.0,2026-04,2026-04-30,30
TBR,9.00 R 20 JDE++,1121190020016KDEP0,96.0,2026-04,2026-04-30,30
TBR,9.00 R 20 JUH3,1122190020014KJH30,44.0,2026-04,2026-04-30,30
TBR,9.00 R 20 JUH5,1122190020016KUH50,98.0,2026-04,2026-04-30,30
TBR,GT 5075 - 295/90R20 JUH XF,1122129A20152JULF0,132.0,2026-04,2026-04-30,30
TBR,GT 5076 - 295/90R20 JDE XF,1121129A20152JDLF0,90.0,2026-04,2026-04-30,30
TBR,GT 5078 - 295/80R22.5 JUX E,112222982C016JUXE0,82.0,2026-04,2026-04-30,30
TBR,GT 5079 - 255/70R22.5 JUX E,112222562C016MUXE0,102.0,2026-04,2026-04-30,30
TBR,GT 5083 - 295/80R22.5 JUM XM,112222982C016MJXM0,150.0,2026-04,2026-04-30,30
TBR,GT 5094 - 11R22.5 JUH5 EXP,115221102C016LVH50,46.0,2026-04,2026-04-30,30
TBR,GT 5095 - 11.00R20 JUC3,1123111020016KJC30,84.0,2026-04,2026-04-30,30
TBR,GT 5096 - 11.00R20 JDC XD,1121111020016KCXD0,189.0,2026-04,2026-04-30,30
TBR,GT 5101 - 11.00R20 JS114,1121111020016K1141,44.0,2026-04,2026-04-30,30
TBR,GT 5114 - 315/80R22.5 JDC XD,115123182C020KCXD0,44.0,2026-04,2026-04-30,30
TBR,GT 5123 - 385/65R22.5 JUL4,115223852C024KUL40,40.0,2026-04,2026-04-30,30
