plant,gt_code,sku,qty,month,due_date,day
PCR,GT  T1457 STAR,1325214617107MSXT0,337.0,2026-06,2026-06-01,1
PCR,GT 1402 XPC TATA,1D25214012008QXPCT,747.0,2026-06,2026-06-01,1
PCR,GT 1482 UHL,1325214812074TUHL0,519.0,2026-06,2026-06-01,1
PCR,GT 1503 NEO MSIL,1325215813079TUNE3,934.0,2026-06,2026-06-01,1
PCR,GT 1513 XPC1 MSIL,1D25215013008SXC10,2876.0,2026-06,2026-06-01,1
PCR,GT 1583 NEO TATA,1325215813079TUNE5,326.0,2026-06,2026-06-01,1
PCR,GT 1634 XPC TATA,1D25216814008QXPC0,333.0,2026-06,2026-06-01,1
PCR,GT 1672 SPT,1325216612077TUSP0,146.0,2026-06,2026-06-01,1
PCR,GT 1673 NEO,1325216613079HUNE0,184.0,2026-06,2026-06-01,1
PCR,GT 1684 ROYL,1325216814085TURL2,118.0,2026-06,2026-06-01,1
PCR,GT 1765 ROYL,1325217515084HURL2,403.0,2026-06,2026-06-01,1
PCR,GT 1844 XPC TML,1D25218014010RXPCT,235.0,2026-06,2026-06-01,1
PCR,GT 1865 ROYL RENO,1325218515088TURL1,158.0,2026-06,2026-06-01,1
PCR,GT 1894 MAX,1325218614088TTMX0,184.0,2026-06,2026-06-01,1
PCR,GT 1925 XPC1,1225219Z15008SXC11,520.0,2026-06,2026-06-01,1
PCR,GT 1995 ROYL KIA,1325219515091HURL2,1138.0,2026-06,2026-06-01,1
PCR,GT 2158 ROYL HYU,1325221318095HURL0,556.0,2026-06,2026-06-01,1
PCR,GT 2258 RAN HPE,1325222318098HRHE0,374.0,2026-06,2026-06-01,1
PCR,GT 2267 ROYL HYU,1325221417096HURL0,902.0,2026-06,2026-06-01,1
PCR,GT 2476 SUP MM,1325224716111SELS0,772.0,2026-06,2026-06-01,1
PCR,GT 2568 HT2,1325225518111HRHB0,626.0,2026-06,2026-06-01,1
PCR,GT 2617 RAN XAT,1325226517112HRXT0,144.0,2026-06,2026-06-01,1
PCR,GT 2618 RAN ATB,1325225518111HRAT1,134.0,2026-06,2026-06-01,1
PCR,GT2266 RAN HT,1325221516098HRHT0,131.0,2026-06,2026-06-01,1
PCR,GT  T1457 STAR,1325214617107MSXT0,367.0,2026-06,2026-06-02,2
PCR,GT 1402 XPC TATA,1D25214012008QXPCT,806.0,2026-06,2026-06-02,2
PCR,GT 1482 UHL,1325214812074TUHL0,484.0,2026-06,2026-06-02,2
PCR,GT 1503 NEO MSIL,1325215813079TUNE3,979.0,2026-06,2026-06-02,2
PCR,GT 1513 XPC1 MSIL,1D25215013008SXC10,2822.0,2026-06,2026-06-02,2
PCR,GT 1583 NEO TATA,1325215813079TUNE5,324.0,2026-06,2026-06-02,2
PCR,GT 1634 XPC TATA,1D25216814008QXPC0,390.0,2026-06,2026-06-02,2
PCR,GT 1672 SPT,1325216612077TUSP0,154.0,2026-06,2026-06-02,2
PCR,GT 1673 NEO,1325216613079HUNE0,172.0,2026-06,2026-06-02,2
PCR,GT 1684 ROYL,1325216814085TURL2,50.0,2026-06,2026-06-02,2
PCR,GT 1765 ROYL,1325217515084HURL2,393.0,2026-06,2026-06-02,2
PCR,GT 1844 XPC TML,1D25218014010RXPCT,237.0,2026-06,2026-06-02,2
PCR,GT 1865 ROYL RENO,1325218515088TURL1,164.0,2026-06,2026-06-02,2
PCR,GT 1894 MAX,1325218614088TTMX0,308.0,2026-06,2026-06-02,2
PCR,GT 1925 XPC1,1225219Z15008SXC11,492.0,2026-06,2026-06-02,2
PCR,GT 1995 ROYL KIA,1325219515091HURL2,1140.0,2026-06,2026-06-02,2
PCR,GT 2158 ROYL HYU,1325221318095HURL0,602.0,2026-06,2026-06-02,2
PCR,GT 2258 RAN HPE,1325222318098HRHE0,362.0,2026-06,2026-06-02,2
PCR,GT 2267 ROYL HYU,1325221417096HURL0,864.0,2026-06,2026-06-02,2
PCR,GT 2476 SUP MM,1325224716111SELS0,806.0,2026-06,2026-06-02,2
PCR,GT 2568 HT2,1325225518111HRHB0,692.0,2026-06,2026-06-02,2
PCR,GT 2617 RAN XAT,1325226517112HRXT0,3.0,2026-06,2026-06-02,2
PCR,GT 2618 RAN ATB,1325225518111HRAT1,72.0,2026-06,2026-06-02,2
PCR,GT2266 RAN HT,1325221516098HRHT0,144.0,2026-06,2026-06-02,2
PCR,GT  T1457 STAR,1325214617107MSXT0,108.0,2026-06,2026-06-03,3
PCR,GT 1402 XPC TATA,1D25214012008QXPCT,799.0,2026-06,2026-06-03,3
PCR,GT 1482 UHL,1325214812074TUHL0,500.0,2026-06,2026-06-03,3
PCR,GT 1503 NEO MSIL,1325215813079TUNE3,895.0,2026-06,2026-06-03,3
PCR,GT 1513 XPC1 MSIL,1D25215013008SXC10,2824.0,2026-06,2026-06-03,3
PCR,GT 1583 NEO TATA,1325215813079TUNE5,318.0,2026-06,2026-06-03,3
PCR,GT 1634 XPC TATA,1D25216814008QXPC0,436.0,2026-06,2026-06-03,3
PCR,GT 1672 SPT,1325216612077TUSP0,186.0,2026-06,2026-06-03,3
PCR,GT 1673 NEO,1325216613079HUNE0,174.0,2026-06,2026-06-03,3
PCR,GT 1684 ROYL,1325216814085TURL2,110.0,2026-06,2026-06-03,3
PCR,GT 1765 ROYL,1325217515084HURL2,396.0,2026-06,2026-06-03,3
PCR,GT 1844 XPC TML,1D25218014010RXPCT,208.0,2026-06,2026-06-03,3
PCR,GT 1865 ROYL RENO,1325218515088TURL1,148.0,2026-06,2026-06-03,3
PCR,GT 1894 MAX,1325218614088TTMX0,380.0,2026-06,2026-06-03,3
PCR,GT 1925 XPC1,1225219Z15008SXC11,562.0,2026-06,2026-06-03,3
PCR,GT 1995 ROYL KIA,1325219515091HURL2,1096.0,2026-06,2026-06-03,3
PCR,GT 2158 ROYL HYU,1325221318095HURL0,608.0,2026-06,2026-06-03,3
PCR,GT 2258 RAN HPE,1325222318098HRHE0,160.0,2026-06,2026-06-03,3
PCR,GT 2267 ROYL HYU,1325221417096HURL0,981.0,2026-06,2026-06-03,3
PCR,GT 2476 SUP MM,1325224716111SELS0,799.0,2026-06,2026-06-03,3
PCR,GT 2568 HT2,1325225518111HRHB0,805.0,2026-06,2026-06-03,3
PCR,GT 2618 RAN ATB,1325225518111HRAT1,152.0,2026-06,2026-06-03,3
PCR,GT 2667 RAN HT PG,1325226517112HRPG0,68.0,2026-06,2026-06-03,3
PCR,GT2266 RAN HT,1325221516098HRHT0,158.0,2026-06,2026-06-03,3
PCR,GT  T1457 STAR,1325214617107MSXT0,446.0,2026-06,2026-06-04,4
PCR,GT 1402 XPC TATA,1D25214012008QXPCT,836.0,2026-06,2026-06-04,4
PCR,GT 1482 UHL,1325214812074TUHL0,528.0,2026-06,2026-06-04,4
PCR,GT 1503 NEO MSIL,1325215813079TUNE3,1011.0,2026-06,2026-06-04,4
PCR,GT 1513 XPC1 MSIL,1D25215013008SXC10,3027.0,2026-06,2026-06-04,4
PCR,GT 1583 NEO TATA,1325215813079TUNE5,332.0,2026-06,2026-06-04,4
PCR,GT 1634 XPC TATA,1D25216814008QXPC0,448.0,2026-06,2026-06-04,4
PCR,GT 1672 SPT,1325216612077TUSP0,120.0,2026-06,2026-06-04,4
PCR,GT 1673 NEO,1325216613079HUNE0,198.0,2026-06,2026-06-04,4
PCR,GT 1684 ROYL,1325216814085TURL2,88.0,2026-06,2026-06-04,4
PCR,GT 1765 ROYL,1325217515084HURL2,590.0,2026-06,2026-06-04,4
PCR,GT 1844 XPC TML,1D25218014010RXPCT,237.0,2026-06,2026-06-04,4
PCR,GT 1894 MAX,1325218614088TTMX0,384.0,2026-06,2026-06-04,4
PCR,GT 1925 XPC1,1225219Z15008SXC11,561.0,2026-06,2026-06-04,4
PCR,GT 1995 ROYL KIA,1325219515091HURL2,1178.0,2026-06,2026-06-04,4
PCR,GT 2158 ROYL HYU,1325221318095HURL0,585.0,2026-06,2026-06-04,4
PCR,GT 2258 RAN HPE,1325222318098HRHE0,1.0,2026-06,2026-06-04,4
PCR,GT 2267 ROYL HYU,1325221417096HURL0,1031.0,2026-06,2026-06-04,4
PCR,GT 2476 SUP MM,1325224716111SELS0,800.0,2026-06,2026-06-04,4
PCR,GT 2568 HT2,1325225518111HRHB0,766.0,2026-06,2026-06-04,4
PCR,GT 2618 RAN ATB,1325225518111HRAT1,64.0,2026-06,2026-06-04,4
PCR,GT 2667 RAN HT PG,1325226517112HRPG0,110.0,2026-06,2026-06-04,4
PCR,GT2266 RAN HT,1325221516098HRHT0,151.0,2026-06,2026-06-04,4
PCR,GT  T1457 STAR,1325214617107MSXT0,524.0,2026-06,2026-06-05,5
PCR,GT 1402 XPC TATA,1D25214012008QXPCT,820.0,2026-06,2026-06-05,5
PCR,GT 1482 UHL,1325214812074TUHL0,540.0,2026-06,2026-06-05,5
PCR,GT 1503 NEO MSIL,1325215813079TUNE3,1027.0,2026-06,2026-06-05,5
PCR,GT 1513 XPC1 MSIL,1D25215013008SXC10,3008.0,2026-06,2026-06-05,5
PCR,GT 1583 NEO TATA,1325215813079TUNE5,352.0,2026-06,2026-06-05,5
PCR,GT 1634 XPC TATA,1D25216814008QXPC0,454.0,2026-06,2026-06-05,5
PCR,GT 1672 SPT,1325216612077TUSP0,176.0,2026-06,2026-06-05,5
PCR,GT 1673 NEO,1325216613079HUNE0,200.0,2026-06,2026-06-05,5
PCR,GT 1684 ROYL,1325216814085TURL2,174.0,2026-06,2026-06-05,5
PCR,GT 1765 ROYL,1325217515084HURL2,605.0,2026-06,2026-06-05,5
PCR,GT 1844 XPC TML,1D25218014010RXPCT,196.0,2026-06,2026-06-05,5
PCR,GT 1865 ROYL RENO,1325218515088TURL1,142.0,2026-06,2026-06-05,5
PCR,GT 1894 MAX,1325218614088TTMX0,380.0,2026-06,2026-06-05,5
PCR,GT 1925 XPC1,1225219Z15008SXC11,573.0,2026-06,2026-06-05,5
PCR,GT 1995 ROYL KIA,1325219515091HURL2,1172.0,2026-06,2026-06-05,5
PCR,GT 2057 UX1,1325221217095VUX10,82.0,2026-06,2026-06-05,5
PCR,GT 2158 ROYL HYU,1325221318095HURL0,504.0,2026-06,2026-06-05,5
PCR,GT 2267 ROYL HYU,1325221417096HURL0,1273.0,2026-06,2026-06-05,5
PCR,GT 2476 SUP MM,1325224716111SELS0,782.0,2026-06,2026-06-05,5
PCR,GT 2568 HT2,1325225518111HRHB0,800.0,2026-06,2026-06-05,5
PCR,GT 2618 RAN ATB,1325225518111HRAT1,140.0,2026-06,2026-06-05,5
PCR,GT2266 RAN HT,1325221516098HRHT0,86.0,2026-06,2026-06-05,5
PCR,GT2776 RAN AT,1325223616105TRAT0,6.0,2026-06,2026-06-05,5
PCR,GT  T1457 STAR,1325214617107MSXT0,308.0,2026-06,2026-06-06,6
PCR,GT 1402 XPC TATA,1D25214012008QXPCT,761.0,2026-06,2026-06-06,6
PCR,GT 1482 UHL,1325214812074TUHL0,542.0,2026-06,2026-06-06,6
PCR,GT 1503 NEO MSIL,1325215813079TUNE3,1162.0,2026-06,2026-06-06,6
PCR,GT 1513 XPC1 MSIL,1D25215013008SXC10,2515.0,2026-06,2026-06-06,6
PCR,GT 1543 XPC1,1D25215013008SXC1T,358.0,2026-06,2026-06-06,6
PCR,GT 1583 NEO TATA,1325215813079TUNE5,334.0,2026-06,2026-06-06,6
PCR,GT 1634 XPC TATA,1D25216814008QXPC0,345.0,2026-06,2026-06-06,6
PCR,GT 1672 SPT,1325216612077TUSP0,194.0,2026-06,2026-06-06,6
PCR,GT 1673 NEO,1325216613079HUNE0,189.0,2026-06,2026-06-06,6
PCR,GT 1684 ROYL,1325216814085TURL2,122.0,2026-06,2026-06-06,6
PCR,GT 1765 ROYL,1325217515084HURL2,470.0,2026-06,2026-06-06,6
PCR,GT 1844 XPC TML,1D25218014010RXPCT,216.0,2026-06,2026-06-06,6
PCR,GT 1865 ROYL RENO,1325218515088TURL1,158.0,2026-06,2026-06-06,6
PCR,GT 1894 MAX,1325218614088TTMX0,384.0,2026-06,2026-06-06,6
PCR,GT 1925 XPC1,1225219Z15008SXC11,505.0,2026-06,2026-06-06,6
PCR,GT 1995 ROYL KIA,1325219515091HURL2,1164.0,2026-06,2026-06-06,6
PCR,GT 2057 UX1,1325221217095VUX10,64.0,2026-06,2026-06-06,6
PCR,GT 2158 ROYL HYU,1325221318095HURL0,510.0,2026-06,2026-06-06,6
PCR,GT 2267 ROYL HYU,1325221417096HURL0,1202.0,2026-06,2026-06-06,6
PCR,GT 2476 SUP MM,1325224716111SELS0,781.0,2026-06,2026-06-06,6
PCR,GT 2568 HT2,1325225518111HRHB0,758.0,2026-06,2026-06-06,6
PCR,GT 2618 RAN ATB,1325225518111HRAT1,104.0,2026-06,2026-06-06,6
PCR,GT2776 RAN AT,1325223616105TRAT0,134.0,2026-06,2026-06-06,6
PCR,GT  T1457 STAR,1325214617107MSXT0,278.0,2026-06,2026-06-07,7
PCR,GT 1402 XPC TATA,1D25214012008QXPCT,823.0,2026-06,2026-06-07,7
PCR,GT 1482 UHL,1325214812074TUHL0,486.0,2026-06,2026-06-07,7
PCR,GT 1503 NEO MSIL,1325215813079TUNE3,1198.0,2026-06,2026-06-07,7
PCR,GT 1513 XPC1 MSIL,1D25215013008SXC10,1497.0,2026-06,2026-06-07,7
PCR,GT 1543 XPC1,1D25215013008SXC1T,1188.0,2026-06,2026-06-07,7
PCR,GT 1583 NEO TATA,1325215813079TUNE5,340.0,2026-06,2026-06-07,7
PCR,GT 1634 XPC TATA,1D25216814008QXPC0,438.0,2026-06,2026-06-07,7
PCR,GT 1672 SPT,1325216612077TUSP0,142.0,2026-06,2026-06-07,7
PCR,GT 1673 NEO,1325216613079HUNE0,192.0,2026-06,2026-06-07,7
PCR,GT 1684 ROYL,1325216814085TURL2,124.0,2026-06,2026-06-07,7
PCR,GT 1765 ROYL,1325217515084HURL2,588.0,2026-06,2026-06-07,7
PCR,GT 1844 XPC TML,1D25218014010RXPCT,244.0,2026-06,2026-06-07,7
PCR,GT 1865 ROYL RENO,1325218515088TURL1,142.0,2026-06,2026-06-07,7
PCR,GT 1894 MAX,1325218614088TTMX0,109.0,2026-06,2026-06-07,7
PCR,GT 1925 XPC1,1225219Z15008SXC11,554.0,2026-06,2026-06-07,7
PCR,GT 1995 ROYL KIA,1325219515091HURL2,1064.0,2026-06,2026-06-07,7
PCR,GT 2057 UX1,1325221217095VUX10,48.0,2026-06,2026-06-07,7
PCR,GT 2158 ROYL HYU,1325221318095HURL0,846.0,2026-06,2026-06-07,7
PCR,GT 2267 ROYL HYU,1325221417096HURL0,823.0,2026-06,2026-06-07,7
PCR,GT 2476 SUP MM,1325224716111SELS0,790.0,2026-06,2026-06-07,7
PCR,GT 2568 HT2,1325225518111HRHB0,629.0,2026-06,2026-06-07,7
PCR,GT 2618 RAN ATB,1325225518111HRAT1,102.0,2026-06,2026-06-07,7
PCR,GT2776 RAN AT,1325223616105TRAT0,136.0,2026-06,2026-06-07,7
PCR,GT  T1457 STAR,1325214617107MSXT0,317.0,2026-06,2026-06-08,8
PCR,GT 1402 XPC TATA,1D25214012008QXPCT,854.0,2026-06,2026-06-08,8
PCR,GT 1482 UHL,1325214812074TUHL0,513.0,2026-06,2026-06-08,8
PCR,GT 1503 NEO MSIL,1325215813079TUNE3,1187.0,2026-06,2026-06-08,8
PCR,GT 1513 XPC1 MSIL,1D25215013008SXC10,1567.0,2026-06,2026-06-08,8
PCR,GT 1543 XPC1,1D25215013008SXC1T,1200.0,2026-06,2026-06-08,8
PCR,GT 1583 NEO TATA,1325215813079TUNE5,276.0,2026-06,2026-06-08,8
PCR,GT 1634 XPC TATA,1D25216814008QXPC0,457.0,2026-06,2026-06-08,8
PCR,GT 1672 SPT,1325216612077TUSP0,194.0,2026-06,2026-06-08,8
PCR,GT 1673 NEO,1325216613079HUNE0,196.0,2026-06,2026-06-08,8
PCR,GT 1684 ROYL,1325216814085TURL2,107.0,2026-06,2026-06-08,8
PCR,GT 1765 ROYL,1325217515084HURL2,501.0,2026-06,2026-06-08,8
PCR,GT 1844 XPC TML,1D25218014010RXPCT,216.0,2026-06,2026-06-08,8
PCR,GT 1865 ROYL RENO,1325218515088TURL1,168.0,2026-06,2026-06-08,8
PCR,GT 1894 MAX,1325218614088TTMX0,383.0,2026-06,2026-06-08,8
PCR,GT 1925 XPC1,1225219Z15008SXC11,568.0,2026-06,2026-06-08,8
PCR,GT 1995 ROYL KIA,1325219515091HURL2,1111.0,2026-06,2026-06-08,8
PCR,GT 2057 UX1,1325221217095VUX10,121.0,2026-06,2026-06-08,8
PCR,GT 2158 ROYL HYU,1325221318095HURL0,988.0,2026-06,2026-06-08,8
PCR,GT 2267 ROYL HYU,1325221417096HURL0,694.0,2026-06,2026-06-08,8
PCR,GT 2476 SUP MM,1325224716111SELS0,787.0,2026-06,2026-06-08,8
PCR,GT 2568 HT2,1325225518111HRHB0,699.0,2026-06,2026-06-08,8
PCR,GT 2618 RAN ATB,1325225518111HRAT1,18.0,2026-06,2026-06-08,8
PCR,GT2776 RAN AT,1325223616105TRAT0,98.0,2026-06,2026-06-08,8
PCR,GT  T1457 STAR,1325214617107MSXT0,302.0,2026-06,2026-06-09,9
PCR,GT 1402 XPC TATA,1D25214012008QXPCT,830.0,2026-06,2026-06-09,9
PCR,GT 1482 UHL,1325214812074TUHL0,524.0,2026-06,2026-06-09,9
PCR,GT 1503 NEO MSIL,1325215813079TUNE3,1150.0,2026-06,2026-06-09,9
PCR,GT 1513 XPC1 MSIL,1D25215013008SXC10,1468.0,2026-06,2026-06-09,9
PCR,GT 1543 XPC1,1D25215013008SXC1T,1197.0,2026-06,2026-06-09,9
PCR,GT 1583 NEO TATA,1325215813079TUNE5,342.0,2026-06,2026-06-09,9
PCR,GT 1634 XPC TATA,1D25216814008QXPC0,445.0,2026-06,2026-06-09,9
PCR,GT 1672 SPT,1325216612077TUSP0,154.0,2026-06,2026-06-09,9
PCR,GT 1673 NEO,1325216613079HUNE0,188.0,2026-06,2026-06-09,9
PCR,GT 1684 ROYL,1325216814085TURL2,133.0,2026-06,2026-06-09,9
PCR,GT 1765 ROYL,1325217515084HURL2,590.0,2026-06,2026-06-09,9
PCR,GT 1844 XPC TML,1D25218014010RXPCT,208.0,2026-06,2026-06-09,9
PCR,GT 1865 ROYL RENO,1325218515088TURL1,164.0,2026-06,2026-06-09,9
PCR,GT 1894 MAX,1325218614088TTMX0,230.0,2026-06,2026-06-09,9
PCR,GT 1925 XPC1,1225219Z15008SXC11,510.0,2026-06,2026-06-09,9
PCR,GT 1995 ROYL KIA,1325219515091HURL2,1153.0,2026-06,2026-06-09,9
PCR,GT 2057 UX1,1325221217095VUX10,11.0,2026-06,2026-06-09,9
PCR,GT 2158 ROYL HYU,1325221318095HURL0,1071.0,2026-06,2026-06-09,9
PCR,GT 2267 ROYL HYU,1325221417096HURL0,721.0,2026-06,2026-06-09,9
PCR,GT 2476 SUP MM,1325224716111SELS0,818.0,2026-06,2026-06-09,9
PCR,GT 2568 HT2,1325225518111HRHB0,648.0,2026-06,2026-06-09,9
PCR,GT 2618 RAN ATB,1325225518111HRAT1,104.0,2026-06,2026-06-09,9
PCR,GT2776 RAN AT,1325223616105TRAT0,87.0,2026-06,2026-06-09,9
PCR,GT  T1457 STAR,1325214617107MSXT0,362.0,2026-06,2026-06-10,10
PCR,GT 1402 XPC TATA,1D25214012008QXPCT,671.0,2026-06,2026-06-10,10
PCR,GT 1412 XPC MM,1D25114012008QXPC0,26.0,2026-06,2026-06-10,10
PCR,GT 1482 UHL,1325214812074TUHL0,481.0,2026-06,2026-06-10,10
PCR,GT 1503 NEO MSIL,1325215813079TUNE3,1189.0,2026-06,2026-06-10,10
PCR,GT 1513 XPC1 MSIL,1D25215013008SXC10,1330.0,2026-06,2026-06-10,10
PCR,GT 1543 XPC1,1D25215013008SXC1T,1181.0,2026-06,2026-06-10,10
PCR,GT 1583 NEO TATA,1325215813079TUNE5,334.0,2026-06,2026-06-10,10
PCR,GT 1634 XPC TATA,1D25216814008QXPC0,450.0,2026-06,2026-06-10,10
PCR,GT 1672 SPT,1325216612077TUSP0,185.0,2026-06,2026-06-10,10
PCR,GT 1673 NEO,1325216613079HUNE0,178.0,2026-06,2026-06-10,10
PCR,GT 1684 ROYL,1325216814085TURL2,174.0,2026-06,2026-06-10,10
PCR,GT 1765 ROYL,1325217515084HURL2,446.0,2026-06,2026-06-10,10
PCR,GT 1844 XPC TML,1D25218014010RXPCT,216.0,2026-06,2026-06-10,10
PCR,GT 1865 ROYL RENO,1325218515088TURL1,178.0,2026-06,2026-06-10,10
PCR,GT 1894 MAX,1325218614088TTMX0,254.0,2026-06,2026-06-10,10
PCR,GT 1925 XPC1,1225219Z15008SXC11,582.0,2026-06,2026-06-10,10
PCR,GT 1995 ROYL KIA,1325219515091HURL2,1123.0,2026-06,2026-06-10,10
PCR,GT 2057 UX1,1325221217095VUX10,160.0,2026-06,2026-06-10,10
PCR,GT 2158 ROYL HYU,1325221318095HURL0,1036.0,2026-06,2026-06-10,10
PCR,GT 2267 ROYL HYU,1325221417096HURL0,718.0,2026-06,2026-06-10,10
PCR,GT 2476 SUP MM,1325224716111SELS0,970.0,2026-06,2026-06-10,10
PCR,GT 2568 HT2,1325225518111HRHB0,624.0,2026-06,2026-06-10,10
PCR,GT 2618 RAN ATB,1325225518111HRAT1,77.0,2026-06,2026-06-10,10
PCR,GT  T1457 STAR,1325214617107MSXT0,332.0,2026-06,2026-06-11,11
PCR,GT 1402 XPC TATA,1D25214012008QXPCT,538.0,2026-06,2026-06-11,11
PCR,GT 1412 XPC MM,1D25114012008QXPC0,304.0,2026-06,2026-06-11,11
PCR,GT 1482 UHL,1325214812074TUHL0,519.0,2026-06,2026-06-11,11
PCR,GT 1503 NEO MSIL,1325215813079TUNE3,1050.0,2026-06,2026-06-11,11
PCR,GT 1513 XPC1 MSIL,1D25215013008SXC10,1479.0,2026-06,2026-06-11,11
PCR,GT 1543 XPC1,1D25215013008SXC1T,1037.0,2026-06,2026-06-11,11
PCR,GT 1583 NEO TATA,1325215813079TUNE5,318.0,2026-06,2026-06-11,11
PCR,GT 1634 XPC TATA,1D25216814008QXPC0,368.0,2026-06,2026-06-11,11
PCR,GT 1672 SPT,1325216612077TUSP0,140.0,2026-06,2026-06-11,11
PCR,GT 1673 NEO,1325216613079HUNE0,178.0,2026-06,2026-06-11,11
PCR,GT 1684 ROYL,1325216814085TURL2,178.0,2026-06,2026-06-11,11
PCR,GT 1765 ROYL,1325217515084HURL2,784.0,2026-06,2026-06-11,11
PCR,GT 1844 XPC TML,1D25218014010RXPCT,162.0,2026-06,2026-06-11,11
PCR,GT 1865 ROYL RENO,1325218515088TURL1,162.0,2026-06,2026-06-11,11
PCR,GT 1894 MAX,1325218614088TTMX0,294.0,2026-06,2026-06-11,11
PCR,GT 1925 XPC1,1225219Z15008SXC11,282.0,2026-06,2026-06-11,11
PCR,GT 1995 ROYL KIA,1325219515091HURL2,1102.0,2026-06,2026-06-11,11
PCR,GT 2057 UX1,1325221217095VUX10,148.0,2026-06,2026-06-11,11
PCR,GT 2157 ROYL KIA,1325221317094VURL0,8.0,2026-06,2026-06-11,11
PCR,GT 2158 ROYL HYU,1325221318095HURL0,1048.0,2026-06,2026-06-11,11
PCR,GT 2267 ROYL HYU,1325221417096HURL0,654.0,2026-06,2026-06-11,11
PCR,GT 2476 SUP MM,1325224716111SELS0,1095.0,2026-06,2026-06-11,11
PCR,GT 2568 HT2,1325225518111HRHB0,648.0,2026-06,2026-06-11,11
PCR,GT 2618 RAN ATB,1325225518111HRAT1,125.0,2026-06,2026-06-11,11
PCR,GT  T1457 STAR,1325214617107MSXT0,286.0,2026-06,2026-06-12,12
PCR,GT 1402 XPC TATA,1D25214012008QXPCT,561.0,2026-06,2026-06-12,12
PCR,GT 1412 XPC MM,1D25114012008QXPC0,340.0,2026-06,2026-06-12,12
PCR,GT 1482 UHL,1325214812074TUHL0,529.0,2026-06,2026-06-12,12
PCR,GT 1503 NEO MSIL,1325215813079TUNE3,1169.0,2026-06,2026-06-12,12
PCR,GT 1513 XPC1 MSIL,1D25215013008SXC10,1456.0,2026-06,2026-06-12,12
PCR,GT 1543 XPC1,1D25215013008SXC1T,1219.0,2026-06,2026-06-12,12
PCR,GT 1583 NEO TATA,1325215813079TUNE5,333.0,2026-06,2026-06-12,12
PCR,GT 1634 XPC TATA,1D25216814008QXPC0,412.0,2026-06,2026-06-12,12
PCR,GT 1672 SPT,1325216612077TUSP0,192.0,2026-06,2026-06-12,12
PCR,GT 1673 NEO,1325216613079HUNE0,16.0,2026-06,2026-06-12,12
PCR,GT 1684 ROYL,1325216814085TURL2,178.0,2026-06,2026-06-12,12
PCR,GT 1765 ROYL,1325217515084HURL2,719.0,2026-06,2026-06-12,12
PCR,GT 1844 XPC TML,1D25218014010RXPCT,158.0,2026-06,2026-06-12,12
PCR,GT 1865 ROYL RENO,1325218515088TURL1,168.0,2026-06,2026-06-12,12
PCR,GT 1894 MAX,1325218614088TTMX0,382.0,2026-06,2026-06-12,12
PCR,GT 1925 XPC1,1225219Z15008SXC11,446.0,2026-06,2026-06-12,12
PCR,GT 1995 ROYL KIA,1325219515091HURL2,1101.0,2026-06,2026-06-12,12
PCR,GT 2057 UX1,1325221217095VUX10,89.0,2026-06,2026-06-12,12
PCR,GT 2157 ROYL KIA,1325221317094VURL0,270.0,2026-06,2026-06-12,12
PCR,GT 2158 ROYL HYU,1325221318095HURL0,986.0,2026-06,2026-06-12,12
PCR,GT 2267 ROYL HYU,1325221417096HURL0,282.0,2026-06,2026-06-12,12
PCR,GT 2476 SUP MM,1325224716111SELS0,1017.0,2026-06,2026-06-12,12
PCR,GT 2568 HT2,1325225518111HRHB0,632.0,2026-06,2026-06-12,12
PCR,GT 2618 RAN ATB,1325225518111HRAT1,152.0,2026-06,2026-06-12,12
PCR,GT  T1457 STAR,1325214617107MSXT0,446.0,2026-06,2026-06-13,13
PCR,GT 1402 XPC TATA,1D25214012008QXPCT,566.0,2026-06,2026-06-13,13
PCR,GT 1412 XPC MM,1D25114012008QXPC0,328.0,2026-06,2026-06-13,13
PCR,GT 1482 UHL,1325214812074TUHL0,532.0,2026-06,2026-06-13,13
PCR,GT 1503 NEO MSIL,1325215813079TUNE3,1106.0,2026-06,2026-06-13,13
PCR,GT 1513 XPC1 MSIL,1D25215013008SXC10,1392.0,2026-06,2026-06-13,13
PCR,GT 1543 XPC1,1D25215013008SXC1T,1365.0,2026-06,2026-06-13,13
PCR,GT 1583 NEO TATA,1325215813079TUNE5,272.0,2026-06,2026-06-13,13
PCR,GT 1634 XPC TATA,1D25216814008QXPC0,386.0,2026-06,2026-06-13,13
PCR,GT 1672 SPT,1325216612077TUSP0,185.0,2026-06,2026-06-13,13
PCR,GT 1673 NEO,1325216613079HUNE0,186.0,2026-06,2026-06-13,13
PCR,GT 1684 ROYL,1325216814085TURL2,172.0,2026-06,2026-06-13,13
PCR,GT 1765 ROYL,1325217515084HURL2,764.0,2026-06,2026-06-13,13
PCR,GT 1844 XPC TML,1D25218014010RXPCT,224.0,2026-06,2026-06-13,13
PCR,GT 1865 ROYL RENO,1325218515088TURL1,158.0,2026-06,2026-06-13,13
PCR,GT 1894 MAX,1325218614088TTMX0,361.0,2026-06,2026-06-13,13
PCR,GT 1925 XPC1,1225219Z15008SXC11,283.0,2026-06,2026-06-13,13
PCR,GT 1995 ROYL KIA,1325219515091HURL2,1170.0,2026-06,2026-06-13,13
PCR,GT 2157 ROYL KIA,1325221317094VURL0,308.0,2026-06,2026-06-13,13
PCR,GT 2158 ROYL HYU,1325221318095HURL0,1024.0,2026-06,2026-06-13,13
PCR,GT 2267 ROYL HYU,1325221417096HURL0,354.0,2026-06,2026-06-13,13
PCR,GT 2476 SUP MM,1325224716111SELS0,1061.0,2026-06,2026-06-13,13
PCR,GT 2568 HT2,1325225518111HRHB0,591.0,2026-06,2026-06-13,13
PCR,GT 2618 RAN ATB,1325225518111HRAT1,152.0,2026-06,2026-06-13,13
PCR,GT  T1457 STAR,1325214617107MSXT0,534.0,2026-06,2026-06-14,14
PCR,GT 1402 XPC TATA,1D25214012008QXPCT,554.0,2026-06,2026-06-14,14
PCR,GT 1412 XPC MM,1D25114012008QXPC0,306.0,2026-06,2026-06-14,14
PCR,GT 1482 UHL,1325214812074TUHL0,520.0,2026-06,2026-06-14,14
PCR,GT 1503 NEO MSIL,1325215813079TUNE3,1154.0,2026-06,2026-06-14,14
PCR,GT 1513 XPC1 MSIL,1D25215013008SXC10,2111.0,2026-06,2026-06-14,14
PCR,GT 1543 XPC1,1D25215013008SXC1T,442.0,2026-06,2026-06-14,14
PCR,GT 1583 NEO TATA,1325215813079TUNE5,170.0,2026-06,2026-06-14,14
PCR,GT 1634 XPC TATA,1D25216814008QXPC0,448.0,2026-06,2026-06-14,14
PCR,GT 1672 SPT,1325216612077TUSP0,184.0,2026-06,2026-06-14,14
PCR,GT 1673 NEO,1325216613079HUNE0,164.0,2026-06,2026-06-14,14
PCR,GT 1684 ROYL,1325216814085TURL2,182.0,2026-06,2026-06-14,14
PCR,GT 1765 ROYL,1325217515084HURL2,742.0,2026-06,2026-06-14,14
PCR,GT 1844 XPC TML,1D25218014010RXPCT,190.0,2026-06,2026-06-14,14
PCR,GT 1865 ROYL RENO,1325218515088TURL1,172.0,2026-06,2026-06-14,14
PCR,GT 1894 MAX,1325218614088TTMX0,168.0,2026-06,2026-06-14,14
PCR,GT 1925 XPC1,1225219Z15008SXC11,441.0,2026-06,2026-06-14,14
PCR,GT 1995 ROYL KIA,1325219515091HURL2,1092.0,2026-06,2026-06-14,14
PCR,GT 2157 ROYL KIA,1325221317094VURL0,350.0,2026-06,2026-06-14,14
PCR,GT 2158 ROYL HYU,1325221318095HURL0,1038.0,2026-06,2026-06-14,14
PCR,GT 2267 ROYL HYU,1325221417096HURL0,232.0,2026-06,2026-06-14,14
PCR,GT 2476 SUP MM,1325224716111SELS0,1098.0,2026-06,2026-06-14,14
PCR,GT 2568 HT2,1325225518111HRHB0,637.0,2026-06,2026-06-14,14
PCR,GT 2618 RAN ATB,1325225518111HRAT1,148.0,2026-06,2026-06-14,14
PCR,GT1564 NEO,1325215514075TUNE0,40.0,2026-06,2026-06-14,14
PCR,GT  T1457 STAR,1325214617107MSXT0,523.0,2026-06,2026-06-15,15
PCR,GT 1402 XPC TATA,1D25214012008QXPCT,559.0,2026-06,2026-06-15,15
PCR,GT 1412 XPC MM,1D25114012008QXPC0,327.0,2026-06,2026-06-15,15
PCR,GT 1482 UHL,1325214812074TUHL0,538.0,2026-06,2026-06-15,15
PCR,GT 1503 NEO MSIL,1325215813079TUNE3,990.0,2026-06,2026-06-15,15
PCR,GT 1513 XPC1 MSIL,1D25215013008SXC10,1473.0,2026-06,2026-06-15,15
PCR,GT 1583 NEO TATA,1325215813079TUNE5,278.0,2026-06,2026-06-15,15
PCR,GT 1634 XPC TATA,1D25216814008QXPC0,460.0,2026-06,2026-06-15,15
PCR,GT 1672 SPT,1325216612077TUSP0,156.0,2026-06,2026-06-15,15
PCR,GT 1673 NEO,1325216613079HUNE0,50.0,2026-06,2026-06-15,15
PCR,GT 1684 ROYL,1325216814085TURL2,180.0,2026-06,2026-06-15,15
PCR,GT 1765 ROYL,1325217515084HURL2,800.0,2026-06,2026-06-15,15
PCR,GT 1844 XPC TML,1D25218014010RXPCT,324.0,2026-06,2026-06-15,15
PCR,GT 1854 XPC TT,1D25118014010RXPC0,80.0,2026-06,2026-06-15,15
PCR,GT 1865 ROYL RENO,1325218515088TURL1,96.0,2026-06,2026-06-15,15
PCR,GT 1894 MAX,1325218614088TTMX0,400.0,2026-06,2026-06-15,15
PCR,GT 1916 ROYL,1325219416089HURL1,20.0,2026-06,2026-06-15,15
PCR,GT 1925 XPC1,1225219Z15008SXC11,142.0,2026-06,2026-06-15,15
PCR,GT 1995 ROYL KIA,1325219515091HURL2,1140.0,2026-06,2026-06-15,15
PCR,GT 2157 ROYL KIA,1325221317094VURL0,388.0,2026-06,2026-06-15,15
PCR,GT 2158 ROYL HYU,1325221318095HURL0,1100.0,2026-06,2026-06-15,15
PCR,GT 2267 ROYL HYU,1325221417096HURL0,214.0,2026-06,2026-06-15,15
PCR,GT 2476 SUP MM,1325224716111SELS0,1091.0,2026-06,2026-06-15,15
PCR,GT 2568 HT2,1325225518111HRHB0,628.0,2026-06,2026-06-15,15
PCR,GT 2618 RAN ATB,1325225518111HRAT1,146.0,2026-06,2026-06-15,15
PCR,GT1564 NEO,1325215514075TUNE0,332.0,2026-06,2026-06-15,15
PCR,GT  T1457 STAR,1325214617107MSXT0,540.0,2026-06,2026-06-16,16
PCR,GT 1402 XPC TATA,1D25214012008QXPCT,606.0,2026-06,2026-06-16,16
PCR,GT 1412 XPC MM,1D25114012008QXPC0,336.0,2026-06,2026-06-16,16
PCR,GT 1482 UHL,1325214812074TUHL0,494.0,2026-06,2026-06-16,16
PCR,GT 1503 NEO MSIL,1325215813079TUNE3,930.0,2026-06,2026-06-16,16
PCR,GT 1513 XPC1 MSIL,1D25215013008SXC10,1534.0,2026-06,2026-06-16,16
PCR,GT 1583 NEO TATA,1325215813079TUNE5,346.0,2026-06,2026-06-16,16
PCR,GT 1634 XPC TATA,1D25216814008QXPC0,354.0,2026-06,2026-06-16,16
PCR,GT 1672 SPT,1325216612077TUSP0,84.0,2026-06,2026-06-16,16
PCR,GT 1673 NEO,1325216613079HUNE0,158.0,2026-06,2026-06-16,16
PCR,GT 1684 ROYL,1325216814085TURL2,156.0,2026-06,2026-06-16,16
PCR,GT 1765 ROYL,1325217515084HURL2,754.0,2026-06,2026-06-16,16
PCR,GT 1844 XPC TML,1D25218014010RXPCT,373.0,2026-06,2026-06-16,16
PCR,GT 1854 XPC TT,1D25118014010RXPC0,236.0,2026-06,2026-06-16,16
PCR,GT 1865 ROYL RENO,1325218515088TURL1,156.0,2026-06,2026-06-16,16
PCR,GT 1894 MAX,1325218614088TTMX0,362.0,2026-06,2026-06-16,16
PCR,GT 1916 ROYL,1325219416089HURL1,164.0,2026-06,2026-06-16,16
PCR,GT 1925 XPC1,1225219Z15008SXC11,344.0,2026-06,2026-06-16,16
PCR,GT 1995 ROYL KIA,1325219515091HURL2,1133.0,2026-06,2026-06-16,16
PCR,GT 2157 ROYL KIA,1325221317094VURL0,641.0,2026-06,2026-06-16,16
PCR,GT 2158 ROYL HYU,1325221318095HURL0,928.0,2026-06,2026-06-16,16
PCR,GT 2258 RAN HPE,1325222318098HRHE0,1.0,2026-06,2026-06-16,16
PCR,GT 2476 SUP MM,1325224716111SELS0,974.0,2026-06,2026-06-16,16
PCR,GT 2568 HT2,1325225518111HRHB0,721.0,2026-06,2026-06-16,16
PCR,GT 2618 RAN ATB,1325225518111HRAT1,150.0,2026-06,2026-06-16,16
PCR,GT1564 NEO,1325215514075TUNE0,372.0,2026-06,2026-06-16,16
PCR,GT1824 XPC1,1D25218Z14008RXC10,102.0,2026-06,2026-06-16,16
PCR,GT  T1457 STAR,1325214617107MSXT0,568.0,2026-06,2026-06-17,17
PCR,GT 1402 XPC TATA,1D25214012008QXPCT,826.0,2026-06,2026-06-17,17
PCR,GT 1412 XPC MM,1D25114012008QXPC0,324.0,2026-06,2026-06-17,17
PCR,GT 1482 UHL,1325214812074TUHL0,518.0,2026-06,2026-06-17,17
PCR,GT 1503 NEO MSIL,1325215813079TUNE3,948.0,2026-06,2026-06-17,17
PCR,GT 1513 XPC1 MSIL,1D25215013008SXC10,1476.0,2026-06,2026-06-17,17
PCR,GT 1583 NEO TATA,1325215813079TUNE5,318.0,2026-06,2026-06-17,17
PCR,GT 1634 XPC TATA,1D25216814008QXPC0,428.0,2026-06,2026-06-17,17
PCR,GT 1673 NEO,1325216613079HUNE0,168.0,2026-06,2026-06-17,17
PCR,GT 1684 ROYL,1325216814085TURL2,180.0,2026-06,2026-06-17,17
PCR,GT 1765 ROYL,1325217515084HURL2,774.0,2026-06,2026-06-17,17
PCR,GT 1844 XPC TML,1D25218014010RXPCT,368.0,2026-06,2026-06-17,17
PCR,GT 1854 XPC TT,1D25118014010RXPC0,240.0,2026-06,2026-06-17,17
PCR,GT 1856 ROYL,1325218316083HURL0,266.0,2026-06,2026-06-17,17
PCR,GT 1865 ROYL RENO,1325218515088TURL1,104.0,2026-06,2026-06-17,17
PCR,GT 1894 MAX,1325218614088TTMX0,384.0,2026-06,2026-06-17,17
PCR,GT 1916 ROYL,1325219416089HURL1,156.0,2026-06,2026-06-17,17
PCR,GT 1925 XPC1,1225219Z15008SXC11,330.0,2026-06,2026-06-17,17
PCR,GT 1995 ROYL KIA,1325219515091HURL2,1178.0,2026-06,2026-06-17,17
PCR,GT 2157 ROYL KIA,1325221317094VURL0,569.0,2026-06,2026-06-17,17
PCR,GT 2158 ROYL HYU,1325221318095HURL0,344.0,2026-06,2026-06-17,17
PCR,GT 2256 ROYL,1325222416098VURL0,94.0,2026-06,2026-06-17,17
PCR,GT 2476 SUP MM,1325224716111SELS0,1018.0,2026-06,2026-06-17,17
PCR,GT 2568 HT2,1325225518111HRHB0,804.0,2026-06,2026-06-17,17
PCR,GT 2618 RAN ATB,1325225518111HRAT1,146.0,2026-06,2026-06-17,17
PCR,GT1564 NEO,1325215514075TUNE0,336.0,2026-06,2026-06-17,17
PCR,GT1824 XPC1,1D25218Z14008RXC10,136.0,2026-06,2026-06-17,17
PCR,GT  T1457 STAR,1325214617107MSXT0,459.0,2026-06,2026-06-18,18
PCR,GT 1402 XPC TATA,1D25214012008QXPCT,810.0,2026-06,2026-06-18,18
PCR,GT 1412 XPC MM,1D25114012008QXPC0,168.0,2026-06,2026-06-18,18
PCR,GT 1482 UHL,1325214812074TUHL0,520.0,2026-06,2026-06-18,18
PCR,GT 1503 NEO MSIL,1325215813079TUNE3,925.0,2026-06,2026-06-18,18
PCR,GT 1513 XPC1 MSIL,1D25215013008SXC10,1451.0,2026-06,2026-06-18,18
PCR,GT 1543 XPC1,1D25215013008SXC1T,76.0,2026-06,2026-06-18,18
PCR,GT 1583 NEO TATA,1325215813079TUNE5,46.0,2026-06,2026-06-18,18
PCR,GT 1634 XPC TATA,1D25216814008QXPC0,395.0,2026-06,2026-06-18,18
PCR,GT 1673 NEO,1325216613079HUNE0,124.0,2026-06,2026-06-18,18
PCR,GT 1684 ROYL,1325216814085TURL2,164.0,2026-06,2026-06-18,18
PCR,GT 1765 ROYL,1325217515084HURL2,796.0,2026-06,2026-06-18,18
PCR,GT 1844 XPC TML,1D25218014010RXPCT,490.0,2026-06,2026-06-18,18
PCR,GT 1854 XPC TT,1D25118014010RXPC0,243.0,2026-06,2026-06-18,18
PCR,GT 1856 ROYL,1325218316083HURL0,272.0,2026-06,2026-06-18,18
PCR,GT 1865 ROYL RENO,1325218515088TURL1,142.0,2026-06,2026-06-18,18
PCR,GT 1894 MAX,1325218614088TTMX0,338.0,2026-06,2026-06-18,18
PCR,GT 1916 ROYL,1325219416089HURL1,168.0,2026-06,2026-06-18,18
PCR,GT 1925 XPC1,1225219Z15008SXC11,318.0,2026-06,2026-06-18,18
PCR,GT 1995 ROYL KIA,1325219515091HURL2,1070.0,2026-06,2026-06-18,18
PCR,GT 2157 ROYL KIA,1325221317094VURL0,564.0,2026-06,2026-06-18,18
PCR,GT 2158 ROYL HYU,1325221318095HURL0,26.0,2026-06,2026-06-18,18
PCR,GT 2256 ROYL,1325222416098VURL0,336.0,2026-06,2026-06-18,18
PCR,GT 2476 SUP MM,1325224716111SELS0,982.0,2026-06,2026-06-18,18
PCR,GT 2568 HT2,1325225518111HRHB0,805.0,2026-06,2026-06-18,18
PCR,GT 2618 RAN ATB,1325225518111HRAT1,152.0,2026-06,2026-06-18,18
PCR,GT1564 NEO,1325215514075TUNE0,378.0,2026-06,2026-06-18,18
PCR,GT1824 XPC1,1D25218Z14008RXC10,138.0,2026-06,2026-06-18,18
PCR,GT2776 RAN AT,1325223616105TRAT0,194.0,2026-06,2026-06-18,18
PCR,GT  T1457 STAR,1325214617107MSXT0,560.0,2026-06,2026-06-19,19
PCR,GT 1402 XPC TATA,1D25214012008QXPCT,808.0,2026-06,2026-06-19,19
PCR,GT 1412 XPC MM,1D25114012008QXPC0,318.0,2026-06,2026-06-19,19
PCR,GT 1482 UHL,1325214812074TUHL0,357.0,2026-06,2026-06-19,19
PCR,GT 1503 NEO MSIL,1325215813079TUNE3,905.0,2026-06,2026-06-19,19
PCR,GT 1513 XPC1 MSIL,1D25215013008SXC10,1441.0,2026-06,2026-06-19,19
PCR,GT 1543 XPC1,1D25215013008SXC1T,128.0,2026-06,2026-06-19,19
PCR,GT 1583 NEO TATA,1325215813079TUNE5,291.0,2026-06,2026-06-19,19
PCR,GT 1634 XPC TATA,1D25216814008QXPC0,425.0,2026-06,2026-06-19,19
PCR,GT 1673 NEO,1325216613079HUNE0,20.0,2026-06,2026-06-19,19
PCR,GT 1684 ROYL,1325216814085TURL2,170.0,2026-06,2026-06-19,19
PCR,GT 1765 ROYL,1325217515084HURL2,785.0,2026-06,2026-06-19,19
PCR,GT 1844 XPC TML,1D25218014010RXPCT,470.0,2026-06,2026-06-19,19
PCR,GT 1854 XPC TT,1D25118014010RXPC0,221.0,2026-06,2026-06-19,19
PCR,GT 1856 ROYL,1325218316083HURL0,289.0,2026-06,2026-06-19,19
PCR,GT 1865 ROYL RENO,1325218515088TURL1,170.0,2026-06,2026-06-19,19
PCR,GT 1894 MAX,1325218614088TTMX0,386.0,2026-06,2026-06-19,19
PCR,GT 1916 ROYL,1325219416089HURL1,166.0,2026-06,2026-06-19,19
PCR,GT 1925 XPC1,1225219Z15008SXC11,326.0,2026-06,2026-06-19,19
PCR,GT 1995 ROYL KIA,1325219515091HURL2,1096.0,2026-06,2026-06-19,19
PCR,GT 2157 ROYL KIA,1325221317094VURL0,455.0,2026-06,2026-06-19,19
PCR,GT 2158 ROYL HYU,1325221318095HURL0,154.0,2026-06,2026-06-19,19
PCR,GT 2256 ROYL,1325222416098VURL0,324.0,2026-06,2026-06-19,19
PCR,GT 2476 RAN HT2,1325224716111SRHB0,30.0,2026-06,2026-06-19,19
PCR,GT 2476 SUP MM,1325224716111SELS0,1021.0,2026-06,2026-06-19,19
PCR,GT 2568 HT2,1325225518111HRHB0,792.0,2026-06,2026-06-19,19
PCR,GT 2618 RAN ATB,1325225518111HRAT1,30.0,2026-06,2026-06-19,19
PCR,GT1564 NEO,1325215514075TUNE0,372.0,2026-06,2026-06-19,19
PCR,GT1824 XPC1,1D25218Z14008RXC10,109.0,2026-06,2026-06-19,19
PCR,GT2776 RAN AT,1325223616105TRAT0,302.0,2026-06,2026-06-19,19
PCR,GT  T1457 STAR,1325214617107MSXT0,550.0,2026-06,2026-06-20,20
PCR,GT 1402 XPC TATA,1D25214012008QXPCT,848.0,2026-06,2026-06-20,20
PCR,GT 1412 XPC MM,1D25114012008QXPC0,327.0,2026-06,2026-06-20,20
PCR,GT 1482 UHL,1325214812074TUHL0,390.0,2026-06,2026-06-20,20
PCR,GT 1503 NEO MSIL,1325215813079TUNE3,876.0,2026-06,2026-06-20,20
PCR,GT 1513 XPC1 MSIL,1D25215013008SXC10,1442.0,2026-06,2026-06-20,20
PCR,GT 1583 NEO TATA,1325215813079TUNE5,177.0,2026-06,2026-06-20,20
PCR,GT 1634 XPC TATA,1D25216814008QXPC0,422.0,2026-06,2026-06-20,20
PCR,GT 1673 NEO,1325216613079HUNE0,176.0,2026-06,2026-06-20,20
PCR,GT 1684 ROYL,1325216814085TURL2,186.0,2026-06,2026-06-20,20
PCR,GT 1765 ROYL,1325217515084HURL2,718.0,2026-06,2026-06-20,20
PCR,GT 1844 XPC TML,1D25218014010RXPCT,449.0,2026-06,2026-06-20,20
PCR,GT 1854 XPC TT,1D25118014010RXPC0,239.0,2026-06,2026-06-20,20
PCR,GT 1856 ROYL,1325218316083HURL0,227.0,2026-06,2026-06-20,20
PCR,GT 1865 ROYL RENO,1325218515088TURL1,140.0,2026-06,2026-06-20,20
PCR,GT 1894 MAX,1325218614088TTMX0,358.0,2026-06,2026-06-20,20
PCR,GT 1916 ROYL,1325219416089HURL1,57.0,2026-06,2026-06-20,20
PCR,GT 1925 XPC1,1225219Z15008SXC11,350.0,2026-06,2026-06-20,20
PCR,GT 1965 ROYL,1325219515091HURL3,82.0,2026-06,2026-06-20,20
PCR,GT 1995 ROYL KIA,1325219515091HURL2,719.0,2026-06,2026-06-20,20
PCR,GT 2157 ROYL KIA,1325221317094VURL0,410.0,2026-06,2026-06-20,20
PCR,GT 2158 ROYL HYU,1325221318095HURL0,44.0,2026-06,2026-06-20,20
PCR,GT 2256 ROYL,1325222416098VURL0,280.0,2026-06,2026-06-20,20
PCR,GT 2476 RAN HT2,1325224716111SRHB0,91.0,2026-06,2026-06-20,20
PCR,GT 2476 SUP MM,1325224716111SELS0,992.0,2026-06,2026-06-20,20
PCR,GT 2568 HT2,1325225518111HRHB0,678.0,2026-06,2026-06-20,20
PCR,GT 2618 RAN ATB,1325225518111HRAT1,122.0,2026-06,2026-06-20,20
PCR,GT1564 NEO,1325215514075TUNE0,362.0,2026-06,2026-06-20,20
PCR,GT1824 XPC1,1D25218Z14008RXC10,110.0,2026-06,2026-06-20,20
PCR,GT2776 RAN AT,1325223616105TRAT0,280.0,2026-06,2026-06-20,20
PCR,GT  T1457 STAR,1325214617107MSXT0,506.0,2026-06,2026-06-21,21
PCR,GT 1402 XPC TATA,1D25214012008QXPCT,800.0,2026-06,2026-06-21,21
PCR,GT 1412 XPC MM,1D25114012008QXPC0,315.0,2026-06,2026-06-21,21
PCR,GT 1482 UHL,1325214812074TUHL0,500.0,2026-06,2026-06-21,21
PCR,GT 1503 NEO MSIL,1325215813079TUNE3,940.0,2026-06,2026-06-21,21
PCR,GT 1513 XPC1 MSIL,1D25215013008SXC10,1413.0,2026-06,2026-06-21,21
PCR,GT 1583 NEO TATA,1325215813079TUNE5,296.0,2026-06,2026-06-21,21
PCR,GT 1634 XPC TATA,1D25216814008QXPC0,447.0,2026-06,2026-06-21,21
PCR,GT 1673 NEO,1325216613079HUNE0,102.0,2026-06,2026-06-21,21
PCR,GT 1684 ROYL,1325216814085TURL2,169.0,2026-06,2026-06-21,21
PCR,GT 1765 ROYL,1325217515084HURL2,662.0,2026-06,2026-06-21,21
PCR,GT 1844 XPC TML,1D25218014010RXPCT,476.0,2026-06,2026-06-21,21
PCR,GT 1854 XPC TT,1D25118014010RXPC0,176.0,2026-06,2026-06-21,21
PCR,GT 1856 ROYL,1325218316083HURL0,292.0,2026-06,2026-06-21,21
PCR,GT 1865 ROYL RENO,1325218515088TURL1,92.0,2026-06,2026-06-21,21
PCR,GT 1894 MAX,1325218614088TTMX0,384.0,2026-06,2026-06-21,21
PCR,GT 1916 ROYL,1325219416089HURL1,147.0,2026-06,2026-06-21,21
PCR,GT 1925 XPC1,1225219Z15008SXC11,336.0,2026-06,2026-06-21,21
PCR,GT 1965 ROYL,1325219515091HURL3,633.0,2026-06,2026-06-21,21
PCR,GT 1995 ROYL KIA,1325219515091HURL2,240.0,2026-06,2026-06-21,21
PCR,GT 2157 ROYL KIA,1325221317094VURL0,588.0,2026-06,2026-06-21,21
PCR,GT 2158 ROYL HYU,1325221318095HURL0,136.0,2026-06,2026-06-21,21
PCR,GT 2256 ROYL,1325222416098VURL0,311.0,2026-06,2026-06-21,21
PCR,GT 2476 SUP MM,1325224716111SELS0,988.0,2026-06,2026-06-21,21
PCR,GT 2568 HT2,1325225518111HRHB0,673.0,2026-06,2026-06-21,21
PCR,GT 2618 RAN ATB,1325225518111HRAT1,2.0,2026-06,2026-06-21,21
PCR,GT1564 NEO,1325215514075TUNE0,362.0,2026-06,2026-06-21,21
PCR,GT1824 XPC1,1D25218Z14008RXC10,130.0,2026-06,2026-06-21,21
PCR,GT2776 RAN AT,1325223616105TRAT0,210.0,2026-06,2026-06-21,21
PCR,GT  T1457 STAR,1325214617107MSXT0,448.0,2026-06,2026-06-22,22
PCR,GT 1402 XPC TATA,1D25214012008QXPCT,805.0,2026-06,2026-06-22,22
PCR,GT 1412 XPC MM,1D25114012008QXPC0,249.0,2026-06,2026-06-22,22
PCR,GT 1482 UHL,1325214812074TUHL0,472.0,2026-06,2026-06-22,22
PCR,GT 1503 NEO MSIL,1325215813079TUNE3,975.0,2026-06,2026-06-22,22
PCR,GT 1513 XPC1 MSIL,1D25215013008SXC10,1614.0,2026-06,2026-06-22,22
PCR,GT 1583 NEO TATA,1325215813079TUNE5,336.0,2026-06,2026-06-22,22
PCR,GT 1634 XPC TATA,1D25216814008QXPC0,457.0,2026-06,2026-06-22,22
PCR,GT 1673 NEO,1325216613079HUNE0,119.0,2026-06,2026-06-22,22
PCR,GT 1684 ROYL,1325216814085TURL2,129.0,2026-06,2026-06-22,22
PCR,GT 1765 ROYL,1325217515084HURL2,601.0,2026-06,2026-06-22,22
PCR,GT 1844 XPC TML,1D25218014010RXPCT,492.0,2026-06,2026-06-22,22
PCR,GT 1854 XPC TT,1D25118014010RXPC0,224.0,2026-06,2026-06-22,22
PCR,GT 1856 ROYL,1325218316083HURL0,296.0,2026-06,2026-06-22,22
PCR,GT 1865 ROYL RENO,1325218515088TURL1,79.0,2026-06,2026-06-22,22
PCR,GT 1894 MAX,1325218614088TTMX0,354.0,2026-06,2026-06-22,22
PCR,GT 1916 ROYL,1325219416089HURL1,40.0,2026-06,2026-06-22,22
PCR,GT 1925 XPC1,1225219Z15008SXC11,342.0,2026-06,2026-06-22,22
PCR,GT 1965 ROYL,1325219515091HURL3,789.0,2026-06,2026-06-22,22
PCR,GT 1995 ROYL KIA,1325219515091HURL2,478.0,2026-06,2026-06-22,22
PCR,GT 2157 ROYL KIA,1325221317094VURL0,411.0,2026-06,2026-06-22,22
PCR,GT 2158 ROYL HYU,1325221318095HURL0,43.0,2026-06,2026-06-22,22
PCR,GT 2167 RAN HPE,1325221417096HRHE0,18.0,2026-06,2026-06-22,22
PCR,GT 2256 ROYL,1325222416098VURL0,311.0,2026-06,2026-06-22,22
PCR,GT 2476 SUP MM,1325224716111SELS0,899.0,2026-06,2026-06-22,22
PCR,GT 2568 HT2,1325225518111HRHB0,664.0,2026-06,2026-06-22,22
PCR,GT 2618 RAN ATB,1325225518111HRAT1,82.0,2026-06,2026-06-22,22
PCR,GT1564 NEO,1325215514075TUNE0,379.0,2026-06,2026-06-22,22
PCR,GT1824 XPC1,1D25218Z14008RXC10,138.0,2026-06,2026-06-22,22
PCR,GT2776 RAN AT,1325223616105TRAT0,275.0,2026-06,2026-06-22,22
PCR,GT  T1457 STAR,1325214617107MSXT0,477.0,2026-06,2026-06-23,23
PCR,GT 1402 XPC TATA,1D25214012008QXPCT,619.0,2026-06,2026-06-23,23
PCR,GT 1412 XPC MM,1D25114012008QXPC0,287.0,2026-06,2026-06-23,23
PCR,GT 1482 UHL,1325214812074TUHL0,455.0,2026-06,2026-06-23,23
PCR,GT 1503 NEO MSIL,1325215813079TUNE3,954.0,2026-06,2026-06-23,23
PCR,GT 1513 XPC1 MSIL,1D25215013008SXC10,1525.0,2026-06,2026-06-23,23
PCR,GT 1583 NEO TATA,1325215813079TUNE5,334.0,2026-06,2026-06-23,23
PCR,GT 1634 XPC TATA,1D25216814008QXPC0,411.0,2026-06,2026-06-23,23
PCR,GT 1673 NEO,1325216613079HUNE0,196.0,2026-06,2026-06-23,23
PCR,GT 1684 ROYL,1325216814085TURL2,186.0,2026-06,2026-06-23,23
PCR,GT 1765 ROYL,1325217515084HURL2,555.0,2026-06,2026-06-23,23
PCR,GT 1844 XPC TML,1D25218014010RXPCT,497.0,2026-06,2026-06-23,23
PCR,GT 1854 XPC TT,1D25118014010RXPC0,240.0,2026-06,2026-06-23,23
PCR,GT 1856 ROYL,1325218316083HURL0,310.0,2026-06,2026-06-23,23
PCR,GT 1865 ROYL RENO,1325218515088TURL1,133.0,2026-06,2026-06-23,23
PCR,GT 1894 MAX,1325218614088TTMX0,393.0,2026-06,2026-06-23,23
PCR,GT 1916 ROYL,1325219416089HURL1,60.0,2026-06,2026-06-23,23
PCR,GT 1925 XPC1,1225219Z15008SXC11,332.0,2026-06,2026-06-23,23
PCR,GT 1965 ROYL,1325219515091HURL3,764.0,2026-06,2026-06-23,23
PCR,GT 1995 ROYL KIA,1325219515091HURL2,584.0,2026-06,2026-06-23,23
PCR,GT 2157 ROYL KIA,1325221317094VURL0,1.0,2026-06,2026-06-23,23
PCR,GT 2167 RAN HPE,1325221417096HRHE0,68.0,2026-06,2026-06-23,23
PCR,GT 2256 ROYL,1325222416098VURL0,304.0,2026-06,2026-06-23,23
PCR,GT 2267 ROYL HYU,1325221417096HURL0,248.0,2026-06,2026-06-23,23
PCR,GT 2476 SUP MM,1325224716111SELS0,989.0,2026-06,2026-06-23,23
PCR,GT 2568 HT2,1325225518111HRHB0,380.0,2026-06,2026-06-23,23
PCR,GT 2568 RAN AT,1325225518111HRAT0,200.0,2026-06,2026-06-23,23
PCR,GT 2618 RAN ATB,1325225518111HRAT1,92.0,2026-06,2026-06-23,23
PCR,GT1564 NEO,1325215514075TUNE0,364.0,2026-06,2026-06-23,23
PCR,GT1824 XPC1,1D25218Z14008RXC10,139.0,2026-06,2026-06-23,23
PCR,GT2776 RAN AT,1325223616105TRAT0,274.0,2026-06,2026-06-23,23
PCR,GT  T1457 STAR,1325214617107MSXT0,413.0,2026-06,2026-06-24,24
PCR,GT 1402 XPC TATA,1D25214012008QXPCT,761.0,2026-06,2026-06-24,24
PCR,GT 1412 XPC MM,1D25114012008QXPC0,322.0,2026-06,2026-06-24,24
PCR,GT 1482 UHL,1325214812074TUHL0,504.0,2026-06,2026-06-24,24
PCR,GT 1503 NEO MSIL,1325215813079TUNE3,770.0,2026-06,2026-06-24,24
PCR,GT 1513 XPC1 MSIL,1D25215013008SXC10,1539.0,2026-06,2026-06-24,24
PCR,GT 1583 NEO TATA,1325215813079TUNE5,324.0,2026-06,2026-06-24,24
PCR,GT 1634 XPC TATA,1D25216814008QXPC0,459.0,2026-06,2026-06-24,24
PCR,GT 1673 NEO,1325216613079HUNE0,66.0,2026-06,2026-06-24,24
PCR,GT 1684 ROYL,1325216814085TURL2,182.0,2026-06,2026-06-24,24
PCR,GT 1765 ROYL,1325217515084HURL2,596.0,2026-06,2026-06-24,24
PCR,GT 1773 NEO,1325217613082TUNE0,224.0,2026-06,2026-06-24,24
PCR,GT 1844 XPC TML,1D25218014010RXPCT,485.0,2026-06,2026-06-24,24
PCR,GT 1854 XPC TT,1D25118014010RXPC0,238.0,2026-06,2026-06-24,24
PCR,GT 1856 ROYL,1325218316083HURL0,308.0,2026-06,2026-06-24,24
PCR,GT 1865 ROYL RENO,1325218515088TURL1,166.0,2026-06,2026-06-24,24
PCR,GT 1894 MAX,1325218614088TTMX0,375.0,2026-06,2026-06-24,24
PCR,GT 1916 ROYL,1325219416089HURL1,98.0,2026-06,2026-06-24,24
PCR,GT 1925 XPC1,1225219Z15008SXC11,336.0,2026-06,2026-06-24,24
PCR,GT 1965 ROYL,1325219515091HURL3,695.0,2026-06,2026-06-24,24
PCR,GT 1995 ROYL KIA,1325219515091HURL2,596.0,2026-06,2026-06-24,24
PCR,GT 2158 ROYL HYU,1325221318095HURL0,22.0,2026-06,2026-06-24,24
PCR,GT 2167 RAN HPE,1325221417096HRHE0,152.0,2026-06,2026-06-24,24
PCR,GT 2256 ROYL,1325222416098VURL0,322.0,2026-06,2026-06-24,24
PCR,GT 2267 ROYL HYU,1325221417096HURL0,610.0,2026-06,2026-06-24,24
PCR,GT 2476 SUP MM,1325224716111SELS0,980.0,2026-06,2026-06-24,24
PCR,GT 2568 HT2,1325225518111HRHB0,406.0,2026-06,2026-06-24,24
PCR,GT 2568 RAN AT,1325225518111HRAT0,306.0,2026-06,2026-06-24,24
PCR,GT 2618 RAN ATB,1325225518111HRAT1,28.0,2026-06,2026-06-24,24
PCR,GT1564 NEO,1325215514075TUNE0,354.0,2026-06,2026-06-24,24
PCR,GT1824 XPC1,1D25218Z14008RXC10,142.0,2026-06,2026-06-24,24
PCR,GT2776 RAN AT,1325223616105TRAT0,286.0,2026-06,2026-06-24,24
PCR,GT  T1457 STAR,1325214617107MSXT0,303.0,2026-06,2026-06-25,25
PCR,GT 1402 XPC TATA,1D25214012008QXPCT,783.0,2026-06,2026-06-25,25
PCR,GT 1412 XPC MM,1D25114012008QXPC0,214.0,2026-06,2026-06-25,25
PCR,GT 1482 UHL,1325214812074TUHL0,513.0,2026-06,2026-06-25,25
PCR,GT 1503 NEO MSIL,1325215813079TUNE3,677.0,2026-06,2026-06-25,25
PCR,GT 1513 XPC1 MSIL,1D25215013008SXC10,1498.0,2026-06,2026-06-25,25
PCR,GT 1583 NEO TATA,1325215813079TUNE5,340.0,2026-06,2026-06-25,25
PCR,GT 1634 XPC TATA,1D25216814008QXPC0,443.0,2026-06,2026-06-25,25
PCR,GT 1684 ROYL,1325216814085TURL2,141.0,2026-06,2026-06-25,25
PCR,GT 1765 ROYL,1325217515084HURL2,597.0,2026-06,2026-06-25,25
PCR,GT 1773 NEO,1325217613082TUNE0,192.0,2026-06,2026-06-25,25
PCR,GT 1776 RAN HPE,1325217716093HRHE0,92.0,2026-06,2026-06-25,25
PCR,GT 1844 XPC TML,1D25218014010RXPCT,438.0,2026-06,2026-06-25,25
PCR,GT 1854 XPC TT,1D25118014010RXPC0,234.0,2026-06,2026-06-25,25
PCR,GT 1856 ROYL,1325218316083HURL0,142.0,2026-06,2026-06-25,25
PCR,GT 1865 ROYL RENO,1325218515088TURL1,47.0,2026-06,2026-06-25,25
PCR,GT 1894 MAX,1325218614088TTMX0,378.0,2026-06,2026-06-25,25
PCR,GT 1916 ROYL,1325219416089HURL1,104.0,2026-06,2026-06-25,25
PCR,GT 1925 XPC1,1225219Z15008SXC11,338.0,2026-06,2026-06-25,25
PCR,GT 1965 ROYL,1325219515091HURL3,491.0,2026-06,2026-06-25,25
PCR,GT 1995 ROYL KIA,1325219515091HURL2,596.0,2026-06,2026-06-25,25
PCR,GT 2158 ROYL HYU,1325221318095HURL0,124.0,2026-06,2026-06-25,25
PCR,GT 2167 RAN HPE,1325221417096HRHE0,6.0,2026-06,2026-06-25,25
PCR,GT 2256 ROYL,1325222416098VURL0,136.0,2026-06,2026-06-25,25
PCR,GT 2267 ROYL HYU,1325221417096HURL0,966.0,2026-06,2026-06-25,25
PCR,GT 2476 SUP MM,1325224716111SELS0,947.0,2026-06,2026-06-25,25
PCR,GT 2568 HT2,1325225518111HRHB0,470.0,2026-06,2026-06-25,25
PCR,GT 2568 RAN AT,1325225518111HRAT0,184.0,2026-06,2026-06-25,25
PCR,GT1564 NEO,1325215514075TUNE0,362.0,2026-06,2026-06-25,25
PCR,GT1824 XPC1,1D25218Z14008RXC10,142.0,2026-06,2026-06-25,25
PCR,GT1915 LT XPC1,1225219Z15008SXC10,232.0,2026-06,2026-06-25,25
PCR,GT2776 RAN AT,1325223616105TRAT0,256.0,2026-06,2026-06-25,25
PCR,GT 1402 XPC TATA,1D25214012008QXPCT,734.0,2026-06,2026-06-26,26
PCR,GT 1412 XPC MM,1D25114012008QXPC0,238.0,2026-06,2026-06-26,26
PCR,GT 1482 UHL,1325214812074TUHL0,414.0,2026-06,2026-06-26,26
PCR,GT 1503 NEO MSIL,1325215813079TUNE3,418.0,2026-06,2026-06-26,26
PCR,GT 1513 XPC1 MSIL,1D25215013008SXC10,1518.0,2026-06,2026-06-26,26
PCR,GT 1583 NEO TATA,1325215813079TUNE5,312.0,2026-06,2026-06-26,26
PCR,GT 1634 XPC TATA,1D25216814008QXPC0,362.0,2026-06,2026-06-26,26
PCR,GT 1684 ROYL,1325216814085TURL2,172.0,2026-06,2026-06-26,26
PCR,GT 1765 ROYL,1325217515084HURL2,725.0,2026-06,2026-06-26,26
PCR,GT 1773 NEO,1325217613082TUNE0,360.0,2026-06,2026-06-26,26
PCR,GT 1776 RAN HPE,1325217716093HRHE0,30.0,2026-06,2026-06-26,26
PCR,GT 1844 XPC TML,1D25218014010RXPCT,485.0,2026-06,2026-06-26,26
PCR,GT 1854 XPC TT,1D25118014010RXPC0,242.0,2026-06,2026-06-26,26
PCR,GT 1856 ROYL,1325218316083HURL0,306.0,2026-06,2026-06-26,26
PCR,GT 1894 MAX,1325218614088TTMX0,390.0,2026-06,2026-06-26,26
PCR,GT 1916 ROYL,1325219416089HURL1,162.0,2026-06,2026-06-26,26
PCR,GT 1925 XPC1,1225219Z15008SXC11,320.0,2026-06,2026-06-26,26
PCR,GT 1965 ROYL,1325219515091HURL3,206.0,2026-06,2026-06-26,26
PCR,GT 1995 ROYL KIA,1325219515091HURL2,570.0,2026-06,2026-06-26,26
PCR,GT 2167 RAN HPE,1325221417096HRHE0,115.0,2026-06,2026-06-26,26
PCR,GT 2256 ROYL,1325222416098VURL0,100.0,2026-06,2026-06-26,26
PCR,GT 2267 ROYL HYU,1325221417096HURL0,1042.0,2026-06,2026-06-26,26
PCR,GT 2476 SUP MM,1325224716111SELS0,939.0,2026-06,2026-06-26,26
PCR,GT 2568 HT2,1325225518111HRHB0,450.0,2026-06,2026-06-26,26
PCR,GT 2568 RAN AT,1325225518111HRAT0,304.0,2026-06,2026-06-26,26
PCR,GT1564 NEO,1325215514075TUNE0,375.0,2026-06,2026-06-26,26
PCR,GT1824 XPC1,1D25218Z14008RXC10,46.0,2026-06,2026-06-26,26
PCR,GT1915 LT XPC1,1225219Z15008SXC10,262.0,2026-06,2026-06-26,26
PCR,GT2776 RAN AT,1325223616105TRAT0,278.0,2026-06,2026-06-26,26
PCR,GT 1402 XPC TATA,1D25214012008QXPCT,780.0,2026-06,2026-06-27,27
PCR,GT 1412 XPC MM,1D25114012008QXPC0,314.0,2026-06,2026-06-27,27
PCR,GT 1482 UHL,1325214812074TUHL0,475.0,2026-06,2026-06-27,27
PCR,GT 1503 NEO MSIL,1325215813079TUNE3,634.0,2026-06,2026-06-27,27
PCR,GT 1513 XPC1 MSIL,1D25215013008SXC10,1515.0,2026-06,2026-06-27,27
PCR,GT 1583 NEO TATA,1325215813079TUNE5,486.0,2026-06,2026-06-27,27
PCR,GT 1634 XPC TATA,1D25216814008QXPC0,386.0,2026-06,2026-06-27,27
PCR,GT 1684 ROYL,1325216814085TURL2,178.0,2026-06,2026-06-27,27
PCR,GT 1765 ROYL,1325217515084HURL2,799.0,2026-06,2026-06-27,27
PCR,GT 1773 NEO,1325217613082TUNE0,184.0,2026-06,2026-06-27,27
PCR,GT 1844 XPC TML,1D25218014010RXPCT,484.0,2026-06,2026-06-27,27
PCR,GT 1854 XPC TT,1D25118014010RXPC0,218.0,2026-06,2026-06-27,27
PCR,GT 1856 ROYL,1325218316083HURL0,306.0,2026-06,2026-06-27,27
PCR,GT 1894 MAX,1325218614088TTMX0,369.0,2026-06,2026-06-27,27
PCR,GT 1925 XPC1,1225219Z15008SXC11,356.0,2026-06,2026-06-27,27
PCR,GT 1965 ROYL,1325219515091HURL3,63.0,2026-06,2026-06-27,27
PCR,GT 1995 ROYL KIA,1325219515091HURL2,493.0,2026-06,2026-06-27,27
PCR,GT 2157 ROYL KIA,1325221317094VURL0,1.0,2026-06,2026-06-27,27
PCR,GT 2167 RAN HPE,1325221417096HRHE0,50.0,2026-06,2026-06-27,27
PCR,GT 2256 ROYL,1325222416098VURL0,186.0,2026-06,2026-06-27,27
PCR,GT 2267 ROYL HYU,1325221417096HURL0,1481.0,2026-06,2026-06-27,27
PCR,GT 2476 SUP MM,1325224716111SELS0,923.0,2026-06,2026-06-27,27
PCR,GT 2568 HT2,1325225518111HRHB0,474.0,2026-06,2026-06-27,27
PCR,GT 2568 RAN AT,1325225518111HRAT0,282.0,2026-06,2026-06-27,27
PCR,GT1564 NEO,1325215514075TUNE0,382.0,2026-06,2026-06-27,27
PCR,GT1824 XPC1,1D25218Z14008RXC10,40.0,2026-06,2026-06-27,27
PCR,GT1915 LT XPC1,1225219Z15008SXC10,336.0,2026-06,2026-06-27,27
PCR,GT2776 RAN AT,1325223616105TRAT0,166.0,2026-06,2026-06-27,27
PCR,GT 1402 XPC TATA,1D25214012008QXPCT,804.0,2026-06,2026-06-28,28
PCR,GT 1412 XPC MM,1D25114012008QXPC0,327.0,2026-06,2026-06-28,28
PCR,GT 1482 UHL,1325214812074TUHL0,477.0,2026-06,2026-06-28,28
PCR,GT 1503 NEO MSIL,1325215813079TUNE3,610.0,2026-06,2026-06-28,28
PCR,GT 1513 XPC1 MSIL,1D25215013008SXC10,1639.0,2026-06,2026-06-28,28
PCR,GT 1583 NEO TATA,1325215813079TUNE5,422.0,2026-06,2026-06-28,28
PCR,GT 1634 XPC TATA,1D25216814008QXPC0,558.0,2026-06,2026-06-28,28
PCR,GT 1684 ROYL,1325216814085TURL2,178.0,2026-06,2026-06-28,28
PCR,GT 1765 ROYL,1325217515084HURL2,669.0,2026-06,2026-06-28,28
PCR,GT 1773 NEO,1325217613082TUNE0,376.0,2026-06,2026-06-28,28
PCR,GT 1844 XPC TML,1D25218014010RXPCT,470.0,2026-06,2026-06-28,28
PCR,GT 1854 XPC TT,1D25118014010RXPC0,238.0,2026-06,2026-06-28,28
PCR,GT 1856 ROYL,1325218316083HURL0,196.0,2026-06,2026-06-28,28
PCR,GT 1894 MAX,1325218614088TTMX0,344.0,2026-06,2026-06-28,28
PCR,GT 1916 ROYL,1325219416089HURL1,146.0,2026-06,2026-06-28,28
PCR,GT 1925 XPC1,1225219Z15008SXC11,466.0,2026-06,2026-06-28,28
PCR,GT 1995 ROYL KIA,1325219515091HURL2,464.0,2026-06,2026-06-28,28
PCR,GT 2256 ROYL,1325222416098VURL0,154.0,2026-06,2026-06-28,28
PCR,GT 2267 ROYL HYU,1325221417096HURL0,1522.0,2026-06,2026-06-28,28
PCR,GT 2476 SUP MM,1325224716111SELS0,1058.0,2026-06,2026-06-28,28
PCR,GT 2568 HT2,1325225518111HRHB0,476.0,2026-06,2026-06-28,28
PCR,GT 2568 RAN AT,1325225518111HRAT0,310.0,2026-06,2026-06-28,28
PCR,GT1564 NEO,1325215514075TUNE0,372.0,2026-06,2026-06-28,28
PCR,GT1915 LT XPC1,1225219Z15008SXC10,381.0,2026-06,2026-06-28,28
PCR,GT2776 RAN AT,1325223616105TRAT0,284.0,2026-06,2026-06-28,28
PCR,GT 1402 XPC TATA,1D25214012008QXPCT,810.0,2026-06,2026-06-29,29
PCR,GT 1412 XPC MM,1D25114012008QXPC0,294.0,2026-06,2026-06-29,29
PCR,GT 1482 UHL,1325214812074TUHL0,270.0,2026-06,2026-06-29,29
PCR,GT 1503 NEO MSIL,1325215813079TUNE3,362.0,2026-06,2026-06-29,29
PCR,GT 1513 XPC1 MSIL,1D25215013008SXC10,1619.0,2026-06,2026-06-29,29
PCR,GT 1583 NEO TATA,1325215813079TUNE5,550.0,2026-06,2026-06-29,29
PCR,GT 1634 XPC TATA,1D25216814008QXPC0,556.0,2026-06,2026-06-29,29
PCR,GT 1684 ROYL,1325216814085TURL2,166.0,2026-06,2026-06-29,29
PCR,GT 1765 ROYL,1325217515084HURL2,636.0,2026-06,2026-06-29,29
PCR,GT 1773 NEO,1325217613082TUNE0,350.0,2026-06,2026-06-29,29
PCR,GT 1844 XPC TML,1D25218014010RXPCT,449.0,2026-06,2026-06-29,29
PCR,GT 1854 XPC TT,1D25118014010RXPC0,235.0,2026-06,2026-06-29,29
PCR,GT 1894 MAX,1325218614088TTMX0,342.0,2026-06,2026-06-29,29
PCR,GT 1916 ROYL,1325219416089HURL1,98.0,2026-06,2026-06-29,29
PCR,GT 1925 XPC1,1225219Z15008SXC11,456.0,2026-06,2026-06-29,29
PCR,GT 1995 ROYL KIA,1325219515091HURL2,600.0,2026-06,2026-06-29,29
PCR,GT 2158 ROYL HYU,1325221318095HURL0,48.0,2026-06,2026-06-29,29
PCR,GT 2256 ROYL,1325222416098VURL0,116.0,2026-06,2026-06-29,29
PCR,GT 2267 ROYL HYU,1325221417096HURL0,1550.0,2026-06,2026-06-29,29
PCR,GT 2476 SUP MM,1325224716111SELS0,970.0,2026-06,2026-06-29,29
PCR,GT 2568 HT2,1325225518111HRHB0,467.0,2026-06,2026-06-29,29
PCR,GT 2568 RAN AT,1325225518111HRAT0,305.0,2026-06,2026-06-29,29
PCR,GT1564 NEO,1325215514075TUNE0,386.0,2026-06,2026-06-29,29
PCR,GT1915 LT XPC1,1225219Z15008SXC10,380.0,2026-06,2026-06-29,29
PCR,GT2776 RAN AT,1325223616105TRAT0,204.0,2026-06,2026-06-29,29
PCR,GT 1402 XPC TATA,1D25214012008QXPCT,816.0,2026-06,2026-06-30,30
PCR,GT 1412 XPC MM,1D25114012008QXPC0,279.0,2026-06,2026-06-30,30
PCR,GT 1482 UHL,1325214812074TUHL0,528.0,2026-06,2026-06-30,30
PCR,GT 1503 NEO MSIL,1325215813079TUNE3,358.0,2026-06,2026-06-30,30
PCR,GT 1513 XPC1 MSIL,1D25215013008SXC10,1645.0,2026-06,2026-06-30,30
PCR,GT 1583 NEO TATA,1325215813079TUNE5,690.0,2026-06,2026-06-30,30
PCR,GT 1634 XPC TATA,1D25216814008QXPC0,604.0,2026-06,2026-06-30,30
PCR,GT 1684 ROYL,1325216814085TURL2,184.0,2026-06,2026-06-30,30
PCR,GT 1765 ROYL,1325217515084HURL2,740.0,2026-06,2026-06-30,30
PCR,GT 1773 NEO,1325217613082TUNE0,378.0,2026-06,2026-06-30,30
PCR,GT 1844 XPC TML,1D25218014010RXPCT,496.0,2026-06,2026-06-30,30
PCR,GT 1854 XPC TT,1D25118014010RXPC0,242.0,2026-06,2026-06-30,30
PCR,GT 1894 MAX,1325218614088TTMX0,375.0,2026-06,2026-06-30,30
PCR,GT 1916 ROYL,1325219416089HURL1,28.0,2026-06,2026-06-30,30
PCR,GT 1925 XPC1,1225219Z15008SXC11,428.0,2026-06,2026-06-30,30
PCR,GT 1995 ROYL KIA,1325219515091HURL2,600.0,2026-06,2026-06-30,30
PCR,GT 2158 ROYL HYU,1325221318095HURL0,620.0,2026-06,2026-06-30,30
PCR,GT 2267 ROYL HYU,1325221417096HURL0,1436.0,2026-06,2026-06-30,30
PCR,GT 2275 RAN A/T,1325221615109SRAT0,154.0,2026-06,2026-06-30,30
PCR,GT 2366 ROYL,1325223516103TURL0,68.0,2026-06,2026-06-30,30
PCR,GT 2476 SUP MM,1325224716111SELS0,946.0,2026-06,2026-06-30,30
PCR,GT 2568 HT2,1325225518111HRHB0,458.0,2026-06,2026-06-30,30
PCR,GT 2568 RAN AT,1325225518111HRAT0,176.0,2026-06,2026-06-30,30
PCR,GT1564 NEO,1325215514075TUNE0,367.0,2026-06,2026-06-30,30
PCR,GT1915 LT XPC1,1225219Z15008SXC10,368.0,2026-06,2026-06-30,30
PCR,GT2776 RAN AT,1325223616105TRAT0,38.0,2026-06,2026-06-30,30
TBR,10.00 R 20 JDE,1121129A20000JDEP0,48.0,2026-06,2026-06-01,1
TBR,10.00 R 20 JUH3+,1122110020016KH3P0,210.0,2026-06,2026-06-01,1
TBR,10.00 R 20 JUH5,1122110020016KUH50,378.0,2026-06,2026-06-01,1
TBR,10.00R 20 JW302,1123129A20152JUCM0,106.0,2026-06,2026-06-01,1
TBR,11.00R20 JUH5,1122111020016KUH50,160.0,2026-06,2026-06-01,1
TBR,11.00R20JDE++,1121111020016KDEP0,176.0,2026-06,2026-06-01,1
TBR,11R22.5JDH,115121102C016LJDH0,98.0,2026-06,2026-06-01,1
TBR,11R22.5JTH1,115221102C016LTH10,36.0,2026-06,2026-06-01,1
TBR,11R22.5JUHE,115221102C016LJUH0,44.0,2026-06,2026-06-01,1
TBR,275/70R22.5JTH1,115222762C016LTH10,110.0,2026-06,2026-06-01,1
TBR,295/80R22.5JDC3,115122982C016KDC30,42.0,2026-06,2026-06-01,1
TBR,295/80R22.5JUL1,112222982C016MJUM0,124.0,2026-06,2026-06-01,1
TBR,295/90R20JDCXD,1121129A20152JCXD0,100.0,2026-06,2026-06-01,1
TBR,315/80R22.5JUL4,115223182C018LUL40,42.0,2026-06,2026-06-01,1
TBR,385/65R22.5JTL,115223852C024KJTL0,50.0,2026-06,2026-06-01,1
TBR,385/65R22.5JUH6,115223852C020KUH60,136.0,2026-06,2026-06-01,1
TBR,8.25R20JDE++,1121182020016KDEP0,158.0,2026-06,2026-06-01,1
TBR,8.25R20JUH5,1122182020016KUH50,146.0,2026-06,2026-06-01,1
TBR,9.00 R 20 JUH3,1122190020014KJH30,114.0,2026-06,2026-06-01,1
TBR,GT 5014 - 10.00R20 CUX,1152110020016KCUXC,48.0,2026-06,2026-06-01,1
TBR,GT 5075 - 295/90R20 JUH XF,1122129A20152JULF0,116.0,2026-06,2026-06-01,1
TBR,GT 5076 - 295/90R20 JDE XF,1121129A20152JDLF0,136.0,2026-06,2026-06-01,1
TBR,GT 5078 - 295/80R22.5 JUX E,112222982C016JUXE0,134.0,2026-06,2026-06-01,1
TBR,GT 5083 - 295/80R22.5 JUM XM,112222982C016MJXM0,168.0,2026-06,2026-06-01,1
TBR,GT 5095 - 11.00R20 JUC3,1123111020016KJC30,75.0,2026-06,2026-06-01,1
TBR,GT 5096 - 11.00R20 JDC XD,1121111020016KCXD0,205.0,2026-06,2026-06-01,1
TBR,GT 5101 - 11.00R20 JS114,1121111020016K1141,44.0,2026-06,2026-06-01,1
TBR,GT 5111 - 11R22.5 JDC,115121102C016LJDC0,43.0,2026-06,2026-06-01,1
TBR,10.00 R 20 JDE,1121129A20000JDEP0,46.0,2026-06,2026-06-02,2
TBR,10.00 R 20 JUH3+,1122110020016KH3P0,132.0,2026-06,2026-06-02,2
TBR,10.00 R 20 JUH5,1122110020016KUH50,342.0,2026-06,2026-06-02,2
TBR,10.00R 20 JW302,1123129A20152JUCM0,124.0,2026-06,2026-06-02,2
TBR,11.00R20 JUH5,1122111020016KUH50,130.0,2026-06,2026-06-02,2
TBR,11.00R20JDE++,1121111020016KDEP0,198.0,2026-06,2026-06-02,2
TBR,11R22.5JDH,115121102C016LJDH0,94.0,2026-06,2026-06-02,2
TBR,11R22.5JTH1,115221102C016LTH10,54.0,2026-06,2026-06-02,2
TBR,11R22.5JUHE,115221102C016LJUH0,44.0,2026-06,2026-06-02,2
TBR,275/70R22.5JTH1,115222762C016LTH10,52.0,2026-06,2026-06-02,2
TBR,295/80R22.5JDC3,115122982C016KDC30,22.0,2026-06,2026-06-02,2
TBR,295/80R22.5JUL1,112222982C016MJUM0,138.0,2026-06,2026-06-02,2
TBR,295/90R20JDCXD,1121129A20152JCXD0,144.0,2026-06,2026-06-02,2
TBR,315/80R22.5JUL4,115223182C018LUL40,34.0,2026-06,2026-06-02,2
TBR,385/65R22.5JTL,115223852C024KJTL0,52.0,2026-06,2026-06-02,2
TBR,385/65R22.5JUH6,115223852C020KUH60,74.0,2026-06,2026-06-02,2
TBR,8.25R20JDE++,1121182020016KDEP0,160.0,2026-06,2026-06-02,2
TBR,8.25R20JUH5,1122182020016KUH50,82.0,2026-06,2026-06-02,2
TBR,9.00 R 20 JUH3,1122190020014KJH30,110.0,2026-06,2026-06-02,2
TBR,GT 5014 - 10.00R20 CUX,1152110020016KCUXC,34.0,2026-06,2026-06-02,2
TBR,GT 5075 - 295/90R20 JUH XF,1122129A20152JULF0,86.0,2026-06,2026-06-02,2
TBR,GT 5076 - 295/90R20 JDE XF,1121129A20152JDLF0,130.0,2026-06,2026-06-02,2
TBR,GT 5078 - 295/80R22.5 JUX E,112222982C016JUXE0,130.0,2026-06,2026-06-02,2
TBR,GT 5083 - 295/80R22.5 JUM XM,112222982C016MJXM0,220.0,2026-06,2026-06-02,2
TBR,GT 5095 - 11.00R20 JUC3,1123111020016KJC30,74.0,2026-06,2026-06-02,2
TBR,GT 5096 - 11.00R20 JDC XD,1121111020016KCXD0,200.0,2026-06,2026-06-02,2
TBR,GT 5101 - 11.00R20 JS114,1121111020016K1141,44.0,2026-06,2026-06-02,2
TBR,GT 5111 - 11R22.5 JDC,115121102C016LJDC0,41.0,2026-06,2026-06-02,2
TBR,10.00 R 20 JDE,1121129A20000JDEP0,48.0,2026-06,2026-06-03,3
TBR,10.00 R 20 JUH3+,1122110020016KH3P0,198.0,2026-06,2026-06-03,3
TBR,10.00 R 20 JUH5,1122110020016KUH50,326.0,2026-06,2026-06-03,3
TBR,10.00R 20 JW302,1123129A20152JUCM0,124.0,2026-06,2026-06-03,3
TBR,11.00R20 JUH5,1122111020016KUH50,176.0,2026-06,2026-06-03,3
TBR,11.00R20JDE++,1121111020016KDEP0,214.0,2026-06,2026-06-03,3
TBR,11R22.5JDH,115121102C016LJDH0,41.0,2026-06,2026-06-03,3
TBR,11R22.5JTH1,115221102C016LTH10,34.0,2026-06,2026-06-03,3
TBR,11R22.5JUHE,115221102C016LJUH0,50.0,2026-06,2026-06-03,3
TBR,275/70R22.5JTH1,115222762C016LTH10,102.0,2026-06,2026-06-03,3
TBR,295/80R22.5JDC3,115122982C016KDC30,38.0,2026-06,2026-06-03,3
TBR,295/80R22.5JUL1,112222982C016MJUM0,130.0,2026-06,2026-06-03,3
TBR,295/90R20JDCXD,1121129A20152JCXD0,122.0,2026-06,2026-06-03,3
TBR,315/80R22.5JUL4,115223182C018LUL40,48.0,2026-06,2026-06-03,3
TBR,385/65R22.5JTL,115223852C024KJTL0,70.0,2026-06,2026-06-03,3
TBR,385/65R22.5JUH6,115223852C020KUH60,114.0,2026-06,2026-06-03,3
TBR,8.25R20JDE++,1121182020016KDEP0,162.0,2026-06,2026-06-03,3
TBR,8.25R20JUH5,1122182020016KUH50,136.0,2026-06,2026-06-03,3
TBR,9.00 R 20 JUH3,1122190020014KJH30,98.0,2026-06,2026-06-03,3
TBR,GT 5014 - 10.00R20 CUX,1152110020016KCUXC,48.0,2026-06,2026-06-03,3
TBR,GT 5075 - 295/90R20 JUH XF,1122129A20152JULF0,86.0,2026-06,2026-06-03,3
TBR,GT 5076 - 295/90R20 JDE XF,1121129A20152JDLF0,125.0,2026-06,2026-06-03,3
TBR,GT 5078 - 295/80R22.5 JUX E,112222982C016JUXE0,159.0,2026-06,2026-06-03,3
TBR,GT 5083 - 295/80R22.5 JUM XM,112222982C016MJXM0,232.0,2026-06,2026-06-03,3
TBR,GT 5095 - 11.00R20 JUC3,1123111020016KJC30,92.0,2026-06,2026-06-03,3
TBR,GT 5096 - 11.00R20 JDC XD,1121111020016KCXD0,182.0,2026-06,2026-06-03,3
TBR,GT 5101 - 11.00R20 JS114,1121111020016K1141,23.0,2026-06,2026-06-03,3
TBR,GT 5111 - 11R22.5 JDC,115121102C016LJDC0,27.0,2026-06,2026-06-03,3
TBR,10.00 R 20 JDE,1121129A20000JDEP0,48.0,2026-06,2026-06-04,4
TBR,10.00 R 20 JUH3+,1122110020016KH3P0,175.0,2026-06,2026-06-04,4
TBR,10.00 R 20 JUH5,1122110020016KUH50,347.0,2026-06,2026-06-04,4
TBR,10.00R 20 JW302,1123129A20152JUCM0,106.0,2026-06,2026-06-04,4
TBR,11.00R20 JUH3,1152111020016KVH30,18.0,2026-06,2026-06-04,4
TBR,11.00R20 JUH5,1122111020016KUH50,156.0,2026-06,2026-06-04,4
TBR,11.00R20JDE++,1121111020016KDEP0,152.0,2026-06,2026-06-04,4
TBR,11R22.5JDH,115121102C016LJDH0,94.0,2026-06,2026-06-04,4
TBR,11R22.5JTH1,115221102C016LTH10,42.0,2026-06,2026-06-04,4
TBR,11R22.5JUHE,115221102C016LJUH0,4.0,2026-06,2026-06-04,4
TBR,275/70R22.5JTH1,115222762C016LTH10,100.0,2026-06,2026-06-04,4
TBR,295/80R22.5JDC3,115122982C016KDC30,26.0,2026-06,2026-06-04,4
TBR,295/80R22.5JUL1,112222982C016MJUM0,82.0,2026-06,2026-06-04,4
TBR,295/90R20JDCXD,1121129A20152JCXD0,122.0,2026-06,2026-06-04,4
TBR,315/80R22.5JUL4,115223182C018LUL40,15.0,2026-06,2026-06-04,4
TBR,385/65R22.5JTL,115223852C024KJTL0,86.0,2026-06,2026-06-04,4
TBR,385/65R22.5JUH6,115223852C020KUH60,69.0,2026-06,2026-06-04,4
TBR,8.25R20JDE++,1121182020016KDEP0,170.0,2026-06,2026-06-04,4
TBR,8.25R20JUH5,1122182020016KUH50,117.0,2026-06,2026-06-04,4
TBR,9.00 R 20 JDE++,1121190020016KDEP0,16.0,2026-06,2026-06-04,4
TBR,9.00 R 20 JUH3,1122190020014KJH30,54.0,2026-06,2026-06-04,4
TBR,GT 5014 - 10.00R20 CUX,1152110020016KCUXC,20.0,2026-06,2026-06-04,4
TBR,GT 5075 - 295/90R20 JUH XF,1122129A20152JULF0,98.0,2026-06,2026-06-04,4
TBR,GT 5076 - 295/90R20 JDE XF,1121129A20152JDLF0,129.0,2026-06,2026-06-04,4
TBR,GT 5078 - 295/80R22.5 JUX E,112222982C016JUXE0,174.0,2026-06,2026-06-04,4
TBR,GT 5083 - 295/80R22.5 JUM XM,112222982C016MJXM0,254.0,2026-06,2026-06-04,4
TBR,GT 5095 - 11.00R20 JUC3,1123111020016KJC30,74.0,2026-06,2026-06-04,4
TBR,GT 5096 - 11.00R20 JDC XD,1121111020016KCXD0,186.0,2026-06,2026-06-04,4
TBR,GT 5111 - 11R22.5 JDC,115121102C016LJDC0,14.0,2026-06,2026-06-04,4
TBR,10.00 R 20 JDE,1121129A20000JDEP0,33.0,2026-06,2026-06-05,5
TBR,10.00 R 20 JUH3+,1122110020016KH3P0,171.0,2026-06,2026-06-05,5
TBR,10.00 R 20 JUH5,1122110020016KUH50,350.0,2026-06,2026-06-05,5
TBR,10.00R 20 JW302,1123129A20152JUCM0,102.0,2026-06,2026-06-05,5
TBR,11.00R20 JUH3,1152111020016KVH30,40.0,2026-06,2026-06-05,5
TBR,11.00R20 JUH5,1122111020016KUH50,164.0,2026-06,2026-06-05,5
TBR,11.00R20JDE++,1121111020016KDEP0,220.0,2026-06,2026-06-05,5
TBR,11R22.5JDH,115121102C016LJDH0,86.0,2026-06,2026-06-05,5
TBR,11R22.5JTH1,115221102C016LTH10,18.0,2026-06,2026-06-05,5
TBR,275/70R22.5JTH1,115222762C016LTH10,52.0,2026-06,2026-06-05,5
TBR,295/80R22.5JDC3,115122982C016KDC30,44.0,2026-06,2026-06-05,5
TBR,295/80R22.5JUL1,112222982C016MJUM0,96.0,2026-06,2026-06-05,5
TBR,295/90R20JDCXD,1121129A20152JCXD0,128.0,2026-06,2026-06-05,5
TBR,315/80R22.5JUL4,115223182C018LUL40,47.0,2026-06,2026-06-05,5
TBR,385/65R22.5JTL,115223852C024KJTL0,84.0,2026-06,2026-06-05,5
TBR,385/65R22.5JUH6,115223852C020KUH60,119.0,2026-06,2026-06-05,5
TBR,8.25R20JDE++,1121182020016KDEP0,208.0,2026-06,2026-06-05,5
TBR,8.25R20JUH5,1122182020016KUH50,102.0,2026-06,2026-06-05,5
TBR,9.00 R 20 JDE++,1121190020016KDEP0,38.0,2026-06,2026-06-05,5
TBR,9.00 R 20 JUH3,1122190020014KJH30,33.0,2026-06,2026-06-05,5
TBR,GT 5014 - 10.00R20 CUX,1152110020016KCUXC,48.0,2026-06,2026-06-05,5
TBR,GT 5075 - 295/90R20 JUH XF,1122129A20152JULF0,88.0,2026-06,2026-06-05,5
TBR,GT 5076 - 295/90R20 JDE XF,1121129A20152JDLF0,160.0,2026-06,2026-06-05,5
TBR,GT 5078 - 295/80R22.5 JUX E,112222982C016JUXE0,155.0,2026-06,2026-06-05,5
TBR,GT 5083 - 295/80R22.5 JUM XM,112222982C016MJXM0,253.0,2026-06,2026-06-05,5
TBR,GT 5095 - 11.00R20 JUC3,1123111020016KJC30,86.0,2026-06,2026-06-05,5
TBR,GT 5096 - 11.00R20 JDC XD,1121111020016KCXD0,222.0,2026-06,2026-06-05,5
TBR,GT 5111 - 11R22.5 JDC,115121102C016LJDC0,38.0,2026-06,2026-06-05,5
TBR,10.00 R 20 JDE,1121129A20000JDEP0,30.0,2026-06,2026-06-06,6
TBR,10.00 R 20 JUH3+,1122110020016KH3P0,171.0,2026-06,2026-06-06,6
TBR,10.00 R 20 JUH5,1122110020016KUH50,340.0,2026-06,2026-06-06,6
TBR,10.00R 20 JW302,1123129A20152JUCM0,103.0,2026-06,2026-06-06,6
TBR,11.00R20 JUH3,1152111020016KVH30,6.0,2026-06,2026-06-06,6
TBR,11.00R20 JUH5,1122111020016KUH50,124.0,2026-06,2026-06-06,6
TBR,11.00R20JDE++,1121111020016KDEP0,154.0,2026-06,2026-06-06,6
TBR,11R22.5JDH,115121102C016LJDH0,48.0,2026-06,2026-06-06,6
TBR,11R22.5JTH1,115221102C016LTH10,54.0,2026-06,2026-06-06,6
TBR,275/70R22.5JTH1,115222762C016LTH10,108.0,2026-06,2026-06-06,6
TBR,295/80R22.5JDC3,115122982C016KDC30,28.0,2026-06,2026-06-06,6
TBR,295/80R22.5JUL1,112222982C016MJUM0,110.0,2026-06,2026-06-06,6
TBR,295/90R20JDCXD,1121129A20152JCXD0,70.0,2026-06,2026-06-06,6
TBR,315/80R22.5JUL4,115223182C018LUL40,16.0,2026-06,2026-06-06,6
TBR,385/65R22.5JTL,115223852C024KJTL0,78.0,2026-06,2026-06-06,6
TBR,385/65R22.5JUH6,115223852C020KUH60,60.0,2026-06,2026-06-06,6
TBR,8.25R20JDE++,1121182020016KDEP0,196.0,2026-06,2026-06-06,6
TBR,8.25R20JUH5,1122182020016KUH50,126.0,2026-06,2026-06-06,6
TBR,9.00 R 20 JDE++,1121190020016KDEP0,80.0,2026-06,2026-06-06,6
TBR,GT 5014 - 10.00R20 CUX,1152110020016KCUXC,40.0,2026-06,2026-06-06,6
TBR,GT 5075 - 295/90R20 JUH XF,1122129A20152JULF0,92.0,2026-06,2026-06-06,6
TBR,GT 5076 - 295/90R20 JDE XF,1121129A20152JDLF0,142.0,2026-06,2026-06-06,6
TBR,GT 5078 - 295/80R22.5 JUX E,112222982C016JUXE0,172.0,2026-06,2026-06-06,6
TBR,GT 5083 - 295/80R22.5 JUM XM,112222982C016MJXM0,224.0,2026-06,2026-06-06,6
TBR,GT 5088 - 315/60R22.5 JDL3,115123142C020LDL30,14.0,2026-06,2026-06-06,6
TBR,GT 5095 - 11.00R20 JUC3,1123111020016KJC30,10.0,2026-06,2026-06-06,6
TBR,GT 5096 - 11.00R20 JDC XD,1121111020016KCXD0,207.0,2026-06,2026-06-06,6
TBR,GT 5111 - 11R22.5 JDC,115121102C016LJDC0,28.0,2026-06,2026-06-06,6
TBR,10.00 R 20 JDE,1121129A20000JDEP0,46.0,2026-06,2026-06-07,7
TBR,10.00 R 20 JUH3+,1122110020016KH3P0,191.0,2026-06,2026-06-07,7
TBR,10.00 R 20 JUH5,1122110020016KUH50,340.0,2026-06,2026-06-07,7
TBR,10.00R 20 JW302,1123129A20152JUCM0,46.0,2026-06,2026-06-07,7
TBR,11.00R20 JUH3,1152111020016KVH30,24.0,2026-06,2026-06-07,7
TBR,11.00R20 JUH5,1122111020016KUH50,182.0,2026-06,2026-06-07,7
TBR,11.00R20JDE++,1121111020016KDEP0,169.0,2026-06,2026-06-07,7
TBR,11R22.5JDH,115121102C016LJDH0,30.0,2026-06,2026-06-07,7
TBR,11R22.5JTH1,115221102C016LTH10,34.0,2026-06,2026-06-07,7
TBR,275/70R22.5JTH1,115222762C016LTH10,40.0,2026-06,2026-06-07,7
TBR,295/80R22.5JDC3,115122982C016KDC30,40.0,2026-06,2026-06-07,7
TBR,295/80R22.5JUL1,112222982C016MJUM0,132.0,2026-06,2026-06-07,7
TBR,295/90R20JDCXD,1121129A20152JCXD0,134.0,2026-06,2026-06-07,7
TBR,315/80R22.5JUL4,115223182C018LUL40,6.0,2026-06,2026-06-07,7
TBR,385/65R22.5JTL,115223852C024KJTL0,34.0,2026-06,2026-06-07,7
TBR,385/65R22.5JUH6,115223852C020KUH60,113.0,2026-06,2026-06-07,7
TBR,8.25R20JDE++,1121182020016KDEP0,114.0,2026-06,2026-06-07,7
TBR,8.25R20JUH5,1122182020016KUH50,122.0,2026-06,2026-06-07,7
TBR,9.00 R 20 JDE++,1121190020016KDEP0,62.0,2026-06,2026-06-07,7
TBR,GT 5014 - 10.00R20 CUX,1152110020016KCUXC,39.0,2026-06,2026-06-07,7
TBR,GT 5075 - 295/90R20 JUH XF,1122129A20152JULF0,128.0,2026-06,2026-06-07,7
TBR,GT 5076 - 295/90R20 JDE XF,1121129A20152JDLF0,137.0,2026-06,2026-06-07,7
TBR,GT 5078 - 295/80R22.5 JUX E,112222982C016JUXE0,118.0,2026-06,2026-06-07,7
TBR,GT 5083 - 295/80R22.5 JUM XM,112222982C016MJXM0,255.0,2026-06,2026-06-07,7
TBR,GT 5088 - 315/60R22.5 JDL3,115123142C020LDL30,48.0,2026-06,2026-06-07,7
TBR,GT 5095 - 11.00R20 JUC3,1123111020016KJC30,94.0,2026-06,2026-06-07,7
TBR,GT 5096 - 11.00R20 JDC XD,1121111020016KCXD0,218.0,2026-06,2026-06-07,7
TBR,GT 5111 - 11R22.5 JDC,115121102C016LJDC0,36.0,2026-06,2026-06-07,7
TBR,10.00 R 20 JDE,1121129A20000JDEP0,28.0,2026-06,2026-06-08,8
TBR,10.00 R 20 JUH3+,1122110020016KH3P0,164.0,2026-06,2026-06-08,8
TBR,10.00 R 20 JUH5,1122110020016KUH50,396.0,2026-06,2026-06-08,8
TBR,10.00R 20 JW302,1123129A20152JUCM0,30.0,2026-06,2026-06-08,8
TBR,11.00R20 JUH3,1152111020016KVH30,44.0,2026-06,2026-06-08,8
TBR,11.00R20 JUH5,1122111020016KUH50,192.0,2026-06,2026-06-08,8
TBR,11.00R20JDE++,1121111020016KDEP0,199.0,2026-06,2026-06-08,8
TBR,11R22.5JDH,115121102C016LJDH0,46.0,2026-06,2026-06-08,8
TBR,11R22.5JTH1,115221102C016LTH10,52.0,2026-06,2026-06-08,8
TBR,275/70R22.5JTH1,115222762C016LTH10,48.0,2026-06,2026-06-08,8
TBR,295/80R22.5JDC3,115122982C016KDC30,42.0,2026-06,2026-06-08,8
TBR,295/80R22.5JUL1,112222982C016MJUM0,103.0,2026-06,2026-06-08,8
TBR,295/90R20JDCXD,1121129A20152JCXD0,124.0,2026-06,2026-06-08,8
TBR,315/80R22.5JUL4,115223182C018LUL40,48.0,2026-06,2026-06-08,8
TBR,385/65R22.5JTL,115223852C024KJTL0,94.0,2026-06,2026-06-08,8
TBR,385/65R22.5JUH6,115223852C020KUH60,73.0,2026-06,2026-06-08,8
TBR,8.25R20JDE++,1121182020016KDEP0,116.0,2026-06,2026-06-08,8
TBR,8.25R20JUH5,1122182020016KUH50,150.0,2026-06,2026-06-08,8
TBR,9.00 R 20 JDE++,1121190020016KDEP0,86.0,2026-06,2026-06-08,8
TBR,GT 5075 - 295/90R20 JUH XF,1122129A20152JULF0,136.0,2026-06,2026-06-08,8
TBR,GT 5076 - 295/90R20 JDE XF,1121129A20152JDLF0,228.0,2026-06,2026-06-08,8
TBR,GT 5078 - 295/80R22.5 JUX E,112222982C016JUXE0,70.0,2026-06,2026-06-08,8
TBR,GT 5083 - 295/80R22.5 JUM XM,112222982C016MJXM0,182.0,2026-06,2026-06-08,8
TBR,GT 5088 - 315/60R22.5 JDL3,115123142C020LDL30,32.0,2026-06,2026-06-08,8
TBR,GT 5095 - 11.00R20 JUC3,1123111020016KJC30,66.0,2026-06,2026-06-08,8
TBR,GT 5096 - 11.00R20 JDC XD,1121111020016KCXD0,218.0,2026-06,2026-06-08,8
TBR,GT 5102 - 295/80R22.5 JDL XM DOM,112122982C016MJXM0,22.0,2026-06,2026-06-08,8
TBR,GT 5111 - 11R22.5 JDC,115121102C016LJDC0,6.0,2026-06,2026-06-08,8
TBR,10.00 R 20 JDE,1121129A20000JDEP0,4.0,2026-06,2026-06-09,9
TBR,10.00 R 20 JUH3+,1122110020016KH3P0,176.0,2026-06,2026-06-09,9
TBR,10.00 R 20 JUH5,1122110020016KUH50,384.0,2026-06,2026-06-09,9
TBR,10.00R 20 JW302,1123129A20152JUCM0,3.0,2026-06,2026-06-09,9
TBR,11.00R20 JUH3,1152111020016KVH30,28.0,2026-06,2026-06-09,9
TBR,11.00R20 JUH5,1122111020016KUH50,162.0,2026-06,2026-06-09,9
TBR,11.00R20JDE++,1121111020016KDEP0,190.0,2026-06,2026-06-09,9
TBR,11R22.5JDH,115121102C016LJDH0,42.0,2026-06,2026-06-09,9
TBR,11R22.5JTH1,115221102C016LTH10,1.0,2026-06,2026-06-09,9
TBR,11R22.5JTHSD,115221102C016LJTS0,46.0,2026-06,2026-06-09,9
TBR,275/70R22.5JTH1,115222762C016LTH10,92.0,2026-06,2026-06-09,9
TBR,295/80R22.5JDC3,115122982C016KDC30,30.0,2026-06,2026-06-09,9
TBR,295/80R22.5JUL1,112222982C016MJUM0,126.0,2026-06,2026-06-09,9
TBR,295/90R20JDCXD,1121129A20152JCXD0,138.0,2026-06,2026-06-09,9
TBR,315/80R22.5JUL4,115223182C018LUL40,46.0,2026-06,2026-06-09,9
TBR,385/65R22.5JTL,115223852C024KJTL0,82.0,2026-06,2026-06-09,9
TBR,385/65R22.5JUH6,115223852C020KUH60,144.0,2026-06,2026-06-09,9
TBR,8.25R20JDE++,1121182020016KDEP0,196.0,2026-06,2026-06-09,9
TBR,8.25R20JUH5,1122182020016KUH50,112.0,2026-06,2026-06-09,9
TBR,9.00 R 20 JDE++,1121190020016KDEP0,88.0,2026-06,2026-06-09,9
TBR,GT 5075 - 295/90R20 JUH XF,1122129A20152JULF0,90.0,2026-06,2026-06-09,9
TBR,GT 5076 - 295/90R20 JDE XF,1121129A20152JDLF0,74.0,2026-06,2026-06-09,9
TBR,GT 5078 - 295/80R22.5 JUX E,112222982C016JUXE0,138.0,2026-06,2026-06-09,9
TBR,GT 5083 - 295/80R22.5 JUM XM,112222982C016MJXM0,157.0,2026-06,2026-06-09,9
TBR,GT 5088 - 315/60R22.5 JDL3,115123142C020LDL30,4.0,2026-06,2026-06-09,9
TBR,GT 5095 - 11.00R20 JUC3,1123111020016KJC30,86.0,2026-06,2026-06-09,9
TBR,GT 5096 - 11.00R20 JDC XD,1121111020016KCXD0,210.0,2026-06,2026-06-09,9
TBR,GT 5102 - 295/80R22.5 JDL XM DOM,112122982C016MJXM0,68.0,2026-06,2026-06-09,9
TBR,10.00 R 20 JUH3+,1122110020016KH3P0,162.0,2026-06,2026-06-10,10
TBR,10.00 R 20 JUH5,1122110020016KUH50,354.0,2026-06,2026-06-10,10
TBR,11.00R20 JUH3,1152111020016KVH30,40.0,2026-06,2026-06-10,10
TBR,11.00R20 JUH5,1122111020016KUH50,136.0,2026-06,2026-06-10,10
TBR,11.00R20JDE++,1121111020016KDEP0,144.0,2026-06,2026-06-10,10
TBR,11R22.5JDH,115121102C016LJDH0,30.0,2026-06,2026-06-10,10
TBR,11R22.5JTHSD,115221102C016LJTS0,88.0,2026-06,2026-06-10,10
TBR,275/70R22.5JTH1,115222762C016LTH10,1.0,2026-06,2026-06-10,10
TBR,295/80R22.5JDC3,115122982C016KDC30,42.0,2026-06,2026-06-10,10
TBR,295/80R22.5JUL1,112222982C016MJUM0,98.0,2026-06,2026-06-10,10
TBR,295/90R20JDCXD,1121129A20152JCXD0,132.0,2026-06,2026-06-10,10
TBR,315/80R22.5JUL3,115223182C018MUL30,16.0,2026-06,2026-06-10,10
TBR,315/80R22.5JUL4,115223182C018LUL40,38.0,2026-06,2026-06-10,10
TBR,385/65R22.5JTL,115223852C024KJTL0,50.0,2026-06,2026-06-10,10
TBR,385/65R22.5JUH6,115223852C020KUH60,78.0,2026-06,2026-06-10,10
TBR,8.25R20JDE++,1121182020016KDEP0,164.0,2026-06,2026-06-10,10
TBR,8.25R20JUH5,1122182020016KUH50,70.0,2026-06,2026-06-10,10
TBR,9.00 R 20 JDE++,1121190020016KDEP0,84.0,2026-06,2026-06-10,10
TBR,GT 5075 - 295/90R20 JUH XF,1122129A20152JULF0,126.0,2026-06,2026-06-10,10
TBR,GT 5076 - 295/90R20 JDE XF,1121129A20152JDLF0,202.0,2026-06,2026-06-10,10
TBR,GT 5078 - 295/80R22.5 JUX E,112222982C016JUXE0,130.0,2026-06,2026-06-10,10
TBR,GT 5083 - 295/80R22.5 JUM XM,112222982C016MJXM0,278.0,2026-06,2026-06-10,10
TBR,GT 5095 - 11.00R20 JUC3,1123111020016KJC30,84.0,2026-06,2026-06-10,10
TBR,GT 5096 - 11.00R20 JDC XD,1121111020016KCXD0,220.0,2026-06,2026-06-10,10
TBR,GT 5102 - 295/80R22.5 JDL XM DOM,112122982C016MJXM0,74.0,2026-06,2026-06-10,10
TBR,10.00 R 20 JDE,1121129A20000JDEP0,44.0,2026-06,2026-06-11,11
TBR,10.00 R 20 JUH3+,1122110020016KH3P0,170.0,2026-06,2026-06-11,11
TBR,10.00 R 20 JUH5,1122110020016KUH50,342.0,2026-06,2026-06-11,11
TBR,11.00R20 JUH3,1152111020016KVH30,40.0,2026-06,2026-06-11,11
TBR,11.00R20 JUH5,1122111020016KUH50,172.0,2026-06,2026-06-11,11
TBR,11.00R20JDE++,1121111020016KDEP0,210.0,2026-06,2026-06-11,11
TBR,11R22.5JDH,115121102C016LJDH0,35.0,2026-06,2026-06-11,11
TBR,11R22.5JTHSD,115221102C016LJTS0,114.0,2026-06,2026-06-11,11
TBR,295/80R22.5JDC3,115122982C016KDC30,26.0,2026-06,2026-06-11,11
TBR,295/80R22.5JDL,112122982C016MJDL0,8.0,2026-06,2026-06-11,11
TBR,295/80R22.5JUL1,112222982C016MJUM0,116.0,2026-06,2026-06-11,11
TBR,295/90R20JDCXD,1121129A20152JCXD0,90.0,2026-06,2026-06-11,11
TBR,315/80R22.5JUL3,115223182C018MUL30,55.0,2026-06,2026-06-11,11
TBR,315/80R22.5JUL4,115223182C018LUL40,48.0,2026-06,2026-06-11,11
TBR,385/65R22.5JTL,115223852C024KJTL0,58.0,2026-06,2026-06-11,11
TBR,385/65R22.5JUH6,115223852C020KUH60,94.0,2026-06,2026-06-11,11
TBR,8.25R20JDE++,1121182020016KDEP0,111.0,2026-06,2026-06-11,11
TBR,8.25R20JUH5,1122182020016KUH50,158.0,2026-06,2026-06-11,11
TBR,9.00 R 20 JDE++,1121190020016KDEP0,7.0,2026-06,2026-06-11,11
TBR,GT 5075 - 295/90R20 JUH XF,1122129A20152JULF0,168.0,2026-06,2026-06-11,11
TBR,GT 5076 - 295/90R20 JDE XF,1121129A20152JDLF0,222.0,2026-06,2026-06-11,11
TBR,GT 5078 - 295/80R22.5 JUX E,112222982C016JUXE0,100.0,2026-06,2026-06-11,11
TBR,GT 5083 - 295/80R22.5 JUM XM,112222982C016MJXM0,234.0,2026-06,2026-06-11,11
TBR,GT 5095 - 11.00R20 JUC3,1123111020016KJC30,40.0,2026-06,2026-06-11,11
TBR,GT 5096 - 11.00R20 JDC XD,1121111020016KCXD0,230.0,2026-06,2026-06-11,11
TBR,GT 5102 - 295/80R22.5 JDL XM DOM,112122982C016MJXM0,40.0,2026-06,2026-06-11,11
TBR,10.00 R 20 JDE,1121129A20000JDEP0,38.0,2026-06,2026-06-12,12
TBR,10.00 R 20 JUH3+,1122110020016KH3P0,126.0,2026-06,2026-06-12,12
TBR,10.00 R 20 JUH5,1122110020016KUH50,294.0,2026-06,2026-06-12,12
TBR,11.00R20 JUH3,1152111020016KVH30,36.0,2026-06,2026-06-12,12
TBR,11.00R20 JUH5,1122111020016KUH50,138.0,2026-06,2026-06-12,12
TBR,11.00R20JDE++,1121111020016KDEP0,225.0,2026-06,2026-06-12,12
TBR,11R22.5JTHSD,115221102C016LJTS0,92.0,2026-06,2026-06-12,12
TBR,295/80R22.5JDC3,115122982C016KDC30,24.0,2026-06,2026-06-12,12
TBR,295/80R22.5JDL,112122982C016MJDL0,36.0,2026-06,2026-06-12,12
TBR,295/80R22.5JUL1,112222982C016MJUM0,140.0,2026-06,2026-06-12,12
TBR,295/90R20JDCXD,1121129A20152JCXD0,139.0,2026-06,2026-06-12,12
TBR,315/80R22.5JUL3,115223182C018MUL30,91.0,2026-06,2026-06-12,12
TBR,315/80R22.5JUL4,115223182C018LUL40,14.0,2026-06,2026-06-12,12
TBR,385/65R22.5JTL,115223852C024KJTL0,44.0,2026-06,2026-06-12,12
TBR,385/65R22.5JUH6,115223852C020KUH60,52.0,2026-06,2026-06-12,12
TBR,8.25R20JDE++,1121182020016KDEP0,102.0,2026-06,2026-06-12,12
TBR,8.25R20JUH5,1122182020016KUH50,126.0,2026-06,2026-06-12,12
TBR,9.00 R 20 JDE++,1121190020016KDEP0,37.0,2026-06,2026-06-12,12
TBR,9.00 R 20 JUH5,1122190020016KUH50,38.0,2026-06,2026-06-12,12
TBR,GT 5075 - 295/90R20 JUH XF,1122129A20152JULF0,166.0,2026-06,2026-06-12,12
TBR,GT 5076 - 295/90R20 JDE XF,1121129A20152JDLF0,194.0,2026-06,2026-06-12,12
TBR,GT 5078 - 295/80R22.5 JUX E,112222982C016JUXE0,48.0,2026-06,2026-06-12,12
TBR,GT 5083 - 295/80R22.5 JUM XM,112222982C016MJXM0,286.0,2026-06,2026-06-12,12
TBR,GT 5095 - 11.00R20 JUC3,1123111020016KJC30,89.0,2026-06,2026-06-12,12
TBR,GT 5096 - 11.00R20 JDC XD,1121111020016KCXD0,200.0,2026-06,2026-06-12,12
TBR,GT 5102 - 295/80R22.5 JDL XM DOM,112122982C016MJXM0,90.0,2026-06,2026-06-12,12
TBR,10.00 R 20 JDE,1121129A20000JDEP0,50.0,2026-06,2026-06-13,13
TBR,10.00 R 20 JUH3+,1122110020016KH3P0,188.0,2026-06,2026-06-13,13
TBR,10.00 R 20 JUH5,1122110020016KUH50,370.0,2026-06,2026-06-13,13
TBR,11.00R20 JUH3,1152111020016KVH30,18.0,2026-06,2026-06-13,13
TBR,11.00R20 JUH5,1122111020016KUH50,162.0,2026-06,2026-06-13,13
TBR,11.00R20JDE++,1121111020016KDEP0,180.0,2026-06,2026-06-13,13
TBR,11R22.5 JDH5+,115121102C016LH5P0,36.0,2026-06,2026-06-13,13
TBR,11R22.5JTHSD,115221102C016LJTS0,26.0,2026-06,2026-06-13,13
TBR,295/80R22.5JDC3,115122982C016KDC30,34.0,2026-06,2026-06-13,13
TBR,295/80R22.5JDL,112122982C016MJDL0,70.0,2026-06,2026-06-13,13
TBR,295/80R22.5JUL1,112222982C016MJUM0,120.0,2026-06,2026-06-13,13
TBR,295/90R20JDCXD,1121129A20152JCXD0,106.0,2026-06,2026-06-13,13
TBR,315/80R22.5JDL3,115123182C018LDL30,10.0,2026-06,2026-06-13,13
TBR,315/80R22.5JUL3,115223182C018MUL30,82.0,2026-06,2026-06-13,13
TBR,315/80R22.5JUL4,115223182C018LUL40,32.0,2026-06,2026-06-13,13
TBR,385/65R22.5JTL,115223852C024KJTL0,41.0,2026-06,2026-06-13,13
TBR,385/65R22.5JUH6,115223852C020KUH60,56.0,2026-06,2026-06-13,13
TBR,8.25R20JDE++,1121182020016KDEP0,106.0,2026-06,2026-06-13,13
TBR,8.25R20JUH5,1122182020016KUH50,140.0,2026-06,2026-06-13,13
TBR,9.00 R 20 JDE++,1121190020016KDEP0,74.0,2026-06,2026-06-13,13
TBR,9.00 R 20 JUH5,1122190020016KUH50,62.0,2026-06,2026-06-13,13
TBR,GT 5075 - 295/90R20 JUH XF,1122129A20152JULF0,142.0,2026-06,2026-06-13,13
TBR,GT 5076 - 295/90R20 JDE XF,1121129A20152JDLF0,152.0,2026-06,2026-06-13,13
TBR,GT 5078 - 295/80R22.5 JUX E,112222982C016JUXE0,14.0,2026-06,2026-06-13,13
TBR,GT 5083 - 295/80R22.5 JUM XM,112222982C016MJXM0,265.0,2026-06,2026-06-13,13
TBR,GT 5095 - 11.00R20 JUC3,1123111020016KJC30,88.0,2026-06,2026-06-13,13
TBR,GT 5096 - 11.00R20 JDC XD,1121111020016KCXD0,200.0,2026-06,2026-06-13,13
TBR,GT 5102 - 295/80R22.5 JDL XM DOM,112122982C016MJXM0,80.0,2026-06,2026-06-13,13
TBR,GT 5103 - 295/80R22.5 JUM XM OEM,112222982C152MJXM0,6.0,2026-06,2026-06-13,13
TBR,10.00 R 20 JDE,1121129A20000JDEP0,10.0,2026-06,2026-06-14,14
TBR,10.00 R 20 JUH3+,1122110020016KH3P0,150.0,2026-06,2026-06-14,14
TBR,10.00 R 20 JUH5,1122110020016KUH50,411.0,2026-06,2026-06-14,14
TBR,11.00R20 JUH3,1152111020016KVH30,46.0,2026-06,2026-06-14,14
TBR,11.00R20 JUH5,1122111020016KUH50,160.0,2026-06,2026-06-14,14
TBR,11.00R20JDE++,1121111020016KDEP0,218.0,2026-06,2026-06-14,14
TBR,11R22.5 JDH5+,115121102C016LH5P0,38.0,2026-06,2026-06-14,14
TBR,11R22.5JTHSD,115221102C016LJTS0,110.0,2026-06,2026-06-14,14
TBR,295/80R22.5JDC3,115122982C016KDC30,34.0,2026-06,2026-06-14,14
TBR,295/80R22.5JDL,112122982C016MJDL0,70.0,2026-06,2026-06-14,14
TBR,295/80R22.5JUL1,112222982C016MJUM0,88.0,2026-06,2026-06-14,14
TBR,295/90R20JDCXD,1121129A20152JCXD0,88.0,2026-06,2026-06-14,14
TBR,315/80R22.5JDL3,115123182C018LDL30,40.0,2026-06,2026-06-14,14
TBR,315/80R22.5JUL3,115223182C018MUL30,88.0,2026-06,2026-06-14,14
TBR,315/80R22.5JUL4,115223182C018LUL40,76.0,2026-06,2026-06-14,14
TBR,385/65R22.5JUH6,115223852C020KUH60,22.0,2026-06,2026-06-14,14
TBR,8.25R20JDE++,1121182020016KDEP0,102.0,2026-06,2026-06-14,14
TBR,8.25R20JUH5,1122182020016KUH50,146.0,2026-06,2026-06-14,14
TBR,9.00 R 20 JDE++,1121190020016KDEP0,40.0,2026-06,2026-06-14,14
TBR,9.00 R 20 JUH5,1122190020016KUH50,68.0,2026-06,2026-06-14,14
TBR,GT 5075 - 295/90R20 JUH XF,1122129A20152JULF0,33.0,2026-06,2026-06-14,14
TBR,GT 5076 - 295/90R20 JDE XF,1121129A20152JDLF0,142.0,2026-06,2026-06-14,14
TBR,GT 5078 - 295/80R22.5 JUX E,112222982C016JUXE0,32.0,2026-06,2026-06-14,14
TBR,GT 5083 - 295/80R22.5 JUM XM,112222982C016MJXM0,106.0,2026-06,2026-06-14,14
TBR,GT 5095 - 11.00R20 JUC3,1123111020016KJC30,79.0,2026-06,2026-06-14,14
TBR,GT 5096 - 11.00R20 JDC XD,1121111020016KCXD0,169.0,2026-06,2026-06-14,14
TBR,GT 5102 - 295/80R22.5 JDL XM DOM,112122982C016MJXM0,28.0,2026-06,2026-06-14,14
TBR,GT 5103 - 295/80R22.5 JUM XM OEM,112222982C152MJXM0,48.0,2026-06,2026-06-14,14
TBR,10.00 R 20 JDE,1121129A20000JDEP0,38.0,2026-06,2026-06-15,15
TBR,10.00 R 20 JUH3+,1122110020016KH3P0,180.0,2026-06,2026-06-15,15
TBR,10.00 R 20 JUH5,1122110020016KUH50,344.0,2026-06,2026-06-15,15
TBR,10.00R 20 JW302,1123129A20152JUCM0,1.0,2026-06,2026-06-15,15
TBR,11.00R20 JUH3,1152111020016KVH30,44.0,2026-06,2026-06-15,15
TBR,11.00R20 JUH5,1122111020016KUH50,188.0,2026-06,2026-06-15,15
TBR,11.00R20JDE++,1121111020016KDEP0,172.0,2026-06,2026-06-15,15
TBR,11R22.5 JDH5+,115121102C016LH5P0,1.0,2026-06,2026-06-15,15
TBR,11R22.5JTHSD,115221102C016LJTS0,96.0,2026-06,2026-06-15,15
TBR,295/80R22.5JDC3,115122982C016KDC30,34.0,2026-06,2026-06-15,15
TBR,295/80R22.5JDL,112122982C016MJDL0,58.0,2026-06,2026-06-15,15
TBR,295/80R22.5JUL1,112222982C016MJUM0,82.0,2026-06,2026-06-15,15
TBR,295/90R20JDCXD,1121129A20152JCXD0,76.0,2026-06,2026-06-15,15
TBR,315/80R22.5JDL3,115123182C018LDL30,64.0,2026-06,2026-06-15,15
TBR,315/80R22.5JUL3,115223182C018MUL30,96.0,2026-06,2026-06-15,15
TBR,315/80R22.5JUL4,115223182C018LUL40,60.0,2026-06,2026-06-15,15
TBR,385/65R22.5JUH6,115223852C020KUH60,22.0,2026-06,2026-06-15,15
TBR,8.25R20JDE++,1121182020016KDEP0,78.0,2026-06,2026-06-15,15
TBR,8.25R20JUH5,1122182020016KUH50,84.0,2026-06,2026-06-15,15
TBR,9.00 R 20 JDE++,1121190020016KDEP0,94.0,2026-06,2026-06-15,15
TBR,9.00 R 20 JUH5,1122190020016KUH50,94.0,2026-06,2026-06-15,15
TBR,GT 5075 - 295/90R20 JUH XF,1122129A20152JULF0,108.0,2026-06,2026-06-15,15
TBR,GT 5076 - 295/90R20 JDE XF,1121129A20152JDLF0,63.0,2026-06,2026-06-15,15
TBR,GT 5078 - 295/80R22.5 JUX E,112222982C016JUXE0,38.0,2026-06,2026-06-15,15
TBR,GT 5083 - 295/80R22.5 JUM XM,112222982C016MJXM0,183.0,2026-06,2026-06-15,15
TBR,GT 5095 - 11.00R20 JUC3,1123111020016KJC30,84.0,2026-06,2026-06-15,15
TBR,GT 5096 - 11.00R20 JDC XD,1121111020016KCXD0,196.0,2026-06,2026-06-15,15
TBR,GT 5102 - 295/80R22.5 JDL XM DOM,112122982C016MJXM0,40.0,2026-06,2026-06-15,15
TBR,GT 5103 - 295/80R22.5 JUM XM OEM,112222982C152MJXM0,64.0,2026-06,2026-06-15,15
TBR,GT 5114 - 315/80R22.5 JDC XD,115123182C020KCXD0,32.0,2026-06,2026-06-15,15
TBR,10.00 R 20 JDE,1121129A20000JDEP0,36.0,2026-06,2026-06-16,16
TBR,10.00 R 20 JUH3+,1122110020016KH3P0,176.0,2026-06,2026-06-16,16
TBR,10.00 R 20 JUH5,1122110020016KUH50,417.0,2026-06,2026-06-16,16
TBR,11.00R20 JUH3,1152111020016KVH30,48.0,2026-06,2026-06-16,16
TBR,11.00R20 JUH5,1122111020016KUH50,194.0,2026-06,2026-06-16,16
TBR,11.00R20JDE++,1121111020016KDEP0,92.0,2026-06,2026-06-16,16
TBR,11R22.5 JDH5+,115121102C016LH5P0,36.0,2026-06,2026-06-16,16
TBR,11R22.5JTHSD,115221102C016LJTS0,78.0,2026-06,2026-06-16,16
TBR,295/80R22.5JDL,112122982C016MJDL0,96.0,2026-06,2026-06-16,16
TBR,295/80R22.5JUL1,112222982C016MJUM0,104.0,2026-06,2026-06-16,16
TBR,295/90R20JDCXD,1121129A20152JCXD0,140.0,2026-06,2026-06-16,16
TBR,315/80R22.5JDL3,115123182C018LDL30,84.0,2026-06,2026-06-16,16
TBR,315/80R22.5JUL3,115223182C018MUL30,46.0,2026-06,2026-06-16,16
TBR,315/80R22.5JUL4,115223182C018LUL40,60.0,2026-06,2026-06-16,16
TBR,385/65R22.5JUH6,115223852C020KUH60,38.0,2026-06,2026-06-16,16
TBR,8.25R20JDE++,1121182020016KDEP0,59.0,2026-06,2026-06-16,16
TBR,8.25R20JUH5,1122182020016KUH50,152.0,2026-06,2026-06-16,16
TBR,9.00 R 20 JDE++,1121190020016KDEP0,64.0,2026-06,2026-06-16,16
TBR,9.00 R 20 JUH5,1122190020016KUH50,102.0,2026-06,2026-06-16,16
TBR,GT 5075 - 295/90R20 JUH XF,1122129A20152JULF0,138.0,2026-06,2026-06-16,16
TBR,GT 5076 - 295/90R20 JDE XF,1121129A20152JDLF0,141.0,2026-06,2026-06-16,16
TBR,GT 5078 - 295/80R22.5 JUX E,112222982C016JUXE0,44.0,2026-06,2026-06-16,16
TBR,GT 5083 - 295/80R22.5 JUM XM,112222982C016MJXM0,121.0,2026-06,2026-06-16,16
TBR,GT 5095 - 11.00R20 JUC3,1123111020016KJC30,85.0,2026-06,2026-06-16,16
TBR,GT 5096 - 11.00R20 JDC XD,1121111020016KCXD0,205.0,2026-06,2026-06-16,16
TBR,GT 5102 - 295/80R22.5 JDL XM DOM,112122982C016MJXM0,78.0,2026-06,2026-06-16,16
TBR,GT 5103 - 295/80R22.5 JUM XM OEM,112222982C152MJXM0,92.0,2026-06,2026-06-16,16
TBR,GT 5114 - 315/80R22.5 JDC XD,115123182C020KCXD0,40.0,2026-06,2026-06-16,16
TBR,10.00 R 20 JDE,1121129A20000JDEP0,48.0,2026-06,2026-06-17,17
TBR,10.00 R 20 JUH3+,1122110020016KH3P0,197.0,2026-06,2026-06-17,17
TBR,10.00 R 20 JUH5,1122110020016KUH50,340.0,2026-06,2026-06-17,17
TBR,10.00R 20 JW302,1123129A20152JUCM0,48.0,2026-06,2026-06-17,17
TBR,11.00R20 JUH3,1152111020016KVH30,42.0,2026-06,2026-06-17,17
TBR,11.00R20 JUH5,1122111020016KUH50,161.0,2026-06,2026-06-17,17
TBR,11.00R20JDE++,1121111020016KDEP0,162.0,2026-06,2026-06-17,17
TBR,11R22.5 JDH5+,115121102C016LH5P0,34.0,2026-06,2026-06-17,17
TBR,11R22.5 JUL2+,115221102C016LL2P0,10.0,2026-06,2026-06-17,17
TBR,11R22.5JTHSD,115221102C016LJTS0,112.0,2026-06,2026-06-17,17
TBR,295/80R22.5JDL,112122982C016MJDL0,64.0,2026-06,2026-06-17,17
TBR,295/80R22.5JUL1,112222982C016MJUM0,134.0,2026-06,2026-06-17,17
TBR,295/90R20JDCXD,1121129A20152JCXD0,126.0,2026-06,2026-06-17,17
TBR,315/80R22.5JDL3,115123182C018LDL30,66.0,2026-06,2026-06-17,17
TBR,315/80R22.5JUL3,115223182C018MUL30,82.0,2026-06,2026-06-17,17
TBR,385/65R22.5JUH6,115223852C020KUH60,40.0,2026-06,2026-06-17,17
TBR,8.25R20JDE++,1121182020016KDEP0,84.0,2026-06,2026-06-17,17
TBR,8.25R20JUH5,1122182020016KUH50,130.0,2026-06,2026-06-17,17
TBR,9.00 R 20 JDE++,1121190020016KDEP0,94.0,2026-06,2026-06-17,17
TBR,9.00 R 20 JUH5,1122190020016KUH50,96.0,2026-06,2026-06-17,17
TBR,GT 5075 - 295/90R20 JUH XF,1122129A20152JULF0,112.0,2026-06,2026-06-17,17
TBR,GT 5076 - 295/90R20 JDE XF,1121129A20152JDLF0,176.0,2026-06,2026-06-17,17
TBR,GT 5078 - 295/80R22.5 JUX E,112222982C016JUXE0,42.0,2026-06,2026-06-17,17
TBR,GT 5079 - 255/70R22.5 JUX E,112222562C016MUXE0,18.0,2026-06,2026-06-17,17
TBR,GT 5083 - 295/80R22.5 JUM XM,112222982C016MJXM0,142.0,2026-06,2026-06-17,17
TBR,GT 5095 - 11.00R20 JUC3,1123111020016KJC30,88.0,2026-06,2026-06-17,17
TBR,GT 5096 - 11.00R20 JDC XD,1121111020016KCXD0,196.0,2026-06,2026-06-17,17
TBR,GT 5102 - 295/80R22.5 JDL XM DOM,112122982C016MJXM0,72.0,2026-06,2026-06-17,17
TBR,GT 5103 - 295/80R22.5 JUM XM OEM,112222982C152MJXM0,74.0,2026-06,2026-06-17,17
TBR,GT 5114 - 315/80R22.5 JDC XD,115123182C020KCXD0,40.0,2026-06,2026-06-17,17
TBR,10.00 R 20 JDE,1121129A20000JDEP0,48.0,2026-06,2026-06-18,18
TBR,10.00 R 20 JUH3+,1122110020016KH3P0,167.0,2026-06,2026-06-18,18
TBR,10.00 R 20 JUH5,1122110020016KUH50,348.0,2026-06,2026-06-18,18
TBR,10.00R 20 JW302,1123129A20152JUCM0,36.0,2026-06,2026-06-18,18
TBR,11.00R20 JUH3,1152111020016KVH30,14.0,2026-06,2026-06-18,18
TBR,11.00R20 JUH5,1122111020016KUH50,143.0,2026-06,2026-06-18,18
TBR,11.00R20JDE++,1121111020016KDEP0,160.0,2026-06,2026-06-18,18
TBR,11R22.5 JDH5+,115121102C016LH5P0,48.0,2026-06,2026-06-18,18
TBR,11R22.5 JUL2+,115221102C016LL2P0,48.0,2026-06,2026-06-18,18
TBR,11R22.5JTHSD,115221102C016LJTS0,78.0,2026-06,2026-06-18,18
TBR,295/80R22.5JDL,112122982C016MJDL0,72.0,2026-06,2026-06-18,18
TBR,295/80R22.5JUL1,112222982C016MJUM0,136.0,2026-06,2026-06-18,18
TBR,295/90R20JDCXD,1121129A20152JCXD0,130.0,2026-06,2026-06-18,18
TBR,315/80R22.5JDL3,115123182C018LDL30,26.0,2026-06,2026-06-18,18
TBR,315/80R22.5JUL3,115223182C018MUL30,78.0,2026-06,2026-06-18,18
TBR,385/65R22.5JUH6,115223852C020KUH60,42.0,2026-06,2026-06-18,18
TBR,8.25R20JDE++,1121182020016KDEP0,84.0,2026-06,2026-06-18,18
TBR,8.25R20JUH5,1122182020016KUH50,140.0,2026-06,2026-06-18,18
TBR,9.00 R 20 JDE++,1121190020016KDEP0,88.0,2026-06,2026-06-18,18
TBR,9.00 R 20 JUH5,1122190020016KUH50,88.0,2026-06,2026-06-18,18
TBR,GT 5075 - 295/90R20 JUH XF,1122129A20152JULF0,116.0,2026-06,2026-06-18,18
TBR,GT 5076 - 295/90R20 JDE XF,1121129A20152JDLF0,136.0,2026-06,2026-06-18,18
TBR,GT 5078 - 295/80R22.5 JUX E,112222982C016JUXE0,30.0,2026-06,2026-06-18,18
TBR,GT 5079 - 255/70R22.5 JUX E,112222562C016MUXE0,73.0,2026-06,2026-06-18,18
TBR,GT 5083 - 295/80R22.5 JUM XM,112222982C016MJXM0,132.0,2026-06,2026-06-18,18
TBR,GT 5095 - 11.00R20 JUC3,1123111020016KJC30,88.0,2026-06,2026-06-18,18
TBR,GT 5096 - 11.00R20 JDC XD,1121111020016KCXD0,150.0,2026-06,2026-06-18,18
TBR,GT 5102 - 295/80R22.5 JDL XM DOM,112122982C016MJXM0,84.0,2026-06,2026-06-18,18
TBR,GT 5103 - 295/80R22.5 JUM XM OEM,112222982C152MJXM0,86.0,2026-06,2026-06-18,18
TBR,GT 5114 - 315/80R22.5 JDC XD,115123182C020KCXD0,30.0,2026-06,2026-06-18,18
TBR,10.00 R 20 JDE,1121129A20000JDEP0,39.0,2026-06,2026-06-19,19
TBR,10.00 R 20 JUH3+,1122110020016KH3P0,208.0,2026-06,2026-06-19,19
TBR,10.00 R 20 JUH5,1122110020016KUH50,374.0,2026-06,2026-06-19,19
TBR,10.00R 20 JW302,1123129A20152JUCM0,46.0,2026-06,2026-06-19,19
TBR,11.00R20 JUH3,1152111020016KVH30,11.0,2026-06,2026-06-19,19
TBR,11.00R20 JUH5,1122111020016KUH50,175.0,2026-06,2026-06-19,19
TBR,11.00R20JDE++,1121111020016KDEP0,214.0,2026-06,2026-06-19,19
TBR,11R22.5 JDH5+,115121102C016LH5P0,34.0,2026-06,2026-06-19,19
TBR,11R22.5 JUL2+,115221102C016LL2P0,38.0,2026-06,2026-06-19,19
TBR,11R22.5JTHSD,115221102C016LJTS0,78.0,2026-06,2026-06-19,19
TBR,295/80R22.5JDL,112122982C016MJDL0,94.0,2026-06,2026-06-19,19
TBR,295/80R22.5JUL1,112222982C016MJUM0,70.0,2026-06,2026-06-19,19
TBR,295/90R20JDCXD,1121129A20152JCXD0,82.0,2026-06,2026-06-19,19
TBR,315/80R22.5JDL3,115123182C018LDL30,46.0,2026-06,2026-06-19,19
TBR,315/80R22.5JUL3,115223182C018MUL30,84.0,2026-06,2026-06-19,19
TBR,385/65R22.5JUH6,115223852C020KUH60,38.0,2026-06,2026-06-19,19
TBR,8.25R20JDE++,1121182020016KDEP0,76.0,2026-06,2026-06-19,19
TBR,8.25R20JUH5,1122182020016KUH50,146.0,2026-06,2026-06-19,19
TBR,9.00 R 20 JDE++,1121190020016KDEP0,82.0,2026-06,2026-06-19,19
TBR,9.00 R 20 JUH5,1122190020016KUH50,96.0,2026-06,2026-06-19,19
TBR,GT 5075 - 295/90R20 JUH XF,1122129A20152JULF0,89.0,2026-06,2026-06-19,19
TBR,GT 5076 - 295/90R20 JDE XF,1121129A20152JDLF0,168.0,2026-06,2026-06-19,19
TBR,GT 5078 - 295/80R22.5 JUX E,112222982C016JUXE0,12.0,2026-06,2026-06-19,19
TBR,GT 5079 - 255/70R22.5 JUX E,112222562C016MUXE0,133.0,2026-06,2026-06-19,19
TBR,GT 5083 - 295/80R22.5 JUM XM,112222982C016MJXM0,16.0,2026-06,2026-06-19,19
TBR,GT 5095 - 11.00R20 JUC3,1123111020016KJC30,63.0,2026-06,2026-06-19,19
TBR,GT 5096 - 11.00R20 JDC XD,1121111020016KCXD0,146.0,2026-06,2026-06-19,19
TBR,GT 5102 - 295/80R22.5 JDL XM DOM,112122982C016MJXM0,78.0,2026-06,2026-06-19,19
TBR,GT 5103 - 295/80R22.5 JUM XM OEM,112222982C152MJXM0,144.0,2026-06,2026-06-19,19
TBR,GT 5114 - 315/80R22.5 JDC XD,115123182C020KCXD0,43.0,2026-06,2026-06-19,19
TBR,10.00 R 20 JDE,1121129A20000JDEP0,50.0,2026-06,2026-06-20,20
TBR,10.00 R 20 JUH3+,1122110020016KH3P0,290.0,2026-06,2026-06-20,20
TBR,10.00 R 20 JUH5,1122110020016KUH50,335.0,2026-06,2026-06-20,20
TBR,10.00R 20 JW302,1123129A20152JUCM0,39.0,2026-06,2026-06-20,20
TBR,11.00R20 JUH3,1152111020016KVH30,46.0,2026-06,2026-06-20,20
TBR,11.00R20 JUH5,1122111020016KUH50,157.0,2026-06,2026-06-20,20
TBR,11.00R20JDE++,1121111020016KDEP0,204.0,2026-06,2026-06-20,20
TBR,11R22.5 JDH5+,115121102C016LH5P0,50.0,2026-06,2026-06-20,20
TBR,11R22.5 JUL2+,115221102C016LL2P0,48.0,2026-06,2026-06-20,20
TBR,11R22.5JTHSD,115221102C016LJTS0,112.0,2026-06,2026-06-20,20
TBR,295/80R22.5JDL,112122982C016MJDL0,90.0,2026-06,2026-06-20,20
TBR,295/80R22.5JUL1,112222982C016MJUM0,142.0,2026-06,2026-06-20,20
TBR,295/90R20JDCXD,1121129A20152JCXD0,139.0,2026-06,2026-06-20,20
TBR,315/80R22.5JDL3,115123182C018LDL30,36.0,2026-06,2026-06-20,20
TBR,315/80R22.5JUL3,115223182C018MUL30,81.0,2026-06,2026-06-20,20
TBR,385/65R22.5JUH6,115223852C020KUH60,46.0,2026-06,2026-06-20,20
TBR,8.25R20JDE++,1121182020016KDEP0,74.0,2026-06,2026-06-20,20
TBR,8.25R20JUH5,1122182020016KUH50,128.0,2026-06,2026-06-20,20
TBR,9.00 R 20 JDE++,1121190020016KDEP0,80.0,2026-06,2026-06-20,20
TBR,9.00 R 20 JUH5,1122190020016KUH50,88.0,2026-06,2026-06-20,20
TBR,GT 5076 - 295/90R20 JDE XF,1121129A20152JDLF0,106.0,2026-06,2026-06-20,20
TBR,GT 5078 - 295/80R22.5 JUX E,112222982C016JUXE0,35.0,2026-06,2026-06-20,20
TBR,GT 5079 - 255/70R22.5 JUX E,112222562C016MUXE0,110.0,2026-06,2026-06-20,20
TBR,GT 5095 - 11.00R20 JUC3,1123111020016KJC30,88.0,2026-06,2026-06-20,20
TBR,GT 5096 - 11.00R20 JDC XD,1121111020016KCXD0,140.0,2026-06,2026-06-20,20
TBR,GT 5102 - 295/80R22.5 JDL XM DOM,112122982C016MJXM0,82.0,2026-06,2026-06-20,20
TBR,GT 5103 - 295/80R22.5 JUM XM OEM,112222982C152MJXM0,174.0,2026-06,2026-06-20,20
TBR,GT 5114 - 315/80R22.5 JDC XD,115123182C020KCXD0,39.0,2026-06,2026-06-20,20
TBR,10.00 R 20 JDE,1121129A20000JDEP0,44.0,2026-06,2026-06-21,21
TBR,10.00 R 20 JUH3+,1122110020016KH3P0,312.0,2026-06,2026-06-21,21
TBR,10.00 R 20 JUH5,1122110020016KUH50,296.0,2026-06,2026-06-21,21
TBR,10.00R 20 JW302,1123129A20152JUCM0,38.0,2026-06,2026-06-21,21
TBR,11.00R20 JUH3,1152111020016KVH30,30.0,2026-06,2026-06-21,21
TBR,11.00R20 JUH5,1122111020016KUH50,131.0,2026-06,2026-06-21,21
TBR,11.00R20JDE++,1121111020016KDEP0,202.0,2026-06,2026-06-21,21
TBR,11R22.5 JDH5+,115121102C016LH5P0,38.0,2026-06,2026-06-21,21
TBR,11R22.5 JUL2+,115221102C016LL2P0,40.0,2026-06,2026-06-21,21
TBR,11R22.5JTHSD,115221102C016LJTS0,84.0,2026-06,2026-06-21,21
TBR,295/80R22.5JDL,112122982C016MJDL0,78.0,2026-06,2026-06-21,21
TBR,295/80R22.5JUL1,112222982C016MJUM0,114.0,2026-06,2026-06-21,21
TBR,295/90R20JDCXD,1121129A20152JCXD0,108.0,2026-06,2026-06-21,21
TBR,315/80R22.5JDL3,115123182C018LDL30,36.0,2026-06,2026-06-21,21
TBR,315/80R22.5JUL3,115223182C018MUL30,73.0,2026-06,2026-06-21,21
TBR,385/65R22.5JUH6,115223852C020KUH60,28.0,2026-06,2026-06-21,21
TBR,8.25R20JDE++,1121182020016KDEP0,63.0,2026-06,2026-06-21,21
TBR,8.25R20JUH5,1122182020016KUH50,136.0,2026-06,2026-06-21,21
TBR,9.00 R 20 JDE++,1121190020016KDEP0,76.0,2026-06,2026-06-21,21
TBR,9.00 R 20 JUH5,1122190020016KUH50,32.0,2026-06,2026-06-21,21
TBR,GT 5076 - 295/90R20 JDE XF,1121129A20152JDLF0,146.0,2026-06,2026-06-21,21
TBR,GT 5078 - 295/80R22.5 JUX E,112222982C016JUXE0,33.0,2026-06,2026-06-21,21
TBR,GT 5079 - 255/70R22.5 JUX E,112222562C016MUXE0,80.0,2026-06,2026-06-21,21
TBR,GT 5095 - 11.00R20 JUC3,1123111020016KJC30,77.0,2026-06,2026-06-21,21
TBR,GT 5096 - 11.00R20 JDC XD,1121111020016KCXD0,148.0,2026-06,2026-06-21,21
TBR,GT 5102 - 295/80R22.5 JDL XM DOM,112122982C016MJXM0,76.0,2026-06,2026-06-21,21
TBR,GT 5103 - 295/80R22.5 JUM XM OEM,112222982C152MJXM0,163.0,2026-06,2026-06-21,21
TBR,GT 5114 - 315/80R22.5 JDC XD,115123182C020KCXD0,34.0,2026-06,2026-06-21,21
TBR,10.00 R 20 JDE,1121129A20000JDEP0,20.0,2026-06,2026-06-22,22
TBR,10.00 R 20 JUH3+,1122110020016KH3P0,376.0,2026-06,2026-06-22,22
TBR,10.00 R 20 JUH5,1122110020016KUH50,374.0,2026-06,2026-06-22,22
TBR,10.00R 20 JW302,1123129A20152JUCM0,44.0,2026-06,2026-06-22,22
TBR,11.00R20 JUH3,1152111020016KVH30,36.0,2026-06,2026-06-22,22
TBR,11.00R20 JUH5,1122111020016KUH50,174.0,2026-06,2026-06-22,22
TBR,11.00R20JDE++,1121111020016KDEP0,194.0,2026-06,2026-06-22,22
TBR,11R22.5 JDH5+,115121102C016LH5P0,48.0,2026-06,2026-06-22,22
TBR,11R22.5 JUL2+,115221102C016LL2P0,23.0,2026-06,2026-06-22,22
TBR,11R22.5JTHSD,115221102C016LJTS0,104.0,2026-06,2026-06-22,22
TBR,295/80R22.5JDL,112122982C016MJDL0,92.0,2026-06,2026-06-22,22
TBR,295/80R22.5JUL1,112222982C016MJUM0,142.0,2026-06,2026-06-22,22
TBR,295/90R20 JDE++ (RS),1121129A20000JDEPM,10.0,2026-06,2026-06-22,22
TBR,295/90R20JDCXD,1121129A20152JCXD0,134.0,2026-06,2026-06-22,22
TBR,315/80R22.5JDL3,115123182C018LDL30,32.0,2026-06,2026-06-22,22
TBR,315/80R22.5JUL3,115223182C018MUL30,88.0,2026-06,2026-06-22,22
TBR,385/65R22.5JUH6,115223852C020KUH60,15.0,2026-06,2026-06-22,22
TBR,8.25R20JDE++,1121182020016KDEP0,85.0,2026-06,2026-06-22,22
TBR,8.25R20JUH5,1122182020016KUH50,128.0,2026-06,2026-06-22,22
TBR,9.00 R 20 JDE++,1121190020016KDEP0,68.0,2026-06,2026-06-22,22
TBR,9.00 R 20 JUH5,1122190020016KUH50,84.0,2026-06,2026-06-22,22
TBR,GT 5076 - 295/90R20 JDE XF,1121129A20152JDLF0,146.0,2026-06,2026-06-22,22
TBR,GT 5078 - 295/80R22.5 JUX E,112222982C016JUXE0,42.0,2026-06,2026-06-22,22
TBR,GT 5079 - 255/70R22.5 JUX E,112222562C016MUXE0,124.0,2026-06,2026-06-22,22
TBR,GT 5095 - 11.00R20 JUC3,1123111020016KJC30,62.0,2026-06,2026-06-22,22
TBR,GT 5096 - 11.00R20 JDC XD,1121111020016KCXD0,202.0,2026-06,2026-06-22,22
TBR,GT 5102 - 295/80R22.5 JDL XM DOM,112122982C016MJXM0,88.0,2026-06,2026-06-22,22
TBR,GT 5103 - 295/80R22.5 JUM XM OEM,112222982C152MJXM0,221.0,2026-06,2026-06-22,22
TBR,GT 5114 - 315/80R22.5 JDC XD,115123182C020KCXD0,30.0,2026-06,2026-06-22,22
TBR,10.00 R 20 JDE,1121129A20000JDEP0,47.0,2026-06,2026-06-23,23
TBR,10.00 R 20 JUH3+,1122110020016KH3P0,394.0,2026-06,2026-06-23,23
TBR,10.00 R 20 JUH5,1122110020016KUH50,402.0,2026-06,2026-06-23,23
TBR,10.00R 20 JW302,1123129A20152JUCM0,22.0,2026-06,2026-06-23,23
TBR,11.00R20 JUH3,1152111020016KVH30,42.0,2026-06,2026-06-23,23
TBR,11.00R20 JUH5,1122111020016KUH50,174.0,2026-06,2026-06-23,23
TBR,11.00R20JDE++,1121111020016KDEP0,138.0,2026-06,2026-06-23,23
TBR,11R22.5 JDH5+,115121102C016LH5P0,44.0,2026-06,2026-06-23,23
TBR,11R22.5JTHSD,115221102C016LJTS0,94.0,2026-06,2026-06-23,23
TBR,11R22.5JUX,115221102C016JJUX0,34.0,2026-06,2026-06-23,23
TBR,295/80R22.5JDL,112122982C016MJDL0,81.0,2026-06,2026-06-23,23
TBR,295/80R22.5JUL1,112222982C016MJUM0,138.0,2026-06,2026-06-23,23
TBR,295/90R20JDCXD,1121129A20152JCXD0,125.0,2026-06,2026-06-23,23
TBR,315/80R22.5JDL3,115123182C018LDL30,44.0,2026-06,2026-06-23,23
TBR,315/80R22.5JUL3,115223182C018MUL30,92.0,2026-06,2026-06-23,23
TBR,8.25R20JDE++,1121182020016KDEP0,102.0,2026-06,2026-06-23,23
TBR,8.25R20JUH5,1122182020016KUH50,148.0,2026-06,2026-06-23,23
TBR,9.00 R 20 JDE++,1121190020016KDEP0,68.0,2026-06,2026-06-23,23
TBR,9.00 R 20 JUH5,1122190020016KUH50,90.0,2026-06,2026-06-23,23
TBR,GT 5076 - 295/90R20 JDE XF,1121129A20152JDLF0,122.0,2026-06,2026-06-23,23
TBR,GT 5078 - 295/80R22.5 JUX E,112222982C016JUXE0,38.0,2026-06,2026-06-23,23
TBR,GT 5079 - 255/70R22.5 JUX E,112222562C016MUXE0,124.0,2026-06,2026-06-23,23
TBR,GT 5095 - 11.00R20 JUC3,1123111020016KJC30,80.0,2026-06,2026-06-23,23
TBR,GT 5096 - 11.00R20 JDC XD,1121111020016KCXD0,190.0,2026-06,2026-06-23,23
TBR,GT 5102 - 295/80R22.5 JDL XM DOM,112122982C016MJXM0,41.0,2026-06,2026-06-23,23
TBR,GT 5103 - 295/80R22.5 JUM XM OEM,112222982C152MJXM0,243.0,2026-06,2026-06-23,23
TBR,GT 5114 - 315/80R22.5 JDC XD,115123182C020KCXD0,46.0,2026-06,2026-06-23,23
TBR,GT 5123 - 385/65R22.5 JUL4,115223852C024KUL40,24.0,2026-06,2026-06-23,23
TBR,10.00 R 20 JDE,1121129A20000JDEP0,47.0,2026-06,2026-06-24,24
TBR,10.00 R 20 JUH3+,1122110020016KH3P0,375.0,2026-06,2026-06-24,24
TBR,10.00 R 20 JUH5,1122110020016KUH50,342.0,2026-06,2026-06-24,24
TBR,10.00R 20 JW302,1123129A20152JUCM0,14.0,2026-06,2026-06-24,24
TBR,11.00R20 JUH3,1152111020016KVH30,32.0,2026-06,2026-06-24,24
TBR,11.00R20 JUH5,1122111020016KUH50,176.0,2026-06,2026-06-24,24
TBR,11.00R20JDE++,1121111020016KDEP0,172.0,2026-06,2026-06-24,24
TBR,11R22.5 JDH5+,115121102C016LH5P0,50.0,2026-06,2026-06-24,24
TBR,11R22.5JTHSD,115221102C016LJTS0,54.0,2026-06,2026-06-24,24
TBR,11R22.5JUX,115221102C016JJUX0,42.0,2026-06,2026-06-24,24
TBR,295/80R22.5JDL,112122982C016MJDL0,88.0,2026-06,2026-06-24,24
TBR,295/80R22.5JUL1,112222982C016MJUM0,140.0,2026-06,2026-06-24,24
TBR,295/90R20JDCXD,1121129A20152JCXD0,141.0,2026-06,2026-06-24,24
TBR,315/70R22.5JDL3,115123162C018LDL30,6.0,2026-06,2026-06-24,24
TBR,315/80R22.5JDL3,115123182C018LDL30,26.0,2026-06,2026-06-24,24
TBR,315/80R22.5JUL3,115223182C018MUL30,78.0,2026-06,2026-06-24,24
TBR,8.25R20JDE++,1121182020016KDEP0,80.0,2026-06,2026-06-24,24
TBR,8.25R20JUH5,1122182020016KUH50,156.0,2026-06,2026-06-24,24
TBR,9.00 R 20 JDE++,1121190020016KDEP0,90.0,2026-06,2026-06-24,24
TBR,9.00 R 20 JUH5,1122190020016KUH50,102.0,2026-06,2026-06-24,24
TBR,GT 5018 - 9.00R20 JUC2,1123190020016KJC20,2.0,2026-06,2026-06-24,24
TBR,GT 5076 - 295/90R20 JDE XF,1121129A20152JDLF0,168.0,2026-06,2026-06-24,24
TBR,GT 5078 - 295/80R22.5 JUX E,112222982C016JUXE0,44.0,2026-06,2026-06-24,24
TBR,GT 5079 - 255/70R22.5 JUX E,112222562C016MUXE0,122.0,2026-06,2026-06-24,24
TBR,GT 5095 - 11.00R20 JUC3,1123111020016KJC30,82.0,2026-06,2026-06-24,24
TBR,GT 5096 - 11.00R20 JDC XD,1121111020016KCXD0,154.0,2026-06,2026-06-24,24
TBR,GT 5103 - 295/80R22.5 JUM XM OEM,112222982C152MJXM0,304.0,2026-06,2026-06-24,24
TBR,GT 5114 - 315/80R22.5 JDC XD,115123182C020KCXD0,38.0,2026-06,2026-06-24,24
TBR,GT 5123 - 385/65R22.5 JUL4,115223852C024KUL40,48.0,2026-06,2026-06-24,24
TBR,10.00 R 20 JDE,1121129A20000JDEP0,66.0,2026-06,2026-06-25,25
TBR,10.00 R 20 JUH3+,1122110020016KH3P0,379.0,2026-06,2026-06-25,25
TBR,10.00 R 20 JUH5,1122110020016KUH50,392.0,2026-06,2026-06-25,25
TBR,11.00R20 JUH3,1152111020016KVH30,46.0,2026-06,2026-06-25,25
TBR,11.00R20 JUH5,1122111020016KUH50,192.0,2026-06,2026-06-25,25
TBR,11.00R20JDE++,1121111020016KDEP0,220.0,2026-06,2026-06-25,25
TBR,11R22.5 JDH5+,115121102C016LH5P0,46.0,2026-06,2026-06-25,25
TBR,11R22.5JTHSD,115221102C016LJTS0,56.0,2026-06,2026-06-25,25
TBR,11R22.5JUX,115221102C016JJUX0,46.0,2026-06,2026-06-25,25
TBR,295/80R22.5JDL,112122982C016MJDL0,92.0,2026-06,2026-06-25,25
TBR,295/80R22.5JUL1,112222982C016MJUM0,136.0,2026-06,2026-06-25,25
TBR,295/90R20JDCXD,1121129A20152JCXD0,109.0,2026-06,2026-06-25,25
TBR,315/70R22.5JDL3,115123162C018LDL30,42.0,2026-06,2026-06-25,25
TBR,315/80R22.5JDL3,115123182C018LDL30,1.0,2026-06,2026-06-25,25
TBR,315/80R22.5JUL3,115223182C018MUL30,82.0,2026-06,2026-06-25,25
TBR,8.25R20JDE++,1121182020016KDEP0,89.0,2026-06,2026-06-25,25
TBR,8.25R20JUH5,1122182020016KUH50,153.0,2026-06,2026-06-25,25
TBR,9.00 R 20 JDE++,1121190020016KDEP0,90.0,2026-06,2026-06-25,25
TBR,9.00 R 20 JUH5,1122190020016KUH50,99.0,2026-06,2026-06-25,25
TBR,GT 5018 - 9.00R20 JUC2,1123190020016KJC20,42.0,2026-06,2026-06-25,25
TBR,GT 5076 - 295/90R20 JDE XF,1121129A20152JDLF0,174.0,2026-06,2026-06-25,25
TBR,GT 5078 - 295/80R22.5 JUX E,112222982C016JUXE0,46.0,2026-06,2026-06-25,25
TBR,GT 5079 - 255/70R22.5 JUX E,112222562C016MUXE0,128.0,2026-06,2026-06-25,25
TBR,GT 5095 - 11.00R20 JUC3,1123111020016KJC30,74.0,2026-06,2026-06-25,25
TBR,GT 5096 - 11.00R20 JDC XD,1121111020016KCXD0,112.0,2026-06,2026-06-25,25
TBR,GT 5103 - 295/80R22.5 JUM XM OEM,112222982C152MJXM0,327.0,2026-06,2026-06-25,25
TBR,GT 5114 - 315/80R22.5 JDC XD,115123182C020KCXD0,44.0,2026-06,2026-06-25,25
TBR,GT 5123 - 385/65R22.5 JUL4,115223852C024KUL40,46.0,2026-06,2026-06-25,25
TBR,10.00 R 20 JDE,1121129A20000JDEP0,88.0,2026-06,2026-06-26,26
TBR,10.00 R 20 JUH3+,1122110020016KH3P0,345.0,2026-06,2026-06-26,26
TBR,10.00 R 20 JUH5,1122110020016KUH50,397.0,2026-06,2026-06-26,26
TBR,11.00R20 JUH3,1152111020016KVH30,38.0,2026-06,2026-06-26,26
TBR,11.00R20 JUH5,1122111020016KUH50,158.0,2026-06,2026-06-26,26
TBR,11.00R20JDE++,1121111020016KDEP0,224.0,2026-06,2026-06-26,26
TBR,11R22.5 JDH5+,115121102C016LH5P0,5.0,2026-06,2026-06-26,26
TBR,11R22.5JTHSD,115221102C016LJTS0,56.0,2026-06,2026-06-26,26
TBR,11R22.5JUX,115221102C016JJUX0,44.0,2026-06,2026-06-26,26
TBR,295/80R22.5JDL,112122982C016MJDL0,84.0,2026-06,2026-06-26,26
TBR,295/80R22.5JUL1,112222982C016MJUM0,134.0,2026-06,2026-06-26,26
TBR,295/90R20JDCXD,1121129A20152JCXD0,136.0,2026-06,2026-06-26,26
TBR,315/70R22.5JDL3,115123162C018LDL30,74.0,2026-06,2026-06-26,26
TBR,315/70R22.5JUL4,115223162C018LUL40,10.0,2026-06,2026-06-26,26
TBR,315/80R22.5JUL3,115223182C018MUL30,90.0,2026-06,2026-06-26,26
TBR,8.25R20JDE++,1121182020016KDEP0,92.0,2026-06,2026-06-26,26
TBR,8.25R20JUH5,1122182020016KUH50,128.0,2026-06,2026-06-26,26
TBR,9.00 R 20 JDE++,1121190020016KDEP0,94.0,2026-06,2026-06-26,26
TBR,9.00 R 20 JUH5,1122190020016KUH50,97.0,2026-06,2026-06-26,26
TBR,GT 5018 - 9.00R20 JUC2,1123190020016KJC20,22.0,2026-06,2026-06-26,26
TBR,GT 5076 - 295/90R20 JDE XF,1121129A20152JDLF0,137.0,2026-06,2026-06-26,26
TBR,GT 5078 - 295/80R22.5 JUX E,112222982C016JUXE0,42.0,2026-06,2026-06-26,26
TBR,GT 5079 - 255/70R22.5 JUX E,112222562C016MUXE0,139.0,2026-06,2026-06-26,26
TBR,GT 5095 - 11.00R20 JUC3,1123111020016KJC30,94.0,2026-06,2026-06-26,26
TBR,GT 5096 - 11.00R20 JDC XD,1121111020016KCXD0,194.0,2026-06,2026-06-26,26
TBR,GT 5103 - 295/80R22.5 JUM XM OEM,112222982C152MJXM0,326.0,2026-06,2026-06-26,26
TBR,GT 5114 - 315/80R22.5 JDC XD,115123182C020KCXD0,42.0,2026-06,2026-06-26,26
TBR,GT 5123 - 385/65R22.5 JUL4,115223852C024KUL40,48.0,2026-06,2026-06-26,26
TBR,10.00 R 20 JDE,1121129A20000JDEP0,94.0,2026-06,2026-06-27,27
TBR,10.00 R 20 JUH3+,1122110020016KH3P0,400.0,2026-06,2026-06-27,27
TBR,10.00 R 20 JUH5,1122110020016KUH50,359.0,2026-06,2026-06-27,27
TBR,11.00R20 JUH3,1152111020016KVH30,26.0,2026-06,2026-06-27,27
TBR,11.00R20 JUH5,1122111020016KUH50,182.0,2026-06,2026-06-27,27
TBR,11.00R20JDE++,1121111020016KDEP0,220.0,2026-06,2026-06-27,27
TBR,11R22.5JUX,115221102C016JJUX0,40.0,2026-06,2026-06-27,27
TBR,295/80R22.5JDL,112122982C016MJDL0,91.0,2026-06,2026-06-27,27
TBR,295/80R22.5JUL1,112222982C016MJUM0,136.0,2026-06,2026-06-27,27
TBR,295/90R20JDCXD,1121129A20152JCXD0,114.0,2026-06,2026-06-27,27
TBR,315/70R22.5JDL3,115123162C018LDL30,88.0,2026-06,2026-06-27,27
TBR,315/70R22.5JUL4,115223162C018LUL40,64.0,2026-06,2026-06-27,27
TBR,315/80R22.5JUL3,115223182C018MUL30,80.0,2026-06,2026-06-27,27
TBR,385/65R22.5JUCXD,115323852C020KUCD0,14.0,2026-06,2026-06-27,27
TBR,8.25R20JDE++,1121182020016KDEP0,84.0,2026-06,2026-06-27,27
TBR,8.25R20JUH5,1122182020016KUH50,120.0,2026-06,2026-06-27,27
TBR,9.00 R 20 JDE++,1121190020016KDEP0,70.0,2026-06,2026-06-27,27
TBR,9.00 R 20 JUH5,1122190020016KUH50,90.0,2026-06,2026-06-27,27
TBR,GT 5018 - 9.00R20 JUC2,1123190020016KJC20,18.0,2026-06,2026-06-27,27
TBR,GT 5076 - 295/90R20 JDE XF,1121129A20152JDLF0,112.0,2026-06,2026-06-27,27
TBR,GT 5078 - 295/80R22.5 JUX E,112222982C016JUXE0,44.0,2026-06,2026-06-27,27
TBR,GT 5079 - 255/70R22.5 JUX E,112222562C016MUXE0,132.0,2026-06,2026-06-27,27
TBR,GT 5095 - 11.00R20 JUC3,1123111020016KJC30,88.0,2026-06,2026-06-27,27
TBR,GT 5096 - 11.00R20 JDC XD,1121111020016KCXD0,213.0,2026-06,2026-06-27,27
TBR,GT 5103 - 295/80R22.5 JUM XM OEM,112222982C152MJXM0,310.0,2026-06,2026-06-27,27
TBR,GT 5114 - 315/80R22.5 JDC XD,115123182C020KCXD0,21.0,2026-06,2026-06-27,27
TBR,GT 5123 - 385/65R22.5 JUL4,115223852C024KUL40,42.0,2026-06,2026-06-27,27
TBR,10.00 R 20 JDE,1121129A20000JDEP0,135.0,2026-06,2026-06-28,28
TBR,10.00 R 20 JUH3+,1122110020016KH3P0,408.0,2026-06,2026-06-28,28
TBR,10.00 R 20 JUH5,1122110020016KUH50,380.0,2026-06,2026-06-28,28
TBR,11.00R20 JUH3,1152111020016KVH30,33.0,2026-06,2026-06-28,28
TBR,11.00R20 JUH5,1122111020016KUH50,188.0,2026-06,2026-06-28,28
TBR,11.00R20JDE++,1121111020016KDEP0,217.0,2026-06,2026-06-28,28
TBR,11R22.5JUX,115221102C016JJUX0,42.0,2026-06,2026-06-28,28
TBR,295/80R22.5JDL,112122982C016MJDL0,80.0,2026-06,2026-06-28,28
TBR,295/80R22.5JUL1,112222982C016MJUM0,132.0,2026-06,2026-06-28,28
TBR,295/90R20JDCXD,1121129A20152JCXD0,132.0,2026-06,2026-06-28,28
TBR,315/70R22.5JDL3,115123162C018LDL30,88.0,2026-06,2026-06-28,28
TBR,315/70R22.5JUL4,115223162C018LUL40,86.0,2026-06,2026-06-28,28
TBR,315/80R22.5JUL3,115223182C018MUL30,64.0,2026-06,2026-06-28,28
TBR,385/65R22.5JUCXD,115323852C020KUCD0,70.0,2026-06,2026-06-28,28
TBR,8.25R20JDE++,1121182020016KDEP0,106.0,2026-06,2026-06-28,28
TBR,8.25R20JUH5,1122182020016KUH50,90.0,2026-06,2026-06-28,28
TBR,9.00 R 20 JDE++,1121190020016KDEP0,92.0,2026-06,2026-06-28,28
TBR,9.00 R 20 JUH5,1122190020016KUH50,92.0,2026-06,2026-06-28,28
TBR,GT 5018 - 9.00R20 JUC2,1123190020016KJC20,32.0,2026-06,2026-06-28,28
TBR,GT 5075 - 295/90R20 JUH XF,1122129A20152JULF0,1.0,2026-06,2026-06-28,28
TBR,GT 5076 - 295/90R20 JDE XF,1121129A20152JDLF0,87.0,2026-06,2026-06-28,28
TBR,GT 5078 - 295/80R22.5 JUX E,112222982C016JUXE0,45.0,2026-06,2026-06-28,28
TBR,GT 5079 - 255/70R22.5 JUX E,112222562C016MUXE0,134.0,2026-06,2026-06-28,28
TBR,GT 5083 - 295/80R22.5 JUM XM,112222982C016MJXM0,98.0,2026-06,2026-06-28,28
TBR,GT 5095 - 11.00R20 JUC3,1123111020016KJC30,88.0,2026-06,2026-06-28,28
TBR,GT 5096 - 11.00R20 JDC XD,1121111020016KCXD0,226.0,2026-06,2026-06-28,28
TBR,GT 5103 - 295/80R22.5 JUM XM OEM,112222982C152MJXM0,216.0,2026-06,2026-06-28,28
TBR,GT 5123 - 385/65R22.5 JUL4,115223852C024KUL40,40.0,2026-06,2026-06-28,28
TBR,10.00 R 20 JDC3,1121110020016KDC30,8.0,2026-06,2026-06-29,29
TBR,10.00 R 20 JDE,1121129A20000JDEP0,156.0,2026-06,2026-06-29,29
TBR,10.00 R 20 JUH3+,1122110020016KH3P0,397.0,2026-06,2026-06-29,29
TBR,10.00 R 20 JUH5,1122110020016KUH50,378.0,2026-06,2026-06-29,29
TBR,11.00R20 JUH3,1152111020016KVH30,34.0,2026-06,2026-06-29,29
TBR,11.00R20 JUH5,1122111020016KUH50,138.0,2026-06,2026-06-29,29
TBR,11.00R20JDE++,1121111020016KDEP0,204.0,2026-06,2026-06-29,29
TBR,11R22.5JUX,115221102C016JJUX0,40.0,2026-06,2026-06-29,29
TBR,295/75R22.5JTHSD,115222972C014LJTS0,48.0,2026-06,2026-06-29,29
TBR,295/80R22.5JDL,112122982C016MJDL0,86.0,2026-06,2026-06-29,29
TBR,295/80R22.5JUL1,112222982C016MJUM0,130.0,2026-06,2026-06-29,29
TBR,295/90R20JDCXD,1121129A20152JCXD0,130.0,2026-06,2026-06-29,29
TBR,315/70R22.5JDL3,115123162C018LDL30,46.0,2026-06,2026-06-29,29
TBR,315/70R22.5JUL4,115223162C018LUL40,86.0,2026-06,2026-06-29,29
TBR,315/80R22.5JUL3,115223182C018MUL30,43.0,2026-06,2026-06-29,29
TBR,385/65R22.5JUCXD,115323852C020KUCD0,76.0,2026-06,2026-06-29,29
TBR,8.25R20JDE++,1121182020016KDEP0,59.0,2026-06,2026-06-29,29
TBR,8.25R20JUH5,1122182020016KUH50,78.0,2026-06,2026-06-29,29
TBR,9.00 R 20 JDE++,1121190020016KDEP0,94.0,2026-06,2026-06-29,29
TBR,9.00 R 20 JUH5,1122190020016KUH50,94.0,2026-06,2026-06-29,29
TBR,GT 5018 - 9.00R20 JUC2,1123190020016KJC20,42.0,2026-06,2026-06-29,29
TBR,GT 5076 - 295/90R20 JDE XF,1121129A20152JDLF0,50.0,2026-06,2026-06-29,29
TBR,GT 5078 - 295/80R22.5 JUX E,112222982C016JUXE0,39.0,2026-06,2026-06-29,29
TBR,GT 5079 - 255/70R22.5 JUX E,112222562C016MUXE0,124.0,2026-06,2026-06-29,29
TBR,GT 5083 - 295/80R22.5 JUM XM,112222982C016MJXM0,302.0,2026-06,2026-06-29,29
TBR,GT 5095 - 11.00R20 JUC3,1123111020016KJC30,88.0,2026-06,2026-06-29,29
TBR,GT 5096 - 11.00R20 JDC XD,1121111020016KCXD0,224.0,2026-06,2026-06-29,29
TBR,GT 5103 - 295/80R22.5 JUM XM OEM,112222982C152MJXM0,1.0,2026-06,2026-06-29,29
TBR,GT 5123 - 385/65R22.5 JUL4,115223852C024KUL40,36.0,2026-06,2026-06-29,29
TBR,10.00 R 20 JDC3,1121110020016KDC30,39.0,2026-06,2026-06-30,30
TBR,10.00 R 20 JDE,1121129A20000JDEP0,196.0,2026-06,2026-06-30,30
TBR,10.00 R 20 JUH3+,1122110020016KH3P0,401.0,2026-06,2026-06-30,30
TBR,10.00 R 20 JUH5,1122110020016KUH50,343.0,2026-06,2026-06-30,30
TBR,11.00R20 JUH3,1152111020016KVH30,32.0,2026-06,2026-06-30,30
TBR,11.00R20 JUH5,1122111020016KUH50,167.0,2026-06,2026-06-30,30
TBR,11.00R20JDE++,1121111020016KDEP0,217.0,2026-06,2026-06-30,30
TBR,295/75R22.5JTHSD,115222972C014LJTS0,56.0,2026-06,2026-06-30,30
TBR,295/80R22.5JDL,112122982C016MJDL0,80.0,2026-06,2026-06-30,30
TBR,295/80R22.5JUL1,112222982C016MJUM0,128.0,2026-06,2026-06-30,30
TBR,295/90R20JDCXD,1121129A20152JCXD0,138.0,2026-06,2026-06-30,30
TBR,315/70R22.5JDL3,115123162C018LDL30,80.0,2026-06,2026-06-30,30
TBR,315/70R22.5JUL4,115223162C018LUL40,88.0,2026-06,2026-06-30,30
TBR,315/80R22.5JUL3,115223182C018MUL30,2.0,2026-06,2026-06-30,30
TBR,385/65R22.5JUCXD,115323852C020KUCD0,90.0,2026-06,2026-06-30,30
TBR,8.25R20JDE++,1121182020016KDEP0,99.0,2026-06,2026-06-30,30
TBR,8.25R20JUH5,1122182020016KUH50,108.0,2026-06,2026-06-30,30
TBR,9.00 R 20 JDE++,1121190020016KDEP0,92.0,2026-06,2026-06-30,30
TBR,9.00 R 20 JUH5,1122190020016KUH50,96.0,2026-06,2026-06-30,30
TBR,GT 5018 - 9.00R20 JUC2,1123190020016KJC20,46.0,2026-06,2026-06-30,30
TBR,GT 5078 - 295/80R22.5 JUX E,112222982C016JUXE0,42.0,2026-06,2026-06-30,30
TBR,GT 5079 - 255/70R22.5 JUX E,112222562C016MUXE0,120.0,2026-06,2026-06-30,30
TBR,GT 5083 - 295/80R22.5 JUM XM,112222982C016MJXM0,286.0,2026-06,2026-06-30,30
TBR,GT 5095 - 11.00R20 JUC3,1123111020016KJC30,80.0,2026-06,2026-06-30,30
TBR,GT 5096 - 11.00R20 JDC XD,1121111020016KCXD0,210.0,2026-06,2026-06-30,30
TBR,GT 5123 - 385/65R22.5 JUL4,115223852C024KUL40,42.0,2026-06,2026-06-30,30
