plant,gt_code,sku,qty,month,due_date,day
PCR,GT 1402 XPC TATA,1D25214012008QXPCT,782.0,2025-12,2025-12-01,1
PCR,GT 1452 XPC MM,1D25214012008QXPCM,82.0,2025-12,2025-12-01,1
PCR,GT 1483 UHL,1325214813075SUHL0,84.0,2025-12,2025-12-01,1
PCR,GT 1492 UHL,1325114812074TUHL0,14.0,2025-12,2025-12-01,1
PCR,GT 1503 NEO MSIL,1325215813079TUNE3,1134.0,2025-12,2025-12-01,1
PCR,GT 1513 XPC1 MSIL,1D25215013008SXC10,1908.0,2025-12,2025-12-01,1
PCR,GT 1543 XPC1,1D25215013008SXC1T,110.0,2025-12,2025-12-01,1
PCR,GT 1583 NEO TATA,1325215813079TUNE5,312.0,2025-12,2025-12-01,1
PCR,GT 1634 XPC TATA,1D25216814008QXPC0,223.0,2025-12,2025-12-01,1
PCR,GT 1673 NEO,1325216613079HUNE0,15.0,2025-12,2025-12-01,1
PCR,GT 1765 ROYL,1325217515084HURL2,457.0,2025-12,2025-12-01,1
PCR,GT 1773 NEO,1325217613082TUNE0,195.0,2025-12,2025-12-01,1
PCR,GT 1844 XPC TML,1D25218014010RXPCT,150.0,2025-12,2025-12-01,1
PCR,GT 1925 XPC1,1225219Z15008SXC11,365.0,2025-12,2025-12-01,1
PCR,GT 1995 ROYL KIA,1325219515091HURL2,332.0,2025-12,2025-12-01,1
PCR,GT 2158 ROYL HYU,1325221318095HURL0,342.0,2025-12,2025-12-01,1
PCR,GT 2267 ROYL HYU,1325221417096HURL0,1331.0,2025-12,2025-12-01,1
PCR,GT 2568 HT2,1325225518111HRHB0,404.0,2025-12,2025-12-01,1
PCR,GT1513 NEO,1325215513073TUNE0,385.0,2025-12,2025-12-01,1
PCR,GT1824 XPC1,1D25218Z14008RXC10,113.0,2025-12,2025-12-01,1
PCR,GT  T1457 STAR,1325214617107MSXT0,299.0,2025-12,2025-12-02,2
PCR,GT 1402 XPC TATA,1D25214012008QXPCT,1069.0,2025-12,2025-12-02,2
PCR,GT 1452 XPC MM,1D25214012008QXPCM,54.0,2025-12,2025-12-02,2
PCR,GT 1483 UHL,1325214813075SUHL0,388.0,2025-12,2025-12-02,2
PCR,GT 1492 UHL,1325114812074TUHL0,392.0,2025-12,2025-12-02,2
PCR,GT 1503 NEO MSIL,1325215813079TUNE3,1168.0,2025-12,2025-12-02,2
PCR,GT 1513 XPC1 MSIL,1D25215013008SXC10,2488.0,2025-12,2025-12-02,2
PCR,GT 1543 XPC1,1D25215013008SXC1T,218.0,2025-12,2025-12-02,2
PCR,GT 1583 NEO TATA,1325215813079TUNE5,477.0,2025-12,2025-12-02,2
PCR,GT 1634 XPC TATA,1D25216814008QXPC0,294.0,2025-12,2025-12-02,2
PCR,GT 1673 NEO,1325216613079HUNE0,96.0,2025-12,2025-12-02,2
PCR,GT 1765 ROYL,1325217515084HURL2,538.0,2025-12,2025-12-02,2
PCR,GT 1773 NEO,1325217613082TUNE0,405.0,2025-12,2025-12-02,2
PCR,GT 1844 XPC TML,1D25218014010RXPCT,607.0,2025-12,2025-12-02,2
PCR,GT 1916 ROYL,1325219416089HURL1,142.0,2025-12,2025-12-02,2
PCR,GT 1925 XPC1,1225219Z15008SXC11,378.0,2025-12,2025-12-02,2
PCR,GT 1995 ROYL KIA,1325219515091HURL2,577.0,2025-12,2025-12-02,2
PCR,GT 2158 ROYL HYU,1325221318095HURL0,618.0,2025-12,2025-12-02,2
PCR,GT 2267 ROYL HYU,1325221417096HURL0,1467.0,2025-12,2025-12-02,2
PCR,GT 2568 HT2,1325225518111HRHB0,654.0,2025-12,2025-12-02,2
PCR,GT 2568 RAN AT,1325225518111HRAT0,187.0,2025-12,2025-12-02,2
PCR,GT1513 NEO,1325215513073TUNE0,510.0,2025-12,2025-12-02,2
PCR,GT1824 XPC1,1D25218Z14008RXC10,121.0,2025-12,2025-12-02,2
PCR,GT  T1457 STAR,1325214617107MSXT0,257.0,2025-12,2025-12-03,3
PCR,GT 1402 XPC TATA,1D25214012008QXPCT,1141.0,2025-12,2025-12-03,3
PCR,GT 1483 UHL,1325214813075SUHL0,262.0,2025-12,2025-12-03,3
PCR,GT 1492 UHL,1325114812074TUHL0,398.0,2025-12,2025-12-03,3
PCR,GT 1503 NEO MSIL,1325215813079TUNE3,1283.0,2025-12,2025-12-03,3
PCR,GT 1513 XPC1 MSIL,1D25215013008SXC10,2552.0,2025-12,2025-12-03,3
PCR,GT 1543 XPC1,1D25215013008SXC1T,70.0,2025-12,2025-12-03,3
PCR,GT 1583 NEO TATA,1325215813079TUNE5,455.0,2025-12,2025-12-03,3
PCR,GT 1634 XPC TATA,1D25216814008QXPC0,296.0,2025-12,2025-12-03,3
PCR,GT 1673 NEO,1325216613079HUNE0,200.0,2025-12,2025-12-03,3
PCR,GT 1765 ROYL,1325217515084HURL2,489.0,2025-12,2025-12-03,3
PCR,GT 1773 NEO,1325217613082TUNE0,311.0,2025-12,2025-12-03,3
PCR,GT 1844 XPC TML,1D25218014010RXPCT,609.0,2025-12,2025-12-03,3
PCR,GT 1916 ROYL,1325219416089HURL1,87.0,2025-12,2025-12-03,3
PCR,GT 1925 XPC1,1225219Z15008SXC11,456.0,2025-12,2025-12-03,3
PCR,GT 1995 ROYL KIA,1325219515091HURL2,490.0,2025-12,2025-12-03,3
PCR,GT 2158 ROYL HYU,1325221318095HURL0,526.0,2025-12,2025-12-03,3
PCR,GT 2258 RAN HPE,1325222318098HRHE0,75.0,2025-12,2025-12-03,3
PCR,GT 2267 ROYL HYU,1325221417096HURL0,1260.0,2025-12,2025-12-03,3
PCR,GT 2568 HT2,1325225518111HRHB0,902.0,2025-12,2025-12-03,3
PCR,GT 2568 RAN AT,1325225518111HRAT0,140.0,2025-12,2025-12-03,3
PCR,GT1513 NEO,1325215513073TUNE0,537.0,2025-12,2025-12-03,3
PCR,GT1824 XPC1,1D25218Z14008RXC10,144.0,2025-12,2025-12-03,3
PCR,GT  T1457 STAR,1325214617107MSXT0,380.0,2025-12,2025-12-04,4
PCR,GT 1402 XPC TATA,1D25214012008QXPCT,1141.0,2025-12,2025-12-04,4
PCR,GT 1483 UHL,1325214813075SUHL0,254.0,2025-12,2025-12-04,4
PCR,GT 1492 UHL,1325114812074TUHL0,404.0,2025-12,2025-12-04,4
PCR,GT 1503 NEO MSIL,1325215813079TUNE3,1231.0,2025-12,2025-12-04,4
PCR,GT 1513 XPC1 MSIL,1D25215013008SXC10,2566.0,2025-12,2025-12-04,4
PCR,GT 1543 XPC1,1D25215013008SXC1T,116.0,2025-12,2025-12-04,4
PCR,GT 1583 NEO TATA,1325215813079TUNE5,476.0,2025-12,2025-12-04,4
PCR,GT 1634 XPC TATA,1D25216814008QXPC0,256.0,2025-12,2025-12-04,4
PCR,GT 1673 NEO,1325216613079HUNE0,144.0,2025-12,2025-12-04,4
PCR,GT 1765 ROYL,1325217515084HURL2,560.0,2025-12,2025-12-04,4
PCR,GT 1773 NEO,1325217613082TUNE0,390.0,2025-12,2025-12-04,4
PCR,GT 1844 XPC TML,1D25218014010RXPCT,583.0,2025-12,2025-12-04,4
PCR,GT 1925 XPC1,1225219Z15008SXC11,433.0,2025-12,2025-12-04,4
PCR,GT 1995 ROYL KIA,1325219515091HURL2,511.0,2025-12,2025-12-04,4
PCR,GT 2158 ROYL HYU,1325221318095HURL0,750.0,2025-12,2025-12-04,4
PCR,GT 2258 RAN HPE,1325222318098HRHE0,106.0,2025-12,2025-12-04,4
PCR,GT 2267 ROYL HYU,1325221417096HURL0,1219.0,2025-12,2025-12-04,4
PCR,GT 2568 HT2,1325225518111HRHB0,633.0,2025-12,2025-12-04,4
PCR,GT 2568 RAN AT,1325225518111HRAT0,145.0,2025-12,2025-12-04,4
PCR,GT1513 NEO,1325215513073TUNE0,411.0,2025-12,2025-12-04,4
PCR,GT1824 XPC1,1D25218Z14008RXC10,130.0,2025-12,2025-12-04,4
PCR,GT  T1457 STAR,1325214617107MSXT0,377.0,2025-12,2025-12-05,5
PCR,GT 1402 XPC TATA,1D25214012008QXPCT,1233.0,2025-12,2025-12-05,5
PCR,GT 1483 UHL,1325214813075SUHL0,344.0,2025-12,2025-12-05,5
PCR,GT 1492 UHL,1325114812074TUHL0,380.0,2025-12,2025-12-05,5
PCR,GT 1503 NEO MSIL,1325215813079TUNE3,1188.0,2025-12,2025-12-05,5
PCR,GT 1513 XPC1 MSIL,1D25215013008SXC10,2456.0,2025-12,2025-12-05,5
PCR,GT 1543 XPC1,1D25215013008SXC1T,243.0,2025-12,2025-12-05,5
PCR,GT 1583 NEO TATA,1325215813079TUNE5,516.0,2025-12,2025-12-05,5
PCR,GT 1634 XPC TATA,1D25216814008QXPC0,296.0,2025-12,2025-12-05,5
PCR,GT 1765 ROYL,1325217515084HURL2,411.0,2025-12,2025-12-05,5
PCR,GT 1773 NEO,1325217613082TUNE0,420.0,2025-12,2025-12-05,5
PCR,GT 1844 XPC TML,1D25218014010RXPCT,566.0,2025-12,2025-12-05,5
PCR,GT 1925 XPC1,1225219Z15008SXC11,449.0,2025-12,2025-12-05,5
PCR,GT 1995 ROYL KIA,1325219515091HURL2,493.0,2025-12,2025-12-05,5
PCR,GT 2158 ROYL HYU,1325221318095HURL0,698.0,2025-12,2025-12-05,5
PCR,GT 2267 ROYL HYU,1325221417096HURL0,1282.0,2025-12,2025-12-05,5
PCR,GT 2568 HT2,1325225518111HRHB0,789.0,2025-12,2025-12-05,5
PCR,GT 2568 RAN AT,1325225518111HRAT0,300.0,2025-12,2025-12-05,5
PCR,GT1513 NEO,1325215513073TUNE0,568.0,2025-12,2025-12-05,5
PCR,GT1824 XPC1,1D25218Z14008RXC10,144.0,2025-12,2025-12-05,5
PCR,GT  T1457 STAR,1325214617107MSXT0,292.0,2025-12,2025-12-06,6
PCR,GT 1402 XPC TATA,1D25214012008QXPCT,1189.0,2025-12,2025-12-06,6
PCR,GT 1483 UHL,1325214813075SUHL0,68.0,2025-12,2025-12-06,6
PCR,GT 1492 UHL,1325114812074TUHL0,372.0,2025-12,2025-12-06,6
PCR,GT 1503 NEO MSIL,1325215813079TUNE3,1194.0,2025-12,2025-12-06,6
PCR,GT 1513 XPC1 MSIL,1D25215013008SXC10,2330.0,2025-12,2025-12-06,6
PCR,GT 1543 XPC1,1D25215013008SXC1T,257.0,2025-12,2025-12-06,6
PCR,GT 1583 NEO TATA,1325215813079TUNE5,343.0,2025-12,2025-12-06,6
PCR,GT 1634 XPC TATA,1D25216814008QXPC0,263.0,2025-12,2025-12-06,6
PCR,GT 1673 NEO,1325216613079HUNE0,60.0,2025-12,2025-12-06,6
PCR,GT 1765 ROYL,1325217515084HURL2,428.0,2025-12,2025-12-06,6
PCR,GT 1773 NEO,1325217613082TUNE0,387.0,2025-12,2025-12-06,6
PCR,GT 1844 XPC TML,1D25218014010RXPCT,440.0,2025-12,2025-12-06,6
PCR,GT 1855 ROYL HYU,1325218515088HURL2,1.0,2025-12,2025-12-06,6
PCR,GT 1894 MAX,1325218614088TTMX0,119.0,2025-12,2025-12-06,6
PCR,GT 1925 XPC1,1225219Z15008SXC11,418.0,2025-12,2025-12-06,6
PCR,GT 1995 ROYL KIA,1325219515091HURL2,544.0,2025-12,2025-12-06,6
PCR,GT 2158 ROYL HYU,1325221318095HURL0,667.0,2025-12,2025-12-06,6
PCR,GT 2267 ROYL HYU,1325221417096HURL0,1161.0,2025-12,2025-12-06,6
PCR,GT 2568 HT2,1325225518111HRHB0,895.0,2025-12,2025-12-06,6
PCR,GT 2568 RAN AT,1325225518111HRAT0,246.0,2025-12,2025-12-06,6
PCR,GT1513 NEO,1325215513073TUNE0,548.0,2025-12,2025-12-06,6
PCR,GT1824 XPC1,1D25218Z14008RXC10,130.0,2025-12,2025-12-06,6
PCR,GT  T1457 STAR,1325214617107MSXT0,361.0,2025-12,2025-12-07,7
PCR,GT 1402 XPC TATA,1D25214012008QXPCT,1260.0,2025-12,2025-12-07,7
PCR,GT 1492 UHL,1325114812074TUHL0,368.0,2025-12,2025-12-07,7
PCR,GT 1503 NEO MSIL,1325215813079TUNE3,1493.0,2025-12,2025-12-07,7
PCR,GT 1513 XPC1 MSIL,1D25215013008SXC10,2494.0,2025-12,2025-12-07,7
PCR,GT 1543 XPC1,1D25215013008SXC1T,248.0,2025-12,2025-12-07,7
PCR,GT 1583 NEO TATA,1325215813079TUNE5,503.0,2025-12,2025-12-07,7
PCR,GT 1634 XPC TATA,1D25216814008QXPC0,322.0,2025-12,2025-12-07,7
PCR,GT 1673 NEO,1325216613079HUNE0,194.0,2025-12,2025-12-07,7
PCR,GT 1765 ROYL,1325217515084HURL2,394.0,2025-12,2025-12-07,7
PCR,GT 1773 NEO,1325217613082TUNE0,433.0,2025-12,2025-12-07,7
PCR,GT 1844 XPC TML,1D25218014010RXPCT,434.0,2025-12,2025-12-07,7
PCR,GT 1855 ROYL HYU,1325218515088HURL2,21.0,2025-12,2025-12-07,7
PCR,GT 1894 MAX,1325218614088TTMX0,356.0,2025-12,2025-12-07,7
PCR,GT 1925 XPC1,1225219Z15008SXC11,422.0,2025-12,2025-12-07,7
PCR,GT 1995 ROYL KIA,1325219515091HURL2,582.0,2025-12,2025-12-07,7
PCR,GT 2158 ROYL HYU,1325221318095HURL0,476.0,2025-12,2025-12-07,7
PCR,GT 2267 ROYL HYU,1325221417096HURL0,1151.0,2025-12,2025-12-07,7
PCR,GT 2568 HT2,1325225518111HRHB0,835.0,2025-12,2025-12-07,7
PCR,GT 2568 RAN AT,1325225518111HRAT0,315.0,2025-12,2025-12-07,7
PCR,GT1513 NEO,1325215513073TUNE0,506.0,2025-12,2025-12-07,7
PCR,GT1824 XPC1,1D25218Z14008RXC10,50.0,2025-12,2025-12-07,7
PCR,GT  T1457 STAR,1325214617107MSXT0,338.0,2025-12,2025-12-08,8
PCR,GT 1402 XPC TATA,1D25214012008QXPCT,1179.0,2025-12,2025-12-08,8
PCR,GT 1492 UHL,1325114812074TUHL0,388.0,2025-12,2025-12-08,8
PCR,GT 1503 NEO MSIL,1325215813079TUNE3,1469.0,2025-12,2025-12-08,8
PCR,GT 1513 XPC1 MSIL,1D25215013008SXC10,2411.0,2025-12,2025-12-08,8
PCR,GT 1543 XPC1,1D25215013008SXC1T,245.0,2025-12,2025-12-08,8
PCR,GT 1583 NEO TATA,1325215813079TUNE5,154.0,2025-12,2025-12-08,8
PCR,GT 1634 XPC TATA,1D25216814008QXPC0,446.0,2025-12,2025-12-08,8
PCR,GT 1673 NEO,1325216613079HUNE0,196.0,2025-12,2025-12-08,8
PCR,GT 1684 ROYL,1325216814085TURL2,14.0,2025-12,2025-12-08,8
PCR,GT 1765 ROYL,1325217515084HURL2,582.0,2025-12,2025-12-08,8
PCR,GT 1773 NEO,1325217613082TUNE0,432.0,2025-12,2025-12-08,8
PCR,GT 1844 XPC TML,1D25218014010RXPCT,432.0,2025-12,2025-12-08,8
PCR,GT 1894 MAX,1325218614088TTMX0,337.0,2025-12,2025-12-08,8
PCR,GT 1925 XPC1,1225219Z15008SXC11,404.0,2025-12,2025-12-08,8
PCR,GT 1995 ROYL KIA,1325219515091HURL2,564.0,2025-12,2025-12-08,8
PCR,GT 2158 ROYL HYU,1325221318095HURL0,791.0,2025-12,2025-12-08,8
PCR,GT 2267 ROYL HYU,1325221417096HURL0,1248.0,2025-12,2025-12-08,8
PCR,GT 2568 HT2,1325225518111HRHB0,951.0,2025-12,2025-12-08,8
PCR,GT 2568 RAN AT,1325225518111HRAT0,174.0,2025-12,2025-12-08,8
PCR,GT1513 NEO,1325215513073TUNE0,530.0,2025-12,2025-12-08,8
PCR,GT  T1457 STAR,1325214617107MSXT0,354.0,2025-12,2025-12-09,9
PCR,GT 1402 XPC TATA,1D25214012008QXPCT,1108.0,2025-12,2025-12-09,9
PCR,GT 1492 UHL,1325114812074TUHL0,336.0,2025-12,2025-12-09,9
PCR,GT 1503 NEO MSIL,1325215813079TUNE3,1500.0,2025-12,2025-12-09,9
PCR,GT 1513 XPC1 MSIL,1D25215013008SXC10,2513.0,2025-12,2025-12-09,9
PCR,GT 1543 XPC1,1D25215013008SXC1T,232.0,2025-12,2025-12-09,9
PCR,GT 1583 NEO TATA,1325215813079TUNE5,512.0,2025-12,2025-12-09,9
PCR,GT 1634 XPC TATA,1D25216814008QXPC0,450.0,2025-12,2025-12-09,9
PCR,GT 1673 NEO,1325216613079HUNE0,202.0,2025-12,2025-12-09,9
PCR,GT 1684 ROYL,1325216814085TURL2,19.0,2025-12,2025-12-09,9
PCR,GT 1765 ROYL,1325217515084HURL2,501.0,2025-12,2025-12-09,9
PCR,GT 1773 NEO,1325217613082TUNE0,431.0,2025-12,2025-12-09,9
PCR,GT 1844 XPC TML,1D25218014010RXPCT,384.0,2025-12,2025-12-09,9
PCR,GT 1894 MAX,1325218614088TTMX0,366.0,2025-12,2025-12-09,9
PCR,GT 1925 XPC1,1225219Z15008SXC11,452.0,2025-12,2025-12-09,9
PCR,GT 1995 ROYL KIA,1325219515091HURL2,586.0,2025-12,2025-12-09,9
PCR,GT 2158 ROYL HYU,1325221318095HURL0,753.0,2025-12,2025-12-09,9
PCR,GT 2267 ROYL HYU,1325221417096HURL0,1135.0,2025-12,2025-12-09,9
PCR,GT 2476 SUP MM,1325224716111SELS0,102.0,2025-12,2025-12-09,9
PCR,GT 2568 HT2,1325225518111HRHB0,779.0,2025-12,2025-12-09,9
PCR,GT 2568 RAN AT,1325225518111HRAT0,317.0,2025-12,2025-12-09,9
PCR,GT1513 NEO,1325215513073TUNE0,106.0,2025-12,2025-12-09,9
PCR,GT  T1457 STAR,1325214617107MSXT0,342.0,2025-12,2025-12-10,10
PCR,GT 1402 XPC TATA,1D25214012008QXPCT,1174.0,2025-12,2025-12-10,10
PCR,GT 1492 UHL,1325114812074TUHL0,316.0,2025-12,2025-12-10,10
PCR,GT 1503 NEO MSIL,1325215813079TUNE3,1265.0,2025-12,2025-12-10,10
PCR,GT 1513 XPC1 MSIL,1D25215013008SXC10,2567.0,2025-12,2025-12-10,10
PCR,GT 1543 XPC1,1D25215013008SXC1T,254.0,2025-12,2025-12-10,10
PCR,GT 1583 NEO TATA,1325215813079TUNE5,514.0,2025-12,2025-12-10,10
PCR,GT 1634 XPC TATA,1D25216814008QXPC0,325.0,2025-12,2025-12-10,10
PCR,GT 1673 NEO,1325216613079HUNE0,197.0,2025-12,2025-12-10,10
PCR,GT 1765 ROYL,1325217515084HURL2,550.0,2025-12,2025-12-10,10
PCR,GT 1773 NEO,1325217613082TUNE0,408.0,2025-12,2025-12-10,10
PCR,GT 1844 XPC TML,1D25218014010RXPCT,340.0,2025-12,2025-12-10,10
PCR,GT 1894 MAX,1325218614088TTMX0,388.0,2025-12,2025-12-10,10
PCR,GT 1925 XPC1,1225219Z15008SXC11,424.0,2025-12,2025-12-10,10
PCR,GT 1995 ROYL KIA,1325219515091HURL2,588.0,2025-12,2025-12-10,10
PCR,GT 2158 ROYL HYU,1325221318095HURL0,709.0,2025-12,2025-12-10,10
PCR,GT 2267 ROYL HYU,1325221417096HURL0,1247.0,2025-12,2025-12-10,10
PCR,GT 2476 SUP MM,1325224716111SELS0,552.0,2025-12,2025-12-10,10
PCR,GT 2568 HT2,1325225518111HRHB0,812.0,2025-12,2025-12-10,10
PCR,GT 2568 RAN AT,1325225518111HRAT0,159.0,2025-12,2025-12-10,10
PCR,GT  T1457 STAR,1325214617107MSXT0,216.0,2025-12,2025-12-11,11
PCR,GT 1402 XPC TATA,1D25214012008QXPCT,1048.0,2025-12,2025-12-11,11
PCR,GT 1412 XPC MM,1D25114012008QXPC0,2.0,2025-12,2025-12-11,11
PCR,GT 1492 UHL,1325114812074TUHL0,243.0,2025-12,2025-12-11,11
PCR,GT 1503 NEO MSIL,1325215813079TUNE3,1262.0,2025-12,2025-12-11,11
PCR,GT 1513 XPC1 MSIL,1D25215013008SXC10,2786.0,2025-12,2025-12-11,11
PCR,GT 1543 XPC1,1D25215013008SXC1T,132.0,2025-12,2025-12-11,11
PCR,GT 1583 NEO TATA,1325215813079TUNE5,390.0,2025-12,2025-12-11,11
PCR,GT 1634 XPC TATA,1D25216814008QXPC0,392.0,2025-12,2025-12-11,11
PCR,GT 1673 NEO,1325216613079HUNE0,202.0,2025-12,2025-12-11,11
PCR,GT 1765 ROYL,1325217515084HURL2,570.0,2025-12,2025-12-11,11
PCR,GT 1773 NEO,1325217613082TUNE0,419.0,2025-12,2025-12-11,11
PCR,GT 1844 XPC TML,1D25218014010RXPCT,347.0,2025-12,2025-12-11,11
PCR,GT 1894 MAX,1325218614088TTMX0,346.0,2025-12,2025-12-11,11
PCR,GT 1925 XPC1,1225219Z15008SXC11,416.0,2025-12,2025-12-11,11
PCR,GT 1995 ROYL KIA,1325219515091HURL2,548.0,2025-12,2025-12-11,11
PCR,GT 2158 ROYL HYU,1325221318095HURL0,948.0,2025-12,2025-12-11,11
PCR,GT 2267 ROYL HYU,1325221417096HURL0,1242.0,2025-12,2025-12-11,11
PCR,GT 2367 RAN XATW,1325223517104TRXT0,106.0,2025-12,2025-12-11,11
PCR,GT 2476 SUP MM,1325224716111SELS0,619.0,2025-12,2025-12-11,11
PCR,GT 2568 HT2,1325225518111HRHB0,818.0,2025-12,2025-12-11,11
PCR,GT2776 RAN AT,1325223616105TRAT0,62.0,2025-12,2025-12-11,11
PCR,GT  T1457 STAR,1325214617107MSXT0,298.0,2025-12,2025-12-12,12
PCR,GT 1402 XPC TATA,1D25214012008QXPCT,770.0,2025-12,2025-12-12,12
PCR,GT 1412 XPC MM,1D25114012008QXPC0,307.0,2025-12,2025-12-12,12
PCR,GT 1492 UHL,1325114812074TUHL0,210.0,2025-12,2025-12-12,12
PCR,GT 1503 NEO MSIL,1325215813079TUNE3,1208.0,2025-12,2025-12-12,12
PCR,GT 1513 XPC1 MSIL,1D25215013008SXC10,2506.0,2025-12,2025-12-12,12
PCR,GT 1543 XPC1,1D25215013008SXC1T,295.0,2025-12,2025-12-12,12
PCR,GT 1583 NEO TATA,1325215813079TUNE5,348.0,2025-12,2025-12-12,12
PCR,GT 1634 XPC TATA,1D25216814008QXPC0,420.0,2025-12,2025-12-12,12
PCR,GT 1673 NEO,1325216613079HUNE0,177.0,2025-12,2025-12-12,12
PCR,GT 1765 ROYL,1325217515084HURL2,559.0,2025-12,2025-12-12,12
PCR,GT 1773 NEO,1325217613082TUNE0,403.0,2025-12,2025-12-12,12
PCR,GT 1844 XPC TML,1D25218014010RXPCT,316.0,2025-12,2025-12-12,12
PCR,GT 1894 MAX,1325218614088TTMX0,352.0,2025-12,2025-12-12,12
PCR,GT 1925 XPC1,1225219Z15008SXC11,366.0,2025-12,2025-12-12,12
PCR,GT 1995 ROYL KIA,1325219515091HURL2,567.0,2025-12,2025-12-12,12
PCR,GT 2158 ROYL HYU,1325221318095HURL0,889.0,2025-12,2025-12-12,12
PCR,GT 2267 ROYL HYU,1325221417096HURL0,1275.0,2025-12,2025-12-12,12
PCR,GT 2367 RAN XATW,1325223517104TRXT0,142.0,2025-12,2025-12-12,12
PCR,GT 2476 SUP MM,1325224716111SELS0,613.0,2025-12,2025-12-12,12
PCR,GT 2568 HT2,1325225518111HRHB0,802.0,2025-12,2025-12-12,12
PCR,GT2776 RAN AT,1325223616105TRAT0,292.0,2025-12,2025-12-12,12
PCR,GT  T1457 STAR,1325214617107MSXT0,330.0,2025-12,2025-12-13,13
PCR,GT 1402 XPC TATA,1D25214012008QXPCT,826.0,2025-12,2025-12-13,13
PCR,GT 1412 XPC MM,1D25114012008QXPC0,329.0,2025-12,2025-12-13,13
PCR,GT 1492 UHL,1325114812074TUHL0,371.0,2025-12,2025-12-13,13
PCR,GT 1503 NEO MSIL,1325215813079TUNE3,1150.0,2025-12,2025-12-13,13
PCR,GT 1513 XPC1 MSIL,1D25215013008SXC10,2680.0,2025-12,2025-12-13,13
PCR,GT 1543 XPC1,1D25215013008SXC1T,128.0,2025-12,2025-12-13,13
PCR,GT 1583 NEO TATA,1325215813079TUNE5,436.0,2025-12,2025-12-13,13
PCR,GT 1634 XPC TATA,1D25216814008QXPC0,396.0,2025-12,2025-12-13,13
PCR,GT 1765 ROYL,1325217515084HURL2,584.0,2025-12,2025-12-13,13
PCR,GT 1773 NEO,1325217613082TUNE0,343.0,2025-12,2025-12-13,13
PCR,GT 1844 XPC TML,1D25218014010RXPCT,278.0,2025-12,2025-12-13,13
PCR,GT 1894 MAX,1325218614088TTMX0,368.0,2025-12,2025-12-13,13
PCR,GT 1925 XPC1,1225219Z15008SXC11,363.0,2025-12,2025-12-13,13
PCR,GT 1995 ROYL KIA,1325219515091HURL2,491.0,2025-12,2025-12-13,13
PCR,GT 2158 ROYL HYU,1325221318095HURL0,874.0,2025-12,2025-12-13,13
PCR,GT 2267 ROYL HYU,1325221417096HURL0,1230.0,2025-12,2025-12-13,13
PCR,GT 2367 RAN XATW,1325223517104TRXT0,121.0,2025-12,2025-12-13,13
PCR,GT 2476 SUP MM,1325224716111SELS0,591.0,2025-12,2025-12-13,13
PCR,GT 2568 HT2,1325225518111HRHB0,818.0,2025-12,2025-12-13,13
PCR,GT2776 RAN AT,1325223616105TRAT0,278.0,2025-12,2025-12-13,13
PCR,GT  T1457 STAR,1325214617107MSXT0,278.0,2025-12,2025-12-14,14
PCR,GT 1402 XPC TATA,1D25214012008QXPCT,927.0,2025-12,2025-12-14,14
PCR,GT 1412 XPC MM,1D25114012008QXPC0,236.0,2025-12,2025-12-14,14
PCR,GT 1492 UHL,1325114812074TUHL0,388.0,2025-12,2025-12-14,14
PCR,GT 1503 NEO MSIL,1325215813079TUNE3,990.0,2025-12,2025-12-14,14
PCR,GT 1513 XPC1 MSIL,1D25215013008SXC10,2704.0,2025-12,2025-12-14,14
PCR,GT 1543 XPC1,1D25215013008SXC1T,228.0,2025-12,2025-12-14,14
PCR,GT 1583 NEO TATA,1325215813079TUNE5,230.0,2025-12,2025-12-14,14
PCR,GT 1634 XPC TATA,1D25216814008QXPC0,440.0,2025-12,2025-12-14,14
PCR,GT 1765 ROYL,1325217515084HURL2,678.0,2025-12,2025-12-14,14
PCR,GT 1773 NEO,1325217613082TUNE0,344.0,2025-12,2025-12-14,14
PCR,GT 1844 XPC TML,1D25218014010RXPCT,342.0,2025-12,2025-12-14,14
PCR,GT 1894 MAX,1325218614088TTMX0,300.0,2025-12,2025-12-14,14
PCR,GT 1925 XPC1,1225219Z15008SXC11,441.0,2025-12,2025-12-14,14
PCR,GT 1995 ROYL KIA,1325219515091HURL2,567.0,2025-12,2025-12-14,14
PCR,GT 2158 ROYL HYU,1325221318095HURL0,951.0,2025-12,2025-12-14,14
PCR,GT 2267 ROYL HYU,1325221417096HURL0,1220.0,2025-12,2025-12-14,14
PCR,GT 2367 RAN XATW,1325223517104TRXT0,178.0,2025-12,2025-12-14,14
PCR,GT 2476 SUP MM,1325224716111SELS0,608.0,2025-12,2025-12-14,14
PCR,GT 2568 HT2,1325225518111HRHB0,818.0,2025-12,2025-12-14,14
PCR,GT2776 RAN AT,1325223616105TRAT0,274.0,2025-12,2025-12-14,14
PCR,GT  T1457 STAR,1325214617107MSXT0,340.0,2025-12,2025-12-15,15
PCR,GT 1402 XPC TATA,1D25214012008QXPCT,923.0,2025-12,2025-12-15,15
PCR,GT 1412 XPC MM,1D25114012008QXPC0,285.0,2025-12,2025-12-15,15
PCR,GT 1492 UHL,1325114812074TUHL0,508.0,2025-12,2025-12-15,15
PCR,GT 1503 NEO MSIL,1325215813079TUNE3,945.0,2025-12,2025-12-15,15
PCR,GT 1513 XPC1 MSIL,1D25215013008SXC10,2822.0,2025-12,2025-12-15,15
PCR,GT 1583 NEO TATA,1325215813079TUNE5,453.0,2025-12,2025-12-15,15
PCR,GT 1634 XPC TATA,1D25216814008QXPC0,450.0,2025-12,2025-12-15,15
PCR,GT 1765 ROYL,1325217515084HURL2,600.0,2025-12,2025-12-15,15
PCR,GT 1773 NEO,1325217613082TUNE0,1.0,2025-12,2025-12-15,15
PCR,GT 1844 XPC TML,1D25218014010RXPCT,284.0,2025-12,2025-12-15,15
PCR,GT 1894 MAX,1325218614088TTMX0,358.0,2025-12,2025-12-15,15
PCR,GT 1925 XPC1,1225219Z15008SXC11,448.0,2025-12,2025-12-15,15
PCR,GT 1995 ROYL KIA,1325219515091HURL2,375.0,2025-12,2025-12-15,15
PCR,GT 2158 ROYL HYU,1325221318095HURL0,932.0,2025-12,2025-12-15,15
PCR,GT 2267 ROYL HYU,1325221417096HURL0,1144.0,2025-12,2025-12-15,15
PCR,GT 2367 RAN XATW,1325223517104TRXT0,123.0,2025-12,2025-12-15,15
PCR,GT 2476 SUP MM,1325224716111SELS0,631.0,2025-12,2025-12-15,15
PCR,GT 2568 HT2,1325225518111HRHB0,794.0,2025-12,2025-12-15,15
PCR,GT2776 RAN AT,1325223616105TRAT0,266.0,2025-12,2025-12-15,15
PCR,GT  T1457 STAR,1325214617107MSXT0,310.0,2025-12,2025-12-16,16
PCR,GT 1402 XPC TATA,1D25214012008QXPCT,905.0,2025-12,2025-12-16,16
PCR,GT 1412 XPC MM,1D25114012008QXPC0,277.0,2025-12,2025-12-16,16
PCR,GT 1492 UHL,1325114812074TUHL0,965.0,2025-12,2025-12-16,16
PCR,GT 1503 NEO MSIL,1325215813079TUNE3,694.0,2025-12,2025-12-16,16
PCR,GT 1513 XPC1 MSIL,1D25215013008SXC10,2345.0,2025-12,2025-12-16,16
PCR,GT 1543 XPC1,1D25215013008SXC1T,298.0,2025-12,2025-12-16,16
PCR,GT 1583 NEO TATA,1325215813079TUNE5,268.0,2025-12,2025-12-16,16
PCR,GT 1634 XPC TATA,1D25216814008QXPC0,422.0,2025-12,2025-12-16,16
PCR,GT 1765 ROYL,1325217515084HURL2,570.0,2025-12,2025-12-16,16
PCR,GT 1844 XPC TML,1D25218014010RXPCT,286.0,2025-12,2025-12-16,16
PCR,GT 1894 MAX,1325218614088TTMX0,382.0,2025-12,2025-12-16,16
PCR,GT 1925 XPC1,1225219Z15008SXC11,446.0,2025-12,2025-12-16,16
PCR,GT 1995 ROYL KIA,1325219515091HURL2,417.0,2025-12,2025-12-16,16
PCR,GT 2158 ROYL HYU,1325221318095HURL0,923.0,2025-12,2025-12-16,16
PCR,GT 2267 ROYL HYU,1325221417096HURL0,1035.0,2025-12,2025-12-16,16
PCR,GT 2367 RAN XATW,1325223517104TRXT0,148.0,2025-12,2025-12-16,16
PCR,GT 2476 SUP MM,1325224716111SELS0,632.0,2025-12,2025-12-16,16
PCR,GT 2568 HT2,1325225518111HRHB0,790.0,2025-12,2025-12-16,16
PCR,GT2776 RAN AT,1325223616105TRAT0,288.0,2025-12,2025-12-16,16
PCR,GT  T1457 STAR,1325214617107MSXT0,350.0,2025-12,2025-12-17,17
PCR,GT 1402 XPC TATA,1D25214012008QXPCT,948.0,2025-12,2025-12-17,17
PCR,GT 1412 XPC MM,1D25114012008QXPC0,326.0,2025-12,2025-12-17,17
PCR,GT 1492 UHL,1325114812074TUHL0,837.0,2025-12,2025-12-17,17
PCR,GT 1503 NEO MSIL,1325215813079TUNE3,835.0,2025-12,2025-12-17,17
PCR,GT 1513 XPC1 MSIL,1D25215013008SXC10,2647.0,2025-12,2025-12-17,17
PCR,GT 1543 XPC1,1D25215013008SXC1T,75.0,2025-12,2025-12-17,17
PCR,GT 1583 NEO TATA,1325215813079TUNE5,346.0,2025-12,2025-12-17,17
PCR,GT 1634 XPC TATA,1D25216814008QXPC0,404.0,2025-12,2025-12-17,17
PCR,GT 1765 ROYL,1325217515084HURL2,764.0,2025-12,2025-12-17,17
PCR,GT 1844 XPC TML,1D25218014010RXPCT,299.0,2025-12,2025-12-17,17
PCR,GT 1894 MAX,1325218614088TTMX0,196.0,2025-12,2025-12-17,17
PCR,GT 1925 XPC1,1225219Z15008SXC11,372.0,2025-12,2025-12-17,17
PCR,GT 1995 ROYL KIA,1325219515091HURL2,578.0,2025-12,2025-12-17,17
PCR,GT 2158 ROYL HYU,1325221318095HURL0,1300.0,2025-12,2025-12-17,17
PCR,GT 2267 ROYL HYU,1325221417096HURL0,1065.0,2025-12,2025-12-17,17
PCR,GT 2367 RAN XATW,1325223517104TRXT0,50.0,2025-12,2025-12-17,17
PCR,GT 2476 SUP MM,1325224716111SELS0,638.0,2025-12,2025-12-17,17
PCR,GT 2568 HT2,1325225518111HRHB0,811.0,2025-12,2025-12-17,17
PCR,GT2776 RAN AT,1325223616105TRAT0,283.0,2025-12,2025-12-17,17
PCR,GT  T1457 STAR,1325214617107MSXT0,355.0,2025-12,2025-12-18,18
PCR,GT 1402 XPC TATA,1D25214012008QXPCT,755.0,2025-12,2025-12-18,18
PCR,GT 1412 XPC MM,1D25114012008QXPC0,330.0,2025-12,2025-12-18,18
PCR,GT 1492 UHL,1325114812074TUHL0,623.0,2025-12,2025-12-18,18
PCR,GT 1503 NEO MSIL,1325215813079TUNE3,844.0,2025-12,2025-12-18,18
PCR,GT 1513 XPC1 MSIL,1D25215013008SXC10,2482.0,2025-12,2025-12-18,18
PCR,GT 1543 XPC1,1D25215013008SXC1T,200.0,2025-12,2025-12-18,18
PCR,GT 1583 NEO TATA,1325215813079TUNE5,284.0,2025-12,2025-12-18,18
PCR,GT 1634 XPC TATA,1D25216814008QXPC0,440.0,2025-12,2025-12-18,18
PCR,GT 1765 ROYL,1325217515084HURL2,770.0,2025-12,2025-12-18,18
PCR,GT 1844 XPC TML,1D25218014010RXPCT,252.0,2025-12,2025-12-18,18
PCR,GT 1894 MAX,1325218614088TTMX0,344.0,2025-12,2025-12-18,18
PCR,GT 1925 XPC1,1225219Z15008SXC11,436.0,2025-12,2025-12-18,18
PCR,GT 1995 ROYL KIA,1325219515091HURL2,495.0,2025-12,2025-12-18,18
PCR,GT 2158 ROYL HYU,1325221318095HURL0,1407.0,2025-12,2025-12-18,18
PCR,GT 2267 ROYL HYU,1325221417096HURL0,1126.0,2025-12,2025-12-18,18
PCR,GT 2476 SUP MM,1325224716111SELS0,618.0,2025-12,2025-12-18,18
PCR,GT 2568 HT2,1325225518111HRHB0,647.0,2025-12,2025-12-18,18
PCR,GT2776 RAN AT,1325223616105TRAT0,269.0,2025-12,2025-12-18,18
PCR,GT  T1457 STAR,1325214617107MSXT0,332.0,2025-12,2025-12-19,19
PCR,GT 1402 XPC TATA,1D25214012008QXPCT,795.0,2025-12,2025-12-19,19
PCR,GT 1412 XPC MM,1D25114012008QXPC0,328.0,2025-12,2025-12-19,19
PCR,GT 1492 UHL,1325114812074TUHL0,704.0,2025-12,2025-12-19,19
PCR,GT 1503 NEO MSIL,1325215813079TUNE3,860.0,2025-12,2025-12-19,19
PCR,GT 1513 XPC1 MSIL,1D25215013008SXC10,2503.0,2025-12,2025-12-19,19
PCR,GT 1543 XPC1,1D25215013008SXC1T,212.0,2025-12,2025-12-19,19
PCR,GT 1583 NEO TATA,1325215813079TUNE5,296.0,2025-12,2025-12-19,19
PCR,GT 1634 XPC TATA,1D25216814008QXPC0,294.0,2025-12,2025-12-19,19
PCR,GT 1765 ROYL,1325217515084HURL2,590.0,2025-12,2025-12-19,19
PCR,GT 1844 XPC TML,1D25218014010RXPCT,158.0,2025-12,2025-12-19,19
PCR,GT 1894 MAX,1325218614088TTMX0,326.0,2025-12,2025-12-19,19
PCR,GT 1925 XPC1,1225219Z15008SXC11,356.0,2025-12,2025-12-19,19
PCR,GT 1995 ROYL KIA,1325219515091HURL2,592.0,2025-12,2025-12-19,19
PCR,GT 2158 ROYL HYU,1325221318095HURL0,1433.0,2025-12,2025-12-19,19
PCR,GT 2267 ROYL HYU,1325221417096HURL0,1210.0,2025-12,2025-12-19,19
PCR,GT 2476 SUP MM,1325224716111SELS0,626.0,2025-12,2025-12-19,19
PCR,GT 2568 HT2,1325225518111HRHB0,614.0,2025-12,2025-12-19,19
PCR,GT1814 XPC,1D25218Z14008QXPC0,96.0,2025-12,2025-12-19,19
PCR,GT2776 RAN AT,1325223616105TRAT0,272.0,2025-12,2025-12-19,19
PCR,GT  T1457 STAR,1325214617107MSXT0,308.0,2025-12,2025-12-20,20
PCR,GT 1402 XPC TATA,1D25214012008QXPCT,796.0,2025-12,2025-12-20,20
PCR,GT 1412 XPC MM,1D25114012008QXPC0,243.0,2025-12,2025-12-20,20
PCR,GT 1492 UHL,1325114812074TUHL0,730.0,2025-12,2025-12-20,20
PCR,GT 1503 NEO MSIL,1325215813079TUNE3,494.0,2025-12,2025-12-20,20
PCR,GT 1513 XPC1 MSIL,1D25215013008SXC10,2268.0,2025-12,2025-12-20,20
PCR,GT 1543 XPC1,1D25215013008SXC1T,252.0,2025-12,2025-12-20,20
PCR,GT 1583 NEO TATA,1325215813079TUNE5,512.0,2025-12,2025-12-20,20
PCR,GT 1634 XPC TATA,1D25216814008QXPC0,434.0,2025-12,2025-12-20,20
PCR,GT 1765 ROYL,1325217515084HURL2,457.0,2025-12,2025-12-20,20
PCR,GT 1844 XPC TML,1D25218014010RXPCT,248.0,2025-12,2025-12-20,20
PCR,GT 1854 XPC TT,1D25118014010RXPC0,52.0,2025-12,2025-12-20,20
PCR,GT 1894 MAX,1325218614088TTMX0,3.0,2025-12,2025-12-20,20
PCR,GT 1925 XPC1,1225219Z15008SXC11,310.0,2025-12,2025-12-20,20
PCR,GT 1995 ROYL KIA,1325219515091HURL2,751.0,2025-12,2025-12-20,20
PCR,GT 2158 ROYL HYU,1325221318095HURL0,1429.0,2025-12,2025-12-20,20
PCR,GT 2267 ROYL HYU,1325221417096HURL0,1279.0,2025-12,2025-12-20,20
PCR,GT 2476 SUP MM,1325224716111SELS0,639.0,2025-12,2025-12-20,20
PCR,GT 2568 HT2,1325225518111HRHB0,617.0,2025-12,2025-12-20,20
PCR,GT1814 XPC,1D25218Z14008QXPC0,118.0,2025-12,2025-12-20,20
PCR,GT2776 RAN AT,1325223616105TRAT0,272.0,2025-12,2025-12-20,20
PCR,GT  T1457 STAR,1325214617107MSXT0,376.0,2025-12,2025-12-21,21
PCR,GT 1402 XPC TATA,1D25214012008QXPCT,791.0,2025-12,2025-12-21,21
PCR,GT 1412 XPC MM,1D25114012008QXPC0,320.0,2025-12,2025-12-21,21
PCR,GT 1492 UHL,1325114812074TUHL0,856.0,2025-12,2025-12-21,21
PCR,GT 1503 NEO MSIL,1325215813079TUNE3,146.0,2025-12,2025-12-21,21
PCR,GT 1513 XPC1 MSIL,1D25215013008SXC10,2371.0,2025-12,2025-12-21,21
PCR,GT 1543 XPC1,1D25215013008SXC1T,294.0,2025-12,2025-12-21,21
PCR,GT 1583 NEO TATA,1325215813079TUNE5,420.0,2025-12,2025-12-21,21
PCR,GT 1634 XPC TATA,1D25216814008QXPC0,438.0,2025-12,2025-12-21,21
PCR,GT 1765 ROYL,1325217515084HURL2,458.0,2025-12,2025-12-21,21
PCR,GT 1844 XPC TML,1D25218014010RXPCT,305.0,2025-12,2025-12-21,21
PCR,GT 1854 XPC TT,1D25118014010RXPC0,118.0,2025-12,2025-12-21,21
PCR,GT 1894 MAX,1325218614088TTMX0,373.0,2025-12,2025-12-21,21
PCR,GT 1925 XPC1,1225219Z15008SXC11,428.0,2025-12,2025-12-21,21
PCR,GT 1995 ROYL KIA,1325219515091HURL2,702.0,2025-12,2025-12-21,21
PCR,GT 2158 ROYL HYU,1325221318095HURL0,1386.0,2025-12,2025-12-21,21
PCR,GT 2267 ROYL HYU,1325221417096HURL0,1276.0,2025-12,2025-12-21,21
PCR,GT 2476 SUP MM,1325224716111SELS0,637.0,2025-12,2025-12-21,21
PCR,GT 2568 HT2,1325225518111HRHB0,548.0,2025-12,2025-12-21,21
PCR,GT1814 XPC,1D25218Z14008QXPC0,94.0,2025-12,2025-12-21,21
PCR,GT2776 RAN AT,1325223616105TRAT0,294.0,2025-12,2025-12-21,21
PCR,GT  T1457 STAR,1325214617107MSXT0,314.0,2025-12,2025-12-22,22
PCR,GT 1402 XPC TATA,1D25214012008QXPCT,838.0,2025-12,2025-12-22,22
PCR,GT 1412 XPC MM,1D25114012008QXPC0,336.0,2025-12,2025-12-22,22
PCR,GT 1492 UHL,1325114812074TUHL0,858.0,2025-12,2025-12-22,22
PCR,GT 1503 NEO MSIL,1325215813079TUNE3,97.0,2025-12,2025-12-22,22
PCR,GT 1513 XPC1 MSIL,1D25215013008SXC10,2353.0,2025-12,2025-12-22,22
PCR,GT 1543 XPC1,1D25215013008SXC1T,286.0,2025-12,2025-12-22,22
PCR,GT 1583 NEO TATA,1325215813079TUNE5,508.0,2025-12,2025-12-22,22
PCR,GT 1634 XPC TATA,1D25216814008QXPC0,415.0,2025-12,2025-12-22,22
PCR,GT 1765 ROYL,1325217515084HURL2,333.0,2025-12,2025-12-22,22
PCR,GT 1844 UXT,1325218514086HUTR0,120.0,2025-12,2025-12-22,22
PCR,GT 1844 XPC TML,1D25218014010RXPCT,358.0,2025-12,2025-12-22,22
PCR,GT 1854 XPC TT,1D25118014010RXPC0,102.0,2025-12,2025-12-22,22
PCR,GT 1894 MAX,1325218614088TTMX0,384.0,2025-12,2025-12-22,22
PCR,GT 1925 XPC1,1225219Z15008SXC11,562.0,2025-12,2025-12-22,22
PCR,GT 1995 ROYL KIA,1325219515091HURL2,885.0,2025-12,2025-12-22,22
PCR,GT 2158 ROYL HYU,1325221318095HURL0,1389.0,2025-12,2025-12-22,22
PCR,GT 2267 ROYL HYU,1325221417096HURL0,1224.0,2025-12,2025-12-22,22
PCR,GT 2476 SUP MM,1325224716111SELS0,634.0,2025-12,2025-12-22,22
PCR,GT 2568 HT2,1325225518111HRHB0,632.0,2025-12,2025-12-22,22
PCR,GT1814 XPC,1D25218Z14008QXPC0,92.0,2025-12,2025-12-22,22
PCR,GT2776 RAN AT,1325223616105TRAT0,284.0,2025-12,2025-12-22,22
PCR,GT  T1457 STAR,1325214617107MSXT0,314.0,2025-12,2025-12-23,23
PCR,GT 1402 XPC TATA,1D25214012008QXPCT,790.0,2025-12,2025-12-23,23
PCR,GT 1412 XPC MM,1D25114012008QXPC0,335.0,2025-12,2025-12-23,23
PCR,GT 1492 UHL,1325114812074TUHL0,826.0,2025-12,2025-12-23,23
PCR,GT 1513 XPC1 MSIL,1D25215013008SXC10,2302.0,2025-12,2025-12-23,23
PCR,GT 1543 XPC1,1D25215013008SXC1T,290.0,2025-12,2025-12-23,23
PCR,GT 1583 NEO TATA,1325215813079TUNE5,483.0,2025-12,2025-12-23,23
PCR,GT 1634 XPC TATA,1D25216814008QXPC0,383.0,2025-12,2025-12-23,23
PCR,GT 1765 ROYL,1325217515084HURL2,370.0,2025-12,2025-12-23,23
PCR,GT 1844 UXT,1325218514086HUTR0,368.0,2025-12,2025-12-23,23
PCR,GT 1844 XPC TML,1D25218014010RXPCT,347.0,2025-12,2025-12-23,23
PCR,GT 1854 XPC TT,1D25118014010RXPC0,114.0,2025-12,2025-12-23,23
PCR,GT 1894 MAX,1325218614088TTMX0,297.0,2025-12,2025-12-23,23
PCR,GT 1925 XPC1,1225219Z15008SXC11,516.0,2025-12,2025-12-23,23
PCR,GT 1995 ROYL KIA,1325219515091HURL2,951.0,2025-12,2025-12-23,23
PCR,GT 2158 ROYL HYU,1325221318095HURL0,1358.0,2025-12,2025-12-23,23
PCR,GT 2267 ROYL HYU,1325221417096HURL0,1128.0,2025-12,2025-12-23,23
PCR,GT 2476 SUP MM,1325224716111SELS0,618.0,2025-12,2025-12-23,23
PCR,GT 2568 HT2,1325225518111HRHB0,565.0,2025-12,2025-12-23,23
PCR,GT1814 XPC,1D25218Z14008QXPC0,120.0,2025-12,2025-12-23,23
PCR,GT2776 RAN AT,1325223616105TRAT0,261.0,2025-12,2025-12-23,23
PCR,GT  T1457 STAR,1325214617107MSXT0,382.0,2025-12,2025-12-24,24
PCR,GT 1402 XPC TATA,1D25214012008QXPCT,758.0,2025-12,2025-12-24,24
PCR,GT 1412 XPC MM,1D25114012008QXPC0,325.0,2025-12,2025-12-24,24
PCR,GT 1492 UHL,1325114812074TUHL0,694.0,2025-12,2025-12-24,24
PCR,GT 1513 XPC1 MSIL,1D25215013008SXC10,2238.0,2025-12,2025-12-24,24
PCR,GT 1543 XPC1,1D25215013008SXC1T,190.0,2025-12,2025-12-24,24
PCR,GT 1583 NEO TATA,1325215813079TUNE5,459.0,2025-12,2025-12-24,24
PCR,GT 1634 XPC TATA,1D25216814008QXPC0,434.0,2025-12,2025-12-24,24
PCR,GT 1765 ROYL,1325217515084HURL2,273.0,2025-12,2025-12-24,24
PCR,GT 1844 UXT,1325218514086HUTR0,327.0,2025-12,2025-12-24,24
PCR,GT 1844 XPC TML,1D25218014010RXPCT,365.0,2025-12,2025-12-24,24
PCR,GT 1854 XPC TT,1D25118014010RXPC0,93.0,2025-12,2025-12-24,24
PCR,GT 1894 MAX,1325218614088TTMX0,364.0,2025-12,2025-12-24,24
PCR,GT 1925 XPC1,1225219Z15008SXC11,549.0,2025-12,2025-12-24,24
PCR,GT 1995 ROYL KIA,1325219515091HURL2,827.0,2025-12,2025-12-24,24
PCR,GT 2126 ROYL,1325221516098HURL0,97.0,2025-12,2025-12-24,24
PCR,GT 2158 ROYL HYU,1325221318095HURL0,1306.0,2025-12,2025-12-24,24
PCR,GT 2267 ROYL HYU,1325221417096HURL0,1069.0,2025-12,2025-12-24,24
PCR,GT 2476 SUP MM,1325224716111SELS0,619.0,2025-12,2025-12-24,24
PCR,GT 2568 HT2,1325225518111HRHB0,632.0,2025-12,2025-12-24,24
PCR,GT 2666 RAN HT,1325226616111TRHT0,35.0,2025-12,2025-12-24,24
PCR,GT1814 XPC,1D25218Z14008QXPC0,54.0,2025-12,2025-12-24,24
PCR,GT2776 RAN AT,1325223616105TRAT0,2.0,2025-12,2025-12-24,24
PCR,GT  T1457 STAR,1325214617107MSXT0,375.0,2025-12,2025-12-25,25
PCR,GT 1402 XPC TATA,1D25214012008QXPCT,810.0,2025-12,2025-12-25,25
PCR,GT 1412 XPC MM,1D25114012008QXPC0,332.0,2025-12,2025-12-25,25
PCR,GT 1422 MAX,1325214812074TTMX0,1.0,2025-12,2025-12-25,25
PCR,GT 1492 UHL,1325114812074TUHL0,677.0,2025-12,2025-12-25,25
PCR,GT 1513 XPC1 MSIL,1D25215013008SXC10,2038.0,2025-12,2025-12-25,25
PCR,GT 1543 XPC1,1D25215013008SXC1T,292.0,2025-12,2025-12-25,25
PCR,GT 1583 NEO TATA,1325215813079TUNE5,489.0,2025-12,2025-12-25,25
PCR,GT 1634 XPC TATA,1D25216814008QXPC0,389.0,2025-12,2025-12-25,25
PCR,GT 1765 ROYL,1325217515084HURL2,348.0,2025-12,2025-12-25,25
PCR,GT 1844 UXT,1325218514086HUTR0,383.0,2025-12,2025-12-25,25
PCR,GT 1844 XPC TML,1D25218014010RXPCT,288.0,2025-12,2025-12-25,25
PCR,GT 1854 XPC TT,1D25118014010RXPC0,105.0,2025-12,2025-12-25,25
PCR,GT 1894 MAX,1325218614088TTMX0,319.0,2025-12,2025-12-25,25
PCR,GT 1925 XPC1,1225219Z15008SXC11,480.0,2025-12,2025-12-25,25
PCR,GT 1995 ROYL KIA,1325219515091HURL2,771.0,2025-12,2025-12-25,25
PCR,GT 2126 ROYL,1325221516098HURL0,144.0,2025-12,2025-12-25,25
PCR,GT 2158 ROYL HYU,1325221318095HURL0,1366.0,2025-12,2025-12-25,25
PCR,GT 2267 ROYL HYU,1325221417096HURL0,1148.0,2025-12,2025-12-25,25
PCR,GT 2455 RAN A/T,1325221715100SRAT0,82.0,2025-12,2025-12-25,25
PCR,GT 2476 SUP MM,1325224716111SELS0,614.0,2025-12,2025-12-25,25
PCR,GT 2568 HT2,1325225518111HRHB0,619.0,2025-12,2025-12-25,25
PCR,GT 2666 RAN HT,1325226616111TRHT0,150.0,2025-12,2025-12-25,25
PCR,GT1814 XPC,1D25218Z14008QXPC0,114.0,2025-12,2025-12-25,25
PCR,GT  T1457 STAR,1325214617107MSXT0,360.0,2025-12,2025-12-26,26
PCR,GT 1402 XPC TATA,1D25214012008QXPCT,1029.0,2025-12,2025-12-26,26
PCR,GT 1412 XPC MM,1D25114012008QXPC0,8.0,2025-12,2025-12-26,26
PCR,GT 1422 MAX,1325214812074TTMX0,24.0,2025-12,2025-12-26,26
PCR,GT 1492 UHL,1325114812074TUHL0,679.0,2025-12,2025-12-26,26
PCR,GT 1513 XPC1 MSIL,1D25215013008SXC10,2081.0,2025-12,2025-12-26,26
PCR,GT 1543 XPC1,1D25215013008SXC1T,182.0,2025-12,2025-12-26,26
PCR,GT 1583 NEO TATA,1325215813079TUNE5,366.0,2025-12,2025-12-26,26
PCR,GT 1634 XPC TATA,1D25216814008QXPC0,436.0,2025-12,2025-12-26,26
PCR,GT 1684 ROYL,1325216814085TURL2,168.0,2025-12,2025-12-26,26
PCR,GT 1765 ROYL,1325217515084HURL2,334.0,2025-12,2025-12-26,26
PCR,GT 1844 UXT,1325218514086HUTR0,375.0,2025-12,2025-12-26,26
PCR,GT 1844 XPC TML,1D25218014010RXPCT,364.0,2025-12,2025-12-26,26
PCR,GT 1854 XPC TT,1D25118014010RXPC0,115.0,2025-12,2025-12-26,26
PCR,GT 1894 MAX,1325218614088TTMX0,354.0,2025-12,2025-12-26,26
PCR,GT 1925 XPC1,1225219Z15008SXC11,365.0,2025-12,2025-12-26,26
PCR,GT 1995 ROYL KIA,1325219515091HURL2,851.0,2025-12,2025-12-26,26
PCR,GT 2126 ROYL,1325221516098HURL0,170.0,2025-12,2025-12-26,26
PCR,GT 2158 ROYL HYU,1325221318095HURL0,1255.0,2025-12,2025-12-26,26
PCR,GT 2267 ROYL HYU,1325221417096HURL0,1199.0,2025-12,2025-12-26,26
PCR,GT 2455 RAN A/T,1325221715100SRAT0,352.0,2025-12,2025-12-26,26
PCR,GT 2476 SUP MM,1325224716111SELS0,548.0,2025-12,2025-12-26,26
PCR,GT 2568 HT2,1325225518111HRHB0,729.0,2025-12,2025-12-26,26
PCR,GT 2666 RAN HT,1325226616111TRHT0,155.0,2025-12,2025-12-26,26
PCR,GT1814 XPC,1D25218Z14008QXPC0,119.0,2025-12,2025-12-26,26
PCR,GT  T1457 STAR,1325214617107MSXT0,358.0,2025-12,2025-12-27,27
PCR,GT 1402 XPC TATA,1D25214012008QXPCT,1089.0,2025-12,2025-12-27,27
PCR,GT 1422 MAX,1325214812074TTMX0,238.0,2025-12,2025-12-27,27
PCR,GT 1492 UHL,1325114812074TUHL0,541.0,2025-12,2025-12-27,27
PCR,GT 1513 XPC1 MSIL,1D25215013008SXC10,2020.0,2025-12,2025-12-27,27
PCR,GT 1543 XPC1,1D25215013008SXC1T,231.0,2025-12,2025-12-27,27
PCR,GT 1583 NEO TATA,1325215813079TUNE5,497.0,2025-12,2025-12-27,27
PCR,GT 1634 XPC TATA,1D25216814008QXPC0,416.0,2025-12,2025-12-27,27
PCR,GT 1684 ROYL,1325216814085TURL2,59.0,2025-12,2025-12-27,27
PCR,GT 1765 ROYL,1325217515084HURL2,334.0,2025-12,2025-12-27,27
PCR,GT 1844 UXT,1325218514086HUTR0,382.0,2025-12,2025-12-27,27
PCR,GT 1844 XPC TML,1D25218014010RXPCT,366.0,2025-12,2025-12-27,27
PCR,GT 1854 XPC TT,1D25118014010RXPC0,85.0,2025-12,2025-12-27,27
PCR,GT 1894 MAX,1325218614088TTMX0,393.0,2025-12,2025-12-27,27
PCR,GT 1925 XPC1,1225219Z15008SXC11,252.0,2025-12,2025-12-27,27
PCR,GT 1995 ROYL KIA,1325219515091HURL2,828.0,2025-12,2025-12-27,27
PCR,GT 2126 ROYL,1325221516098HURL0,138.0,2025-12,2025-12-27,27
PCR,GT 2158 ROYL HYU,1325221318095HURL0,1259.0,2025-12,2025-12-27,27
PCR,GT 2267 ROYL HYU,1325221417096HURL0,1233.0,2025-12,2025-12-27,27
PCR,GT 2455 RAN A/T,1325221715100SRAT0,474.0,2025-12,2025-12-27,27
PCR,GT 2476 SUP MM,1325224716111SELS0,639.0,2025-12,2025-12-27,27
PCR,GT 2568 HT2,1325225518111HRHB0,795.0,2025-12,2025-12-27,27
PCR,GT 2666 RAN HT,1325226616111TRHT0,66.0,2025-12,2025-12-27,27
PCR,GT1814 XPC,1D25218Z14008QXPC0,106.0,2025-12,2025-12-27,27
PCR,GT  T1457 STAR,1325214617107MSXT0,334.0,2025-12,2025-12-28,28
PCR,GT 1402 XPC TATA,1D25214012008QXPCT,951.0,2025-12,2025-12-28,28
PCR,GT 1422 MAX,1325214812074TTMX0,184.0,2025-12,2025-12-28,28
PCR,GT 1492 UHL,1325114812074TUHL0,505.0,2025-12,2025-12-28,28
PCR,GT 1513 XPC1 MSIL,1D25215013008SXC10,1602.0,2025-12,2025-12-28,28
PCR,GT 1543 XPC1,1D25215013008SXC1T,429.0,2025-12,2025-12-28,28
PCR,GT 1583 NEO TATA,1325215813079TUNE5,530.0,2025-12,2025-12-28,28
PCR,GT 1634 XPC TATA,1D25216814008QXPC0,432.0,2025-12,2025-12-28,28
PCR,GT 1765 ROYL,1325217515084HURL2,347.0,2025-12,2025-12-28,28
PCR,GT 1844 UXT,1325218514086HUTR0,402.0,2025-12,2025-12-28,28
PCR,GT 1844 XPC TML,1D25218014010RXPCT,275.0,2025-12,2025-12-28,28
PCR,GT 1854 XPC TT,1D25118014010RXPC0,115.0,2025-12,2025-12-28,28
PCR,GT 1894 MAX,1325218614088TTMX0,363.0,2025-12,2025-12-28,28
PCR,GT 1925 XPC1,1225219Z15008SXC11,336.0,2025-12,2025-12-28,28
PCR,GT 1995 ROYL KIA,1325219515091HURL2,811.0,2025-12,2025-12-28,28
PCR,GT 2126 ROYL,1325221516098HURL0,49.0,2025-12,2025-12-28,28
PCR,GT 2158 ROYL HYU,1325221318095HURL0,942.0,2025-12,2025-12-28,28
PCR,GT 2267 ROYL HYU,1325221417096HURL0,1121.0,2025-12,2025-12-28,28
PCR,GT 2455 RAN A/T,1325221715100SRAT0,482.0,2025-12,2025-12-28,28
PCR,GT 2476 SUP MM,1325224716111SELS0,573.0,2025-12,2025-12-28,28
PCR,GT 2568 HT2,1325225518111HRHB0,713.0,2025-12,2025-12-28,28
PCR,GT 2617 RAN XAT,1325226517112HRXT0,46.0,2025-12,2025-12-28,28
PCR,GT1814 XPC,1D25218Z14008QXPC0,114.0,2025-12,2025-12-28,28
PCR,GT2266 RAN HT,1325221516098HRHT0,64.0,2025-12,2025-12-28,28
PCR,GT  T1457 STAR,1325214617107MSXT0,258.0,2025-12,2025-12-29,29
PCR,GT 1402 XPC TATA,1D25214012008QXPCT,979.0,2025-12,2025-12-29,29
PCR,GT 1422 MAX,1325214812074TTMX0,290.0,2025-12,2025-12-29,29
PCR,GT 1492 UHL,1325114812074TUHL0,526.0,2025-12,2025-12-29,29
PCR,GT 1513 XPC1 MSIL,1D25215013008SXC10,1947.0,2025-12,2025-12-29,29
PCR,GT 1543 XPC1,1D25215013008SXC1T,267.0,2025-12,2025-12-29,29
PCR,GT 1583 NEO TATA,1325215813079TUNE5,444.0,2025-12,2025-12-29,29
PCR,GT 1634 XPC TATA,1D25216814008QXPC0,415.0,2025-12,2025-12-29,29
PCR,GT 1765 ROYL,1325217515084HURL2,332.0,2025-12,2025-12-29,29
PCR,GT 1844 UXT,1325218514086HUTR0,377.0,2025-12,2025-12-29,29
PCR,GT 1844 XPC TML,1D25218014010RXPCT,359.0,2025-12,2025-12-29,29
PCR,GT 1854 XPC TT,1D25118014010RXPC0,119.0,2025-12,2025-12-29,29
PCR,GT 1894 MAX,1325218614088TTMX0,394.0,2025-12,2025-12-29,29
PCR,GT 1925 XPC1,1225219Z15008SXC11,274.0,2025-12,2025-12-29,29
PCR,GT 1995 ROYL KIA,1325219515091HURL2,960.0,2025-12,2025-12-29,29
PCR,GT 2158 ROYL HYU,1325221318095HURL0,1142.0,2025-12,2025-12-29,29
PCR,GT 2267 ROYL HYU,1325221417096HURL0,1170.0,2025-12,2025-12-29,29
PCR,GT 2455 RAN A/T,1325221715100SRAT0,473.0,2025-12,2025-12-29,29
PCR,GT 2476 SUP MM,1325224716111SELS0,612.0,2025-12,2025-12-29,29
PCR,GT 2568 HT2,1325225518111HRHB0,814.0,2025-12,2025-12-29,29
PCR,GT 2617 RAN XAT,1325226517112HRXT0,150.0,2025-12,2025-12-29,29
PCR,GT1814 XPC,1D25218Z14008QXPC0,215.0,2025-12,2025-12-29,29
PCR,GT2266 RAN HT,1325221516098HRHT0,306.0,2025-12,2025-12-29,29
PCR,GT  T1457 STAR,1325214617107MSXT0,2.0,2025-12,2025-12-30,30
PCR,GT 1402 XPC TATA,1D25214012008QXPCT,1054.0,2025-12,2025-12-30,30
PCR,GT 1422 MAX,1325214812074TTMX0,306.0,2025-12,2025-12-30,30
PCR,GT 1492 UHL,1325114812074TUHL0,452.0,2025-12,2025-12-30,30
PCR,GT 1513 XPC1 MSIL,1D25215013008SXC10,1696.0,2025-12,2025-12-30,30
PCR,GT 1543 XPC1,1D25215013008SXC1T,275.0,2025-12,2025-12-30,30
PCR,GT 1583 NEO TATA,1325215813079TUNE5,456.0,2025-12,2025-12-30,30
PCR,GT 1634 XPC TATA,1D25216814008QXPC0,454.0,2025-12,2025-12-30,30
PCR,GT 1765 ROYL,1325217515084HURL2,350.0,2025-12,2025-12-30,30
PCR,GT 1844 UXT,1325218514086HUTR0,398.0,2025-12,2025-12-30,30
PCR,GT 1844 XPC TML,1D25218014010RXPCT,336.0,2025-12,2025-12-30,30
PCR,GT 1854 XPC TT,1D25118014010RXPC0,68.0,2025-12,2025-12-30,30
PCR,GT 1894 MAX,1325218614088TTMX0,395.0,2025-12,2025-12-30,30
PCR,GT 1925 XPC1,1225219Z15008SXC11,338.0,2025-12,2025-12-30,30
PCR,GT 1995 ROYL KIA,1325219515091HURL2,880.0,2025-12,2025-12-30,30
PCR,GT 2158 ROYL HYU,1325221318095HURL0,817.0,2025-12,2025-12-30,30
PCR,GT 2267 ROYL HYU,1325221417096HURL0,1036.0,2025-12,2025-12-30,30
PCR,GT 2367 RAN XATW,1325223517104TRXT0,20.0,2025-12,2025-12-30,30
PCR,GT 2455 RAN A/T,1325221715100SRAT0,473.0,2025-12,2025-12-30,30
PCR,GT 2476 SUP MM,1325224716111SELS0,615.0,2025-12,2025-12-30,30
PCR,GT 2568 HT2,1325225518111HRHB0,792.0,2025-12,2025-12-30,30
PCR,GT 2617 RAN XAT,1325226517112HRXT0,110.0,2025-12,2025-12-30,30
PCR,GT1814 XPC,1D25218Z14008QXPC0,216.0,2025-12,2025-12-30,30
PCR,GT2266 RAN HT,1325221516098HRHT0,317.0,2025-12,2025-12-30,30
PCR,GT 1402 XPC TATA,1D25214012008QXPCT,1124.0,2025-12,2025-12-31,31
PCR,GT 1422 MAX,1325214812074TTMX0,324.0,2025-12,2025-12-31,31
PCR,GT 1492 UHL,1325114812074TUHL0,520.0,2025-12,2025-12-31,31
PCR,GT 1513 XPC1 MSIL,1D25215013008SXC10,1936.0,2025-12,2025-12-31,31
PCR,GT 1543 XPC1,1D25215013008SXC1T,279.0,2025-12,2025-12-31,31
PCR,GT 1583 NEO TATA,1325215813079TUNE5,428.0,2025-12,2025-12-31,31
PCR,GT 1634 XPC TATA,1D25216814008QXPC0,382.0,2025-12,2025-12-31,31
PCR,GT 1765 ROYL,1325217515084HURL2,318.0,2025-12,2025-12-31,31
PCR,GT 1844 UXT,1325218514086HUTR0,359.0,2025-12,2025-12-31,31
PCR,GT 1844 XPC TML,1D25218014010RXPCT,242.0,2025-12,2025-12-31,31
PCR,GT 1854 XPC TT,1D25118014010RXPC0,120.0,2025-12,2025-12-31,31
PCR,GT 1894 MAX,1325218614088TTMX0,288.0,2025-12,2025-12-31,31
PCR,GT 1925 XPC1,1225219Z15008SXC11,266.0,2025-12,2025-12-31,31
PCR,GT 1995 ROYL KIA,1325219515091HURL2,876.0,2025-12,2025-12-31,31
PCR,GT 2158 ROYL HYU,1325221318095HURL0,972.0,2025-12,2025-12-31,31
PCR,GT 2267 ROYL HYU,1325221417096HURL0,1064.0,2025-12,2025-12-31,31
PCR,GT 2367 RAN XATW,1325223517104TRXT0,275.0,2025-12,2025-12-31,31
PCR,GT 2455 RAN A/T,1325221715100SRAT0,340.0,2025-12,2025-12-31,31
PCR,GT 2476 SUP MM,1325224716111SELS0,640.0,2025-12,2025-12-31,31
PCR,GT 2568 HT2,1325225518111HRHB0,809.0,2025-12,2025-12-31,31
PCR,GT 2617 RAN XAT,1325226517112HRXT0,156.0,2025-12,2025-12-31,31
PCR,GT 3125 RAN MT,1325231015109QRMT0,46.0,2025-12,2025-12-31,31
PCR,GT1814 XPC,1D25218Z14008QXPC0,57.0,2025-12,2025-12-31,31
PCR,GT2266 RAN HT,1325221516098HRHT0,290.0,2025-12,2025-12-31,31
TBR,10.00 R 20 JDE,1121129A20000JDEP0,190.0,2025-12,2025-12-01,1
TBR,10.00 R 20 JUH3+,1122110020016KH3P0,319.0,2025-12,2025-12-01,1
TBR,10.00 R 20 JUH5,1122110020016KUH50,254.0,2025-12,2025-12-01,1
TBR,10.00R 20 JW302,1123129A20152JUCM0,25.0,2025-12,2025-12-01,1
TBR,11.00R20 JUH5,1122111020016KUH50,87.0,2025-12,2025-12-01,1
TBR,11.00R20JDE++,1121111020016KDEP0,93.0,2025-12,2025-12-01,1
TBR,11R22.5JUHE,115221102C016LJUH0,10.0,2025-12,2025-12-01,1
TBR,295/80R22.5JUL1,112222982C016MJUM0,102.0,2025-12,2025-12-01,1
TBR,295/90R20 JDE++ (RS),1121129A20000JDEPM,12.0,2025-12,2025-12-01,1
TBR,315/70R22.5JDL3,115123162C018LDL30,39.0,2025-12,2025-12-01,1
TBR,315/70R22.5JUL4,115223162C018LUL40,22.0,2025-12,2025-12-01,1
TBR,315/80R22.5JUL4,115223182C018LUL40,18.0,2025-12,2025-12-01,1
TBR,385/65R22.5JTL,115223852C024KJTL0,40.0,2025-12,2025-12-01,1
TBR,385/65R22.5JUH6,115223852C020KUH60,11.0,2025-12,2025-12-01,1
TBR,8.25R20JDE++,1121182020016KDEP0,85.0,2025-12,2025-12-01,1
TBR,8.25R20JUH5,1122182020016KUH50,84.0,2025-12,2025-12-01,1
TBR,8.25R20VUH3+,1152182020016KH3PV,8.0,2025-12,2025-12-01,1
TBR,9.00 R 20 JDE++,1121190020016KDEP0,27.0,2025-12,2025-12-01,1
TBR,GT 5018 - 9.00R20 JUC2,1123190020016KJC20,22.0,2025-12,2025-12-01,1
TBR,GT 5075 - 295/90R20 JUH XF,1122129A20152JULF0,108.0,2025-12,2025-12-01,1
TBR,GT 5076 - 295/90R20 JDE XF,1121129A20152JDLF0,81.0,2025-12,2025-12-01,1
TBR,GT 5078 - 295/80R22.5 JUX E,112222982C016JUXE0,54.0,2025-12,2025-12-01,1
TBR,GT 5079 - 255/70R22.5 JUX E,112222562C016MUXE0,9.0,2025-12,2025-12-01,1
TBR,GT 5083 - 295/80R22.5 JUM XM,112222982C016MJXM0,286.0,2025-12,2025-12-01,1
TBR,GT 5096 - 11.00R20 JDC XD,1121111020016KCXD0,71.0,2025-12,2025-12-01,1
TBR,10.00 R 20 JDE,1121129A20000JDEP0,138.0,2025-12,2025-12-02,2
TBR,10.00 R 20 JUH3+,1122110020016KH3P0,328.0,2025-12,2025-12-02,2
TBR,10.00 R 20 JUH5,1122110020016KUH50,346.0,2025-12,2025-12-02,2
TBR,10.00R 20 JW302,1123129A20152JUCM0,166.0,2025-12,2025-12-02,2
TBR,11.00R20 JUH5,1122111020016KUH50,62.0,2025-12,2025-12-02,2
TBR,11.00R20JDE++,1121111020016KDEP0,82.0,2025-12,2025-12-02,2
TBR,11R22.5JUHE,115221102C016LJUH0,52.0,2025-12,2025-12-02,2
TBR,255/70R22.5JTH1,115222562C016MTH10,40.0,2025-12,2025-12-02,2
TBR,295/80R22.5JDC3,115122982C016KDC30,38.0,2025-12,2025-12-02,2
TBR,295/80R22.5JUL1,112222982C016MJUM0,146.0,2025-12,2025-12-02,2
TBR,295/90R20 JDE++ (RS),1121129A20000JDEPM,34.0,2025-12,2025-12-02,2
TBR,315/70R22.5JDL3,115123162C018LDL30,21.0,2025-12,2025-12-02,2
TBR,315/70R22.5JUL4,115223162C018LUL40,32.0,2025-12,2025-12-02,2
TBR,315/80R22.5JUL4,115223182C018LUL40,3.0,2025-12,2025-12-02,2
TBR,385/65R22.5JTL,115223852C024KJTL0,71.0,2025-12,2025-12-02,2
TBR,385/65R22.5JUH6,115223852C020KUH60,92.0,2025-12,2025-12-02,2
TBR,8.25R20JDE++,1121182020016KDEP0,150.0,2025-12,2025-12-02,2
TBR,8.25R20JUH5,1122182020016KUH50,76.0,2025-12,2025-12-02,2
TBR,8.25R20VUH3+,1152182020016KH3PV,45.0,2025-12,2025-12-02,2
TBR,9.00 R 20 JDE++,1121190020016KDEP0,53.0,2025-12,2025-12-02,2
TBR,GT 5018 - 9.00R20 JUC2,1123190020016KJC20,30.0,2025-12,2025-12-02,2
TBR,GT 5075 - 295/90R20 JUH XF,1122129A20152JULF0,152.0,2025-12,2025-12-02,2
TBR,GT 5076 - 295/90R20 JDE XF,1121129A20152JDLF0,182.0,2025-12,2025-12-02,2
TBR,GT 5078 - 295/80R22.5 JUX E,112222982C016JUXE0,30.0,2025-12,2025-12-02,2
TBR,GT 5079 - 255/70R22.5 JUX E,112222562C016MUXE0,60.0,2025-12,2025-12-02,2
TBR,GT 5083 - 295/80R22.5 JUM XM,112222982C016MJXM0,253.0,2025-12,2025-12-02,2
TBR,GT 5095 - 11.00R20 JUC3,1123111020016KJC30,22.0,2025-12,2025-12-02,2
TBR,GT 5096 - 11.00R20 JDC XD,1121111020016KCXD0,74.0,2025-12,2025-12-02,2
TBR,GT 5113 - 295/80R22.5 JDC XD,115122982C018KCXD0,20.0,2025-12,2025-12-02,2
TBR,10.00 R 20 JDE,1121129A20000JDEP0,212.0,2025-12,2025-12-03,3
TBR,10.00 R 20 JUH3+,1122110020016KH3P0,385.0,2025-12,2025-12-03,3
TBR,10.00 R 20 JUH5,1122110020016KUH50,386.0,2025-12,2025-12-03,3
TBR,10.00R 20 JW302,1123129A20152JUCM0,173.0,2025-12,2025-12-03,3
TBR,11.00R20 JUH5,1122111020016KUH50,136.0,2025-12,2025-12-03,3
TBR,11.00R20JDE++,1121111020016KDEP0,110.0,2025-12,2025-12-03,3
TBR,11R22.5JUHE,115221102C016LJUH0,52.0,2025-12,2025-12-03,3
TBR,255/70R22.5JTH1,115222562C016MTH10,64.0,2025-12,2025-12-03,3
TBR,295/75R22.5JTHSD,115222972C014LJTS0,8.0,2025-12,2025-12-03,3
TBR,295/80R22.5JDC3,115122982C016KDC30,46.0,2025-12,2025-12-03,3
TBR,295/80R22.5JUL1,112222982C016MJUM0,140.0,2025-12,2025-12-03,3
TBR,295/90R20 JDE++ (RS),1121129A20000JDEPM,22.0,2025-12,2025-12-03,3
TBR,315/70R22.5JUL4,115223162C018LUL40,12.0,2025-12,2025-12-03,3
TBR,385/65R22.5JTL,115223852C024KJTL0,94.0,2025-12,2025-12-03,3
TBR,385/65R22.5JUH6,115223852C020KUH60,60.0,2025-12,2025-12-03,3
TBR,8.25R20JDE++,1121182020016KDEP0,152.0,2025-12,2025-12-03,3
TBR,8.25R20JUH5,1122182020016KUH50,108.0,2025-12,2025-12-03,3
TBR,8.25R20VUH3+,1152182020016KH3PV,54.0,2025-12,2025-12-03,3
TBR,9.00 R 20 JDE++,1121190020016KDEP0,86.0,2025-12,2025-12-03,3
TBR,GT 5018 - 9.00R20 JUC2,1123190020016KJC20,2.0,2025-12,2025-12-03,3
TBR,GT 5075 - 295/90R20 JUH XF,1122129A20152JULF0,175.0,2025-12,2025-12-03,3
TBR,GT 5076 - 295/90R20 JDE XF,1121129A20152JDLF0,182.0,2025-12,2025-12-03,3
TBR,GT 5078 - 295/80R22.5 JUX E,112222982C016JUXE0,90.0,2025-12,2025-12-03,3
TBR,GT 5079 - 255/70R22.5 JUX E,112222562C016MUXE0,65.0,2025-12,2025-12-03,3
TBR,GT 5083 - 295/80R22.5 JUM XM,112222982C016MJXM0,325.0,2025-12,2025-12-03,3
TBR,GT 5095 - 11.00R20 JUC3,1123111020016KJC30,16.0,2025-12,2025-12-03,3
TBR,GT 5096 - 11.00R20 JDC XD,1121111020016KCXD0,58.0,2025-12,2025-12-03,3
TBR,GT 5113 - 295/80R22.5 JDC XD,115122982C018KCXD0,46.0,2025-12,2025-12-03,3
TBR,10.00 R 20 JDE,1121129A20000JDEP0,158.0,2025-12,2025-12-04,4
TBR,10.00 R 20 JUH3+,1122110020016KH3P0,407.0,2025-12,2025-12-04,4
TBR,10.00 R 20 JUH5,1122110020016KUH50,378.0,2025-12,2025-12-04,4
TBR,10.00R 20 JW302,1123129A20152JUCM0,134.0,2025-12,2025-12-04,4
TBR,11.00R20 JUH5,1122111020016KUH50,98.0,2025-12,2025-12-04,4
TBR,11.00R20JDE++,1121111020016KDEP0,125.0,2025-12,2025-12-04,4
TBR,11R22.5JUHE,115221102C016LJUH0,36.0,2025-12,2025-12-04,4
TBR,255/70R22.5JTH1,115222562C016MTH10,69.0,2025-12,2025-12-04,4
TBR,295/75R22.5JTHSD,115222972C014LJTS0,50.0,2025-12,2025-12-04,4
TBR,295/80R22.5JDC3,115122982C016KDC30,40.0,2025-12,2025-12-04,4
TBR,295/80R22.5JUL1,112222982C016MJUM0,145.0,2025-12,2025-12-04,4
TBR,385/65R22.5JTL,115223852C024KJTL0,40.0,2025-12,2025-12-04,4
TBR,385/65R22.5JUH6,115223852C020KUH60,52.0,2025-12,2025-12-04,4
TBR,8.25R20JDE++,1121182020016KDEP0,154.0,2025-12,2025-12-04,4
TBR,8.25R20JUH5,1122182020016KUH50,174.0,2025-12,2025-12-04,4
TBR,8.25R20VUH3+,1152182020016KH3PV,5.0,2025-12,2025-12-04,4
TBR,9.00 R 20 JDE++,1121190020016KDEP0,90.0,2025-12,2025-12-04,4
TBR,GT 5075 - 295/90R20 JUH XF,1122129A20152JULF0,183.0,2025-12,2025-12-04,4
TBR,GT 5076 - 295/90R20 JDE XF,1121129A20152JDLF0,182.0,2025-12,2025-12-04,4
TBR,GT 5078 - 295/80R22.5 JUX E,112222982C016JUXE0,126.0,2025-12,2025-12-04,4
TBR,GT 5079 - 255/70R22.5 JUX E,112222562C016MUXE0,44.0,2025-12,2025-12-04,4
TBR,GT 5083 - 295/80R22.5 JUM XM,112222982C016MJXM0,324.0,2025-12,2025-12-04,4
TBR,GT 5095 - 11.00R20 JUC3,1123111020016KJC30,38.0,2025-12,2025-12-04,4
TBR,GT 5096 - 11.00R20 JDC XD,1121111020016KCXD0,100.0,2025-12,2025-12-04,4
TBR,GT 5113 - 295/80R22.5 JDC XD,115122982C018KCXD0,44.0,2025-12,2025-12-04,4
TBR,10.00 R 20 JDE,1121129A20000JDEP0,210.0,2025-12,2025-12-05,5
TBR,10.00 R 20 JUH3+,1122110020016KH3P0,371.0,2025-12,2025-12-05,5
TBR,10.00 R 20 JUH5,1122110020016KUH50,382.0,2025-12,2025-12-05,5
TBR,10.00R 20 JW302,1123129A20152JUCM0,166.0,2025-12,2025-12-05,5
TBR,11.00R20 JUH5,1122111020016KUH50,88.0,2025-12,2025-12-05,5
TBR,11.00R20JDE++,1121111020016KDEP0,129.0,2025-12,2025-12-05,5
TBR,11R22.5JUHE,115221102C016LJUH0,22.0,2025-12,2025-12-05,5
TBR,255/70R22.5JTH1,115222562C016MTH10,30.0,2025-12,2025-12-05,5
TBR,295/75R22.5JTHSD,115222972C014LJTS0,58.0,2025-12,2025-12-05,5
TBR,295/80R22.5JDC3,115122982C016KDC30,1.0,2025-12,2025-12-05,5
TBR,295/80R22.5JDL,112122982C016MJDL0,22.0,2025-12,2025-12-05,5
TBR,295/80R22.5JUL1,112222982C016MJUM0,132.0,2025-12,2025-12-05,5
TBR,385/65R22.5JTL,115223852C024KJTL0,82.0,2025-12,2025-12-05,5
TBR,385/65R22.5JUH6,115223852C020KUH60,80.0,2025-12,2025-12-05,5
TBR,8.25R20JDE++,1121182020016KDEP0,152.0,2025-12,2025-12-05,5
TBR,8.25R20JUH5,1122182020016KUH50,210.0,2025-12,2025-12-05,5
TBR,9.00 R 20 JDE++,1121190020016KDEP0,76.0,2025-12,2025-12-05,5
TBR,GT 5075 - 295/90R20 JUH XF,1122129A20152JULF0,188.0,2025-12,2025-12-05,5
TBR,GT 5076 - 295/90R20 JDE XF,1121129A20152JDLF0,175.0,2025-12,2025-12-05,5
TBR,GT 5078 - 295/80R22.5 JUX E,112222982C016JUXE0,138.0,2025-12,2025-12-05,5
TBR,GT 5079 - 255/70R22.5 JUX E,112222562C016MUXE0,58.0,2025-12,2025-12-05,5
TBR,GT 5083 - 295/80R22.5 JUM XM,112222982C016MJXM0,262.0,2025-12,2025-12-05,5
TBR,GT 5095 - 11.00R20 JUC3,1123111020016KJC30,34.0,2025-12,2025-12-05,5
TBR,GT 5096 - 11.00R20 JDC XD,1121111020016KCXD0,122.0,2025-12,2025-12-05,5
TBR,GT 5113 - 295/80R22.5 JDC XD,115122982C018KCXD0,30.0,2025-12,2025-12-05,5
TBR,10.00 R 20 JDE,1121129A20000JDEP0,242.0,2025-12,2025-12-06,6
TBR,10.00 R 20 JUH3+,1122110020016KH3P0,357.0,2025-12,2025-12-06,6
TBR,10.00 R 20 JUH5,1122110020016KUH50,387.0,2025-12,2025-12-06,6
TBR,10.00R 20 JW302,1123129A20152JUCM0,180.0,2025-12,2025-12-06,6
TBR,11.00R20 JUH5,1122111020016KUH50,90.0,2025-12,2025-12-06,6
TBR,11.00R20JDE++,1121111020016KDEP0,122.0,2025-12,2025-12-06,6
TBR,11R22.5 PD301,115121102C016L301P,12.0,2025-12,2025-12-06,6
TBR,11R22.5 PS301,115221102C016L301P,4.0,2025-12,2025-12-06,6
TBR,11R22.5JUHE,115221102C016LJUH0,50.0,2025-12,2025-12-06,6
TBR,255/70R22.5JTH1,115222562C016MTH10,102.0,2025-12,2025-12-06,6
TBR,295/75R22.5JTHSD,115222972C014LJTS0,32.0,2025-12,2025-12-06,6
TBR,295/80R22.5JDL,112122982C016MJDL0,36.0,2025-12,2025-12-06,6
TBR,295/80R22.5JUL1,112222982C016MJUM0,126.0,2025-12,2025-12-06,6
TBR,385/65R22.5JTL,115223852C024KJTL0,66.0,2025-12,2025-12-06,6
TBR,385/65R22.5JUH6,115223852C020KUH60,92.0,2025-12,2025-12-06,6
TBR,8.25R20JDE++,1121182020016KDEP0,142.0,2025-12,2025-12-06,6
TBR,8.25R20JUH5,1122182020016KUH50,149.0,2025-12,2025-12-06,6
TBR,9.00 R 20 JDE++,1121190020016KDEP0,68.0,2025-12,2025-12-06,6
TBR,GT 5075 - 295/90R20 JUH XF,1122129A20152JULF0,118.0,2025-12,2025-12-06,6
TBR,GT 5076 - 295/90R20 JDE XF,1121129A20152JDLF0,176.0,2025-12,2025-12-06,6
TBR,GT 5078 - 295/80R22.5 JUX E,112222982C016JUXE0,131.0,2025-12,2025-12-06,6
TBR,GT 5079 - 255/70R22.5 JUX E,112222562C016MUXE0,83.0,2025-12,2025-12-06,6
TBR,GT 5083 - 295/80R22.5 JUM XM,112222982C016MJXM0,167.0,2025-12,2025-12-06,6
TBR,GT 5095 - 11.00R20 JUC3,1123111020016KJC30,42.0,2025-12,2025-12-06,6
TBR,GT 5096 - 11.00R20 JDC XD,1121111020016KCXD0,119.0,2025-12,2025-12-06,6
TBR,GT 5113 - 295/80R22.5 JDC XD,115122982C018KCXD0,34.0,2025-12,2025-12-06,6
TBR,10.00 R 20 JDE,1121129A20000JDEP0,226.0,2025-12,2025-12-07,7
TBR,10.00 R 20 JUH3+,1122110020016KH3P0,358.0,2025-12,2025-12-07,7
TBR,10.00 R 20 JUH5,1122110020016KUH50,429.0,2025-12,2025-12-07,7
TBR,10.00R 20 JW302,1123129A20152JUCM0,179.0,2025-12,2025-12-07,7
TBR,11.00R20 JUH5,1122111020016KUH50,92.0,2025-12,2025-12-07,7
TBR,11.00R20JDE++,1121111020016KDEP0,130.0,2025-12,2025-12-07,7
TBR,11R22.5 PD301,115121102C016L301P,42.0,2025-12,2025-12-07,7
TBR,11R22.5 PS301,115221102C016L301P,44.0,2025-12,2025-12-07,7
TBR,11R22.5JUHE,115221102C016LJUH0,28.0,2025-12,2025-12-07,7
TBR,255/70R22.5JTH1,115222562C016MTH10,59.0,2025-12,2025-12-07,7
TBR,295/75R22.5JTHSD,115222972C014LJTS0,54.0,2025-12,2025-12-07,7
TBR,295/80R22.5JDL,112122982C016MJDL0,43.0,2025-12,2025-12-07,7
TBR,295/80R22.5JUL1,112222982C016MJUM0,138.0,2025-12,2025-12-07,7
TBR,385/65R22.5JTL,115223852C024KJTL0,94.0,2025-12,2025-12-07,7
TBR,385/65R22.5JUH6,115223852C020KUH60,86.0,2025-12,2025-12-07,7
TBR,8.25R20JDE++,1121182020016KDEP0,152.0,2025-12,2025-12-07,7
TBR,8.25R20JUH5,1122182020016KUH50,148.0,2025-12,2025-12-07,7
TBR,9.00 R 20 JDE++,1121190020016KDEP0,80.0,2025-12,2025-12-07,7
TBR,9.00 R 20 JUH5,1122190020016KUH50,28.0,2025-12,2025-12-07,7
TBR,GT 5075 - 295/90R20 JUH XF,1122129A20152JULF0,148.0,2025-12,2025-12-07,7
TBR,GT 5076 - 295/90R20 JDE XF,1121129A20152JDLF0,177.0,2025-12,2025-12-07,7
TBR,GT 5078 - 295/80R22.5 JUX E,112222982C016JUXE0,122.0,2025-12,2025-12-07,7
TBR,GT 5079 - 255/70R22.5 JUX E,112222562C016MUXE0,91.0,2025-12,2025-12-07,7
TBR,GT 5083 - 295/80R22.5 JUM XM,112222982C016MJXM0,180.0,2025-12,2025-12-07,7
TBR,GT 5095 - 11.00R20 JUC3,1123111020016KJC30,44.0,2025-12,2025-12-07,7
TBR,GT 5096 - 11.00R20 JDC XD,1121111020016KCXD0,135.0,2025-12,2025-12-07,7
TBR,GT 5113 - 295/80R22.5 JDC XD,115122982C018KCXD0,36.0,2025-12,2025-12-07,7
TBR,10.00 R 20 JDE,1121129A20000JDEP0,232.0,2025-12,2025-12-08,8
TBR,10.00 R 20 JUH3+,1122110020016KH3P0,258.0,2025-12,2025-12-08,8
TBR,10.00 R 20 JUH5,1122110020016KUH50,518.0,2025-12,2025-12-08,8
TBR,10.00R 20 JW302,1123129A20152JUCM0,153.0,2025-12,2025-12-08,8
TBR,11.00R20 JUH5,1122111020016KUH50,96.0,2025-12,2025-12-08,8
TBR,11.00R20JDE++,1121111020016KDEP0,128.0,2025-12,2025-12-08,8
TBR,11R22.5 PD301,115121102C016L301P,52.0,2025-12,2025-12-08,8
TBR,11R22.5 PS301,115221102C016L301P,50.0,2025-12,2025-12-08,8
TBR,11R22.5JUHE,115221102C016LJUH0,45.0,2025-12,2025-12-08,8
TBR,255/70R22.5JTH1,115222562C016MTH10,95.0,2025-12,2025-12-08,8
TBR,295/75R22.5JTHSD,115222972C014LJTS0,56.0,2025-12,2025-12-08,8
TBR,295/75R22.5PD301,115122972C016L301P,14.0,2025-12,2025-12-08,8
TBR,295/80R22.5JDL,112122982C016MJDL0,39.0,2025-12,2025-12-08,8
TBR,295/80R22.5JUL1,112222982C016MJUM0,138.0,2025-12,2025-12-08,8
TBR,385/65R22.5JTL,115223852C024KJTL0,92.0,2025-12,2025-12-08,8
TBR,385/65R22.5JUH6,115223852C020KUH60,74.0,2025-12,2025-12-08,8
TBR,8.25R20JDE++,1121182020016KDEP0,154.0,2025-12,2025-12-08,8
TBR,8.25R20JUH5,1122182020016KUH50,154.0,2025-12,2025-12-08,8
TBR,9.00 R 20 JDE++,1121190020016KDEP0,84.0,2025-12,2025-12-08,8
TBR,9.00 R 20 JUH5,1122190020016KUH50,48.0,2025-12,2025-12-08,8
TBR,GT 5075 - 295/90R20 JUH XF,1122129A20152JULF0,169.0,2025-12,2025-12-08,8
TBR,GT 5076 - 295/90R20 JDE XF,1121129A20152JDLF0,142.0,2025-12,2025-12-08,8
TBR,GT 5078 - 295/80R22.5 JUX E,112222982C016JUXE0,108.0,2025-12,2025-12-08,8
TBR,GT 5079 - 255/70R22.5 JUX E,112222562C016MUXE0,82.0,2025-12,2025-12-08,8
TBR,GT 5083 - 295/80R22.5 JUM XM,112222982C016MJXM0,181.0,2025-12,2025-12-08,8
TBR,GT 5095 - 11.00R20 JUC3,1123111020016KJC30,36.0,2025-12,2025-12-08,8
TBR,GT 5096 - 11.00R20 JDC XD,1121111020016KCXD0,136.0,2025-12,2025-12-08,8
TBR,GT 5113 - 295/80R22.5 JDC XD,115122982C018KCXD0,38.0,2025-12,2025-12-08,8
TBR,10.00 R 20 JDE,1121129A20000JDEP0,174.0,2025-12,2025-12-09,9
TBR,10.00 R 20 JUH3+,1122110020016KH3P0,175.0,2025-12,2025-12-09,9
TBR,10.00 R 20 JUH5,1122110020016KUH50,568.0,2025-12,2025-12-09,9
TBR,10.00R 20 JW302,1123129A20152JUCM0,178.0,2025-12,2025-12-09,9
TBR,11.00R20 JUH5,1122111020016KUH50,86.0,2025-12,2025-12-09,9
TBR,11.00R20JDE++,1121111020016KDEP0,118.0,2025-12,2025-12-09,9
TBR,11R22.5 PD301,115121102C016L301P,48.0,2025-12,2025-12-09,9
TBR,11R22.5 PS301,115221102C016L301P,58.0,2025-12,2025-12-09,9
TBR,11R22.5JUHE,115221102C016LJUH0,41.0,2025-12,2025-12-09,9
TBR,255/70R22.5JTH1,115222562C016MTH10,98.0,2025-12,2025-12-09,9
TBR,295/75R22.5JTHSD,115222972C014LJTS0,50.0,2025-12,2025-12-09,9
TBR,295/75R22.5PD301,115122972C016L301P,90.0,2025-12,2025-12-09,9
TBR,295/80R22.5JDL,112122982C016MJDL0,45.0,2025-12,2025-12-09,9
TBR,295/80R22.5JUL1,112222982C016MJUM0,134.0,2025-12,2025-12-09,9
TBR,385/65R22.5JTL,115223852C024KJTL0,40.0,2025-12,2025-12-09,9
TBR,385/65R22.5JUH6,115223852C020KUH60,32.0,2025-12,2025-12-09,9
TBR,8.25R20JDE++,1121182020016KDEP0,146.0,2025-12,2025-12-09,9
TBR,8.25R20JUH5,1122182020016KUH50,144.0,2025-12,2025-12-09,9
TBR,9.00 R 20 JDE++,1121190020016KDEP0,86.0,2025-12,2025-12-09,9
TBR,9.00 R 20 JUH5,1122190020016KUH50,50.0,2025-12,2025-12-09,9
TBR,GT 5075 - 295/90R20 JUH XF,1122129A20152JULF0,185.0,2025-12,2025-12-09,9
TBR,GT 5076 - 295/90R20 JDE XF,1121129A20152JDLF0,176.0,2025-12,2025-12-09,9
TBR,GT 5078 - 295/80R22.5 JUX E,112222982C016JUXE0,91.0,2025-12,2025-12-09,9
TBR,GT 5079 - 255/70R22.5 JUX E,112222562C016MUXE0,86.0,2025-12,2025-12-09,9
TBR,GT 5083 - 295/80R22.5 JUM XM,112222982C016MJXM0,149.0,2025-12,2025-12-09,9
TBR,GT 5095 - 11.00R20 JUC3,1123111020016KJC30,44.0,2025-12,2025-12-09,9
TBR,GT 5096 - 11.00R20 JDC XD,1121111020016KCXD0,129.0,2025-12,2025-12-09,9
TBR,GT 5113 - 295/80R22.5 JDC XD,115122982C018KCXD0,26.0,2025-12,2025-12-09,9
TBR,GT 6020 - 315/70R22.5 JDL3,116123162C018LDL30,2.0,2025-12,2025-12-09,9
TBR,10.00 R 20 JDE,1121129A20000JDEP0,266.0,2025-12,2025-12-10,10
TBR,10.00 R 20 JUH3+,1122110020016KH3P0,165.0,2025-12,2025-12-10,10
TBR,10.00 R 20 JUH5,1122110020016KUH50,560.0,2025-12,2025-12-10,10
TBR,10.00R 20 JW302,1123129A20152JUCM0,158.0,2025-12,2025-12-10,10
TBR,11.00R20 JUH5,1122111020016KUH50,90.0,2025-12,2025-12-10,10
TBR,11.00R20JDE++,1121111020016KDEP0,126.0,2025-12,2025-12-10,10
TBR,11R22.5 PD301,115121102C016L301P,48.0,2025-12,2025-12-10,10
TBR,11R22.5 PS301,115221102C016L301P,58.0,2025-12,2025-12-10,10
TBR,11R22.5JUHE,115221102C016LJUH0,10.0,2025-12,2025-12-10,10
TBR,255/70R22.5JTH1,115222562C016MTH10,75.0,2025-12,2025-12-10,10
TBR,295/75R22.5JTHSD,115222972C014LJTS0,51.0,2025-12,2025-12-10,10
TBR,295/75R22.5PD301,115122972C016L301P,92.0,2025-12,2025-12-10,10
TBR,295/75R22.5PS301,115222972C016L301P,51.0,2025-12,2025-12-10,10
TBR,295/80R22.5JDL,112122982C016MJDL0,34.0,2025-12,2025-12-10,10
TBR,295/80R22.5JUL1,112222982C016MJUM0,125.0,2025-12,2025-12-10,10
TBR,385/65R22.5JTL,115223852C024KJTL0,35.0,2025-12,2025-12-10,10
TBR,385/65R22.5JUH6,115223852C020KUH60,34.0,2025-12,2025-12-10,10
TBR,8.25R20JDE++,1121182020016KDEP0,146.0,2025-12,2025-12-10,10
TBR,8.25R20JUH5,1122182020016KUH50,146.0,2025-12,2025-12-10,10
TBR,9.00 R 20 JDE++,1121190020016KDEP0,96.0,2025-12,2025-12-10,10
TBR,9.00 R 20 JUH5,1122190020016KUH50,48.0,2025-12,2025-12-10,10
TBR,GT 5075 - 295/90R20 JUH XF,1122129A20152JULF0,124.0,2025-12,2025-12-10,10
TBR,GT 5076 - 295/90R20 JDE XF,1121129A20152JDLF0,153.0,2025-12,2025-12-10,10
TBR,GT 5078 - 295/80R22.5 JUX E,112222982C016JUXE0,46.0,2025-12,2025-12-10,10
TBR,GT 5079 - 255/70R22.5 JUX E,112222562C016MUXE0,76.0,2025-12,2025-12-10,10
TBR,GT 5083 - 295/80R22.5 JUM XM,112222982C016MJXM0,126.0,2025-12,2025-12-10,10
TBR,GT 5095 - 11.00R20 JUC3,1123111020016KJC30,66.0,2025-12,2025-12-10,10
TBR,GT 5096 - 11.00R20 JDC XD,1121111020016KCXD0,130.0,2025-12,2025-12-10,10
TBR,GT 5113 - 295/80R22.5 JDC XD,115122982C018KCXD0,42.0,2025-12,2025-12-10,10
TBR,GT 6019 - 385/65R22.5 JUH6,116223852C020KUH60,42.0,2025-12,2025-12-10,10
TBR,GT 6020 - 315/70R22.5 JDL3,116123162C018LDL30,48.0,2025-12,2025-12-10,10
TBR,10.00 R 20 JDE,1121129A20000JDEP0,194.0,2025-12,2025-12-11,11
TBR,10.00 R 20 JUH3+,1122110020016KH3P0,84.0,2025-12,2025-12-11,11
TBR,10.00 R 20 JUH5,1122110020016KUH50,545.0,2025-12,2025-12-11,11
TBR,10.00R 20 JW302,1123129A20152JUCM0,170.0,2025-12,2025-12-11,11
TBR,11.00R20 JUH5,1122111020016KUH50,90.0,2025-12,2025-12-11,11
TBR,11.00R20JDE++,1121111020016KDEP0,124.0,2025-12,2025-12-11,11
TBR,11R22.5 PD301,115121102C016L301P,39.0,2025-12,2025-12-11,11
TBR,11R22.5 PS301,115221102C016L301P,46.0,2025-12,2025-12-11,11
TBR,11R22.5JUHE,115221102C016LJUH0,52.0,2025-12,2025-12-11,11
TBR,255/70R22.5JTH1,115222562C016MTH10,102.0,2025-12,2025-12-11,11
TBR,295/75R22.5JTHSD,115222972C014LJTS0,54.0,2025-12,2025-12-11,11
TBR,295/75R22.5PD301,115122972C016L301P,110.0,2025-12,2025-12-11,11
TBR,295/75R22.5PS301,115222972C016L301P,95.0,2025-12,2025-12-11,11
TBR,295/80R22.5JDL,112122982C016MJDL0,42.0,2025-12,2025-12-11,11
TBR,295/80R22.5JUL1,112222982C016MJUM0,135.0,2025-12,2025-12-11,11
TBR,385/65R22.5JUH6,115223852C020KUH60,41.0,2025-12,2025-12-11,11
TBR,8.25R20JDE++,1121182020016KDEP0,144.0,2025-12,2025-12-11,11
TBR,8.25R20JUH5,1122182020016KUH50,134.0,2025-12,2025-12-11,11
TBR,9.00 R 20 JDE++,1121190020016KDEP0,88.0,2025-12,2025-12-11,11
TBR,9.00 R 20 JUH5,1122190020016KUH50,46.0,2025-12,2025-12-11,11
TBR,GT 5075 - 295/90R20 JUH XF,1122129A20152JULF0,165.0,2025-12,2025-12-11,11
TBR,GT 5076 - 295/90R20 JDE XF,1121129A20152JDLF0,179.0,2025-12,2025-12-11,11
TBR,GT 5078 - 295/80R22.5 JUX E,112222982C016JUXE0,42.0,2025-12,2025-12-11,11
TBR,GT 5079 - 255/70R22.5 JUX E,112222562C016MUXE0,90.0,2025-12,2025-12-11,11
TBR,GT 5083 - 295/80R22.5 JUM XM,112222982C016MJXM0,125.0,2025-12,2025-12-11,11
TBR,GT 5095 - 11.00R20 JUC3,1123111020016KJC30,90.0,2025-12,2025-12-11,11
TBR,GT 5096 - 11.00R20 JDC XD,1121111020016KCXD0,165.0,2025-12,2025-12-11,11
TBR,GT 5113 - 295/80R22.5 JDC XD,115122982C018KCXD0,36.0,2025-12,2025-12-11,11
TBR,GT 6017 - 385/65R22.5 JTL,116223852C020KJTL0,6.0,2025-12,2025-12-11,11
TBR,GT 6019 - 385/65R22.5 JUH6,116223852C020KUH60,44.0,2025-12,2025-12-11,11
TBR,GT 6020 - 315/70R22.5 JDL3,116123162C018LDL30,26.0,2025-12,2025-12-11,11
TBR,10.00 R 20 JDE,1121129A20000JDEP0,272.0,2025-12,2025-12-12,12
TBR,10.00 R 20 JUH3+,1122110020016KH3P0,43.0,2025-12,2025-12-12,12
TBR,10.00 R 20 JUH5,1122110020016KUH50,518.0,2025-12,2025-12-12,12
TBR,10.00R 20 JW302,1123129A20152JUCM0,88.0,2025-12,2025-12-12,12
TBR,11.00R20 JUH5,1122111020016KUH50,132.0,2025-12,2025-12-12,12
TBR,11.00R20JDE++,1121111020016KDEP0,130.0,2025-12,2025-12-12,12
TBR,11R22.5 PD301,115121102C016L301P,46.0,2025-12,2025-12-12,12
TBR,11R22.5 PS301,115221102C016L301P,40.0,2025-12,2025-12-12,12
TBR,11R22.5JUHE,115221102C016LJUH0,48.0,2025-12,2025-12-12,12
TBR,255/70R22.5JTH1,115222562C016MTH10,100.0,2025-12,2025-12-12,12
TBR,295/75R22.5JTHSD,115222972C014LJTS0,58.0,2025-12,2025-12-12,12
TBR,295/75R22.5PD301,115122972C016L301P,110.0,2025-12,2025-12-12,12
TBR,295/75R22.5PS301,115222972C016L301P,87.0,2025-12,2025-12-12,12
TBR,295/80R22.5JDL,112122982C016MJDL0,24.0,2025-12,2025-12-12,12
TBR,295/80R22.5JUL1,112222982C016MJUM0,88.0,2025-12,2025-12-12,12
TBR,295/90R20JDCXD,1121129A20152JCXD0,4.0,2025-12,2025-12-12,12
TBR,385/65R22.5JUH6,115223852C020KUH60,45.0,2025-12,2025-12-12,12
TBR,8.25R20JDE++,1121182020016KDEP0,134.0,2025-12,2025-12-12,12
TBR,8.25R20JUH5,1122182020016KUH50,144.0,2025-12,2025-12-12,12
TBR,9.00 R 20 JDE++,1121190020016KDEP0,84.0,2025-12,2025-12-12,12
TBR,9.00 R 20 JUH5,1122190020016KUH50,42.0,2025-12,2025-12-12,12
TBR,GT 5075 - 295/90R20 JUH XF,1122129A20152JULF0,186.0,2025-12,2025-12-12,12
TBR,GT 5076 - 295/90R20 JDE XF,1121129A20152JDLF0,168.0,2025-12,2025-12-12,12
TBR,GT 5078 - 295/80R22.5 JUX E,112222982C016JUXE0,39.0,2025-12,2025-12-12,12
TBR,GT 5079 - 255/70R22.5 JUX E,112222562C016MUXE0,83.0,2025-12,2025-12-12,12
TBR,GT 5083 - 295/80R22.5 JUM XM,112222982C016MJXM0,115.0,2025-12,2025-12-12,12
TBR,GT 5095 - 11.00R20 JUC3,1123111020016KJC30,88.0,2025-12,2025-12-12,12
TBR,GT 5096 - 11.00R20 JDC XD,1121111020016KCXD0,221.0,2025-12,2025-12-12,12
TBR,GT 5113 - 295/80R22.5 JDC XD,115122982C018KCXD0,46.0,2025-12,2025-12-12,12
TBR,GT 6017 - 385/65R22.5 JTL,116223852C020KJTL0,44.0,2025-12,2025-12-12,12
TBR,GT 6019 - 385/65R22.5 JUH6,116223852C020KUH60,46.0,2025-12,2025-12-12,12
TBR,GT 6020 - 315/70R22.5 JDL3,116123162C018LDL30,46.0,2025-12,2025-12-12,12
TBR,10.00 R 20 JDE,1121129A20000JDEP0,152.0,2025-12,2025-12-13,13
TBR,10.00 R 20 JUH3+,1122110020016KH3P0,38.0,2025-12,2025-12-13,13
TBR,10.00 R 20 JUH5,1122110020016KUH50,488.0,2025-12,2025-12-13,13
TBR,10.00R 20 JW302,1123129A20152JUCM0,91.0,2025-12,2025-12-13,13
TBR,11.00R20 JUH5,1122111020016KUH50,180.0,2025-12,2025-12-13,13
TBR,11.00R20JDE++,1121111020016KDEP0,130.0,2025-12,2025-12-13,13
TBR,11R22.5 PD301,115121102C016L301P,52.0,2025-12,2025-12-13,13
TBR,11R22.5 PS301,115221102C016L301P,53.0,2025-12,2025-12-13,13
TBR,11R22.5JUHE,115221102C016LJUH0,49.0,2025-12,2025-12-13,13
TBR,255/70R22.5JTH1,115222562C016MTH10,103.0,2025-12,2025-12-13,13
TBR,295/75R22.5JTHSD,115222972C014LJTS0,56.0,2025-12,2025-12-13,13
TBR,295/75R22.5PD301,115122972C016L301P,38.0,2025-12,2025-12-13,13
TBR,295/75R22.5PS301,115222972C016L301P,33.0,2025-12,2025-12-13,13
TBR,295/80R22.5JDL,112122982C016MJDL0,8.0,2025-12,2025-12-13,13
TBR,295/80R22.5JUL1,112222982C016MJUM0,128.0,2025-12,2025-12-13,13
TBR,295/90R20JDCXD,1121129A20152JCXD0,38.0,2025-12,2025-12-13,13
TBR,385/65R22.5JUH6,115223852C020KUH60,5.0,2025-12,2025-12-13,13
TBR,8.25R20JDE++,1121182020016KDEP0,72.0,2025-12,2025-12-13,13
TBR,8.25R20JUH5,1122182020016KUH50,150.0,2025-12,2025-12-13,13
TBR,9.00 R 20 JDE++,1121190020016KDEP0,80.0,2025-12,2025-12-13,13
TBR,9.00 R 20 JUH5,1122190020016KUH50,29.0,2025-12,2025-12-13,13
TBR,GT 5075 - 295/90R20 JUH XF,1122129A20152JULF0,144.0,2025-12,2025-12-13,13
TBR,GT 5076 - 295/90R20 JDE XF,1121129A20152JDLF0,134.0,2025-12,2025-12-13,13
TBR,GT 5078 - 295/80R22.5 JUX E,112222982C016JUXE0,46.0,2025-12,2025-12-13,13
TBR,GT 5079 - 255/70R22.5 JUX E,112222562C016MUXE0,91.0,2025-12,2025-12-13,13
TBR,GT 5083 - 295/80R22.5 JUM XM,112222982C016MJXM0,86.0,2025-12,2025-12-13,13
TBR,GT 5095 - 11.00R20 JUC3,1123111020016KJC30,62.0,2025-12,2025-12-13,13
TBR,GT 5096 - 11.00R20 JDC XD,1121111020016KCXD0,222.0,2025-12,2025-12-13,13
TBR,GT 5113 - 295/80R22.5 JDC XD,115122982C018KCXD0,13.0,2025-12,2025-12-13,13
TBR,GT 6017 - 385/65R22.5 JTL,116223852C020KJTL0,46.0,2025-12,2025-12-13,13
TBR,GT 6019 - 385/65R22.5 JUH6,116223852C020KUH60,64.0,2025-12,2025-12-13,13
TBR,GT 6020 - 315/70R22.5 JDL3,116123162C018LDL30,36.0,2025-12,2025-12-13,13
TBR,10.00 R 20 JDE,1121129A20000JDEP0,241.0,2025-12,2025-12-14,14
TBR,10.00 R 20 JUH3+,1122110020016KH3P0,51.0,2025-12,2025-12-14,14
TBR,10.00 R 20 JUH5,1122110020016KUH50,438.0,2025-12,2025-12-14,14
TBR,10.00R 20 JW302,1123129A20152JUCM0,84.0,2025-12,2025-12-14,14
TBR,11.00R20 JUH5,1122111020016KUH50,142.0,2025-12,2025-12-14,14
TBR,11.00R20JDE++,1121111020016KDEP0,117.0,2025-12,2025-12-14,14
TBR,11R22.5 PD301,115121102C016L301P,26.0,2025-12,2025-12-14,14
TBR,11R22.5 PS301,115221102C016L301P,28.0,2025-12,2025-12-14,14
TBR,11R22.5JDH,115121102C016LJDH0,36.0,2025-12,2025-12-14,14
TBR,11R22.5JUHE,115221102C016LJUH0,112.0,2025-12,2025-12-14,14
TBR,255/70R22.5JTH1,115222562C016MTH10,107.0,2025-12,2025-12-14,14
TBR,295/75R22.5JTHSD,115222972C014LJTS0,57.0,2025-12,2025-12-14,14
TBR,295/75R22.5PD301,115122972C016L301P,100.0,2025-12,2025-12-14,14
TBR,295/75R22.5PS301,115222972C016L301P,112.0,2025-12,2025-12-14,14
TBR,295/80R22.5JDL,112122982C016MJDL0,46.0,2025-12,2025-12-14,14
TBR,295/80R22.5JUL1,112222982C016MJUM0,122.0,2025-12,2025-12-14,14
TBR,295/90R20JDCXD,1121129A20152JCXD0,20.0,2025-12,2025-12-14,14
TBR,8.25R20JDE++,1121182020016KDEP0,108.0,2025-12,2025-12-14,14
TBR,8.25R20JUH5,1122182020016KUH50,98.0,2025-12,2025-12-14,14
TBR,9.00 R 20 JDE++,1121190020016KDEP0,92.0,2025-12,2025-12-14,14
TBR,9.00 R 20 JUH5,1122190020016KUH50,36.0,2025-12,2025-12-14,14
TBR,GT 5075 - 295/90R20 JUH XF,1122129A20152JULF0,190.0,2025-12,2025-12-14,14
TBR,GT 5076 - 295/90R20 JDE XF,1121129A20152JDLF0,44.0,2025-12,2025-12-14,14
TBR,GT 5078 - 295/80R22.5 JUX E,112222982C016JUXE0,22.0,2025-12,2025-12-14,14
TBR,GT 5079 - 255/70R22.5 JUX E,112222562C016MUXE0,75.0,2025-12,2025-12-14,14
TBR,GT 5083 - 295/80R22.5 JUM XM,112222982C016MJXM0,48.0,2025-12,2025-12-14,14
TBR,GT 5095 - 11.00R20 JUC3,1123111020016KJC30,94.0,2025-12,2025-12-14,14
TBR,GT 5096 - 11.00R20 JDC XD,1121111020016KCXD0,220.0,2025-12,2025-12-14,14
TBR,GT 6017 - 385/65R22.5 JTL,116223852C020KJTL0,40.0,2025-12,2025-12-14,14
TBR,GT 6019 - 385/65R22.5 JUH6,116223852C020KUH60,48.0,2025-12,2025-12-14,14
TBR,GT 6020 - 315/70R22.5 JDL3,116123162C018LDL30,38.0,2025-12,2025-12-14,14
TBR,10.00 R 20 JDE,1121129A20000JDEP0,250.0,2025-12,2025-12-15,15
TBR,10.00 R 20 JUH3+,1122110020016KH3P0,9.0,2025-12,2025-12-15,15
TBR,10.00 R 20 JUH5,1122110020016KUH50,548.0,2025-12,2025-12-15,15
TBR,10.00R 20 JW302,1123129A20152JUCM0,18.0,2025-12,2025-12-15,15
TBR,11.00R20 JUH5,1122111020016KUH50,106.0,2025-12,2025-12-15,15
TBR,11.00R20JDE++,1121111020016KDEP0,85.0,2025-12,2025-12-15,15
TBR,11R22.5 PD301,115121102C016L301P,50.0,2025-12,2025-12-15,15
TBR,11R22.5 PS301,115221102C016L301P,58.0,2025-12,2025-12-15,15
TBR,11R22.5JDH,115121102C016LJDH0,48.0,2025-12,2025-12-15,15
TBR,11R22.5JUHE,115221102C016LJUH0,98.0,2025-12,2025-12-15,15
TBR,255/70R22.5JTH1,115222562C016MTH10,62.0,2025-12,2025-12-15,15
TBR,295/75R22.5JTHSD,115222972C014LJTS0,104.0,2025-12,2025-12-15,15
TBR,295/75R22.5PD301,115122972C016L301P,40.0,2025-12,2025-12-15,15
TBR,295/75R22.5PS301,115222972C016L301P,62.0,2025-12,2025-12-15,15
TBR,295/80R22.5JDL,112122982C016MJDL0,44.0,2025-12,2025-12-15,15
TBR,295/80R22.5JUL1,112222982C016MJUM0,136.0,2025-12,2025-12-15,15
TBR,295/90R20JDCXD,1121129A20152JCXD0,50.0,2025-12,2025-12-15,15
TBR,8.25R20JDE++,1121182020016KDEP0,114.0,2025-12,2025-12-15,15
TBR,8.25R20JUH5,1122182020016KUH50,59.0,2025-12,2025-12-15,15
TBR,9.00 R 20 JDE++,1121190020016KDEP0,96.0,2025-12,2025-12-15,15
TBR,9.00 R 20 JUH5,1122190020016KUH50,52.0,2025-12,2025-12-15,15
TBR,GT 5075 - 295/90R20 JUH XF,1122129A20152JULF0,126.0,2025-12,2025-12-15,15
TBR,GT 5076 - 295/90R20 JDE XF,1121129A20152JDLF0,186.0,2025-12,2025-12-15,15
TBR,GT 5079 - 255/70R22.5 JUX E,112222562C016MUXE0,91.0,2025-12,2025-12-15,15
TBR,GT 5083 - 295/80R22.5 JUM XM,112222982C016MJXM0,22.0,2025-12,2025-12-15,15
TBR,GT 5095 - 11.00R20 JUC3,1123111020016KJC30,60.0,2025-12,2025-12-15,15
TBR,GT 5096 - 11.00R20 JDC XD,1121111020016KCXD0,78.0,2025-12,2025-12-15,15
TBR,GT 6017 - 385/65R22.5 JTL,116223852C020KJTL0,44.0,2025-12,2025-12-15,15
TBR,GT 6019 - 385/65R22.5 JUH6,116223852C020KUH60,48.0,2025-12,2025-12-15,15
TBR,GT 6020 - 315/70R22.5 JDL3,116123162C018LDL30,30.0,2025-12,2025-12-15,15
TBR,10.00 R 20 JDE,1121129A20000JDEP0,212.0,2025-12,2025-12-16,16
TBR,10.00 R 20 JUH5,1122110020016KUH50,514.0,2025-12,2025-12-16,16
TBR,10.00R 20 JW302,1123129A20152JUCM0,26.0,2025-12,2025-12-16,16
TBR,11.00R20 JUH5,1122111020016KUH50,172.0,2025-12,2025-12-16,16
TBR,11.00R20JDE++,1121111020016KDEP0,111.0,2025-12,2025-12-16,16
TBR,11R22.5 PD301,115121102C016L301P,44.0,2025-12,2025-12-16,16
TBR,11R22.5 PS301,115221102C016L301P,26.0,2025-12,2025-12-16,16
TBR,11R22.5JDH,115121102C016LJDH0,48.0,2025-12,2025-12-16,16
TBR,11R22.5JUC,112321102C016LJUC0,32.0,2025-12,2025-12-16,16
TBR,11R22.5JUHE,115221102C016LJUH0,62.0,2025-12,2025-12-16,16
TBR,255/70R22.5JTH1,115222562C016MTH10,96.0,2025-12,2025-12-16,16
TBR,295/75R22.5JTHSD,115222972C014LJTS0,111.0,2025-12,2025-12-16,16
TBR,295/75R22.5PD301,115122972C016L301P,104.0,2025-12,2025-12-16,16
TBR,295/75R22.5PS301,115222972C016L301P,84.0,2025-12,2025-12-16,16
TBR,295/80R22.5JDL,112122982C016MJDL0,48.0,2025-12,2025-12-16,16
TBR,295/80R22.5JUL1,112222982C016MJUM0,114.0,2025-12,2025-12-16,16
TBR,295/90R20JDCXD,1121129A20152JCXD0,52.0,2025-12,2025-12-16,16
TBR,8.25R20JDE++,1121182020016KDEP0,127.0,2025-12,2025-12-16,16
TBR,8.25R20JUH5,1122182020016KUH50,150.0,2025-12,2025-12-16,16
TBR,9.00 R 20 JDE++,1121190020016KDEP0,96.0,2025-12,2025-12-16,16
TBR,9.00 R 20 JUH5,1122190020016KUH50,50.0,2025-12,2025-12-16,16
TBR,GT 5075 - 295/90R20 JUH XF,1122129A20152JULF0,126.0,2025-12,2025-12-16,16
TBR,GT 5076 - 295/90R20 JDE XF,1121129A20152JDLF0,178.0,2025-12,2025-12-16,16
TBR,GT 5079 - 255/70R22.5 JUX E,112222562C016MUXE0,60.0,2025-12,2025-12-16,16
TBR,GT 5095 - 11.00R20 JUC3,1123111020016KJC30,60.0,2025-12,2025-12-16,16
TBR,GT 5096 - 11.00R20 JDC XD,1121111020016KCXD0,198.0,2025-12,2025-12-16,16
TBR,GT 6019 - 385/65R22.5 JUH6,116223852C020KUH60,26.0,2025-12,2025-12-16,16
TBR,GT 6020 - 315/70R22.5 JDL3,116123162C018LDL30,36.0,2025-12,2025-12-16,16
TBR,10.00 R 20 JDE,1121129A20000JDEP0,274.0,2025-12,2025-12-17,17
TBR,10.00 R 20 JUH5,1122110020016KUH50,498.0,2025-12,2025-12-17,17
TBR,10.00R 20 JW302,1123129A20152JUCM0,46.0,2025-12,2025-12-17,17
TBR,11.00R20 JUH5,1122111020016KUH50,144.0,2025-12,2025-12-17,17
TBR,11.00R20JDE++,1121111020016KDEP0,108.0,2025-12,2025-12-17,17
TBR,11R22.5 PD301,115121102C016L301P,54.0,2025-12,2025-12-17,17
TBR,11R22.5 PS301,115221102C016L301P,42.0,2025-12,2025-12-17,17
TBR,11R22.5JDH,115121102C016LJDH0,44.0,2025-12,2025-12-17,17
TBR,11R22.5JUC,112321102C016LJUC0,43.0,2025-12,2025-12-17,17
TBR,11R22.5JUHE,115221102C016LJUH0,76.0,2025-12,2025-12-17,17
TBR,255/70R22.5JTH1,115222562C016MTH10,80.0,2025-12,2025-12-17,17
TBR,295/75R22.5JTHSD,115222972C014LJTS0,14.0,2025-12,2025-12-17,17
TBR,295/75R22.5PD301,115122972C016L301P,44.0,2025-12,2025-12-17,17
TBR,295/75R22.5PS301,115222972C016L301P,62.0,2025-12,2025-12-17,17
TBR,295/80R22.5JDL,112122982C016MJDL0,48.0,2025-12,2025-12-17,17
TBR,295/80R22.5JUL1,112222982C016MJUM0,108.0,2025-12,2025-12-17,17
TBR,295/90R20JDCXD,1121129A20152JCXD0,46.0,2025-12,2025-12-17,17
TBR,8.25R20JDE++,1121182020016KDEP0,85.0,2025-12,2025-12-17,17
TBR,8.25R20JUH5,1122182020016KUH50,164.0,2025-12,2025-12-17,17
TBR,9.00 R 20 JDE++,1121190020016KDEP0,96.0,2025-12,2025-12-17,17
TBR,9.00 R 20 JUH5,1122190020016KUH50,38.0,2025-12,2025-12-17,17
TBR,GT 5075 - 295/90R20 JUH XF,1122129A20152JULF0,173.0,2025-12,2025-12-17,17
TBR,GT 5076 - 295/90R20 JDE XF,1121129A20152JDLF0,70.0,2025-12,2025-12-17,17
TBR,GT 5077 - 295/90R20 JDL XM2,1121129A20152JLM20,2.0,2025-12,2025-12-17,17
TBR,GT 5079 - 255/70R22.5 JUX E,112222562C016MUXE0,36.0,2025-12,2025-12-17,17
TBR,GT 5095 - 11.00R20 JUC3,1123111020016KJC30,92.0,2025-12,2025-12-17,17
TBR,GT 5096 - 11.00R20 JDC XD,1121111020016KCXD0,170.0,2025-12,2025-12-17,17
TBR,GT 6017 - 385/65R22.5 JTL,116223852C020KJTL0,40.0,2025-12,2025-12-17,17
TBR,GT 6019 - 385/65R22.5 JUH6,116223852C020KUH60,16.0,2025-12,2025-12-17,17
TBR,GT 6020 - 315/70R22.5 JDL3,116123162C018LDL30,42.0,2025-12,2025-12-17,17
TBR,10.00 R 20 JDE,1121129A20000JDEP0,258.0,2025-12,2025-12-18,18
TBR,10.00 R 20 JUH5,1122110020016KUH50,508.0,2025-12,2025-12-18,18
TBR,10.00R 20 JW302,1123129A20152JUCM0,46.0,2025-12,2025-12-18,18
TBR,11.00R20 JUH5,1122111020016KUH50,174.0,2025-12,2025-12-18,18
TBR,11.00R20JDE++,1121111020016KDEP0,109.0,2025-12,2025-12-18,18
TBR,11R22.5 PD301,115121102C016L301P,38.0,2025-12,2025-12-18,18
TBR,11R22.5 PS301,115221102C016L301P,44.0,2025-12,2025-12-18,18
TBR,11R22.5JDH,115121102C016LJDH0,38.0,2025-12,2025-12-18,18
TBR,11R22.5JUC,112321102C016LJUC0,47.0,2025-12,2025-12-18,18
TBR,11R22.5JUHE,115221102C016LJUH0,94.0,2025-12,2025-12-18,18
TBR,255/70R22.5JTH1,115222562C016MTH10,94.0,2025-12,2025-12-18,18
TBR,295/75R22.5JTHSD,115222972C014LJTS0,138.0,2025-12,2025-12-18,18
TBR,295/75R22.5PD301,115122972C016L301P,102.0,2025-12,2025-12-18,18
TBR,295/75R22.5PS301,115222972C016L301P,60.0,2025-12,2025-12-18,18
TBR,295/80R22.5JDL,112122982C016MJDL0,24.0,2025-12,2025-12-18,18
TBR,295/80R22.5JUL1,112222982C016MJUM0,140.0,2025-12,2025-12-18,18
TBR,295/90R20JDCXD,1121129A20152JCXD0,78.0,2025-12,2025-12-18,18
TBR,8.25R20JDE++,1121182020016KDEP0,150.0,2025-12,2025-12-18,18
TBR,8.25R20JUH5,1122182020016KUH50,122.0,2025-12,2025-12-18,18
TBR,9.00 R 20 JDE++,1121190020016KDEP0,88.0,2025-12,2025-12-18,18
TBR,9.00 R 20 JUH5,1122190020016KUH50,50.0,2025-12,2025-12-18,18
TBR,GT 5075 - 295/90R20 JUH XF,1122129A20152JULF0,112.0,2025-12,2025-12-18,18
TBR,GT 5076 - 295/90R20 JDE XF,1121129A20152JDLF0,66.0,2025-12,2025-12-18,18
TBR,GT 5077 - 295/90R20 JDL XM2,1121129A20152JLM20,12.0,2025-12,2025-12-18,18
TBR,GT 5095 - 11.00R20 JUC3,1123111020016KJC30,84.0,2025-12,2025-12-18,18
TBR,GT 5096 - 11.00R20 JDC XD,1121111020016KCXD0,208.0,2025-12,2025-12-18,18
TBR,GT 6017 - 385/65R22.5 JTL,116223852C020KJTL0,24.0,2025-12,2025-12-18,18
TBR,GT 6018 - 385/65R22.5 JUC XD,116323852C020KCXD0,34.0,2025-12,2025-12-18,18
TBR,GT 6020 - 315/70R22.5 JDL3,116123162C018LDL30,42.0,2025-12,2025-12-18,18
TBR,10.00 R 20 JDE,1121129A20000JDEP0,329.0,2025-12,2025-12-19,19
TBR,10.00 R 20 JUH5,1122110020016KUH50,485.0,2025-12,2025-12-19,19
TBR,10.00R 20 JW302,1123129A20152JUCM0,46.0,2025-12,2025-12-19,19
TBR,11.00R20 JUH5,1122111020016KUH50,108.0,2025-12,2025-12-19,19
TBR,11.00R20JDE++,1121111020016KDEP0,130.0,2025-12,2025-12-19,19
TBR,11R22.5 PD301,115121102C016L301P,40.0,2025-12,2025-12-19,19
TBR,11R22.5 PS301,115221102C016L301P,52.0,2025-12,2025-12-19,19
TBR,11R22.5JDH,115121102C016LJDH0,40.0,2025-12,2025-12-19,19
TBR,11R22.5JUC,112321102C016LJUC0,24.0,2025-12,2025-12-19,19
TBR,11R22.5JUHE,115221102C016LJUH0,66.0,2025-12,2025-12-19,19
TBR,255/70R22.5JTH1,115222562C016MTH10,60.0,2025-12,2025-12-19,19
TBR,295/75R22.5JTHSD,115222972C014LJTS0,158.0,2025-12,2025-12-19,19
TBR,295/75R22.5PD301,115122972C016L301P,94.0,2025-12,2025-12-19,19
TBR,295/75R22.5PS301,115222972C016L301P,102.0,2025-12,2025-12-19,19
TBR,295/80R22.5JDL,112122982C016MJDL0,44.0,2025-12,2025-12-19,19
TBR,295/80R22.5JUL1,112222982C016MJUM0,106.0,2025-12,2025-12-19,19
TBR,295/90R20JDCXD,1121129A20152JCXD0,71.0,2025-12,2025-12-19,19
TBR,315/80R22.5JUL3,115223182C018MUL30,62.0,2025-12,2025-12-19,19
TBR,8.25R20JDE++,1121182020016KDEP0,152.0,2025-12,2025-12-19,19
TBR,8.25R20JDH3,1121182020016KDH30,30.0,2025-12,2025-12-19,19
TBR,8.25R20JUH5,1122182020016KUH50,71.0,2025-12,2025-12-19,19
TBR,9.00 R 20 JDE++,1121190020016KDEP0,92.0,2025-12,2025-12-19,19
TBR,9.00 R 20 JUH5,1122190020016KUH50,42.0,2025-12,2025-12-19,19
TBR,GT 5075 - 295/90R20 JUH XF,1122129A20152JULF0,124.0,2025-12,2025-12-19,19
TBR,GT 5076 - 295/90R20 JDE XF,1121129A20152JDLF0,148.0,2025-12,2025-12-19,19
TBR,GT 5077 - 295/90R20 JDL XM2,1121129A20152JLM20,44.0,2025-12,2025-12-19,19
TBR,GT 5095 - 11.00R20 JUC3,1123111020016KJC30,88.0,2025-12,2025-12-19,19
TBR,GT 5096 - 11.00R20 JDC XD,1121111020016KCXD0,186.0,2025-12,2025-12-19,19
TBR,GT 6017 - 385/65R22.5 JTL,116223852C020KJTL0,8.0,2025-12,2025-12-19,19
TBR,GT 6018 - 385/65R22.5 JUC XD,116323852C020KCXD0,88.0,2025-12,2025-12-19,19
TBR,GT 6020 - 315/70R22.5 JDL3,116123162C018LDL30,8.0,2025-12,2025-12-19,19
TBR,10.00 R 20 JDE,1121129A20000JDEP0,255.0,2025-12,2025-12-20,20
TBR,10.00 R 20 JUH5,1122110020016KUH50,525.0,2025-12,2025-12-20,20
TBR,10.00R 20 JW302,1123129A20152JUCM0,46.0,2025-12,2025-12-20,20
TBR,11.00R20 JUH5,1122111020016KUH50,145.0,2025-12,2025-12-20,20
TBR,11.00R20JDE++,1121111020016KDEP0,134.0,2025-12,2025-12-20,20
TBR,11R22.5 PD301,115121102C016L301P,42.0,2025-12,2025-12-20,20
TBR,11R22.5 PS301,115221102C016L301P,46.0,2025-12,2025-12-20,20
TBR,11R22.5JDH,115121102C016LJDH0,46.0,2025-12,2025-12-20,20
TBR,11R22.5JUC,112321102C016LJUC0,46.0,2025-12,2025-12-20,20
TBR,11R22.5JUHE,115221102C016LJUH0,100.0,2025-12,2025-12-20,20
TBR,255/70R22.5JTH1,115222562C016MTH10,18.0,2025-12,2025-12-20,20
TBR,295/75R22.5JTHSD,115222972C014LJTS0,164.0,2025-12,2025-12-20,20
TBR,295/75R22.5JUL3,115222972C016LUL30,44.0,2025-12,2025-12-20,20
TBR,295/75R22.5PD301,115122972C016L301P,70.0,2025-12,2025-12-20,20
TBR,295/75R22.5PS301,115222972C016L301P,118.0,2025-12,2025-12-20,20
TBR,295/80R22.5JDL,112122982C016MJDL0,19.0,2025-12,2025-12-20,20
TBR,295/80R22.5JUL1,112222982C016MJUM0,140.0,2025-12,2025-12-20,20
TBR,295/90R20JDCXD,1121129A20152JCXD0,96.0,2025-12,2025-12-20,20
TBR,315/80R22.5JUL3,115223182C018MUL30,44.0,2025-12,2025-12-20,20
TBR,8.25R20JDE++,1121182020016KDEP0,158.0,2025-12,2025-12-20,20
TBR,8.25R20JDH3,1121182020016KDH30,42.0,2025-12,2025-12-20,20
TBR,8.25R20JUH5,1122182020016KUH50,101.0,2025-12,2025-12-20,20
TBR,9.00 R 20 JDE++,1121190020016KDEP0,76.0,2025-12,2025-12-20,20
TBR,9.00 R 20 JUH5,1122190020016KUH50,32.0,2025-12,2025-12-20,20
TBR,GT 5075 - 295/90R20 JUH XF,1122129A20152JULF0,150.0,2025-12,2025-12-20,20
TBR,GT 5076 - 295/90R20 JDE XF,1121129A20152JDLF0,126.0,2025-12,2025-12-20,20
TBR,GT 5077 - 295/90R20 JDL XM2,1121129A20152JLM20,31.0,2025-12,2025-12-20,20
TBR,GT 5095 - 11.00R20 JUC3,1123111020016KJC30,56.0,2025-12,2025-12-20,20
TBR,GT 5096 - 11.00R20 JDC XD,1121111020016KCXD0,189.0,2025-12,2025-12-20,20
TBR,GT 6018 - 385/65R22.5 JUC XD,116323852C020KCXD0,68.0,2025-12,2025-12-20,20
TBR,GT 6020 - 315/70R22.5 JDL3,116123162C018LDL30,48.0,2025-12,2025-12-20,20
TBR,10.00 R 20 JDE,1121129A20000JDEP0,304.0,2025-12,2025-12-21,21
TBR,10.00 R 20 JUH5,1122110020016KUH50,503.0,2025-12,2025-12-21,21
TBR,10.00R 20 JW302,1123129A20152JUCM0,26.0,2025-12,2025-12-21,21
TBR,11.00R20 JUH5,1122111020016KUH50,185.0,2025-12,2025-12-21,21
TBR,11.00R20JDE++,1121111020016KDEP0,126.0,2025-12,2025-12-21,21
TBR,11R22.5 PD301,115121102C016L301P,32.0,2025-12,2025-12-21,21
TBR,11R22.5 PS301,115221102C016L301P,46.0,2025-12,2025-12-21,21
TBR,11R22.5JDH,115121102C016LJDH0,50.0,2025-12,2025-12-21,21
TBR,11R22.5JTH1,115221102C016LTH10,36.0,2025-12,2025-12-21,21
TBR,11R22.5JUC,112321102C016LJUC0,46.0,2025-12,2025-12-21,21
TBR,11R22.5JUHE,115221102C016LJUH0,76.0,2025-12,2025-12-21,21
TBR,295/75R22.5JTHSD,115222972C014LJTS0,150.0,2025-12,2025-12-21,21
TBR,295/75R22.5JUL3,115222972C016LUL30,50.0,2025-12,2025-12-21,21
TBR,295/75R22.5PD301,115122972C016L301P,94.0,2025-12,2025-12-21,21
TBR,295/75R22.5PS301,115222972C016L301P,84.0,2025-12,2025-12-21,21
TBR,295/80R22.5JUL1,112222982C016MJUM0,140.0,2025-12,2025-12-21,21
TBR,295/90R20JDCXD,1121129A20152JCXD0,82.0,2025-12,2025-12-21,21
TBR,315/80R22.5JUL3,115223182C018MUL30,88.0,2025-12,2025-12-21,21
TBR,8.25R20JDE++,1121182020016KDEP0,154.0,2025-12,2025-12-21,21
TBR,8.25R20JUH5,1122182020016KUH50,124.0,2025-12,2025-12-21,21
TBR,9.00 R 20 JDE++,1121190020016KDEP0,73.0,2025-12,2025-12-21,21
TBR,9.00 R 20 JUH5,1122190020016KUH50,52.0,2025-12,2025-12-21,21
TBR,GT 5075 - 295/90R20 JUH XF,1122129A20152JULF0,180.0,2025-12,2025-12-21,21
TBR,GT 5076 - 295/90R20 JDE XF,1121129A20152JDLF0,133.0,2025-12,2025-12-21,21
TBR,GT 5077 - 295/90R20 JDL XM2,1121129A20152JLM20,44.0,2025-12,2025-12-21,21
TBR,GT 5095 - 11.00R20 JUC3,1123111020016KJC30,78.0,2025-12,2025-12-21,21
TBR,GT 5096 - 11.00R20 JDC XD,1121111020016KCXD0,229.0,2025-12,2025-12-21,21
TBR,GT 6017 - 385/65R22.5 JTL,116223852C020KJTL0,38.0,2025-12,2025-12-21,21
TBR,GT 6018 - 385/65R22.5 JUC XD,116323852C020KCXD0,74.0,2025-12,2025-12-21,21
TBR,GT 6020 - 315/70R22.5 JDL3,116123162C018LDL30,44.0,2025-12,2025-12-21,21
TBR,10.00 R 20 JDE,1121129A20000JDEP0,305.0,2025-12,2025-12-22,22
TBR,10.00 R 20 JUH5,1122110020016KUH50,522.0,2025-12,2025-12-22,22
TBR,10.00R 20 JW302,1123129A20152JUCM0,44.0,2025-12,2025-12-22,22
TBR,11.00R20 JUH5,1122111020016KUH50,180.0,2025-12,2025-12-22,22
TBR,11.00R20JDE++,1121111020016KDEP0,114.0,2025-12,2025-12-22,22
TBR,11R22.5 PD301,115121102C016L301P,48.0,2025-12,2025-12-22,22
TBR,11R22.5 PS301,115221102C016L301P,52.0,2025-12,2025-12-22,22
TBR,11R22.5JDH,115121102C016LJDH0,46.0,2025-12,2025-12-22,22
TBR,11R22.5JTH1,115221102C016LTH10,37.0,2025-12,2025-12-22,22
TBR,11R22.5JUC,112321102C016LJUC0,48.0,2025-12,2025-12-22,22
TBR,11R22.5JUHE,115221102C016LJUH0,66.0,2025-12,2025-12-22,22
TBR,295/75R22.5JTHSD,115222972C014LJTS0,150.0,2025-12,2025-12-22,22
TBR,295/75R22.5JUL3,115222972C016LUL30,50.0,2025-12,2025-12-22,22
TBR,295/75R22.5PD301,115122972C016L301P,104.0,2025-12,2025-12-22,22
TBR,295/75R22.5PS301,115222972C016L301P,48.0,2025-12,2025-12-22,22
TBR,295/80R22.5JUL1,112222982C016MJUM0,138.0,2025-12,2025-12-22,22
TBR,295/90R20JDCXD,1121129A20152JCXD0,91.0,2025-12,2025-12-22,22
TBR,315/80R22.5JUL3,115223182C018MUL30,88.0,2025-12,2025-12-22,22
TBR,8.25R20JDE++,1121182020016KDEP0,146.0,2025-12,2025-12-22,22
TBR,8.25R20JUH5,1122182020016KUH50,121.0,2025-12,2025-12-22,22
TBR,9.00 R 20 JDE++,1121190020016KDEP0,46.0,2025-12,2025-12-22,22
TBR,9.00 R 20 JUH5,1122190020016KUH50,104.0,2025-12,2025-12-22,22
TBR,GT 5075 - 295/90R20 JUH XF,1122129A20152JULF0,166.0,2025-12,2025-12-22,22
TBR,GT 5076 - 295/90R20 JDE XF,1121129A20152JDLF0,154.0,2025-12,2025-12-22,22
TBR,GT 5077 - 295/90R20 JDL XM2,1121129A20152JLM20,36.0,2025-12,2025-12-22,22
TBR,GT 5095 - 11.00R20 JUC3,1123111020016KJC30,82.0,2025-12,2025-12-22,22
TBR,GT 5096 - 11.00R20 JDC XD,1121111020016KCXD0,222.0,2025-12,2025-12-22,22
TBR,GT 6017 - 385/65R22.5 JTL,116223852C020KJTL0,44.0,2025-12,2025-12-22,22
TBR,GT 6018 - 385/65R22.5 JUC XD,116323852C020KCXD0,54.0,2025-12,2025-12-22,22
TBR,GT 6020 - 315/70R22.5 JDL3,116123162C018LDL30,38.0,2025-12,2025-12-22,22
TBR,10.00 R 20 JDE,1121129A20000JDEP0,276.0,2025-12,2025-12-23,23
TBR,10.00 R 20 JUH5,1122110020016KUH50,476.0,2025-12,2025-12-23,23
TBR,10.00R 20 JW302,1123129A20152JUCM0,40.0,2025-12,2025-12-23,23
TBR,11.00R20 JUH5,1122111020016KUH50,173.0,2025-12,2025-12-23,23
TBR,11.00R20JDE++,1121111020016KDEP0,125.0,2025-12,2025-12-23,23
TBR,11R22.5 PD301,115121102C016L301P,42.0,2025-12,2025-12-23,23
TBR,11R22.5 PS301,115221102C016L301P,44.0,2025-12,2025-12-23,23
TBR,11R22.5JDH,115121102C016LJDH0,44.0,2025-12,2025-12-23,23
TBR,11R22.5JTH1,115221102C016LTH10,39.0,2025-12,2025-12-23,23
TBR,11R22.5JUC,112321102C016LJUC0,40.0,2025-12,2025-12-23,23
TBR,11R22.5JUHE,115221102C016LJUH0,50.0,2025-12,2025-12-23,23
TBR,295/75R22.5JTHSD,115222972C014LJTS0,128.0,2025-12,2025-12-23,23
TBR,295/75R22.5JUL3,115222972C016LUL30,48.0,2025-12,2025-12-23,23
TBR,295/75R22.5PD301,115122972C016L301P,102.0,2025-12,2025-12-23,23
TBR,295/75R22.5PS301,115222972C016L301P,58.0,2025-12,2025-12-23,23
TBR,295/80R22.5JUL1,112222982C016MJUM0,130.0,2025-12,2025-12-23,23
TBR,295/90R20JDCXD,1121129A20152JCXD0,86.0,2025-12,2025-12-23,23
TBR,315/80R22.5JUL3,115223182C018MUL30,66.0,2025-12,2025-12-23,23
TBR,8.25R20JDE++,1121182020016KDEP0,148.0,2025-12,2025-12-23,23
TBR,8.25R20JUH5,1122182020016KUH50,148.0,2025-12,2025-12-23,23
TBR,9.00 R 20 JDE++,1121190020016KDEP0,30.0,2025-12,2025-12-23,23
TBR,9.00 R 20 JUH5,1122190020016KUH50,94.0,2025-12,2025-12-23,23
TBR,GT 5055 - 295/80R22.5 JUC XM,115322982C016MJXM0,40.0,2025-12,2025-12-23,23
TBR,GT 5075 - 295/90R20 JUH XF,1122129A20152JULF0,167.0,2025-12,2025-12-23,23
TBR,GT 5076 - 295/90R20 JDE XF,1121129A20152JDLF0,154.0,2025-12,2025-12-23,23
TBR,GT 5077 - 295/90R20 JDL XM2,1121129A20152JLM20,40.0,2025-12,2025-12-23,23
TBR,GT 5095 - 11.00R20 JUC3,1123111020016KJC30,78.0,2025-12,2025-12-23,23
TBR,GT 5096 - 11.00R20 JDC XD,1121111020016KCXD0,172.0,2025-12,2025-12-23,23
TBR,GT 6017 - 385/65R22.5 JTL,116223852C020KJTL0,46.0,2025-12,2025-12-23,23
TBR,GT 6018 - 385/65R22.5 JUC XD,116323852C020KCXD0,64.0,2025-12,2025-12-23,23
TBR,GT 6020 - 315/70R22.5 JDL3,116123162C018LDL30,1.0,2025-12,2025-12-23,23
TBR,10.00 R 20 JDE,1121129A20000JDEP0,238.0,2025-12,2025-12-24,24
TBR,10.00 R 20 JUH5,1122110020016KUH50,474.0,2025-12,2025-12-24,24
TBR,10.00R 20 JW302,1123129A20152JUCM0,32.0,2025-12,2025-12-24,24
TBR,11.00R20 JUH5,1122111020016KUH50,129.0,2025-12,2025-12-24,24
TBR,11.00R20JDE++,1121111020016KDEP0,127.0,2025-12,2025-12-24,24
TBR,11R22.5 PD301,115121102C016L301P,50.0,2025-12,2025-12-24,24
TBR,11R22.5 PS301,115221102C016L301P,47.0,2025-12,2025-12-24,24
TBR,11R22.5JDH,115121102C016LJDH0,29.0,2025-12,2025-12-24,24
TBR,11R22.5JTH1,115221102C016LTH10,42.0,2025-12,2025-12-24,24
TBR,11R22.5JUC,112321102C016LJUC0,25.0,2025-12,2025-12-24,24
TBR,11R22.5JUHE,115221102C016LJUH0,78.0,2025-12,2025-12-24,24
TBR,295/75R22.5JTHSD,115222972C014LJTS0,128.0,2025-12,2025-12-24,24
TBR,295/75R22.5JUL3,115222972C016LUL30,50.0,2025-12,2025-12-24,24
TBR,295/75R22.5PD301,115122972C016L301P,102.0,2025-12,2025-12-24,24
TBR,295/75R22.5PS301,115222972C016L301P,46.0,2025-12,2025-12-24,24
TBR,295/80R22.5JUL1,112222982C016MJUM0,130.0,2025-12,2025-12-24,24
TBR,295/90R20JDCXD,1121129A20152JCXD0,75.0,2025-12,2025-12-24,24
TBR,315/70R22.5JDL3,115123162C018LDL30,6.0,2025-12,2025-12-24,24
TBR,315/80R22.5JUL3,115223182C018MUL30,64.0,2025-12,2025-12-24,24
TBR,385/65R22.5JTL,115223852C024KJTL0,28.0,2025-12,2025-12-24,24
TBR,385/65R22.5JUCXD,115323852C020KUCD0,64.0,2025-12,2025-12-24,24
TBR,8.25R20JDE++,1121182020016KDEP0,143.0,2025-12,2025-12-24,24
TBR,8.25R20JUH5,1122182020016KUH50,151.0,2025-12,2025-12-24,24
TBR,9.00 R 20 JDE++,1121190020016KDEP0,44.0,2025-12,2025-12-24,24
TBR,9.00 R 20 JUH5,1122190020016KUH50,64.0,2025-12,2025-12-24,24
TBR,GT 5055 - 295/80R22.5 JUC XM,115322982C016MJXM0,40.0,2025-12,2025-12-24,24
TBR,GT 5075 - 295/90R20 JUH XF,1122129A20152JULF0,139.0,2025-12,2025-12-24,24
TBR,GT 5076 - 295/90R20 JDE XF,1121129A20152JDLF0,134.0,2025-12,2025-12-24,24
TBR,GT 5077 - 295/90R20 JDL XM2,1121129A20152JLM20,34.0,2025-12,2025-12-24,24
TBR,GT 5095 - 11.00R20 JUC3,1123111020016KJC30,60.0,2025-12,2025-12-24,24
TBR,GT 5096 - 11.00R20 JDC XD,1121111020016KCXD0,208.0,2025-12,2025-12-24,24
TBR,GT 6018 - 385/65R22.5 JUC XD,116323852C020KCXD0,2.0,2025-12,2025-12-24,24
TBR,10.00 R 20 JDE,1121129A20000JDEP0,252.0,2025-12,2025-12-25,25
TBR,10.00 R 20 JUH5,1122110020016KUH50,469.0,2025-12,2025-12-25,25
TBR,10.00R 20 JW302,1123129A20152JUCM0,32.0,2025-12,2025-12-25,25
TBR,11.00R20 JUH5,1122111020016KUH50,191.0,2025-12,2025-12-25,25
TBR,11.00R20JDE++,1121111020016KDEP0,164.0,2025-12,2025-12-25,25
TBR,11R22.5 JUL2+,115221102C016LL2P0,16.0,2025-12,2025-12-25,25
TBR,11R22.5 PD301,115121102C016L301P,41.0,2025-12,2025-12-25,25
TBR,11R22.5 PS301,115221102C016L301P,30.0,2025-12,2025-12-25,25
TBR,11R22.5JTH1,115221102C016LTH10,17.0,2025-12,2025-12-25,25
TBR,11R22.5JUHE,115221102C016LJUH0,46.0,2025-12,2025-12-25,25
TBR,11R22.5JUX,115221102C016JJUX0,30.0,2025-12,2025-12-25,25
TBR,295/75R22.5JTHSD,115222972C014LJTS0,138.0,2025-12,2025-12-25,25
TBR,295/75R22.5JUL3,115222972C016LUL30,29.0,2025-12,2025-12-25,25
TBR,295/75R22.5PD301,115122972C016L301P,94.0,2025-12,2025-12-25,25
TBR,295/75R22.5PS301,115222972C016L301P,7.0,2025-12,2025-12-25,25
TBR,295/80R22.5JUL1,112222982C016MJUM0,132.0,2025-12,2025-12-25,25
TBR,295/90R20JDCXD,1121129A20152JCXD0,85.0,2025-12,2025-12-25,25
TBR,315/70R22.5JDL3,115123162C018LDL30,35.0,2025-12,2025-12-25,25
TBR,315/80R22.5JUL3,115223182C018MUL30,88.0,2025-12,2025-12-25,25
TBR,385/65R22.5JTL,115223852C024KJTL0,22.0,2025-12,2025-12-25,25
TBR,385/65R22.5JUCXD,115323852C020KUCD0,72.0,2025-12,2025-12-25,25
TBR,8.25R20JDE++,1121182020016KDEP0,95.0,2025-12,2025-12-25,25
TBR,8.25R20JUH5,1122182020016KUH50,114.0,2025-12,2025-12-25,25
TBR,9.00 R 20 JDE++,1121190020016KDEP0,48.0,2025-12,2025-12-25,25
TBR,9.00 R 20 JUH5,1122190020016KUH50,104.0,2025-12,2025-12-25,25
TBR,GT 5055 - 295/80R22.5 JUC XM,115322982C016MJXM0,40.0,2025-12,2025-12-25,25
TBR,GT 5075 - 295/90R20 JUH XF,1122129A20152JULF0,188.0,2025-12,2025-12-25,25
TBR,GT 5076 - 295/90R20 JDE XF,1121129A20152JDLF0,149.0,2025-12,2025-12-25,25
TBR,GT 5077 - 295/90R20 JDL XM2,1121129A20152JLM20,21.0,2025-12,2025-12-25,25
TBR,GT 5095 - 11.00R20 JUC3,1123111020016KJC30,46.0,2025-12,2025-12-25,25
TBR,GT 5096 - 11.00R20 JDC XD,1121111020016KCXD0,180.0,2025-12,2025-12-25,25
TBR,10.00 R 20 JDE,1121129A20000JDEP0,292.0,2025-12,2025-12-26,26
TBR,10.00 R 20 JUH5,1122110020016KUH50,565.0,2025-12,2025-12-26,26
TBR,10.00R 20 JW302,1123129A20152JUCM0,1.0,2025-12,2025-12-26,26
TBR,11.00R20 JUH5,1122111020016KUH50,180.0,2025-12,2025-12-26,26
TBR,11.00R20JDE++,1121111020016KDEP0,172.0,2025-12,2025-12-26,26
TBR,11R22.5 JUL2+,115221102C016LL2P0,46.0,2025-12,2025-12-26,26
TBR,11R22.5 PD301,115121102C016L301P,44.0,2025-12,2025-12-26,26
TBR,11R22.5 PS301,115221102C016L301P,46.0,2025-12,2025-12-26,26
TBR,11R22.5JUHE,115221102C016LJUH0,48.0,2025-12,2025-12-26,26
TBR,11R22.5JUX,115221102C016JJUX0,38.0,2025-12,2025-12-26,26
TBR,295/75R22.5JTHSD,115222972C014LJTS0,168.0,2025-12,2025-12-26,26
TBR,295/75R22.5JUL3,115222972C016LUL30,33.0,2025-12,2025-12-26,26
TBR,295/75R22.5PD301,115122972C016L301P,19.0,2025-12,2025-12-26,26
TBR,295/75R22.5PS301,115222972C016L301P,45.0,2025-12,2025-12-26,26
TBR,295/80R22.5JUL1,112222982C016MJUM0,134.0,2025-12,2025-12-26,26
TBR,295/90R20 JDE++ (RS),1121129A20000JDEPM,9.0,2025-12,2025-12-26,26
TBR,295/90R20JDCXD,1121129A20152JCXD0,78.0,2025-12,2025-12-26,26
TBR,315/70R22.5JDL3,115123162C018LDL30,46.0,2025-12,2025-12-26,26
TBR,315/80R22.5JDL3,115123182C018LDL30,10.0,2025-12,2025-12-26,26
TBR,315/80R22.5JUC4,115323182C018LUC40,12.0,2025-12,2025-12-26,26
TBR,315/80R22.5JUL3,115223182C018MUL30,90.0,2025-12,2025-12-26,26
TBR,385/65R22.5JTL,115223852C024KJTL0,40.0,2025-12,2025-12-26,26
TBR,385/65R22.5JUCXD,115323852C020KUCD0,78.0,2025-12,2025-12-26,26
TBR,8.25R20JDE++,1121182020016KDEP0,156.0,2025-12,2025-12-26,26
TBR,8.25R20JUH5,1122182020016KUH50,108.0,2025-12,2025-12-26,26
TBR,9.00 R 20 JDE++,1121190020016KDEP0,38.0,2025-12,2025-12-26,26
TBR,9.00 R 20 JUH5,1122190020016KUH50,100.0,2025-12,2025-12-26,26
TBR,GT 5055 - 295/80R22.5 JUC XM,115322982C016MJXM0,46.0,2025-12,2025-12-26,26
TBR,GT 5075 - 295/90R20 JUH XF,1122129A20152JULF0,189.0,2025-12,2025-12-26,26
TBR,GT 5076 - 295/90R20 JDE XF,1121129A20152JDLF0,161.0,2025-12,2025-12-26,26
TBR,GT 5077 - 295/90R20 JDL XM2,1121129A20152JLM20,6.0,2025-12,2025-12-26,26
TBR,GT 5095 - 11.00R20 JUC3,1123111020016KJC30,48.0,2025-12,2025-12-26,26
TBR,GT 5096 - 11.00R20 JDC XD,1121111020016KCXD0,220.0,2025-12,2025-12-26,26
TBR,GT 5114 - 315/80R22.5 JDC XD,115123182C020KCXD0,12.0,2025-12,2025-12-26,26
TBR,10.00 R 20 JDE,1121129A20000JDEP0,279.0,2025-12,2025-12-27,27
TBR,10.00 R 20 JUH5,1122110020016KUH50,405.0,2025-12,2025-12-27,27
TBR,11.00R20 JUH5,1122111020016KUH50,154.0,2025-12,2025-12-27,27
TBR,11.00R20JDE++,1121111020016KDEP0,157.0,2025-12,2025-12-27,27
TBR,11R22.5 JUL2+,115221102C016LL2P0,31.0,2025-12,2025-12-27,27
TBR,11R22.5 PD301,115121102C016L301P,50.0,2025-12,2025-12-27,27
TBR,11R22.5 PS301,115221102C016L301P,37.0,2025-12,2025-12-27,27
TBR,11R22.5JUHE,115221102C016LJUH0,16.0,2025-12,2025-12-27,27
TBR,11R22.5JUX,115221102C016JJUX0,20.0,2025-12,2025-12-27,27
TBR,295/75R22.5JTHSD,115222972C014LJTS0,120.0,2025-12,2025-12-27,27
TBR,295/75R22.5PS301,115222972C016L301P,54.0,2025-12,2025-12-27,27
TBR,295/80R22.5JUL1,112222982C016MJUM0,120.0,2025-12,2025-12-27,27
TBR,295/90R20JDCXD,1121129A20152JCXD0,27.0,2025-12,2025-12-27,27
TBR,315/70R22.5JDL3,115123162C018LDL30,34.0,2025-12,2025-12-27,27
TBR,315/80R22.5JDL3,115123182C018LDL30,40.0,2025-12,2025-12-27,27
TBR,315/80R22.5JUC4,115323182C018LUC40,40.0,2025-12,2025-12-27,27
TBR,315/80R22.5JUL3,115223182C018MUL30,94.0,2025-12,2025-12-27,27
TBR,385/65R22.5JTL,115223852C024KJTL0,46.0,2025-12,2025-12-27,27
TBR,385/65R22.5JUCXD,115323852C020KUCD0,70.0,2025-12,2025-12-27,27
TBR,8.25R20JDE++,1121182020016KDEP0,148.0,2025-12,2025-12-27,27
TBR,8.25R20JUH5,1122182020016KUH50,148.0,2025-12,2025-12-27,27
TBR,9.00 R 20 JDE++,1121190020016KDEP0,39.0,2025-12,2025-12-27,27
TBR,9.00 R 20 JUH5,1122190020016KUH50,60.0,2025-12,2025-12-27,27
TBR,GT 5055 - 295/80R22.5 JUC XM,115322982C016MJXM0,27.0,2025-12,2025-12-27,27
TBR,GT 5075 - 295/90R20 JUH XF,1122129A20152JULF0,99.0,2025-12,2025-12-27,27
TBR,GT 5076 - 295/90R20 JDE XF,1121129A20152JDLF0,104.0,2025-12,2025-12-27,27
TBR,GT 5077 - 295/90R20 JDL XM2,1121129A20152JLM20,32.0,2025-12,2025-12-27,27
TBR,GT 5095 - 11.00R20 JUC3,1123111020016KJC30,30.0,2025-12,2025-12-27,27
TBR,GT 5096 - 11.00R20 JDC XD,1121111020016KCXD0,148.0,2025-12,2025-12-27,27
TBR,GT 5114 - 315/80R22.5 JDC XD,115123182C020KCXD0,44.0,2025-12,2025-12-27,27
TBR,10.00 R 20 JDE,1121129A20000JDEP0,384.0,2025-12,2025-12-28,28
TBR,10.00 R 20 JUH5,1122110020016KUH50,490.0,2025-12,2025-12-28,28
TBR,10.00R 20 JW302,1123129A20152JUCM0,8.0,2025-12,2025-12-28,28
TBR,11.00R20 JUH5,1122111020016KUH50,134.0,2025-12,2025-12-28,28
TBR,11.00R20JDE++,1121111020016KDEP0,189.0,2025-12,2025-12-28,28
TBR,11R22.5 JUL2+,115221102C016LL2P0,48.0,2025-12,2025-12-28,28
TBR,11R22.5 PD301,115121102C016L301P,48.0,2025-12,2025-12-28,28
TBR,11R22.5 PS301,115221102C016L301P,52.0,2025-12,2025-12-28,28
TBR,11R22.5JUX,115221102C016JJUX0,48.0,2025-12,2025-12-28,28
TBR,295/75R22.5JTHSD,115222972C014LJTS0,98.0,2025-12,2025-12-28,28
TBR,295/75R22.5PS301,115222972C016L301P,52.0,2025-12,2025-12-28,28
TBR,295/80R22.5JUL1,112222982C016MJUM0,129.0,2025-12,2025-12-28,28
TBR,295/90R20JDCXD,1121129A20152JCXD0,143.0,2025-12,2025-12-28,28
TBR,315/70R22.5JDL3,115123162C018LDL30,33.0,2025-12,2025-12-28,28
TBR,315/80R22.5JDL3,115123182C018LDL30,30.0,2025-12,2025-12-28,28
TBR,315/80R22.5JUC4,115323182C018LUC40,18.0,2025-12,2025-12-28,28
TBR,315/80R22.5JUL3,115223182C018MUL30,19.0,2025-12,2025-12-28,28
TBR,385/65R22.5JTL,115223852C024KJTL0,46.0,2025-12,2025-12-28,28
TBR,385/65R22.5JUCXD,115323852C020KUCD0,61.0,2025-12,2025-12-28,28
TBR,8.25R20JDE++,1121182020016KDEP0,140.0,2025-12,2025-12-28,28
TBR,8.25R20JUH5,1122182020016KUH50,140.0,2025-12,2025-12-28,28
TBR,9.00 R 20 JDE++,1121190020016KDEP0,39.0,2025-12,2025-12-28,28
TBR,9.00 R 20 JUH5,1122190020016KUH50,56.0,2025-12,2025-12-28,28
TBR,GT 5055 - 295/80R22.5 JUC XM,115322982C016MJXM0,1.0,2025-12,2025-12-28,28
TBR,GT 5075 - 295/90R20 JUH XF,1122129A20152JULF0,170.0,2025-12,2025-12-28,28
TBR,GT 5076 - 295/90R20 JDE XF,1121129A20152JDLF0,125.0,2025-12,2025-12-28,28
TBR,GT 5095 - 11.00R20 JUC3,1123111020016KJC30,22.0,2025-12,2025-12-28,28
TBR,GT 5096 - 11.00R20 JDC XD,1121111020016KCXD0,222.0,2025-12,2025-12-28,28
TBR,GT 5114 - 315/80R22.5 JDC XD,115123182C020KCXD0,38.0,2025-12,2025-12-28,28
TBR,10.00 R 20 JDE,1121129A20000JDEP0,308.0,2025-12,2025-12-29,29
TBR,10.00 R 20 JUH5,1122110020016KUH50,680.0,2025-12,2025-12-29,29
TBR,10.00R 20 JW302,1123129A20152JUCM0,44.0,2025-12,2025-12-29,29
TBR,11.00R20 JUH5,1122111020016KUH50,182.0,2025-12,2025-12-29,29
TBR,11.00R20JDE++,1121111020016KDEP0,178.0,2025-12,2025-12-29,29
TBR,11R22.5 JUL2+,115221102C016LL2P0,34.0,2025-12,2025-12-29,29
TBR,11R22.5 PD301,115121102C016L301P,38.0,2025-12,2025-12-29,29
TBR,11R22.5 PS301,115221102C016L301P,28.0,2025-12,2025-12-29,29
TBR,11R22.5JUX,115221102C016JJUX0,9.0,2025-12,2025-12-29,29
TBR,295/75R22.5JTHSD,115222972C014LJTS0,72.0,2025-12,2025-12-29,29
TBR,295/75R22.5PS301,115222972C016L301P,42.0,2025-12,2025-12-29,29
TBR,295/80R22.5JUL1,112222982C016MJUM0,139.0,2025-12,2025-12-29,29
TBR,295/90R20JDCXD,1121129A20152JCXD0,130.0,2025-12,2025-12-29,29
TBR,315/70R22.5JDL3,115123162C018LDL30,40.0,2025-12,2025-12-29,29
TBR,315/80R22.5JDL3,115123182C018LDL30,32.0,2025-12,2025-12-29,29
TBR,315/80R22.5JUC4,115323182C018LUC40,40.0,2025-12,2025-12-29,29
TBR,385/65R22.5JTL,115223852C024KJTL0,46.0,2025-12,2025-12-29,29
TBR,385/65R22.5JUCXD,115323852C020KUCD0,90.0,2025-12,2025-12-29,29
TBR,8.25R20JDE++,1121182020016KDEP0,138.0,2025-12,2025-12-29,29
TBR,8.25R20JUH5,1122182020016KUH50,136.0,2025-12,2025-12-29,29
TBR,9.00 R 20 JDE++,1121190020016KDEP0,42.0,2025-12,2025-12-29,29
TBR,9.00 R 20 JUH5,1122190020016KUH50,92.0,2025-12,2025-12-29,29
TBR,GT 5014 - 10.00R20 CUX,1152110020016KCUXC,14.0,2025-12,2025-12-29,29
TBR,GT 5055 - 295/80R22.5 JUC XM,115322982C016MJXM0,37.0,2025-12,2025-12-29,29
TBR,GT 5075 - 295/90R20 JUH XF,1122129A20152JULF0,190.0,2025-12,2025-12-29,29
TBR,GT 5076 - 295/90R20 JDE XF,1121129A20152JDLF0,167.0,2025-12,2025-12-29,29
TBR,GT 5077 - 295/90R20 JDL XM2,1121129A20152JLM20,18.0,2025-12,2025-12-29,29
TBR,GT 5095 - 11.00R20 JUC3,1123111020016KJC30,44.0,2025-12,2025-12-29,29
TBR,GT 5096 - 11.00R20 JDC XD,1121111020016KCXD0,186.0,2025-12,2025-12-29,29
TBR,GT 5114 - 315/80R22.5 JDC XD,115123182C020KCXD0,42.0,2025-12,2025-12-29,29
TBR,10.00 R 20 JDE,1121129A20000JDEP0,221.0,2025-12,2025-12-30,30
TBR,10.00 R 20 JUH5,1122110020016KUH50,493.0,2025-12,2025-12-30,30
TBR,10.00R 20 JW302,1123129A20152JUCM0,16.0,2025-12,2025-12-30,30
TBR,11.00R20 JUH5,1122111020016KUH50,114.0,2025-12,2025-12-30,30
TBR,11.00R20JDE++,1121111020016KDEP0,122.0,2025-12,2025-12-30,30
TBR,11R22.5 JUL2+,115221102C016LL2P0,50.0,2025-12,2025-12-30,30
TBR,11R22.5 PS301,115221102C016L301P,42.0,2025-12,2025-12-30,30
TBR,295/75R22.5JTHSD,115222972C014LJTS0,4.0,2025-12,2025-12-30,30
TBR,295/75R22.5PS301,115222972C016L301P,30.0,2025-12,2025-12-30,30
TBR,295/80R22.5JUL1,112222982C016MJUM0,138.0,2025-12,2025-12-30,30
TBR,295/90R20JDCXD,1121129A20152JCXD0,142.0,2025-12,2025-12-30,30
TBR,315/70R22.5JDL3,115123162C018LDL30,18.0,2025-12,2025-12-30,30
TBR,315/80R22.5JDL3,115123182C018LDL30,30.0,2025-12,2025-12-30,30
TBR,315/80R22.5JUC4,115323182C018LUC40,32.0,2025-12,2025-12-30,30
TBR,315/80R22.5JUL4,115223182C018LUL40,1.0,2025-12,2025-12-30,30
TBR,385/65R22.5JTL,115223852C024KJTL0,42.0,2025-12,2025-12-30,30
TBR,385/65R22.5JUCXD,115323852C020KUCD0,32.0,2025-12,2025-12-30,30
TBR,8.25R20JDE++,1121182020016KDEP0,87.0,2025-12,2025-12-30,30
TBR,8.25R20JUH5,1122182020016KUH50,110.0,2025-12,2025-12-30,30
TBR,9.00 R 20 JDE++,1121190020016KDEP0,20.0,2025-12,2025-12-30,30
TBR,9.00 R 20 JUH5,1122190020016KUH50,62.0,2025-12,2025-12-30,30
TBR,GT 5014 - 10.00R20 CUX,1152110020016KCUXC,46.0,2025-12,2025-12-30,30
TBR,GT 5055 - 295/80R22.5 JUC XM,115322982C016MJXM0,48.0,2025-12,2025-12-30,30
TBR,GT 5075 - 295/90R20 JUH XF,1122129A20152JULF0,120.0,2025-12,2025-12-30,30
TBR,GT 5076 - 295/90R20 JDE XF,1121129A20152JDLF0,77.0,2025-12,2025-12-30,30
TBR,GT 5077 - 295/90R20 JDL XM2,1121129A20152JLM20,42.0,2025-12,2025-12-30,30
TBR,GT 5096 - 11.00R20 JDC XD,1121111020016KCXD0,128.0,2025-12,2025-12-30,30
TBR,GT 5114 - 315/80R22.5 JDC XD,115123182C020KCXD0,44.0,2025-12,2025-12-30,30
TBR,10.00 R 20 JDE,1121129A20000JDEP0,335.0,2025-12,2025-12-31,31
TBR,10.00 R 20 JUH5,1122110020016KUH50,757.0,2025-12,2025-12-31,31
TBR,10.00R 20 JW302,1123129A20152JUCM0,42.0,2025-12,2025-12-31,31
TBR,11.00R20 JUH5,1122111020016KUH50,154.0,2025-12,2025-12-31,31
TBR,11.00R20JDE++,1121111020016KDEP0,184.0,2025-12,2025-12-31,31
TBR,11R22.5 JUL2+,115221102C016LL2P0,3.0,2025-12,2025-12-31,31
TBR,11R22.5 PD301,115121102C016L301P,44.0,2025-12,2025-12-31,31
TBR,11R22.5 PS301,115221102C016L301P,1.0,2025-12,2025-12-31,31
TBR,295/75R22.5JTHSD,115222972C014LJTS0,44.0,2025-12,2025-12-31,31
TBR,295/75R22.5PS301,115222972C016L301P,1.0,2025-12,2025-12-31,31
TBR,295/80R22.5JUL1,112222982C016MJUM0,140.0,2025-12,2025-12-31,31
TBR,295/90R20JDCXD,1121129A20152JCXD0,84.0,2025-12,2025-12-31,31
TBR,315/70R22.5JDL3,115123162C018LDL30,14.0,2025-12,2025-12-31,31
TBR,315/80R22.5JDL3,115123182C018LDL30,48.0,2025-12,2025-12-31,31
TBR,315/80R22.5JUC4,115323182C018LUC40,46.0,2025-12,2025-12-31,31
TBR,315/80R22.5JUL4,115223182C018LUL40,10.0,2025-12,2025-12-31,31
TBR,385/65R22.5JTL,115223852C024KJTL0,12.0,2025-12,2025-12-31,31
TBR,385/65R22.5JUCXD,115323852C020KUCD0,49.0,2025-12,2025-12-31,31
TBR,8.25R20JDE++,1121182020016KDEP0,102.0,2025-12,2025-12-31,31
TBR,8.25R20JUH5,1122182020016KUH50,78.0,2025-12,2025-12-31,31
TBR,9.00 R 20 JDE++,1121190020016KDEP0,36.0,2025-12,2025-12-31,31
TBR,9.00 R 20 JUH5,1122190020016KUH50,90.0,2025-12,2025-12-31,31
TBR,GT 5014 - 10.00R20 CUX,1152110020016KCUXC,22.0,2025-12,2025-12-31,31
TBR,GT 5055 - 295/80R22.5 JUC XM,115322982C016MJXM0,36.0,2025-12,2025-12-31,31
TBR,GT 5075 - 295/90R20 JUH XF,1122129A20152JULF0,146.0,2025-12,2025-12-31,31
TBR,GT 5076 - 295/90R20 JDE XF,1121129A20152JDLF0,116.0,2025-12,2025-12-31,31
TBR,GT 5077 - 295/90R20 JDL XM2,1121129A20152JLM20,2.0,2025-12,2025-12-31,31
TBR,GT 5083 - 295/80R22.5 JUM XM,112222982C016MJXM0,18.0,2025-12,2025-12-31,31
TBR,GT 5096 - 11.00R20 JDC XD,1121111020016KCXD0,218.0,2025-12,2025-12-31,31
TBR,GT 5114 - 315/80R22.5 JDC XD,115123182C020KCXD0,24.0,2025-12,2025-12-31,31
