plant,gt_code,sku,qty,month,due_date,day
PCR,GT  T1457 STAR,1325214617107MSXT0,178.0,2026-03,2026-03-01,1
PCR,GT 1402 XPC TATA,1D25214012008QXPCT,925.0,2026-03,2026-03-01,1
PCR,GT 1422 MAX,1325214812074TTMX0,109.0,2026-03,2026-03-01,1
PCR,GT 1482 UHL,1325214812074TUHL0,524.0,2026-03,2026-03-01,1
PCR,GT 1503 NEO MSIL,1325215813079TUNE3,1588.0,2026-03,2026-03-01,1
PCR,GT 1513 XPC1 MSIL,1D25215013008SXC10,2475.0,2026-03,2026-03-01,1
PCR,GT 1583 NEO TATA,1325215813079TUNE5,518.0,2026-03,2026-03-01,1
PCR,GT 1634 XPC TATA,1D25216814008QXPC0,433.0,2026-03,2026-03-01,1
PCR,GT 1765 ROYL,1325217515084HURL2,518.0,2026-03,2026-03-01,1
PCR,GT 1844 UXT,1325218514086HUTR0,378.0,2026-03,2026-03-01,1
PCR,GT 1844 XPC TML,1D25218014010RXPCT,475.0,2026-03,2026-03-01,1
PCR,GT 1925 XPC1,1225219Z15008SXC11,432.0,2026-03,2026-03-01,1
PCR,GT 1995 ROYL KIA,1325219515091HURL2,644.0,2026-03,2026-03-01,1
PCR,GT 2158 ROYL HYU,1325221318095HURL0,943.0,2026-03,2026-03-01,1
PCR,GT 2256 ROYL,1325222416098VURL0,128.0,2026-03,2026-03-01,1
PCR,GT 2267 ROYL HYU,1325221417096HURL0,1094.0,2026-03,2026-03-01,1
PCR,GT 2367 RAN XATW,1325223517104TRXT0,145.0,2026-03,2026-03-01,1
PCR,GT 2476 SUP MM,1325224716111SELS0,630.0,2026-03,2026-03-01,1
PCR,GT 2676 RAN MT,1325226716123KRMT0,3.0,2026-03,2026-03-01,1
PCR,GT 2856 RAN MT,1325223916120NRMT0,22.0,2026-03,2026-03-01,1
PCR,GT1564 NEO,1325215514075TUNE0,116.0,2026-03,2026-03-01,1
PCR,GT1814 XPC,1D25218Z14008QXPC0,118.0,2026-03,2026-03-01,1
PCR,GT1914 XPC1,1D25219Z14008SXC10,284.0,2026-03,2026-03-01,1
PCR,GT1915 LT XPC1,1225219Z15008SXC10,380.0,2026-03,2026-03-01,1
PCR,GT  T1457 STAR,1325214617107MSXT0,194.0,2026-03,2026-03-02,2
PCR,GT 1402 XPC TATA,1D25214012008QXPCT,850.0,2026-03,2026-03-02,2
PCR,GT 1422 MAX,1325214812074TTMX0,34.0,2026-03,2026-03-02,2
PCR,GT 1482 UHL,1325214812074TUHL0,428.0,2026-03,2026-03-02,2
PCR,GT 1503 NEO MSIL,1325215813079TUNE3,1577.0,2026-03,2026-03-02,2
PCR,GT 1513 XPC1 MSIL,1D25215013008SXC10,2513.0,2026-03,2026-03-02,2
PCR,GT 1583 NEO TATA,1325215813079TUNE5,482.0,2026-03,2026-03-02,2
PCR,GT 1634 XPC TATA,1D25216814008QXPC0,442.0,2026-03,2026-03-02,2
PCR,GT 1765 ROYL,1325217515084HURL2,406.0,2026-03,2026-03-02,2
PCR,GT 1844 UXT,1325218514086HUTR0,402.0,2026-03,2026-03-02,2
PCR,GT 1844 XPC TML,1D25218014010RXPCT,481.0,2026-03,2026-03-02,2
PCR,GT 1925 XPC1,1225219Z15008SXC11,444.0,2026-03,2026-03-02,2
PCR,GT 1995 ROYL KIA,1325219515091HURL2,772.0,2026-03,2026-03-02,2
PCR,GT 2158 ROYL HYU,1325221318095HURL0,936.0,2026-03,2026-03-02,2
PCR,GT 2256 ROYL,1325222416098VURL0,165.0,2026-03,2026-03-02,2
PCR,GT 2267 ROYL HYU,1325221417096HURL0,992.0,2026-03,2026-03-02,2
PCR,GT 2367 RAN XATW,1325223517104TRXT0,149.0,2026-03,2026-03-02,2
PCR,GT 2476 SUP MM,1325224716111SELS0,634.0,2026-03,2026-03-02,2
PCR,GT 2856 RAN MT,1325223916120NRMT0,32.0,2026-03,2026-03-02,2
PCR,GT1564 NEO,1325215514075TUNE0,148.0,2026-03,2026-03-02,2
PCR,GT1814 XPC,1D25218Z14008QXPC0,112.0,2026-03,2026-03-02,2
PCR,GT1914 XPC1,1D25219Z14008SXC10,263.0,2026-03,2026-03-02,2
PCR,GT1915 LT XPC1,1225219Z15008SXC10,398.0,2026-03,2026-03-02,2
PCR,GT  T1457 STAR,1325214617107MSXT0,168.0,2026-03,2026-03-03,3
PCR,GT 1402 XPC TATA,1D25214012008QXPCT,855.0,2026-03,2026-03-03,3
PCR,GT 1422 MAX,1325214812074TTMX0,169.0,2026-03,2026-03-03,3
PCR,GT 1482 UHL,1325214812074TUHL0,538.0,2026-03,2026-03-03,3
PCR,GT 1503 NEO MSIL,1325215813079TUNE3,1618.0,2026-03,2026-03-03,3
PCR,GT 1513 XPC1 MSIL,1D25215013008SXC10,2379.0,2026-03,2026-03-03,3
PCR,GT 1583 NEO TATA,1325215813079TUNE5,530.0,2026-03,2026-03-03,3
PCR,GT 1634 XPC TATA,1D25216814008QXPC0,442.0,2026-03,2026-03-03,3
PCR,GT 1765 ROYL,1325217515084HURL2,594.0,2026-03,2026-03-03,3
PCR,GT 1844 UXT,1325218514086HUTR0,340.0,2026-03,2026-03-03,3
PCR,GT 1844 XPC TML,1D25218014010RXPCT,468.0,2026-03,2026-03-03,3
PCR,GT 1925 XPC1,1225219Z15008SXC11,430.0,2026-03,2026-03-03,3
PCR,GT 1995 ROYL KIA,1325219515091HURL2,636.0,2026-03,2026-03-03,3
PCR,GT 2116 ROYL HYU,1325220516095HURL4,6.0,2026-03,2026-03-03,3
PCR,GT 2158 ROYL HYU,1325221318095HURL0,938.0,2026-03,2026-03-03,3
PCR,GT 2267 ROYL HYU,1325221417096HURL0,994.0,2026-03,2026-03-03,3
PCR,GT 2367 RAN XATW,1325223517104TRXT0,122.0,2026-03,2026-03-03,3
PCR,GT 2476 SUP MM,1325224716111SELS0,623.0,2026-03,2026-03-03,3
PCR,GT 2856 RAN MT,1325223916120NRMT0,76.0,2026-03,2026-03-03,3
PCR,GT1564 NEO,1325215514075TUNE0,162.0,2026-03,2026-03-03,3
PCR,GT1814 XPC,1D25218Z14008QXPC0,122.0,2026-03,2026-03-03,3
PCR,GT1914 XPC1,1D25219Z14008SXC10,278.0,2026-03,2026-03-03,3
PCR,GT1915 LT XPC1,1225219Z15008SXC10,388.0,2026-03,2026-03-03,3
PCR,GT  T1457 STAR,1325214617107MSXT0,192.0,2026-03,2026-03-04,4
PCR,GT 1402 XPC TATA,1D25214012008QXPCT,831.0,2026-03,2026-03-04,4
PCR,GT 1422 MAX,1325214812074TTMX0,88.0,2026-03,2026-03-04,4
PCR,GT 1482 UHL,1325214812074TUHL0,532.0,2026-03,2026-03-04,4
PCR,GT 1503 NEO MSIL,1325215813079TUNE3,1522.0,2026-03,2026-03-04,4
PCR,GT 1513 XPC1 MSIL,1D25215013008SXC10,2530.0,2026-03,2026-03-04,4
PCR,GT 1583 NEO TATA,1325215813079TUNE5,302.0,2026-03,2026-03-04,4
PCR,GT 1634 XPC TATA,1D25216814008QXPC0,426.0,2026-03,2026-03-04,4
PCR,GT 1765 ROYL,1325217515084HURL2,568.0,2026-03,2026-03-04,4
PCR,GT 1844 XPC TML,1D25218014010RXPCT,328.0,2026-03,2026-03-04,4
PCR,GT 1925 XPC1,1225219Z15008SXC11,418.0,2026-03,2026-03-04,4
PCR,GT 1995 ROYL KIA,1325219515091HURL2,524.0,2026-03,2026-03-04,4
PCR,GT 2116 ROYL HYU,1325220516095HURL4,186.0,2026-03,2026-03-04,4
PCR,GT 2158 ROYL HYU,1325221318095HURL0,931.0,2026-03,2026-03-04,4
PCR,GT 2256 ROYL,1325222416098VURL0,149.0,2026-03,2026-03-04,4
PCR,GT 2267 ROYL HYU,1325221417096HURL0,1092.0,2026-03,2026-03-04,4
PCR,GT 2367 RAN XATW,1325223517104TRXT0,144.0,2026-03,2026-03-04,4
PCR,GT 2476 SUP MM,1325224716111SELS0,573.0,2026-03,2026-03-04,4
PCR,GT 2568 HT2,1325225518111HRHB0,309.0,2026-03,2026-03-04,4
PCR,GT 2856 RAN MT,1325223916120NRMT0,116.0,2026-03,2026-03-04,4
PCR,GT1564 NEO,1325215514075TUNE0,179.0,2026-03,2026-03-04,4
PCR,GT1814 XPC,1D25218Z14008QXPC0,88.0,2026-03,2026-03-04,4
PCR,GT1914 XPC1,1D25219Z14008SXC10,246.0,2026-03,2026-03-04,4
PCR,GT1915 LT XPC1,1225219Z15008SXC10,391.0,2026-03,2026-03-04,4
PCR,GT  T1457 STAR,1325214617107MSXT0,188.0,2026-03,2026-03-05,5
PCR,GT 1402 XPC TATA,1D25214012008QXPCT,838.0,2026-03,2026-03-05,5
PCR,GT 1422 MAX,1325214812074TTMX0,174.0,2026-03,2026-03-05,5
PCR,GT 1482 UHL,1325214812074TUHL0,538.0,2026-03,2026-03-05,5
PCR,GT 1503 NEO MSIL,1325215813079TUNE3,1448.0,2026-03,2026-03-05,5
PCR,GT 1513 XPC1 MSIL,1D25215013008SXC10,2628.0,2026-03,2026-03-05,5
PCR,GT 1583 NEO TATA,1325215813079TUNE5,526.0,2026-03,2026-03-05,5
PCR,GT 1634 XPC TATA,1D25216814008QXPC0,532.0,2026-03,2026-03-05,5
PCR,GT 1765 ROYL,1325217515084HURL2,549.0,2026-03,2026-03-05,5
PCR,GT 1844 XPC TML,1D25218014010RXPCT,368.0,2026-03,2026-03-05,5
PCR,GT 1925 XPC1,1225219Z15008SXC11,448.0,2026-03,2026-03-05,5
PCR,GT 1995 ROYL KIA,1325219515091HURL2,609.0,2026-03,2026-03-05,5
PCR,GT 2116 ROYL HYU,1325220516095HURL4,19.0,2026-03,2026-03-05,5
PCR,GT 2158 ROYL HYU,1325221318095HURL0,759.0,2026-03,2026-03-05,5
PCR,GT 2256 ROYL,1325222416098VURL0,174.0,2026-03,2026-03-05,5
PCR,GT 2267 ROYL HYU,1325221417096HURL0,1179.0,2026-03,2026-03-05,5
PCR,GT 2367 RAN XATW,1325223517104TRXT0,148.0,2026-03,2026-03-05,5
PCR,GT 2476 SUP MM,1325224716111SELS0,625.0,2026-03,2026-03-05,5
PCR,GT 2568 HT2,1325225518111HRHB0,613.0,2026-03,2026-03-05,5
PCR,GT 2676 RAN MT,1325226716123KRMT0,6.0,2026-03,2026-03-05,5
PCR,GT 2856 RAN MT,1325223916120NRMT0,41.0,2026-03,2026-03-05,5
PCR,GT1564 NEO,1325215514075TUNE0,58.0,2026-03,2026-03-05,5
PCR,GT1814 XPC,1D25218Z14008QXPC0,120.0,2026-03,2026-03-05,5
PCR,GT1914 XPC1,1D25219Z14008SXC10,12.0,2026-03,2026-03-05,5
PCR,GT1915 LT XPC1,1225219Z15008SXC10,381.0,2026-03,2026-03-05,5
PCR,GT  T1457 STAR,1325214617107MSXT0,338.0,2026-03,2026-03-06,6
PCR,GT 1402 XPC TATA,1D25214012008QXPCT,712.0,2026-03,2026-03-06,6
PCR,GT 1412 XPC MM,1D25114012008QXPC0,3.0,2026-03,2026-03-06,6
PCR,GT 1422 MAX,1325214812074TTMX0,188.0,2026-03,2026-03-06,6
PCR,GT 1482 UHL,1325214812074TUHL0,434.0,2026-03,2026-03-06,6
PCR,GT 1503 NEO MSIL,1325215813079TUNE3,1415.0,2026-03,2026-03-06,6
PCR,GT 1513 XPC1 MSIL,1D25215013008SXC10,2463.0,2026-03,2026-03-06,6
PCR,GT 1583 NEO TATA,1325215813079TUNE5,438.0,2026-03,2026-03-06,6
PCR,GT 1634 XPC TATA,1D25216814008QXPC0,564.0,2026-03,2026-03-06,6
PCR,GT 1765 ROYL,1325217515084HURL2,587.0,2026-03,2026-03-06,6
PCR,GT 1844 XPC TML,1D25218014010RXPCT,326.0,2026-03,2026-03-06,6
PCR,GT 1925 XPC1,1225219Z15008SXC11,408.0,2026-03,2026-03-06,6
PCR,GT 1995 ROYL KIA,1325219515091HURL2,778.0,2026-03,2026-03-06,6
PCR,GT 2158 ROYL HYU,1325221318095HURL0,420.0,2026-03,2026-03-06,6
PCR,GT 2256 ROYL,1325222416098VURL0,174.0,2026-03,2026-03-06,6
PCR,GT 2258 RAN HPE,1325222318098HRHE0,138.0,2026-03,2026-03-06,6
PCR,GT 2267 ROYL HYU,1325221417096HURL0,1263.0,2026-03,2026-03-06,6
PCR,GT 2367 RAN XATW,1325223517104TRXT0,136.0,2026-03,2026-03-06,6
PCR,GT 2476 SUP MM,1325224716111SELS0,558.0,2026-03,2026-03-06,6
PCR,GT 2568 HT2,1325225518111HRHB0,643.0,2026-03,2026-03-06,6
PCR,GT 2676 RAN MT,1325226716123KRMT0,90.0,2026-03,2026-03-06,6
PCR,GT1814 XPC,1D25218Z14008QXPC0,108.0,2026-03,2026-03-06,6
PCR,GT1915 LT XPC1,1225219Z15008SXC10,345.0,2026-03,2026-03-06,6
PCR,GT  T1457 STAR,1325214617107MSXT0,240.0,2026-03,2026-03-07,7
PCR,GT 1402 XPC TATA,1D25214012008QXPCT,822.0,2026-03,2026-03-07,7
PCR,GT 1412 XPC MM,1D25114012008QXPC0,187.0,2026-03,2026-03-07,7
PCR,GT 1422 MAX,1325214812074TTMX0,13.0,2026-03,2026-03-07,7
PCR,GT 1482 UHL,1325214812074TUHL0,348.0,2026-03,2026-03-07,7
PCR,GT 1503 NEO MSIL,1325215813079TUNE3,1627.0,2026-03,2026-03-07,7
PCR,GT 1513 XPC1 MSIL,1D25215013008SXC10,2505.0,2026-03,2026-03-07,7
PCR,GT 1583 NEO TATA,1325215813079TUNE5,380.0,2026-03,2026-03-07,7
PCR,GT 1634 XPC TATA,1D25216814008QXPC0,567.0,2026-03,2026-03-07,7
PCR,GT 1765 ROYL,1325217515084HURL2,493.0,2026-03,2026-03-07,7
PCR,GT 1844 XPC TML,1D25218014010RXPCT,365.0,2026-03,2026-03-07,7
PCR,GT 1925 XPC1,1225219Z15008SXC11,441.0,2026-03,2026-03-07,7
PCR,GT 1995 ROYL KIA,1325219515091HURL2,711.0,2026-03,2026-03-07,7
PCR,GT 2158 ROYL HYU,1325221318095HURL0,449.0,2026-03,2026-03-07,7
PCR,GT 2256 ROYL,1325222416098VURL0,10.0,2026-03,2026-03-07,7
PCR,GT 2258 RAN HPE,1325222318098HRHE0,328.0,2026-03,2026-03-07,7
PCR,GT 2267 ROYL HYU,1325221417096HURL0,1266.0,2026-03,2026-03-07,7
PCR,GT 2367 RAN XATW,1325223517104TRXT0,64.0,2026-03,2026-03-07,7
PCR,GT 2476 SUP MM,1325224716111SELS0,634.0,2026-03,2026-03-07,7
PCR,GT 2568 HT2,1325225518111HRHB0,626.0,2026-03,2026-03-07,7
PCR,GT 2676 RAN MT,1325226716123KRMT0,86.0,2026-03,2026-03-07,7
PCR,GT SUS 1765 ROYL,1325217515084HURL5,53.0,2026-03,2026-03-07,7
PCR,GT1814 XPC,1D25218Z14008QXPC0,122.0,2026-03,2026-03-07,7
PCR,GT1915 LT XPC1,1225219Z15008SXC10,368.0,2026-03,2026-03-07,7
PCR,GT  T1457 STAR,1325214617107MSXT0,370.0,2026-03,2026-03-08,8
PCR,GT 1402 XPC TATA,1D25214012008QXPCT,844.0,2026-03,2026-03-08,8
PCR,GT 1412 XPC MM,1D25114012008QXPC0,300.0,2026-03,2026-03-08,8
PCR,GT 1482 UHL,1325214812074TUHL0,360.0,2026-03,2026-03-08,8
PCR,GT 1503 NEO MSIL,1325215813079TUNE3,1604.0,2026-03,2026-03-08,8
PCR,GT 1513 XPC1 MSIL,1D25215013008SXC10,2484.0,2026-03,2026-03-08,8
PCR,GT 1583 NEO TATA,1325215813079TUNE5,388.0,2026-03,2026-03-08,8
PCR,GT 1634 XPC TATA,1D25216814008QXPC0,578.0,2026-03,2026-03-08,8
PCR,GT 1765 ROYL,1325217515084HURL2,516.0,2026-03,2026-03-08,8
PCR,GT 1844 XPC TML,1D25218014010RXPCT,320.0,2026-03,2026-03-08,8
PCR,GT 1925 XPC1,1225219Z15008SXC11,345.0,2026-03,2026-03-08,8
PCR,GT 1995 ROYL KIA,1325219515091HURL2,674.0,2026-03,2026-03-08,8
PCR,GT 2158 ROYL HYU,1325221318095HURL0,425.0,2026-03,2026-03-08,8
PCR,GT 2258 RAN HPE,1325222318098HRHE0,240.0,2026-03,2026-03-08,8
PCR,GT 2267 ROYL HYU,1325221417096HURL0,1264.0,2026-03,2026-03-08,8
PCR,GT 2455 RAN A/T,1325221715100SRAT0,26.0,2026-03,2026-03-08,8
PCR,GT 2476 SUP MM,1325224716111SELS0,627.0,2026-03,2026-03-08,8
PCR,GT 2568 HT2,1325225518111HRHB0,621.0,2026-03,2026-03-08,8
PCR,GT 2576 EZO TATA,1325223616109SELZ0,124.0,2026-03,2026-03-08,8
PCR,GT 2676 RAN MT,1325226716123KRMT0,1.0,2026-03,2026-03-08,8
PCR,GT SUS 1765 ROYL,1325217515084HURL5,22.0,2026-03,2026-03-08,8
PCR,GT1814 XPC,1D25218Z14008QXPC0,98.0,2026-03,2026-03-08,8
PCR,GT1915 LT XPC1,1225219Z15008SXC10,347.0,2026-03,2026-03-08,8
PCR,GT  T1457 STAR,1325214617107MSXT0,288.0,2026-03,2026-03-09,9
PCR,GT 1402 XPC TATA,1D25214012008QXPCT,850.0,2026-03,2026-03-09,9
PCR,GT 1412 XPC MM,1D25114012008QXPC0,322.0,2026-03,2026-03-09,9
PCR,GT 1482 UHL,1325214812074TUHL0,348.0,2026-03,2026-03-09,9
PCR,GT 1503 NEO MSIL,1325215813079TUNE3,1632.0,2026-03,2026-03-09,9
PCR,GT 1513 XPC1 MSIL,1D25215013008SXC10,2602.0,2026-03,2026-03-09,9
PCR,GT 1583 NEO TATA,1325215813079TUNE5,464.0,2026-03,2026-03-09,9
PCR,GT 1634 XPC TATA,1D25216814008QXPC0,558.0,2026-03,2026-03-09,9
PCR,GT 1765 ROYL,1325217515084HURL2,578.0,2026-03,2026-03-09,9
PCR,GT 1844 XPC TML,1D25218014010RXPCT,368.0,2026-03,2026-03-09,9
PCR,GT 1925 XPC1,1225219Z15008SXC11,450.0,2026-03,2026-03-09,9
PCR,GT 1995 ROYL KIA,1325219515091HURL2,769.0,2026-03,2026-03-09,9
PCR,GT 2158 ROYL HYU,1325221318095HURL0,454.0,2026-03,2026-03-09,9
PCR,GT 2258 RAN HPE,1325222318098HRHE0,312.0,2026-03,2026-03-09,9
PCR,GT 2267 ROYL HYU,1325221417096HURL0,1230.0,2026-03,2026-03-09,9
PCR,GT 2368 RAN HT,1325223418103HRHP0,98.0,2026-03,2026-03-09,9
PCR,GT 2455 RAN A/T,1325221715100SRAT0,302.0,2026-03,2026-03-09,9
PCR,GT 2476 SUP MM,1325224716111SELS0,394.0,2026-03,2026-03-09,9
PCR,GT 2568 HT2,1325225518111HRHB0,582.0,2026-03,2026-03-09,9
PCR,GT 2576 EZO TATA,1325223616109SELZ0,128.0,2026-03,2026-03-09,9
PCR,GT 2676 RAN MT,1325226716123KRMT0,45.0,2026-03,2026-03-09,9
PCR,GT1814 XPC,1D25218Z14008QXPC0,106.0,2026-03,2026-03-09,9
PCR,GT1915 LT XPC1,1225219Z15008SXC10,36.0,2026-03,2026-03-09,9
PCR,GT  T1457 STAR,1325214617107MSXT0,216.0,2026-03,2026-03-10,10
PCR,GT 1402 XPC TATA,1D25214012008QXPCT,860.0,2026-03,2026-03-10,10
PCR,GT 1412 XPC MM,1D25114012008QXPC0,328.0,2026-03,2026-03-10,10
PCR,GT 1482 UHL,1325214812074TUHL0,350.0,2026-03,2026-03-10,10
PCR,GT 1503 NEO MSIL,1325215813079TUNE3,1662.0,2026-03,2026-03-10,10
PCR,GT 1513 XPC1 MSIL,1D25215013008SXC10,2047.0,2026-03,2026-03-10,10
PCR,GT 1583 NEO TATA,1325215813079TUNE5,496.0,2026-03,2026-03-10,10
PCR,GT 1634 XPC TATA,1D25216814008QXPC0,511.0,2026-03,2026-03-10,10
PCR,GT 1765 ROYL,1325217515084HURL2,556.0,2026-03,2026-03-10,10
PCR,GT 1844 XPC TML,1D25218014010RXPCT,370.0,2026-03,2026-03-10,10
PCR,GT 1925 XPC1,1225219Z15008SXC11,558.0,2026-03,2026-03-10,10
PCR,GT 1995 ROYL KIA,1325219515091HURL2,679.0,2026-03,2026-03-10,10
PCR,GT 2158 ROYL HYU,1325221318095HURL0,371.0,2026-03,2026-03-10,10
PCR,GT 2258 RAN HPE,1325222318098HRHE0,328.0,2026-03,2026-03-10,10
PCR,GT 2267 ROYL HYU,1325221417096HURL0,972.0,2026-03,2026-03-10,10
PCR,GT 2267 ROYL PG,1325221417096HURP0,136.0,2026-03,2026-03-10,10
PCR,GT 2368 RAN HT,1325223418103HRHP0,116.0,2026-03,2026-03-10,10
PCR,GT 2455 RAN A/T,1325221715100SRAT0,308.0,2026-03,2026-03-10,10
PCR,GT 2476 SUP MM,1325224716111SELS0,615.0,2026-03,2026-03-10,10
PCR,GT 2568 HT2,1325225518111HRHB0,656.0,2026-03,2026-03-10,10
PCR,GT 2576 EZO TATA,1325223616109SELZ0,78.0,2026-03,2026-03-10,10
PCR,GT 2676 RAN MT,1325226716123KRMT0,8.0,2026-03,2026-03-10,10
PCR,GT1814 XPC,1D25218Z14008QXPC0,124.0,2026-03,2026-03-10,10
PCR,GT  T1457 STAR,1325214617107MSXT0,172.0,2026-03,2026-03-11,11
PCR,GT 1402 XPC TATA,1D25214012008QXPCT,755.0,2026-03,2026-03-11,11
PCR,GT 1412 XPC MM,1D25114012008QXPC0,308.0,2026-03,2026-03-11,11
PCR,GT 1482 UHL,1325214812074TUHL0,359.0,2026-03,2026-03-11,11
PCR,GT 1503 NEO MSIL,1325215813079TUNE3,1568.0,2026-03,2026-03-11,11
PCR,GT 1513 XPC1 MSIL,1D25215013008SXC10,1937.0,2026-03,2026-03-11,11
PCR,GT 1543 XPC1,1D25215013008SXC1T,293.0,2026-03,2026-03-11,11
PCR,GT 1583 NEO TATA,1325215813079TUNE5,344.0,2026-03,2026-03-11,11
PCR,GT 1634 XPC TATA,1D25216814008QXPC0,321.0,2026-03,2026-03-11,11
PCR,GT 1765 ROYL,1325217515084HURL2,540.0,2026-03,2026-03-11,11
PCR,GT 1844 XPC TML,1D25218014010RXPCT,484.0,2026-03,2026-03-11,11
PCR,GT 1925 XPC1,1225219Z15008SXC11,560.0,2026-03,2026-03-11,11
PCR,GT 1995 ROYL KIA,1325219515091HURL2,715.0,2026-03,2026-03-11,11
PCR,GT 2158 ROYL HYU,1325221318095HURL0,229.0,2026-03,2026-03-11,11
PCR,GT 2258 RAN HPE,1325222318098HRHE0,322.0,2026-03,2026-03-11,11
PCR,GT 2267 ROYL HYU,1325221417096HURL0,1010.0,2026-03,2026-03-11,11
PCR,GT 2267 ROYL PG,1325221417096HURP0,176.0,2026-03,2026-03-11,11
PCR,GT 2368 RAN HT,1325223418103HRHP0,154.0,2026-03,2026-03-11,11
PCR,GT 2455 RAN A/T,1325221715100SRAT0,266.0,2026-03,2026-03-11,11
PCR,GT 2476 SUP MM,1325224716111SELS0,573.0,2026-03,2026-03-11,11
PCR,GT 2568 HT2,1325225518111HRHB0,587.0,2026-03,2026-03-11,11
PCR,GT 2576 EZO TATA,1325223616109SELZ0,94.0,2026-03,2026-03-11,11
PCR,GT 2676 RAN MT,1325226716123KRMT0,32.0,2026-03,2026-03-11,11
PCR,GT1814 XPC,1D25218Z14008QXPC0,118.0,2026-03,2026-03-11,11
PCR,GT 1402 XPC TATA,1D25214012008QXPCT,966.0,2026-03,2026-03-12,12
PCR,GT 1412 XPC MM,1D25114012008QXPC0,184.0,2026-03,2026-03-12,12
PCR,GT 1482 UHL,1325214812074TUHL0,356.0,2026-03,2026-03-12,12
PCR,GT 1503 NEO MSIL,1325215813079TUNE3,1053.0,2026-03,2026-03-12,12
PCR,GT 1513 XPC1 MSIL,1D25215013008SXC10,1465.0,2026-03,2026-03-12,12
PCR,GT 1543 XPC1,1D25215013008SXC1T,1058.0,2026-03,2026-03-12,12
PCR,GT 1583 NEO TATA,1325215813079TUNE5,554.0,2026-03,2026-03-12,12
PCR,GT 1634 XPC TATA,1D25216814008QXPC0,429.0,2026-03,2026-03-12,12
PCR,GT 1765 ROYL,1325217515084HURL2,509.0,2026-03,2026-03-12,12
PCR,GT 1844 XPC TML,1D25218014010RXPCT,484.0,2026-03,2026-03-12,12
PCR,GT 1925 XPC1,1225219Z15008SXC11,560.0,2026-03,2026-03-12,12
PCR,GT 1995 ROYL KIA,1325219515091HURL2,674.0,2026-03,2026-03-12,12
PCR,GT 2158 ROYL HYU,1325221318095HURL0,30.0,2026-03,2026-03-12,12
PCR,GT 2258 RAN HPE,1325222318098HRHE0,467.0,2026-03,2026-03-12,12
PCR,GT 2267 ROYL HYU,1325221417096HURL0,1145.0,2026-03,2026-03-12,12
PCR,GT 2267 ROYL PG,1325221417096HURP0,24.0,2026-03,2026-03-12,12
PCR,GT 2368 RAN HT,1325223418103HRHP0,158.0,2026-03,2026-03-12,12
PCR,GT 2455 RAN A/T,1325221715100SRAT0,314.0,2026-03,2026-03-12,12
PCR,GT 2476 SUP MM,1325224716111SELS0,610.0,2026-03,2026-03-12,12
PCR,GT 2568 HT2,1325225518111HRHB0,585.0,2026-03,2026-03-12,12
PCR,GT 2576 EZO TATA,1325223616109SELZ0,62.0,2026-03,2026-03-12,12
PCR,GT 2676 RAN MT,1325226716123KRMT0,38.0,2026-03,2026-03-12,12
PCR,GT1814 XPC,1D25218Z14008QXPC0,105.0,2026-03,2026-03-12,12
PCR,GT  T1457 STAR,1325214617107MSXT0,114.0,2026-03,2026-03-13,13
PCR,GT 1402 XPC TATA,1D25214012008QXPCT,603.0,2026-03,2026-03-13,13
PCR,GT 1412 XPC MM,1D25114012008QXPC0,320.0,2026-03,2026-03-13,13
PCR,GT 1482 UHL,1325214812074TUHL0,351.0,2026-03,2026-03-13,13
PCR,GT 1503 NEO MSIL,1325215813079TUNE3,1064.0,2026-03,2026-03-13,13
PCR,GT 1513 XPC1 MSIL,1D25215013008SXC10,1783.0,2026-03,2026-03-13,13
PCR,GT 1543 XPC1,1D25215013008SXC1T,325.0,2026-03,2026-03-13,13
PCR,GT 1583 NEO TATA,1325215813079TUNE5,619.0,2026-03,2026-03-13,13
PCR,GT 1634 XPC TATA,1D25216814008QXPC0,439.0,2026-03,2026-03-13,13
PCR,GT 1765 ROYL,1325217515084HURL2,488.0,2026-03,2026-03-13,13
PCR,GT 1844 XPC TML,1D25218014010RXPCT,261.0,2026-03,2026-03-13,13
PCR,GT 1925 XPC1,1225219Z15008SXC11,542.0,2026-03,2026-03-13,13
PCR,GT 1995 ROYL KIA,1325219515091HURL2,682.0,2026-03,2026-03-13,13
PCR,GT 2258 RAN HPE,1325222318098HRHE0,504.0,2026-03,2026-03-13,13
PCR,GT 2267 ROYL HYU,1325221417096HURL0,1269.0,2026-03,2026-03-13,13
PCR,GT 2368 RAN HT,1325223418103HRHP0,140.0,2026-03,2026-03-13,13
PCR,GT 2455 RAN A/T,1325221715100SRAT0,289.0,2026-03,2026-03-13,13
PCR,GT 2476 SUP MM,1325224716111SELS0,176.0,2026-03,2026-03-13,13
PCR,GT 2568 HT2,1325225518111HRHB0,584.0,2026-03,2026-03-13,13
PCR,GT 2576 EZO TATA,1325223616109SELZ0,112.0,2026-03,2026-03-13,13
PCR,GT 2676 RAN MT,1325226716123KRMT0,100.0,2026-03,2026-03-13,13
PCR,GT 3125 RAN MT,1325231015109QRMT0,78.0,2026-03,2026-03-13,13
PCR,GT1814 XPC,1D25218Z14008QXPC0,123.0,2026-03,2026-03-13,13
PCR,GT  T1457 STAR,1325214617107MSXT0,168.0,2026-03,2026-03-14,14
PCR,GT 1402 XPC TATA,1D25214012008QXPCT,959.0,2026-03,2026-03-14,14
PCR,GT 1412 XPC MM,1D25114012008QXPC0,290.0,2026-03,2026-03-14,14
PCR,GT 1482 UHL,1325214812074TUHL0,336.0,2026-03,2026-03-14,14
PCR,GT 1503 NEO MSIL,1325215813079TUNE3,1294.0,2026-03,2026-03-14,14
PCR,GT 1513 XPC1 MSIL,1D25215013008SXC10,2444.0,2026-03,2026-03-14,14
PCR,GT 1583 NEO TATA,1325215813079TUNE5,600.0,2026-03,2026-03-14,14
PCR,GT 1634 XPC TATA,1D25216814008QXPC0,435.0,2026-03,2026-03-14,14
PCR,GT 1765 ROYL,1325217515084HURL2,486.0,2026-03,2026-03-14,14
PCR,GT 1844 XPC TML,1D25218014010RXPCT,402.0,2026-03,2026-03-14,14
PCR,GT 1925 XPC1,1225219Z15008SXC11,556.0,2026-03,2026-03-14,14
PCR,GT 1995 ROYL KIA,1325219515091HURL2,710.0,2026-03,2026-03-14,14
PCR,GT 2258 RAN HPE,1325222318098HRHE0,506.0,2026-03,2026-03-14,14
PCR,GT 2267 ROYL HYU,1325221417096HURL0,1255.0,2026-03,2026-03-14,14
PCR,GT 2367 RAN XATW,1325223517104TRXT0,82.0,2026-03,2026-03-14,14
PCR,GT 2368 RAN HT,1325223418103HRHP0,164.0,2026-03,2026-03-14,14
PCR,GT 2455 RAN A/T,1325221715100SRAT0,289.0,2026-03,2026-03-14,14
PCR,GT 2476 SUP MM,1325224716111SELS0,614.0,2026-03,2026-03-14,14
PCR,GT 2568 HT2,1325225518111HRHB0,602.0,2026-03,2026-03-14,14
PCR,GT 2676 RAN MT,1325226716123KRMT0,31.0,2026-03,2026-03-14,14
PCR,GT 3125 RAN MT,1325231015109QRMT0,114.0,2026-03,2026-03-14,14
PCR,GT1814 XPC,1D25218Z14008QXPC0,66.0,2026-03,2026-03-14,14
PCR,GT  T1457 STAR,1325214617107MSXT0,160.0,2026-03,2026-03-15,15
PCR,GT 1402 XPC TATA,1D25214012008QXPCT,782.0,2026-03,2026-03-15,15
PCR,GT 1412 XPC MM,1D25114012008QXPC0,320.0,2026-03,2026-03-15,15
PCR,GT 1482 UHL,1325214812074TUHL0,361.0,2026-03,2026-03-15,15
PCR,GT 1503 NEO MSIL,1325215813079TUNE3,1391.0,2026-03,2026-03-15,15
PCR,GT 1513 XPC1 MSIL,1D25215013008SXC10,2402.0,2026-03,2026-03-15,15
PCR,GT 1543 XPC1,1D25215013008SXC1T,161.0,2026-03,2026-03-15,15
PCR,GT 1583 NEO TATA,1325215813079TUNE5,630.0,2026-03,2026-03-15,15
PCR,GT 1634 XPC TATA,1D25216814008QXPC0,436.0,2026-03,2026-03-15,15
PCR,GT 1765 ROYL,1325217515084HURL2,523.0,2026-03,2026-03-15,15
PCR,GT 1844 XPC TML,1D25218014010RXPCT,492.0,2026-03,2026-03-15,15
PCR,GT 1925 XPC1,1225219Z15008SXC11,534.0,2026-03,2026-03-15,15
PCR,GT 1995 ROYL KIA,1325219515091HURL2,704.0,2026-03,2026-03-15,15
PCR,GT 2258 RAN HPE,1325222318098HRHE0,648.0,2026-03,2026-03-15,15
PCR,GT 2267 ROYL HYU,1325221417096HURL0,1210.0,2026-03,2026-03-15,15
PCR,GT 2367 RAN XATW,1325223517104TRXT0,144.0,2026-03,2026-03-15,15
PCR,GT 2368 RAN HT,1325223418103HRHP0,141.0,2026-03,2026-03-15,15
PCR,GT 2455 RAN A/T,1325221715100SRAT0,298.0,2026-03,2026-03-15,15
PCR,GT 2476 SUP MM,1325224716111SELS0,624.0,2026-03,2026-03-15,15
PCR,GT 2568 HT2,1325225518111HRHB0,640.0,2026-03,2026-03-15,15
PCR,GT 2676 RAN MT,1325226716123KRMT0,44.0,2026-03,2026-03-15,15
PCR,GT 3125 RAN MT,1325231015109QRMT0,39.0,2026-03,2026-03-15,15
PCR,GT1814 XPC,1D25218Z14008QXPC0,118.0,2026-03,2026-03-15,15
PCR,GT  T1457 STAR,1325214617107MSXT0,170.0,2026-03,2026-03-16,16
PCR,GT 1402 XPC TATA,1D25214012008QXPCT,921.0,2026-03,2026-03-16,16
PCR,GT 1412 XPC MM,1D25114012008QXPC0,279.0,2026-03,2026-03-16,16
PCR,GT 1482 UHL,1325214812074TUHL0,357.0,2026-03,2026-03-16,16
PCR,GT 1503 NEO MSIL,1325215813079TUNE3,1470.0,2026-03,2026-03-16,16
PCR,GT 1513 XPC1 MSIL,1D25215013008SXC10,1723.0,2026-03,2026-03-16,16
PCR,GT 1543 XPC1,1D25215013008SXC1T,773.0,2026-03,2026-03-16,16
PCR,GT 1583 NEO TATA,1325215813079TUNE5,493.0,2026-03,2026-03-16,16
PCR,GT 1634 XPC TATA,1D25216814008QXPC0,408.0,2026-03,2026-03-16,16
PCR,GT 1765 ROYL,1325217515084HURL2,556.0,2026-03,2026-03-16,16
PCR,GT 1844 XPC TML,1D25218014010RXPCT,439.0,2026-03,2026-03-16,16
PCR,GT 1925 XPC1,1225219Z15008SXC11,534.0,2026-03,2026-03-16,16
PCR,GT 1995 ROYL KIA,1325219515091HURL2,696.0,2026-03,2026-03-16,16
PCR,GT 2258 RAN HPE,1325222318098HRHE0,654.0,2026-03,2026-03-16,16
PCR,GT 2267 ROYL HYU,1325221417096HURL0,1121.0,2026-03,2026-03-16,16
PCR,GT 2335 BLA XAT,1325223715104RBXT0,2.0,2026-03,2026-03-16,16
PCR,GT 2367 RAN XATW,1325223517104TRXT0,146.0,2026-03,2026-03-16,16
PCR,GT 2368 RAN HT,1325223418103HRHP0,17.0,2026-03,2026-03-16,16
PCR,GT 2455 RAN A/T,1325221715100SRAT0,106.0,2026-03,2026-03-16,16
PCR,GT 2476 SUP MM,1325224716111SELS0,643.0,2026-03,2026-03-16,16
PCR,GT 2568 HT2,1325225518111HRHB0,634.0,2026-03,2026-03-16,16
PCR,GT 2576 EZO TATA,1325223616109SELZ0,72.0,2026-03,2026-03-16,16
PCR,GT 2658 RAN XAT,1325226418110HRXT0,72.0,2026-03,2026-03-16,16
PCR,GT 2676 RAN MT,1325226716123KRMT0,14.0,2026-03,2026-03-16,16
PCR,GT 3125 RAN MT,1325231015109QRMT0,69.0,2026-03,2026-03-16,16
PCR,GT1814 XPC,1D25218Z14008QXPC0,122.0,2026-03,2026-03-16,16
PCR,GT2277 RAN HT,1325222517102HRHT0,28.0,2026-03,2026-03-16,16
PCR,GT  T1457 STAR,1325214617107MSXT0,178.0,2026-03,2026-03-17,17
PCR,GT 1402 XPC TATA,1D25214012008QXPCT,972.0,2026-03,2026-03-17,17
PCR,GT 1412 XPC MM,1D25114012008QXPC0,77.0,2026-03,2026-03-17,17
PCR,GT 1482 UHL,1325214812074TUHL0,482.0,2026-03,2026-03-17,17
PCR,GT 1503 NEO MSIL,1325215813079TUNE3,1421.0,2026-03,2026-03-17,17
PCR,GT 1513 XPC1 MSIL,1D25215013008SXC10,1529.0,2026-03,2026-03-17,17
PCR,GT 1543 XPC1,1D25215013008SXC1T,746.0,2026-03,2026-03-17,17
PCR,GT 1583 NEO TATA,1325215813079TUNE5,348.0,2026-03,2026-03-17,17
PCR,GT 1634 XPC TATA,1D25216814008QXPC0,426.0,2026-03,2026-03-17,17
PCR,GT 1765 ROYL,1325217515084HURL2,443.0,2026-03,2026-03-17,17
PCR,GT 1844 XPC TML,1D25218014010RXPCT,460.0,2026-03,2026-03-17,17
PCR,GT 1925 XPC1,1225219Z15008SXC11,716.0,2026-03,2026-03-17,17
PCR,GT 1995 ROYL KIA,1325219515091HURL2,686.0,2026-03,2026-03-17,17
PCR,GT 2258 RAN HPE,1325222318098HRHE0,622.0,2026-03,2026-03-17,17
PCR,GT 2267 ROYL HYU,1325221417096HURL0,1105.0,2026-03,2026-03-17,17
PCR,GT 2335 BLA XAT,1325223715104RBXT0,128.0,2026-03,2026-03-17,17
PCR,GT 2367 RAN XATW,1325223517104TRXT0,10.0,2026-03,2026-03-17,17
PCR,GT 2476 SUP MM,1325224716111SELS0,616.0,2026-03,2026-03-17,17
PCR,GT 2568 HT2,1325225518111HRHB0,627.0,2026-03,2026-03-17,17
PCR,GT 2576 EZO TATA,1325223616109SELZ0,128.0,2026-03,2026-03-17,17
PCR,GT 2658 RAN XAT,1325226418110HRXT0,151.0,2026-03,2026-03-17,17
PCR,GT 3125 RAN MT,1325231015109QRMT0,44.0,2026-03,2026-03-17,17
PCR,GT1814 XPC,1D25218Z14008QXPC0,72.0,2026-03,2026-03-17,17
PCR,GT2277 RAN HT,1325222517102HRHT0,168.0,2026-03,2026-03-17,17
PCR,GT2776 RAN AT,1325223616105TRAT0,2.0,2026-03,2026-03-17,17
PCR,GT  T1457 STAR,1325214617107MSXT0,166.0,2026-03,2026-03-18,18
PCR,GT 1402 XPC TATA,1D25214012008QXPCT,1125.0,2026-03,2026-03-18,18
PCR,GT 1482 UHL,1325214812074TUHL0,521.0,2026-03,2026-03-18,18
PCR,GT 1503 NEO MSIL,1325215813079TUNE3,1235.0,2026-03,2026-03-18,18
PCR,GT 1513 XPC1 MSIL,1D25215013008SXC10,1449.0,2026-03,2026-03-18,18
PCR,GT 1543 XPC1,1D25215013008SXC1T,607.0,2026-03,2026-03-18,18
PCR,GT 1583 NEO TATA,1325215813079TUNE5,526.0,2026-03,2026-03-18,18
PCR,GT 1634 XPC TATA,1D25216814008QXPC0,414.0,2026-03,2026-03-18,18
PCR,GT 1765 ROYL,1325217515084HURL2,484.0,2026-03,2026-03-18,18
PCR,GT 1844 XPC TML,1D25218014010RXPCT,409.0,2026-03,2026-03-18,18
PCR,GT 1925 XPC1,1225219Z15008SXC11,754.0,2026-03,2026-03-18,18
PCR,GT 1995 ROYL KIA,1325219515091HURL2,754.0,2026-03,2026-03-18,18
PCR,GT 2047 ROYL HYU,1325221317094VURL1,16.0,2026-03,2026-03-18,18
PCR,GT 2258 RAN HPE,1325222318098HRHE0,570.0,2026-03,2026-03-18,18
PCR,GT 2267 ROYL HYU,1325221417096HURL0,1222.0,2026-03,2026-03-18,18
PCR,GT 2335 BLA XAT,1325223715104RBXT0,132.0,2026-03,2026-03-18,18
PCR,GT 2476 SUP MM,1325224716111SELS0,491.0,2026-03,2026-03-18,18
PCR,GT 2568 HT2,1325225518111HRHB0,633.0,2026-03,2026-03-18,18
PCR,GT 2576 EZO TATA,1325223616109SELZ0,132.0,2026-03,2026-03-18,18
PCR,GT 2658 RAN XAT,1325226418110HRXT0,142.0,2026-03,2026-03-18,18
PCR,GT1513 NEO,1325215513073TUNE0,164.0,2026-03,2026-03-18,18
PCR,GT1814 XPC,1D25218Z14008QXPC0,124.0,2026-03,2026-03-18,18
PCR,GT2277 RAN HT,1325222517102HRHT0,180.0,2026-03,2026-03-18,18
PCR,GT2776 RAN AT,1325223616105TRAT0,148.0,2026-03,2026-03-18,18
PCR,GT  T1457 STAR,1325214617107MSXT0,134.0,2026-03,2026-03-19,19
PCR,GT 1402 XPC TATA,1D25214012008QXPCT,1029.0,2026-03,2026-03-19,19
PCR,GT 1482 UHL,1325214812074TUHL0,543.0,2026-03,2026-03-19,19
PCR,GT 1503 NEO MSIL,1325215813079TUNE3,646.0,2026-03,2026-03-19,19
PCR,GT 1513 XPC1 MSIL,1D25215013008SXC10,1585.0,2026-03,2026-03-19,19
PCR,GT 1543 XPC1,1D25215013008SXC1T,636.0,2026-03,2026-03-19,19
PCR,GT 1583 NEO TATA,1325215813079TUNE5,509.0,2026-03,2026-03-19,19
PCR,GT 1634 XPC TATA,1D25216814008QXPC0,398.0,2026-03,2026-03-19,19
PCR,GT 1765 ROYL,1325217515084HURL2,482.0,2026-03,2026-03-19,19
PCR,GT 1844 XPC TML,1D25218014010RXPCT,474.0,2026-03,2026-03-19,19
PCR,GT 1925 XPC1,1225219Z15008SXC11,771.0,2026-03,2026-03-19,19
PCR,GT 1995 ROYL KIA,1325219515091HURL2,646.0,2026-03,2026-03-19,19
PCR,GT 2047 ROYL HYU,1325221317094VURL1,172.0,2026-03,2026-03-19,19
PCR,GT 2258 RAN HPE,1325222318098HRHE0,424.0,2026-03,2026-03-19,19
PCR,GT 2267 ROYL HYU,1325221417096HURL0,1189.0,2026-03,2026-03-19,19
PCR,GT 2335 BLA XAT,1325223715104RBXT0,128.0,2026-03,2026-03-19,19
PCR,GT 2476 SUP MM,1325224716111SELS0,638.0,2026-03,2026-03-19,19
PCR,GT 2568 HT2,1325225518111HRHB0,579.0,2026-03,2026-03-19,19
PCR,GT 2576 EZO TATA,1325223616109SELZ0,128.0,2026-03,2026-03-19,19
PCR,GT 2658 RAN XAT,1325226418110HRXT0,146.0,2026-03,2026-03-19,19
PCR,GT1513 NEO,1325215513073TUNE0,192.0,2026-03,2026-03-19,19
PCR,GT1814 XPC,1D25218Z14008QXPC0,112.0,2026-03,2026-03-19,19
PCR,GT2277 RAN HT,1325222517102HRHT0,170.0,2026-03,2026-03-19,19
PCR,GT2776 RAN AT,1325223616105TRAT0,148.0,2026-03,2026-03-19,19
PCR,GT 1402 XPC TATA,1D25214012008QXPCT,993.0,2026-03,2026-03-20,20
PCR,GT 1482 UHL,1325214812074TUHL0,542.0,2026-03,2026-03-20,20
PCR,GT 1503 NEO MSIL,1325215813079TUNE3,1226.0,2026-03,2026-03-20,20
PCR,GT 1513 XPC1 MSIL,1D25215013008SXC10,2537.0,2026-03,2026-03-20,20
PCR,GT 1583 NEO TATA,1325215813079TUNE5,394.0,2026-03,2026-03-20,20
PCR,GT 1634 XPC TATA,1D25216814008QXPC0,428.0,2026-03,2026-03-20,20
PCR,GT 1765 ROYL,1325217515084HURL2,496.0,2026-03,2026-03-20,20
PCR,GT 1844 XPC TML,1D25218014010RXPCT,442.0,2026-03,2026-03-20,20
PCR,GT 1925 XPC1,1225219Z15008SXC11,771.0,2026-03,2026-03-20,20
PCR,GT 1995 ROYL KIA,1325219515091HURL2,746.0,2026-03,2026-03-20,20
PCR,GT 2047 ROYL HYU,1325221317094VURL1,10.0,2026-03,2026-03-20,20
PCR,GT 2258 RAN HPE,1325222318098HRHE0,219.0,2026-03,2026-03-20,20
PCR,GT 2267 ROYL HYU,1325221417096HURL0,1262.0,2026-03,2026-03-20,20
PCR,GT 2335 BLA XAT,1325223715104RBXT0,128.0,2026-03,2026-03-20,20
PCR,GT 2476 SUP MM,1325224716111SELS0,634.0,2026-03,2026-03-20,20
PCR,GT 2568 HT2,1325225518111HRHB0,626.0,2026-03,2026-03-20,20
PCR,GT 2576 EZO TATA,1325223616109SELZ0,111.0,2026-03,2026-03-20,20
PCR,GT 2658 RAN XAT,1325226418110HRXT0,152.0,2026-03,2026-03-20,20
PCR,GT1513 NEO,1325215513073TUNE0,80.0,2026-03,2026-03-20,20
PCR,GT1814 XPC,1D25218Z14008QXPC0,118.0,2026-03,2026-03-20,20
PCR,GT2277 RAN HT,1325222517102HRHT0,152.0,2026-03,2026-03-20,20
PCR,GT2776 RAN AT,1325223616105TRAT0,116.0,2026-03,2026-03-20,20
PCR,GT 1402 XPC TATA,1D25214012008QXPCT,926.0,2026-03,2026-03-21,21
PCR,GT 1482 UHL,1325214812074TUHL0,515.0,2026-03,2026-03-21,21
PCR,GT 1503 NEO MSIL,1325215813079TUNE3,853.0,2026-03,2026-03-21,21
PCR,GT 1513 XPC1 MSIL,1D25215013008SXC10,2379.0,2026-03,2026-03-21,21
PCR,GT 1583 NEO TATA,1325215813079TUNE5,472.0,2026-03,2026-03-21,21
PCR,GT 1634 XPC TATA,1D25216814008QXPC0,436.0,2026-03,2026-03-21,21
PCR,GT 1765 ROYL,1325217515084HURL2,484.0,2026-03,2026-03-21,21
PCR,GT 1773 NEO,1325217613082TUNE0,40.0,2026-03,2026-03-21,21
PCR,GT 1844 XPC TML,1D25218014010RXPCT,404.0,2026-03,2026-03-21,21
PCR,GT 1894 MAX,1325218614088TTMX0,78.0,2026-03,2026-03-21,21
PCR,GT 1925 XPC1,1225219Z15008SXC11,731.0,2026-03,2026-03-21,21
PCR,GT 1995 ROYL KIA,1325219515091HURL2,720.0,2026-03,2026-03-21,21
PCR,GT 2258 RAN HPE,1325222318098HRHE0,99.0,2026-03,2026-03-21,21
PCR,GT 2267 ROYL HYU,1325221417096HURL0,1252.0,2026-03,2026-03-21,21
PCR,GT 2335 BLA XAT,1325223715104RBXT0,116.0,2026-03,2026-03-21,21
PCR,GT 2476 RAN MT,1325224716120NRMT0,29.0,2026-03,2026-03-21,21
PCR,GT 2476 SUP MM,1325224716111SELS0,619.0,2026-03,2026-03-21,21
PCR,GT 2568 HT2,1325225518111HRHB0,636.0,2026-03,2026-03-21,21
PCR,GT 2658 RAN XAT,1325226418110HRXT0,156.0,2026-03,2026-03-21,21
PCR,GT 3125 RAN MT,1325231015109QRMT0,76.0,2026-03,2026-03-21,21
PCR,GT1513 NEO,1325215513073TUNE0,62.0,2026-03,2026-03-21,21
PCR,GT1814 XPC,1D25218Z14008QXPC0,98.0,2026-03,2026-03-21,21
PCR,GT1914 XPC1,1D25219Z14008SXC10,224.0,2026-03,2026-03-21,21
PCR,GT2776 RAN AT,1325223616105TRAT0,230.0,2026-03,2026-03-21,21
PCR,GT  T1457 STAR,1325214617107MSXT0,120.0,2026-03,2026-03-22,22
PCR,GT 1402 XPC TATA,1D25214012008QXPCT,1118.0,2026-03,2026-03-22,22
PCR,GT 1482 UHL,1325214812074TUHL0,386.0,2026-03,2026-03-22,22
PCR,GT 1503 NEO MSIL,1325215813079TUNE3,1250.0,2026-03,2026-03-22,22
PCR,GT 1513 XPC1 MSIL,1D25215013008SXC10,2466.0,2026-03,2026-03-22,22
PCR,GT 1543 XPC1,1D25215013008SXC1T,64.0,2026-03,2026-03-22,22
PCR,GT 1583 NEO TATA,1325215813079TUNE5,287.0,2026-03,2026-03-22,22
PCR,GT 1634 XPC TATA,1D25216814008QXPC0,445.0,2026-03,2026-03-22,22
PCR,GT 1765 ROYL,1325217515084HURL2,546.0,2026-03,2026-03-22,22
PCR,GT 1773 NEO,1325217613082TUNE0,216.0,2026-03,2026-03-22,22
PCR,GT 1844 XPC TML,1D25218014010RXPCT,354.0,2026-03,2026-03-22,22
PCR,GT 1894 MAX,1325218614088TTMX0,348.0,2026-03,2026-03-22,22
PCR,GT 1925 XPC1,1225219Z15008SXC11,778.0,2026-03,2026-03-22,22
PCR,GT 1995 ROYL KIA,1325219515091HURL2,727.0,2026-03,2026-03-22,22
PCR,GT 2267 ROYL HYU,1325221417096HURL0,1250.0,2026-03,2026-03-22,22
PCR,GT 2335 BLA XAT,1325223715104RBXT0,56.0,2026-03,2026-03-22,22
PCR,GT 2428 LEVI,1325224118100WLEV0,68.0,2026-03,2026-03-22,22
PCR,GT 2476 SUP MM,1325224716111SELS0,632.0,2026-03,2026-03-22,22
PCR,GT 2568 HT2,1325225518111HRHB0,644.0,2026-03,2026-03-22,22
PCR,GT 2658 RAN XAT,1325226418110HRXT0,145.0,2026-03,2026-03-22,22
PCR,GT 3125 RAN MT,1325231015109QRMT0,86.0,2026-03,2026-03-22,22
PCR,GT1564 NEO,1325215514075TUNE0,87.0,2026-03,2026-03-22,22
PCR,GT1814 XPC,1D25218Z14008QXPC0,102.0,2026-03,2026-03-22,22
PCR,GT1914 XPC1,1D25219Z14008SXC10,286.0,2026-03,2026-03-22,22
PCR,GT2776 RAN AT,1325223616105TRAT0,266.0,2026-03,2026-03-22,22
PCR,GT  T1457 STAR,1325214617107MSXT0,180.0,2026-03,2026-03-23,23
PCR,GT 1402 XPC TATA,1D25214012008QXPCT,975.0,2026-03,2026-03-23,23
PCR,GT 1422 MAX,1325214812074TTMX0,124.0,2026-03,2026-03-23,23
PCR,GT 1482 UHL,1325214812074TUHL0,227.0,2026-03,2026-03-23,23
PCR,GT 1503 NEO MSIL,1325215813079TUNE3,1190.0,2026-03,2026-03-23,23
PCR,GT 1513 XPC1 MSIL,1D25215013008SXC10,2383.0,2026-03,2026-03-23,23
PCR,GT 1543 XPC1,1D25215013008SXC1T,128.0,2026-03,2026-03-23,23
PCR,GT 1583 NEO TATA,1325215813079TUNE5,260.0,2026-03,2026-03-23,23
PCR,GT 1634 XPC TATA,1D25216814008QXPC0,435.0,2026-03,2026-03-23,23
PCR,GT 1765 ROYL,1325217515084HURL2,546.0,2026-03,2026-03-23,23
PCR,GT 1773 NEO,1325217613082TUNE0,212.0,2026-03,2026-03-23,23
PCR,GT 1844 XPC TML,1D25218014010RXPCT,374.0,2026-03,2026-03-23,23
PCR,GT 1894 MAX,1325218614088TTMX0,586.0,2026-03,2026-03-23,23
PCR,GT 1925 XPC1,1225219Z15008SXC11,718.0,2026-03,2026-03-23,23
PCR,GT 1995 ROYL KIA,1325219515091HURL2,706.0,2026-03,2026-03-23,23
PCR,GT 2267 ROYL HYU,1325221417096HURL0,1259.0,2026-03,2026-03-23,23
PCR,GT 2428 LEVI,1325224118100WLEV0,138.0,2026-03,2026-03-23,23
PCR,GT 2476 SUP MM,1325224716111SELS0,616.0,2026-03,2026-03-23,23
PCR,GT 2568 HT2,1325225518111HRHB0,630.0,2026-03,2026-03-23,23
PCR,GT 2658 RAN XAT,1325226418110HRXT0,27.0,2026-03,2026-03-23,23
PCR,GT 2668 RAN HTP,1325226418110HRHP0,50.0,2026-03,2026-03-23,23
PCR,GT 3125 RAN MT,1325231015109QRMT0,114.0,2026-03,2026-03-23,23
PCR,GT1564 NEO,1325215514075TUNE0,373.0,2026-03,2026-03-23,23
PCR,GT1814 XPC,1D25218Z14008QXPC0,75.0,2026-03,2026-03-23,23
PCR,GT1914 XPC1,1D25219Z14008SXC10,282.0,2026-03,2026-03-23,23
PCR,GT2266 RAN HT,1325221516098HRHT0,14.0,2026-03,2026-03-23,23
PCR,GT2776 RAN AT,1325223616105TRAT0,215.0,2026-03,2026-03-23,23
PCR,GT  T1457 STAR,1325214617107MSXT0,146.0,2026-03,2026-03-24,24
PCR,GT 1402 XPC TATA,1D25214012008QXPCT,1008.0,2026-03,2026-03-24,24
PCR,GT 1422 MAX,1325214812074TTMX0,124.0,2026-03,2026-03-24,24
PCR,GT 1482 UHL,1325214812074TUHL0,291.0,2026-03,2026-03-24,24
PCR,GT 1503 NEO MSIL,1325215813079TUNE3,1205.0,2026-03,2026-03-24,24
PCR,GT 1513 XPC1 MSIL,1D25215013008SXC10,2507.0,2026-03,2026-03-24,24
PCR,GT 1583 NEO TATA,1325215813079TUNE5,344.0,2026-03,2026-03-24,24
PCR,GT 1634 XPC TATA,1D25216814008QXPC0,420.0,2026-03,2026-03-24,24
PCR,GT 1765 ROYL,1325217515084HURL2,522.0,2026-03,2026-03-24,24
PCR,GT 1773 NEO,1325217613082TUNE0,196.0,2026-03,2026-03-24,24
PCR,GT 1844 XPC TML,1D25218014010RXPCT,366.0,2026-03,2026-03-24,24
PCR,GT 1856 ROYL,1325218316083HURL0,44.0,2026-03,2026-03-24,24
PCR,GT 1894 MAX,1325218614088TTMX0,565.0,2026-03,2026-03-24,24
PCR,GT 1925 XPC1,1225219Z15008SXC11,754.0,2026-03,2026-03-24,24
PCR,GT 1995 ROYL KIA,1325219515091HURL2,749.0,2026-03,2026-03-24,24
PCR,GT 2267 ROYL HYU,1325221417096HURL0,1173.0,2026-03,2026-03-24,24
PCR,GT 2428 LEVI,1325224118100WLEV0,88.0,2026-03,2026-03-24,24
PCR,GT 2476 SUP MM,1325224716111SELS0,310.0,2026-03,2026-03-24,24
PCR,GT 2568 HT2,1325225518111HRHB0,644.0,2026-03,2026-03-24,24
PCR,GT 2668 RAN HTP,1325226418110HRHP0,136.0,2026-03,2026-03-24,24
PCR,GT 3125 RAN MT,1325231015109QRMT0,116.0,2026-03,2026-03-24,24
PCR,GT1564 NEO,1325215514075TUNE0,354.0,2026-03,2026-03-24,24
PCR,GT1814 XPC,1D25218Z14008QXPC0,54.0,2026-03,2026-03-24,24
PCR,GT1914 XPC1,1D25219Z14008SXC10,260.0,2026-03,2026-03-24,24
PCR,GT2266 RAN HT,1325221516098HRHT0,271.0,2026-03,2026-03-24,24
PCR,GT  T1457 STAR,1325214617107MSXT0,162.0,2026-03,2026-03-25,25
PCR,GT 1402 XPC TATA,1D25214012008QXPCT,1084.0,2026-03,2026-03-25,25
PCR,GT 1422 MAX,1325214812074TTMX0,150.0,2026-03,2026-03-25,25
PCR,GT 1482 UHL,1325214812074TUHL0,180.0,2026-03,2026-03-25,25
PCR,GT 1503 NEO MSIL,1325215813079TUNE3,1230.0,2026-03,2026-03-25,25
PCR,GT 1513 XPC1 MSIL,1D25215013008SXC10,2590.0,2026-03,2026-03-25,25
PCR,GT 1583 NEO TATA,1325215813079TUNE5,349.0,2026-03,2026-03-25,25
PCR,GT 1634 XPC TATA,1D25216814008QXPC0,435.0,2026-03,2026-03-25,25
PCR,GT 1765 ROYL,1325217515084HURL2,511.0,2026-03,2026-03-25,25
PCR,GT 1773 NEO,1325217613082TUNE0,194.0,2026-03,2026-03-25,25
PCR,GT 1844 XPC TML,1D25218014010RXPCT,326.0,2026-03,2026-03-25,25
PCR,GT 1854 XPC TT,1D25118014010RXPC0,60.0,2026-03,2026-03-25,25
PCR,GT 1856 ROYL,1325218316083HURL0,317.0,2026-03,2026-03-25,25
PCR,GT 1894 MAX,1325218614088TTMX0,571.0,2026-03,2026-03-25,25
PCR,GT 1925 XPC1,1225219Z15008SXC11,720.0,2026-03,2026-03-25,25
PCR,GT 1995 ROYL KIA,1325219515091HURL2,675.0,2026-03,2026-03-25,25
PCR,GT 2076 RAN HT,1325220416092HRHT0,166.0,2026-03,2026-03-25,25
PCR,GT 2267 ROYL HYU,1325221417096HURL0,1175.0,2026-03,2026-03-25,25
PCR,GT 2428 LEVI,1325224118100WLEV0,146.0,2026-03,2026-03-25,25
PCR,GT 2568 HT2,1325225518111HRHB0,646.0,2026-03,2026-03-25,25
PCR,GT 2668 RAN HTP,1325226418110HRHP0,134.0,2026-03,2026-03-25,25
PCR,GT 3105 RAN XAT,1325231015109RRXT0,2.0,2026-03,2026-03-25,25
PCR,GT 3125 RAN MT,1325231015109QRMT0,117.0,2026-03,2026-03-25,25
PCR,GT1564 NEO,1325215514075TUNE0,262.0,2026-03,2026-03-25,25
PCR,GT1914 XPC1,1D25219Z14008SXC10,279.0,2026-03,2026-03-25,25
PCR,GT2266 RAN HT,1325221516098HRHT0,295.0,2026-03,2026-03-25,25
PCR,GT  T1457 STAR,1325214617107MSXT0,170.0,2026-03,2026-03-26,26
PCR,GT 1402 XPC TATA,1D25214012008QXPCT,889.0,2026-03,2026-03-26,26
PCR,GT 1422 MAX,1325214812074TTMX0,164.0,2026-03,2026-03-26,26
PCR,GT 1482 UHL,1325214812074TUHL0,354.0,2026-03,2026-03-26,26
PCR,GT 1503 NEO MSIL,1325215813079TUNE3,1218.0,2026-03,2026-03-26,26
PCR,GT 1513 XPC1 MSIL,1D25215013008SXC10,2553.0,2026-03,2026-03-26,26
PCR,GT 1583 NEO TATA,1325215813079TUNE5,300.0,2026-03,2026-03-26,26
PCR,GT 1634 XPC TATA,1D25216814008QXPC0,377.0,2026-03,2026-03-26,26
PCR,GT 1684 ROYL,1325216814085TURL2,2.0,2026-03,2026-03-26,26
PCR,GT 1765 ROYL,1325217515084HURL2,536.0,2026-03,2026-03-26,26
PCR,GT 1773 NEO,1325217613082TUNE0,150.0,2026-03,2026-03-26,26
PCR,GT 1844 XPC TML,1D25218014010RXPCT,268.0,2026-03,2026-03-26,26
PCR,GT 1854 XPC TT,1D25118014010RXPC0,110.0,2026-03,2026-03-26,26
PCR,GT 1856 ROYL,1325218316083HURL0,299.0,2026-03,2026-03-26,26
PCR,GT 1894 MAX,1325218614088TTMX0,563.0,2026-03,2026-03-26,26
PCR,GT 1925 XPC1,1225219Z15008SXC11,524.0,2026-03,2026-03-26,26
PCR,GT 1966 RAN HPE,1325219416089VRHE0,36.0,2026-03,2026-03-26,26
PCR,GT 1995 ROYL KIA,1325219515091HURL2,635.0,2026-03,2026-03-26,26
PCR,GT 2076 RAN HT,1325220416092HRHT0,356.0,2026-03,2026-03-26,26
PCR,GT 2267 ROYL HYU,1325221417096HURL0,1131.0,2026-03,2026-03-26,26
PCR,GT 2428 LEVI,1325224118100WLEV0,128.0,2026-03,2026-03-26,26
PCR,GT 2526 ROYL PG,1325221416095VURP0,2.0,2026-03,2026-03-26,26
PCR,GT 2568 HT2,1325225518111HRHB0,628.0,2026-03,2026-03-26,26
PCR,GT 2668 RAN HTP,1325226418110HRHP0,124.0,2026-03,2026-03-26,26
PCR,GT 3105 RAN XAT,1325231015109RRXT0,114.0,2026-03,2026-03-26,26
PCR,GT 3125 RAN MT,1325231015109QRMT0,118.0,2026-03,2026-03-26,26
PCR,GT1564 NEO,1325215514075TUNE0,334.0,2026-03,2026-03-26,26
PCR,GT1814 XPC,1D25218Z14008QXPC0,1.0,2026-03,2026-03-26,26
PCR,GT1914 XPC1,1D25219Z14008SXC10,292.0,2026-03,2026-03-26,26
PCR,GT2266 RAN HT,1325221516098HRHT0,46.0,2026-03,2026-03-26,26
PCR,GT  T1457 STAR,1325214617107MSXT0,182.0,2026-03,2026-03-27,27
PCR,GT 1402 XPC TATA,1D25214012008QXPCT,972.0,2026-03,2026-03-27,27
PCR,GT 1422 MAX,1325214812074TTMX0,128.0,2026-03,2026-03-27,27
PCR,GT 1482 UHL,1325214812074TUHL0,303.0,2026-03,2026-03-27,27
PCR,GT 1503 NEO MSIL,1325215813079TUNE3,1244.0,2026-03,2026-03-27,27
PCR,GT 1513 XPC1 MSIL,1D25215013008SXC10,2652.0,2026-03,2026-03-27,27
PCR,GT 1583 NEO TATA,1325215813079TUNE5,319.0,2026-03,2026-03-27,27
PCR,GT 1634 XPC TATA,1D25216814008QXPC0,297.0,2026-03,2026-03-27,27
PCR,GT 1684 ROYL,1325216814085TURL2,94.0,2026-03,2026-03-27,27
PCR,GT 1765 ROYL,1325217515084HURL2,424.0,2026-03,2026-03-27,27
PCR,GT 1844 XPC TML,1D25218014010RXPCT,200.0,2026-03,2026-03-27,27
PCR,GT 1854 XPC TT,1D25118014010RXPC0,124.0,2026-03,2026-03-27,27
PCR,GT 1856 ROYL,1325218316083HURL0,302.0,2026-03,2026-03-27,27
PCR,GT 1865 ROYL RENO,1325218515088TURL1,60.0,2026-03,2026-03-27,27
PCR,GT 1894 MAX,1325218614088TTMX0,562.0,2026-03,2026-03-27,27
PCR,GT 1916 ROYL,1325219416089HURL1,138.0,2026-03,2026-03-27,27
PCR,GT 1925 XPC1,1225219Z15008SXC11,620.0,2026-03,2026-03-27,27
PCR,GT 1966 RAN HPE,1325219416089VRHE0,174.0,2026-03,2026-03-27,27
PCR,GT 1995 ROYL KIA,1325219515091HURL2,403.0,2026-03,2026-03-27,27
PCR,GT 2076 RAN HT,1325220416092HRHT0,366.0,2026-03,2026-03-27,27
PCR,GT 2157 ROYL KIA,1325221317094VURL0,36.0,2026-03,2026-03-27,27
PCR,GT 2158 ROYL HYU,1325221318095HURL0,138.0,2026-03,2026-03-27,27
PCR,GT 2267 ROYL HYU,1325221417096HURL0,806.0,2026-03,2026-03-27,27
PCR,GT 2526 ROYL PG,1325221416095VURP0,158.0,2026-03,2026-03-27,27
PCR,GT 2568 HT2,1325225518111HRHB0,472.0,2026-03,2026-03-27,27
PCR,GT 2668 RAN HTP,1325226418110HRHP0,92.0,2026-03,2026-03-27,27
PCR,GT 3105 RAN XAT,1325231015109RRXT0,110.0,2026-03,2026-03-27,27
PCR,GT 3125 RAN MT,1325231015109QRMT0,112.0,2026-03,2026-03-27,27
PCR,GT1564 NEO,1325215514075TUNE0,372.0,2026-03,2026-03-27,27
PCR,GT1914 XPC1,1D25219Z14008SXC10,126.0,2026-03,2026-03-27,27
PCR,GT  T1457 STAR,1325214617107MSXT0,184.0,2026-03,2026-03-28,28
PCR,GT 1402 XPC TATA,1D25214012008QXPCT,952.0,2026-03,2026-03-28,28
PCR,GT 1422 MAX,1325214812074TTMX0,126.0,2026-03,2026-03-28,28
PCR,GT 1482 UHL,1325214812074TUHL0,366.0,2026-03,2026-03-28,28
PCR,GT 1503 NEO MSIL,1325215813079TUNE3,1192.0,2026-03,2026-03-28,28
PCR,GT 1513 XPC1 MSIL,1D25215013008SXC10,2512.0,2026-03,2026-03-28,28
PCR,GT 1583 NEO TATA,1325215813079TUNE5,332.0,2026-03,2026-03-28,28
PCR,GT 1634 XPC TATA,1D25216814008QXPC0,298.0,2026-03,2026-03-28,28
PCR,GT 1765 ROYL,1325217515084HURL2,561.0,2026-03,2026-03-28,28
PCR,GT 1773 NEO,1325217613082TUNE0,18.0,2026-03,2026-03-28,28
PCR,GT 1844 XPC TML,1D25218014010RXPCT,372.0,2026-03,2026-03-28,28
PCR,GT 1854 XPC TT,1D25118014010RXPC0,122.0,2026-03,2026-03-28,28
PCR,GT 1856 ROYL,1325218316083HURL0,315.0,2026-03,2026-03-28,28
PCR,GT 1865 ROYL RENO,1325218515088TURL1,86.0,2026-03,2026-03-28,28
PCR,GT 1894 MAX,1325218614088TTMX0,586.0,2026-03,2026-03-28,28
PCR,GT 1916 ROYL,1325219416089HURL1,13.0,2026-03,2026-03-28,28
PCR,GT 1925 XPC1,1225219Z15008SXC11,658.0,2026-03,2026-03-28,28
PCR,GT 1966 RAN HPE,1325219416089VRHE0,178.0,2026-03,2026-03-28,28
PCR,GT 1995 ROYL KIA,1325219515091HURL2,527.0,2026-03,2026-03-28,28
PCR,GT 2076 RAN HT,1325220416092HRHT0,358.0,2026-03,2026-03-28,28
PCR,GT 2157 ROYL KIA,1325221317094VURL0,324.0,2026-03,2026-03-28,28
PCR,GT 2158 ROYL HYU,1325221318095HURL0,456.0,2026-03,2026-03-28,28
PCR,GT 2267 ROYL HYU,1325221417096HURL0,722.0,2026-03,2026-03-28,28
PCR,GT 2526 ROYL PG,1325221416095VURP0,170.0,2026-03,2026-03-28,28
PCR,GT 2568 HT2,1325225518111HRHB0,414.0,2026-03,2026-03-28,28
PCR,GT 2668 RAN HTP,1325226418110HRHP0,18.0,2026-03,2026-03-28,28
PCR,GT 3105 RAN XAT,1325231015109RRXT0,118.0,2026-03,2026-03-28,28
PCR,GT 3125 RAN MT,1325231015109QRMT0,63.0,2026-03,2026-03-28,28
PCR,GT1564 NEO,1325215514075TUNE0,382.0,2026-03,2026-03-28,28
PCR,GT1914 XPC1,1D25219Z14008SXC10,270.0,2026-03,2026-03-28,28
PCR,GT  T1457 STAR,1325214617107MSXT0,184.0,2026-03,2026-03-29,29
PCR,GT 1402 XPC TATA,1D25214012008QXPCT,1077.0,2026-03,2026-03-29,29
PCR,GT 1422 MAX,1325214812074TTMX0,8.0,2026-03,2026-03-29,29
PCR,GT 1482 UHL,1325214812074TUHL0,348.0,2026-03,2026-03-29,29
PCR,GT 1503 NEO MSIL,1325215813079TUNE3,1251.0,2026-03,2026-03-29,29
PCR,GT 1513 XPC1 MSIL,1D25215013008SXC10,2607.0,2026-03,2026-03-29,29
PCR,GT 1583 NEO TATA,1325215813079TUNE5,358.0,2026-03,2026-03-29,29
PCR,GT 1634 XPC TATA,1D25216814008QXPC0,438.0,2026-03,2026-03-29,29
PCR,GT 1765 ROYL,1325217515084HURL2,560.0,2026-03,2026-03-29,29
PCR,GT 1773 NEO,1325217613082TUNE0,75.0,2026-03,2026-03-29,29
PCR,GT 1844 XPC TML,1D25218014010RXPCT,370.0,2026-03,2026-03-29,29
PCR,GT 1854 XPC TT,1D25118014010RXPC0,120.0,2026-03,2026-03-29,29
PCR,GT 1856 ROYL,1325218316083HURL0,284.0,2026-03,2026-03-29,29
PCR,GT 1894 MAX,1325218614088TTMX0,564.0,2026-03,2026-03-29,29
PCR,GT 1925 XPC1,1225219Z15008SXC11,658.0,2026-03,2026-03-29,29
PCR,GT 1966 RAN HPE,1325219416089VRHE0,176.0,2026-03,2026-03-29,29
PCR,GT 1995 ROYL KIA,1325219515091HURL2,744.0,2026-03,2026-03-29,29
PCR,GT 2076 RAN HT,1325220416092HRHT0,374.0,2026-03,2026-03-29,29
PCR,GT 2157 ROYL KIA,1325221317094VURL0,340.0,2026-03,2026-03-29,29
PCR,GT 2158 ROYL HYU,1325221318095HURL0,615.0,2026-03,2026-03-29,29
PCR,GT 2226 LEVI,1325222316099YLEVY,66.0,2026-03,2026-03-29,29
PCR,GT 2267 ROYL HYU,1325221417096HURL0,640.0,2026-03,2026-03-29,29
PCR,GT 2526 ROYL PG,1325221416095VURP0,166.0,2026-03,2026-03-29,29
PCR,GT 2568 HT2,1325225518111HRHB0,327.0,2026-03,2026-03-29,29
PCR,GT 3105 RAN XAT,1325231015109RRXT0,104.0,2026-03,2026-03-29,29
PCR,GT 3115 RAN,1325210015109QRAT0,54.0,2026-03,2026-03-29,29
PCR,GT1564 NEO,1325215514075TUNE0,252.0,2026-03,2026-03-29,29
PCR,GT1914 XPC1,1D25219Z14008SXC10,290.0,2026-03,2026-03-29,29
PCR,GT  T1457 STAR,1325214617107MSXT0,164.0,2026-03,2026-03-30,30
PCR,GT 1402 XPC TATA,1D25214012008QXPCT,1114.0,2026-03,2026-03-30,30
PCR,GT 1422 MAX,1325214812074TTMX0,114.0,2026-03,2026-03-30,30
PCR,GT 1482 UHL,1325214812074TUHL0,332.0,2026-03,2026-03-30,30
PCR,GT 1503 NEO MSIL,1325215813079TUNE3,1425.0,2026-03,2026-03-30,30
PCR,GT 1513 XPC1 MSIL,1D25215013008SXC10,2662.0,2026-03,2026-03-30,30
PCR,GT 1583 NEO TATA,1325215813079TUNE5,354.0,2026-03,2026-03-30,30
PCR,GT 1634 XPC TATA,1D25216814008QXPC0,442.0,2026-03,2026-03-30,30
PCR,GT 1765 ROYL,1325217515084HURL2,508.0,2026-03,2026-03-30,30
PCR,GT 1844 XPC TML,1D25218014010RXPCT,298.0,2026-03,2026-03-30,30
PCR,GT 1854 XPC TT,1D25118014010RXPC0,122.0,2026-03,2026-03-30,30
PCR,GT 1856 ROYL,1325218316083HURL0,258.0,2026-03,2026-03-30,30
PCR,GT 1894 MAX,1325218614088TTMX0,566.0,2026-03,2026-03-30,30
PCR,GT 1925 XPC1,1225219Z15008SXC11,656.0,2026-03,2026-03-30,30
PCR,GT 1966 RAN HPE,1325219416089VRHE0,118.0,2026-03,2026-03-30,30
PCR,GT 1995 ROYL KIA,1325219515091HURL2,762.0,2026-03,2026-03-30,30
PCR,GT 2076 RAN HT,1325220416092HRHT0,356.0,2026-03,2026-03-30,30
PCR,GT 2157 ROYL KIA,1325221317094VURL0,290.0,2026-03,2026-03-30,30
PCR,GT 2158 ROYL HYU,1325221318095HURL0,618.0,2026-03,2026-03-30,30
PCR,GT 2226 LEVI,1325222316099YLEVY,136.0,2026-03,2026-03-30,30
PCR,GT 2267 ROYL HYU,1325221417096HURL0,770.0,2026-03,2026-03-30,30
PCR,GT 2526 ROYL PG,1325221416095VURP0,32.0,2026-03,2026-03-30,30
PCR,GT 2568 HT2,1325225518111HRHB0,326.0,2026-03,2026-03-30,30
PCR,GT 3105 RAN XAT,1325231015109RRXT0,114.0,2026-03,2026-03-30,30
PCR,GT 3115 RAN,1325210015109QRAT0,122.0,2026-03,2026-03-30,30
PCR,GT1564 NEO,1325215514075TUNE0,332.0,2026-03,2026-03-30,30
PCR,GT1914 XPC1,1D25219Z14008SXC10,268.0,2026-03,2026-03-30,30
PCR,GT  T1457 STAR,1325214617107MSXT0,167.0,2026-03,2026-03-31,31
PCR,GT 1402 XPC TATA,1D25214012008QXPCT,1029.0,2026-03,2026-03-31,31
PCR,GT 1422 MAX,1325214812074TTMX0,140.0,2026-03,2026-03-31,31
PCR,GT 1482 UHL,1325214812074TUHL0,332.0,2026-03,2026-03-31,31
PCR,GT 1503 NEO MSIL,1325215813079TUNE3,1365.0,2026-03,2026-03-31,31
PCR,GT 1513 XPC1 MSIL,1D25215013008SXC10,2569.0,2026-03,2026-03-31,31
PCR,GT 1583 NEO TATA,1325215813079TUNE5,347.0,2026-03,2026-03-31,31
PCR,GT 1634 XPC TATA,1D25216814008QXPC0,423.0,2026-03,2026-03-31,31
PCR,GT 1765 ROYL,1325217515084HURL2,604.0,2026-03,2026-03-31,31
PCR,GT 1844 XPC TML,1D25218014010RXPCT,306.0,2026-03,2026-03-31,31
PCR,GT 1854 XPC TT,1D25118014010RXPC0,104.0,2026-03,2026-03-31,31
PCR,GT 1856 ROYL,1325218316083HURL0,314.0,2026-03,2026-03-31,31
PCR,GT 1894 MAX,1325218614088TTMX0,576.0,2026-03,2026-03-31,31
PCR,GT 1925 XPC1,1225219Z15008SXC11,666.0,2026-03,2026-03-31,31
PCR,GT 1966 RAN HPE,1325219416089VRHE0,174.0,2026-03,2026-03-31,31
PCR,GT 1995 ROYL KIA,1325219515091HURL2,739.0,2026-03,2026-03-31,31
PCR,GT 2076 RAN HT,1325220416092HRHT0,372.0,2026-03,2026-03-31,31
PCR,GT 2158 ROYL HYU,1325221318095HURL0,618.0,2026-03,2026-03-31,31
PCR,GT 2226 LEVI,1325222316099YLEVY,98.0,2026-03,2026-03-31,31
PCR,GT 2267 ROYL HYU,1325221417096HURL0,1156.0,2026-03,2026-03-31,31
PCR,GT 2568 HT2,1325225518111HRHB0,322.0,2026-03,2026-03-31,31
PCR,GT 2575 RAN A/T,1325220615106SRAT0,16.0,2026-03,2026-03-31,31
PCR,GT 3105 RAN XAT,1325231015109RRXT0,118.0,2026-03,2026-03-31,31
PCR,GT 3115 RAN,1325210015109QRAT0,118.0,2026-03,2026-03-31,31
PCR,GT1564 NEO,1325215514075TUNE0,350.0,2026-03,2026-03-31,31
PCR,GT1914 XPC1,1D25219Z14008SXC10,270.0,2026-03,2026-03-31,31
TBR,10.00 R 20 JDE,1121129A20000JDEP0,94.0,2026-03,2026-03-01,1
TBR,10.00 R 20 JUH5,1122110020016KUH50,378.0,2026-03,2026-03-01,1
TBR,10.00R 20 JW302,1123129A20152JUCM0,180.0,2026-03,2026-03-01,1
TBR,11.00R20 JUH5,1122111020016KUH50,105.0,2026-03,2026-03-01,1
TBR,11.00R20JDE++,1121111020016KDEP0,82.0,2026-03,2026-03-01,1
TBR,11R22.5JDH,115121102C016LJDH0,87.0,2026-03,2026-03-01,1
TBR,11R22.5JUC,112321102C016LJUC0,46.0,2026-03,2026-03-01,1
TBR,295/75R22.5JUL3,115222972C016LUL30,34.0,2026-03,2026-03-01,1
TBR,295/80R22.5JDL,112122982C016MJDL0,84.0,2026-03,2026-03-01,1
TBR,295/80R22.5JUL1,112222982C016MJUM0,137.0,2026-03,2026-03-01,1
TBR,315/70R22.5JDL3,115123162C018LDL30,84.0,2026-03,2026-03-01,1
TBR,315/70R22.5JUL4,115223162C018LUL40,1.0,2026-03,2026-03-01,1
TBR,315/80R22.5JDL3,115123182C018LDL30,44.0,2026-03,2026-03-01,1
TBR,315/80R22.5JUL4,115223182C018LUL40,83.0,2026-03,2026-03-01,1
TBR,385/65R22.5JUCXD,115323852C020KUCD0,86.0,2026-03,2026-03-01,1
TBR,385/65R22.5JUH6,115223852C020KUH60,81.0,2026-03,2026-03-01,1
TBR,8.25R20JDE++,1121182020016KDEP0,184.0,2026-03,2026-03-01,1
TBR,8.25R20JUH5,1122182020016KUH50,152.0,2026-03,2026-03-01,1
TBR,9.00 R 20 JUH3,1122190020014KJH30,44.0,2026-03,2026-03-01,1
TBR,9.00 R 20 JUH5,1122190020016KUH50,100.0,2026-03,2026-03-01,1
TBR,GT 5075 - 295/90R20 JUH XF,1122129A20152JULF0,146.0,2026-03,2026-03-01,1
TBR,GT 5076 - 295/90R20 JDE XF,1121129A20152JDLF0,116.0,2026-03,2026-03-01,1
TBR,GT 5078 - 295/80R22.5 JUX E,112222982C016JUXE0,94.0,2026-03,2026-03-01,1
TBR,GT 5079 - 255/70R22.5 JUX E,112222562C016MUXE0,52.0,2026-03,2026-03-01,1
TBR,GT 5083 - 295/80R22.5 JUM XM,112222982C016MJXM0,237.0,2026-03,2026-03-01,1
TBR,GT 5088 - 315/60R22.5 JDL3,115123142C020LDL30,44.0,2026-03,2026-03-01,1
TBR,GT 5095 - 11.00R20 JUC3,1123111020016KJC30,44.0,2026-03,2026-03-01,1
TBR,GT 5096 - 11.00R20 JDC XD,1121111020016KCXD0,193.0,2026-03,2026-03-01,1
TBR,GT 5098 - 275/90R20 JDE XF,1121127A20149KDEF0,45.0,2026-03,2026-03-01,1
TBR,GT 5099 - 275/90R20 JUH XF,1122127A20149KUHF0,45.0,2026-03,2026-03-01,1
TBR,GT 5103 - 295/80R22.5 JUM XM OEM,112222982C152MJXM0,102.0,2026-03,2026-03-01,1
TBR,GT 5111 - 11R22.5 JDC,115121102C016LJDC0,42.0,2026-03,2026-03-01,1
TBR,GT 5113 - 295/80R22.5 JDC XD,115122982C018KCXD0,2.0,2026-03,2026-03-01,1
TBR,GT 5114 - 315/80R22.5 JDC XD,115123182C020KCXD0,42.0,2026-03,2026-03-01,1
TBR,10.00 R 20 JDE,1121129A20000JDEP0,94.0,2026-03,2026-03-02,2
TBR,10.00 R 20 JUH5,1122110020016KUH50,325.0,2026-03,2026-03-02,2
TBR,10.00R 20 JW302,1123129A20152JUCM0,172.0,2026-03,2026-03-02,2
TBR,11.00R20 JUH5,1122111020016KUH50,146.0,2026-03,2026-03-02,2
TBR,11.00R20JDE++,1121111020016KDEP0,88.0,2026-03,2026-03-02,2
TBR,11R22.5JDH,115121102C016LJDH0,56.0,2026-03,2026-03-02,2
TBR,11R22.5JUC,112321102C016LJUC0,20.0,2026-03,2026-03-02,2
TBR,295/75R22.5JTHSD,115222972C014LJTS0,18.0,2026-03,2026-03-02,2
TBR,295/75R22.5JUL3,115222972C016LUL30,38.0,2026-03,2026-03-02,2
TBR,295/80R22.5JDL,112122982C016MJDL0,90.0,2026-03,2026-03-02,2
TBR,295/80R22.5JUL1,112222982C016MJUM0,174.0,2026-03,2026-03-02,2
TBR,315/70R22.5JDL3,115123162C018LDL30,80.0,2026-03,2026-03-02,2
TBR,315/70R22.5JUL4,115223162C018LUL40,38.0,2026-03,2026-03-02,2
TBR,315/80R22.5JDL3,115123182C018LDL30,32.0,2026-03,2026-03-02,2
TBR,315/80R22.5JUL4,115223182C018LUL40,81.0,2026-03,2026-03-02,2
TBR,385/65R22.5JUCXD,115323852C020KUCD0,30.0,2026-03,2026-03-02,2
TBR,385/65R22.5JUH6,115223852C020KUH60,80.0,2026-03,2026-03-02,2
TBR,8.25R20JDE++,1121182020016KDEP0,172.0,2026-03,2026-03-02,2
TBR,8.25R20JUH5,1122182020016KUH50,158.0,2026-03,2026-03-02,2
TBR,9.00 R 20 JUH3,1122190020014KJH30,42.0,2026-03,2026-03-02,2
TBR,9.00 R 20 JUH5,1122190020016KUH50,88.0,2026-03,2026-03-02,2
TBR,GT 5075 - 295/90R20 JUH XF,1122129A20152JULF0,146.0,2026-03,2026-03-02,2
TBR,GT 5076 - 295/90R20 JDE XF,1121129A20152JDLF0,140.0,2026-03,2026-03-02,2
TBR,GT 5078 - 295/80R22.5 JUX E,112222982C016JUXE0,72.0,2026-03,2026-03-02,2
TBR,GT 5079 - 255/70R22.5 JUX E,112222562C016MUXE0,90.0,2026-03,2026-03-02,2
TBR,GT 5083 - 295/80R22.5 JUM XM,112222982C016MJXM0,157.0,2026-03,2026-03-02,2
TBR,GT 5088 - 315/60R22.5 JDL3,115123142C020LDL30,26.0,2026-03,2026-03-02,2
TBR,GT 5095 - 11.00R20 JUC3,1123111020016KJC30,88.0,2026-03,2026-03-02,2
TBR,GT 5096 - 11.00R20 JDC XD,1121111020016KCXD0,231.0,2026-03,2026-03-02,2
TBR,GT 5098 - 275/90R20 JDE XF,1121127A20149KDEF0,38.0,2026-03,2026-03-02,2
TBR,GT 5099 - 275/90R20 JUH XF,1122127A20149KUHF0,26.0,2026-03,2026-03-02,2
TBR,GT 5103 - 295/80R22.5 JUM XM OEM,112222982C152MJXM0,111.0,2026-03,2026-03-02,2
TBR,GT 5111 - 11R22.5 JDC,115121102C016LJDC0,15.0,2026-03,2026-03-02,2
TBR,GT 5114 - 315/80R22.5 JDC XD,115123182C020KCXD0,40.0,2026-03,2026-03-02,2
TBR,10.00 R 20 JDE,1121129A20000JDEP0,94.0,2026-03,2026-03-03,3
TBR,10.00 R 20 JUH5,1122110020016KUH50,325.0,2026-03,2026-03-03,3
TBR,10.00R 20 JW302,1123129A20152JUCM0,156.0,2026-03,2026-03-03,3
TBR,11.00R20 JUH5,1122111020016KUH50,124.0,2026-03,2026-03-03,3
TBR,11.00R20JDE++,1121111020016KDEP0,84.0,2026-03,2026-03-03,3
TBR,11R22.5JDH,115121102C016LJDH0,70.0,2026-03,2026-03-03,3
TBR,11R22.5JUC,112321102C016LJUC0,48.0,2026-03,2026-03-03,3
TBR,295/75R22.5JTHSD,115222972C014LJTS0,106.0,2026-03,2026-03-03,3
TBR,295/75R22.5JUL3,115222972C016LUL30,26.0,2026-03,2026-03-03,3
TBR,295/80R22.5JDL,112122982C016MJDL0,94.0,2026-03,2026-03-03,3
TBR,295/80R22.5JUL1,112222982C016MJUM0,182.0,2026-03,2026-03-03,3
TBR,315/70R22.5JDL3,115123162C018LDL30,90.0,2026-03,2026-03-03,3
TBR,315/70R22.5JUL4,115223162C018LUL40,41.0,2026-03,2026-03-03,3
TBR,315/80R22.5JDL3,115123182C018LDL30,1.0,2026-03,2026-03-03,3
TBR,315/80R22.5JUL4,115223182C018LUL40,38.0,2026-03,2026-03-03,3
TBR,385/65R22.5JUH6,115223852C020KUH60,62.0,2026-03,2026-03-03,3
TBR,8.25R20JDE++,1121182020016KDEP0,118.0,2026-03,2026-03-03,3
TBR,8.25R20JUH5,1122182020016KUH50,137.0,2026-03,2026-03-03,3
TBR,9.00 R 20 JUH3,1122190020014KJH30,12.0,2026-03,2026-03-03,3
TBR,9.00 R 20 JUH5,1122190020016KUH50,40.0,2026-03,2026-03-03,3
TBR,GT 5075 - 295/90R20 JUH XF,1122129A20152JULF0,93.0,2026-03,2026-03-03,3
TBR,GT 5076 - 295/90R20 JDE XF,1121129A20152JDLF0,110.0,2026-03,2026-03-03,3
TBR,GT 5078 - 295/80R22.5 JUX E,112222982C016JUXE0,94.0,2026-03,2026-03-03,3
TBR,GT 5079 - 255/70R22.5 JUX E,112222562C016MUXE0,92.0,2026-03,2026-03-03,3
TBR,GT 5083 - 295/80R22.5 JUM XM,112222982C016MJXM0,131.0,2026-03,2026-03-03,3
TBR,GT 5088 - 315/60R22.5 JDL3,115123142C020LDL30,42.0,2026-03,2026-03-03,3
TBR,GT 5095 - 11.00R20 JUC3,1123111020016KJC30,72.0,2026-03,2026-03-03,3
TBR,GT 5096 - 11.00R20 JDC XD,1121111020016KCXD0,228.0,2026-03,2026-03-03,3
TBR,GT 5098 - 275/90R20 JDE XF,1121127A20149KDEF0,38.0,2026-03,2026-03-03,3
TBR,GT 5099 - 275/90R20 JUH XF,1122127A20149KUHF0,35.0,2026-03,2026-03-03,3
TBR,GT 5103 - 295/80R22.5 JUM XM OEM,112222982C152MJXM0,188.0,2026-03,2026-03-03,3
TBR,GT 5114 - 315/80R22.5 JDC XD,115123182C020KCXD0,36.0,2026-03,2026-03-03,3
TBR,10.00 R 20 JDE,1121129A20000JDEP0,52.0,2026-03,2026-03-04,4
TBR,10.00 R 20 JUH5,1122110020016KUH50,344.0,2026-03,2026-03-04,4
TBR,10.00R 20 JW302,1123129A20152JUCM0,112.0,2026-03,2026-03-04,4
TBR,11.00R20 JUH5,1122111020016KUH50,124.0,2026-03,2026-03-04,4
TBR,11.00R20JDE++,1121111020016KDEP0,88.0,2026-03,2026-03-04,4
TBR,11R22.5JDH,115121102C016LJDH0,66.0,2026-03,2026-03-04,4
TBR,11R22.5JTH1,115221102C016LTH10,16.0,2026-03,2026-03-04,4
TBR,11R22.5JUC,112321102C016LJUC0,36.0,2026-03,2026-03-04,4
TBR,295/75R22.5JTHSD,115222972C014LJTS0,142.0,2026-03,2026-03-04,4
TBR,295/75R22.5JUL3,115222972C016LUL30,29.0,2026-03,2026-03-04,4
TBR,295/80R22.5JDL,112122982C016MJDL0,92.0,2026-03,2026-03-04,4
TBR,295/80R22.5JUL1,112222982C016MJUM0,194.0,2026-03,2026-03-04,4
TBR,315/70R22.5JDL3,115123162C018LDL30,80.0,2026-03,2026-03-04,4
TBR,315/70R22.5JUL4,115223162C018LUL40,39.0,2026-03,2026-03-04,4
TBR,315/80R22.5JUL4,115223182C018LUL40,92.0,2026-03,2026-03-04,4
TBR,385/65R22.5JUH6,115223852C020KUH60,70.0,2026-03,2026-03-04,4
TBR,8.25R20JDE++,1121182020016KDEP0,202.0,2026-03,2026-03-04,4
TBR,8.25R20JUH5,1122182020016KUH50,164.0,2026-03,2026-03-04,4
TBR,9.00 R 20 JUH3,1122190020014KJH30,42.0,2026-03,2026-03-04,4
TBR,9.00 R 20 JUH5,1122190020016KUH50,92.0,2026-03,2026-03-04,4
TBR,GT 5075 - 295/90R20 JUH XF,1122129A20152JULF0,136.0,2026-03,2026-03-04,4
TBR,GT 5076 - 295/90R20 JDE XF,1121129A20152JDLF0,132.0,2026-03,2026-03-04,4
TBR,GT 5078 - 295/80R22.5 JUX E,112222982C016JUXE0,94.0,2026-03,2026-03-04,4
TBR,GT 5079 - 255/70R22.5 JUX E,112222562C016MUXE0,92.0,2026-03,2026-03-04,4
TBR,GT 5083 - 295/80R22.5 JUM XM,112222982C016MJXM0,66.0,2026-03,2026-03-04,4
TBR,GT 5095 - 11.00R20 JUC3,1123111020016KJC30,78.0,2026-03,2026-03-04,4
TBR,GT 5096 - 11.00R20 JDC XD,1121111020016KCXD0,199.0,2026-03,2026-03-04,4
TBR,GT 5098 - 275/90R20 JDE XF,1121127A20149KDEF0,38.0,2026-03,2026-03-04,4
TBR,GT 5099 - 275/90R20 JUH XF,1122127A20149KUHF0,3.0,2026-03,2026-03-04,4
TBR,GT 5103 - 295/80R22.5 JUM XM OEM,112222982C152MJXM0,288.0,2026-03,2026-03-04,4
TBR,GT 5114 - 315/80R22.5 JDC XD,115123182C020KCXD0,2.0,2026-03,2026-03-04,4
TBR,10.00 R 20 JDE,1121129A20000JDEP0,78.0,2026-03,2026-03-05,5
TBR,10.00 R 20 JUH5,1122110020016KUH50,298.0,2026-03,2026-03-05,5
TBR,10.00R 20 JW302,1123129A20152JUCM0,170.0,2026-03,2026-03-05,5
TBR,11.00R20 JUH5,1122111020016KUH50,111.0,2026-03,2026-03-05,5
TBR,11.00R20JDE++,1121111020016KDEP0,62.0,2026-03,2026-03-05,5
TBR,11R22.5JDH,115121102C016LJDH0,94.0,2026-03,2026-03-05,5
TBR,11R22.5JTH1,115221102C016LTH10,48.0,2026-03,2026-03-05,5
TBR,11R22.5JUC,112321102C016LJUC0,44.0,2026-03,2026-03-05,5
TBR,295/75R22.5JTHSD,115222972C014LJTS0,154.0,2026-03,2026-03-05,5
TBR,295/75R22.5JUL3,115222972C016LUL30,36.0,2026-03,2026-03-05,5
TBR,295/80R22.5JDL,112122982C016MJDL0,88.0,2026-03,2026-03-05,5
TBR,295/80R22.5JUL1,112222982C016MJUM0,170.0,2026-03,2026-03-05,5
TBR,315/70R22.5JDL3,115123162C018LDL30,40.0,2026-03,2026-03-05,5
TBR,315/70R22.5JUL4,115223162C018LUL40,29.0,2026-03,2026-03-05,5
TBR,315/80R22.5JDL3,115123182C018LDL30,44.0,2026-03,2026-03-05,5
TBR,315/80R22.5JUL4,115223182C018LUL40,2.0,2026-03,2026-03-05,5
TBR,385/65R22.5JUH6,115223852C020KUH60,86.0,2026-03,2026-03-05,5
TBR,8.25R20JDE++,1121182020016KDEP0,160.0,2026-03,2026-03-05,5
TBR,8.25R20JUH5,1122182020016KUH50,200.0,2026-03,2026-03-05,5
TBR,9.00 R 20 JUH3,1122190020014KJH30,42.0,2026-03,2026-03-05,5
TBR,9.00 R 20 JUH5,1122190020016KUH50,100.0,2026-03,2026-03-05,5
TBR,GT 5075 - 295/90R20 JUH XF,1122129A20152JULF0,143.0,2026-03,2026-03-05,5
TBR,GT 5076 - 295/90R20 JDE XF,1121129A20152JDLF0,169.0,2026-03,2026-03-05,5
TBR,GT 5078 - 295/80R22.5 JUX E,112222982C016JUXE0,92.0,2026-03,2026-03-05,5
TBR,GT 5079 - 255/70R22.5 JUX E,112222562C016MUXE0,82.0,2026-03,2026-03-05,5
TBR,GT 5095 - 11.00R20 JUC3,1123111020016KJC30,66.0,2026-03,2026-03-05,5
TBR,GT 5096 - 11.00R20 JDC XD,1121111020016KCXD0,209.0,2026-03,2026-03-05,5
TBR,GT 5098 - 275/90R20 JDE XF,1121127A20149KDEF0,22.0,2026-03,2026-03-05,5
TBR,GT 5103 - 295/80R22.5 JUM XM OEM,112222982C152MJXM0,364.0,2026-03,2026-03-05,5
TBR,GT 5114 - 315/80R22.5 JDC XD,115123182C020KCXD0,36.0,2026-03,2026-03-05,5
TBR,10.00 R 20 JDE,1121129A20000JDEP0,88.0,2026-03,2026-03-06,6
TBR,10.00 R 20 JUH5,1122110020016KUH50,258.0,2026-03,2026-03-06,6
TBR,10.00R 20 JW302,1123129A20152JUCM0,151.0,2026-03,2026-03-06,6
TBR,11.00R20 JUH5,1122111020016KUH50,121.0,2026-03,2026-03-06,6
TBR,11.00R20JDE++,1121111020016KDEP0,73.0,2026-03,2026-03-06,6
TBR,11R22.5JDH,115121102C016LJDH0,90.0,2026-03,2026-03-06,6
TBR,11R22.5JTH1,115221102C016LTH10,52.0,2026-03,2026-03-06,6
TBR,11R22.5JTHSD,115221102C016LJTS0,30.0,2026-03,2026-03-06,6
TBR,11R22.5JUC,112321102C016LJUC0,48.0,2026-03,2026-03-06,6
TBR,295/75R22.5JTHSD,115222972C014LJTS0,163.0,2026-03,2026-03-06,6
TBR,295/80R22.5JDL,112122982C016MJDL0,94.0,2026-03,2026-03-06,6
TBR,295/80R22.5JUL1,112222982C016MJUM0,184.0,2026-03,2026-03-06,6
TBR,315/70R22.5JDL3,115123162C018LDL30,92.0,2026-03,2026-03-06,6
TBR,315/80R22.5JDL3,115123182C018LDL30,17.0,2026-03,2026-03-06,6
TBR,385/65R22.5JUH6,115223852C020KUH60,70.0,2026-03,2026-03-06,6
TBR,8.25R20JDE++,1121182020016KDEP0,191.0,2026-03,2026-03-06,6
TBR,8.25R20JUH5,1122182020016KUH50,165.0,2026-03,2026-03-06,6
TBR,9.00 R 20 JDE++,1121190020016KDEP0,38.0,2026-03,2026-03-06,6
TBR,9.00 R 20 JUH3,1122190020014KJH30,56.0,2026-03,2026-03-06,6
TBR,9.00 R 20 JUH5,1122190020016KUH50,20.0,2026-03,2026-03-06,6
TBR,GT 5075 - 295/90R20 JUH XF,1122129A20152JULF0,112.0,2026-03,2026-03-06,6
TBR,GT 5076 - 295/90R20 JDE XF,1121129A20152JDLF0,186.0,2026-03,2026-03-06,6
TBR,GT 5078 - 295/80R22.5 JUX E,112222982C016JUXE0,96.0,2026-03,2026-03-06,6
TBR,GT 5079 - 255/70R22.5 JUX E,112222562C016MUXE0,138.0,2026-03,2026-03-06,6
TBR,GT 5095 - 11.00R20 JUC3,1123111020016KJC30,72.0,2026-03,2026-03-06,6
TBR,GT 5096 - 11.00R20 JDC XD,1121111020016KCXD0,210.0,2026-03,2026-03-06,6
TBR,GT 5103 - 295/80R22.5 JUM XM OEM,112222982C152MJXM0,348.0,2026-03,2026-03-06,6
TBR,GT 5114 - 315/80R22.5 JDC XD,115123182C020KCXD0,32.0,2026-03,2026-03-06,6
TBR,10.00 R 20 JDE,1121129A20000JDEP0,44.0,2026-03,2026-03-07,7
TBR,10.00 R 20 JUH5,1122110020016KUH50,302.0,2026-03,2026-03-07,7
TBR,10.00R 20 JW302,1123129A20152JUCM0,129.0,2026-03,2026-03-07,7
TBR,11.00R20 JUH5,1122111020016KUH50,126.0,2026-03,2026-03-07,7
TBR,11.00R20JDE++,1121111020016KDEP0,70.0,2026-03,2026-03-07,7
TBR,11R22.5JDH,115121102C016LJDH0,96.0,2026-03,2026-03-07,7
TBR,11R22.5JTH1,115221102C016LTH10,50.0,2026-03,2026-03-07,7
TBR,11R22.5JTHSD,115221102C016LJTS0,58.0,2026-03,2026-03-07,7
TBR,11R22.5JUC,112321102C016LJUC0,48.0,2026-03,2026-03-07,7
TBR,295/75R22.5JTHSD,115222972C014LJTS0,166.0,2026-03,2026-03-07,7
TBR,295/80R22.5JDL,112122982C016MJDL0,94.0,2026-03,2026-03-07,7
TBR,295/80R22.5JUL1,112222982C016MJUM0,186.0,2026-03,2026-03-07,7
TBR,315/70R22.5JDL3,115123162C018LDL30,84.0,2026-03,2026-03-07,7
TBR,385/65R22.5JUH6,115223852C020KUH60,50.0,2026-03,2026-03-07,7
TBR,8.25R20JDE++,1121182020016KDEP0,200.0,2026-03,2026-03-07,7
TBR,8.25R20JUH5,1122182020016KUH50,203.0,2026-03,2026-03-07,7
TBR,9.00 R 20 JDE++,1121190020016KDEP0,38.0,2026-03,2026-03-07,7
TBR,9.00 R 20 JUH3,1122190020014KJH30,18.0,2026-03,2026-03-07,7
TBR,9.00 R 20 JUH5,1122190020016KUH50,98.0,2026-03,2026-03-07,7
TBR,GT 5075 - 295/90R20 JUH XF,1122129A20152JULF0,142.0,2026-03,2026-03-07,7
TBR,GT 5076 - 295/90R20 JDE XF,1121129A20152JDLF0,208.0,2026-03,2026-03-07,7
TBR,GT 5078 - 295/80R22.5 JUX E,112222982C016JUXE0,88.0,2026-03,2026-03-07,7
TBR,GT 5079 - 255/70R22.5 JUX E,112222562C016MUXE0,123.0,2026-03,2026-03-07,7
TBR,GT 5095 - 11.00R20 JUC3,1123111020016KJC30,13.0,2026-03,2026-03-07,7
TBR,GT 5096 - 11.00R20 JDC XD,1121111020016KCXD0,214.0,2026-03,2026-03-07,7
TBR,GT 5103 - 295/80R22.5 JUM XM OEM,112222982C152MJXM0,355.0,2026-03,2026-03-07,7
TBR,GT 5114 - 315/80R22.5 JDC XD,115123182C020KCXD0,44.0,2026-03,2026-03-07,7
TBR,10.00 R 20 JDE,1121129A20000JDEP0,66.0,2026-03,2026-03-08,8
TBR,10.00 R 20 JUH5,1122110020016KUH50,280.0,2026-03,2026-03-08,8
TBR,10.00R 20 JW302,1123129A20152JUCM0,133.0,2026-03,2026-03-08,8
TBR,11.00R20 JUH5,1122111020016KUH50,98.0,2026-03,2026-03-08,8
TBR,11.00R20JDE++,1121111020016KDEP0,89.0,2026-03,2026-03-08,8
TBR,11R22.5JDH,115121102C016LJDH0,78.0,2026-03,2026-03-08,8
TBR,11R22.5JTH1,115221102C016LTH10,44.0,2026-03,2026-03-08,8
TBR,11R22.5JTHSD,115221102C016LJTS0,46.0,2026-03,2026-03-08,8
TBR,11R22.5JUC,112321102C016LJUC0,36.0,2026-03,2026-03-08,8
TBR,295/75R22.5JTHSD,115222972C014LJTS0,146.0,2026-03,2026-03-08,8
TBR,295/80R22.5JDL,112122982C016MJDL0,92.0,2026-03,2026-03-08,8
TBR,295/80R22.5JUL1,112222982C016MJUM0,188.0,2026-03,2026-03-08,8
TBR,315/70R22.5JDL3,115123162C018LDL30,84.0,2026-03,2026-03-08,8
TBR,385/65R22.5JUH6,115223852C020KUH60,84.0,2026-03,2026-03-08,8
TBR,8.25R20JDE++,1121182020016KDEP0,218.0,2026-03,2026-03-08,8
TBR,8.25R20JUH5,1122182020016KUH50,174.0,2026-03,2026-03-08,8
TBR,9.00 R 20 JUH3,1122190020014KJH30,28.0,2026-03,2026-03-08,8
TBR,9.00 R 20 JUH5,1122190020016KUH50,74.0,2026-03,2026-03-08,8
TBR,GT 5075 - 295/90R20 JUH XF,1122129A20152JULF0,184.0,2026-03,2026-03-08,8
TBR,GT 5076 - 295/90R20 JDE XF,1121129A20152JDLF0,200.0,2026-03,2026-03-08,8
TBR,GT 5078 - 295/80R22.5 JUX E,112222982C016JUXE0,96.0,2026-03,2026-03-08,8
TBR,GT 5079 - 255/70R22.5 JUX E,112222562C016MUXE0,112.0,2026-03,2026-03-08,8
TBR,GT 5095 - 11.00R20 JUC3,1123111020016KJC30,92.0,2026-03,2026-03-08,8
TBR,GT 5096 - 11.00R20 JDC XD,1121111020016KCXD0,227.0,2026-03,2026-03-08,8
TBR,GT 5103 - 295/80R22.5 JUM XM OEM,112222982C152MJXM0,338.0,2026-03,2026-03-08,8
TBR,GT 5114 - 315/80R22.5 JDC XD,115123182C020KCXD0,42.0,2026-03,2026-03-08,8
TBR,10.00 R 20 JDE,1121129A20000JDEP0,74.0,2026-03,2026-03-09,9
TBR,10.00 R 20 JUH5,1122110020016KUH50,268.0,2026-03,2026-03-09,9
TBR,10.00R 20 JW302,1123129A20152JUCM0,116.0,2026-03,2026-03-09,9
TBR,11.00R20 JUH5,1122111020016KUH50,120.0,2026-03,2026-03-09,9
TBR,11.00R20JDE++,1121111020016KDEP0,86.0,2026-03,2026-03-09,9
TBR,11R22.5JDH,115121102C016LJDH0,80.0,2026-03,2026-03-09,9
TBR,11R22.5JTH1,115221102C016LTH10,32.0,2026-03,2026-03-09,9
TBR,11R22.5JTHSD,115221102C016LJTS0,28.0,2026-03,2026-03-09,9
TBR,11R22.5JUC,112321102C016LJUC0,46.0,2026-03,2026-03-09,9
TBR,295/75R22.5JTHSD,115222972C014LJTS0,120.0,2026-03,2026-03-09,9
TBR,295/80R22.5JDL,112122982C016MJDL0,88.0,2026-03,2026-03-09,9
TBR,295/80R22.5JUL1,112222982C016MJUM0,168.0,2026-03,2026-03-09,9
TBR,315/70R22.5JDL3,115123162C018LDL30,82.0,2026-03,2026-03-09,9
TBR,385/65R22.5JUH6,115223852C020KUH60,84.0,2026-03,2026-03-09,9
TBR,8.25R20JDE++,1121182020016KDEP0,238.0,2026-03,2026-03-09,9
TBR,8.25R20JUH5,1122182020016KUH50,180.0,2026-03,2026-03-09,9
TBR,9.00 R 20 JDE++,1121190020016KDEP0,16.0,2026-03,2026-03-09,9
TBR,9.00 R 20 JUH3,1122190020014KJH30,58.0,2026-03,2026-03-09,9
TBR,9.00 R 20 JUH5,1122190020016KUH50,68.0,2026-03,2026-03-09,9
TBR,GT 5075 - 295/90R20 JUH XF,1122129A20152JULF0,183.0,2026-03,2026-03-09,9
TBR,GT 5076 - 295/90R20 JDE XF,1121129A20152JDLF0,210.0,2026-03,2026-03-09,9
TBR,GT 5078 - 295/80R22.5 JUX E,112222982C016JUXE0,86.0,2026-03,2026-03-09,9
TBR,GT 5079 - 255/70R22.5 JUX E,112222562C016MUXE0,142.0,2026-03,2026-03-09,9
TBR,GT 5095 - 11.00R20 JUC3,1123111020016KJC30,60.0,2026-03,2026-03-09,9
TBR,GT 5096 - 11.00R20 JDC XD,1121111020016KCXD0,172.0,2026-03,2026-03-09,9
TBR,GT 5103 - 295/80R22.5 JUM XM OEM,112222982C152MJXM0,363.0,2026-03,2026-03-09,9
TBR,GT 5114 - 315/80R22.5 JDC XD,115123182C020KCXD0,46.0,2026-03,2026-03-09,9
TBR,10.00 R 20 JDE,1121129A20000JDEP0,66.0,2026-03,2026-03-10,10
TBR,10.00 R 20 JUH5,1122110020016KUH50,251.0,2026-03,2026-03-10,10
TBR,10.00R 20 JW302,1123129A20152JUCM0,132.0,2026-03,2026-03-10,10
TBR,11.00R20 JUH5,1122111020016KUH50,142.0,2026-03,2026-03-10,10
TBR,11.00R20JDE++,1121111020016KDEP0,66.0,2026-03,2026-03-10,10
TBR,11R22.5JDH,115121102C016LJDH0,44.0,2026-03,2026-03-10,10
TBR,11R22.5JTHSD,115221102C016LJTS0,42.0,2026-03,2026-03-10,10
TBR,11R22.5JUC,112321102C016LJUC0,46.0,2026-03,2026-03-10,10
TBR,295/75R22.5JTHSD,115222972C014LJTS0,164.0,2026-03,2026-03-10,10
TBR,295/80R22.5JDL,112122982C016MJDL0,92.0,2026-03,2026-03-10,10
TBR,295/80R22.5JUL1,112222982C016MJUM0,162.0,2026-03,2026-03-10,10
TBR,315/70R22.5JDL3,115123162C018LDL30,40.0,2026-03,2026-03-10,10
TBR,385/65R22.5JUH6,115223852C020KUH60,70.0,2026-03,2026-03-10,10
TBR,8.25R20JDE++,1121182020016KDEP0,217.0,2026-03,2026-03-10,10
TBR,8.25R20JUH5,1122182020016KUH50,176.0,2026-03,2026-03-10,10
TBR,9.00 R 20 JUH3,1122190020014KJH30,34.0,2026-03,2026-03-10,10
TBR,9.00 R 20 JUH5,1122190020016KUH50,80.0,2026-03,2026-03-10,10
TBR,GT 5075 - 295/90R20 JUH XF,1122129A20152JULF0,182.0,2026-03,2026-03-10,10
TBR,GT 5076 - 295/90R20 JDE XF,1121129A20152JDLF0,224.0,2026-03,2026-03-10,10
TBR,GT 5078 - 295/80R22.5 JUX E,112222982C016JUXE0,90.0,2026-03,2026-03-10,10
TBR,GT 5079 - 255/70R22.5 JUX E,112222562C016MUXE0,102.0,2026-03,2026-03-10,10
TBR,GT 5095 - 11.00R20 JUC3,1123111020016KJC30,90.0,2026-03,2026-03-10,10
TBR,GT 5096 - 11.00R20 JDC XD,1121111020016KCXD0,216.0,2026-03,2026-03-10,10
TBR,GT 5103 - 295/80R22.5 JUM XM OEM,112222982C152MJXM0,317.0,2026-03,2026-03-10,10
TBR,GT 5114 - 315/80R22.5 JDC XD,115123182C020KCXD0,44.0,2026-03,2026-03-10,10
TBR,GT 5115 - 295/80R22.5 JW305,112322982C016M3061,16.0,2026-03,2026-03-10,10
TBR,10.00 R 20 JDE,1121129A20000JDEP0,98.0,2026-03,2026-03-11,11
TBR,10.00 R 20 JUH3+,1122110020016KH3P0,16.0,2026-03,2026-03-11,11
TBR,10.00 R 20 JUH5,1122110020016KUH50,257.0,2026-03,2026-03-11,11
TBR,10.00R 20 JW302,1123129A20152JUCM0,128.0,2026-03,2026-03-11,11
TBR,11.00R20 JUH5,1122111020016KUH50,130.0,2026-03,2026-03-11,11
TBR,11.00R20JDE++,1121111020016KDEP0,76.0,2026-03,2026-03-11,11
TBR,11R22.5JDH,115121102C016LJDH0,7.0,2026-03,2026-03-11,11
TBR,11R22.5JTH1,115221102C016LTH10,38.0,2026-03,2026-03-11,11
TBR,11R22.5JTHSD,115221102C016LJTS0,1.0,2026-03,2026-03-11,11
TBR,11R22.5JUC,112321102C016LJUC0,46.0,2026-03,2026-03-11,11
TBR,295/75R22.5JTHSD,115222972C014LJTS0,168.0,2026-03,2026-03-11,11
TBR,295/80R22.5JDL,112122982C016MJDL0,90.0,2026-03,2026-03-11,11
TBR,295/80R22.5JUL1,112222982C016MJUM0,172.0,2026-03,2026-03-11,11
TBR,315/70R22.5JDL3,115123162C018LDL30,86.0,2026-03,2026-03-11,11
TBR,385/65R22.5JUH6,115223852C020KUH60,9.0,2026-03,2026-03-11,11
TBR,8.25R20JDE++,1121182020016KDEP0,227.0,2026-03,2026-03-11,11
TBR,8.25R20JUH5,1122182020016KUH50,207.0,2026-03,2026-03-11,11
TBR,9.00 R 20 JUH3,1122190020014KJH30,46.0,2026-03,2026-03-11,11
TBR,9.00 R 20 JUH5,1122190020016KUH50,104.0,2026-03,2026-03-11,11
TBR,GT 5075 - 295/90R20 JUH XF,1122129A20152JULF0,170.0,2026-03,2026-03-11,11
TBR,GT 5076 - 295/90R20 JDE XF,1121129A20152JDLF0,162.0,2026-03,2026-03-11,11
TBR,GT 5078 - 295/80R22.5 JUX E,112222982C016JUXE0,91.0,2026-03,2026-03-11,11
TBR,GT 5079 - 255/70R22.5 JUX E,112222562C016MUXE0,130.0,2026-03,2026-03-11,11
TBR,GT 5095 - 11.00R20 JUC3,1123111020016KJC30,40.0,2026-03,2026-03-11,11
TBR,GT 5096 - 11.00R20 JDC XD,1121111020016KCXD0,218.0,2026-03,2026-03-11,11
TBR,GT 5103 - 295/80R22.5 JUM XM OEM,112222982C152MJXM0,305.0,2026-03,2026-03-11,11
TBR,GT 5114 - 315/80R22.5 JDC XD,115123182C020KCXD0,44.0,2026-03,2026-03-11,11
TBR,GT 5115 - 295/80R22.5 JW305,112322982C016M3061,42.0,2026-03,2026-03-11,11
TBR,10.00 R 20 JDE,1121129A20000JDEP0,58.0,2026-03,2026-03-12,12
TBR,10.00 R 20 JUH3+,1122110020016KH3P0,258.0,2026-03,2026-03-12,12
TBR,10.00 R 20 JUH5,1122110020016KUH50,254.0,2026-03,2026-03-12,12
TBR,10.00R 20 JW302,1123129A20152JUCM0,120.0,2026-03,2026-03-12,12
TBR,11.00R20 JUH5,1122111020016KUH50,134.0,2026-03,2026-03-12,12
TBR,11.00R20JDE++,1121111020016KDEP0,72.0,2026-03,2026-03-12,12
TBR,11R22.5JTH1,115221102C016LTH10,56.0,2026-03,2026-03-12,12
TBR,11R22.5JUC,112321102C016LJUC0,50.0,2026-03,2026-03-12,12
TBR,295/75R22.5JTHSD,115222972C014LJTS0,136.0,2026-03,2026-03-12,12
TBR,295/80R22.5JDL,112122982C016MJDL0,84.0,2026-03,2026-03-12,12
TBR,295/80R22.5JUL1,112222982C016MJUM0,174.0,2026-03,2026-03-12,12
TBR,315/70R22.5JDL3,115123162C018LDL30,8.0,2026-03,2026-03-12,12
TBR,8.25R20JDE++,1121182020016KDEP0,193.0,2026-03,2026-03-12,12
TBR,8.25R20JUH5,1122182020016KUH50,121.0,2026-03,2026-03-12,12
TBR,9.00 R 20 JUH3,1122190020014KJH30,46.0,2026-03,2026-03-12,12
TBR,9.00 R 20 JUH5,1122190020016KUH50,96.0,2026-03,2026-03-12,12
TBR,GT 5075 - 295/90R20 JUH XF,1122129A20152JULF0,163.0,2026-03,2026-03-12,12
TBR,GT 5076 - 295/90R20 JDE XF,1121129A20152JDLF0,214.0,2026-03,2026-03-12,12
TBR,GT 5078 - 295/80R22.5 JUX E,112222982C016JUXE0,90.0,2026-03,2026-03-12,12
TBR,GT 5079 - 255/70R22.5 JUX E,112222562C016MUXE0,124.0,2026-03,2026-03-12,12
TBR,GT 5083 - 295/80R22.5 JUM XM,112222982C016MJXM0,70.0,2026-03,2026-03-12,12
TBR,GT 5095 - 11.00R20 JUC3,1123111020016KJC30,84.0,2026-03,2026-03-12,12
TBR,GT 5096 - 11.00R20 JDC XD,1121111020016KCXD0,226.0,2026-03,2026-03-12,12
TBR,GT 5103 - 295/80R22.5 JUM XM OEM,112222982C152MJXM0,174.0,2026-03,2026-03-12,12
TBR,GT 5114 - 315/80R22.5 JDC XD,115123182C020KCXD0,28.0,2026-03,2026-03-12,12
TBR,GT 5115 - 295/80R22.5 JW305,112322982C016M3061,40.0,2026-03,2026-03-12,12
TBR,10.00 R 20 JUH3+,1122110020016KH3P0,400.0,2026-03,2026-03-13,13
TBR,10.00 R 20 JUH5,1122110020016KUH50,276.0,2026-03,2026-03-13,13
TBR,10.00R 20 JW302,1123129A20152JUCM0,116.0,2026-03,2026-03-13,13
TBR,11.00R20 JUH5,1122111020016KUH50,138.0,2026-03,2026-03-13,13
TBR,11.00R20JDE++,1121111020016KDEP0,82.0,2026-03,2026-03-13,13
TBR,11R22.5JTH1,115221102C016LTH10,32.0,2026-03,2026-03-13,13
TBR,11R22.5JUC,112321102C016LJUC0,36.0,2026-03,2026-03-13,13
TBR,295/75R22.5JTHSD,115222972C014LJTS0,64.0,2026-03,2026-03-13,13
TBR,295/80R22.5JDL,112122982C016MJDL0,90.0,2026-03,2026-03-13,13
TBR,295/80R22.5JUL1,112222982C016MJUM0,184.0,2026-03,2026-03-13,13
TBR,315/70R22.5JDL3,115123162C018LDL30,70.0,2026-03,2026-03-13,13
TBR,8.25R20JDE++,1121182020016KDEP0,202.0,2026-03,2026-03-13,13
TBR,8.25R20JUH5,1122182020016KUH50,146.0,2026-03,2026-03-13,13
TBR,9.00 R 20 JUH3,1122190020014KJH30,46.0,2026-03,2026-03-13,13
TBR,9.00 R 20 JUH5,1122190020016KUH50,98.0,2026-03,2026-03-13,13
TBR,GT 5075 - 295/90R20 JUH XF,1122129A20152JULF0,172.0,2026-03,2026-03-13,13
TBR,GT 5076 - 295/90R20 JDE XF,1121129A20152JDLF0,184.0,2026-03,2026-03-13,13
TBR,GT 5078 - 295/80R22.5 JUX E,112222982C016JUXE0,88.0,2026-03,2026-03-13,13
TBR,GT 5079 - 255/70R22.5 JUX E,112222562C016MUXE0,124.0,2026-03,2026-03-13,13
TBR,GT 5083 - 295/80R22.5 JUM XM,112222982C016MJXM0,234.0,2026-03,2026-03-13,13
TBR,GT 5095 - 11.00R20 JUC3,1123111020016KJC30,66.0,2026-03,2026-03-13,13
TBR,GT 5096 - 11.00R20 JDC XD,1121111020016KCXD0,215.0,2026-03,2026-03-13,13
TBR,GT 5103 - 295/80R22.5 JUM XM OEM,112222982C152MJXM0,102.0,2026-03,2026-03-13,13
TBR,GT 5114 - 315/80R22.5 JDC XD,115123182C020KCXD0,16.0,2026-03,2026-03-13,13
TBR,GT 5115 - 295/80R22.5 JW305,112322982C016M3061,38.0,2026-03,2026-03-13,13
TBR,10.00 R 20 JUH3+,1122110020016KH3P0,407.0,2026-03,2026-03-14,14
TBR,10.00 R 20 JUH5,1122110020016KUH50,245.0,2026-03,2026-03-14,14
TBR,10.00R 20 JW302,1123129A20152JUCM0,128.0,2026-03,2026-03-14,14
TBR,11.00R20 JUH5,1122111020016KUH50,179.0,2026-03,2026-03-14,14
TBR,11.00R20JDE++,1121111020016KDEP0,102.0,2026-03,2026-03-14,14
TBR,11R22.5JTH1,115221102C016LTH10,50.0,2026-03,2026-03-14,14
TBR,11R22.5JUC,112321102C016LJUC0,47.0,2026-03,2026-03-14,14
TBR,295/75R22.5JTHSD,115222972C014LJTS0,48.0,2026-03,2026-03-14,14
TBR,295/80R22.5JDL,112122982C016MJDL0,86.0,2026-03,2026-03-14,14
TBR,295/80R22.5JUL1,112222982C016MJUM0,178.0,2026-03,2026-03-14,14
TBR,315/70R22.5JDL3,115123162C018LDL30,32.0,2026-03,2026-03-14,14
TBR,8.25R20JDE++,1121182020016KDEP0,240.0,2026-03,2026-03-14,14
TBR,8.25R20JUH5,1122182020016KUH50,149.0,2026-03,2026-03-14,14
TBR,9.00 R 20 JDE++,1121190020016KDEP0,6.0,2026-03,2026-03-14,14
TBR,9.00 R 20 JUH3,1122190020014KJH30,58.0,2026-03,2026-03-14,14
TBR,9.00 R 20 JUH5,1122190020016KUH50,104.0,2026-03,2026-03-14,14
TBR,GT 5075 - 295/90R20 JUH XF,1122129A20152JULF0,154.0,2026-03,2026-03-14,14
TBR,GT 5076 - 295/90R20 JDE XF,1121129A20152JDLF0,218.0,2026-03,2026-03-14,14
TBR,GT 5078 - 295/80R22.5 JUX E,112222982C016JUXE0,66.0,2026-03,2026-03-14,14
TBR,GT 5079 - 255/70R22.5 JUX E,112222562C016MUXE0,102.0,2026-03,2026-03-14,14
TBR,GT 5083 - 295/80R22.5 JUM XM,112222982C016MJXM0,357.0,2026-03,2026-03-14,14
TBR,GT 5095 - 11.00R20 JUC3,1123111020016KJC30,72.0,2026-03,2026-03-14,14
TBR,GT 5096 - 11.00R20 JDC XD,1121111020016KCXD0,229.0,2026-03,2026-03-14,14
TBR,GT 5114 - 315/80R22.5 JDC XD,115123182C020KCXD0,46.0,2026-03,2026-03-14,14
TBR,GT 5115 - 295/80R22.5 JW305,112322982C016M3061,46.0,2026-03,2026-03-14,14
TBR,10.00 R 20 JUH3+,1122110020016KH3P0,373.0,2026-03,2026-03-15,15
TBR,10.00 R 20 JUH5,1122110020016KUH50,272.0,2026-03,2026-03-15,15
TBR,10.00R 20 JW302,1123129A20152JUCM0,132.0,2026-03,2026-03-15,15
TBR,11.00R20 JUH5,1122111020016KUH50,136.0,2026-03,2026-03-15,15
TBR,11.00R20JDE++,1121111020016KDEP0,128.0,2026-03,2026-03-15,15
TBR,11R22.5JTH1,115221102C016LTH10,54.0,2026-03,2026-03-15,15
TBR,11R22.5JUC,112321102C016LJUC0,6.0,2026-03,2026-03-15,15
TBR,255/70R22.5JTH1,115222562C016MTH10,8.0,2026-03,2026-03-15,15
TBR,295/75R22.5JTHSD,115222972C014LJTS0,40.0,2026-03,2026-03-15,15
TBR,295/80R22.5JDL,112122982C016MJDL0,50.0,2026-03,2026-03-15,15
TBR,295/80R22.5JUL1,112222982C016MJUM0,118.0,2026-03,2026-03-15,15
TBR,315/70R22.5JDL3,115123162C018LDL30,64.0,2026-03,2026-03-15,15
TBR,8.25R20JDE++,1121182020016KDEP0,241.0,2026-03,2026-03-15,15
TBR,8.25R20JUH5,1122182020016KUH50,194.0,2026-03,2026-03-15,15
TBR,9.00 R 20 JDE++,1121190020016KDEP0,30.0,2026-03,2026-03-15,15
TBR,9.00 R 20 JUH3,1122190020014KJH30,25.0,2026-03,2026-03-15,15
TBR,9.00 R 20 JUH5,1122190020016KUH50,92.0,2026-03,2026-03-15,15
TBR,GT 5075 - 295/90R20 JUH XF,1122129A20152JULF0,170.0,2026-03,2026-03-15,15
TBR,GT 5076 - 295/90R20 JDE XF,1121129A20152JDLF0,233.0,2026-03,2026-03-15,15
TBR,GT 5078 - 295/80R22.5 JUX E,112222982C016JUXE0,68.0,2026-03,2026-03-15,15
TBR,GT 5079 - 255/70R22.5 JUX E,112222562C016MUXE0,124.0,2026-03,2026-03-15,15
TBR,GT 5083 - 295/80R22.5 JUM XM,112222982C016MJXM0,332.0,2026-03,2026-03-15,15
TBR,GT 5095 - 11.00R20 JUC3,1123111020016KJC30,84.0,2026-03,2026-03-15,15
TBR,GT 5096 - 11.00R20 JDC XD,1121111020016KCXD0,224.0,2026-03,2026-03-15,15
TBR,GT 5114 - 315/80R22.5 JDC XD,115123182C020KCXD0,42.0,2026-03,2026-03-15,15
TBR,GT 5115 - 295/80R22.5 JW305,112322982C016M3061,30.0,2026-03,2026-03-15,15
TBR,10.00 R 20 JUH3+,1122110020016KH3P0,384.0,2026-03,2026-03-16,16
TBR,10.00 R 20 JUH5,1122110020016KUH50,276.0,2026-03,2026-03-16,16
TBR,10.00R 20 JW302,1123129A20152JUCM0,122.0,2026-03,2026-03-16,16
TBR,11.00R20 JUH5,1122111020016KUH50,188.0,2026-03,2026-03-16,16
TBR,11.00R20JDE++,1121111020016KDEP0,130.0,2026-03,2026-03-16,16
TBR,11R22.5JTH1,115221102C016LTH10,28.0,2026-03,2026-03-16,16
TBR,255/70R22.5JTH1,115222562C016MTH10,76.0,2026-03,2026-03-16,16
TBR,295/75R22.5JTHSD,115222972C014LJTS0,8.0,2026-03,2026-03-16,16
TBR,295/80R22.5JDL,112122982C016MJDL0,64.0,2026-03,2026-03-16,16
TBR,295/80R22.5JUL1,112222982C016MJUM0,142.0,2026-03,2026-03-16,16
TBR,315/70R22.5JDL3,115123162C018LDL30,84.0,2026-03,2026-03-16,16
TBR,8.25R20JDE++,1121182020016KDEP0,232.0,2026-03,2026-03-16,16
TBR,8.25R20JUH5,1122182020016KUH50,164.0,2026-03,2026-03-16,16
TBR,9.00 R 20 JDE++,1121190020016KDEP0,88.0,2026-03,2026-03-16,16
TBR,9.00 R 20 JUH5,1122190020016KUH50,62.0,2026-03,2026-03-16,16
TBR,GT 5075 - 295/90R20 JUH XF,1122129A20152JULF0,178.0,2026-03,2026-03-16,16
TBR,GT 5076 - 295/90R20 JDE XF,1121129A20152JDLF0,238.0,2026-03,2026-03-16,16
TBR,GT 5078 - 295/80R22.5 JUX E,112222982C016JUXE0,84.0,2026-03,2026-03-16,16
TBR,GT 5079 - 255/70R22.5 JUX E,112222562C016MUXE0,132.0,2026-03,2026-03-16,16
TBR,GT 5083 - 295/80R22.5 JUM XM,112222982C016MJXM0,296.0,2026-03,2026-03-16,16
TBR,GT 5095 - 11.00R20 JUC3,1123111020016KJC30,68.0,2026-03,2026-03-16,16
TBR,GT 5096 - 11.00R20 JDC XD,1121111020016KCXD0,162.0,2026-03,2026-03-16,16
TBR,GT 5114 - 315/80R22.5 JDC XD,115123182C020KCXD0,44.0,2026-03,2026-03-16,16
TBR,GT 5115 - 295/80R22.5 JW305,112322982C016M3061,6.0,2026-03,2026-03-16,16
TBR,10.00 R 20 JUH3+,1122110020016KH3P0,225.0,2026-03,2026-03-17,17
TBR,10.00 R 20 JUH5,1122110020016KUH50,263.0,2026-03,2026-03-17,17
TBR,10.00R 20 JW302,1123129A20152JUCM0,132.0,2026-03,2026-03-17,17
TBR,11.00R20 JUH5,1122111020016KUH50,172.0,2026-03,2026-03-17,17
TBR,11.00R20JDE++,1121111020016KDEP0,162.0,2026-03,2026-03-17,17
TBR,255/70R22.5JTH1,115222562C016MTH10,104.0,2026-03,2026-03-17,17
TBR,295/80R22.5JDL,112122982C016MJDL0,48.0,2026-03,2026-03-17,17
TBR,295/80R22.5JUL1,112222982C016MJUM0,160.0,2026-03,2026-03-17,17
TBR,315/70R22.5JDL3,115123162C018LDL30,90.0,2026-03,2026-03-17,17
TBR,8.25R20JDE++,1121182020016KDEP0,200.0,2026-03,2026-03-17,17
TBR,8.25R20JUH5,1122182020016KUH50,184.0,2026-03,2026-03-17,17
TBR,9.00 R 20 JDE++,1121190020016KDEP0,78.0,2026-03,2026-03-17,17
TBR,9.00 R 20 JUH5,1122190020016KUH50,40.0,2026-03,2026-03-17,17
TBR,GT 5055 - 295/80R22.5 JUC XM,115322982C016MJXM0,2.0,2026-03,2026-03-17,17
TBR,GT 5075 - 295/90R20 JUH XF,1122129A20152JULF0,156.0,2026-03,2026-03-17,17
TBR,GT 5076 - 295/90R20 JDE XF,1121129A20152JDLF0,206.0,2026-03,2026-03-17,17
TBR,GT 5078 - 295/80R22.5 JUX E,112222982C016JUXE0,76.0,2026-03,2026-03-17,17
TBR,GT 5079 - 255/70R22.5 JUX E,112222562C016MUXE0,122.0,2026-03,2026-03-17,17
TBR,GT 5083 - 295/80R22.5 JUM XM,112222982C016MJXM0,238.0,2026-03,2026-03-17,17
TBR,GT 5095 - 11.00R20 JUC3,1123111020016KJC30,62.0,2026-03,2026-03-17,17
TBR,GT 5096 - 11.00R20 JDC XD,1121111020016KCXD0,76.0,2026-03,2026-03-17,17
TBR,GT 5114 - 315/80R22.5 JDC XD,115123182C020KCXD0,40.0,2026-03,2026-03-17,17
TBR,GT 5115 - 295/80R22.5 JW305,112322982C016M3061,22.0,2026-03,2026-03-17,17
TBR,10.00 R 20 JUH3+,1122110020016KH3P0,334.0,2026-03,2026-03-18,18
TBR,10.00 R 20 JUH5,1122110020016KUH50,268.0,2026-03,2026-03-18,18
TBR,10.00R 20 JW302,1123129A20152JUCM0,136.0,2026-03,2026-03-18,18
TBR,11.00R20 JUH5,1122111020016KUH50,140.0,2026-03,2026-03-18,18
TBR,11.00R20JDE++,1121111020016KDEP0,178.0,2026-03,2026-03-18,18
TBR,255/70R22.5JTH1,115222562C016MTH10,44.0,2026-03,2026-03-18,18
TBR,295/80R22.5JDL,112122982C016MJDL0,7.0,2026-03,2026-03-18,18
TBR,295/80R22.5JUL1,112222982C016MJUM0,176.0,2026-03,2026-03-18,18
TBR,315/70R22.5JDL3,115123162C018LDL30,94.0,2026-03,2026-03-18,18
TBR,315/80R22.5JUC4,115323182C018LUC40,38.0,2026-03,2026-03-18,18
TBR,8.25R20JDE++,1121182020016KDEP0,169.0,2026-03,2026-03-18,18
TBR,8.25R20JUH5,1122182020016KUH50,97.0,2026-03,2026-03-18,18
TBR,9.00 R 20 JDE++,1121190020016KDEP0,21.0,2026-03,2026-03-18,18
TBR,9.00 R 20 JUH5,1122190020016KUH50,50.0,2026-03,2026-03-18,18
TBR,GT 5055 - 295/80R22.5 JUC XM,115322982C016MJXM0,46.0,2026-03,2026-03-18,18
TBR,GT 5075 - 295/90R20 JUH XF,1122129A20152JULF0,140.0,2026-03,2026-03-18,18
TBR,GT 5076 - 295/90R20 JDE XF,1121129A20152JDLF0,215.0,2026-03,2026-03-18,18
TBR,GT 5078 - 295/80R22.5 JUX E,112222982C016JUXE0,76.0,2026-03,2026-03-18,18
TBR,GT 5079 - 255/70R22.5 JUX E,112222562C016MUXE0,137.0,2026-03,2026-03-18,18
TBR,GT 5083 - 295/80R22.5 JUM XM,112222982C016MJXM0,336.0,2026-03,2026-03-18,18
TBR,GT 5095 - 11.00R20 JUC3,1123111020016KJC30,53.0,2026-03,2026-03-18,18
TBR,GT 5096 - 11.00R20 JDC XD,1121111020016KCXD0,204.0,2026-03,2026-03-18,18
TBR,GT 5114 - 315/80R22.5 JDC XD,115123182C020KCXD0,8.0,2026-03,2026-03-18,18
TBR,GT 5115 - 295/80R22.5 JW305,112322982C016M3061,40.0,2026-03,2026-03-18,18
TBR,10.00 R 20 JUH3+,1122110020016KH3P0,359.0,2026-03,2026-03-19,19
TBR,10.00 R 20 JUH5,1122110020016KUH50,230.0,2026-03,2026-03-19,19
TBR,10.00R 20 JW302,1123129A20152JUCM0,126.0,2026-03,2026-03-19,19
TBR,11.00R20 JUH5,1122111020016KUH50,167.0,2026-03,2026-03-19,19
TBR,11.00R20JDE++,1121111020016KDEP0,154.0,2026-03,2026-03-19,19
TBR,11R22.5 JUL2+,115221102C016LL2P0,6.0,2026-03,2026-03-19,19
TBR,255/70R22.5JTH1,115222562C016MTH10,106.0,2026-03,2026-03-19,19
TBR,295/80R22.5JUL1,112222982C016MJUM0,184.0,2026-03,2026-03-19,19
TBR,315/70R22.5JDL3,115123162C018LDL30,56.0,2026-03,2026-03-19,19
TBR,315/80R22.5JUC4,115323182C018LUC40,46.0,2026-03,2026-03-19,19
TBR,8.25R20JDE++,1121182020016KDEP0,226.0,2026-03,2026-03-19,19
TBR,8.25R20JUH5,1122182020016KUH50,130.0,2026-03,2026-03-19,19
TBR,9.00 R 20 JDE++,1121190020016KDEP0,69.0,2026-03,2026-03-19,19
TBR,9.00 R 20 JUH3,1122190020014KJH30,34.0,2026-03,2026-03-19,19
TBR,9.00 R 20 JUH5,1122190020016KUH50,14.0,2026-03,2026-03-19,19
TBR,GT 5055 - 295/80R22.5 JUC XM,115322982C016MJXM0,26.0,2026-03,2026-03-19,19
TBR,GT 5075 - 295/90R20 JUH XF,1122129A20152JULF0,176.0,2026-03,2026-03-19,19
TBR,GT 5076 - 295/90R20 JDE XF,1121129A20152JDLF0,211.0,2026-03,2026-03-19,19
TBR,GT 5078 - 295/80R22.5 JUX E,112222982C016JUXE0,84.0,2026-03,2026-03-19,19
TBR,GT 5079 - 255/70R22.5 JUX E,112222562C016MUXE0,106.0,2026-03,2026-03-19,19
TBR,GT 5083 - 295/80R22.5 JUM XM,112222982C016MJXM0,307.0,2026-03,2026-03-19,19
TBR,GT 5095 - 11.00R20 JUC3,1123111020016KJC30,79.0,2026-03,2026-03-19,19
TBR,GT 5096 - 11.00R20 JDC XD,1121111020016KCXD0,216.0,2026-03,2026-03-19,19
TBR,GT 5102 - 295/80R22.5 JDL XM DOM,112122982C016MJXM0,42.0,2026-03,2026-03-19,19
TBR,GT 5115 - 295/80R22.5 JW305,112322982C016M3061,44.0,2026-03,2026-03-19,19
TBR,10.00 R 20 JUH3+,1122110020016KH3P0,398.0,2026-03,2026-03-20,20
TBR,10.00 R 20 JUH5,1122110020016KUH50,277.0,2026-03,2026-03-20,20
TBR,10.00R 20 JW302,1123129A20152JUCM0,122.0,2026-03,2026-03-20,20
TBR,11.00R20 JUH5,1122111020016KUH50,139.0,2026-03,2026-03-20,20
TBR,11.00R20JDE++,1121111020016KDEP0,140.0,2026-03,2026-03-20,20
TBR,11R22.5 JUL2+,115221102C016LL2P0,48.0,2026-03,2026-03-20,20
TBR,255/70R22.5JTH1,115222562C016MTH10,32.0,2026-03,2026-03-20,20
TBR,295/80R22.5JDC3,115122982C016KDC30,22.0,2026-03,2026-03-20,20
TBR,295/80R22.5JUL1,112222982C016MJUM0,186.0,2026-03,2026-03-20,20
TBR,315/70R22.5JDL3,115123162C018LDL30,35.0,2026-03,2026-03-20,20
TBR,315/80R22.5JUC4,115323182C018LUC40,48.0,2026-03,2026-03-20,20
TBR,8.25R20JDE++,1121182020016KDEP0,243.0,2026-03,2026-03-20,20
TBR,8.25R20JUH5,1122182020016KUH50,144.0,2026-03,2026-03-20,20
TBR,9.00 R 20 JDE++,1121190020016KDEP0,76.0,2026-03,2026-03-20,20
TBR,GT 5055 - 295/80R22.5 JUC XM,115322982C016MJXM0,42.0,2026-03,2026-03-20,20
TBR,GT 5075 - 295/90R20 JUH XF,1122129A20152JULF0,86.0,2026-03,2026-03-20,20
TBR,GT 5076 - 295/90R20 JDE XF,1121129A20152JDLF0,166.0,2026-03,2026-03-20,20
TBR,GT 5078 - 295/80R22.5 JUX E,112222982C016JUXE0,91.0,2026-03,2026-03-20,20
TBR,GT 5079 - 255/70R22.5 JUX E,112222562C016MUXE0,130.0,2026-03,2026-03-20,20
TBR,GT 5083 - 295/80R22.5 JUM XM,112222982C016MJXM0,298.0,2026-03,2026-03-20,20
TBR,GT 5093 - 11R22.5 CUC2,115321102C016LUC2C,2.0,2026-03,2026-03-20,20
TBR,GT 5095 - 11.00R20 JUC3,1123111020016KJC30,80.0,2026-03,2026-03-20,20
TBR,GT 5096 - 11.00R20 JDC XD,1121111020016KCXD0,148.0,2026-03,2026-03-20,20
TBR,GT 5102 - 295/80R22.5 JDL XM DOM,112122982C016MJXM0,38.0,2026-03,2026-03-20,20
TBR,GT 5115 - 295/80R22.5 JW305,112322982C016M3061,48.0,2026-03,2026-03-20,20
TBR,10.00 R 20 JUH3+,1122110020016KH3P0,375.0,2026-03,2026-03-21,21
TBR,10.00 R 20 JUH5,1122110020016KUH50,281.0,2026-03,2026-03-21,21
TBR,10.00R 20 JW302,1123129A20152JUCM0,140.0,2026-03,2026-03-21,21
TBR,11.00R20 JUH5,1122111020016KUH50,136.0,2026-03,2026-03-21,21
TBR,11.00R20JDE++,1121111020016KDEP0,133.0,2026-03,2026-03-21,21
TBR,11R22.5 JUL2+,115221102C016LL2P0,28.0,2026-03,2026-03-21,21
TBR,11R22.5JUX,115221102C016JJUX0,16.0,2026-03,2026-03-21,21
TBR,255/70R22.5JTH1,115222562C016MTH10,98.0,2026-03,2026-03-21,21
TBR,295/80R22.5JDC3,115122982C016KDC30,36.0,2026-03,2026-03-21,21
TBR,295/80R22.5JUL1,112222982C016MJUM0,181.0,2026-03,2026-03-21,21
TBR,315/80R22.5JUC4,115323182C018LUC40,38.0,2026-03,2026-03-21,21
TBR,8.25R20JDE++,1121182020016KDEP0,210.0,2026-03,2026-03-21,21
TBR,8.25R20JUH5,1122182020016KUH50,147.0,2026-03,2026-03-21,21
TBR,9.00 R 20 JDE++,1121190020016KDEP0,98.0,2026-03,2026-03-21,21
TBR,9.00 R 20 JUH5,1122190020016KUH50,42.0,2026-03,2026-03-21,21
TBR,GT 5055 - 295/80R22.5 JUC XM,115322982C016MJXM0,46.0,2026-03,2026-03-21,21
TBR,GT 5075 - 295/90R20 JUH XF,1122129A20152JULF0,172.0,2026-03,2026-03-21,21
TBR,GT 5076 - 295/90R20 JDE XF,1121129A20152JDLF0,206.0,2026-03,2026-03-21,21
TBR,GT 5078 - 295/80R22.5 JUX E,112222982C016JUXE0,50.0,2026-03,2026-03-21,21
TBR,GT 5079 - 255/70R22.5 JUX E,112222562C016MUXE0,94.0,2026-03,2026-03-21,21
TBR,GT 5083 - 295/80R22.5 JUM XM,112222982C016MJXM0,202.0,2026-03,2026-03-21,21
TBR,GT 5085 - 295/60R22.5 JDL3,115122942C018LDL30,30.0,2026-03,2026-03-21,21
TBR,GT 5093 - 11R22.5 CUC2,115321102C016LUC2C,40.0,2026-03,2026-03-21,21
TBR,GT 5095 - 11.00R20 JUC3,1123111020016KJC30,74.0,2026-03,2026-03-21,21
TBR,GT 5096 - 11.00R20 JDC XD,1121111020016KCXD0,186.0,2026-03,2026-03-21,21
TBR,GT 5102 - 295/80R22.5 JDL XM DOM,112122982C016MJXM0,44.0,2026-03,2026-03-21,21
TBR,GT 5115 - 295/80R22.5 JW305,112322982C016M3061,22.0,2026-03,2026-03-21,21
TBR,10.00 R 20 JUH3+,1122110020016KH3P0,342.0,2026-03,2026-03-22,22
TBR,10.00 R 20 JUH5,1122110020016KUH50,239.0,2026-03,2026-03-22,22
TBR,10.00R 20 JW302,1123129A20152JUCM0,50.0,2026-03,2026-03-22,22
TBR,11.00R20 JUH5,1122111020016KUH50,186.0,2026-03,2026-03-22,22
TBR,11.00R20JDE++,1121111020016KDEP0,170.0,2026-03,2026-03-22,22
TBR,11R22.5 JUL2+,115221102C016LL2P0,47.0,2026-03,2026-03-22,22
TBR,11R22.5JUX,115221102C016JJUX0,44.0,2026-03,2026-03-22,22
TBR,255/70R22.5JTH1,115222562C016MTH10,46.0,2026-03,2026-03-22,22
TBR,295/80R22.5JDC3,115122982C016KDC30,32.0,2026-03,2026-03-22,22
TBR,295/80R22.5JUL1,112222982C016MJUM0,161.0,2026-03,2026-03-22,22
TBR,315/80R22.5JUC4,115323182C018LUC40,41.0,2026-03,2026-03-22,22
TBR,8.25R20JDE++,1121182020016KDEP0,201.0,2026-03,2026-03-22,22
TBR,8.25R20JUH5,1122182020016KUH50,209.0,2026-03,2026-03-22,22
TBR,9.00 R 20 JDE++,1121190020016KDEP0,12.0,2026-03,2026-03-22,22
TBR,9.00 R 20 JUH5,1122190020016KUH50,29.0,2026-03,2026-03-22,22
TBR,GT 5055 - 295/80R22.5 JUC XM,115322982C016MJXM0,34.0,2026-03,2026-03-22,22
TBR,GT 5075 - 295/90R20 JUH XF,1122129A20152JULF0,150.0,2026-03,2026-03-22,22
TBR,GT 5076 - 295/90R20 JDE XF,1121129A20152JDLF0,243.0,2026-03,2026-03-22,22
TBR,GT 5078 - 295/80R22.5 JUX E,112222982C016JUXE0,86.0,2026-03,2026-03-22,22
TBR,GT 5079 - 255/70R22.5 JUX E,112222562C016MUXE0,128.0,2026-03,2026-03-22,22
TBR,GT 5083 - 295/80R22.5 JUM XM,112222982C016MJXM0,222.0,2026-03,2026-03-22,22
TBR,GT 5085 - 295/60R22.5 JDL3,115122942C018LDL30,36.0,2026-03,2026-03-22,22
TBR,GT 5093 - 11R22.5 CUC2,115321102C016LUC2C,25.0,2026-03,2026-03-22,22
TBR,GT 5095 - 11.00R20 JUC3,1123111020016KJC30,86.0,2026-03,2026-03-22,22
TBR,GT 5096 - 11.00R20 JDC XD,1121111020016KCXD0,194.0,2026-03,2026-03-22,22
TBR,GT 5102 - 295/80R22.5 JDL XM DOM,112122982C016MJXM0,38.0,2026-03,2026-03-22,22
TBR,GT 5115 - 295/80R22.5 JW305,112322982C016M3061,42.0,2026-03,2026-03-22,22
TBR,10.00 R 20 JUH3+,1122110020016KH3P0,412.0,2026-03,2026-03-23,23
TBR,10.00 R 20 JUH5,1122110020016KUH50,234.0,2026-03,2026-03-23,23
TBR,10.00R 20 JW302,1123129A20152JUCM0,137.0,2026-03,2026-03-23,23
TBR,11.00R20 JUH5,1122111020016KUH50,123.0,2026-03,2026-03-23,23
TBR,11.00R20JDE++,1121111020016KDEP0,154.0,2026-03,2026-03-23,23
TBR,11R22.5 JUL2+,115221102C016LL2P0,26.0,2026-03,2026-03-23,23
TBR,11R22.5JUHE,115221102C016LJUH0,30.0,2026-03,2026-03-23,23
TBR,11R22.5JUX,115221102C016JJUX0,24.0,2026-03,2026-03-23,23
TBR,255/70R22.5JTH1,115222562C016MTH10,106.0,2026-03,2026-03-23,23
TBR,295/80R22.5JDC3,115122982C016KDC30,46.0,2026-03,2026-03-23,23
TBR,295/80R22.5JUL1,112222982C016MJUM0,149.0,2026-03,2026-03-23,23
TBR,315/80R22.5JUC4,115323182C018LUC40,44.0,2026-03,2026-03-23,23
TBR,8.25R20JDE++,1121182020016KDEP0,150.0,2026-03,2026-03-23,23
TBR,8.25R20JUH5,1122182020016KUH50,97.0,2026-03,2026-03-23,23
TBR,9.00 R 20 JDE++,1121190020016KDEP0,70.0,2026-03,2026-03-23,23
TBR,9.00 R 20 JUH5,1122190020016KUH50,43.0,2026-03,2026-03-23,23
TBR,GT 5055 - 295/80R22.5 JUC XM,115322982C016MJXM0,48.0,2026-03,2026-03-23,23
TBR,GT 5075 - 295/90R20 JUH XF,1122129A20152JULF0,148.0,2026-03,2026-03-23,23
TBR,GT 5076 - 295/90R20 JDE XF,1121129A20152JDLF0,182.0,2026-03,2026-03-23,23
TBR,GT 5078 - 295/80R22.5 JUX E,112222982C016JUXE0,76.0,2026-03,2026-03-23,23
TBR,GT 5079 - 255/70R22.5 JUX E,112222562C016MUXE0,78.0,2026-03,2026-03-23,23
TBR,GT 5083 - 295/80R22.5 JUM XM,112222982C016MJXM0,240.0,2026-03,2026-03-23,23
TBR,GT 5085 - 295/60R22.5 JDL3,115122942C018LDL30,40.0,2026-03,2026-03-23,23
TBR,GT 5093 - 11R22.5 CUC2,115321102C016LUC2C,45.0,2026-03,2026-03-23,23
TBR,GT 5095 - 11.00R20 JUC3,1123111020016KJC30,86.0,2026-03,2026-03-23,23
TBR,GT 5096 - 11.00R20 JDC XD,1121111020016KCXD0,228.0,2026-03,2026-03-23,23
TBR,GT 5098 - 275/90R20 JDE XF,1121127A20149KDEF0,12.0,2026-03,2026-03-23,23
TBR,GT 5099 - 275/90R20 JUH XF,1122127A20149KUHF0,6.0,2026-03,2026-03-23,23
TBR,GT 5102 - 295/80R22.5 JDL XM DOM,112122982C016MJXM0,44.0,2026-03,2026-03-23,23
TBR,GT 5115 - 295/80R22.5 JW305,112322982C016M3061,14.0,2026-03,2026-03-23,23
TBR,10.00 R 20 JUH3+,1122110020016KH3P0,363.0,2026-03,2026-03-24,24
TBR,10.00 R 20 JUH5,1122110020016KUH50,269.0,2026-03,2026-03-24,24
TBR,10.00R 20 JW302,1123129A20152JUCM0,124.0,2026-03,2026-03-24,24
TBR,11.00R20 JUH5,1122111020016KUH50,133.0,2026-03,2026-03-24,24
TBR,11.00R20JDE++,1121111020016KDEP0,144.0,2026-03,2026-03-24,24
TBR,11R22.5 JUL2+,115221102C016LL2P0,40.0,2026-03,2026-03-24,24
TBR,11R22.5JUHE,115221102C016LJUH0,20.0,2026-03,2026-03-24,24
TBR,11R22.5JUX,115221102C016JJUX0,48.0,2026-03,2026-03-24,24
TBR,255/70R22.5JTH1,115222562C016MTH10,80.0,2026-03,2026-03-24,24
TBR,295/80R22.5JDC3,115122982C016KDC30,44.0,2026-03,2026-03-24,24
TBR,295/80R22.5JUL1,112222982C016MJUM0,134.0,2026-03,2026-03-24,24
TBR,315/80R22.5JUC4,115323182C018LUC40,39.0,2026-03,2026-03-24,24
TBR,8.25R20JDE++,1121182020016KDEP0,156.0,2026-03,2026-03-24,24
TBR,8.25R20JUH5,1122182020016KUH50,156.0,2026-03,2026-03-24,24
TBR,9.00 R 20 JDE++,1121190020016KDEP0,92.0,2026-03,2026-03-24,24
TBR,9.00 R 20 JUH5,1122190020016KUH50,24.0,2026-03,2026-03-24,24
TBR,GT 5055 - 295/80R22.5 JUC XM,115322982C016MJXM0,22.0,2026-03,2026-03-24,24
TBR,GT 5075 - 295/90R20 JUH XF,1122129A20152JULF0,180.0,2026-03,2026-03-24,24
TBR,GT 5076 - 295/90R20 JDE XF,1121129A20152JDLF0,180.0,2026-03,2026-03-24,24
TBR,GT 5078 - 295/80R22.5 JUX E,112222982C016JUXE0,80.0,2026-03,2026-03-24,24
TBR,GT 5079 - 255/70R22.5 JUX E,112222562C016MUXE0,106.0,2026-03,2026-03-24,24
TBR,GT 5083 - 295/80R22.5 JUM XM,112222982C016MJXM0,228.0,2026-03,2026-03-24,24
TBR,GT 5085 - 295/60R22.5 JDL3,115122942C018LDL30,27.0,2026-03,2026-03-24,24
TBR,GT 5093 - 11R22.5 CUC2,115321102C016LUC2C,38.0,2026-03,2026-03-24,24
TBR,GT 5095 - 11.00R20 JUC3,1123111020016KJC30,92.0,2026-03,2026-03-24,24
TBR,GT 5096 - 11.00R20 JDC XD,1121111020016KCXD0,184.0,2026-03,2026-03-24,24
TBR,GT 5098 - 275/90R20 JDE XF,1121127A20149KDEF0,50.0,2026-03,2026-03-24,24
TBR,GT 5099 - 275/90R20 JUH XF,1122127A20149KUHF0,44.0,2026-03,2026-03-24,24
TBR,GT 5102 - 295/80R22.5 JDL XM DOM,112122982C016MJXM0,34.0,2026-03,2026-03-24,24
TBR,GT 5115 - 295/80R22.5 JW305,112322982C016M3061,46.0,2026-03,2026-03-24,24
TBR,10.00 R 20 JUH3+,1122110020016KH3P0,371.0,2026-03,2026-03-25,25
TBR,10.00 R 20 JUH5,1122110020016KUH50,220.0,2026-03,2026-03-25,25
TBR,10.00R 20 JW302,1123129A20152JUCM0,98.0,2026-03,2026-03-25,25
TBR,11.00R20 JUH5,1122111020016KUH50,186.0,2026-03,2026-03-25,25
TBR,11.00R20JDE++,1121111020016KDEP0,158.0,2026-03,2026-03-25,25
TBR,11R22.5 JUL2+,115221102C016LL2P0,36.0,2026-03,2026-03-25,25
TBR,11R22.5JUHE,115221102C016LJUH0,52.0,2026-03,2026-03-25,25
TBR,11R22.5JUX,115221102C016JJUX0,26.0,2026-03,2026-03-25,25
TBR,255/70R22.5JTH1,115222562C016MTH10,92.0,2026-03,2026-03-25,25
TBR,295/80R22.5JDC3,115122982C016KDC30,18.0,2026-03,2026-03-25,25
TBR,295/80R22.5JUL1,112222982C016MJUM0,114.0,2026-03,2026-03-25,25
TBR,315/80R22.5JUC4,115323182C018LUC40,44.0,2026-03,2026-03-25,25
TBR,8.25R20JDE++,1121182020016KDEP0,208.0,2026-03,2026-03-25,25
TBR,8.25R20JUH5,1122182020016KUH50,160.0,2026-03,2026-03-25,25
TBR,9.00 R 20 JDE++,1121190020016KDEP0,62.0,2026-03,2026-03-25,25
TBR,9.00 R 20 JUH5,1122190020016KUH50,20.0,2026-03,2026-03-25,25
TBR,GT 5055 - 295/80R22.5 JUC XM,115322982C016MJXM0,92.0,2026-03,2026-03-25,25
TBR,GT 5075 - 295/90R20 JUH XF,1122129A20152JULF0,70.0,2026-03,2026-03-25,25
TBR,GT 5076 - 295/90R20 JDE XF,1121129A20152JDLF0,230.0,2026-03,2026-03-25,25
TBR,GT 5078 - 295/80R22.5 JUX E,112222982C016JUXE0,86.0,2026-03,2026-03-25,25
TBR,GT 5079 - 255/70R22.5 JUX E,112222562C016MUXE0,86.0,2026-03,2026-03-25,25
TBR,GT 5083 - 295/80R22.5 JUM XM,112222982C016MJXM0,172.0,2026-03,2026-03-25,25
TBR,GT 5085 - 295/60R22.5 JDL3,115122942C018LDL30,34.0,2026-03,2026-03-25,25
TBR,GT 5093 - 11R22.5 CUC2,115321102C016LUC2C,28.0,2026-03,2026-03-25,25
TBR,GT 5095 - 11.00R20 JUC3,1123111020016KJC30,68.0,2026-03,2026-03-25,25
TBR,GT 5096 - 11.00R20 JDC XD,1121111020016KCXD0,218.0,2026-03,2026-03-25,25
TBR,GT 5098 - 275/90R20 JDE XF,1121127A20149KDEF0,23.0,2026-03,2026-03-25,25
TBR,GT 5099 - 275/90R20 JUH XF,1122127A20149KUHF0,24.0,2026-03,2026-03-25,25
TBR,GT 5102 - 295/80R22.5 JDL XM DOM,112122982C016MJXM0,32.0,2026-03,2026-03-25,25
TBR,GT 5115 - 295/80R22.5 JW305,112322982C016M3061,30.0,2026-03,2026-03-25,25
TBR,10.00 R 20 JUH3+,1122110020016KH3P0,357.0,2026-03,2026-03-26,26
TBR,10.00 R 20 JUH5,1122110020016KUH50,241.0,2026-03,2026-03-26,26
TBR,10.00R 20 JW302,1123129A20152JUCM0,136.0,2026-03,2026-03-26,26
TBR,11.00R20 JUH5,1122111020016KUH50,185.0,2026-03,2026-03-26,26
TBR,11.00R20JDE++,1121111020016KDEP0,162.0,2026-03,2026-03-26,26
TBR,11R22.5 JUL2+,115221102C016LL2P0,40.0,2026-03,2026-03-26,26
TBR,11R22.5JUHE,115221102C016LJUH0,32.0,2026-03,2026-03-26,26
TBR,11R22.5JUX,115221102C016JJUX0,44.0,2026-03,2026-03-26,26
TBR,255/70R22.5JTH1,115222562C016MTH10,94.0,2026-03,2026-03-26,26
TBR,295/80R22.5JDC3,115122982C016KDC30,38.0,2026-03,2026-03-26,26
TBR,295/80R22.5JDL,112122982C016MJDL0,6.0,2026-03,2026-03-26,26
TBR,295/80R22.5JUL1,112222982C016MJUM0,90.0,2026-03,2026-03-26,26
TBR,315/80R22.5JUC4,115323182C018LUC40,36.0,2026-03,2026-03-26,26
TBR,8.25R20JDE++,1121182020016KDEP0,190.0,2026-03,2026-03-26,26
TBR,8.25R20JUH5,1122182020016KUH50,134.0,2026-03,2026-03-26,26
TBR,9.00 R 20 JDE++,1121190020016KDEP0,68.0,2026-03,2026-03-26,26
TBR,GT 5055 - 295/80R22.5 JUC XM,115322982C016MJXM0,80.0,2026-03,2026-03-26,26
TBR,GT 5075 - 295/90R20 JUH XF,1122129A20152JULF0,186.0,2026-03,2026-03-26,26
TBR,GT 5076 - 295/90R20 JDE XF,1121129A20152JDLF0,199.0,2026-03,2026-03-26,26
TBR,GT 5078 - 295/80R22.5 JUX E,112222982C016JUXE0,82.0,2026-03,2026-03-26,26
TBR,GT 5079 - 255/70R22.5 JUX E,112222562C016MUXE0,78.0,2026-03,2026-03-26,26
TBR,GT 5083 - 295/80R22.5 JUM XM,112222982C016MJXM0,180.0,2026-03,2026-03-26,26
TBR,GT 5085 - 295/60R22.5 JDL3,115122942C018LDL30,17.0,2026-03,2026-03-26,26
TBR,GT 5093 - 11R22.5 CUC2,115321102C016LUC2C,44.0,2026-03,2026-03-26,26
TBR,GT 5095 - 11.00R20 JUC3,1123111020016KJC30,54.0,2026-03,2026-03-26,26
TBR,GT 5096 - 11.00R20 JDC XD,1121111020016KCXD0,193.0,2026-03,2026-03-26,26
TBR,GT 5098 - 275/90R20 JDE XF,1121127A20149KDEF0,48.0,2026-03,2026-03-26,26
TBR,GT 5099 - 275/90R20 JUH XF,1122127A20149KUHF0,44.0,2026-03,2026-03-26,26
TBR,GT 5102 - 295/80R22.5 JDL XM DOM,112122982C016MJXM0,30.0,2026-03,2026-03-26,26
TBR,GT 5115 - 295/80R22.5 JW305,112322982C016M3061,35.0,2026-03,2026-03-26,26
TBR,10.00 R 20 JUH3+,1122110020016KH3P0,296.0,2026-03,2026-03-27,27
TBR,10.00 R 20 JUH5,1122110020016KUH50,225.0,2026-03,2026-03-27,27
TBR,10.00R 20 JW302,1123129A20152JUCM0,116.0,2026-03,2026-03-27,27
TBR,11.00R20 JUH5,1122111020016KUH50,153.0,2026-03,2026-03-27,27
TBR,11.00R20JDE++,1121111020016KDEP0,198.0,2026-03,2026-03-27,27
TBR,11R22.5 JUL2+,115221102C016LL2P0,46.0,2026-03,2026-03-27,27
TBR,11R22.5JUHE,115221102C016LJUH0,56.0,2026-03,2026-03-27,27
TBR,11R22.5JUX,115221102C016JJUX0,47.0,2026-03,2026-03-27,27
TBR,255/70R22.5JTH1,115222562C016MTH10,98.0,2026-03,2026-03-27,27
TBR,295/80R22.5JDC3,115122982C016KDC30,46.0,2026-03,2026-03-27,27
TBR,295/80R22.5JDL,112122982C016MJDL0,40.0,2026-03,2026-03-27,27
TBR,295/80R22.5JUL1,112222982C016MJUM0,89.0,2026-03,2026-03-27,27
TBR,315/80R22.5JUC4,115323182C018LUC40,42.0,2026-03,2026-03-27,27
TBR,8.25R20JDE++,1121182020016KDEP0,175.0,2026-03,2026-03-27,27
TBR,8.25R20JUH5,1122182020016KUH50,126.0,2026-03,2026-03-27,27
TBR,9.00 R 20 JDE++,1121190020016KDEP0,82.0,2026-03,2026-03-27,27
TBR,9.00 R 20 JUH5,1122190020016KUH50,54.0,2026-03,2026-03-27,27
TBR,GT 5055 - 295/80R22.5 JUC XM,115322982C016MJXM0,90.0,2026-03,2026-03-27,27
TBR,GT 5075 - 295/90R20 JUH XF,1122129A20152JULF0,188.0,2026-03,2026-03-27,27
TBR,GT 5076 - 295/90R20 JDE XF,1121129A20152JDLF0,195.0,2026-03,2026-03-27,27
TBR,GT 5078 - 295/80R22.5 JUX E,112222982C016JUXE0,92.0,2026-03,2026-03-27,27
TBR,GT 5079 - 255/70R22.5 JUX E,112222562C016MUXE0,80.0,2026-03,2026-03-27,27
TBR,GT 5083 - 295/80R22.5 JUM XM,112222982C016MJXM0,152.0,2026-03,2026-03-27,27
TBR,GT 5085 - 295/60R22.5 JDL3,115122942C018LDL30,50.0,2026-03,2026-03-27,27
TBR,GT 5093 - 11R22.5 CUC2,115321102C016LUC2C,42.0,2026-03,2026-03-27,27
TBR,GT 5095 - 11.00R20 JUC3,1123111020016KJC30,74.0,2026-03,2026-03-27,27
TBR,GT 5096 - 11.00R20 JDC XD,1121111020016KCXD0,170.0,2026-03,2026-03-27,27
TBR,GT 5098 - 275/90R20 JDE XF,1121127A20149KDEF0,32.0,2026-03,2026-03-27,27
TBR,GT 5099 - 275/90R20 JUH XF,1122127A20149KUHF0,20.0,2026-03,2026-03-27,27
TBR,GT 5102 - 295/80R22.5 JDL XM DOM,112122982C016MJXM0,40.0,2026-03,2026-03-27,27
TBR,10.00 R 20 JUH3+,1122110020016KH3P0,257.0,2026-03,2026-03-28,28
TBR,10.00 R 20 JUH5,1122110020016KUH50,227.0,2026-03,2026-03-28,28
TBR,10.00R 20 JW302,1123129A20152JUCM0,68.0,2026-03,2026-03-28,28
TBR,11.00R20 JUH5,1122111020016KUH50,172.0,2026-03,2026-03-28,28
TBR,11.00R20JDE++,1121111020016KDEP0,122.0,2026-03,2026-03-28,28
TBR,11R22.5 JUL2+,115221102C016LL2P0,46.0,2026-03,2026-03-28,28
TBR,11R22.5JUHE,115221102C016LJUH0,36.0,2026-03,2026-03-28,28
TBR,11R22.5JUX,115221102C016JJUX0,33.0,2026-03,2026-03-28,28
TBR,255/70R22.5JTH1,115222562C016MTH10,100.0,2026-03,2026-03-28,28
TBR,295/80R22.5JDC3,115122982C016KDC30,46.0,2026-03,2026-03-28,28
TBR,295/80R22.5JDL,112122982C016MJDL0,42.0,2026-03,2026-03-28,28
TBR,295/80R22.5JUL1,112222982C016MJUM0,82.0,2026-03,2026-03-28,28
TBR,315/80R22.5JUC4,115323182C018LUC40,58.0,2026-03,2026-03-28,28
TBR,8.25R20JDE++,1121182020016KDEP0,151.0,2026-03,2026-03-28,28
TBR,8.25R20JUH5,1122182020016KUH50,102.0,2026-03,2026-03-28,28
TBR,9.00 R 20 JDE++,1121190020016KDEP0,34.0,2026-03,2026-03-28,28
TBR,9.00 R 20 JUH5,1122190020016KUH50,26.0,2026-03,2026-03-28,28
TBR,GT 5055 - 295/80R22.5 JUC XM,115322982C016MJXM0,80.0,2026-03,2026-03-28,28
TBR,GT 5075 - 295/90R20 JUH XF,1122129A20152JULF0,194.0,2026-03,2026-03-28,28
TBR,GT 5076 - 295/90R20 JDE XF,1121129A20152JDLF0,237.0,2026-03,2026-03-28,28
TBR,GT 5078 - 295/80R22.5 JUX E,112222982C016JUXE0,88.0,2026-03,2026-03-28,28
TBR,GT 5079 - 255/70R22.5 JUX E,112222562C016MUXE0,106.0,2026-03,2026-03-28,28
TBR,GT 5083 - 295/80R22.5 JUM XM,112222982C016MJXM0,176.0,2026-03,2026-03-28,28
TBR,GT 5085 - 295/60R22.5 JDL3,115122942C018LDL30,2.0,2026-03,2026-03-28,28
TBR,GT 5093 - 11R22.5 CUC2,115321102C016LUC2C,36.0,2026-03,2026-03-28,28
TBR,GT 5095 - 11.00R20 JUC3,1123111020016KJC30,52.0,2026-03,2026-03-28,28
TBR,GT 5096 - 11.00R20 JDC XD,1121111020016KCXD0,160.0,2026-03,2026-03-28,28
TBR,GT 5098 - 275/90R20 JDE XF,1121127A20149KDEF0,48.0,2026-03,2026-03-28,28
TBR,GT 5099 - 275/90R20 JUH XF,1122127A20149KUHF0,40.0,2026-03,2026-03-28,28
TBR,GT 5102 - 295/80R22.5 JDL XM DOM,112122982C016MJXM0,44.0,2026-03,2026-03-28,28
TBR,10.00 R 20 JUH3+,1122110020016KH3P0,196.0,2026-03,2026-03-29,29
TBR,10.00 R 20 JUH5,1122110020016KUH50,136.0,2026-03,2026-03-29,29
TBR,10.00R 20 JW302,1123129A20152JUCM0,28.0,2026-03,2026-03-29,29
TBR,11.00R20 JUH5,1122111020016KUH50,142.0,2026-03,2026-03-29,29
TBR,11.00R20JDE++,1121111020016KDEP0,126.0,2026-03,2026-03-29,29
TBR,11R22.5 JUL2+,115221102C016LL2P0,48.0,2026-03,2026-03-29,29
TBR,11R22.5JUHE,115221102C016LJUH0,36.0,2026-03,2026-03-29,29
TBR,11R22.5JUX,115221102C016JJUX0,42.0,2026-03,2026-03-29,29
TBR,255/70R22.5JTH1,115222562C016MTH10,104.0,2026-03,2026-03-29,29
TBR,295/80R22.5JDC3,115122982C016KDC30,44.0,2026-03,2026-03-29,29
TBR,295/80R22.5JDL,112122982C016MJDL0,48.0,2026-03,2026-03-29,29
TBR,295/80R22.5JUL1,112222982C016MJUM0,68.0,2026-03,2026-03-29,29
TBR,315/80R22.5JUC4,115323182C018LUC40,20.0,2026-03,2026-03-29,29
TBR,8.25R20JDE++,1121182020016KDEP0,46.0,2026-03,2026-03-29,29
TBR,8.25R20JUH5,1122182020016KUH50,83.0,2026-03,2026-03-29,29
TBR,9.00 R 20 JDE++,1121190020016KDEP0,78.0,2026-03,2026-03-29,29
TBR,9.00 R 20 JUH5,1122190020016KUH50,40.0,2026-03,2026-03-29,29
TBR,GT 5055 - 295/80R22.5 JUC XM,115322982C016MJXM0,92.0,2026-03,2026-03-29,29
TBR,GT 5075 - 295/90R20 JUH XF,1122129A20152JULF0,54.0,2026-03,2026-03-29,29
TBR,GT 5076 - 295/90R20 JDE XF,1121129A20152JDLF0,258.0,2026-03,2026-03-29,29
TBR,GT 5078 - 295/80R22.5 JUX E,112222982C016JUXE0,56.0,2026-03,2026-03-29,29
TBR,GT 5079 - 255/70R22.5 JUX E,112222562C016MUXE0,118.0,2026-03,2026-03-29,29
TBR,GT 5083 - 295/80R22.5 JUM XM,112222982C016MJXM0,70.0,2026-03,2026-03-29,29
TBR,GT 5085 - 295/60R22.5 JDL3,115122942C018LDL30,22.0,2026-03,2026-03-29,29
TBR,GT 5093 - 11R22.5 CUC2,115321102C016LUC2C,36.0,2026-03,2026-03-29,29
TBR,GT 5095 - 11.00R20 JUC3,1123111020016KJC30,26.0,2026-03,2026-03-29,29
TBR,GT 5096 - 11.00R20 JDC XD,1121111020016KCXD0,54.0,2026-03,2026-03-29,29
TBR,GT 5098 - 275/90R20 JDE XF,1121127A20149KDEF0,36.0,2026-03,2026-03-29,29
TBR,GT 5099 - 275/90R20 JUH XF,1122127A20149KUHF0,44.0,2026-03,2026-03-29,29
TBR,GT 5102 - 295/80R22.5 JDL XM DOM,112122982C016MJXM0,54.0,2026-03,2026-03-29,29
TBR,10.00 R 20 JUH3+,1122110020016KH3P0,140.0,2026-03,2026-03-30,30
TBR,10.00 R 20 JUH5,1122110020016KUH50,257.0,2026-03,2026-03-30,30
TBR,10.00R 20 JW302,1123129A20152JUCM0,118.0,2026-03,2026-03-30,30
TBR,11.00R20 JUH5,1122111020016KUH50,132.0,2026-03,2026-03-30,30
TBR,11.00R20JDE++,1121111020016KDEP0,162.0,2026-03,2026-03-30,30
TBR,11R22.5 JUL2+,115221102C016LL2P0,40.0,2026-03,2026-03-30,30
TBR,11R22.5JUHE,115221102C016LJUH0,38.0,2026-03,2026-03-30,30
TBR,11R22.5JUX,115221102C016JJUX0,44.0,2026-03,2026-03-30,30
TBR,255/70R22.5JTH1,115222562C016MTH10,104.0,2026-03,2026-03-30,30
TBR,295/80R22.5JDC3,115122982C016KDC30,15.0,2026-03,2026-03-30,30
TBR,295/80R22.5JDL,112122982C016MJDL0,26.0,2026-03,2026-03-30,30
TBR,295/80R22.5JUL1,112222982C016MJUM0,94.0,2026-03,2026-03-30,30
TBR,315/70R22.5JDL3,115123162C018LDL30,8.0,2026-03,2026-03-30,30
TBR,315/80R22.5JUC4,115323182C018LUC40,42.0,2026-03,2026-03-30,30
TBR,8.25R20JDE++,1121182020016KDEP0,178.0,2026-03,2026-03-30,30
TBR,8.25R20JUH5,1122182020016KUH50,100.0,2026-03,2026-03-30,30
TBR,9.00 R 20 JDE++,1121190020016KDEP0,94.0,2026-03,2026-03-30,30
TBR,9.00 R 20 JUH5,1122190020016KUH50,26.0,2026-03,2026-03-30,30
TBR,GT 5055 - 295/80R22.5 JUC XM,115322982C016MJXM0,66.0,2026-03,2026-03-30,30
TBR,GT 5075 - 295/90R20 JUH XF,1122129A20152JULF0,216.0,2026-03,2026-03-30,30
TBR,GT 5076 - 295/90R20 JDE XF,1121129A20152JDLF0,326.0,2026-03,2026-03-30,30
TBR,GT 5078 - 295/80R22.5 JUX E,112222982C016JUXE0,44.0,2026-03,2026-03-30,30
TBR,GT 5079 - 255/70R22.5 JUX E,112222562C016MUXE0,140.0,2026-03,2026-03-30,30
TBR,GT 5083 - 295/80R22.5 JUM XM,112222982C016MJXM0,156.0,2026-03,2026-03-30,30
TBR,GT 5085 - 295/60R22.5 JDL3,115122942C018LDL30,46.0,2026-03,2026-03-30,30
TBR,GT 5093 - 11R22.5 CUC2,115321102C016LUC2C,38.0,2026-03,2026-03-30,30
TBR,GT 5095 - 11.00R20 JUC3,1123111020016KJC30,72.0,2026-03,2026-03-30,30
TBR,GT 5096 - 11.00R20 JDC XD,1121111020016KCXD0,198.0,2026-03,2026-03-30,30
TBR,GT 5098 - 275/90R20 JDE XF,1121127A20149KDEF0,46.0,2026-03,2026-03-30,30
TBR,GT 5099 - 275/90R20 JUH XF,1122127A20149KUHF0,2.0,2026-03,2026-03-30,30
TBR,GT 5102 - 295/80R22.5 JDL XM DOM,112122982C016MJXM0,88.0,2026-03,2026-03-30,30
TBR,10.00 R 20 JUH3+,1122110020016KH3P0,199.0,2026-03,2026-03-31,31
TBR,10.00 R 20 JUH5,1122110020016KUH50,237.0,2026-03,2026-03-31,31
TBR,10.00R 20 JW302,1123129A20152JUCM0,114.0,2026-03,2026-03-31,31
TBR,11.00R20 JUH5,1122111020016KUH50,150.0,2026-03,2026-03-31,31
TBR,11.00R20JDE++,1121111020016KDEP0,132.0,2026-03,2026-03-31,31
TBR,11R22.5 JUL2+,115221102C016LL2P0,48.0,2026-03,2026-03-31,31
TBR,11R22.5JUHE,115221102C016LJUH0,52.0,2026-03,2026-03-31,31
TBR,11R22.5JUX,115221102C016JJUX0,46.0,2026-03,2026-03-31,31
TBR,255/70R22.5JTH1,115222562C016MTH10,60.0,2026-03,2026-03-31,31
TBR,295/80R22.5JDL,112122982C016MJDL0,48.0,2026-03,2026-03-31,31
TBR,295/80R22.5JUL1,112222982C016MJUM0,94.0,2026-03,2026-03-31,31
TBR,315/70R22.5JDL3,115123162C018LDL30,54.0,2026-03,2026-03-31,31
TBR,315/80R22.5JUC4,115323182C018LUC40,42.0,2026-03,2026-03-31,31
TBR,8.25R20JDE++,1121182020016KDEP0,156.0,2026-03,2026-03-31,31
TBR,8.25R20JUH5,1122182020016KUH50,151.0,2026-03,2026-03-31,31
TBR,9.00 R 20 JDE++,1121190020016KDEP0,54.0,2026-03,2026-03-31,31
TBR,9.00 R 20 JUH5,1122190020016KUH50,51.0,2026-03,2026-03-31,31
TBR,GT 5055 - 295/80R22.5 JUC XM,115322982C016MJXM0,42.0,2026-03,2026-03-31,31
TBR,GT 5075 - 295/90R20 JUH XF,1122129A20152JULF0,188.0,2026-03,2026-03-31,31
TBR,GT 5076 - 295/90R20 JDE XF,1121129A20152JDLF0,264.0,2026-03,2026-03-31,31
TBR,GT 5078 - 295/80R22.5 JUX E,112222982C016JUXE0,74.0,2026-03,2026-03-31,31
TBR,GT 5079 - 255/70R22.5 JUX E,112222562C016MUXE0,136.0,2026-03,2026-03-31,31
TBR,GT 5083 - 295/80R22.5 JUM XM,112222982C016MJXM0,134.0,2026-03,2026-03-31,31
TBR,GT 5085 - 295/60R22.5 JDL3,115122942C018LDL30,1.0,2026-03,2026-03-31,31
TBR,GT 5093 - 11R22.5 CUC2,115321102C016LUC2C,46.0,2026-03,2026-03-31,31
TBR,GT 5095 - 11.00R20 JUC3,1123111020016KJC30,64.0,2026-03,2026-03-31,31
TBR,GT 5096 - 11.00R20 JDC XD,1121111020016KCXD0,154.0,2026-03,2026-03-31,31
TBR,GT 5098 - 275/90R20 JDE XF,1121127A20149KDEF0,38.0,2026-03,2026-03-31,31
TBR,GT 5099 - 275/90R20 JUH XF,1122127A20149KUHF0,46.0,2026-03,2026-03-31,31
TBR,GT 5102 - 295/80R22.5 JDL XM DOM,112122982C016MJXM0,88.0,2026-03,2026-03-31,31
