plant,gt_code,sku,qty,month,due_date,day
PCR,GT 1402 XPC TATA,1D25214012008QXPCT,668.0,2026-07,2026-07-01,1
PCR,GT 1412 XPC MM,1D25114012008QXPC0,322.0,2026-07,2026-07-01,1
PCR,GT 1482 UHL,1325214812074TUHL0,509.0,2026-07,2026-07-01,1
PCR,GT 1503 NEO MSIL,1325215813079TUNE3,388.0,2026-07,2026-07-01,1
PCR,GT 1513 XPC1 MSIL,1D25215013008SXC10,1699.0,2026-07,2026-07-01,1
PCR,GT 1583 NEO TATA,1325215813079TUNE5,473.0,2026-07,2026-07-01,1
PCR,GT 1634 XPC TATA,1D25216814008QXPC0,565.0,2026-07,2026-07-01,1
PCR,GT 1684 ROYL,1325216814085TURL2,162.0,2026-07,2026-07-01,1
PCR,GT 1765 ROYL,1325217515084HURL2,553.0,2026-07,2026-07-01,1
PCR,GT 1773 NEO,1325217613082TUNE0,392.0,2026-07,2026-07-01,1
PCR,GT 1844 XPC TML,1D25218014010RXPCT,495.0,2026-07,2026-07-01,1
PCR,GT 1854 XPC TT,1D25118014010RXPC0,215.0,2026-07,2026-07-01,1
PCR,GT 1894 MAX,1325218614088TTMX0,394.0,2026-07,2026-07-01,1
PCR,GT 1916 ROYL,1325219416089HURL1,172.0,2026-07,2026-07-01,1
PCR,GT 1925 XPC1,1225219Z15008SXC11,422.0,2026-07,2026-07-01,1
PCR,GT 1995 ROYL KIA,1325219515091HURL2,467.0,2026-07,2026-07-01,1
PCR,GT 2158 ROYL HYU,1325221318095HURL0,758.0,2026-07,2026-07-01,1
PCR,GT 2258 RAN HPE,1325222318098HRHE0,72.0,2026-07,2026-07-01,1
PCR,GT 2267 ROYL HYU,1325221417096HURL0,1341.0,2026-07,2026-07-01,1
PCR,GT 2275 RAN A/T,1325221615109SRAT0,70.0,2026-07,2026-07-01,1
PCR,GT 2366 ROYL,1325223516103TURL0,164.0,2026-07,2026-07-01,1
PCR,GT 2476 SUP MM,1325224716111SELS0,944.0,2026-07,2026-07-01,1
PCR,GT 2568 HT2,1325225518111HRHB0,468.0,2026-07,2026-07-01,1
PCR,GT 2568 RAN AT,1325225518111HRAT0,246.0,2026-07,2026-07-01,1
PCR,GT1564 NEO,1325215514075TUNE0,351.0,2026-07,2026-07-01,1
PCR,GT1915 LT XPC1,1225219Z15008SXC10,372.0,2026-07,2026-07-01,1
PCR,GT 1402 XPC TATA,1D25214012008QXPCT,681.0,2026-07,2026-07-02,2
PCR,GT 1412 XPC MM,1D25114012008QXPC0,236.0,2026-07,2026-07-02,2
PCR,GT 1482 UHL,1325214812074TUHL0,370.0,2026-07,2026-07-02,2
PCR,GT 1503 NEO MSIL,1325215813079TUNE3,412.0,2026-07,2026-07-02,2
PCR,GT 1513 XPC1 MSIL,1D25215013008SXC10,1667.0,2026-07,2026-07-02,2
PCR,GT 1543 XPC1,1D25215013008SXC1T,144.0,2026-07,2026-07-02,2
PCR,GT 1583 NEO TATA,1325215813079TUNE5,680.0,2026-07,2026-07-02,2
PCR,GT 1634 XPC TATA,1D25216814008QXPC0,420.0,2026-07,2026-07-02,2
PCR,GT 1684 ROYL,1325216814085TURL2,170.0,2026-07,2026-07-02,2
PCR,GT 1765 ROYL,1325217515084HURL2,745.0,2026-07,2026-07-02,2
PCR,GT 1773 NEO,1325217613082TUNE0,400.0,2026-07,2026-07-02,2
PCR,GT 1844 XPC TML,1D25218014010RXPCT,469.0,2026-07,2026-07-02,2
PCR,GT 1854 XPC TT,1D25118014010RXPC0,34.0,2026-07,2026-07-02,2
PCR,GT 1894 MAX,1325218614088TTMX0,352.0,2026-07,2026-07-02,2
PCR,GT 1916 ROYL,1325219416089HURL1,78.0,2026-07,2026-07-02,2
PCR,GT 1925 XPC1,1225219Z15008SXC11,446.0,2026-07,2026-07-02,2
PCR,GT 1995 ROYL KIA,1325219515091HURL2,401.0,2026-07,2026-07-02,2
PCR,GT 2158 ROYL HYU,1325221318095HURL0,772.0,2026-07,2026-07-02,2
PCR,GT 2258 RAN HPE,1325222318098HRHE0,316.0,2026-07,2026-07-02,2
PCR,GT 2267 ROYL HYU,1325221417096HURL0,1215.0,2026-07,2026-07-02,2
PCR,GT 2275 RAN A/T,1325221615109SRAT0,116.0,2026-07,2026-07-02,2
PCR,GT 2366 ROYL,1325223516103TURL0,76.0,2026-07,2026-07-02,2
PCR,GT 2476 SUP MM,1325224716111SELS0,936.0,2026-07,2026-07-02,2
PCR,GT 2568 HT2,1325225518111HRHB0,484.0,2026-07,2026-07-02,2
PCR,GT 2568 RAN AT,1325225518111HRAT0,270.0,2026-07,2026-07-02,2
PCR,GT1564 NEO,1325215514075TUNE0,380.0,2026-07,2026-07-02,2
PCR,GT1915 LT XPC1,1225219Z15008SXC10,383.0,2026-07,2026-07-02,2
PCR,GT 1402 XPC TATA,1D25214012008QXPCT,620.0,2026-07,2026-07-03,3
PCR,GT 1412 XPC MM,1D25114012008QXPC0,301.0,2026-07,2026-07-03,3
PCR,GT 1482 UHL,1325214812074TUHL0,442.0,2026-07,2026-07-03,3
PCR,GT 1503 NEO MSIL,1325215813079TUNE3,578.0,2026-07,2026-07-03,3
PCR,GT 1513 XPC1 MSIL,1D25215013008SXC10,1388.0,2026-07,2026-07-03,3
PCR,GT 1543 XPC1,1D25215013008SXC1T,610.0,2026-07,2026-07-03,3
PCR,GT 1583 NEO TATA,1325215813079TUNE5,423.0,2026-07,2026-07-03,3
PCR,GT 1634 XPC TATA,1D25216814008QXPC0,540.0,2026-07,2026-07-03,3
PCR,GT 1684 ROYL,1325216814085TURL2,186.0,2026-07,2026-07-03,3
PCR,GT 1765 ROYL,1325217515084HURL2,644.0,2026-07,2026-07-03,3
PCR,GT 1773 NEO,1325217613082TUNE0,418.0,2026-07,2026-07-03,3
PCR,GT 1844 XPC TML,1D25218014010RXPCT,468.0,2026-07,2026-07-03,3
PCR,GT 1894 MAX,1325218614088TTMX0,85.0,2026-07,2026-07-03,3
PCR,GT 1916 ROYL,1325219416089HURL1,168.0,2026-07,2026-07-03,3
PCR,GT 1925 XPC1,1225219Z15008SXC11,411.0,2026-07,2026-07-03,3
PCR,GT 1995 ROYL KIA,1325219515091HURL2,423.0,2026-07,2026-07-03,3
PCR,GT 2158 ROYL HYU,1325221318095HURL0,738.0,2026-07,2026-07-03,3
PCR,GT 2258 RAN HPE,1325222318098HRHE0,276.0,2026-07,2026-07-03,3
PCR,GT 2267 ROYL HYU,1325221417096HURL0,1028.0,2026-07,2026-07-03,3
PCR,GT 2275 RAN A/T,1325221615109SRAT0,132.0,2026-07,2026-07-03,3
PCR,GT 2366 ROYL,1325223516103TURL0,148.0,2026-07,2026-07-03,3
PCR,GT 2476 SUP MM,1325224716111SELS0,890.0,2026-07,2026-07-03,3
PCR,GT 2568 HT2,1325225518111HRHB0,299.0,2026-07,2026-07-03,3
PCR,GT 2568 RAN AT,1325225518111HRAT0,310.0,2026-07,2026-07-03,3
PCR,GT1564 NEO,1325215514075TUNE0,392.0,2026-07,2026-07-03,3
PCR,GT1915 LT XPC1,1225219Z15008SXC10,364.0,2026-07,2026-07-03,3
PCR,GT 1402 XPC TATA,1D25214012008QXPCT,645.0,2026-07,2026-07-04,4
PCR,GT 1412 XPC MM,1D25114012008QXPC0,285.0,2026-07,2026-07-04,4
PCR,GT 1482 UHL,1325214812074TUHL0,697.0,2026-07,2026-07-04,4
PCR,GT 1503 NEO MSIL,1325215813079TUNE3,598.0,2026-07,2026-07-04,4
PCR,GT 1513 XPC1 MSIL,1D25215013008SXC10,1488.0,2026-07,2026-07-04,4
PCR,GT 1543 XPC1,1D25215013008SXC1T,758.0,2026-07,2026-07-04,4
PCR,GT 1583 NEO TATA,1325215813079TUNE5,694.0,2026-07,2026-07-04,4
PCR,GT 1634 XPC TATA,1D25216814008QXPC0,598.0,2026-07,2026-07-04,4
PCR,GT 1684 ROYL,1325216814085TURL2,78.0,2026-07,2026-07-04,4
PCR,GT 1765 ROYL,1325217515084HURL2,593.0,2026-07,2026-07-04,4
PCR,GT 1773 NEO,1325217613082TUNE0,402.0,2026-07,2026-07-04,4
PCR,GT 1844 XPC TML,1D25218014010RXPCT,197.0,2026-07,2026-07-04,4
PCR,GT 1916 ROYL,1325219416089HURL1,52.0,2026-07,2026-07-04,4
PCR,GT 1925 XPC1,1225219Z15008SXC11,456.0,2026-07,2026-07-04,4
PCR,GT 1995 ROYL KIA,1325219515091HURL2,692.0,2026-07,2026-07-04,4
PCR,GT 2158 ROYL HYU,1325221318095HURL0,774.0,2026-07,2026-07-04,4
PCR,GT 2258 RAN HPE,1325222318098HRHE0,479.0,2026-07,2026-07-04,4
PCR,GT 2267 ROYL HYU,1325221417096HURL0,1128.0,2026-07,2026-07-04,4
PCR,GT 2275 RAN A/T,1325221615109SRAT0,122.0,2026-07,2026-07-04,4
PCR,GT 2366 ROYL,1325223516103TURL0,167.0,2026-07,2026-07-04,4
PCR,GT 2476 SUP MM,1325224716111SELS0,945.0,2026-07,2026-07-04,4
PCR,GT 2568 HT2,1325225518111HRHB0,210.0,2026-07,2026-07-04,4
PCR,GT 2568 RAN AT,1325225518111HRAT0,75.0,2026-07,2026-07-04,4
PCR,GT1564 NEO,1325215514075TUNE0,368.0,2026-07,2026-07-04,4
PCR,GT1915 LT XPC1,1225219Z15008SXC10,353.0,2026-07,2026-07-04,4
PCR,GT 1402 XPC TATA,1D25214012008QXPCT,653.0,2026-07,2026-07-05,5
PCR,GT 1412 XPC MM,1D25114012008QXPC0,317.0,2026-07,2026-07-05,5
PCR,GT 1482 UHL,1325214812074TUHL0,703.0,2026-07,2026-07-05,5
PCR,GT 1503 NEO MSIL,1325215813079TUNE3,735.0,2026-07,2026-07-05,5
PCR,GT 1513 XPC1 MSIL,1D25215013008SXC10,1392.0,2026-07,2026-07-05,5
PCR,GT 1543 XPC1,1D25215013008SXC1T,745.0,2026-07,2026-07-05,5
PCR,GT 1583 NEO TATA,1325215813079TUNE5,644.0,2026-07,2026-07-05,5
PCR,GT 1634 XPC TATA,1D25216814008QXPC0,506.0,2026-07,2026-07-05,5
PCR,GT 1684 ROYL,1325216814085TURL2,174.0,2026-07,2026-07-05,5
PCR,GT 1765 ROYL,1325217515084HURL2,496.0,2026-07,2026-07-05,5
PCR,GT 1773 NEO,1325217613082TUNE0,376.0,2026-07,2026-07-05,5
PCR,GT 1844 XPC TML,1D25218014010RXPCT,237.0,2026-07,2026-07-05,5
PCR,GT 1916 ROYL,1325219416089HURL1,124.0,2026-07,2026-07-05,5
PCR,GT 1925 XPC1,1225219Z15008SXC11,563.0,2026-07,2026-07-05,5
PCR,GT 1995 ROYL KIA,1325219515091HURL2,650.0,2026-07,2026-07-05,5
PCR,GT 2158 ROYL HYU,1325221318095HURL0,764.0,2026-07,2026-07-05,5
PCR,GT 2258 RAN HPE,1325222318098HRHE0,446.0,2026-07,2026-07-05,5
PCR,GT 2267 ROYL HYU,1325221417096HURL0,1183.0,2026-07,2026-07-05,5
PCR,GT 2275 RAN A/T,1325221615109SRAT0,32.0,2026-07,2026-07-05,5
PCR,GT 2366 ROYL,1325223516103TURL0,152.0,2026-07,2026-07-05,5
PCR,GT 2476 SUP MM,1325224716111SELS0,734.0,2026-07,2026-07-05,5
PCR,GT 2568 HT2,1325225518111HRHB0,154.0,2026-07,2026-07-05,5
PCR,GT 2568 RAN AT,1325225518111HRAT0,47.0,2026-07,2026-07-05,5
PCR,GT 2618 RAN ATB,1325225518111HRAT1,35.0,2026-07,2026-07-05,5
PCR,GT1564 NEO,1325215514075TUNE0,362.0,2026-07,2026-07-05,5
PCR,GT1915 LT XPC1,1225219Z15008SXC10,343.0,2026-07,2026-07-05,5
PCR,GT 1402 XPC TATA,1D25214012008QXPCT,674.0,2026-07,2026-07-06,6
PCR,GT 1412 XPC MM,1D25114012008QXPC0,202.0,2026-07,2026-07-06,6
PCR,GT 1482 UHL,1325214812074TUHL0,641.0,2026-07,2026-07-06,6
PCR,GT 1503 NEO MSIL,1325215813079TUNE3,821.0,2026-07,2026-07-06,6
PCR,GT 1513 XPC1 MSIL,1D25215013008SXC10,1466.0,2026-07,2026-07-06,6
PCR,GT 1543 XPC1,1D25215013008SXC1T,767.0,2026-07,2026-07-06,6
PCR,GT 1583 NEO TATA,1325215813079TUNE5,677.0,2026-07,2026-07-06,6
PCR,GT 1634 XPC TATA,1D25216814008QXPC0,605.0,2026-07,2026-07-06,6
PCR,GT 1684 ROYL,1325216814085TURL2,184.0,2026-07,2026-07-06,6
PCR,GT 1765 ROYL,1325217515084HURL2,625.0,2026-07,2026-07-06,6
PCR,GT 1773 NEO,1325217613082TUNE0,385.0,2026-07,2026-07-06,6
PCR,GT 1844 XPC TML,1D25218014010RXPCT,240.0,2026-07,2026-07-06,6
PCR,GT 1916 ROYL,1325219416089HURL1,80.0,2026-07,2026-07-06,6
PCR,GT 1925 XPC1,1225219Z15008SXC11,570.0,2026-07,2026-07-06,6
PCR,GT 1995 ROYL KIA,1325219515091HURL2,582.0,2026-07,2026-07-06,6
PCR,GT 2158 ROYL HYU,1325221318095HURL0,1054.0,2026-07,2026-07-06,6
PCR,GT 2258 RAN HPE,1325222318098HRHE0,497.0,2026-07,2026-07-06,6
PCR,GT 2267 ROYL HYU,1325221417096HURL0,1260.0,2026-07,2026-07-06,6
PCR,GT 2366 ROYL,1325223516103TURL0,148.0,2026-07,2026-07-06,6
PCR,GT 2455 RAN A/T,1325221715100SRAT0,38.0,2026-07,2026-07-06,6
PCR,GT 2476 SUP MM,1325224716111SELS0,902.0,2026-07,2026-07-06,6
PCR,GT 2568 HT2,1325225518111HRHB0,296.0,2026-07,2026-07-06,6
PCR,GT1564 NEO,1325215514075TUNE0,336.0,2026-07,2026-07-06,6
PCR,GT1915 LT XPC1,1225219Z15008SXC10,345.0,2026-07,2026-07-06,6
PCR,GT 1402 XPC TATA,1D25214012008QXPCT,710.0,2026-07,2026-07-07,7
PCR,GT 1412 XPC MM,1D25114012008QXPC0,143.0,2026-07,2026-07-07,7
PCR,GT 1482 UHL,1325214812074TUHL0,615.0,2026-07,2026-07-07,7
PCR,GT 1503 NEO MSIL,1325215813079TUNE3,802.0,2026-07,2026-07-07,7
PCR,GT 1513 XPC1 MSIL,1D25215013008SXC10,1551.0,2026-07,2026-07-07,7
PCR,GT 1543 XPC1,1D25215013008SXC1T,660.0,2026-07,2026-07-07,7
PCR,GT 1583 NEO TATA,1325215813079TUNE5,685.0,2026-07,2026-07-07,7
PCR,GT 1634 XPC TATA,1D25216814008QXPC0,549.0,2026-07,2026-07-07,7
PCR,GT 1684 ROYL,1325216814085TURL2,173.0,2026-07,2026-07-07,7
PCR,GT 1765 ROYL,1325217515084HURL2,728.0,2026-07,2026-07-07,7
PCR,GT 1773 NEO,1325217613082TUNE0,382.0,2026-07,2026-07-07,7
PCR,GT 1844 XPC TML,1D25218014010RXPCT,232.0,2026-07,2026-07-07,7
PCR,GT 1916 ROYL,1325219416089HURL1,122.0,2026-07,2026-07-07,7
PCR,GT 1925 XPC1,1225219Z15008SXC11,559.0,2026-07,2026-07-07,7
PCR,GT 1995 ROYL KIA,1325219515091HURL2,607.0,2026-07,2026-07-07,7
PCR,GT 2158 ROYL HYU,1325221318095HURL0,961.0,2026-07,2026-07-07,7
PCR,GT 2258 RAN HPE,1325222318098HRHE0,481.0,2026-07,2026-07-07,7
PCR,GT 2267 ROYL HYU,1325221417096HURL0,1203.0,2026-07,2026-07-07,7
PCR,GT 2366 ROYL,1325223516103TURL0,138.0,2026-07,2026-07-07,7
PCR,GT 2455 RAN A/T,1325221715100SRAT0,168.0,2026-07,2026-07-07,7
PCR,GT 2476 SUP MM,1325224716111SELS0,854.0,2026-07,2026-07-07,7
PCR,GT 2568 HT2,1325225518111HRHB0,326.0,2026-07,2026-07-07,7
PCR,GT1564 NEO,1325215514075TUNE0,356.0,2026-07,2026-07-07,7
PCR,GT1915 LT XPC1,1225219Z15008SXC10,381.0,2026-07,2026-07-07,7
PCR,GT 1402 XPC TATA,1D25214012008QXPCT,710.0,2026-07,2026-07-08,8
PCR,GT 1412 XPC MM,1D25114012008QXPC0,168.0,2026-07,2026-07-08,8
PCR,GT 1482 UHL,1325214812074TUHL0,723.0,2026-07,2026-07-08,8
PCR,GT 1503 NEO MSIL,1325215813079TUNE3,806.0,2026-07,2026-07-08,8
PCR,GT 1513 XPC1 MSIL,1D25215013008SXC10,1594.0,2026-07,2026-07-08,8
PCR,GT 1543 XPC1,1D25215013008SXC1T,624.0,2026-07,2026-07-08,8
PCR,GT 1583 NEO TATA,1325215813079TUNE5,696.0,2026-07,2026-07-08,8
PCR,GT 1634 XPC TATA,1D25216814008QXPC0,591.0,2026-07,2026-07-08,8
PCR,GT 1684 ROYL,1325216814085TURL2,181.0,2026-07,2026-07-08,8
PCR,GT 1765 ROYL,1325217515084HURL2,791.0,2026-07,2026-07-08,8
PCR,GT 1773 NEO,1325217613082TUNE0,392.0,2026-07,2026-07-08,8
PCR,GT 1844 XPC TML,1D25218014010RXPCT,242.0,2026-07,2026-07-08,8
PCR,GT 1916 ROYL,1325219416089HURL1,170.0,2026-07,2026-07-08,8
PCR,GT 1925 XPC1,1225219Z15008SXC11,490.0,2026-07,2026-07-08,8
PCR,GT 1995 ROYL KIA,1325219515091HURL2,541.0,2026-07,2026-07-08,8
PCR,GT 2158 ROYL HYU,1325221318095HURL0,1066.0,2026-07,2026-07-08,8
PCR,GT 2258 RAN HPE,1325222318098HRHE0,492.0,2026-07,2026-07-08,8
PCR,GT 2267 ROYL HYU,1325221417096HURL0,1079.0,2026-07,2026-07-08,8
PCR,GT 2366 ROYL,1325223516103TURL0,60.0,2026-07,2026-07-08,8
PCR,GT 2455 RAN A/T,1325221715100SRAT0,226.0,2026-07,2026-07-08,8
PCR,GT 2476 SUP MM,1325224716111SELS0,946.0,2026-07,2026-07-08,8
PCR,GT 2568 HT2,1325225518111HRHB0,288.0,2026-07,2026-07-08,8
PCR,GT1564 NEO,1325215514075TUNE0,378.0,2026-07,2026-07-08,8
PCR,GT1915 LT XPC1,1225219Z15008SXC10,129.0,2026-07,2026-07-08,8
PCR,GT 1402 XPC TATA,1D25214012008QXPCT,671.0,2026-07,2026-07-09,9
PCR,GT 1412 XPC MM,1D25114012008QXPC0,132.0,2026-07,2026-07-09,9
PCR,GT 1482 UHL,1325214812074TUHL0,723.0,2026-07,2026-07-09,9
PCR,GT 1503 NEO MSIL,1325215813079TUNE3,931.0,2026-07,2026-07-09,9
PCR,GT 1513 XPC1 MSIL,1D25215013008SXC10,1618.0,2026-07,2026-07-09,9
PCR,GT 1543 XPC1,1D25215013008SXC1T,624.0,2026-07,2026-07-09,9
PCR,GT 1583 NEO TATA,1325215813079TUNE5,642.0,2026-07,2026-07-09,9
PCR,GT 1634 XPC TATA,1D25216814008QXPC0,576.0,2026-07,2026-07-09,9
PCR,GT 1684 ROYL,1325216814085TURL2,172.0,2026-07,2026-07-09,9
PCR,GT 1765 ROYL,1325217515084HURL2,754.0,2026-07,2026-07-09,9
PCR,GT 1773 NEO,1325217613082TUNE0,234.0,2026-07,2026-07-09,9
PCR,GT 1844 XPC TML,1D25218014010RXPCT,243.0,2026-07,2026-07-09,9
PCR,GT 1865 ROYL RENO,1325218515088TURL1,48.0,2026-07,2026-07-09,9
PCR,GT 1916 ROYL,1325219416089HURL1,86.0,2026-07,2026-07-09,9
PCR,GT 1925 XPC1,1225219Z15008SXC11,485.0,2026-07,2026-07-09,9
PCR,GT 1995 ROYL KIA,1325219515091HURL2,418.0,2026-07,2026-07-09,9
PCR,GT 2158 ROYL HYU,1325221318095HURL0,1064.0,2026-07,2026-07-09,9
PCR,GT 2258 RAN HPE,1325222318098HRHE0,467.0,2026-07,2026-07-09,9
PCR,GT 2267 ROYL HYU,1325221417096HURL0,1186.0,2026-07,2026-07-09,9
PCR,GT 2366 ROYL,1325223516103TURL0,82.0,2026-07,2026-07-09,9
PCR,GT 2455 RAN A/T,1325221715100SRAT0,332.0,2026-07,2026-07-09,9
PCR,GT 2476 SUP MM,1325224716111SELS0,939.0,2026-07,2026-07-09,9
PCR,GT 2568 HT2,1325225518111HRHB0,269.0,2026-07,2026-07-09,9
PCR,GT1564 NEO,1325215514075TUNE0,382.0,2026-07,2026-07-09,9
PCR,GT1915 LT XPC1,1225219Z15008SXC10,264.0,2026-07,2026-07-09,9
PCR,GT 1402 XPC TATA,1D25214012008QXPCT,715.0,2026-07,2026-07-10,10
PCR,GT 1412 XPC MM,1D25114012008QXPC0,128.0,2026-07,2026-07-10,10
PCR,GT 1482 UHL,1325214812074TUHL0,706.0,2026-07,2026-07-10,10
PCR,GT 1503 NEO MSIL,1325215813079TUNE3,1048.0,2026-07,2026-07-10,10
PCR,GT 1513 XPC1 MSIL,1D25215013008SXC10,1408.0,2026-07,2026-07-10,10
PCR,GT 1543 XPC1,1D25215013008SXC1T,726.0,2026-07,2026-07-10,10
PCR,GT 1583 NEO TATA,1325215813079TUNE5,558.0,2026-07,2026-07-10,10
PCR,GT 1634 XPC TATA,1D25216814008QXPC0,588.0,2026-07,2026-07-10,10
PCR,GT 1684 ROYL,1325216814085TURL2,184.0,2026-07,2026-07-10,10
PCR,GT 1765 ROYL,1325217515084HURL2,777.0,2026-07,2026-07-10,10
PCR,GT 1773 NEO,1325217613082TUNE0,178.0,2026-07,2026-07-10,10
PCR,GT 1844 XPC TML,1D25218014010RXPCT,243.0,2026-07,2026-07-10,10
PCR,GT 1865 ROYL RENO,1325218515088TURL1,154.0,2026-07,2026-07-10,10
PCR,GT 1925 XPC1,1225219Z15008SXC11,484.0,2026-07,2026-07-10,10
PCR,GT 1995 ROYL KIA,1325219515091HURL2,402.0,2026-07,2026-07-10,10
PCR,GT 2158 ROYL HYU,1325221318095HURL0,950.0,2026-07,2026-07-10,10
PCR,GT 2258 RAN HPE,1325222318098HRHE0,473.0,2026-07,2026-07-10,10
PCR,GT 2267 ROYL HYU,1325221417096HURL0,1195.0,2026-07,2026-07-10,10
PCR,GT 2366 ROYL,1325223516103TURL0,161.0,2026-07,2026-07-10,10
PCR,GT 2455 RAN A/T,1325221715100SRAT0,316.0,2026-07,2026-07-10,10
PCR,GT 2476 SUP MM,1325224716111SELS0,894.0,2026-07,2026-07-10,10
PCR,GT 2568 HT2,1325225518111HRHB0,286.0,2026-07,2026-07-10,10
PCR,GT1564 NEO,1325215514075TUNE0,384.0,2026-07,2026-07-10,10
PCR,GT1915 LT XPC1,1225219Z15008SXC10,259.0,2026-07,2026-07-10,10
PCR,GT 1402 XPC TATA,1D25214012008QXPCT,695.0,2026-07,2026-07-11,11
PCR,GT 1412 XPC MM,1D25114012008QXPC0,98.0,2026-07,2026-07-11,11
PCR,GT 1482 UHL,1325214812074TUHL0,608.0,2026-07,2026-07-11,11
PCR,GT 1503 NEO MSIL,1325215813079TUNE3,982.0,2026-07,2026-07-11,11
PCR,GT 1513 XPC1 MSIL,1D25215013008SXC10,1526.0,2026-07,2026-07-11,11
PCR,GT 1543 XPC1,1D25215013008SXC1T,548.0,2026-07,2026-07-11,11
PCR,GT 1583 NEO TATA,1325215813079TUNE5,502.0,2026-07,2026-07-11,11
PCR,GT 1634 XPC TATA,1D25216814008QXPC0,597.0,2026-07,2026-07-11,11
PCR,GT 1684 ROYL,1325216814085TURL2,162.0,2026-07,2026-07-11,11
PCR,GT 1765 ROYL,1325217515084HURL2,800.0,2026-07,2026-07-11,11
PCR,GT 1773 NEO,1325217613082TUNE0,186.0,2026-07,2026-07-11,11
PCR,GT 1773 NEOPS,1325217613082TUNEE,136.0,2026-07,2026-07-11,11
PCR,GT 1844 XPC TML,1D25218014010RXPCT,247.0,2026-07,2026-07-11,11
PCR,GT 1865 ROYL RENO,1325218515088TURL1,180.0,2026-07,2026-07-11,11
PCR,GT 1894 MAX,1325218614088TTMX0,1.0,2026-07,2026-07-11,11
PCR,GT 1916 ROYL,1325219416089HURL1,6.0,2026-07,2026-07-11,11
PCR,GT 1925 XPC1,1225219Z15008SXC11,439.0,2026-07,2026-07-11,11
PCR,GT 1995 ROYL KIA,1325219515091HURL2,396.0,2026-07,2026-07-11,11
PCR,GT 2158 ROYL HYU,1325221318095HURL0,914.0,2026-07,2026-07-11,11
PCR,GT 2258 RAN HPE,1325222318098HRHE0,470.0,2026-07,2026-07-11,11
PCR,GT 2267 ROYL HYU,1325221417096HURL0,779.0,2026-07,2026-07-11,11
PCR,GT 2366 ROYL,1325223516103TURL0,108.0,2026-07,2026-07-11,11
PCR,GT 2455 RAN A/T,1325221715100SRAT0,316.0,2026-07,2026-07-11,11
PCR,GT 2476 SUP MM,1325224716111SELS0,867.0,2026-07,2026-07-11,11
PCR,GT 2568 HT2,1325225518111HRHB0,328.0,2026-07,2026-07-11,11
PCR,GT1564 NEO,1325215514075TUNE0,366.0,2026-07,2026-07-11,11
PCR,GT1915 LT XPC1,1225219Z15008SXC10,168.0,2026-07,2026-07-11,11
PCR,GT 1402 XPC TATA,1D25214012008QXPCT,630.0,2026-07,2026-07-12,12
PCR,GT 1412 XPC MM,1D25114012008QXPC0,127.0,2026-07,2026-07-12,12
PCR,GT 1482 UHL,1325214812074TUHL0,641.0,2026-07,2026-07-12,12
PCR,GT 1503 NEO MSIL,1325215813079TUNE3,1012.0,2026-07,2026-07-12,12
PCR,GT 1513 XPC1 MSIL,1D25215013008SXC10,1309.0,2026-07,2026-07-12,12
PCR,GT 1543 XPC1,1D25215013008SXC1T,610.0,2026-07,2026-07-12,12
PCR,GT 1583 NEO TATA,1325215813079TUNE5,504.0,2026-07,2026-07-12,12
PCR,GT 1634 XPC TATA,1D25216814008QXPC0,592.0,2026-07,2026-07-12,12
PCR,GT 1684 ROYL,1325216814085TURL2,180.0,2026-07,2026-07-12,12
PCR,GT 1765 ROYL,1325217515084HURL2,803.0,2026-07,2026-07-12,12
PCR,GT 1773 NEO,1325217613082TUNE0,120.0,2026-07,2026-07-12,12
PCR,GT 1773 NEOPS,1325217613082TUNEE,198.0,2026-07,2026-07-12,12
PCR,GT 1844 XPC TML,1D25218014010RXPCT,236.0,2026-07,2026-07-12,12
PCR,GT 1865 ROYL RENO,1325218515088TURL1,184.0,2026-07,2026-07-12,12
PCR,GT 1925 XPC1,1225219Z15008SXC11,560.0,2026-07,2026-07-12,12
PCR,GT 1995 ROYL KIA,1325219515091HURL2,382.0,2026-07,2026-07-12,12
PCR,GT 2158 ROYL HYU,1325221318095HURL0,910.0,2026-07,2026-07-12,12
PCR,GT 2258 RAN HPE,1325222318098HRHE0,468.0,2026-07,2026-07-12,12
PCR,GT 2267 ROYL HYU,1325221417096HURL0,1073.0,2026-07,2026-07-12,12
PCR,GT 2366 ROYL,1325223516103TURL0,59.0,2026-07,2026-07-12,12
PCR,GT 2455 RAN A/T,1325221715100SRAT0,274.0,2026-07,2026-07-12,12
PCR,GT 2476 SUP MM,1325224716111SELS0,848.0,2026-07,2026-07-12,12
PCR,GT 2568 HT2,1325225518111HRHB0,426.0,2026-07,2026-07-12,12
PCR,GT1564 NEO,1325215514075TUNE0,308.0,2026-07,2026-07-12,12
PCR,GT1915 LT XPC1,1225219Z15008SXC10,159.0,2026-07,2026-07-12,12
PCR,GT 1402 XPC TATA,1D25214012008QXPCT,708.0,2026-07,2026-07-13,13
PCR,GT 1412 XPC MM,1D25114012008QXPC0,132.0,2026-07,2026-07-13,13
PCR,GT 1482 UHL,1325214812074TUHL0,708.0,2026-07,2026-07-13,13
PCR,GT 1503 NEO MSIL,1325215813079TUNE3,1046.0,2026-07,2026-07-13,13
PCR,GT 1513 XPC1 MSIL,1D25215013008SXC10,1423.0,2026-07,2026-07-13,13
PCR,GT 1543 XPC1,1D25215013008SXC1T,820.0,2026-07,2026-07-13,13
PCR,GT 1583 NEO TATA,1325215813079TUNE5,520.0,2026-07,2026-07-13,13
PCR,GT 1634 XPC TATA,1D25216814008QXPC0,576.0,2026-07,2026-07-13,13
PCR,GT 1684 ROYL,1325216814085TURL2,180.0,2026-07,2026-07-13,13
PCR,GT 1765 ROYL,1325217515084HURL2,774.0,2026-07,2026-07-13,13
PCR,GT 1773 NEO,1325217613082TUNE0,186.0,2026-07,2026-07-13,13
PCR,GT 1773 NEOPS,1325217613082TUNEE,192.0,2026-07,2026-07-13,13
PCR,GT 1844 XPC TML,1D25218014010RXPCT,242.0,2026-07,2026-07-13,13
PCR,GT 1865 ROYL RENO,1325218515088TURL1,182.0,2026-07,2026-07-13,13
PCR,GT 1894 MAX,1325218614088TTMX0,48.0,2026-07,2026-07-13,13
PCR,GT 1916 ROYL,1325219416089HURL1,116.0,2026-07,2026-07-13,13
PCR,GT 1925 XPC1,1225219Z15008SXC11,524.0,2026-07,2026-07-13,13
PCR,GT 1995 ROYL KIA,1325219515091HURL2,374.0,2026-07,2026-07-13,13
PCR,GT 2158 ROYL HYU,1325221318095HURL0,857.0,2026-07,2026-07-13,13
PCR,GT 2167 RAN HPE,1325221417096HRHE0,100.0,2026-07,2026-07-13,13
PCR,GT 2258 RAN HPE,1325222318098HRHE0,452.0,2026-07,2026-07-13,13
PCR,GT 2267 ROYL HYU,1325221417096HURL0,1034.0,2026-07,2026-07-13,13
PCR,GT 2455 RAN A/T,1325221715100SRAT0,230.0,2026-07,2026-07-13,13
PCR,GT 2476 SUP MM,1325224716111SELS0,853.0,2026-07,2026-07-13,13
PCR,GT 2568 HT2,1325225518111HRHB0,490.0,2026-07,2026-07-13,13
PCR,GT1564 NEO,1325215514075TUNE0,160.0,2026-07,2026-07-13,13
PCR,GT1915 LT XPC1,1225219Z15008SXC10,237.0,2026-07,2026-07-13,13
PCR,GT2266 RAN HT,1325221516098HRHT0,54.0,2026-07,2026-07-13,13
PCR,GT 1402 XPC TATA,1D25214012008QXPCT,686.0,2026-07,2026-07-14,14
PCR,GT 1412 XPC MM,1D25114012008QXPC0,166.0,2026-07,2026-07-14,14
PCR,GT 1482 UHL,1325214812074TUHL0,615.0,2026-07,2026-07-14,14
PCR,GT 1503 NEO MSIL,1325215813079TUNE3,1027.0,2026-07,2026-07-14,14
PCR,GT 1513 XPC1 MSIL,1D25215013008SXC10,1235.0,2026-07,2026-07-14,14
PCR,GT 1543 XPC1,1D25215013008SXC1T,912.0,2026-07,2026-07-14,14
PCR,GT 1583 NEO TATA,1325215813079TUNE5,525.0,2026-07,2026-07-14,14
PCR,GT 1634 XPC TATA,1D25216814008QXPC0,454.0,2026-07,2026-07-14,14
PCR,GT 1684 ROYL,1325216814085TURL2,186.0,2026-07,2026-07-14,14
PCR,GT 1765 ROYL,1325217515084HURL2,763.0,2026-07,2026-07-14,14
PCR,GT 1773 NEO,1325217613082TUNE0,186.0,2026-07,2026-07-14,14
PCR,GT 1773 NEOPS,1325217613082TUNEE,196.0,2026-07,2026-07-14,14
PCR,GT 1844 XPC TML,1D25218014010RXPCT,300.0,2026-07,2026-07-14,14
PCR,GT 1865 ROYL RENO,1325218515088TURL1,178.0,2026-07,2026-07-14,14
PCR,GT 1894 MAX,1325218614088TTMX0,344.0,2026-07,2026-07-14,14
PCR,GT 1916 ROYL,1325219416089HURL1,133.0,2026-07,2026-07-14,14
PCR,GT 1925 XPC1,1225219Z15008SXC11,532.0,2026-07,2026-07-14,14
PCR,GT 1995 ROYL KIA,1325219515091HURL2,399.0,2026-07,2026-07-14,14
PCR,GT 2158 ROYL HYU,1325221318095HURL0,568.0,2026-07,2026-07-14,14
PCR,GT 2167 RAN HPE,1325221417096HRHE0,96.0,2026-07,2026-07-14,14
PCR,GT 2258 RAN HPE,1325222318098HRHE0,408.0,2026-07,2026-07-14,14
PCR,GT 2267 ROYL HYU,1325221417096HURL0,1011.0,2026-07,2026-07-14,14
PCR,GT 2455 RAN A/T,1325221715100SRAT0,196.0,2026-07,2026-07-14,14
PCR,GT 2476 SUP MM,1325224716111SELS0,913.0,2026-07,2026-07-14,14
PCR,GT 2568 HT2,1325225518111HRHB0,486.0,2026-07,2026-07-14,14
PCR,GT1915 LT XPC1,1225219Z15008SXC10,202.0,2026-07,2026-07-14,14
PCR,GT2266 RAN HT,1325221516098HRHT0,168.0,2026-07,2026-07-14,14
PCR,GT 1402 XPC TATA,1D25214012008QXPCT,688.0,2026-07,2026-07-15,15
PCR,GT 1412 XPC MM,1D25114012008QXPC0,170.0,2026-07,2026-07-15,15
PCR,GT 1482 UHL,1325214812074TUHL0,715.0,2026-07,2026-07-15,15
PCR,GT 1503 NEO MSIL,1325215813079TUNE3,1022.0,2026-07,2026-07-15,15
PCR,GT 1513 XPC1 MSIL,1D25215013008SXC10,1372.0,2026-07,2026-07-15,15
PCR,GT 1543 XPC1,1D25215013008SXC1T,899.0,2026-07,2026-07-15,15
PCR,GT 1583 NEO TATA,1325215813079TUNE5,518.0,2026-07,2026-07-15,15
PCR,GT 1634 XPC TATA,1D25216814008QXPC0,376.0,2026-07,2026-07-15,15
PCR,GT 1684 ROYL,1325216814085TURL2,142.0,2026-07,2026-07-15,15
PCR,GT 1765 ROYL,1325217515084HURL2,780.0,2026-07,2026-07-15,15
PCR,GT 1773 NEO,1325217613082TUNE0,186.0,2026-07,2026-07-15,15
PCR,GT 1773 NEOPS,1325217613082TUNEE,204.0,2026-07,2026-07-15,15
PCR,GT 1844 XPC TML,1D25218014010RXPCT,369.0,2026-07,2026-07-15,15
PCR,GT 1865 ROYL RENO,1325218515088TURL1,180.0,2026-07,2026-07-15,15
PCR,GT 1894 MAX,1325218614088TTMX0,387.0,2026-07,2026-07-15,15
PCR,GT 1916 ROYL,1325219416089HURL1,149.0,2026-07,2026-07-15,15
PCR,GT 1925 XPC1,1225219Z15008SXC11,347.0,2026-07,2026-07-15,15
PCR,GT 1995 ROYL KIA,1325219515091HURL2,372.0,2026-07,2026-07-15,15
PCR,GT 2158 ROYL HYU,1325221318095HURL0,800.0,2026-07,2026-07-15,15
PCR,GT 2167 RAN HPE,1325221417096HRHE0,170.0,2026-07,2026-07-15,15
PCR,GT 2258 RAN HPE,1325222318098HRHE0,268.0,2026-07,2026-07-15,15
PCR,GT 2267 ROYL HYU,1325221417096HURL0,718.0,2026-07,2026-07-15,15
PCR,GT 2455 RAN A/T,1325221715100SRAT0,160.0,2026-07,2026-07-15,15
PCR,GT 2476 SUP MM,1325224716111SELS0,697.0,2026-07,2026-07-15,15
PCR,GT 2568 HT2,1325225518111HRHB0,494.0,2026-07,2026-07-15,15
PCR,GT1915 LT XPC1,1225219Z15008SXC10,204.0,2026-07,2026-07-15,15
PCR,GT2266 RAN HT,1325221516098HRHT0,92.0,2026-07,2026-07-15,15
PCR,GT 1402 XPC TATA,1D25214012008QXPCT,722.0,2026-07,2026-07-16,16
PCR,GT 1412 XPC MM,1D25114012008QXPC0,165.0,2026-07,2026-07-16,16
PCR,GT 1482 UHL,1325214812074TUHL0,656.0,2026-07,2026-07-16,16
PCR,GT 1503 NEO MSIL,1325215813079TUNE3,1021.0,2026-07,2026-07-16,16
PCR,GT 1513 XPC1 MSIL,1D25215013008SXC10,1403.0,2026-07,2026-07-16,16
PCR,GT 1543 XPC1,1D25215013008SXC1T,949.0,2026-07,2026-07-16,16
PCR,GT 1583 NEO TATA,1325215813079TUNE5,302.0,2026-07,2026-07-16,16
PCR,GT 1634 XPC TATA,1D25216814008QXPC0,450.0,2026-07,2026-07-16,16
PCR,GT 1673 NEO,1325216613079HUNE0,44.0,2026-07,2026-07-16,16
PCR,GT 1765 ROYL,1325217515084HURL2,806.0,2026-07,2026-07-16,16
PCR,GT 1773 NEO,1325217613082TUNE0,188.0,2026-07,2026-07-16,16
PCR,GT 1773 NEOPS,1325217613082TUNEE,168.0,2026-07,2026-07-16,16
PCR,GT 1844 XPC TML,1D25218014010RXPCT,368.0,2026-07,2026-07-16,16
PCR,GT 1865 ROYL RENO,1325218515088TURL1,174.0,2026-07,2026-07-16,16
PCR,GT 1894 MAX,1325218614088TTMX0,361.0,2026-07,2026-07-16,16
PCR,GT 1916 ROYL,1325219416089HURL1,90.0,2026-07,2026-07-16,16
PCR,GT 1925 XPC1,1225219Z15008SXC11,446.0,2026-07,2026-07-16,16
PCR,GT 1995 ROYL KIA,1325219515091HURL2,390.0,2026-07,2026-07-16,16
PCR,GT 2158 ROYL HYU,1325221318095HURL0,899.0,2026-07,2026-07-16,16
PCR,GT 2167 RAN HPE,1325221417096HRHE0,148.0,2026-07,2026-07-16,16
PCR,GT 2258 RAN HPE,1325222318098HRHE0,386.0,2026-07,2026-07-16,16
PCR,GT 2267 ROYL HYU,1325221417096HURL0,802.0,2026-07,2026-07-16,16
PCR,GT 2455 RAN A/T,1325221715100SRAT0,316.0,2026-07,2026-07-16,16
PCR,GT 2476 SUP MM,1325224716111SELS0,741.0,2026-07,2026-07-16,16
PCR,GT 2568 HT2,1325225518111HRHB0,444.0,2026-07,2026-07-16,16
PCR,GT 3125 RAN MT,1325231015109QRMT0,94.0,2026-07,2026-07-16,16
PCR,GT1915 LT XPC1,1225219Z15008SXC10,163.0,2026-07,2026-07-16,16
PCR,GT2266 RAN HT,1325221516098HRHT0,166.0,2026-07,2026-07-16,16
PCR,GT 1402 XPC TATA,1D25214012008QXPCT,629.0,2026-07,2026-07-17,17
PCR,GT 1412 XPC MM,1D25114012008QXPC0,169.0,2026-07,2026-07-17,17
PCR,GT 1482 UHL,1325214812074TUHL0,703.0,2026-07,2026-07-17,17
PCR,GT 1503 NEO MSIL,1325215813079TUNE3,1244.0,2026-07,2026-07-17,17
PCR,GT 1513 XPC1 MSIL,1D25215013008SXC10,1630.0,2026-07,2026-07-17,17
PCR,GT 1543 XPC1,1D25215013008SXC1T,1047.0,2026-07,2026-07-17,17
PCR,GT 1634 XPC TATA,1D25216814008QXPC0,453.0,2026-07,2026-07-17,17
PCR,GT 1673 NEO,1325216613079HUNE0,194.0,2026-07,2026-07-17,17
PCR,GT 1684 ROYL,1325216814085TURL2,26.0,2026-07,2026-07-17,17
PCR,GT 1765 ROYL,1325217515084HURL2,803.0,2026-07,2026-07-17,17
PCR,GT 1773 NEO,1325217613082TUNE0,146.0,2026-07,2026-07-17,17
PCR,GT 1773 NEOPS,1325217613082TUNEE,196.0,2026-07,2026-07-17,17
PCR,GT 1844 XPC TML,1D25218014010RXPCT,360.0,2026-07,2026-07-17,17
PCR,GT 1865 ROYL RENO,1325218515088TURL1,46.0,2026-07,2026-07-17,17
PCR,GT 1894 MAX,1325218614088TTMX0,393.0,2026-07,2026-07-17,17
PCR,GT 1916 ROYL,1325219416089HURL1,118.0,2026-07,2026-07-17,17
PCR,GT 1925 XPC1,1225219Z15008SXC11,430.0,2026-07,2026-07-17,17
PCR,GT 1995 ROYL KIA,1325219515091HURL2,398.0,2026-07,2026-07-17,17
PCR,GT 2158 ROYL HYU,1325221318095HURL0,927.0,2026-07,2026-07-17,17
PCR,GT 2167 RAN HPE,1325221417096HRHE0,136.0,2026-07,2026-07-17,17
PCR,GT 2258 RAN HPE,1325222318098HRHE0,448.0,2026-07,2026-07-17,17
PCR,GT 2267 ROYL HYU,1325221417096HURL0,898.0,2026-07,2026-07-17,17
PCR,GT 2455 RAN A/T,1325221715100SRAT0,192.0,2026-07,2026-07-17,17
PCR,GT 2476 SUP MM,1325224716111SELS0,580.0,2026-07,2026-07-17,17
PCR,GT 2568 HT2,1325225518111HRHB0,380.0,2026-07,2026-07-17,17
PCR,GT 3125 RAN MT,1325231015109QRMT0,120.0,2026-07,2026-07-17,17
PCR,GT1915 LT XPC1,1225219Z15008SXC10,26.0,2026-07,2026-07-17,17
PCR,GT2166 BLA HT,1325221516098HBHT0,40.0,2026-07,2026-07-17,17
PCR,GT2266 RAN HT,1325221516098HRHT0,150.0,2026-07,2026-07-17,17
PCR,GT  T1457 STAR,1325214617107MSXT0,263.0,2026-07,2026-07-18,18
PCR,GT 1402 XPC TATA,1D25214012008QXPCT,682.0,2026-07,2026-07-18,18
PCR,GT 1412 XPC MM,1D25114012008QXPC0,150.0,2026-07,2026-07-18,18
PCR,GT 1482 UHL,1325214812074TUHL0,724.0,2026-07,2026-07-18,18
PCR,GT 1503 NEO MSIL,1325215813079TUNE3,1191.0,2026-07,2026-07-18,18
PCR,GT 1513 XPC1 MSIL,1D25215013008SXC10,1991.0,2026-07,2026-07-18,18
PCR,GT 1543 XPC1,1D25215013008SXC1T,650.0,2026-07,2026-07-18,18
PCR,GT 1634 XPC TATA,1D25216814008QXPC0,454.0,2026-07,2026-07-18,18
PCR,GT 1673 NEO,1325216613079HUNE0,54.0,2026-07,2026-07-18,18
PCR,GT 1684 ROYL,1325216814085TURL2,188.0,2026-07,2026-07-18,18
PCR,GT 1765 ROYL,1325217515084HURL2,733.0,2026-07,2026-07-18,18
PCR,GT 1773 NEO,1325217613082TUNE0,178.0,2026-07,2026-07-18,18
PCR,GT 1773 NEOPS,1325217613082TUNEE,158.0,2026-07,2026-07-18,18
PCR,GT 1844 XPC TML,1D25218014010RXPCT,367.0,2026-07,2026-07-18,18
PCR,GT 1865 ROYL RENO,1325218515088TURL1,173.0,2026-07,2026-07-18,18
PCR,GT 1894 MAX,1325218614088TTMX0,375.0,2026-07,2026-07-18,18
PCR,GT 1916 ROYL,1325219416089HURL1,168.0,2026-07,2026-07-18,18
PCR,GT 1925 XPC1,1225219Z15008SXC11,448.0,2026-07,2026-07-18,18
PCR,GT 1995 ROYL KIA,1325219515091HURL2,396.0,2026-07,2026-07-18,18
PCR,GT 2158 ROYL HYU,1325221318095HURL0,870.0,2026-07,2026-07-18,18
PCR,GT 2167 RAN HPE,1325221417096HRHE0,146.0,2026-07,2026-07-18,18
PCR,GT 2258 RAN HPE,1325222318098HRHE0,419.0,2026-07,2026-07-18,18
PCR,GT 2267 ROYL HYU,1325221417096HURL0,1032.0,2026-07,2026-07-18,18
PCR,GT 2455 RAN A/T,1325221715100SRAT0,246.0,2026-07,2026-07-18,18
PCR,GT 2476 SUP MM,1325224716111SELS0,463.0,2026-07,2026-07-18,18
PCR,GT 2568 HT2,1325225518111HRHB0,481.0,2026-07,2026-07-18,18
PCR,GT 3125 RAN MT,1325231015109QRMT0,120.0,2026-07,2026-07-18,18
PCR,GT2166 BLA HT,1325221516098HBHT0,190.0,2026-07,2026-07-18,18
PCR,GT2266 RAN HT,1325221516098HRHT0,158.0,2026-07,2026-07-18,18
PCR,GT  T1457 STAR,1325214617107MSXT0,463.0,2026-07,2026-07-19,19
PCR,GT 1402 XPC TATA,1D25214012008QXPCT,701.0,2026-07,2026-07-19,19
PCR,GT 1412 XPC MM,1D25114012008QXPC0,164.0,2026-07,2026-07-19,19
PCR,GT 1482 UHL,1325214812074TUHL0,704.0,2026-07,2026-07-19,19
PCR,GT 1503 NEO MSIL,1325215813079TUNE3,1160.0,2026-07,2026-07-19,19
PCR,GT 1513 XPC1 MSIL,1D25215013008SXC10,1609.0,2026-07,2026-07-19,19
PCR,GT 1543 XPC1,1D25215013008SXC1T,704.0,2026-07,2026-07-19,19
PCR,GT 1634 XPC TATA,1D25216814008QXPC0,450.0,2026-07,2026-07-19,19
PCR,GT 1673 NEO,1325216613079HUNE0,192.0,2026-07,2026-07-19,19
PCR,GT 1684 ROYL,1325216814085TURL2,184.0,2026-07,2026-07-19,19
PCR,GT 1765 ROYL,1325217515084HURL2,764.0,2026-07,2026-07-19,19
PCR,GT 1773 NEO,1325217613082TUNE0,168.0,2026-07,2026-07-19,19
PCR,GT 1773 NEOPS,1325217613082TUNEE,156.0,2026-07,2026-07-19,19
PCR,GT 1844 XPC TML,1D25218014010RXPCT,365.0,2026-07,2026-07-19,19
PCR,GT 1865 ROYL RENO,1325218515088TURL1,145.0,2026-07,2026-07-19,19
PCR,GT 1894 MAX,1325218614088TTMX0,371.0,2026-07,2026-07-19,19
PCR,GT 1916 ROYL,1325219416089HURL1,168.0,2026-07,2026-07-19,19
PCR,GT 1925 XPC1,1225219Z15008SXC11,393.0,2026-07,2026-07-19,19
PCR,GT 1995 ROYL KIA,1325219515091HURL2,339.0,2026-07,2026-07-19,19
PCR,GT 2157 ROYL KIA,1325221317094VURL0,1.0,2026-07,2026-07-19,19
PCR,GT 2158 ROYL HYU,1325221318095HURL0,584.0,2026-07,2026-07-19,19
PCR,GT 2167 RAN HPE,1325221417096HRHE0,22.0,2026-07,2026-07-19,19
PCR,GT 2258 RAN HPE,1325222318098HRHE0,483.0,2026-07,2026-07-19,19
PCR,GT 2267 ROYL HYU,1325221417096HURL0,1058.0,2026-07,2026-07-19,19
PCR,GT 2476 SUP MM,1325224716111SELS0,540.0,2026-07,2026-07-19,19
PCR,GT 2568 HT2,1325225518111HRHB0,649.0,2026-07,2026-07-19,19
PCR,GT 3125 RAN MT,1325231015109QRMT0,36.0,2026-07,2026-07-19,19
PCR,GT2166 BLA HT,1325221516098HBHT0,12.0,2026-07,2026-07-19,19
PCR,GT2266 RAN HT,1325221516098HRHT0,171.0,2026-07,2026-07-19,19
PCR,GT  T1457 STAR,1325214617107MSXT0,530.0,2026-07,2026-07-20,20
PCR,GT 1402 XPC TATA,1D25214012008QXPCT,708.0,2026-07,2026-07-20,20
PCR,GT 1412 XPC MM,1D25114012008QXPC0,104.0,2026-07,2026-07-20,20
PCR,GT 1482 UHL,1325214812074TUHL0,699.0,2026-07,2026-07-20,20
PCR,GT 1503 NEO MSIL,1325215813079TUNE3,1089.0,2026-07,2026-07-20,20
PCR,GT 1513 XPC1 MSIL,1D25215013008SXC10,1561.0,2026-07,2026-07-20,20
PCR,GT 1543 XPC1,1D25215013008SXC1T,848.0,2026-07,2026-07-20,20
PCR,GT 1634 XPC TATA,1D25216814008QXPC0,388.0,2026-07,2026-07-20,20
PCR,GT 1673 NEO,1325216613079HUNE0,183.0,2026-07,2026-07-20,20
PCR,GT 1684 ROYL,1325216814085TURL2,182.0,2026-07,2026-07-20,20
PCR,GT 1765 ROYL,1325217515084HURL2,710.0,2026-07,2026-07-20,20
PCR,GT 1773 NEO,1325217613082TUNE0,194.0,2026-07,2026-07-20,20
PCR,GT 1773 NEOPS,1325217613082TUNEE,190.0,2026-07,2026-07-20,20
PCR,GT 1844 XPC TML,1D25218014010RXPCT,336.0,2026-07,2026-07-20,20
PCR,GT 1865 ROYL RENO,1325218515088TURL1,84.0,2026-07,2026-07-20,20
PCR,GT 1894 MAX,1325218614088TTMX0,317.0,2026-07,2026-07-20,20
PCR,GT 1916 ROYL,1325219416089HURL1,172.0,2026-07,2026-07-20,20
PCR,GT 1925 XPC1,1225219Z15008SXC11,425.0,2026-07,2026-07-20,20
PCR,GT 1995 ROYL KIA,1325219515091HURL2,376.0,2026-07,2026-07-20,20
PCR,GT 2158 ROYL HYU,1325221318095HURL0,550.0,2026-07,2026-07-20,20
PCR,GT 2258 RAN HPE,1325222318098HRHE0,438.0,2026-07,2026-07-20,20
PCR,GT 2267 ROYL HYU,1325221417096HURL0,1061.0,2026-07,2026-07-20,20
PCR,GT 2476 SUP MM,1325224716111SELS0,784.0,2026-07,2026-07-20,20
PCR,GT 2568 HT2,1325225518111HRHB0,645.0,2026-07,2026-07-20,20
PCR,GT 3125 RAN MT,1325231015109QRMT0,68.0,2026-07,2026-07-20,20
PCR,GT2266 RAN HT,1325221516098HRHT0,67.0,2026-07,2026-07-20,20
PCR,GT  T1457 STAR,1325214617107MSXT0,74.0,2026-07,2026-07-21,21
PCR,GT 1402 XPC TATA,1D25214012008QXPCT,694.0,2026-07,2026-07-21,21
PCR,GT 1412 XPC MM,1D25114012008QXPC0,166.0,2026-07,2026-07-21,21
PCR,GT 1482 UHL,1325214812074TUHL0,697.0,2026-07,2026-07-21,21
PCR,GT 1503 NEO MSIL,1325215813079TUNE3,1177.0,2026-07,2026-07-21,21
PCR,GT 1513 XPC1 MSIL,1D25215013008SXC10,1535.0,2026-07,2026-07-21,21
PCR,GT 1543 XPC1,1D25215013008SXC1T,766.0,2026-07,2026-07-21,21
PCR,GT 1634 XPC TATA,1D25216814008QXPC0,438.0,2026-07,2026-07-21,21
PCR,GT 1673 NEO,1325216613079HUNE0,178.0,2026-07,2026-07-21,21
PCR,GT 1684 ROYL,1325216814085TURL2,174.0,2026-07,2026-07-21,21
PCR,GT 1765 ROYL,1325217515084HURL2,783.0,2026-07,2026-07-21,21
PCR,GT 1773 NEO,1325217613082TUNE0,188.0,2026-07,2026-07-21,21
PCR,GT 1773 NEOPS,1325217613082TUNEE,194.0,2026-07,2026-07-21,21
PCR,GT 1844 XPC TML,1D25218014010RXPCT,359.0,2026-07,2026-07-21,21
PCR,GT 1865 ROYL RENO,1325218515088TURL1,172.0,2026-07,2026-07-21,21
PCR,GT 1894 MAX,1325218614088TTMX0,361.0,2026-07,2026-07-21,21
PCR,GT 1916 ROYL,1325219416089HURL1,128.0,2026-07,2026-07-21,21
PCR,GT 1925 XPC1,1225219Z15008SXC11,466.0,2026-07,2026-07-21,21
PCR,GT 1995 ROYL KIA,1325219515091HURL2,375.0,2026-07,2026-07-21,21
PCR,GT 2158 ROYL HYU,1325221318095HURL0,368.0,2026-07,2026-07-21,21
PCR,GT 2167 RAN HPE,1325221417096HRHE0,160.0,2026-07,2026-07-21,21
PCR,GT 2258 RAN HPE,1325222318098HRHE0,424.0,2026-07,2026-07-21,21
PCR,GT 2267 ROYL HYU,1325221417096HURL0,1053.0,2026-07,2026-07-21,21
PCR,GT 2338 EZO TOU,1325223518106HETR0,10.0,2026-07,2026-07-21,21
PCR,GT 2366 ROYL,1325223516103TURL0,1.0,2026-07,2026-07-21,21
PCR,GT 2455 RAN A/T,1325221715100SRAT0,156.0,2026-07,2026-07-21,21
PCR,GT 2476 SUP MM,1325224716111SELS0,785.0,2026-07,2026-07-21,21
PCR,GT 2568 HT2,1325225518111HRHB0,786.0,2026-07,2026-07-21,21
PCR,GT 3125 RAN MT,1325231015109QRMT0,96.0,2026-07,2026-07-21,21
PCR,GT2266 RAN HT,1325221516098HRHT0,174.0,2026-07,2026-07-21,21
PCR,GT  T1457 STAR,1325214617107MSXT0,548.0,2026-07,2026-07-22,22
PCR,GT 1402 XPC TATA,1D25214012008QXPCT,698.0,2026-07,2026-07-22,22
PCR,GT 1412 XPC MM,1D25114012008QXPC0,132.0,2026-07,2026-07-22,22
PCR,GT 1482 UHL,1325214812074TUHL0,719.0,2026-07,2026-07-22,22
PCR,GT 1503 NEO MSIL,1325215813079TUNE3,1193.0,2026-07,2026-07-22,22
PCR,GT 1513 XPC1 MSIL,1D25215013008SXC10,1550.0,2026-07,2026-07-22,22
PCR,GT 1543 XPC1,1D25215013008SXC1T,932.0,2026-07,2026-07-22,22
PCR,GT 1634 XPC TATA,1D25216814008QXPC0,190.0,2026-07,2026-07-22,22
PCR,GT 1673 NEO,1325216613079HUNE0,200.0,2026-07,2026-07-22,22
PCR,GT 1684 ROYL,1325216814085TURL2,178.0,2026-07,2026-07-22,22
PCR,GT 1765 ROYL,1325217515084HURL2,784.0,2026-07,2026-07-22,22
PCR,GT 1773 NEO,1325217613082TUNE0,176.0,2026-07,2026-07-22,22
PCR,GT 1773 NEOPS,1325217613082TUNEE,206.0,2026-07,2026-07-22,22
PCR,GT 1844 XPC TML,1D25218014010RXPCT,454.0,2026-07,2026-07-22,22
PCR,GT 1865 ROYL RENO,1325218515088TURL1,138.0,2026-07,2026-07-22,22
PCR,GT 1894 MAX,1325218614088TTMX0,382.0,2026-07,2026-07-22,22
PCR,GT 1916 ROYL,1325219416089HURL1,170.0,2026-07,2026-07-22,22
PCR,GT 1925 XPC1,1225219Z15008SXC11,456.0,2026-07,2026-07-22,22
PCR,GT 1995 ROYL KIA,1325219515091HURL2,314.0,2026-07,2026-07-22,22
PCR,GT 2158 ROYL HYU,1325221318095HURL0,298.0,2026-07,2026-07-22,22
PCR,GT 2167 RAN HPE,1325221417096HRHE0,122.0,2026-07,2026-07-22,22
PCR,GT 2258 RAN HPE,1325222318098HRHE0,500.0,2026-07,2026-07-22,22
PCR,GT 2267 ROYL HYU,1325221417096HURL0,982.0,2026-07,2026-07-22,22
PCR,GT 2338 EZO TOU,1325223518106HETR0,146.0,2026-07,2026-07-22,22
PCR,GT 2455 RAN A/T,1325221715100SRAT0,146.0,2026-07,2026-07-22,22
PCR,GT 2476 SUP MM,1325224716111SELS0,792.0,2026-07,2026-07-22,22
PCR,GT 2568 HT2,1325225518111HRHB0,829.0,2026-07,2026-07-22,22
PCR,GT 3125 RAN MT,1325231015109QRMT0,110.0,2026-07,2026-07-22,22
PCR,GT2266 RAN HT,1325221516098HRHT0,172.0,2026-07,2026-07-22,22
PCR,GT  T1457 STAR,1325214617107MSXT0,562.0,2026-07,2026-07-23,23
PCR,GT 1402 XPC TATA,1D25214012008QXPCT,689.0,2026-07,2026-07-23,23
PCR,GT 1412 XPC MM,1D25114012008QXPC0,167.0,2026-07,2026-07-23,23
PCR,GT 1482 UHL,1325214812074TUHL0,702.0,2026-07,2026-07-23,23
PCR,GT 1503 NEO MSIL,1325215813079TUNE3,1270.0,2026-07,2026-07-23,23
PCR,GT 1513 XPC1 MSIL,1D25215013008SXC10,2263.0,2026-07,2026-07-23,23
PCR,GT 1543 XPC1,1D25215013008SXC1T,328.0,2026-07,2026-07-23,23
PCR,GT 1634 XPC TATA,1D25216814008QXPC0,298.0,2026-07,2026-07-23,23
PCR,GT 1673 NEO,1325216613079HUNE0,170.0,2026-07,2026-07-23,23
PCR,GT 1684 ROYL,1325216814085TURL2,186.0,2026-07,2026-07-23,23
PCR,GT 1765 ROYL,1325217515084HURL2,713.0,2026-07,2026-07-23,23
PCR,GT 1773 NEO,1325217613082TUNE0,3.0,2026-07,2026-07-23,23
PCR,GT 1773 NEOPS,1325217613082TUNEE,202.0,2026-07,2026-07-23,23
PCR,GT 1844 XPC TML,1D25218014010RXPCT,429.0,2026-07,2026-07-23,23
PCR,GT 1865 ROYL RENO,1325218515088TURL1,144.0,2026-07,2026-07-23,23
PCR,GT 1894 MAX,1325218614088TTMX0,267.0,2026-07,2026-07-23,23
PCR,GT 1925 XPC1,1225219Z15008SXC11,314.0,2026-07,2026-07-23,23
PCR,GT 1995 ROYL KIA,1325219515091HURL2,404.0,2026-07,2026-07-23,23
PCR,GT 2158 ROYL HYU,1325221318095HURL0,307.0,2026-07,2026-07-23,23
PCR,GT 2167 RAN HPE,1325221417096HRHE0,20.0,2026-07,2026-07-23,23
PCR,GT 2258 RAN HPE,1325222318098HRHE0,483.0,2026-07,2026-07-23,23
PCR,GT 2267 ROYL HYU,1325221417096HURL0,1059.0,2026-07,2026-07-23,23
PCR,GT 2476 SUP MM,1325224716111SELS0,783.0,2026-07,2026-07-23,23
PCR,GT 2568 HT2,1325225518111HRHB0,797.0,2026-07,2026-07-23,23
PCR,GT 2666 RAN HT,1325226616111TRHT0,18.0,2026-07,2026-07-23,23
PCR,GT1915 LT XPC1,1225219Z15008SXC10,160.0,2026-07,2026-07-23,23
PCR,GT2266 RAN HT,1325221516098HRHT0,22.0,2026-07,2026-07-23,23
PCR,GT  T1457 STAR,1325214617107MSXT0,509.0,2026-07,2026-07-24,24
PCR,GT 1402 XPC TATA,1D25214012008QXPCT,711.0,2026-07,2026-07-24,24
PCR,GT 1412 XPC MM,1D25114012008QXPC0,128.0,2026-07,2026-07-24,24
PCR,GT 1482 UHL,1325214812074TUHL0,713.0,2026-07,2026-07-24,24
PCR,GT 1483 UHL,1325214813075SUHL0,284.0,2026-07,2026-07-24,24
PCR,GT 1503 NEO MSIL,1325215813079TUNE3,1275.0,2026-07,2026-07-24,24
PCR,GT 1513 XPC1 MSIL,1D25215013008SXC10,2561.0,2026-07,2026-07-24,24
PCR,GT 1634 XPC TATA,1D25216814008QXPC0,299.0,2026-07,2026-07-24,24
PCR,GT 1673 NEO,1325216613079HUNE0,188.0,2026-07,2026-07-24,24
PCR,GT 1684 ROYL,1325216814085TURL2,138.0,2026-07,2026-07-24,24
PCR,GT 1765 ROYL,1325217515084HURL2,705.0,2026-07,2026-07-24,24
PCR,GT 1773 NEOPS,1325217613082TUNEE,208.0,2026-07,2026-07-24,24
PCR,GT 1844 XPC TML,1D25218014010RXPCT,490.0,2026-07,2026-07-24,24
PCR,GT 1865 ROYL RENO,1325218515088TURL1,147.0,2026-07,2026-07-24,24
PCR,GT 1916 ROYL,1325219416089HURL1,140.0,2026-07,2026-07-24,24
PCR,GT 1925 XPC1,1225219Z15008SXC11,456.0,2026-07,2026-07-24,24
PCR,GT 1995 ROYL KIA,1325219515091HURL2,288.0,2026-07,2026-07-24,24
PCR,GT 2158 ROYL HYU,1325221318095HURL0,308.0,2026-07,2026-07-24,24
PCR,GT 2258 RAN HPE,1325222318098HRHE0,495.0,2026-07,2026-07-24,24
PCR,GT 2267 ROYL HYU,1325221417096HURL0,706.0,2026-07,2026-07-24,24
PCR,GT 2267 ROYL PG,1325221417096HURP0,48.0,2026-07,2026-07-24,24
PCR,GT 2368 EZO TOU,1325223418103VETR0,116.0,2026-07,2026-07-24,24
PCR,GT 2476 SUP MM,1325224716111SELS0,780.0,2026-07,2026-07-24,24
PCR,GT 2568 HT2,1325225518111HRHB0,719.0,2026-07,2026-07-24,24
PCR,GT 2666 RAN HT,1325226616111TRHT0,144.0,2026-07,2026-07-24,24
PCR,GT1915 LT XPC1,1225219Z15008SXC10,262.0,2026-07,2026-07-24,24
PCR,GT  T1457 STAR,1325214617107MSXT0,534.0,2026-07,2026-07-25,25
PCR,GT 1402 XPC TATA,1D25214012008QXPCT,698.0,2026-07,2026-07-25,25
PCR,GT 1412 XPC MM,1D25114012008QXPC0,146.0,2026-07,2026-07-25,25
PCR,GT 1482 UHL,1325214812074TUHL0,713.0,2026-07,2026-07-25,25
PCR,GT 1483 UHL,1325214813075SUHL0,360.0,2026-07,2026-07-25,25
PCR,GT 1503 NEO MSIL,1325215813079TUNE3,1416.0,2026-07,2026-07-25,25
PCR,GT 1513 XPC1 MSIL,1D25215013008SXC10,2587.0,2026-07,2026-07-25,25
PCR,GT 1634 XPC TATA,1D25216814008QXPC0,301.0,2026-07,2026-07-25,25
PCR,GT 1673 NEO,1325216613079HUNE0,174.0,2026-07,2026-07-25,25
PCR,GT 1684 ROYL,1325216814085TURL2,190.0,2026-07,2026-07-25,25
PCR,GT 1765 ROYL,1325217515084HURL2,559.0,2026-07,2026-07-25,25
PCR,GT 1773 NEOPS,1325217613082TUNEE,202.0,2026-07,2026-07-25,25
PCR,GT 1844 XPC TML,1D25218014010RXPCT,492.0,2026-07,2026-07-25,25
PCR,GT 1854 XPC TT,1D25118014010RXPC0,34.0,2026-07,2026-07-25,25
PCR,GT 1865 ROYL RENO,1325218515088TURL1,10.0,2026-07,2026-07-25,25
PCR,GT 1916 ROYL,1325219416089HURL1,170.0,2026-07,2026-07-25,25
PCR,GT 1925 XPC1,1225219Z15008SXC11,331.0,2026-07,2026-07-25,25
PCR,GT 1995 ROYL KIA,1325219515091HURL2,526.0,2026-07,2026-07-25,25
PCR,GT 2158 ROYL HYU,1325221318095HURL0,190.0,2026-07,2026-07-25,25
PCR,GT 2167 RAN HPE,1325221417096HRHE0,101.0,2026-07,2026-07-25,25
PCR,GT 2258 RAN HPE,1325222318098HRHE0,391.0,2026-07,2026-07-25,25
PCR,GT 2267 ROYL HYU,1325221417096HURL0,827.0,2026-07,2026-07-25,25
PCR,GT 2267 ROYL PG,1325221417096HURP0,170.0,2026-07,2026-07-25,25
PCR,GT 2368 EZO TOU,1325223418103VETR0,160.0,2026-07,2026-07-25,25
PCR,GT 2476 SUP MM,1325224716111SELS0,773.0,2026-07,2026-07-25,25
PCR,GT 2568 HT2,1325225518111HRHB0,372.0,2026-07,2026-07-25,25
PCR,GT 2666 RAN HT,1325226616111TRHT0,146.0,2026-07,2026-07-25,25
PCR,GT1915 LT XPC1,1225219Z15008SXC10,142.0,2026-07,2026-07-25,25
PCR,GT  T1457 STAR,1325214617107MSXT0,514.0,2026-07,2026-07-26,26
PCR,GT 1402 XPC TATA,1D25214012008QXPCT,605.0,2026-07,2026-07-26,26
PCR,GT 1412 XPC MM,1D25114012008QXPC0,164.0,2026-07,2026-07-26,26
PCR,GT 1482 UHL,1325214812074TUHL0,732.0,2026-07,2026-07-26,26
PCR,GT 1483 UHL,1325214813075SUHL0,260.0,2026-07,2026-07-26,26
PCR,GT 1503 NEO MSIL,1325215813079TUNE3,1472.0,2026-07,2026-07-26,26
PCR,GT 1513 XPC1 MSIL,1D25215013008SXC10,2420.0,2026-07,2026-07-26,26
PCR,GT 1634 XPC TATA,1D25216814008QXPC0,330.0,2026-07,2026-07-26,26
PCR,GT 1673 NEO,1325216613079HUNE0,193.0,2026-07,2026-07-26,26
PCR,GT 1684 ROYL,1325216814085TURL2,176.0,2026-07,2026-07-26,26
PCR,GT 1765 ROYL,1325217515084HURL2,580.0,2026-07,2026-07-26,26
PCR,GT 1773 NEOPS,1325217613082TUNEE,202.0,2026-07,2026-07-26,26
PCR,GT 1844 XPC TML,1D25218014010RXPCT,494.0,2026-07,2026-07-26,26
PCR,GT 1854 XPC TT,1D25118014010RXPC0,124.0,2026-07,2026-07-26,26
PCR,GT 1865 ROYL RENO,1325218515088TURL1,24.0,2026-07,2026-07-26,26
PCR,GT 1916 ROYL,1325219416089HURL1,57.0,2026-07,2026-07-26,26
PCR,GT 1925 XPC1,1225219Z15008SXC11,186.0,2026-07,2026-07-26,26
PCR,GT 1995 ROYL KIA,1325219515091HURL2,562.0,2026-07,2026-07-26,26
PCR,GT 2167 RAN HPE,1325221417096HRHE0,126.0,2026-07,2026-07-26,26
PCR,GT 2258 RAN HPE,1325222318098HRHE0,474.0,2026-07,2026-07-26,26
PCR,GT 2267 ROYL HYU,1325221417096HURL0,909.0,2026-07,2026-07-26,26
PCR,GT 2267 ROYL PG,1325221417096HURP0,158.0,2026-07,2026-07-26,26
PCR,GT 2367 RAN XATW,1325223517104TRXT0,49.0,2026-07,2026-07-26,26
PCR,GT 2368 EZO TOU,1325223418103VETR0,160.0,2026-07,2026-07-26,26
PCR,GT 2476 SUP MM,1325224716111SELS0,698.0,2026-07,2026-07-26,26
PCR,GT 2568 HT2,1325225518111HRHB0,812.0,2026-07,2026-07-26,26
PCR,GT 2666 RAN HT,1325226616111TRHT0,14.0,2026-07,2026-07-26,26
PCR,GT1915 LT XPC1,1225219Z15008SXC10,96.0,2026-07,2026-07-26,26
PCR,GT2776 RAN AT,1325223616105TRAT0,184.0,2026-07,2026-07-26,26
PCR,GT  T1457 STAR,1325214617107MSXT0,532.0,2026-07,2026-07-27,27
PCR,GT 1402 XPC TATA,1D25214012008QXPCT,394.0,2026-07,2026-07-27,27
PCR,GT 1412 XPC MM,1D25114012008QXPC0,164.0,2026-07,2026-07-27,27
PCR,GT 1482 UHL,1325214812074TUHL0,696.0,2026-07,2026-07-27,27
PCR,GT 1483 UHL,1325214813075SUHL0,312.0,2026-07,2026-07-27,27
PCR,GT 1503 NEO MSIL,1325215813079TUNE3,1313.0,2026-07,2026-07-27,27
PCR,GT 1513 XPC1 MSIL,1D25215013008SXC10,2578.0,2026-07,2026-07-27,27
PCR,GT 1634 XPC TATA,1D25216814008QXPC0,365.0,2026-07,2026-07-27,27
PCR,GT 1673 NEO,1325216613079HUNE0,157.0,2026-07,2026-07-27,27
PCR,GT 1684 ROYL,1325216814085TURL2,186.0,2026-07,2026-07-27,27
PCR,GT 1765 ROYL,1325217515084HURL2,559.0,2026-07,2026-07-27,27
PCR,GT 1773 NEOPS,1325217613082TUNEE,204.0,2026-07,2026-07-27,27
PCR,GT 1844 XPC TML,1D25218014010RXPCT,374.0,2026-07,2026-07-27,27
PCR,GT 1854 XPC TT,1D25118014010RXPC0,124.0,2026-07,2026-07-27,27
PCR,GT 1865 ROYL RENO,1325218515088TURL1,183.0,2026-07,2026-07-27,27
PCR,GT 1916 ROYL,1325219416089HURL1,174.0,2026-07,2026-07-27,27
PCR,GT 1995 ROYL KIA,1325219515091HURL2,542.0,2026-07,2026-07-27,27
PCR,GT 2167 RAN HPE,1325221417096HRHE0,172.0,2026-07,2026-07-27,27
PCR,GT 2258 RAN HPE,1325222318098HRHE0,247.0,2026-07,2026-07-27,27
PCR,GT 2267 ROYL HYU,1325221417096HURL0,912.0,2026-07,2026-07-27,27
PCR,GT 2367 RAN XATW,1325223517104TRXT0,305.0,2026-07,2026-07-27,27
PCR,GT 2368 EZO TOU,1325223418103VETR0,164.0,2026-07,2026-07-27,27
PCR,GT 2476 SUP MM,1325224716111SELS0,556.0,2026-07,2026-07-27,27
PCR,GT 2568 HT2,1325225518111HRHB0,769.0,2026-07,2026-07-27,27
PCR,GT 2666 RAN HT,1325226616111TRHT0,146.0,2026-07,2026-07-27,27
PCR,GT2776 RAN AT,1325223616105TRAT0,188.0,2026-07,2026-07-27,27
PCR,GT  T1457 STAR,1325214617107MSXT0,478.0,2026-07,2026-07-28,28
PCR,GT 1402 XPC TATA,1D25214012008QXPCT,639.0,2026-07,2026-07-28,28
PCR,GT 1412 XPC MM,1D25114012008QXPC0,125.0,2026-07,2026-07-28,28
PCR,GT 1482 UHL,1325214812074TUHL0,711.0,2026-07,2026-07-28,28
PCR,GT 1483 UHL,1325214813075SUHL0,262.0,2026-07,2026-07-28,28
PCR,GT 1503 NEO MSIL,1325215813079TUNE3,1251.0,2026-07,2026-07-28,28
PCR,GT 1513 XPC1 MSIL,1D25215013008SXC10,2199.0,2026-07,2026-07-28,28
PCR,GT 1634 XPC TATA,1D25216814008QXPC0,290.0,2026-07,2026-07-28,28
PCR,GT 1673 NEO,1325216613079HUNE0,190.0,2026-07,2026-07-28,28
PCR,GT 1684 ROYL,1325216814085TURL2,186.0,2026-07,2026-07-28,28
PCR,GT 1765 ROYL,1325217515084HURL2,514.0,2026-07,2026-07-28,28
PCR,GT 1773 NEOPS,1325217613082TUNEE,171.0,2026-07,2026-07-28,28
PCR,GT 1844 XPC TML,1D25218014010RXPCT,381.0,2026-07,2026-07-28,28
PCR,GT 1854 XPC TT,1D25118014010RXPC0,122.0,2026-07,2026-07-28,28
PCR,GT 1865 ROYL RENO,1325218515088TURL1,127.0,2026-07,2026-07-28,28
PCR,GT 1916 ROYL,1325219416089HURL1,172.0,2026-07,2026-07-28,28
PCR,GT 1925 XPC1,1225219Z15008SXC11,2.0,2026-07,2026-07-28,28
PCR,GT 1995 ROYL KIA,1325219515091HURL2,584.0,2026-07,2026-07-28,28
PCR,GT 2167 RAN HPE,1325221417096HRHE0,93.0,2026-07,2026-07-28,28
PCR,GT 2258 RAN HPE,1325222318098HRHE0,444.0,2026-07,2026-07-28,28
PCR,GT 2267 ROYL HYU,1325221417096HURL0,1084.0,2026-07,2026-07-28,28
PCR,GT 2367 RAN XATW,1325223517104TRXT0,298.0,2026-07,2026-07-28,28
PCR,GT 2368 EZO TOU,1325223418103VETR0,110.0,2026-07,2026-07-28,28
PCR,GT 2476 SUP MM,1325224716111SELS0,798.0,2026-07,2026-07-28,28
PCR,GT 2568 HT2,1325225518111HRHB0,798.0,2026-07,2026-07-28,28
PCR,GT 2666 RAN HT,1325226616111TRHT0,25.0,2026-07,2026-07-28,28
PCR,GT 3125 RAN MT,1325231015109QRMT0,2.0,2026-07,2026-07-28,28
PCR,GT2776 RAN AT,1325223616105TRAT0,198.0,2026-07,2026-07-28,28
PCR,GT  T1457 STAR,1325214617107MSXT0,542.0,2026-07,2026-07-29,29
PCR,GT 1402 XPC TATA,1D25214012008QXPCT,660.0,2026-07,2026-07-29,29
PCR,GT 1412 XPC MM,1D25114012008QXPC0,107.0,2026-07,2026-07-29,29
PCR,GT 1482 UHL,1325214812074TUHL0,622.0,2026-07,2026-07-29,29
PCR,GT 1483 UHL,1325214813075SUHL0,268.0,2026-07,2026-07-29,29
PCR,GT 1503 NEO MSIL,1325215813079TUNE3,1369.0,2026-07,2026-07-29,29
PCR,GT 1513 XPC1 MSIL,1D25215013008SXC10,2542.0,2026-07,2026-07-29,29
PCR,GT 1634 XPC TATA,1D25216814008QXPC0,292.0,2026-07,2026-07-29,29
PCR,GT 1684 ROYL,1325216814085TURL2,168.0,2026-07,2026-07-29,29
PCR,GT 1765 ROYL,1325217515084HURL2,594.0,2026-07,2026-07-29,29
PCR,GT 1773 NEOPS,1325217613082TUNEE,80.0,2026-07,2026-07-29,29
PCR,GT 1844 XPC TML,1D25218014010RXPCT,503.0,2026-07,2026-07-29,29
PCR,GT 1854 XPC TT,1D25118014010RXPC0,121.0,2026-07,2026-07-29,29
PCR,GT 1865 ROYL RENO,1325218515088TURL1,108.0,2026-07,2026-07-29,29
PCR,GT 1916 ROYL,1325219416089HURL1,165.0,2026-07,2026-07-29,29
PCR,GT 1925 XPC1,1225219Z15008SXC11,159.0,2026-07,2026-07-29,29
PCR,GT 1995 ROYL KIA,1325219515091HURL2,545.0,2026-07,2026-07-29,29
PCR,GT 2116 ROYL HYU,1325220516095HURL4,1.0,2026-07,2026-07-29,29
PCR,GT 2167 RAN HPE,1325221417096HRHE0,177.0,2026-07,2026-07-29,29
PCR,GT 2258 RAN HPE,1325222318098HRHE0,422.0,2026-07,2026-07-29,29
PCR,GT 2267 ROYL HYU,1325221417096HURL0,1007.0,2026-07,2026-07-29,29
PCR,GT 2276 RAN HT,1325227616114TRHT0,2.0,2026-07,2026-07-29,29
PCR,GT 2367 RAN XATW,1325223517104TRXT0,192.0,2026-07,2026-07-29,29
PCR,GT 2368 EZO TOU,1325223418103VETR0,10.0,2026-07,2026-07-29,29
PCR,GT 2476 SUP MM,1325224716111SELS0,774.0,2026-07,2026-07-29,29
PCR,GT 2568 HT2,1325225518111HRHB0,794.0,2026-07,2026-07-29,29
PCR,GT 3125 RAN MT,1325231015109QRMT0,109.0,2026-07,2026-07-29,29
PCR,GT2776 RAN AT,1325223616105TRAT0,302.0,2026-07,2026-07-29,29
PCR,GT  T1457 STAR,1325214617107MSXT0,572.0,2026-07,2026-07-30,30
PCR,GT 1402 XPC TATA,1D25214012008QXPCT,694.0,2026-07,2026-07-30,30
PCR,GT 1412 XPC MM,1D25114012008QXPC0,94.0,2026-07,2026-07-30,30
PCR,GT 1482 UHL,1325214812074TUHL0,693.0,2026-07,2026-07-30,30
PCR,GT 1483 UHL,1325214813075SUHL0,105.0,2026-07,2026-07-30,30
PCR,GT 1503 NEO MSIL,1325215813079TUNE3,1268.0,2026-07,2026-07-30,30
PCR,GT 1513 XPC1 MSIL,1D25215013008SXC10,2551.0,2026-07,2026-07-30,30
PCR,GT 1634 XPC TATA,1D25216814008QXPC0,260.0,2026-07,2026-07-30,30
PCR,GT 1684 ROYL,1325216814085TURL2,168.0,2026-07,2026-07-30,30
PCR,GT 1765 ROYL,1325217515084HURL2,600.0,2026-07,2026-07-30,30
PCR,GT 1773 NEOPS,1325217613082TUNEE,201.0,2026-07,2026-07-30,30
PCR,GT 1844 XPC TML,1D25218014010RXPCT,456.0,2026-07,2026-07-30,30
PCR,GT 1854 XPC TT,1D25118014010RXPC0,110.0,2026-07,2026-07-30,30
PCR,GT 1865 ROYL RENO,1325218515088TURL1,87.0,2026-07,2026-07-30,30
PCR,GT 1916 ROYL,1325219416089HURL1,164.0,2026-07,2026-07-30,30
PCR,GT 1925 XPC1,1225219Z15008SXC11,217.0,2026-07,2026-07-30,30
PCR,GT 1995 ROYL KIA,1325219515091HURL2,524.0,2026-07,2026-07-30,30
PCR,GT 2116 ROYL HYU,1325220516095HURL4,158.0,2026-07,2026-07-30,30
PCR,GT 2167 RAN HPE,1325221417096HRHE0,133.0,2026-07,2026-07-30,30
PCR,GT 2258 RAN HPE,1325222318098HRHE0,332.0,2026-07,2026-07-30,30
PCR,GT 2267 ROYL HYU,1325221417096HURL0,1062.0,2026-07,2026-07-30,30
PCR,GT 2276 RAN HT,1325227616114TRHT0,138.0,2026-07,2026-07-30,30
PCR,GT 2367 RAN XATW,1325223517104TRXT0,39.0,2026-07,2026-07-30,30
PCR,GT 2476 SUP MM,1325224716111SELS0,704.0,2026-07,2026-07-30,30
PCR,GT 2568 HT2,1325225518111HRHB0,773.0,2026-07,2026-07-30,30
PCR,GT 2568 RAN HTP,1325225418108HRHT0,130.0,2026-07,2026-07-30,30
PCR,GT 3125 RAN MT,1325231015109QRMT0,120.0,2026-07,2026-07-30,30
PCR,GT2776 RAN AT,1325223616105TRAT0,284.0,2026-07,2026-07-30,30
PCR,GT  T1457 STAR,1325214617107MSXT0,530.0,2026-07,2026-07-31,31
PCR,GT 1402 XPC TATA,1D25214012008QXPCT,710.0,2026-07,2026-07-31,31
PCR,GT 1412 XPC MM,1D25114012008QXPC0,166.0,2026-07,2026-07-31,31
PCR,GT 1482 UHL,1325214812074TUHL0,730.0,2026-07,2026-07-31,31
PCR,GT 1483 UHL,1325214813075SUHL0,219.0,2026-07,2026-07-31,31
PCR,GT 1503 NEO MSIL,1325215813079TUNE3,1450.0,2026-07,2026-07-31,31
PCR,GT 1513 XPC1 MSIL,1D25215013008SXC10,2547.0,2026-07,2026-07-31,31
PCR,GT 1543 XPC1,1D25215013008SXC1T,14.0,2026-07,2026-07-31,31
PCR,GT 1634 XPC TATA,1D25216814008QXPC0,228.0,2026-07,2026-07-31,31
PCR,GT 1673 NEO,1325216613079HUNE0,2.0,2026-07,2026-07-31,31
PCR,GT 1684 ROYL,1325216814085TURL2,176.0,2026-07,2026-07-31,31
PCR,GT 1765 ROYL,1325217515084HURL2,526.0,2026-07,2026-07-31,31
PCR,GT 1773 NEOPS,1325217613082TUNEE,196.0,2026-07,2026-07-31,31
PCR,GT 1844 XPC TML,1D25218014010RXPCT,493.0,2026-07,2026-07-31,31
PCR,GT 1854 XPC TT,1D25118014010RXPC0,120.0,2026-07,2026-07-31,31
PCR,GT 1865 ROYL RENO,1325218515088TURL1,152.0,2026-07,2026-07-31,31
PCR,GT 1916 ROYL,1325219416089HURL1,166.0,2026-07,2026-07-31,31
PCR,GT 1925 XPC1,1225219Z15008SXC11,217.0,2026-07,2026-07-31,31
PCR,GT 1995 ROYL KIA,1325219515091HURL2,580.0,2026-07,2026-07-31,31
PCR,GT 2167 RAN HPE,1325221417096HRHE0,72.0,2026-07,2026-07-31,31
PCR,GT 2258 RAN HPE,1325222318098HRHE0,446.0,2026-07,2026-07-31,31
PCR,GT 2267 ROYL HYU,1325221417096HURL0,1062.0,2026-07,2026-07-31,31
PCR,GT 2276 RAN HT,1325227616114TRHT0,156.0,2026-07,2026-07-31,31
PCR,GT 2476 SUP MM,1325224716111SELS0,786.0,2026-07,2026-07-31,31
PCR,GT 2568 HT2,1325225518111HRHB0,738.0,2026-07,2026-07-31,31
PCR,GT 2568 RAN HTP,1325225418108HRHT0,98.0,2026-07,2026-07-31,31
PCR,GT 3125 RAN MT,1325231015109QRMT0,120.0,2026-07,2026-07-31,31
PCR,GT2776 RAN AT,1325223616105TRAT0,282.0,2026-07,2026-07-31,31
TBR,10.00 R 20 JDC3,1121110020016KDC30,31.0,2026-07,2026-07-01,1
TBR,10.00 R 20 JDE,1121129A20000JDEP0,246.0,2026-07,2026-07-01,1
TBR,10.00 R 20 JUH3+,1122110020016KH3P0,405.0,2026-07,2026-07-01,1
TBR,10.00 R 20 JUH5,1122110020016KUH50,293.0,2026-07,2026-07-01,1
TBR,10.00R 20 JW302,1123129A20152JUCM0,24.0,2026-07,2026-07-01,1
TBR,11.00R20 JUH3,1152111020016KVH30,16.0,2026-07,2026-07-01,1
TBR,11.00R20 JUH5,1122111020016KUH50,151.0,2026-07,2026-07-01,1
TBR,11.00R20JDE++,1121111020016KDEP0,212.0,2026-07,2026-07-01,1
TBR,295/75R22.5JTHSD,115222972C014LJTS0,56.0,2026-07,2026-07-01,1
TBR,295/75R22.5JUL3,115222972C016LUL30,42.0,2026-07,2026-07-01,1
TBR,295/80R22.5JDL,112122982C016MJDL0,94.0,2026-07,2026-07-01,1
TBR,295/80R22.5JUL1,112222982C016MJUM0,120.0,2026-07,2026-07-01,1
TBR,295/90R20 JDE++ (RS),1121129A20000JDEPM,12.0,2026-07,2026-07-01,1
TBR,295/90R20JDCXD,1121129A20152JCXD0,129.0,2026-07,2026-07-01,1
TBR,315/70R22.5JDL3,115123162C018LDL30,80.0,2026-07,2026-07-01,1
TBR,315/70R22.5JUL4,115223162C018LUL40,88.0,2026-07,2026-07-01,1
TBR,385/65R22.5JUCXD,115323852C020KUCD0,90.0,2026-07,2026-07-01,1
TBR,8.25R20JDE++,1121182020016KDEP0,98.0,2026-07,2026-07-01,1
TBR,8.25R20JUH5,1122182020016KUH50,99.0,2026-07,2026-07-01,1
TBR,9.00 R 20 JDE++,1121190020016KDEP0,87.0,2026-07,2026-07-01,1
TBR,9.00 R 20 JUH5,1122190020016KUH50,97.0,2026-07,2026-07-01,1
TBR,GT 5018 - 9.00R20 JUC2,1123190020016KJC20,44.0,2026-07,2026-07-01,1
TBR,GT 5078 - 295/80R22.5 JUX E,112222982C016JUXE0,38.0,2026-07,2026-07-01,1
TBR,GT 5079 - 255/70R22.5 JUX E,112222562C016MUXE0,133.0,2026-07,2026-07-01,1
TBR,GT 5083 - 295/80R22.5 JUM XM,112222982C016MJXM0,310.0,2026-07,2026-07-01,1
TBR,GT 5095 - 11.00R20 JUC3,1123111020016KJC30,79.0,2026-07,2026-07-01,1
TBR,GT 5096 - 11.00R20 JDC XD,1121111020016KCXD0,233.0,2026-07,2026-07-01,1
TBR,GT 5123 - 385/65R22.5 JUL4,115223852C024KUL40,42.0,2026-07,2026-07-01,1
TBR,10.00 R 20 JDC3,1121110020016KDC30,18.0,2026-07,2026-07-02,2
TBR,10.00 R 20 JDE,1121129A20000JDEP0,149.0,2026-07,2026-07-02,2
TBR,10.00 R 20 JUH3+,1122110020016KH3P0,284.0,2026-07,2026-07-02,2
TBR,10.00 R 20 JUH5,1122110020016KUH50,289.0,2026-07,2026-07-02,2
TBR,10.00R 20 JW302,1123129A20152JUCM0,78.0,2026-07,2026-07-02,2
TBR,11.00R20 JUH3,1152111020016KVH30,25.0,2026-07,2026-07-02,2
TBR,11.00R20 JUH5,1122111020016KUH50,110.0,2026-07,2026-07-02,2
TBR,11.00R20JDE++,1121111020016KDEP0,212.0,2026-07,2026-07-02,2
TBR,255/70R22.5JTH1,115222562C016MTH10,6.0,2026-07,2026-07-02,2
TBR,295/75R22.5JTHSD,115222972C014LJTS0,26.0,2026-07,2026-07-02,2
TBR,295/75R22.5JUL3,115222972C016LUL30,50.0,2026-07,2026-07-02,2
TBR,295/80R22.5JDL,112122982C016MJDL0,75.0,2026-07,2026-07-02,2
TBR,295/80R22.5JUL1,112222982C016MJUM0,138.0,2026-07,2026-07-02,2
TBR,295/90R20JDCXD,1121129A20152JCXD0,108.0,2026-07,2026-07-02,2
TBR,315/70R22.5JDL3,115123162C018LDL30,92.0,2026-07,2026-07-02,2
TBR,315/70R22.5JUL4,115223162C018LUL40,88.0,2026-07,2026-07-02,2
TBR,385/65R22.5JUCXD,115323852C020KUCD0,71.0,2026-07,2026-07-02,2
TBR,8.25R20JDE++,1121182020016KDEP0,86.0,2026-07,2026-07-02,2
TBR,8.25R20JUH5,1122182020016KUH50,86.0,2026-07,2026-07-02,2
TBR,9.00 R 20 JDE++,1121190020016KDEP0,83.0,2026-07,2026-07-02,2
TBR,9.00 R 20 JUH5,1122190020016KUH50,78.0,2026-07,2026-07-02,2
TBR,GT 5018 - 9.00R20 JUC2,1123190020016KJC20,44.0,2026-07,2026-07-02,2
TBR,GT 5078 - 295/80R22.5 JUX E,112222982C016JUXE0,46.0,2026-07,2026-07-02,2
TBR,GT 5079 - 255/70R22.5 JUX E,112222562C016MUXE0,135.0,2026-07,2026-07-02,2
TBR,GT 5083 - 295/80R22.5 JUM XM,112222982C016MJXM0,276.0,2026-07,2026-07-02,2
TBR,GT 5095 - 11.00R20 JUC3,1123111020016KJC30,90.0,2026-07,2026-07-02,2
TBR,GT 5096 - 11.00R20 JDC XD,1121111020016KCXD0,161.0,2026-07,2026-07-02,2
TBR,GT 5123 - 385/65R22.5 JUL4,115223852C024KUL40,5.0,2026-07,2026-07-02,2
TBR,10.00 R 20 JDE,1121129A20000JDEP0,279.0,2026-07,2026-07-03,3
TBR,10.00 R 20 JUH3+,1122110020016KH3P0,402.0,2026-07,2026-07-03,3
TBR,10.00 R 20 JUH5,1122110020016KUH50,328.0,2026-07,2026-07-03,3
TBR,10.00R 20 JW302,1123129A20152JUCM0,92.0,2026-07,2026-07-03,3
TBR,11.00R20 JUH5,1122111020016KUH50,168.0,2026-07,2026-07-03,3
TBR,11.00R20JDE++,1121111020016KDEP0,114.0,2026-07,2026-07-03,3
TBR,255/70R22.5JTH1,115222562C016MTH10,40.0,2026-07,2026-07-03,3
TBR,295/75R22.5JTHSD,115222972C014LJTS0,60.0,2026-07,2026-07-03,3
TBR,295/75R22.5JUL3,115222972C016LUL30,52.0,2026-07,2026-07-03,3
TBR,295/80R22.5JDL,112122982C016MJDL0,90.0,2026-07,2026-07-03,3
TBR,295/80R22.5JUL1,112222982C016MJUM0,136.0,2026-07,2026-07-03,3
TBR,295/90R20JDCXD,1121129A20152JCXD0,82.0,2026-07,2026-07-03,3
TBR,315/70R22.5JDL3,115123162C018LDL30,94.0,2026-07,2026-07-03,3
TBR,315/70R22.5JUL4,115223162C018LUL40,78.0,2026-07,2026-07-03,3
TBR,385/65R22.5JUCXD,115323852C020KUCD0,96.0,2026-07,2026-07-03,3
TBR,8.25R20JDE++,1121182020016KDEP0,78.0,2026-07,2026-07-03,3
TBR,8.25R20JUH5,1122182020016KUH50,98.0,2026-07,2026-07-03,3
TBR,9.00 R 20 JDE++,1121190020016KDEP0,88.0,2026-07,2026-07-03,3
TBR,9.00 R 20 JUH5,1122190020016KUH50,91.0,2026-07,2026-07-03,3
TBR,GT 5018 - 9.00R20 JUC2,1123190020016KJC20,25.0,2026-07,2026-07-03,3
TBR,GT 5078 - 295/80R22.5 JUX E,112222982C016JUXE0,36.0,2026-07,2026-07-03,3
TBR,GT 5079 - 255/70R22.5 JUX E,112222562C016MUXE0,100.0,2026-07,2026-07-03,3
TBR,GT 5083 - 295/80R22.5 JUM XM,112222982C016MJXM0,319.0,2026-07,2026-07-03,3
TBR,GT 5095 - 11.00R20 JUC3,1123111020016KJC30,92.0,2026-07,2026-07-03,3
TBR,GT 5096 - 11.00R20 JDC XD,1121111020016KCXD0,143.0,2026-07,2026-07-03,3
TBR,GT 5101 - 11.00R20 JS114,1121111020016K1141,12.0,2026-07,2026-07-03,3
TBR,10.00 R 20 JDE,1121129A20000JDEP0,222.0,2026-07,2026-07-04,4
TBR,10.00 R 20 JUH3+,1122110020016KH3P0,384.0,2026-07,2026-07-04,4
TBR,10.00 R 20 JUH5,1122110020016KUH50,281.0,2026-07,2026-07-04,4
TBR,10.00R 20 JW302,1123129A20152JUCM0,104.0,2026-07,2026-07-04,4
TBR,11.00R20 JUH5,1122111020016KUH50,178.0,2026-07,2026-07-04,4
TBR,11.00R20JDE++,1121111020016KDEP0,172.0,2026-07,2026-07-04,4
TBR,255/70R22.5JTH1,115222562C016MTH10,46.0,2026-07,2026-07-04,4
TBR,295/75R22.5JTHSD,115222972C014LJTS0,42.0,2026-07,2026-07-04,4
TBR,295/75R22.5JUL3,115222972C016LUL30,50.0,2026-07,2026-07-04,4
TBR,295/80R22.5JDL,112122982C016MJDL0,86.0,2026-07,2026-07-04,4
TBR,295/80R22.5JUL1,112222982C016MJUM0,128.0,2026-07,2026-07-04,4
TBR,295/90R20JDCXD,1121129A20152JCXD0,58.0,2026-07,2026-07-04,4
TBR,315/70R22.5JDL3,115123162C018LDL30,80.0,2026-07,2026-07-04,4
TBR,315/70R22.5JUL4,115223162C018LUL40,88.0,2026-07,2026-07-04,4
TBR,385/65R22.5JUCXD,115323852C020KUCD0,44.0,2026-07,2026-07-04,4
TBR,8.25R20JDE++,1121182020016KDEP0,96.0,2026-07,2026-07-04,4
TBR,8.25R20JUH5,1122182020016KUH50,99.0,2026-07,2026-07-04,4
TBR,9.00 R 20 JDE++,1121190020016KDEP0,82.0,2026-07,2026-07-04,4
TBR,9.00 R 20 JUH5,1122190020016KUH50,72.0,2026-07,2026-07-04,4
TBR,GT 5078 - 295/80R22.5 JUX E,112222982C016JUXE0,46.0,2026-07,2026-07-04,4
TBR,GT 5079 - 255/70R22.5 JUX E,112222562C016MUXE0,106.0,2026-07,2026-07-04,4
TBR,GT 5083 - 295/80R22.5 JUM XM,112222982C016MJXM0,273.0,2026-07,2026-07-04,4
TBR,GT 5095 - 11.00R20 JUC3,1123111020016KJC30,94.0,2026-07,2026-07-04,4
TBR,GT 5096 - 11.00R20 JDC XD,1121111020016KCXD0,147.0,2026-07,2026-07-04,4
TBR,GT 5098 - 275/90R20 JDE XF,1121127A20149KDEF0,28.0,2026-07,2026-07-04,4
TBR,GT 5101 - 11.00R20 JS114,1121111020016K1141,44.0,2026-07,2026-07-04,4
TBR,10.00 R 20 JDE,1121129A20000JDEP0,115.0,2026-07,2026-07-05,5
TBR,10.00 R 20 JUH3+,1122110020016KH3P0,291.0,2026-07,2026-07-05,5
TBR,10.00 R 20 JUH5,1122110020016KUH50,211.0,2026-07,2026-07-05,5
TBR,10.00R 20 JW302,1123129A20152JUCM0,77.0,2026-07,2026-07-05,5
TBR,11.00R20 JUH5,1122111020016KUH50,125.0,2026-07,2026-07-05,5
TBR,11.00R20JDE++,1121111020016KDEP0,54.0,2026-07,2026-07-05,5
TBR,11R22.5 JDH5+,115121102C016LH5P0,18.0,2026-07,2026-07-05,5
TBR,255/70R22.5JTH1,115222562C016MTH10,32.0,2026-07,2026-07-05,5
TBR,295/75R22.5JTHSD,115222972C014LJTS0,46.0,2026-07,2026-07-05,5
TBR,295/75R22.5JUL3,115222972C016LUL30,44.0,2026-07,2026-07-05,5
TBR,295/80R22.5JDL,112122982C016MJDL0,62.0,2026-07,2026-07-05,5
TBR,295/80R22.5JUL1,112222982C016MJUM0,90.0,2026-07,2026-07-05,5
TBR,295/90R20JDCXD,1121129A20152JCXD0,54.0,2026-07,2026-07-05,5
TBR,315/70R22.5JUL4,115223162C018LUL40,76.0,2026-07,2026-07-05,5
TBR,385/65R22.5JUCXD,115323852C020KUCD0,36.0,2026-07,2026-07-05,5
TBR,8.25R20JDE++,1121182020016KDEP0,30.0,2026-07,2026-07-05,5
TBR,8.25R20JUH5,1122182020016KUH50,88.0,2026-07,2026-07-05,5
TBR,9.00 R 20 JDE++,1121190020016KDEP0,52.0,2026-07,2026-07-05,5
TBR,9.00 R 20 JUH5,1122190020016KUH50,6.0,2026-07,2026-07-05,5
TBR,GT 5078 - 295/80R22.5 JUX E,112222982C016JUXE0,64.0,2026-07,2026-07-05,5
TBR,GT 5079 - 255/70R22.5 JUX E,112222562C016MUXE0,40.0,2026-07,2026-07-05,5
TBR,GT 5083 - 295/80R22.5 JUM XM,112222982C016MJXM0,185.0,2026-07,2026-07-05,5
TBR,GT 5095 - 11.00R20 JUC3,1123111020016KJC30,70.0,2026-07,2026-07-05,5
TBR,GT 5096 - 11.00R20 JDC XD,1121111020016KCXD0,105.0,2026-07,2026-07-05,5
TBR,GT 5098 - 275/90R20 JDE XF,1121127A20149KDEF0,42.0,2026-07,2026-07-05,5
TBR,GT 5101 - 11.00R20 JS114,1121111020016K1141,16.0,2026-07,2026-07-05,5
TBR,10.00 R 20 JDE,1121129A20000JDEP0,209.0,2026-07,2026-07-06,6
TBR,10.00 R 20 JUH3+,1122110020016KH3P0,205.0,2026-07,2026-07-06,6
TBR,10.00 R 20 JUH5,1122110020016KUH50,96.0,2026-07,2026-07-06,6
TBR,10.00R 20 JW302,1123129A20152JUCM0,131.0,2026-07,2026-07-06,6
TBR,11.00R20 JUH5,1122111020016KUH50,65.0,2026-07,2026-07-06,6
TBR,11.00R20JDE++,1121111020016KDEP0,186.0,2026-07,2026-07-06,6
TBR,11R22.5 JDH5+,115121102C016LH5P0,48.0,2026-07,2026-07-06,6
TBR,255/70R22.5JTH1,115222562C016MTH10,1.0,2026-07,2026-07-06,6
TBR,295/75R22.5JTHSD,115222972C014LJTS0,56.0,2026-07,2026-07-06,6
TBR,295/75R22.5JUL3,115222972C016LUL30,42.0,2026-07,2026-07-06,6
TBR,295/80R22.5JDL,112122982C016MJDL0,60.0,2026-07,2026-07-06,6
TBR,295/80R22.5JUL1,112222982C016MJUM0,109.0,2026-07,2026-07-06,6
TBR,295/90R20JDCXD,1121129A20152JCXD0,109.0,2026-07,2026-07-06,6
TBR,315/70R22.5JDL3,115123162C018LDL30,72.0,2026-07,2026-07-06,6
TBR,315/70R22.5JUL4,115223162C018LUL40,40.0,2026-07,2026-07-06,6
TBR,8.25R20JDE++,1121182020016KDEP0,71.0,2026-07,2026-07-06,6
TBR,8.25R20JUH5,1122182020016KUH50,54.0,2026-07,2026-07-06,6
TBR,9.00 R 20 JDE++,1121190020016KDEP0,84.0,2026-07,2026-07-06,6
TBR,9.00 R 20 JUH5,1122190020016KUH50,46.0,2026-07,2026-07-06,6
TBR,GT 5018 - 9.00R20 JUC2,1123190020016KJC20,42.0,2026-07,2026-07-06,6
TBR,GT 5078 - 295/80R22.5 JUX E,112222982C016JUXE0,78.0,2026-07,2026-07-06,6
TBR,GT 5079 - 255/70R22.5 JUX E,112222562C016MUXE0,80.0,2026-07,2026-07-06,6
TBR,GT 5083 - 295/80R22.5 JUM XM,112222982C016MJXM0,241.0,2026-07,2026-07-06,6
TBR,GT 5094 - 11R22.5 JUH5 EXP,115221102C016LVH50,2.0,2026-07,2026-07-06,6
TBR,GT 5095 - 11.00R20 JUC3,1123111020016KJC30,1.0,2026-07,2026-07-06,6
TBR,GT 5096 - 11.00R20 JDC XD,1121111020016KCXD0,239.0,2026-07,2026-07-06,6
TBR,GT 5098 - 275/90R20 JDE XF,1121127A20149KDEF0,10.0,2026-07,2026-07-06,6
TBR,GT 5101 - 11.00R20 JS114,1121111020016K1141,40.0,2026-07,2026-07-06,6
TBR,10.00 R 20 JDE,1121129A20000JDEP0,330.0,2026-07,2026-07-07,7
TBR,10.00 R 20 JUH3+,1122110020016KH3P0,271.0,2026-07,2026-07-07,7
TBR,10.00 R 20 JUH5,1122110020016KUH50,223.0,2026-07,2026-07-07,7
TBR,10.00R 20 JW302,1123129A20152JUCM0,72.0,2026-07,2026-07-07,7
TBR,11.00R20 JUH5,1122111020016KUH50,174.0,2026-07,2026-07-07,7
TBR,11.00R20JDE++,1121111020016KDEP0,78.0,2026-07,2026-07-07,7
TBR,11R22.5 JDH5+,115121102C016LH5P0,20.0,2026-07,2026-07-07,7
TBR,255/70R22.5JTH1,115222562C016MTH10,40.0,2026-07,2026-07-07,7
TBR,295/75R22.5JTHSD,115222972C014LJTS0,56.0,2026-07,2026-07-07,7
TBR,295/75R22.5JUL3,115222972C016LUL30,40.0,2026-07,2026-07-07,7
TBR,295/80R22.5JDL,112122982C016MJDL0,74.0,2026-07,2026-07-07,7
TBR,295/80R22.5JUL1,112222982C016MJUM0,140.0,2026-07,2026-07-07,7
TBR,295/90R20JDCXD,1121129A20152JCXD0,56.0,2026-07,2026-07-07,7
TBR,315/70R22.5JDL3,115123162C018LDL30,76.0,2026-07,2026-07-07,7
TBR,315/70R22.5JUL4,115223162C018LUL40,60.0,2026-07,2026-07-07,7
TBR,8.25R20JDE++,1121182020016KDEP0,53.0,2026-07,2026-07-07,7
TBR,8.25R20JUH5,1122182020016KUH50,92.0,2026-07,2026-07-07,7
TBR,9.00 R 20 JDE++,1121190020016KDEP0,76.0,2026-07,2026-07-07,7
TBR,9.00 R 20 JUH5,1122190020016KUH50,31.0,2026-07,2026-07-07,7
TBR,GT 5018 - 9.00R20 JUC2,1123190020016KJC20,44.0,2026-07,2026-07-07,7
TBR,GT 5078 - 295/80R22.5 JUX E,112222982C016JUXE0,60.0,2026-07,2026-07-07,7
TBR,GT 5079 - 255/70R22.5 JUX E,112222562C016MUXE0,132.0,2026-07,2026-07-07,7
TBR,GT 5083 - 295/80R22.5 JUM XM,112222982C016MJXM0,222.0,2026-07,2026-07-07,7
TBR,GT 5094 - 11R22.5 JUH5 EXP,115221102C016LVH50,46.0,2026-07,2026-07-07,7
TBR,GT 5095 - 11.00R20 JUC3,1123111020016KJC30,65.0,2026-07,2026-07-07,7
TBR,GT 5096 - 11.00R20 JDC XD,1121111020016KCXD0,189.0,2026-07,2026-07-07,7
TBR,GT 5098 - 275/90R20 JDE XF,1121127A20149KDEF0,34.0,2026-07,2026-07-07,7
TBR,GT 5101 - 11.00R20 JS114,1121111020016K1141,26.0,2026-07,2026-07-07,7
TBR,10.00 R 20 JDE,1121129A20000JDEP0,190.0,2026-07,2026-07-08,8
TBR,10.00 R 20 JUH3+,1122110020016KH3P0,163.0,2026-07,2026-07-08,8
TBR,10.00 R 20 JUH5,1122110020016KUH50,261.0,2026-07,2026-07-08,8
TBR,10.00R 20 JW302,1123129A20152JUCM0,20.0,2026-07,2026-07-08,8
TBR,11.00R20 JUH5,1122111020016KUH50,168.0,2026-07,2026-07-08,8
TBR,11.00R20JDE++,1121111020016KDEP0,124.0,2026-07,2026-07-08,8
TBR,11R22.5 JDH5+,115121102C016LH5P0,44.0,2026-07,2026-07-08,8
TBR,255/70R22.5JTH1,115222562C016MTH10,54.0,2026-07,2026-07-08,8
TBR,295/75R22.5JTHSD,115222972C014LJTS0,44.0,2026-07,2026-07-08,8
TBR,295/75R22.5JUL3,115222972C016LUL30,12.0,2026-07,2026-07-08,8
TBR,295/80R22.5JDL,112122982C016MJDL0,34.0,2026-07,2026-07-08,8
TBR,295/80R22.5JUL1,112222982C016MJUM0,44.0,2026-07,2026-07-08,8
TBR,295/90R20JDCXD,1121129A20152JCXD0,78.0,2026-07,2026-07-08,8
TBR,315/70R22.5JDL3,115123162C018LDL30,84.0,2026-07,2026-07-08,8
TBR,315/70R22.5JUL4,115223162C018LUL40,52.0,2026-07,2026-07-08,8
TBR,8.25R20JDE++,1121182020016KDEP0,60.0,2026-07,2026-07-08,8
TBR,8.25R20JUH5,1122182020016KUH50,72.0,2026-07,2026-07-08,8
TBR,9.00 R 20 JDE++,1121190020016KDEP0,94.0,2026-07,2026-07-08,8
TBR,GT 5018 - 9.00R20 JUC2,1123190020016KJC20,35.0,2026-07,2026-07-08,8
TBR,GT 5078 - 295/80R22.5 JUX E,112222982C016JUXE0,68.0,2026-07,2026-07-08,8
TBR,GT 5079 - 255/70R22.5 JUX E,112222562C016MUXE0,122.0,2026-07,2026-07-08,8
TBR,GT 5083 - 295/80R22.5 JUM XM,112222982C016MJXM0,260.0,2026-07,2026-07-08,8
TBR,GT 5094 - 11R22.5 JUH5 EXP,115221102C016LVH50,30.0,2026-07,2026-07-08,8
TBR,GT 5095 - 11.00R20 JUC3,1123111020016KJC30,73.0,2026-07,2026-07-08,8
TBR,GT 5096 - 11.00R20 JDC XD,1121111020016KCXD0,187.0,2026-07,2026-07-08,8
TBR,GT 5098 - 275/90R20 JDE XF,1121127A20149KDEF0,48.0,2026-07,2026-07-08,8
TBR,GT 5099 - 275/90R20 JUH XF,1122127A20149KUHF0,8.0,2026-07,2026-07-08,8
TBR,GT 5101 - 11.00R20 JS114,1121111020016K1141,36.0,2026-07,2026-07-08,8
TBR,10.00 R 20 JDE,1121129A20000JDEP0,301.0,2026-07,2026-07-09,9
TBR,10.00 R 20 JUH3+,1122110020016KH3P0,360.0,2026-07,2026-07-09,9
TBR,10.00 R 20 JUH5,1122110020016KUH50,258.0,2026-07,2026-07-09,9
TBR,10.00R 20 JW302,1123129A20152JUCM0,121.0,2026-07,2026-07-09,9
TBR,11.00R20 JUH5,1122111020016KUH50,177.0,2026-07,2026-07-09,9
TBR,11.00R20JDE++,1121111020016KDEP0,206.0,2026-07,2026-07-09,9
TBR,11R22.5 JDH5+,115121102C016LH5P0,38.0,2026-07,2026-07-09,9
TBR,255/70R22.5JTH1,115222562C016MTH10,32.0,2026-07,2026-07-09,9
TBR,295/75R22.5JTHSD,115222972C014LJTS0,52.0,2026-07,2026-07-09,9
TBR,295/75R22.5JUL3,115222972C016LUL30,9.0,2026-07,2026-07-09,9
TBR,295/80R22.5JDL,112122982C016MJDL0,90.0,2026-07,2026-07-09,9
TBR,295/80R22.5JUL1,112222982C016MJUM0,134.0,2026-07,2026-07-09,9
TBR,295/90R20JDCXD,1121129A20152JCXD0,117.0,2026-07,2026-07-09,9
TBR,315/70R22.5JDL3,115123162C018LDL30,69.0,2026-07,2026-07-09,9
TBR,315/70R22.5JUL4,115223162C018LUL40,78.0,2026-07,2026-07-09,9
TBR,8.25R20JDE++,1121182020016KDEP0,82.0,2026-07,2026-07-09,9
TBR,8.25R20JUH5,1122182020016KUH50,80.0,2026-07,2026-07-09,9
TBR,8.25R20VUH3+,1152182020016KH3PV,20.0,2026-07,2026-07-09,9
TBR,9.00 R 20 JDE++,1121190020016KDEP0,87.0,2026-07,2026-07-09,9
TBR,GT 5078 - 295/80R22.5 JUX E,112222982C016JUXE0,22.0,2026-07,2026-07-09,9
TBR,GT 5079 - 255/70R22.5 JUX E,112222562C016MUXE0,127.0,2026-07,2026-07-09,9
TBR,GT 5083 - 295/80R22.5 JUM XM,112222982C016MJXM0,253.0,2026-07,2026-07-09,9
TBR,GT 5094 - 11R22.5 JUH5 EXP,115221102C016LVH50,36.0,2026-07,2026-07-09,9
TBR,GT 5095 - 11.00R20 JUC3,1123111020016KJC30,84.0,2026-07,2026-07-09,9
TBR,GT 5096 - 11.00R20 JDC XD,1121111020016KCXD0,226.0,2026-07,2026-07-09,9
TBR,GT 5098 - 275/90R20 JDE XF,1121127A20149KDEF0,36.0,2026-07,2026-07-09,9
TBR,GT 5099 - 275/90R20 JUH XF,1122127A20149KUHF0,22.0,2026-07,2026-07-09,9
TBR,GT 5101 - 11.00R20 JS114,1121111020016K1141,42.0,2026-07,2026-07-09,9
TBR,10.00 R 20 JDE,1121129A20000JDEP0,137.0,2026-07,2026-07-10,10
TBR,10.00 R 20 JUH3+,1122110020016KH3P0,402.0,2026-07,2026-07-10,10
TBR,10.00 R 20 JUH5,1122110020016KUH50,279.0,2026-07,2026-07-10,10
TBR,10.00R 20 JW302,1123129A20152JUCM0,111.0,2026-07,2026-07-10,10
TBR,11.00R20 JUH5,1122111020016KUH50,146.0,2026-07,2026-07-10,10
TBR,11.00R20JDE++,1121111020016KDEP0,230.0,2026-07,2026-07-10,10
TBR,11R22.5 JDH5+,115121102C016LH5P0,48.0,2026-07,2026-07-10,10
TBR,255/70R22.5JTH1,115222562C016MTH10,54.0,2026-07,2026-07-10,10
TBR,295/75R22.5JTHSD,115222972C014LJTS0,94.0,2026-07,2026-07-10,10
TBR,295/80R22.5JDL,112122982C016MJDL0,88.0,2026-07,2026-07-10,10
TBR,295/80R22.5JUL1,112222982C016MJUM0,143.0,2026-07,2026-07-10,10
TBR,295/90R20JDCXD,1121129A20152JCXD0,92.0,2026-07,2026-07-10,10
TBR,315/70R22.5JDL3,115123162C018LDL30,90.0,2026-07,2026-07-10,10
TBR,315/70R22.5JUL4,115223162C018LUL40,90.0,2026-07,2026-07-10,10
TBR,8.25R20JDE++,1121182020016KDEP0,98.0,2026-07,2026-07-10,10
TBR,8.25R20JUH5,1122182020016KUH50,88.0,2026-07,2026-07-10,10
TBR,8.25R20VUH3+,1152182020016KH3PV,44.0,2026-07,2026-07-10,10
TBR,9.00 R 20 JDE++,1121190020016KDEP0,90.0,2026-07,2026-07-10,10
TBR,GT 5075 - 295/90R20 JUH XF,1122129A20152JULF0,24.0,2026-07,2026-07-10,10
TBR,GT 5078 - 295/80R22.5 JUX E,112222982C016JUXE0,58.0,2026-07,2026-07-10,10
TBR,GT 5079 - 255/70R22.5 JUX E,112222562C016MUXE0,131.0,2026-07,2026-07-10,10
TBR,GT 5083 - 295/80R22.5 JUM XM,112222982C016MJXM0,226.0,2026-07,2026-07-10,10
TBR,GT 5094 - 11R22.5 JUH5 EXP,115221102C016LVH50,46.0,2026-07,2026-07-10,10
TBR,GT 5095 - 11.00R20 JUC3,1123111020016KJC30,96.0,2026-07,2026-07-10,10
TBR,GT 5096 - 11.00R20 JDC XD,1121111020016KCXD0,232.0,2026-07,2026-07-10,10
TBR,GT 5098 - 275/90R20 JDE XF,1121127A20149KDEF0,38.0,2026-07,2026-07-10,10
TBR,GT 5099 - 275/90R20 JUH XF,1122127A20149KUHF0,24.0,2026-07,2026-07-10,10
TBR,GT 5101 - 11.00R20 JS114,1121111020016K1141,46.0,2026-07,2026-07-10,10
TBR,10.00 R 20 JDE,1121129A20000JDEP0,152.0,2026-07,2026-07-11,11
TBR,10.00 R 20 JUH3+,1122110020016KH3P0,370.0,2026-07,2026-07-11,11
TBR,10.00 R 20 JUH5,1122110020016KUH50,278.0,2026-07,2026-07-11,11
TBR,10.00R 20 JW302,1123129A20152JUCM0,94.0,2026-07,2026-07-11,11
TBR,11.00R20 JUH5,1122111020016KUH50,148.0,2026-07,2026-07-11,11
TBR,11.00R20JDE++,1121111020016KDEP0,142.0,2026-07,2026-07-11,11
TBR,11R22.5 JDH5+,115121102C016LH5P0,46.0,2026-07,2026-07-11,11
TBR,255/70R22.5JTH1,115222562C016MTH10,44.0,2026-07,2026-07-11,11
TBR,295/75R22.5JTHSD,115222972C014LJTS0,110.0,2026-07,2026-07-11,11
TBR,295/80R22.5JDL,112122982C016MJDL0,78.0,2026-07,2026-07-11,11
TBR,295/80R22.5JUL1,112222982C016MJUM0,127.0,2026-07,2026-07-11,11
TBR,295/90R20JDCXD,1121129A20152JCXD0,128.0,2026-07,2026-07-11,11
TBR,315/70R22.5JDL3,115123162C018LDL30,26.0,2026-07,2026-07-11,11
TBR,315/70R22.5JUL4,115223162C018LUL40,87.0,2026-07,2026-07-11,11
TBR,8.25R20JDE++,1121182020016KDEP0,60.0,2026-07,2026-07-11,11
TBR,8.25R20JUH5,1122182020016KUH50,106.0,2026-07,2026-07-11,11
TBR,8.25R20VUH3+,1152182020016KH3PV,54.0,2026-07,2026-07-11,11
TBR,9.00 R 20 JDE++,1121190020016KDEP0,86.0,2026-07,2026-07-11,11
TBR,GT 5075 - 295/90R20 JUH XF,1122129A20152JULF0,113.0,2026-07,2026-07-11,11
TBR,GT 5076 - 295/90R20 JDE XF,1121129A20152JDLF0,74.0,2026-07,2026-07-11,11
TBR,GT 5078 - 295/80R22.5 JUX E,112222982C016JUXE0,96.0,2026-07,2026-07-11,11
TBR,GT 5079 - 255/70R22.5 JUX E,112222562C016MUXE0,140.0,2026-07,2026-07-11,11
TBR,GT 5083 - 295/80R22.5 JUM XM,112222982C016MJXM0,270.0,2026-07,2026-07-11,11
TBR,GT 5094 - 11R22.5 JUH5 EXP,115221102C016LVH50,46.0,2026-07,2026-07-11,11
TBR,GT 5095 - 11.00R20 JUC3,1123111020016KJC30,74.0,2026-07,2026-07-11,11
TBR,GT 5096 - 11.00R20 JDC XD,1121111020016KCXD0,222.0,2026-07,2026-07-11,11
TBR,GT 5098 - 275/90R20 JDE XF,1121127A20149KDEF0,34.0,2026-07,2026-07-11,11
TBR,GT 5099 - 275/90R20 JUH XF,1122127A20149KUHF0,48.0,2026-07,2026-07-11,11
TBR,GT 5101 - 11.00R20 JS114,1121111020016K1141,30.0,2026-07,2026-07-11,11
TBR,10.00 R 20 JDE,1121129A20000JDEP0,180.0,2026-07,2026-07-12,12
TBR,10.00 R 20 JUH3+,1122110020016KH3P0,378.0,2026-07,2026-07-12,12
TBR,10.00 R 20 JUH5,1122110020016KUH50,252.0,2026-07,2026-07-12,12
TBR,10.00R 20 JW302,1123129A20152JUCM0,106.0,2026-07,2026-07-12,12
TBR,11.00R20 JUH5,1122111020016KUH50,98.0,2026-07,2026-07-12,12
TBR,11.00R20JDE++,1121111020016KDEP0,122.0,2026-07,2026-07-12,12
TBR,11R22.5 JDH5+,115121102C016LH5P0,29.0,2026-07,2026-07-12,12
TBR,255/70R22.5JTH1,115222562C016MTH10,24.0,2026-07,2026-07-12,12
TBR,295/75R22.5JTHSD,115222972C014LJTS0,110.0,2026-07,2026-07-12,12
TBR,295/80R22.5JDL,112122982C016MJDL0,92.0,2026-07,2026-07-12,12
TBR,295/80R22.5JUL1,112222982C016MJUM0,141.0,2026-07,2026-07-12,12
TBR,295/90R20JDCXD,1121129A20152JCXD0,132.0,2026-07,2026-07-12,12
TBR,315/70R22.5JDL3,115123162C018LDL30,86.0,2026-07,2026-07-12,12
TBR,315/70R22.5JUL4,115223162C018LUL40,75.0,2026-07,2026-07-12,12
TBR,8.25R20JDE++,1121182020016KDEP0,76.0,2026-07,2026-07-12,12
TBR,8.25R20JUH5,1122182020016KUH50,102.0,2026-07,2026-07-12,12
TBR,8.25R20VUH3+,1152182020016KH3PV,36.0,2026-07,2026-07-12,12
TBR,9.00 R 20 JDE++,1121190020016KDEP0,98.0,2026-07,2026-07-12,12
TBR,GT 5075 - 295/90R20 JUH XF,1122129A20152JULF0,173.0,2026-07,2026-07-12,12
TBR,GT 5076 - 295/90R20 JDE XF,1121129A20152JDLF0,98.0,2026-07,2026-07-12,12
TBR,GT 5078 - 295/80R22.5 JUX E,112222982C016JUXE0,93.0,2026-07,2026-07-12,12
TBR,GT 5079 - 255/70R22.5 JUX E,112222562C016MUXE0,124.0,2026-07,2026-07-12,12
TBR,GT 5083 - 295/80R22.5 JUM XM,112222982C016MJXM0,278.0,2026-07,2026-07-12,12
TBR,GT 5094 - 11R22.5 JUH5 EXP,115221102C016LVH50,50.0,2026-07,2026-07-12,12
TBR,GT 5095 - 11.00R20 JUC3,1123111020016KJC30,72.0,2026-07,2026-07-12,12
TBR,GT 5096 - 11.00R20 JDC XD,1121111020016KCXD0,190.0,2026-07,2026-07-12,12
TBR,GT 5098 - 275/90R20 JDE XF,1121127A20149KDEF0,48.0,2026-07,2026-07-12,12
TBR,GT 5099 - 275/90R20 JUH XF,1122127A20149KUHF0,44.0,2026-07,2026-07-12,12
TBR,10.00 R 20 JDE,1121129A20000JDEP0,121.0,2026-07,2026-07-13,13
TBR,10.00 R 20 JUH3+,1122110020016KH3P0,348.0,2026-07,2026-07-13,13
TBR,10.00 R 20 JUH5,1122110020016KUH50,275.0,2026-07,2026-07-13,13
TBR,10.00R 20 JW302,1123129A20152JUCM0,108.0,2026-07,2026-07-13,13
TBR,11.00R20 JUH5,1122111020016KUH50,92.0,2026-07,2026-07-13,13
TBR,11.00R20JDE++,1121111020016KDEP0,128.0,2026-07,2026-07-13,13
TBR,255/70R22.5JTH1,115222562C016MTH10,50.0,2026-07,2026-07-13,13
TBR,295/75R22.5JTHSD,115222972C014LJTS0,96.0,2026-07,2026-07-13,13
TBR,295/80R22.5JDL,112122982C016MJDL0,94.0,2026-07,2026-07-13,13
TBR,295/80R22.5JUL1,112222982C016MJUM0,138.0,2026-07,2026-07-13,13
TBR,295/90R20JDCXD,1121129A20152JCXD0,129.0,2026-07,2026-07-13,13
TBR,315/70R22.5JDL3,115123162C018LDL30,80.0,2026-07,2026-07-13,13
TBR,315/70R22.5JUL4,115223162C018LUL40,87.0,2026-07,2026-07-13,13
TBR,8.25R20JDE++,1121182020016KDEP0,104.0,2026-07,2026-07-13,13
TBR,8.25R20JUH5,1122182020016KUH50,102.0,2026-07,2026-07-13,13
TBR,8.25R20VUH3+,1152182020016KH3PV,52.0,2026-07,2026-07-13,13
TBR,9.00 R 20 JDE++,1121190020016KDEP0,92.0,2026-07,2026-07-13,13
TBR,GT 5075 - 295/90R20 JUH XF,1122129A20152JULF0,181.0,2026-07,2026-07-13,13
TBR,GT 5076 - 295/90R20 JDE XF,1121129A20152JDLF0,181.0,2026-07,2026-07-13,13
TBR,GT 5078 - 295/80R22.5 JUX E,112222982C016JUXE0,51.0,2026-07,2026-07-13,13
TBR,GT 5079 - 255/70R22.5 JUX E,112222562C016MUXE0,134.0,2026-07,2026-07-13,13
TBR,GT 5083 - 295/80R22.5 JUM XM,112222982C016MJXM0,269.0,2026-07,2026-07-13,13
TBR,GT 5094 - 11R22.5 JUH5 EXP,115221102C016LVH50,38.0,2026-07,2026-07-13,13
TBR,GT 5095 - 11.00R20 JUC3,1123111020016KJC30,84.0,2026-07,2026-07-13,13
TBR,GT 5096 - 11.00R20 JDC XD,1121111020016KCXD0,162.0,2026-07,2026-07-13,13
TBR,GT 5098 - 275/90R20 JDE XF,1121127A20149KDEF0,32.0,2026-07,2026-07-13,13
TBR,GT 5099 - 275/90R20 JUH XF,1122127A20149KUHF0,44.0,2026-07,2026-07-13,13
TBR,GT 5101 - 11.00R20 JS114,1121111020016K1141,42.0,2026-07,2026-07-13,13
TBR,GT 5115 - 295/80R22.5 JW305,112322982C016M3061,23.0,2026-07,2026-07-13,13
TBR,10.00 R 20 JDE,1121129A20000JDEP0,110.0,2026-07,2026-07-14,14
TBR,10.00 R 20 JUH3+,1122110020016KH3P0,394.0,2026-07,2026-07-14,14
TBR,10.00 R 20 JUH5,1122110020016KUH50,249.0,2026-07,2026-07-14,14
TBR,10.00R 20 JW302,1123129A20152JUCM0,129.0,2026-07,2026-07-14,14
TBR,11.00R20 JUH5,1122111020016KUH50,92.0,2026-07,2026-07-14,14
TBR,11.00R20JDE++,1121111020016KDEP0,142.0,2026-07,2026-07-14,14
TBR,255/70R22.5JTH1,115222562C016MTH10,46.0,2026-07,2026-07-14,14
TBR,295/75R22.5JTHSD,115222972C014LJTS0,74.0,2026-07,2026-07-14,14
TBR,295/80R22.5JDL,112122982C016MJDL0,92.0,2026-07,2026-07-14,14
TBR,295/80R22.5JUL1,112222982C016MJUM0,131.0,2026-07,2026-07-14,14
TBR,295/90R20JDCXD,1121129A20152JCXD0,134.0,2026-07,2026-07-14,14
TBR,315/70R22.5JDL3,115123162C018LDL30,90.0,2026-07,2026-07-14,14
TBR,315/70R22.5JUL4,115223162C018LUL40,76.0,2026-07,2026-07-14,14
TBR,8.25R20JDE++,1121182020016KDEP0,92.0,2026-07,2026-07-14,14
TBR,8.25R20JUH5,1122182020016KUH50,78.0,2026-07,2026-07-14,14
TBR,8.25R20VUH3+,1152182020016KH3PV,56.0,2026-07,2026-07-14,14
TBR,9.00 R 20 JDE++,1121190020016KDEP0,90.0,2026-07,2026-07-14,14
TBR,GT 5075 - 295/90R20 JUH XF,1122129A20152JULF0,147.0,2026-07,2026-07-14,14
TBR,GT 5076 - 295/90R20 JDE XF,1121129A20152JDLF0,223.0,2026-07,2026-07-14,14
TBR,GT 5078 - 295/80R22.5 JUX E,112222982C016JUXE0,70.0,2026-07,2026-07-14,14
TBR,GT 5079 - 255/70R22.5 JUX E,112222562C016MUXE0,136.0,2026-07,2026-07-14,14
TBR,GT 5083 - 295/80R22.5 JUM XM,112222982C016MJXM0,284.0,2026-07,2026-07-14,14
TBR,GT 5094 - 11R22.5 JUH5 EXP,115221102C016LVH50,50.0,2026-07,2026-07-14,14
TBR,GT 5095 - 11.00R20 JUC3,1123111020016KJC30,86.0,2026-07,2026-07-14,14
TBR,GT 5096 - 11.00R20 JDC XD,1121111020016KCXD0,120.0,2026-07,2026-07-14,14
TBR,GT 5098 - 275/90R20 JDE XF,1121127A20149KDEF0,46.0,2026-07,2026-07-14,14
TBR,GT 5099 - 275/90R20 JUH XF,1122127A20149KUHF0,30.0,2026-07,2026-07-14,14
TBR,GT 5101 - 11.00R20 JS114,1121111020016K1141,42.0,2026-07,2026-07-14,14
TBR,GT 5102 - 295/80R22.5 JDL XM DOM,112122982C016MJXM0,32.0,2026-07,2026-07-14,14
TBR,GT 5115 - 295/80R22.5 JW305,112322982C016M3061,42.0,2026-07,2026-07-14,14
TBR,10.00 R 20 JDE,1121129A20000JDEP0,138.0,2026-07,2026-07-15,15
TBR,10.00 R 20 JUH3+,1122110020016KH3P0,396.0,2026-07,2026-07-15,15
TBR,10.00 R 20 JUH5,1122110020016KUH50,222.0,2026-07,2026-07-15,15
TBR,10.00R 20 JW302,1123129A20152JUCM0,128.0,2026-07,2026-07-15,15
TBR,11.00R20 JUH5,1122111020016KUH50,84.0,2026-07,2026-07-15,15
TBR,11.00R20JDE++,1121111020016KDEP0,116.0,2026-07,2026-07-15,15
TBR,11R22.5JUC,112321102C016LJUC0,18.0,2026-07,2026-07-15,15
TBR,255/70R22.5JTH1,115222562C016MTH10,52.0,2026-07,2026-07-15,15
TBR,295/75R22.5JTHSD,115222972C014LJTS0,16.0,2026-07,2026-07-15,15
TBR,295/80R22.5JDL,112122982C016MJDL0,68.0,2026-07,2026-07-15,15
TBR,295/80R22.5JUL1,112222982C016MJUM0,137.0,2026-07,2026-07-15,15
TBR,295/90R20JDCXD,1121129A20152JCXD0,110.0,2026-07,2026-07-15,15
TBR,315/70R22.5JDL3,115123162C018LDL30,42.0,2026-07,2026-07-15,15
TBR,315/70R22.5JUL4,115223162C018LUL40,76.0,2026-07,2026-07-15,15
TBR,8.25R20JDE++,1121182020016KDEP0,100.0,2026-07,2026-07-15,15
TBR,8.25R20JUH5,1122182020016KUH50,76.0,2026-07,2026-07-15,15
TBR,8.25R20VUH3+,1152182020016KH3PV,30.0,2026-07,2026-07-15,15
TBR,9.00 R 20 JDE++,1121190020016KDEP0,82.0,2026-07,2026-07-15,15
TBR,GT 5075 - 295/90R20 JUH XF,1122129A20152JULF0,176.0,2026-07,2026-07-15,15
TBR,GT 5076 - 295/90R20 JDE XF,1121129A20152JDLF0,192.0,2026-07,2026-07-15,15
TBR,GT 5078 - 295/80R22.5 JUX E,112222982C016JUXE0,90.0,2026-07,2026-07-15,15
TBR,GT 5079 - 255/70R22.5 JUX E,112222562C016MUXE0,128.0,2026-07,2026-07-15,15
TBR,GT 5083 - 295/80R22.5 JUM XM,112222982C016MJXM0,275.0,2026-07,2026-07-15,15
TBR,GT 5094 - 11R22.5 JUH5 EXP,115221102C016LVH50,9.0,2026-07,2026-07-15,15
TBR,GT 5095 - 11.00R20 JUC3,1123111020016KJC30,80.0,2026-07,2026-07-15,15
TBR,GT 5096 - 11.00R20 JDC XD,1121111020016KCXD0,134.0,2026-07,2026-07-15,15
TBR,GT 5098 - 275/90R20 JDE XF,1121127A20149KDEF0,48.0,2026-07,2026-07-15,15
TBR,GT 5099 - 275/90R20 JUH XF,1122127A20149KUHF0,36.0,2026-07,2026-07-15,15
TBR,GT 5101 - 11.00R20 JS114,1121111020016K1141,46.0,2026-07,2026-07-15,15
TBR,GT 5102 - 295/80R22.5 JDL XM DOM,112122982C016MJXM0,38.0,2026-07,2026-07-15,15
TBR,GT 5115 - 295/80R22.5 JW305,112322982C016M3061,2.0,2026-07,2026-07-15,15
TBR,GT 5117 - 10.00R20 CUC (BD),1153110020016KCUC1,2.0,2026-07,2026-07-15,15
TBR,10.00 R 20 JDE,1121129A20000JDEP0,126.0,2026-07,2026-07-16,16
TBR,10.00 R 20 JUH3+,1122110020016KH3P0,400.0,2026-07,2026-07-16,16
TBR,10.00 R 20 JUH5,1122110020016KUH50,275.0,2026-07,2026-07-16,16
TBR,10.00R 20 JW302,1123129A20152JUCM0,112.0,2026-07,2026-07-16,16
TBR,11.00R20 JUH5,1122111020016KUH50,82.0,2026-07,2026-07-16,16
TBR,11.00R20JDE++,1121111020016KDEP0,130.0,2026-07,2026-07-16,16
TBR,11R22.5JUC,112321102C016LJUC0,44.0,2026-07,2026-07-16,16
TBR,255/70R22.5JTH1,115222562C016MTH10,28.0,2026-07,2026-07-16,16
TBR,295/75R22.5JTHSD,115222972C014LJTS0,52.0,2026-07,2026-07-16,16
TBR,295/80R22.5JDL,112122982C016MJDL0,88.0,2026-07,2026-07-16,16
TBR,295/80R22.5JUL1,112222982C016MJUM0,140.0,2026-07,2026-07-16,16
TBR,295/90R20JDCXD,1121129A20152JCXD0,107.0,2026-07,2026-07-16,16
TBR,315/70R22.5JDL3,115123162C018LDL30,84.0,2026-07,2026-07-16,16
TBR,315/70R22.5JUL4,115223162C018LUL40,86.0,2026-07,2026-07-16,16
TBR,8.25R20JDE++,1121182020016KDEP0,100.0,2026-07,2026-07-16,16
TBR,8.25R20JUH5,1122182020016KUH50,100.0,2026-07,2026-07-16,16
TBR,8.25R20VUH3+,1152182020016KH3PV,54.0,2026-07,2026-07-16,16
TBR,9.00 R 20 JDE++,1121190020016KDEP0,90.0,2026-07,2026-07-16,16
TBR,GT 5075 - 295/90R20 JUH XF,1122129A20152JULF0,144.0,2026-07,2026-07-16,16
TBR,GT 5076 - 295/90R20 JDE XF,1121129A20152JDLF0,231.0,2026-07,2026-07-16,16
TBR,GT 5078 - 295/80R22.5 JUX E,112222982C016JUXE0,92.0,2026-07,2026-07-16,16
TBR,GT 5079 - 255/70R22.5 JUX E,112222562C016MUXE0,137.0,2026-07,2026-07-16,16
TBR,GT 5083 - 295/80R22.5 JUM XM,112222982C016MJXM0,88.0,2026-07,2026-07-16,16
TBR,GT 5094 - 11R22.5 JUH5 EXP,115221102C016LVH50,47.0,2026-07,2026-07-16,16
TBR,GT 5095 - 11.00R20 JUC3,1123111020016KJC30,82.0,2026-07,2026-07-16,16
TBR,GT 5096 - 11.00R20 JDC XD,1121111020016KCXD0,136.0,2026-07,2026-07-16,16
TBR,GT 5098 - 275/90R20 JDE XF,1121127A20149KDEF0,48.0,2026-07,2026-07-16,16
TBR,GT 5099 - 275/90R20 JUH XF,1122127A20149KUHF0,42.0,2026-07,2026-07-16,16
TBR,GT 5101 - 11.00R20 JS114,1121111020016K1141,42.0,2026-07,2026-07-16,16
TBR,GT 5102 - 295/80R22.5 JDL XM DOM,112122982C016MJXM0,44.0,2026-07,2026-07-16,16
TBR,GT 5103 - 295/80R22.5 JUM XM OEM,112222982C152MJXM0,169.0,2026-07,2026-07-16,16
TBR,GT 5115 - 295/80R22.5 JW305,112322982C016M3061,19.0,2026-07,2026-07-16,16
TBR,GT 5117 - 10.00R20 CUC (BD),1153110020016KCUC1,36.0,2026-07,2026-07-16,16
TBR,10.00 R 20 JDE,1121129A20000JDEP0,136.0,2026-07,2026-07-17,17
TBR,10.00 R 20 JUH3+,1122110020016KH3P0,320.0,2026-07,2026-07-17,17
TBR,10.00 R 20 JUH5,1122110020016KUH50,294.0,2026-07,2026-07-17,17
TBR,10.00R 20 JW302,1123129A20152JUCM0,138.0,2026-07,2026-07-17,17
TBR,11.00R20 JUH5,1122111020016KUH50,22.0,2026-07,2026-07-17,17
TBR,11.00R20JDE++,1121111020016KDEP0,126.0,2026-07,2026-07-17,17
TBR,11R22.5 JUL2+,115221102C016LL2P0,12.0,2026-07,2026-07-17,17
TBR,11R22.5JUC,112321102C016LJUC0,40.0,2026-07,2026-07-17,17
TBR,255/70R22.5JTH1,115222562C016MTH10,48.0,2026-07,2026-07-17,17
TBR,295/75R22.5JTHSD,115222972C014LJTS0,39.0,2026-07,2026-07-17,17
TBR,295/80R22.5JDL,112122982C016MJDL0,58.0,2026-07,2026-07-17,17
TBR,295/80R22.5JUL1,112222982C016MJUM0,90.0,2026-07,2026-07-17,17
TBR,295/90R20JDCXD,1121129A20152JCXD0,113.0,2026-07,2026-07-17,17
TBR,315/70R22.5JDL3,115123162C018LDL30,84.0,2026-07,2026-07-17,17
TBR,315/70R22.5JUL4,115223162C018LUL40,52.0,2026-07,2026-07-17,17
TBR,8.25R20JDE++,1121182020016KDEP0,104.0,2026-07,2026-07-17,17
TBR,8.25R20JUH5,1122182020016KUH50,93.0,2026-07,2026-07-17,17
TBR,8.25R20VUH3+,1152182020016KH3PV,54.0,2026-07,2026-07-17,17
TBR,9.00 R 20 JDE++,1121190020016KDEP0,80.0,2026-07,2026-07-17,17
TBR,GT 5075 - 295/90R20 JUH XF,1122129A20152JULF0,178.0,2026-07,2026-07-17,17
TBR,GT 5076 - 295/90R20 JDE XF,1121129A20152JDLF0,204.0,2026-07,2026-07-17,17
TBR,GT 5078 - 295/80R22.5 JUX E,112222982C016JUXE0,86.0,2026-07,2026-07-17,17
TBR,GT 5079 - 255/70R22.5 JUX E,112222562C016MUXE0,133.0,2026-07,2026-07-17,17
TBR,GT 5094 - 11R22.5 JUH5 EXP,115221102C016LVH50,23.0,2026-07,2026-07-17,17
TBR,GT 5095 - 11.00R20 JUC3,1123111020016KJC30,54.0,2026-07,2026-07-17,17
TBR,GT 5096 - 11.00R20 JDC XD,1121111020016KCXD0,109.0,2026-07,2026-07-17,17
TBR,GT 5098 - 275/90R20 JDE XF,1121127A20149KDEF0,24.0,2026-07,2026-07-17,17
TBR,GT 5099 - 275/90R20 JUH XF,1122127A20149KUHF0,48.0,2026-07,2026-07-17,17
TBR,GT 5102 - 295/80R22.5 JDL XM DOM,112122982C016MJXM0,46.0,2026-07,2026-07-17,17
TBR,GT 5103 - 295/80R22.5 JUM XM OEM,112222982C152MJXM0,285.0,2026-07,2026-07-17,17
TBR,GT 5115 - 295/80R22.5 JW305,112322982C016M3061,46.0,2026-07,2026-07-17,17
TBR,GT 5117 - 10.00R20 CUC (BD),1153110020016KCUC1,32.0,2026-07,2026-07-17,17
TBR,10.00 R 20 JDE,1121129A20000JDEP0,124.0,2026-07,2026-07-18,18
TBR,10.00 R 20 JUH3+,1122110020016KH3P0,293.0,2026-07,2026-07-18,18
TBR,10.00 R 20 JUH5,1122110020016KUH50,310.0,2026-07,2026-07-18,18
TBR,10.00R 20 JW302,1123129A20152JUCM0,106.0,2026-07,2026-07-18,18
TBR,11.00R20 JUH5,1122111020016KUH50,42.0,2026-07,2026-07-18,18
TBR,11.00R20JDE++,1121111020016KDEP0,80.0,2026-07,2026-07-18,18
TBR,11R22.5 JUL2+,115221102C016LL2P0,18.0,2026-07,2026-07-18,18
TBR,11R22.5JUC,112321102C016LJUC0,16.0,2026-07,2026-07-18,18
TBR,255/70R22.5JTH1,115222562C016MTH10,49.0,2026-07,2026-07-18,18
TBR,295/80R22.5JDL,112122982C016MJDL0,82.0,2026-07,2026-07-18,18
TBR,295/80R22.5JUL1,112222982C016MJUM0,134.0,2026-07,2026-07-18,18
TBR,295/90R20JDCXD,1121129A20152JCXD0,114.0,2026-07,2026-07-18,18
TBR,315/70R22.5JDL3,115123162C018LDL30,72.0,2026-07,2026-07-18,18
TBR,315/70R22.5JUL4,115223162C018LUL40,46.0,2026-07,2026-07-18,18
TBR,8.25R20JDE++,1121182020016KDEP0,102.0,2026-07,2026-07-18,18
TBR,8.25R20JUH5,1122182020016KUH50,92.0,2026-07,2026-07-18,18
TBR,8.25R20VUH3+,1152182020016KH3PV,40.0,2026-07,2026-07-18,18
TBR,9.00 R 20 JDE++,1121190020016KDEP0,92.0,2026-07,2026-07-18,18
TBR,9.00 R 20 JUH3,1122190020014KJH30,68.0,2026-07,2026-07-18,18
TBR,GT 5075 - 295/90R20 JUH XF,1122129A20152JULF0,175.0,2026-07,2026-07-18,18
TBR,GT 5076 - 295/90R20 JDE XF,1121129A20152JDLF0,201.0,2026-07,2026-07-18,18
TBR,GT 5078 - 295/80R22.5 JUX E,112222982C016JUXE0,94.0,2026-07,2026-07-18,18
TBR,GT 5079 - 255/70R22.5 JUX E,112222562C016MUXE0,132.0,2026-07,2026-07-18,18
TBR,GT 5095 - 11.00R20 JUC3,1123111020016KJC30,84.0,2026-07,2026-07-18,18
TBR,GT 5096 - 11.00R20 JDC XD,1121111020016KCXD0,97.0,2026-07,2026-07-18,18
TBR,GT 5099 - 275/90R20 JUH XF,1122127A20149KUHF0,40.0,2026-07,2026-07-18,18
TBR,GT 5102 - 295/80R22.5 JDL XM DOM,112122982C016MJXM0,72.0,2026-07,2026-07-18,18
TBR,GT 5103 - 295/80R22.5 JUM XM OEM,112222982C152MJXM0,260.0,2026-07,2026-07-18,18
TBR,GT 5115 - 295/80R22.5 JW305,112322982C016M3061,32.0,2026-07,2026-07-18,18
TBR,GT 5117 - 10.00R20 CUC (BD),1153110020016KCUC1,33.0,2026-07,2026-07-18,18
TBR,10.00 R 20 JDE,1121129A20000JDEP0,164.0,2026-07,2026-07-19,19
TBR,10.00 R 20 JUH3+,1122110020016KH3P0,237.0,2026-07,2026-07-19,19
TBR,10.00 R 20 JUH5,1122110020016KUH50,348.0,2026-07,2026-07-19,19
TBR,10.00R 20 JW302,1123129A20152JUCM0,122.0,2026-07,2026-07-19,19
TBR,11.00R20 JUH5,1122111020016KUH50,90.0,2026-07,2026-07-19,19
TBR,11.00R20JDE++,1121111020016KDEP0,130.0,2026-07,2026-07-19,19
TBR,11R22.5 JUL2+,115221102C016LL2P0,18.0,2026-07,2026-07-19,19
TBR,11R22.5JUC,112321102C016LJUC0,24.0,2026-07,2026-07-19,19
TBR,255/70R22.5JTH1,115222562C016MTH10,34.0,2026-07,2026-07-19,19
TBR,295/80R22.5JDL,112122982C016MJDL0,48.0,2026-07,2026-07-19,19
TBR,295/80R22.5JUL1,112222982C016MJUM0,122.0,2026-07,2026-07-19,19
TBR,295/90R20JDCXD,1121129A20152JCXD0,88.0,2026-07,2026-07-19,19
TBR,315/70R22.5JDL3,115123162C018LDL30,75.0,2026-07,2026-07-19,19
TBR,315/70R22.5JUL4,115223162C018LUL40,46.0,2026-07,2026-07-19,19
TBR,315/80R22.5JUL3,115223182C018MUL30,34.0,2026-07,2026-07-19,19
TBR,8.25R20JDE++,1121182020016KDEP0,97.0,2026-07,2026-07-19,19
TBR,8.25R20JUH5,1122182020016KUH50,106.0,2026-07,2026-07-19,19
TBR,8.25R20VUH3+,1152182020016KH3PV,28.0,2026-07,2026-07-19,19
TBR,9.00 R 20 JDE++,1121190020016KDEP0,90.0,2026-07,2026-07-19,19
TBR,9.00 R 20 JUH3,1122190020014KJH30,116.0,2026-07,2026-07-19,19
TBR,GT 5075 - 295/90R20 JUH XF,1122129A20152JULF0,169.0,2026-07,2026-07-19,19
TBR,GT 5076 - 295/90R20 JDE XF,1121129A20152JDLF0,224.0,2026-07,2026-07-19,19
TBR,GT 5078 - 295/80R22.5 JUX E,112222982C016JUXE0,90.0,2026-07,2026-07-19,19
TBR,GT 5079 - 255/70R22.5 JUX E,112222562C016MUXE0,130.0,2026-07,2026-07-19,19
TBR,GT 5095 - 11.00R20 JUC3,1123111020016KJC30,76.0,2026-07,2026-07-19,19
TBR,GT 5096 - 11.00R20 JDC XD,1121111020016KCXD0,134.0,2026-07,2026-07-19,19
TBR,GT 5099 - 275/90R20 JUH XF,1122127A20149KUHF0,28.0,2026-07,2026-07-19,19
TBR,GT 5101 - 11.00R20 JS114,1121111020016K1141,36.0,2026-07,2026-07-19,19
TBR,GT 5102 - 295/80R22.5 JDL XM DOM,112122982C016MJXM0,90.0,2026-07,2026-07-19,19
TBR,GT 5103 - 295/80R22.5 JUM XM OEM,112222982C152MJXM0,254.0,2026-07,2026-07-19,19
TBR,GT 5113 - 295/80R22.5 JDC XD,115122982C018KCXD0,22.0,2026-07,2026-07-19,19
TBR,GT 5115 - 295/80R22.5 JW305,112322982C016M3061,46.0,2026-07,2026-07-19,19
TBR,10.00 R 20 JDE,1121129A20000JDEP0,144.0,2026-07,2026-07-20,20
TBR,10.00 R 20 JUH3+,1122110020016KH3P0,239.0,2026-07,2026-07-20,20
TBR,10.00 R 20 JUH5,1122110020016KUH50,420.0,2026-07,2026-07-20,20
TBR,10.00R 20 JW302,1123129A20152JUCM0,133.0,2026-07,2026-07-20,20
TBR,11.00R20 JUH5,1122111020016KUH50,64.0,2026-07,2026-07-20,20
TBR,11.00R20JDE++,1121111020016KDEP0,136.0,2026-07,2026-07-20,20
TBR,11R22.5 JUL2+,115221102C016LL2P0,30.0,2026-07,2026-07-20,20
TBR,11R22.5JUC,112321102C016LJUC0,46.0,2026-07,2026-07-20,20
TBR,255/70R22.5JTH1,115222562C016MTH10,45.0,2026-07,2026-07-20,20
TBR,295/80R22.5JDL,112122982C016MJDL0,5.0,2026-07,2026-07-20,20
TBR,295/80R22.5JUL1,112222982C016MJUM0,140.0,2026-07,2026-07-20,20
TBR,295/90R20JDCXD,1121129A20152JCXD0,110.0,2026-07,2026-07-20,20
TBR,315/70R22.5JDL3,115123162C018LDL30,65.0,2026-07,2026-07-20,20
TBR,315/70R22.5JUL4,115223162C018LUL40,10.0,2026-07,2026-07-20,20
TBR,315/80R22.5JUL3,115223182C018MUL30,44.0,2026-07,2026-07-20,20
TBR,8.25R20JDE++,1121182020016KDEP0,104.0,2026-07,2026-07-20,20
TBR,8.25R20JUH5,1122182020016KUH50,104.0,2026-07,2026-07-20,20
TBR,8.25R20VUH3+,1152182020016KH3PV,21.0,2026-07,2026-07-20,20
TBR,9.00 R 20 JDE++,1121190020016KDEP0,80.0,2026-07,2026-07-20,20
TBR,9.00 R 20 JUH3,1122190020014KJH30,112.0,2026-07,2026-07-20,20
TBR,GT 5075 - 295/90R20 JUH XF,1122129A20152JULF0,187.0,2026-07,2026-07-20,20
TBR,GT 5076 - 295/90R20 JDE XF,1121129A20152JDLF0,199.0,2026-07,2026-07-20,20
TBR,GT 5078 - 295/80R22.5 JUX E,112222982C016JUXE0,96.0,2026-07,2026-07-20,20
TBR,GT 5079 - 255/70R22.5 JUX E,112222562C016MUXE0,136.0,2026-07,2026-07-20,20
TBR,GT 5095 - 11.00R20 JUC3,1123111020016KJC30,92.0,2026-07,2026-07-20,20
TBR,GT 5096 - 11.00R20 JDC XD,1121111020016KCXD0,142.0,2026-07,2026-07-20,20
TBR,GT 5101 - 11.00R20 JS114,1121111020016K1141,42.0,2026-07,2026-07-20,20
TBR,GT 5102 - 295/80R22.5 JDL XM DOM,112122982C016MJXM0,88.0,2026-07,2026-07-20,20
TBR,GT 5103 - 295/80R22.5 JUM XM OEM,112222982C152MJXM0,229.0,2026-07,2026-07-20,20
TBR,GT 5113 - 295/80R22.5 JDC XD,115122982C018KCXD0,64.0,2026-07,2026-07-20,20
TBR,GT 5115 - 295/80R22.5 JW305,112322982C016M3061,34.0,2026-07,2026-07-20,20
TBR,10.00 R 20 JDE,1121129A20000JDEP0,174.0,2026-07,2026-07-21,21
TBR,10.00 R 20 JUH3+,1122110020016KH3P0,212.0,2026-07,2026-07-21,21
TBR,10.00 R 20 JUH5,1122110020016KUH50,392.0,2026-07,2026-07-21,21
TBR,10.00R 20 JW302,1123129A20152JUCM0,137.0,2026-07,2026-07-21,21
TBR,11.00R20 JUH5,1122111020016KUH50,86.0,2026-07,2026-07-21,21
TBR,11.00R20JDE++,1121111020016KDEP0,124.0,2026-07,2026-07-21,21
TBR,11R22.5 JUL2+,115221102C016LL2P0,36.0,2026-07,2026-07-21,21
TBR,11R22.5JUC,112321102C016LJUC0,38.0,2026-07,2026-07-21,21
TBR,255/70R22.5JTH1,115222562C016MTH10,13.0,2026-07,2026-07-21,21
TBR,295/80R22.5JUL1,112222982C016MJUM0,130.0,2026-07,2026-07-21,21
TBR,295/90R20JDCXD,1121129A20152JCXD0,122.0,2026-07,2026-07-21,21
TBR,315/70R22.5JDL3,115123162C018LDL30,37.0,2026-07,2026-07-21,21
TBR,315/80R22.5JUL3,115223182C018MUL30,46.0,2026-07,2026-07-21,21
TBR,385/55R22.5JTL,115223832C020KJTL0,14.0,2026-07,2026-07-21,21
TBR,8.25R20JDE++,1121182020016KDEP0,114.0,2026-07,2026-07-21,21
TBR,8.25R20JUH5,1122182020016KUH50,63.0,2026-07,2026-07-21,21
TBR,9.00 R 20 JDE++,1121190020016KDEP0,80.0,2026-07,2026-07-21,21
TBR,9.00 R 20 JUH3,1122190020014KJH30,107.0,2026-07,2026-07-21,21
TBR,GT 5075 - 295/90R20 JUH XF,1122129A20152JULF0,172.0,2026-07,2026-07-21,21
TBR,GT 5076 - 295/90R20 JDE XF,1121129A20152JDLF0,218.0,2026-07,2026-07-21,21
TBR,GT 5078 - 295/80R22.5 JUX E,112222982C016JUXE0,127.0,2026-07,2026-07-21,21
TBR,GT 5079 - 255/70R22.5 JUX E,112222562C016MUXE0,134.0,2026-07,2026-07-21,21
TBR,GT 5095 - 11.00R20 JUC3,1123111020016KJC30,78.0,2026-07,2026-07-21,21
TBR,GT 5096 - 11.00R20 JDC XD,1121111020016KCXD0,118.0,2026-07,2026-07-21,21
TBR,GT 5101 - 11.00R20 JS114,1121111020016K1141,20.0,2026-07,2026-07-21,21
TBR,GT 5102 - 295/80R22.5 JDL XM DOM,112122982C016MJXM0,54.0,2026-07,2026-07-21,21
TBR,GT 5103 - 295/80R22.5 JUM XM OEM,112222982C152MJXM0,225.0,2026-07,2026-07-21,21
TBR,GT 5113 - 295/80R22.5 JDC XD,115122982C018KCXD0,84.0,2026-07,2026-07-21,21
TBR,GT 5115 - 295/80R22.5 JW305,112322982C016M3061,36.0,2026-07,2026-07-21,21
TBR,10.00 R 20 JDE,1121129A20000JDEP0,185.0,2026-07,2026-07-22,22
TBR,10.00 R 20 JUH3+,1122110020016KH3P0,202.0,2026-07,2026-07-22,22
TBR,10.00 R 20 JUH5,1122110020016KUH50,454.0,2026-07,2026-07-22,22
TBR,10.00R 20 JW302,1123129A20152JUCM0,132.0,2026-07,2026-07-22,22
TBR,11.00R20 JUH5,1122111020016KUH50,34.0,2026-07,2026-07-22,22
TBR,11.00R20JDE++,1121111020016KDEP0,130.0,2026-07,2026-07-22,22
TBR,11R22.5 JUL2+,115221102C016LL2P0,50.0,2026-07,2026-07-22,22
TBR,11R22.5JUC,112321102C016LJUC0,48.0,2026-07,2026-07-22,22
TBR,295/80R22.5JUL1,112222982C016MJUM0,132.0,2026-07,2026-07-22,22
TBR,295/90R20JDCXD,1121129A20152JCXD0,119.0,2026-07,2026-07-22,22
TBR,315/80R22.5JUL3,115223182C018MUL30,40.0,2026-07,2026-07-22,22
TBR,315/80R22.5JUL4,115223182C018LUL40,26.0,2026-07,2026-07-22,22
TBR,385/55R22.5JTL,115223832C020KJTL0,44.0,2026-07,2026-07-22,22
TBR,385/65R22.5JTL,115223852C024KJTL0,48.0,2026-07,2026-07-22,22
TBR,8.25R20JDE++,1121182020016KDEP0,148.0,2026-07,2026-07-22,22
TBR,8.25R20JUH5,1122182020016KUH50,106.0,2026-07,2026-07-22,22
TBR,9.00 R 20 JDE++,1121190020016KDEP0,74.0,2026-07,2026-07-22,22
TBR,9.00 R 20 JUH3,1122190020014KJH30,109.0,2026-07,2026-07-22,22
TBR,GT 5075 - 295/90R20 JUH XF,1122129A20152JULF0,176.0,2026-07,2026-07-22,22
TBR,GT 5076 - 295/90R20 JDE XF,1121129A20152JDLF0,230.0,2026-07,2026-07-22,22
TBR,GT 5078 - 295/80R22.5 JUX E,112222982C016JUXE0,112.0,2026-07,2026-07-22,22
TBR,GT 5079 - 255/70R22.5 JUX E,112222562C016MUXE0,114.0,2026-07,2026-07-22,22
TBR,GT 5095 - 11.00R20 JUC3,1123111020016KJC30,78.0,2026-07,2026-07-22,22
TBR,GT 5096 - 11.00R20 JDC XD,1121111020016KCXD0,126.0,2026-07,2026-07-22,22
TBR,GT 5101 - 11.00R20 JS114,1121111020016K1141,44.0,2026-07,2026-07-22,22
TBR,GT 5102 - 295/80R22.5 JDL XM DOM,112122982C016MJXM0,82.0,2026-07,2026-07-22,22
TBR,GT 5103 - 295/80R22.5 JUM XM OEM,112222982C152MJXM0,177.0,2026-07,2026-07-22,22
TBR,GT 5113 - 295/80R22.5 JDC XD,115122982C018KCXD0,86.0,2026-07,2026-07-22,22
TBR,GT 5115 - 295/80R22.5 JW305,112322982C016M3061,46.0,2026-07,2026-07-22,22
TBR,10.00 R 20 JDE,1121129A20000JDEP0,150.0,2026-07,2026-07-23,23
TBR,10.00 R 20 JUH3+,1122110020016KH3P0,91.0,2026-07,2026-07-23,23
TBR,10.00 R 20 JUH5,1122110020016KUH50,500.0,2026-07,2026-07-23,23
TBR,10.00R 20 JW302,1123129A20152JUCM0,141.0,2026-07,2026-07-23,23
TBR,11.00R20 JUH5,1122111020016KUH50,90.0,2026-07,2026-07-23,23
TBR,11.00R20JDE++,1121111020016KDEP0,117.0,2026-07,2026-07-23,23
TBR,11R22.5 JUL2+,115221102C016LL2P0,46.0,2026-07,2026-07-23,23
TBR,11R22.5JUC,112321102C016LJUC0,44.0,2026-07,2026-07-23,23
TBR,295/80R22.5JUL1,112222982C016MJUM0,112.0,2026-07,2026-07-23,23
TBR,295/90R20JDCXD,1121129A20152JCXD0,130.0,2026-07,2026-07-23,23
TBR,315/80R22.5JUL3,115223182C018MUL30,48.0,2026-07,2026-07-23,23
TBR,315/80R22.5JUL4,115223182C018LUL40,44.0,2026-07,2026-07-23,23
TBR,385/55R22.5JTL,115223832C020KJTL0,36.0,2026-07,2026-07-23,23
TBR,385/65R22.5JTL,115223852C024KJTL0,76.0,2026-07,2026-07-23,23
TBR,8.25R20JDE++,1121182020016KDEP0,159.0,2026-07,2026-07-23,23
TBR,8.25R20JUH5,1122182020016KUH50,72.0,2026-07,2026-07-23,23
TBR,9.00 R 20 JDE++,1121190020016KDEP0,96.0,2026-07,2026-07-23,23
TBR,9.00 R 20 JUH3,1122190020014KJH30,90.0,2026-07,2026-07-23,23
TBR,GT 5075 - 295/90R20 JUH XF,1122129A20152JULF0,184.0,2026-07,2026-07-23,23
TBR,GT 5076 - 295/90R20 JDE XF,1121129A20152JDLF0,220.0,2026-07,2026-07-23,23
TBR,GT 5078 - 295/80R22.5 JUX E,112222982C016JUXE0,120.0,2026-07,2026-07-23,23
TBR,GT 5079 - 255/70R22.5 JUX E,112222562C016MUXE0,136.0,2026-07,2026-07-23,23
TBR,GT 5095 - 11.00R20 JUC3,1123111020016KJC30,66.0,2026-07,2026-07-23,23
TBR,GT 5096 - 11.00R20 JDC XD,1121111020016KCXD0,128.0,2026-07,2026-07-23,23
TBR,GT 5101 - 11.00R20 JS114,1121111020016K1141,12.0,2026-07,2026-07-23,23
TBR,GT 5102 - 295/80R22.5 JDL XM DOM,112122982C016MJXM0,86.0,2026-07,2026-07-23,23
TBR,GT 5103 - 295/80R22.5 JUM XM OEM,112222982C152MJXM0,212.0,2026-07,2026-07-23,23
TBR,GT 5110 - 275/70R22.5 JUXE SDI,115222762C016JUXE0,4.0,2026-07,2026-07-23,23
TBR,GT 5113 - 295/80R22.5 JDC XD,115122982C018KCXD0,82.0,2026-07,2026-07-23,23
TBR,GT 5115 - 295/80R22.5 JW305,112322982C016M3061,42.0,2026-07,2026-07-23,23
TBR,10.00 R 20 JDE,1121129A20000JDEP0,170.0,2026-07,2026-07-24,24
TBR,10.00 R 20 JUH3+,1122110020016KH3P0,58.0,2026-07,2026-07-24,24
TBR,10.00 R 20 JUH5,1122110020016KUH50,574.0,2026-07,2026-07-24,24
TBR,10.00R 20 JW302,1123129A20152JUCM0,128.0,2026-07,2026-07-24,24
TBR,11.00R20 JUH5,1122111020016KUH50,46.0,2026-07,2026-07-24,24
TBR,11.00R20JDE++,1121111020016KDEP0,115.0,2026-07,2026-07-24,24
TBR,11R22.5 JUL2+,115221102C016LL2P0,48.0,2026-07,2026-07-24,24
TBR,11R22.5JUC,112321102C016LJUC0,44.0,2026-07,2026-07-24,24
TBR,295/80R22.5JUL1,112222982C016MJUM0,128.0,2026-07,2026-07-24,24
TBR,295/90R20JDCXD,1121129A20152JCXD0,64.0,2026-07,2026-07-24,24
TBR,315/80R22.5JUL3,115223182C018MUL30,38.0,2026-07,2026-07-24,24
TBR,315/80R22.5JUL4,115223182C018LUL40,40.0,2026-07,2026-07-24,24
TBR,385/55R22.5JTL,115223832C020KJTL0,30.0,2026-07,2026-07-24,24
TBR,385/65R22.5JTL,115223852C024KJTL0,74.0,2026-07,2026-07-24,24
TBR,8.25R20JDE++,1121182020016KDEP0,166.0,2026-07,2026-07-24,24
TBR,8.25R20JUH5,1122182020016KUH50,130.0,2026-07,2026-07-24,24
TBR,9.00 R 20 JDE++,1121190020016KDEP0,89.0,2026-07,2026-07-24,24
TBR,9.00 R 20 JUH3,1122190020014KJH30,89.0,2026-07,2026-07-24,24
TBR,GT 5075 - 295/90R20 JUH XF,1122129A20152JULF0,188.0,2026-07,2026-07-24,24
TBR,GT 5076 - 295/90R20 JDE XF,1121129A20152JDLF0,230.0,2026-07,2026-07-24,24
TBR,GT 5078 - 295/80R22.5 JUX E,112222982C016JUXE0,128.0,2026-07,2026-07-24,24
TBR,GT 5079 - 255/70R22.5 JUX E,112222562C016MUXE0,128.0,2026-07,2026-07-24,24
TBR,GT 5095 - 11.00R20 JUC3,1123111020016KJC30,84.0,2026-07,2026-07-24,24
TBR,GT 5096 - 11.00R20 JDC XD,1121111020016KCXD0,72.0,2026-07,2026-07-24,24
TBR,GT 5101 - 11.00R20 JS114,1121111020016K1141,38.0,2026-07,2026-07-24,24
TBR,GT 5102 - 295/80R22.5 JDL XM DOM,112122982C016MJXM0,76.0,2026-07,2026-07-24,24
TBR,GT 5103 - 295/80R22.5 JUM XM OEM,112222982C152MJXM0,229.0,2026-07,2026-07-24,24
TBR,GT 5110 - 275/70R22.5 JUXE SDI,115222762C016JUXE0,6.0,2026-07,2026-07-24,24
TBR,GT 5113 - 295/80R22.5 JDC XD,115122982C018KCXD0,58.0,2026-07,2026-07-24,24
TBR,GT 5115 - 295/80R22.5 JW305,112322982C016M3061,46.0,2026-07,2026-07-24,24
TBR,10.00 R 20 JDE,1121129A20000JDEP0,122.0,2026-07,2026-07-25,25
TBR,10.00 R 20 JUH5,1122110020016KUH50,592.0,2026-07,2026-07-25,25
TBR,10.00R 20 JW302,1123129A20152JUCM0,120.0,2026-07,2026-07-25,25
TBR,10.00R20JUC,1123110020016KJUC0,18.0,2026-07,2026-07-25,25
TBR,11.00R20 JUH5,1122111020016KUH50,87.0,2026-07,2026-07-25,25
TBR,11.00R20JDE++,1121111020016KDEP0,134.0,2026-07,2026-07-25,25
TBR,11R22.5 JUL2+,115221102C016LL2P0,46.0,2026-07,2026-07-25,25
TBR,11R22.5JTHSD,115221102C016LJTS0,12.0,2026-07,2026-07-25,25
TBR,11R22.5JUC,112321102C016LJUC0,44.0,2026-07,2026-07-25,25
TBR,295/80R22.5JUL1,112222982C016MJUM0,130.0,2026-07,2026-07-25,25
TBR,295/90R20JDCXD,1121129A20152JCXD0,54.0,2026-07,2026-07-25,25
TBR,315/80R22.5JUL3,115223182C018MUL30,44.0,2026-07,2026-07-25,25
TBR,315/80R22.5JUL4,115223182C018LUL40,38.0,2026-07,2026-07-25,25
TBR,385/55R22.5JTL,115223832C020KJTL0,44.0,2026-07,2026-07-25,25
TBR,385/65R22.5JTL,115223852C024KJTL0,76.0,2026-07,2026-07-25,25
TBR,8.25R20JDE++,1121182020016KDEP0,226.0,2026-07,2026-07-25,25
TBR,8.25R20JUH5,1122182020016KUH50,160.0,2026-07,2026-07-25,25
TBR,9.00 R 20 JDE++,1121190020016KDEP0,86.0,2026-07,2026-07-25,25
TBR,9.00 R 20 JUH3,1122190020014KJH30,111.0,2026-07,2026-07-25,25
TBR,GT 5075 - 295/90R20 JUH XF,1122129A20152JULF0,165.0,2026-07,2026-07-25,25
TBR,GT 5076 - 295/90R20 JDE XF,1121129A20152JDLF0,222.0,2026-07,2026-07-25,25
TBR,GT 5078 - 295/80R22.5 JUX E,112222982C016JUXE0,138.0,2026-07,2026-07-25,25
TBR,GT 5079 - 255/70R22.5 JUX E,112222562C016MUXE0,134.0,2026-07,2026-07-25,25
TBR,GT 5095 - 11.00R20 JUC3,1123111020016KJC30,88.0,2026-07,2026-07-25,25
TBR,GT 5096 - 11.00R20 JDC XD,1121111020016KCXD0,74.0,2026-07,2026-07-25,25
TBR,GT 5101 - 11.00R20 JS114,1121111020016K1141,27.0,2026-07,2026-07-25,25
TBR,GT 5102 - 295/80R22.5 JDL XM DOM,112122982C016MJXM0,19.0,2026-07,2026-07-25,25
TBR,GT 5103 - 295/80R22.5 JUM XM OEM,112222982C152MJXM0,213.0,2026-07,2026-07-25,25
TBR,GT 5113 - 295/80R22.5 JDC XD,115122982C018KCXD0,88.0,2026-07,2026-07-25,25
TBR,GT 5115 - 295/80R22.5 JW305,112322982C016M3061,15.0,2026-07,2026-07-25,25
TBR,10.00 R 20 JDE,1121129A20000JDEP0,146.0,2026-07,2026-07-26,26
TBR,10.00 R 20 JUH5,1122110020016KUH50,595.0,2026-07,2026-07-26,26
TBR,10.00R 20 JW302,1123129A20152JUCM0,122.0,2026-07,2026-07-26,26
TBR,10.00R20JUC,1123110020016KJUC0,48.0,2026-07,2026-07-26,26
TBR,11.00R20 JUH5,1122111020016KUH50,62.0,2026-07,2026-07-26,26
TBR,11.00R20JDE++,1121111020016KDEP0,140.0,2026-07,2026-07-26,26
TBR,11R22.5 JUL2+,115221102C016LL2P0,34.0,2026-07,2026-07-26,26
TBR,11R22.5JTHSD,115221102C016LJTS0,70.0,2026-07,2026-07-26,26
TBR,11R22.5JUC,112321102C016LJUC0,34.0,2026-07,2026-07-26,26
TBR,295/80R22.5JUL1,112222982C016MJUM0,122.0,2026-07,2026-07-26,26
TBR,295/90R20JDCXD,1121129A20152JCXD0,94.0,2026-07,2026-07-26,26
TBR,315/80R22.5JUL3,115223182C018MUL30,40.0,2026-07,2026-07-26,26
TBR,315/80R22.5JUL4,115223182C018LUL40,48.0,2026-07,2026-07-26,26
TBR,385/55R22.5JTL,115223832C020KJTL0,44.0,2026-07,2026-07-26,26
TBR,385/65R22.5JTL,115223852C024KJTL0,76.0,2026-07,2026-07-26,26
TBR,8.25R20JDE++,1121182020016KDEP0,200.0,2026-07,2026-07-26,26
TBR,8.25R20JUH5,1122182020016KUH50,181.0,2026-07,2026-07-26,26
TBR,9.00 R 20 JDE++,1121190020016KDEP0,76.0,2026-07,2026-07-26,26
TBR,9.00 R 20 JUH3,1122190020014KJH30,35.0,2026-07,2026-07-26,26
TBR,GT 5075 - 295/90R20 JUH XF,1122129A20152JULF0,178.0,2026-07,2026-07-26,26
TBR,GT 5076 - 295/90R20 JDE XF,1121129A20152JDLF0,238.0,2026-07,2026-07-26,26
TBR,GT 5078 - 295/80R22.5 JUX E,112222982C016JUXE0,110.0,2026-07,2026-07-26,26
TBR,GT 5079 - 255/70R22.5 JUX E,112222562C016MUXE0,122.0,2026-07,2026-07-26,26
TBR,GT 5095 - 11.00R20 JUC3,1123111020016KJC30,82.0,2026-07,2026-07-26,26
TBR,GT 5096 - 11.00R20 JDC XD,1121111020016KCXD0,52.0,2026-07,2026-07-26,26
TBR,GT 5103 - 295/80R22.5 JUM XM OEM,112222982C152MJXM0,204.0,2026-07,2026-07-26,26
TBR,GT 5113 - 295/80R22.5 JDC XD,115122982C018KCXD0,90.0,2026-07,2026-07-26,26
TBR,GT 5115 - 295/80R22.5 JW305,112322982C016M3061,2.0,2026-07,2026-07-26,26
TBR,10.00 R 20 JDE,1121129A20000JDEP0,130.0,2026-07,2026-07-27,27
TBR,10.00 R 20 JUH5,1122110020016KUH50,579.0,2026-07,2026-07-27,27
TBR,10.00R 20 JW302,1123129A20152JUCM0,138.0,2026-07,2026-07-27,27
TBR,10.00R20JUC,1123110020016KJUC0,16.0,2026-07,2026-07-27,27
TBR,11.00R20 JUH5,1122111020016KUH50,84.0,2026-07,2026-07-27,27
TBR,11.00R20JDE++,1121111020016KDEP0,133.0,2026-07,2026-07-27,27
TBR,11R22.5 JUL2+,115221102C016LL2P0,30.0,2026-07,2026-07-27,27
TBR,11R22.5JTHSD,115221102C016LJTS0,92.0,2026-07,2026-07-27,27
TBR,11R22.5JUC,112321102C016LJUC0,10.0,2026-07,2026-07-27,27
TBR,295/80R22.5JUL1,112222982C016MJUM0,144.0,2026-07,2026-07-27,27
TBR,295/90R20JDCXD,1121129A20152JCXD0,90.0,2026-07,2026-07-27,27
TBR,315/80R22.5JUL3,115223182C018MUL30,31.0,2026-07,2026-07-27,27
TBR,315/80R22.5JUL4,115223182C018LUL40,48.0,2026-07,2026-07-27,27
TBR,385/55R22.5JTL,115223832C020KJTL0,44.0,2026-07,2026-07-27,27
TBR,385/65R22.5JTL,115223852C024KJTL0,76.0,2026-07,2026-07-27,27
TBR,8.25R20JDE++,1121182020016KDEP0,268.0,2026-07,2026-07-27,27
TBR,8.25R20JUH5,1122182020016KUH50,172.0,2026-07,2026-07-27,27
TBR,9.00 R 20 JDE++,1121190020016KDEP0,82.0,2026-07,2026-07-27,27
TBR,9.00 R 20 JUH3,1122190020014KJH30,103.0,2026-07,2026-07-27,27
TBR,GT 5075 - 295/90R20 JUH XF,1122129A20152JULF0,217.0,2026-07,2026-07-27,27
TBR,GT 5076 - 295/90R20 JDE XF,1121129A20152JDLF0,228.0,2026-07,2026-07-27,27
TBR,GT 5078 - 295/80R22.5 JUX E,112222982C016JUXE0,142.0,2026-07,2026-07-27,27
TBR,GT 5079 - 255/70R22.5 JUX E,112222562C016MUXE0,136.0,2026-07,2026-07-27,27
TBR,GT 5095 - 11.00R20 JUC3,1123111020016KJC30,80.0,2026-07,2026-07-27,27
TBR,GT 5096 - 11.00R20 JDC XD,1121111020016KCXD0,3.0,2026-07,2026-07-27,27
TBR,GT 5103 - 295/80R22.5 JUM XM OEM,112222982C152MJXM0,192.0,2026-07,2026-07-27,27
TBR,GT 5113 - 295/80R22.5 JDC XD,115122982C018KCXD0,88.0,2026-07,2026-07-27,27
TBR,GT 5115 - 295/80R22.5 JW305,112322982C016M3061,40.0,2026-07,2026-07-27,27
TBR,10.00 R 20 JDE,1121129A20000JDEP0,116.0,2026-07,2026-07-28,28
TBR,10.00 R 20 JUH5,1122110020016KUH50,570.0,2026-07,2026-07-28,28
TBR,10.00R 20 JW302,1123129A20152JUCM0,142.0,2026-07,2026-07-28,28
TBR,10.00R20JUC,1123110020016KJUC0,47.0,2026-07,2026-07-28,28
TBR,11.00R20 JUH5,1122111020016KUH50,82.0,2026-07,2026-07-28,28
TBR,11.00R20JDE++,1121111020016KDEP0,136.0,2026-07,2026-07-28,28
TBR,11R22.5 JUL2+,115221102C016LL2P0,15.0,2026-07,2026-07-28,28
TBR,11R22.5JTHSD,115221102C016LJTS0,84.0,2026-07,2026-07-28,28
TBR,11R22.5JUC,112321102C016LJUC0,48.0,2026-07,2026-07-28,28
TBR,295/80R22.5JUL1,112222982C016MJUM0,110.0,2026-07,2026-07-28,28
TBR,295/90R20JDCXD,1121129A20152JCXD0,90.0,2026-07,2026-07-28,28
TBR,315/80R22.5JDL3,115123182C018LDL30,14.0,2026-07,2026-07-28,28
TBR,315/80R22.5JUL4,115223182C018LUL40,62.0,2026-07,2026-07-28,28
TBR,385/65R22.5JTL,115223852C024KJTL0,78.0,2026-07,2026-07-28,28
TBR,8.25R20JDE++,1121182020016KDEP0,242.0,2026-07,2026-07-28,28
TBR,8.25R20JUH5,1122182020016KUH50,154.0,2026-07,2026-07-28,28
TBR,9.00 R 20 JDE++,1121190020016KDEP0,94.0,2026-07,2026-07-28,28
TBR,9.00 R 20 JUH3,1122190020014KJH30,104.0,2026-07,2026-07-28,28
TBR,GT 5075 - 295/90R20 JUH XF,1122129A20152JULF0,261.0,2026-07,2026-07-28,28
TBR,GT 5076 - 295/90R20 JDE XF,1121129A20152JDLF0,264.0,2026-07,2026-07-28,28
TBR,GT 5078 - 295/80R22.5 JUX E,112222982C016JUXE0,124.0,2026-07,2026-07-28,28
TBR,GT 5079 - 255/70R22.5 JUX E,112222562C016MUXE0,127.0,2026-07,2026-07-28,28
TBR,GT 5095 - 11.00R20 JUC3,1123111020016KJC30,45.0,2026-07,2026-07-28,28
TBR,GT 5103 - 295/80R22.5 JUM XM OEM,112222982C152MJXM0,200.0,2026-07,2026-07-28,28
TBR,GT 5113 - 295/80R22.5 JDC XD,115122982C018KCXD0,86.0,2026-07,2026-07-28,28
TBR,GT 5115 - 295/80R22.5 JW305,112322982C016M3061,48.0,2026-07,2026-07-28,28
TBR,10.00 R 20 JDE,1121129A20000JDEP0,124.0,2026-07,2026-07-29,29
TBR,10.00 R 20 JUH5,1122110020016KUH50,515.0,2026-07,2026-07-29,29
TBR,10.00R 20 JW302,1123129A20152JUCM0,81.0,2026-07,2026-07-29,29
TBR,10.00R20JUC,1123110020016KJUC0,2.0,2026-07,2026-07-29,29
TBR,11.00R20 JUH5,1122111020016KUH50,84.0,2026-07,2026-07-29,29
TBR,11.00R20JDE++,1121111020016KDEP0,130.0,2026-07,2026-07-29,29
TBR,11R22.5JTHSD,115221102C016LJTS0,94.0,2026-07,2026-07-29,29
TBR,11R22.5JUC,112321102C016LJUC0,44.0,2026-07,2026-07-29,29
TBR,11R22.5JUHE,115221102C016LJUH0,36.0,2026-07,2026-07-29,29
TBR,295/80R22.5JUL1,112222982C016MJUM0,134.0,2026-07,2026-07-29,29
TBR,295/90R20JDCXD,1121129A20152JCXD0,66.0,2026-07,2026-07-29,29
TBR,315/80R22.5JDL3,115123182C018LDL30,36.0,2026-07,2026-07-29,29
TBR,315/80R22.5JUL4,115223182C018LUL40,88.0,2026-07,2026-07-29,29
TBR,385/65R22.5JTL,115223852C024KJTL0,80.0,2026-07,2026-07-29,29
TBR,8.25R20JDE++,1121182020016KDEP0,226.0,2026-07,2026-07-29,29
TBR,8.25R20JUH5,1122182020016KUH50,150.0,2026-07,2026-07-29,29
TBR,9.00 R 20 JDE++,1121190020016KDEP0,90.0,2026-07,2026-07-29,29
TBR,9.00 R 20 JUH3,1122190020014KJH30,100.0,2026-07,2026-07-29,29
TBR,GT 5075 - 295/90R20 JUH XF,1122129A20152JULF0,235.0,2026-07,2026-07-29,29
TBR,GT 5076 - 295/90R20 JDE XF,1121129A20152JDLF0,272.0,2026-07,2026-07-29,29
TBR,GT 5078 - 295/80R22.5 JUX E,112222982C016JUXE0,120.0,2026-07,2026-07-29,29
TBR,GT 5079 - 255/70R22.5 JUX E,112222562C016MUXE0,121.0,2026-07,2026-07-29,29
TBR,GT 5095 - 11.00R20 JUC3,1123111020016KJC30,88.0,2026-07,2026-07-29,29
TBR,GT 5103 - 295/80R22.5 JUM XM OEM,112222982C152MJXM0,227.0,2026-07,2026-07-29,29
TBR,GT 5113 - 295/80R22.5 JDC XD,115122982C018KCXD0,77.0,2026-07,2026-07-29,29
TBR,GT 5115 - 295/80R22.5 JW305,112322982C016M3061,44.0,2026-07,2026-07-29,29
TBR,10.00 R 20 JDE,1121129A20000JDEP0,138.0,2026-07,2026-07-30,30
TBR,10.00 R 20 JUH5,1122110020016KUH50,559.0,2026-07,2026-07-30,30
TBR,10.00R 20 JW302,1123129A20152JUCM0,135.0,2026-07,2026-07-30,30
TBR,10.00R20JUC,1123110020016KJUC0,24.0,2026-07,2026-07-30,30
TBR,11.00R20 JUH5,1122111020016KUH50,76.0,2026-07,2026-07-30,30
TBR,11.00R20JDE++,1121111020016KDEP0,109.0,2026-07,2026-07-30,30
TBR,11R22.5JTHSD,115221102C016LJTS0,92.0,2026-07,2026-07-30,30
TBR,11R22.5JUC,112321102C016LJUC0,34.0,2026-07,2026-07-30,30
TBR,11R22.5JUHE,115221102C016LJUH0,46.0,2026-07,2026-07-30,30
TBR,295/80R22.5JUL1,112222982C016MJUM0,142.0,2026-07,2026-07-30,30
TBR,295/90R20JDCXD,1121129A20152JCXD0,70.0,2026-07,2026-07-30,30
TBR,315/80R22.5JDL3,115123182C018LDL30,46.0,2026-07,2026-07-30,30
TBR,315/80R22.5JUL4,115223182C018LUL40,68.0,2026-07,2026-07-30,30
TBR,385/65R22.5JTL,115223852C024KJTL0,52.0,2026-07,2026-07-30,30
TBR,8.25R20JDE++,1121182020016KDEP0,240.0,2026-07,2026-07-30,30
TBR,8.25R20JUH5,1122182020016KUH50,158.0,2026-07,2026-07-30,30
TBR,9.00 R 20 JDE++,1121190020016KDEP0,84.0,2026-07,2026-07-30,30
TBR,9.00 R 20 JUH3,1122190020014KJH30,36.0,2026-07,2026-07-30,30
TBR,9.00 R 20 JUH5,1122190020016KUH50,18.0,2026-07,2026-07-30,30
TBR,GT 5055 - 295/80R22.5 JUC XM,115322982C016MJXM0,22.0,2026-07,2026-07-30,30
TBR,GT 5075 - 295/90R20 JUH XF,1122129A20152JULF0,278.0,2026-07,2026-07-30,30
TBR,GT 5076 - 295/90R20 JDE XF,1121129A20152JDLF0,258.0,2026-07,2026-07-30,30
TBR,GT 5078 - 295/80R22.5 JUX E,112222982C016JUXE0,132.0,2026-07,2026-07-30,30
TBR,GT 5079 - 255/70R22.5 JUX E,112222562C016MUXE0,112.0,2026-07,2026-07-30,30
TBR,GT 5095 - 11.00R20 JUC3,1123111020016KJC30,58.0,2026-07,2026-07-30,30
TBR,GT 5103 - 295/80R22.5 JUM XM OEM,112222982C152MJXM0,238.0,2026-07,2026-07-30,30
TBR,GT 5113 - 295/80R22.5 JDC XD,115122982C018KCXD0,88.0,2026-07,2026-07-30,30
TBR,GT 5115 - 295/80R22.5 JW305,112322982C016M3061,46.0,2026-07,2026-07-30,30
TBR,10.00 R 20 JDE,1121129A20000JDEP0,138.0,2026-07,2026-07-31,31
TBR,10.00 R 20 JUH5,1122110020016KUH50,584.0,2026-07,2026-07-31,31
TBR,10.00R 20 JW302,1123129A20152JUCM0,126.0,2026-07,2026-07-31,31
TBR,10.00R20JUC,1123110020016KJUC0,43.0,2026-07,2026-07-31,31
TBR,11.00R20 JUH5,1122111020016KUH50,50.0,2026-07,2026-07-31,31
TBR,11.00R20JDE++,1121111020016KDEP0,114.0,2026-07,2026-07-31,31
TBR,11R22.5JTHSD,115221102C016LJTS0,110.0,2026-07,2026-07-31,31
TBR,11R22.5JUHE,115221102C016LJUH0,29.0,2026-07,2026-07-31,31
TBR,295/80R22.5JUL1,112222982C016MJUM0,130.0,2026-07,2026-07-31,31
TBR,295/90R20JDCXD,1121129A20152JCXD0,92.0,2026-07,2026-07-31,31
TBR,315/80R22.5JDL3,115123182C018LDL30,27.0,2026-07,2026-07-31,31
TBR,315/80R22.5JUC4,115323182C018LUC40,2.0,2026-07,2026-07-31,31
TBR,315/80R22.5JUL4,115223182C018LUL40,92.0,2026-07,2026-07-31,31
TBR,385/65R22.5JTL,115223852C024KJTL0,94.0,2026-07,2026-07-31,31
TBR,8.25R20JDE++,1121182020016KDEP0,230.0,2026-07,2026-07-31,31
TBR,8.25R20JUH5,1122182020016KUH50,156.0,2026-07,2026-07-31,31
TBR,9.00 R 20 JDE++,1121190020016KDEP0,60.0,2026-07,2026-07-31,31
TBR,9.00 R 20 JUH5,1122190020016KUH50,68.0,2026-07,2026-07-31,31
TBR,GT 5055 - 295/80R22.5 JUC XM,115322982C016MJXM0,64.0,2026-07,2026-07-31,31
TBR,GT 5075 - 295/90R20 JUH XF,1122129A20152JULF0,279.0,2026-07,2026-07-31,31
TBR,GT 5076 - 295/90R20 JDE XF,1121129A20152JDLF0,267.0,2026-07,2026-07-31,31
TBR,GT 5078 - 295/80R22.5 JUX E,112222982C016JUXE0,138.0,2026-07,2026-07-31,31
TBR,GT 5079 - 255/70R22.5 JUX E,112222562C016MUXE0,110.0,2026-07,2026-07-31,31
TBR,GT 5095 - 11.00R20 JUC3,1123111020016KJC30,72.0,2026-07,2026-07-31,31
TBR,GT 5103 - 295/80R22.5 JUM XM OEM,112222982C152MJXM0,236.0,2026-07,2026-07-31,31
TBR,GT 5113 - 295/80R22.5 JDC XD,115122982C018KCXD0,84.0,2026-07,2026-07-31,31
TBR,GT 5115 - 295/80R22.5 JW305,112322982C016M3061,44.0,2026-07,2026-07-31,31
