tableID,Mould,Matl.Code,Matl.Description,Capacity,Active Flag,Last Change Date,Last Change Time,Changed By
1,C18565R15VECTLGR01,1325218515088TVEC0,185/65 R15_VECTRA_88_T_TL,,1,,,
2,C18565R15VECTLGR02,1325218515088TVEC0,185/65 R15_VECTRA_88_T_TL,,1,,,
3,C18565R15VECTLMK03,1325218515088TVEC0,185/65 R15_VECTRA_88_T_TL,,1,,,
4,C18565R15VECTLMK04,1325218515088TVEC0,185/65 R15_VECTRA_88_T_TL,,1,,,
5,C18565R15VECTLMK06,1325218515088TVEC0,185/65 R15_VECTRA_88_T_TL,,1,,,
6,C18565R15VECTLMK07,1325218515088TVEC0,185/65 R15_VECTRA_88_T_TL,,1,,,
7,C18565R15VECTLMK08,1325218515088TVEC0,185/65 R15_VECTRA_88_T_TL,,1,,,
8,C18565R15VECTLMK02,1325218515088TVEC1,185/65R15_ Vectra _88 T _TL _Renault,,1,,,
9,C18565R15VETLBMK01,1325218515088TVEC1,185/65R15_ Vectra _88 T _TL _Renault,,1,,,
10,C19555R15UX1TLGC01,1325219315089VUX10,195/55R15 UX1 89 V TL,,1,,,
10,C19555R15UX1TLGC01,1325219315085VUX10,195/55R15 UX1 89 V TL,,1,,,
11,C19555R15UX1TLGC02,1325219315089VUX10,195/55R15 UX1 89 V TL,,1,,,
11,C19555R15UX1TLGC02,1325219315085VUX10,195/55R15 UX1 89 V TL,,1,,,
12,C19560R15UX1TLGC01,1325219415092VUX10,195/60R15 UX1 92 V TL,,1,,,
12,C19560R15UX1TLGC01,1325219415088VUX10,195/60R15 UX1 92 V TL,,1,,,
13,C19560R15UX1TLGC03,1325219415092VUX10,195/60R15 UX1 92 V TL,,1,,,
13,C19560R15UX1TLGC03,1325219415088VUX10,195/60R15 UX1 92 V TL,,1,,,
14,C195R15UXPC1TLGC01,1225219Z15008SXC10,195R15_ULTIMA XPC1_8PR_S_TL,,1,,,
15,C195R15UXPC1TLGC02,1225219Z15008SXC10,195R15_ULTIMA XPC1_8PR_S_TL,,1,,,
16,C195R15UXPC1TLGC03,1225219Z15008SXC10,195R15_ULTIMA XPC1_8PR_S_TL,,1,,,
17,C195R15UXPC1TLGC04,1225219Z15008SXC10,195R15_ULTIMA XPC1_8PR_S_TL,,1,,,
18,C23575R15BXATHM01,1225223715104RBET0,LT235/75R15 BLAZZE X-A/T TL 104/101 R,,1,,,
18,C23575R15BXATHM01,1325223715104RRXT0,LT235/75R15 BLAZZE X-A/T TL 104/101 R,,1,,,
18,C23575R15BXATHM01,1325223715104RBXT0,LT235/75R15 BLAZZE X-A/T TL 104/101 R,,1,,,
19,C23575R15BXATHM02,1225223715104RBET0,LT235/75R15 BLAZZE X-A/T TL 104/101 R,,1,,,
19,C23575R15BXATHM02,1325223715104RRXT0,LT235/75R15 BLAZZE X-A/T TL 104/101 R,,1,,,
19,C23575R15BXATHM02,1325223715104RBXT0,LT235/75R15 BLAZZE X-A/T TL 104/101 R,,1,,,
20,C31105R15RATTLGC01,1325210015109QRAT0,31X10.5R15 RANGER A/T_109_Q_TL,,1,,,
21,C31105R15RATTLGC02,1325210015109QRAT0,31X10.5R15 RANGER A/T_109_Q_TL,,1,,,
22,C19565R15ALPTLGC01,1325219515091VUXA0,195/65R15_UX ALP_91V TL,,1,,,
23,C20555R16UXRTLHM01,1325220316091VURL0,205/55 R 16 _UX ROYALE_91_V_TL,,1,,,
23,C20555R16UXRTLHM01,1325220316091VUX10,205/55 R 16 _UX ROYALE_91_V_TL,,1,,,
24,C20555R16UXRTLHM02,1325220316091VURL0,205/55 R 16 _UX ROYALE_91_V_TL,,1,,,
24,C20555R16UXRTLHM02,1325220316091VUX10,205/55 R 16 _UX ROYALE_91_V_TL,,1,,,
25,C20560R15UX1TLGC01,1325220415091VUX10,205/60 R 15_UX1 _91_V_TL,,1,,,
25,C20560R15UX1TLGC01,1325220415095VUX10,205/60 R 15_UX1 _91_V_TL,,1,,,
26,C20560R15UX1TLGC02,1325220415091VUX10,205/60 R 15_UX1 _91_V_TL,,1,,,
26,C20560R15UX1TLGC02,1325220415095VUX10,205/60 R 15_UX1 _91_V_TL,,1,,,
27,C20560R16RHTHM01,1325220416092HRHT0,205/60 R 16_RANGER H/T _92_H_TL,,1,,,
28,C20560R16RHTHM02,1325220416092HRHT0,205/60 R 16_RANGER H/T _92_H_TL,,1,,,
29,C20570R15RATTLHM01,1325220615106SRAT0,205/70R15C 106/104S RANGER A/T TL,,1,,,
30,C20570R15RATTLHM02,1325220615106SRAT0,205/70R15C 106/104S RANGER A/T TL,,1,,,
31,C21565R16RHTTLGC01,1325221516098HRHT0,215/65 R16_RANGER H/T _98_H_TL,,1,,,
31,C21565R16RHTTLGC01,1325221516098HBHT0,215/65 R16_RANGER H/T _98_H_TL,,1,,,
32,C21565R16RHTTLGC02,1325221516098HRHT0,215/65 R16_RANGER H/T _98_H_TL,,1,,,
32,C21565R16RHTTLGC02,1325221516098HBHT0,215/65 R16_RANGER H/T _98_H_TL,,1,,,
33,C21565R16RHTTLGC03,1325221516098HRHT0,215/65 R16_RANGER H/T _98_H_TL,,1,,,
33,C21565R16RHTTLGC03,1325221516098HBHT0,215/65 R16_RANGER H/T _98_H_TL,,1,,,
34,C21565R16RHTTLGC04,1325221516098HRHT0,215/65 R16_RANGER H/T _98_H_TL,,1,,,
34,C21565R16RHTTLGC04,1325221516098HBHT0,215/65 R16_RANGER H/T _98_H_TL,,1,,,
35,C22555R18RHPEHMI01,1325222318098HRHE0,225/55R18_RANGER HPE_98 H  TL_RENAULT,,1,,,
36,C22555R18RHPEHMI02,1325222318098HRHE0,225/55R18_RANGER HPE_98 H  TL_RENAULT,,1,,,
37,C22555R18RHPEHMI03,1325222318098HRHE0,225/55R18_RANGER HPE_98 H  TL_RENAULT,,1,,,
38,C22555R18RHPEHMI04,1325222318098HRHE0,225/55R18_RANGER HPE_98 H  TL_RENAULT,,1,,,
39,C22555R18RHPEHMI05,1325222318098HRHE0,225/55R18_RANGER HPE_98 H  TL_RENAULT,,1,,,
40,C22555R18RHPEHMI06,1325222318098HRHE0,225/55R18_RANGER HPE_98 H  TL_RENAULT,,1,,,
41,C22555R18RHPEHMI07,1325222318098HRHE0,225/55R18_RANGER HPE_98 H  TL_RENAULT,,1,,,
42,C22555R18RHPEHMI08,1325222318098HRHE0,225/55R18_RANGER HPE_98 H  TL_RENAULT,,1,,,
43,C22555R18RHPEHMI09,1325222318098HRHE0,225/55R18_RANGER HPE_98 H  TL_RENAULT,,1,,,
44,C22555R18RHPEHMI10,1325222318098HRHE0,225/55R18_RANGER HPE_98 H  TL_RENAULT,,1,,,
45,C21570R15RATTLGC01,1325221615109SRAT0,215/70R15C 109/107S RANGER A/T TL,,1,,,
46,C21570R15RATTLGC02,1325221615109SRAT0,215/70R15C 109/107S RANGER A/T TL,,1,,,
47,C21575R15RATTLGC01,1325221715100SRAT0,215/75 R 15_RANGER A/T_100_S_TL,,1,,,
47,C21575R15RATTLGC01,1325221715100SRAT1,215/75 R 15_RANGER A/T_100_S_TL,,1,,,
48,C21575R15RATTLGC02,1325221715100SRAT0,215/75 R 15_RANGER A/T_100_S_TL,,1,,,
48,C21575R15RATTLGC02,1325221715100SRAT1,215/75 R 15_RANGER A/T_100_S_TL,,1,,,
49,C21575R15RATTLHM01,1325221715100SRAT0,215/75 R 15_RANGER A/T_100_S_TL,,1,,,
49,C21575R15RATTLHM01,1325221715100SRAT1,215/75 R 15_RANGER A/T_100_S_TL,,1,,,
50,C21575R15RATTLHM02,1325221715100SRAT0,215/75 R 15_RANGER A/T_100_S_TL,,1,,,
50,C21575R15RATTLHM02,1325221715100SRAT1,215/75 R 15_RANGER A/T_100_S_TL,,1,,,
51,C21575R15RHTTGC01,1325221715100SRHT0,215/75 R 15_RANGER H/T _100_S_TL,,1,,,
51,C21575R15RHTTGC01,1325221715100SBHT0,215/75 R 15_RANGER H/T _100_S_TL,,1,,,
51,C21575R15RHTTGC01,1325221715100SRHT1,215/75 R 15_RANGER H/T _100_S_TL,,1,,,
52,C21575R15RHTTGC02,1325221715100SRHT0,215/75 R 15_RANGER H/T _100_S_TL,,1,,,
52,C21575R15RHTTGC02,1325221715100SBHT0,215/75 R 15_RANGER H/T _100_S_TL,,1,,,
52,C21575R15RHTTGC02,1325221715100SRHT1,215/75 R 15_RANGER H/T _100_S_TL,,1,,,
53,C21575R15RHTTLHM01,1325221715100SRHT0,215/75 R 15_RANGER H/T _100_S_TL,,1,,,
53,C21575R15RHTTLHM01,1325221715100SRHT1,215/75 R 15_RANGER H/T _100_S_TL,,1,,,
54,C21575R15RHTTLHM02,1325221715100SRHT0,215/75 R 15_RANGER H/T _100_S_TL,,1,,,
54,C21575R15RHTTLHM02,1325221715100SRHT1,215/75 R 15_RANGER H/T _100_S_TL,,1,,,
55,C21575R16RHTTLHM01,1325221716101TRHT0,215/75 R 16_RANGER H/T _101_T_TL,,1,,,
55,C21575R16RHTTLHM01,1325221716101TBHT0,215/75 R 16_RANGER H/T _101_T_TL,,1,,,
56,C21575R16RHTTLHM02,1325221716101TRHT0,215/75 R 16_RANGER H/T _101_T_TL,,1,,,
56,C21575R16RHTTLHM02,1325221716101TBHT0,215/75 R 16_RANGER H/T _101_T_TL,,1,,,
57,C22565R17RHTTLHM01,1325222517102HRHT0,225/65 R17_RANGER H/T _102_H_TL,,1,,,
57,C22565R17RHTTLHM01,1325222517102HBHT0,225/65 R17_RANGER H/T _102_H_TL,,1,,,
58,C22565R17RHTTLHM02,1325222517102HRHT0,225/65 R17_RANGER H/T _102_H_TL,,1,,,
58,C22565R17RHTTLHM02,1325222517102HBHT0,225/65 R17_RANGER H/T _102_H_TL,,1,,,
59,C23570R16RATTLGC01,1325223616105TRAT0,235/70 R16_RANGER A/T_105_T_TL,,1,,,
59,C23570R16RATTLGC01,1325223616105TRAT1,235/70 R16_RANGER A/T_105_T_TL,,1,,,
60,C23570R16RATTLGC02,1325223616105TRAT0,235/70 R16_RANGER A/T_105_T_TL,,1,,,
60,C23570R16RATTLGC02,1325223616105TRAT1,235/70 R16_RANGER A/T_105_T_TL,,1,,,
61,C23570R16ELZTLSY04,1325223616109SELZ0,235/70 R 16 109 S ELANZO TUBELE,,1,,,
62,C23570R16ELZTLSY11,1325223616109SELZ0,235/70 R 16 109 S ELANZO TUBELE,,1,,,
63,C23575R15RHTTLHM01,1325223715105TRHT0,235/75R15 105T RANGER H/T TL,,1,,,
63,C23575R15RHTTLHM01,1325223715105TBHT0,235/75R15 105T RANGER H/T TL,,1,,,
64,C23575R15RHTTLHM02,1325223715105TRHT0,235/75R15 105T RANGER H/T TL,,1,,,
64,C23575R15RHTTLHM02,1325223715105TBHT0,235/75R15 105T RANGER H/T TL,,1,,,
65,C24575R16SUPTBMK01,1325224716111SELS0,245/75 R 16_ELANZO SUPRA_111_S_TL,,1,,,
65,C24575R16SUPTBMK01,1325224716111SELSE,245/75 R 16_ELANZO SUPRA_111_S_TL,,1,,,
66,C26570R16RHTHM01,1325226616111TRHT0,265/70 R16 _RANGER H/T _111_T_TL,,1,,,
66,C26570R16RHTHM01,1325226616111TBHT0,265/70 R16 _RANGER H/T _111_T_TL,,1,,,
67,C26570R16RHTHM02,1325226616111TRHT0,265/70 R16 _RANGER H/T _111_T_TL,,1,,,
67,C26570R16RHTHM02,1325226616111TBHT0,265/70 R16 _RANGER H/T _111_T_TL,,1,,,
68,C26575R16RHTTLGC01,1325226716114TRHT0,265/75 R16 _RANGER H/T _114_T_TL,,1,,,
68,C26575R16RHTTLGC01,1325226716114TBHT0,265/75 R16 _RANGER H/T _114_T_TL,,1,,,
69,C26575R16RHTTLGC02,1325226716114TRHT0,265/75 R16 _RANGER H/T _114_T_TL,,1,,,
69,C26575R16RHTTLGC02,1325226716114TBHT0,265/75 R16 _RANGER H/T _114_T_TL,,1,,,
70,C27570R16RHTTLGC01,1325227616114TRHT0,275/70 R 16_RANGER H/T _114_T_TL,,1,,,
70,C27570R16RHTTLGC01,1325227616114TBHT0,275/70 R 16_RANGER H/T _114_T_TL,,1,,,
71,C27570R16RHTTLGC02,1325227616114TRHT0,275/70 R 16_RANGER H/T _114_T_TL,,1,,,
71,C27570R16RHTTLGC02,1325227616114TBHT0,275/70 R 16_RANGER H/T _114_T_TL,,1,,,
72,C10R20JSJDC316GC06,1121110020016KDC30,10.00R20_JDC3_16PR_K_TT,,1,,,
73,C27570R225JTHHM02,115222762C016LTH10,275/70R22.5_JTH1_DOT_16PR_L_TL,,1,,,
73,C27570R225JTHHM02,115222762C018JTH10,275/70R22.5_JTH1_DOT_16PR_L_TL,,1,,,
73,C27570R225JTHHM02,115222762C016LVT10,275/70R22.5_JTH1_DOT_16PR_L_TL,,1,,,
74,C155R13ULTXPC1SM01,1D25215013008SXC10,155R13_ULTIMA XPC1_8PR_S_TL_MSIL,,1,,,
74,C155R13ULTXPC1SM01,1225215013008SXC10,155R13_ULTIMA XPC1_8PR_S_TL_MSIL,,1,,,
74,C155R13ULTXPC1SM01,1D25215013008SXC1T,155R13_ULTIMA XPC1_8PR_S_TL_MSIL,,1,,,
75,C155R13ULTXPC1SM02,1D25215013008SXC10,155R13_ULTIMA XPC1_8PR_S_TL_MSIL,,1,,,
75,C155R13ULTXPC1SM02,1225215013008SXC10,155R13_ULTIMA XPC1_8PR_S_TL_MSIL,,1,,,
75,C155R13ULTXPC1SM02,1D25215013008SXC1T,155R13_ULTIMA XPC1_8PR_S_TL_MSIL,,1,,,
76,C11R20JDCXDGC11,1121111020016KCXD0,11.00 R20_JDC XD_16PR_K_TT,,1,,,
77,C11R20JDCXDGC12,1121111020016KCXD0,11.00 R20_JDC XD_16PR_K_TT,,1,,,
78,C11R20JDCXDGC13,1121111020016KCXD0,11.00 R20_JDC XD_16PR_K_TT,,1,,,
79,C21560R17UXRTLHM30,1325221417096HURL0,215/60 R17_UX ROYALE_96 H TL,,1,,,
80,R0011R20JDCXDHMI02,1121111020016KCXD0,11.00 R20_JDC XD_16PR_K_TT,,1,,,
81,R00011R20JDCXDGC04,1121111020016KCXD0,11.00 R20_JDC XD_16PR_K_TT,,1,,,
82,C10R20JSJDE16GC05,1121110020016KDEP0,10.00R20_JDE++_16PR_K_TT,,1,,,
83,C10R20JSJDE16GC10,1121110020016KDEP0,10.00R20_JDE++_16PR_K_TT,,1,,,
84,C10R20JSJDE16GC13,1121110020016KDEP0,10.00R20_JDE++_16PR_K_TT,,1,,,
85,R0000010R20JDEGR06,1121110020016KDEP0,10.00R20_JDE++_16PR_K_TT,,1,,,
86,R0000010R20JDEGR10,1121110020016KDEP0,10.00R20_JDE++_16PR_K_TT,,1,,,
87,R0000010R20JDEGR15,1121110020016KDEP0,10.00R20_JDE++_16PR_K_TT,,1,,,
88,R0000010R20JDEHM05,1121110020016KDEP0,10.00R20_JDE++_16PR_K_TT,,1,,,
89,R0000010R20JDEHM13,1121110020016KDEP0,10.00R20_JDE++_16PR_K_TT,,1,,,
90,C10R20JSJDE16HM23,1121110020016KDEP0,10.00R20_JDE++_16PR_K_TT,,1,,,
91,C10R20JSJDE16HM25,1121110020016KDEP0,10.00R20_JDE++_16PR_K_TT,,1,,,
92,C10R20JSJDE16HM27,1121110020016KDEP0,10.00R20_JDE++_16PR_K_TT,,1,,,
93,C10R20JSJDE16HM29,1121110020016KDEP0,10.00R20_JDE++_16PR_K_TT,,1,,,
94,C10R20JSJDE16HM32,1121110020016KDEP0,10.00R20_JDE++_16PR_K_TT,,1,,,
95,C11R20JDCXDGC14,1121111020016KCXD0,11.00 R20_JDC XD_16PR_K_TT,,1,,,
96,C10R20JS12116HM02,1121129A20152JDLF0,295/90R20_JDE_XF_152/148_J_TT,,1,,,
97,C21560R17UXRTLGC05,1325221417096HURL0,215/60 R17_UX ROYALE_96 H TL,,1,,,
98,C10R20JSJDCXDHM12,1121129A20152JCXD0,295/90R20_JDC XD_152/148_J_TT,,1,,,
98,C10R20JSJDCXDHM12,1151110020016KCXD0,295/90R20_JDC XD_152/148_J_TT,,1,,,
99,C10R20JSJDCXDHM15,1121129A20152JCXD0,295/90R20_JDC XD_152/148_J_TT,,1,,,
99,C10R20JSJDCXDHM15,1151110020016KCXD0,295/90R20_JDC XD_152/148_J_TT,,1,,,
100,C10R20JSJDCXDHM11,1121129A20152JCXD0,295/90R20_JDC XD_152/148_J_TT,,1,,,
100,C10R20JSJDCXDHM11,1151110020016KCXD0,295/90R20_JDC XD_152/148_J_TT,,1,,,
101,C10R20JSJDCXDHM13,1121129A20152JCXD0,295/90R20_JDC XD_152/148_J_TT,,1,,,
101,C10R20JSJDCXDHM13,1151110020016KCXD0,295/90R20_JDC XD_152/148_J_TT,,1,,,
102,C10R20JSJDCXDHM14,1121129A20152JCXD0,295/90R20_JDC XD_152/148_J_TT,,1,,,
102,C10R20JSJDCXDHM14,1151110020016KCXD0,295/90R20_JDC XD_152/148_J_TT,,1,,,
103,C10R20JSJDCXDHM16,1121129A20152JCXD0,295/90R20_JDC XD_152/148_J_TT,,1,,,
103,C10R20JSJDCXDHM16,1151110020016KCXD0,295/90R20_JDC XD_152/148_J_TT,,1,,,
104,C10R20JW30216HM01,1123129A20152JUCM0,295/90R20_JUC XM_152/148_J_TT,,1,,,
104,C10R20JW30216HM01,1123110020016K3021,295/90R20_JUC XM_152/148_J_TT,,1,,,
104,C10R20JW30216HM01,1123129A20000JUCM0,295/90R20_JUC XM_152/148_J_TT,,1,,,
104,C10R20JW30216HM01,1123129A20000J3021,295/90R20_JUC XM_152/148_J_TT,,1,,,
105,C10R20JW30216HM02,1123129A20152JUCM0,295/90R20_JUC XM_152/148_J_TT,,1,,,
105,C10R20JW30216HM02,1123110020016K3021,295/90R20_JUC XM_152/148_J_TT,,1,,,
105,C10R20JW30216HM02,1123129A20000JUCM0,295/90R20_JUC XM_152/148_J_TT,,1,,,
105,C10R20JW30216HM02,1123129A20000J3021,295/90R20_JUC XM_152/148_J_TT,,1,,,
106,R000011R20JUC3HM09,1123111020016KJC30,11.00R20_JUC3_16PR_K_TT,,1,,,
107,R000011R20JUC3HM10,1123111020016KJC30,11.00R20_JUC3_16PR_K_TT,,1,,,
108,R0011R20JDCXDHMI05,1121111020016KCXD0,11.00 R20_JDC XD_16PR_K_TT,,1,,,
109,R0011R20JDCXDHMI06,1121111020016KCXD0,11.00 R20_JDC XD_16PR_K_TT,,1,,,
110,C29580R225JUMGC03,112222982C016MJUM0,295/80R22.5_JUM_16PR_154/149M_TL_EM,,1,,,
110,C29580R225JUMGC03,112222982C016MJM10,295/80R22.5_JUM_16PR_154/149M_TL_EM,,1,,,
110,C29580R225JUMGC03,112222982C016MJM1E,295/80R22.5_JUM_16PR_154/149M_TL_EM,,1,,,
111,C155R13ULIXPC1GC01,1D25215013008SXC10,155R13_ULTIMA XPC1_8PR_S_TL_MSIL,,1,,,
111,C155R13ULIXPC1GC01,1225215013008SXC10,155R13_ULTIMA XPC1_8PR_S_TL_MSIL,,1,,,
111,C155R13ULIXPC1GC01,1D25215013008SXC1T,155R13_ULTIMA XPC1_8PR_S_TL_MSIL,,1,,,
112,C10R20JW30216HM03,1123129A20152JUCM0,295/90R20_JUC XM_152/148_J_TT,,1,,,
112,C10R20JW30216HM03,1123110020016K3021,295/90R20_JUC XM_152/148_J_TT,,1,,,
112,C10R20JW30216HM03,1123129A20000JUCM0,295/90R20_JUC XM_152/148_J_TT,,1,,,
112,C10R20JW30216HM03,1123129A20000J3021,295/90R20_JUC XM_152/148_J_TT,,1,,,
113,C21560R17UXRTLHM32,1325221417096HURL0,215/60 R17_UX ROYALE_96 H TL,,1,,,
114,C21560R17UXRTLHM35,1325221417096HURL0,215/60 R17_UX ROYALE_96 H TL,,1,,,
115,C21560R17UXRTLHM31,1325221417096HURL0,215/60 R17_UX ROYALE_96 H TL,,1,,,
116,C21560R17UXRTLHM33,1325221417096HURL0,215/60 R17_UX ROYALE_96 H TL,,1,,,
117,C21560R17UXRTLHM34,1325221417096HURL0,215/60 R17_UX ROYALE_96 H TL,,1,,,
118,C21560R17UXRTLHM36,1325221417096HURL0,215/60 R17_UX ROYALE_96 H TL,,1,,,
119,C155R13ULTXPC1HM04,1D25215013008SXC10,155R13_ULTIMA XPC1_8PR_S_TL_MSIL,,1,,,
119,C155R13ULTXPC1HM04,1225215013008SXC10,155R13_ULTIMA XPC1_8PR_S_TL_MSIL,,1,,,
119,C155R13ULTXPC1HM04,1D25215013008SXC1T,155R13_ULTIMA XPC1_8PR_S_TL_MSIL,,1,,,
120,C155R13ULTXPC1HM05,1D25215013008SXC10,155R13_ULTIMA XPC1_8PR_S_TL_MSIL,,1,,,
120,C155R13ULTXPC1HM05,1225215013008SXC10,155R13_ULTIMA XPC1_8PR_S_TL_MSIL,,1,,,
120,C155R13ULTXPC1HM05,1D25215013008SXC1T,155R13_ULTIMA XPC1_8PR_S_TL_MSIL,,1,,,
121,C155R13ULTXPC1HM06,1D25215013008SXC10,155R13_ULTIMA XPC1_8PR_S_TL_MSIL,,1,,,
121,C155R13ULTXPC1HM06,1225215013008SXC10,155R13_ULTIMA XPC1_8PR_S_TL_MSIL,,1,,,
121,C155R13ULTXPC1HM06,1D25215013008SXC1T,155R13_ULTIMA XPC1_8PR_S_TL_MSIL,,1,,,
122,C155R13ULTXPC1HM07,1D25215013008SXC10,155R13_ULTIMA XPC1_8PR_S_TL_MSIL,,1,,,
122,C155R13ULTXPC1HM07,1225215013008SXC10,155R13_ULTIMA XPC1_8PR_S_TL_MSIL,,1,,,
122,C155R13ULTXPC1HM07,1D25215013008SXC1T,155R13_ULTIMA XPC1_8PR_S_TL_MSIL,,1,,,
123,C155R13ULTXPC1HM08,1D25215013008SXC10,155R13_ULTIMA XPC1_8PR_S_TL_MSIL,,1,,,
123,C155R13ULTXPC1HM08,1225215013008SXC10,155R13_ULTIMA XPC1_8PR_S_TL_MSIL,,1,,,
123,C155R13ULTXPC1HM08,1D25215013008SXC1T,155R13_ULTIMA XPC1_8PR_S_TL_MSIL,,1,,,
124,C155R13ULTXPC1HM09,1D25215013008SXC10,155R13_ULTIMA XPC1_8PR_S_TL_MSIL,,1,,,
124,C155R13ULTXPC1HM09,1225215013008SXC10,155R13_ULTIMA XPC1_8PR_S_TL_MSIL,,1,,,
124,C155R13ULTXPC1HM09,1D25215013008SXC1T,155R13_ULTIMA XPC1_8PR_S_TL_MSIL,,1,,,
125,C155R13ULTXPC1HM10,1D25215013008SXC10,155R13_ULTIMA XPC1_8PR_S_TL_MSIL,,1,,,
125,C155R13ULTXPC1HM10,1225215013008SXC10,155R13_ULTIMA XPC1_8PR_S_TL_MSIL,,1,,,
125,C155R13ULTXPC1HM10,1D25215013008SXC1T,155R13_ULTIMA XPC1_8PR_S_TL_MSIL,,1,,,
126,C155R13ULTXPC1HM11,1D25215013008SXC10,155R13_ULTIMA XPC1_8PR_S_TL_MSIL,,1,,,
126,C155R13ULTXPC1HM11,1225215013008SXC10,155R13_ULTIMA XPC1_8PR_S_TL_MSIL,,1,,,
126,C155R13ULTXPC1HM11,1D25215013008SXC1T,155R13_ULTIMA XPC1_8PR_S_TL_MSIL,,1,,,
127,C155R13ULTXPC1HM12,1D25215013008SXC10,155R13_ULTIMA XPC1_8PR_S_TL_MSIL,,1,,,
127,C155R13ULTXPC1HM12,1225215013008SXC10,155R13_ULTIMA XPC1_8PR_S_TL_MSIL,,1,,,
127,C155R13ULTXPC1HM12,1D25215013008SXC1T,155R13_ULTIMA XPC1_8PR_S_TL_MSIL,,1,,,
128,C155R13ULTXPC1HM13,1D25215013008SXC10,155R13_ULTIMA XPC1_8PR_S_TL_MSIL,,1,,,
128,C155R13ULTXPC1HM13,1225215013008SXC10,155R13_ULTIMA XPC1_8PR_S_TL_MSIL,,1,,,
128,C155R13ULTXPC1HM13,1D25215013008SXC1T,155R13_ULTIMA XPC1_8PR_S_TL_MSIL,,1,,,
129,C155R13ULTXPC1HM14,1D25215013008SXC10,155R13_ULTIMA XPC1_8PR_S_TL_MSIL,,1,,,
129,C155R13ULTXPC1HM14,1225215013008SXC10,155R13_ULTIMA XPC1_8PR_S_TL_MSIL,,1,,,
129,C155R13ULTXPC1HM14,1D25215013008SXC1T,155R13_ULTIMA XPC1_8PR_S_TL_MSIL,,1,,,
130,C155R13ULTXPC1HM15,1D25215013008SXC10,155R13_ULTIMA XPC1_8PR_S_TL_MSIL,,1,,,
130,C155R13ULTXPC1HM15,1225215013008SXC10,155R13_ULTIMA XPC1_8PR_S_TL_MSIL,,1,,,
130,C155R13ULTXPC1HM15,1D25215013008SXC1T,155R13_ULTIMA XPC1_8PR_S_TL_MSIL,,1,,,
131,C155R13ULTXPC1HM16,1D25215013008SXC10,155R13_ULTIMA XPC1_8PR_S_TL_MSIL,,1,,,
131,C155R13ULTXPC1HM16,1225215013008SXC10,155R13_ULTIMA XPC1_8PR_S_TL_MSIL,,1,,,
131,C155R13ULTXPC1HM16,1D25215013008SXC1T,155R13_ULTIMA XPC1_8PR_S_TL_MSIL,,1,,,
132,C155R13ULTXPC1HM17,1D25215013008SXC10,155R13_ULTIMA XPC1_8PR_S_TL_MSIL,,1,,,
132,C155R13ULTXPC1HM17,1225215013008SXC10,155R13_ULTIMA XPC1_8PR_S_TL_MSIL,,1,,,
132,C155R13ULTXPC1HM17,1D25215013008SXC1T,155R13_ULTIMA XPC1_8PR_S_TL_MSIL,,1,,,
133,C155R13ULTXPC1HM19,1D25215013008SXC10,155R13_ULTIMA XPC1_8PR_S_TL_MSIL,,1,,,
133,C155R13ULTXPC1HM19,1225215013008SXC10,155R13_ULTIMA XPC1_8PR_S_TL_MSIL,,1,,,
133,C155R13ULTXPC1HM19,1D25215013008SXC1T,155R13_ULTIMA XPC1_8PR_S_TL_MSIL,,1,,,
134,C155R13ULTXPC1HM21,1D25215013008SXC10,155R13_ULTIMA XPC1_8PR_S_TL_MSIL,,1,,,
134,C155R13ULTXPC1HM21,1225215013008SXC10,155R13_ULTIMA XPC1_8PR_S_TL_MSIL,,1,,,
134,C155R13ULTXPC1HM21,1D25215013008SXC1T,155R13_ULTIMA XPC1_8PR_S_TL_MSIL,,1,,,
135,C155R13ULTXPC1HM23,1D25215013008SXC10,155R13_ULTIMA XPC1_8PR_S_TL_MSIL,,1,,,
135,C155R13ULTXPC1HM23,1225215013008SXC10,155R13_ULTIMA XPC1_8PR_S_TL_MSIL,,1,,,
135,C155R13ULTXPC1HM23,1D25215013008SXC1T,155R13_ULTIMA XPC1_8PR_S_TL_MSIL,,1,,,
136,C155R13ULTXPC1HM25,1D25215013008SXC10,155R13_ULTIMA XPC1_8PR_S_TL_MSIL,,1,,,
136,C155R13ULTXPC1HM25,1225215013008SXC10,155R13_ULTIMA XPC1_8PR_S_TL_MSIL,,1,,,
136,C155R13ULTXPC1HM25,1D25215013008SXC1T,155R13_ULTIMA XPC1_8PR_S_TL_MSIL,,1,,,
137,C155R13ULTXPC1HM26,1D25215013008SXC10,155R13_ULTIMA XPC1_8PR_S_TL_MSIL,,1,,,
137,C155R13ULTXPC1HM26,1225215013008SXC10,155R13_ULTIMA XPC1_8PR_S_TL_MSIL,,1,,,
137,C155R13ULTXPC1HM26,1D25215013008SXC1T,155R13_ULTIMA XPC1_8PR_S_TL_MSIL,,1,,,
138,C155R13ULTXPC1HM27,1D25215013008SXC10,155R13_ULTIMA XPC1_8PR_S_TL_MSIL,,1,,,
138,C155R13ULTXPC1HM27,1225215013008SXC10,155R13_ULTIMA XPC1_8PR_S_TL_MSIL,,1,,,
138,C155R13ULTXPC1HM27,1D25215013008SXC1T,155R13_ULTIMA XPC1_8PR_S_TL_MSIL,,1,,,
139,C155R13ULTXPC1HM28,1D25215013008SXC10,155R13_ULTIMA XPC1_8PR_S_TL_MSIL,,1,,,
139,C155R13ULTXPC1HM28,1225215013008SXC10,155R13_ULTIMA XPC1_8PR_S_TL_MSIL,,1,,,
139,C155R13ULTXPC1HM28,1D25215013008SXC1T,155R13_ULTIMA XPC1_8PR_S_TL_MSIL,,1,,,
140,C155R13ULTXPC1HM29,1D25215013008SXC10,155R13_ULTIMA XPC1_8PR_S_TL_MSIL,,1,,,
140,C155R13ULTXPC1HM29,1225215013008SXC10,155R13_ULTIMA XPC1_8PR_S_TL_MSIL,,1,,,
140,C155R13ULTXPC1HM29,1D25215013008SXC1T,155R13_ULTIMA XPC1_8PR_S_TL_MSIL,,1,,,
141,C155R13ULTXPC1HM30,1D25215013008SXC10,155R13_ULTIMA XPC1_8PR_S_TL_MSIL,,1,,,
141,C155R13ULTXPC1HM30,1225215013008SXC10,155R13_ULTIMA XPC1_8PR_S_TL_MSIL,,1,,,
141,C155R13ULTXPC1HM30,1D25215013008SXC1T,155R13_ULTIMA XPC1_8PR_S_TL_MSIL,,1,,,
142,C155R13ULTXPC1HM31,1D25215013008SXC10,155R13_ULTIMA XPC1_8PR_S_TL_MSIL,,1,,,
142,C155R13ULTXPC1HM31,1225215013008SXC10,155R13_ULTIMA XPC1_8PR_S_TL_MSIL,,1,,,
142,C155R13ULTXPC1HM31,1D25215013008SXC1T,155R13_ULTIMA XPC1_8PR_S_TL_MSIL,,1,,,
143,C155R13ULTXPC1HM32,1D25215013008SXC10,155R13_ULTIMA XPC1_8PR_S_TL_MSIL,,1,,,
143,C155R13ULTXPC1HM32,1225215013008SXC10,155R13_ULTIMA XPC1_8PR_S_TL_MSIL,,1,,,
143,C155R13ULTXPC1HM32,1D25215013008SXC1T,155R13_ULTIMA XPC1_8PR_S_TL_MSIL,,1,,,
144,C155R13ULTXPC1HM22,1D25215013008SXC10,155R13_ULTIMA XPC1_8PR_S_TL_MSIL,,1,,,
144,C155R13ULTXPC1HM22,1225215013008SXC10,155R13_ULTIMA XPC1_8PR_S_TL_MSIL,,1,,,
144,C155R13ULTXPC1HM22,1D25215013008SXC1T,155R13_ULTIMA XPC1_8PR_S_TL_MSIL,,1,,,
145,C10R20JSJDEXFGC01,1121129A20152JDLF0,295/90R20_JDE_XF_152/148_J_TT,,1,,,
146,C10R20JSJDEXFGC02,1121129A20152JDLF0,295/90R20_JDE_XF_152/148_J_TT,,1,,,
147,C10R20JSJDEXFGC03,1121129A20152JDLF0,295/90R20_JDE_XF_152/148_J_TT,,1,,,
148,C10R20JSJDEXFGC04,1121129A20152JDLF0,295/90R20_JDE_XF_152/148_J_TT,,1,,,
149,C10R20JSJDEXFGC05,1121129A20152JDLF0,295/90R20_JDE_XF_152/148_J_TT,,1,,,
150,C10R20JSJDEXFGC06,1121129A20152JDLF0,295/90R20_JDE_XF_152/148_J_TT,,1,,,
151,C10R20JSJDEXFGC07,1121129A20152JDLF0,295/90R20_JDE_XF_152/148_J_TT,,1,,,
152,C10R20JSJDEXFGC08,1121129A20152JDLF0,295/90R20_JDE_XF_152/148_J_TT,,1,,,
153,C10R20JSJDEXFGC09,1121129A20152JDLF0,295/90R20_JDE_XF_152/148_J_TT,,1,,,
154,C10R20JSJDEXFGC10,1121129A20152JDLF0,295/90R20_JDE_XF_152/148_J_TT,,1,,,
155,R00011R20JDCXDGC06,1121111020016KCXD0,11.00 R20_JDC XD_16PR_K_TT,,1,,,
156,R00011R20JDCXDGC07,1121111020016KCXD0,11.00 R20_JDC XD_16PR_K_TT,,1,,,
157,L10R20JSJDEXFGC11,1121129A20152JDLF0,295/90R20_JDE_XF_152/148_J_TT,,1,,,
158,L10R20JSJDEXFGC12,1121129A20152JDLF0,295/90R20_JDE_XF_152/148_J_TT,,1,,,
159,L10R20JSJDEXFGC13,1121129A20152JDLF0,295/90R20_JDE_XF_152/148_J_TT,,1,,,
160,L10R20JSJDEXFHM04,1121129A20152JDLF0,295/90R20_JDE_XF_152/148_J_TT,,1,,,
161,L10R20JSJDEXFHM08,1121129A20152JDLF0,295/90R20_JDE_XF_152/148_J_TT,,1,,,
162,L10R20JSJDEXFHM12,1121129A20152JDLF0,295/90R20_JDE_XF_152/148_J_TT,,1,,,
163,L10R20JSJDEXFHM14,1121129A20152JDLF0,295/90R20_JDE_XF_152/148_J_TT,,1,,,
164,L10R20JSJDEXFHM20,1121129A20152JDLF0,295/90R20_JDE_XF_152/148_J_TT,,1,,,
165,L10R20JSJDEXFHM22,1121129A20152JDLF0,295/90R20_JDE_XF_152/148_J_TT,,1,,,
166,L10R20JSJDEXFHM24,1121129A20152JDLF0,295/90R20_JDE_XF_152/148_J_TT,,1,,,
167,L10R20JSJDEXFHM25,1121129A20152JDLF0,295/90R20_JDE_XF_152/148_J_TT,,1,,,
168,C29580R225JUMGC04,112222982C016MJUM0,295/80R22.5_JUM_16PR_154/149M_TL_EM,,1,,,
168,C29580R225JUMGC04,112222982C016MJM10,295/80R22.5_JUM_16PR_154/149M_TL_EM,,1,,,
168,C29580R225JUMGC04,112222982C016MJM1E,295/80R22.5_JUM_16PR_154/149M_TL_EM,,1,,,
169,C29580R225JUMGC05,112222982C016MJUM0,295/80R22.5_JUM_16PR_154/149M_TL_EM,,1,,,
169,C29580R225JUMGC05,112222982C016MJM10,295/80R22.5_JUM_16PR_154/149M_TL_EM,,1,,,
169,C29580R225JUMGC05,112222982C016MJM1E,295/80R22.5_JUM_16PR_154/149M_TL_EM,,1,,,
170,C29580R225JUMGC06,112222982C016MJUM0,295/80R22.5_JUM_16PR_154/149M_TL_EM,,1,,,
170,C29580R225JUMGC06,112222982C016MJM10,295/80R22.5_JUM_16PR_154/149M_TL_EM,,1,,,
170,C29580R225JUMGC06,112222982C016MJM1E,295/80R22.5_JUM_16PR_154/149M_TL_EM,,1,,,
171,C29580R225JUMGC07,112222982C016MJUM0,295/80R22.5_JUM_16PR_154/149M_TL_EM,,1,,,
171,C29580R225JUMGC07,112222982C016MJM10,295/80R22.5_JUM_16PR_154/149M_TL_EM,,1,,,
171,C29580R225JUMGC07,112222982C016MJM1E,295/80R22.5_JUM_16PR_154/149M_TL_EM,,1,,,
172,C29580R225JUMGC08,112222982C016MJUM0,295/80R22.5_JUM_16PR_154/149M_TL_EM,,1,,,
172,C29580R225JUMGC08,112222982C016MJM10,295/80R22.5_JUM_16PR_154/149M_TL_EM,,1,,,
172,C29580R225JUMGC08,112222982C016MJM1E,295/80R22.5_JUM_16PR_154/149M_TL_EM,,1,,,
173,C29580R225JUMGC11,112222982C016MJUM0,295/80R22.5_JUM_16PR_154/149M_TL_EM,,1,,,
173,C29580R225JUMGC11,112222982C016MJM10,295/80R22.5_JUM_16PR_154/149M_TL_EM,,1,,,
173,C29580R225JUMGC11,112222982C016MJM1E,295/80R22.5_JUM_16PR_154/149M_TL_EM,,1,,,
174,C21560R17UXRTLGC03,1325221417096HURL0,215/60 R17_UX ROYALE_96 H TL,,1,,,
175,C21560R17UXRTLGC04,1325221417096HURL0,215/60 R17_UX ROYALE_96 H TL,,1,,,
176,R029580R225JUMHM08,112222982C016MJUM0,295/80R22.5_JUM_16PR_154/149M_TL_EM,,1,,,
176,R029580R225JUMHM08,112222982C016MJM10,295/80R22.5_JUM_16PR_154/149M_TL_EM,,1,,,
176,R029580R225JUMHM08,112222982C016MJM1E,295/80R22.5_JUM_16PR_154/149M_TL_EM,,1,,,
177,R029580R225JUMHM16,112222982C016MJUM0,295/80R22.5_JUM_16PR_154/149M_TL_EM,,1,,,
177,R029580R225JUMHM16,112222982C016MJM10,295/80R22.5_JUM_16PR_154/149M_TL_EM,,1,,,
177,R029580R225JUMHM16,112222982C016MJM1E,295/80R22.5_JUM_16PR_154/149M_TL_EM,,1,,,
178,R029580R225JUMHM17,112222982C016MJUM0,295/80R22.5_JUM_16PR_154/149M_TL_EM,,1,,,
178,R029580R225JUMHM17,112222982C016MJM10,295/80R22.5_JUM_16PR_154/149M_TL_EM,,1,,,
178,R029580R225JUMHM17,112222982C016MJM1E,295/80R22.5_JUM_16PR_154/149M_TL_EM,,1,,,
179,C10R20JS12116HM01,1121129A20152JDLF0,295/90R20_JDE_XF_152/148_J_TT,,1,,,
180,R000011R20JUC3HM11,1123111020016KJC30,11.00R20_JUC3_16PR_K_TT,,1,,,
181,R000011R20JUC3HM12,1123111020016KJC30,11.00R20_JUC3_16PR_K_TT,,1,,,
182,C21560R17UXRTLHM29,1325221417096HURL0,215/60 R17_UX ROYALE_96 H TL,,1,,,
183,C21560R17UXRTLHM01,1325221417096HURL0,215/60 R17_UX ROYALE_96 H TL,,1,,,
184,C21560R17UXRTLHM02,1325221417096HURL0,215/60 R17_UX ROYALE_96 H TL,,1,,,
185,C10R20JSJDH316HM03,1121110020016KDH30,10.00R20_JDH3_16PR_K_TT,,1,,,
186,C10R20JSJDH316HM04,1121110020016KDH30,10.00R20_JDH3_16PR_K_TT,,1,,,
187,C10R20JSJDH316HM05,1121110020016KDH30,10.00R20_JDH3_16PR_K_TT,,1,,,
188,C10R20JSJDH316HM06,1121110020016KDH30,10.00R20_JDH3_16PR_K_TT,,1,,,
189,C10R20JSJDH316HM07,1121110020016KDH30,10.00R20_JDH3_16PR_K_TT,,1,,,
190,C10R20JSJDE16HM39,1121110020016KDEP0,10.00R20_JDE++_16PR_K_TT,,1,,,
191,C10R20JSJDE16HM40,1121110020016KDEP0,10.00R20_JDE++_16PR_K_TT,,1,,,
192,C10R20JSJDE16HM41,1121110020016KDEP0,10.00R20_JDE++_16PR_K_TT,,1,,,
193,C10R20JSJDE16HM43,1121110020016KDEP0,10.00R20_JDE++_16PR_K_TT,,1,,,
194,C10R20JSJDE16HM45,1121110020016KDEP0,10.00R20_JDE++_16PR_K_TT,,1,,,
195,R0000010R20JDEHM51,1121110020016KDEP0,10.00R20_JDE++_16PR_K_TT,,1,,,
196,R0000010R20JDEHM54,1121110020016KDEP0,10.00R20_JDE++_16PR_K_TT,,1,,,
197,R0000010R20JDEHM59,1121110020016KDEP0,10.00R20_JDE++_16PR_K_TT,,1,,,
198,R0000010R20JDEHM74,1121110020016KDEP0,10.00R20_JDE++_16PR_K_TT,,1,,,
199,R0000010R20JDEHM75,1121110020016KDEP0,10.00R20_JDE++_16PR_K_TT,,1,,,
200,R0000010R20JDEHM83,1121110020016KDEP0,10.00R20_JDE++_16PR_K_TT,,1,,,
201,C10R20JW30216HM04,1123129A20152JUCM0,295/90R20_JUC XM_152/148_J_TT,,1,,,
201,C10R20JW30216HM04,1123110020016K3021,295/90R20_JUC XM_152/148_J_TT,,1,,,
201,C10R20JW30216HM04,1123129A20000JUCM0,295/90R20_JUC XM_152/148_J_TT,,1,,,
201,C10R20JW30216HM04,1123129A20000J3021,295/90R20_JUC XM_152/148_J_TT,,1,,,
202,C25565R18RATTLGC01,ZMLD,FOR NEW PRODUCT DEVELOPMNET,,1,,,
203,C21560R17UXRTLGC06,1325221417096HURL0,215/60 R17_UX ROYALE_96 H TL,,1,,,
204,R00011R225JUH5HM02,ZMLD,FOR NEW PRODUCT DEVELOPMNET,,1,,,
205,R0000010R20JDELX04,1121110020016KDEP0,10.00R20_JDE++_16PR_K_TT,,1,,,
206,C21560R17UXRTLHM05,1325221417096HURL0,215/60 R17_UX ROYALE_96 H TL,,1,,,
207,C21560R17UXRTLHM06,1325221417096HURL0,215/60 R17_UX ROYALE_96 H TL,,1,,,
208,C21560R17UXRTLHM07,1325221417096HURL0,215/60 R17_UX ROYALE_96 H TL,,1,,,
209,C21560R17UXRTLHM08,1325221417096HURL0,215/60 R17_UX ROYALE_96 H TL,,1,,,
210,C21560R17UXRTLHM09,1325221417096HURL0,215/60 R17_UX ROYALE_96 H TL,,1,,,
211,C21560R17UXRTLHM10,1325221417096HURL0,215/60 R17_UX ROYALE_96 H TL,,1,,,
212,C21560R17UXRTLHM13,1325221417096HURL0,215/60 R17_UX ROYALE_96 H TL,,1,,,
213,C21560R17UXRTLHM14,1325221417096HURL0,215/60 R17_UX ROYALE_96 H TL,,1,,,
214,C21560R17UXRTLHM15,1325221417096HURL0,215/60 R17_UX ROYALE_96 H TL,,1,,,
215,C21560R17UXRTLHM16,1325221417096HURL0,215/60 R17_UX ROYALE_96 H TL,,1,,,
216,C21560R17UXRTLHM17,1325221417096HURL0,215/60 R17_UX ROYALE_96 H TL,,1,,,
217,C21560R17UXRTLHM18,1325221417096HURL0,215/60 R17_UX ROYALE_96 H TL,,1,,,
218,C21560R17UXRTLHM19,1325221417096HURL0,215/60 R17_UX ROYALE_96 H TL,,1,,,
219,C21560R17UXRTLHM20,1325221417096HURL0,215/60 R17_UX ROYALE_96 H TL,,1,,,
220,C21560R17UXRTLHM21,1325221417096HURL0,215/60 R17_UX ROYALE_96 H TL,,1,,,
221,C21560R17UXRTLHM22,1325221417096HURL0,215/60 R17_UX ROYALE_96 H TL,,1,,,
222,C10R20JWJUHXFGC01,1122129A20152JULF0,295/90R20_JUH_XF_152/148_J_TT,,1,,,
223,C21560R17UXRTHMI01,1325221417096HURL0,215/60 R17_UX ROYALE_96 H TL,,1,,,
224,C10R20JSJDC316HM01,1121110020016KDC30,10.00R20_JDC3_16PR_K_TT,,1,,,
225,C10R20JSJDH316HM09,1121110020016KDH30,10.00R20_JDH3_16PR_K_TT,,1,,,
226,C10R20JSJDH316HM10,1121110020016KDH30,10.00R20_JDH3_16PR_K_TT,,1,,,
227,C10R20JSJDH316HM11,1121110020016KDH30,10.00R20_JDH3_16PR_K_TT,,1,,,
228,C10R20JSJDH316HM12,1121110020016KDH30,10.00R20_JDH3_16PR_K_TT,,1,,,
229,C10R20JSJDH316HM13,1121110020016KDH30,10.00R20_JDH3_16PR_K_TT,,1,,,
230,C10R20JSJDH316HM14,1121110020016KDH30,10.00R20_JDH3_16PR_K_TT,,1,,,
231,C10R20JSJDH316HM15,1121110020016KDH30,10.00R20_JDH3_16PR_K_TT,,1,,,
232,C10R20JSJDH316HM16,1121110020016KDH30,10.00R20_JDH3_16PR_K_TT,,1,,,
233,C10R20JSJDH316HM17,1121110020016KDH30,10.00R20_JDH3_16PR_K_TT,,1,,,
234,C10R20JSJDH316HM18,1121110020016KDH30,10.00R20_JDH3_16PR_K_TT,,1,,,
235,C10R20JSJDH316HM19,1121110020016KDH30,10.00R20_JDH3_16PR_K_TT,,1,,,
236,C10R20JSJDH316HM20,1121110020016KDH30,10.00R20_JDH3_16PR_K_TT,,1,,,
237,C10R20JSJDH316HM21,1121110020016KDH30,10.00R20_JDH3_16PR_K_TT,,1,,,
238,C10R20JSJDH316HM22,1121110020016KDH30,10.00R20_JDH3_16PR_K_TT,,1,,,
239,C10R20JSJDH316HM23,1121110020016KDH30,10.00R20_JDH3_16PR_K_TT,,1,,,
240,C10R20JSJDH316HM24,1121110020016KDH30,10.00R20_JDH3_16PR_K_TT,,1,,,
241,C10R20JSJDH316SY02,1121110020016KDH30,10.00R20_JDH3_16PR_K_TT,,1,,,
242,C10R20JSJDH316SY05,1121110020016KDH30,10.00R20_JDH3_16PR_K_TT,,1,,,
243,C10R20JSJDL16GR05,1121110020016KJDL0,10.00R20_JDL_16PR_K_TT,,1,,,
244,C10R20JSJDL16GR06,1121110020016KJDL0,10.00R20_JDL_16PR_K_TT,,1,,,
245,C10R20JSJDL16GR08,1121110020016KJDL0,10.00R20_JDL_16PR_K_TT,,1,,,
246,C10R20JSJDL16GR09,1121110020016KJDL0,10.00R20_JDL_16PR_K_TT,,1,,,
247,C10R20JSJDL16GR10,1121110020016KJDL0,10.00R20_JDL_16PR_K_TT,,1,,,
248,C10R20JSJDL16GR11,1121110020016KJDL0,10.00R20_JDL_16PR_K_TT,,1,,,
249,C10R20JSJDL16GR12,1121110020016KJDL0,10.00R20_JDL_16PR_K_TT,,1,,,
250,C10R20JSJDL16GR13,1121110020016KJDL0,10.00R20_JDL_16PR_K_TT,,1,,,
251,C10R20JSJDL16GR14,1121110020016KJDL0,10.00R20_JDL_16PR_K_TT,,1,,,
252,C10R20JSJDL16GR15,1121110020016KJDL0,10.00R20_JDL_16PR_K_TT,,1,,,
253,C9R20JSJDH16GC01,1121190020016KJDH0,9.00R20_JDH_16PR_K_TT,,1,,,
254,C9R20JSJDH16GC02,1121190020016KJDH0,9.00R20_JDH_16PR_K_TT,,1,,,
255,C9R20JSJDH16GC03,1121190020016KJDH0,9.00R20_JDH_16PR_K_TT,,1,,,
256,C9R20JSJDH16GC04,1121190020016KJDH0,9.00R20_JDH_16PR_K_TT,,1,,,
257,C10R20JWJUH316GC01,1122110020016KH3P0,10.00R20_JUH3+_16PR_K_TT,,1,,,
257,C10R20JWJUH316GC01,1122110020016KH3PT,10.00R20_JUH3+_16PR_K_TT,,1,,,
257,C10R20JWJUH316GC01,1152110020016KVH30,10.00R20_JUH3+_16PR_K_TT,,1,,,
258,C10R20JWJUH316GC02,1122110020016KH3P0,10.00R20_JUH3+_16PR_K_TT,,1,,,
258,C10R20JWJUH316GC02,1122110020016KH3PT,10.00R20_JUH3+_16PR_K_TT,,1,,,
258,C10R20JWJUH316GC02,1152110020016KVH30,10.00R20_JUH3+_16PR_K_TT,,1,,,
259,C14580R12NXTTLGR01,1325114812074TUNX0,145/80R12 ULTIMA NXT _74_T_TT,,1,,,
259,C14580R12NXTTLGR01,1325214812074TUNX0,145/80R12 ULTIMA NXT _74_T_TT,,1,,,
260,C14580R12NXTTLGR02,1325114812074TUNX0,145/80R12 ULTIMA NXT _74_T_TT,,1,,,
260,C14580R12NXTTLGR02,1325214812074TUNX0,145/80R12 ULTIMA NXT _74_T_TT,,1,,,
261,C14580R12NXTTLNS04,1325114812074TUNX0,145/80R12 ULTIMA NXT _74_T_TT,,1,,,
261,C14580R12NXTTLNS04,1325214812074TUNX0,145/80R12 ULTIMA NXT _74_T_TT,,1,,,
262,C14580R12NXTTLNS05,1325114812074TUNX0,145/80R12 ULTIMA NXT _74_T_TT,,1,,,
262,C14580R12NXTTLNS05,1325214812074TUNX0,145/80R12 ULTIMA NXT _74_T_TT,,1,,,
263,C14580R12NXTTLNS06,1325114812074TUNX0,145/80R12 ULTIMA NXT _74_T_TT,,1,,,
263,C14580R12NXTTLNS06,1325214812074TUNX0,145/80R12 ULTIMA NXT _74_T_TT,,1,,,
264,C14580R12NXTTLNS07,1325114812074TUNX0,145/80R12 ULTIMA NXT _74_T_TT,,1,,,
264,C14580R12NXTTLNS07,1325214812074TUNX0,145/80R12 ULTIMA NXT _74_T_TT,,1,,,
265,C14580R12NXTTLNS08,1325114812074TUNX0,145/80R12 ULTIMA NXT _74_T_TT,,1,,,
265,C14580R12NXTTLNS08,1325214812074TUNX0,145/80R12 ULTIMA NXT _74_T_TT,,1,,,
266,C14580R12NXTTLNS09,1325114812074TUNX0,145/80R12 ULTIMA NXT _74_T_TT,,1,,,
266,C14580R12NXTTLNS09,1325214812074TUNX0,145/80R12 ULTIMA NXT _74_T_TT,,1,,,
267,C14580R12NEOTLGC04,1325214812074TUNE1,145/80 R 12_ULTIMA NEO_74_T_TL,,1,,,
268,C14580R12NEOTLGC05,1325214812074TUNE1,145/80 R 12_ULTIMA NEO_74_T_TL,,1,,,
269,C14580R12NEOTLGC06,1325214812074TUNE1,145/80 R 12_ULTIMA NEO_74_T_TL,,1,,,
270,C14580R12NEOTLGC07,1325214812074TUNE1,145/80 R 12_ULTIMA NEO_74_T_TL,,1,,,
271,C14580R12NEOTLGC08,1325214812074TUNE1,145/80 R 12_ULTIMA NEO_74_T_TL,,1,,,
272,C14580R12NEOTLGC11,1325214812074TUNE1,145/80 R 12_ULTIMA NEO_74_T_TL,,1,,,
273,C14580R12NEOTLGC12,1325214812074TUNE1,145/80 R 12_ULTIMA NEO_74_T_TL,,1,,,
274,C14580R12NEOTLGC13,1325214812074TUNE1,145/80 R 12_ULTIMA NEO_74_T_TL,,1,,,
275,C14580R12NEOTLGC14,1325214812074TUNE1,145/80 R 12_ULTIMA NEO_74_T_TL,,1,,,
276,C14580R12NEOTLGC15,1325214812074TUNE1,145/80 R 12_ULTIMA NEO_74_T_TL,,1,,,
277,C15565R12ULLXTGR02,1325215512071SULX0,155/65 R12_ULTIMA LXT_71_S_TL,,1,,,
278,C15565R12ULLXTGR03,1325215512071SULX0,155/65 R12_ULTIMA LXT_71_S_TL,,1,,,
279,C16570R12UTSTLMK01,1325216612077TUSP0,165/70R12 _ULTIMA SPORT_77_T_TL,,1,,,
280,C16570R12UTSTLMK02,1325216612077TUSP0,165/70R12 _ULTIMA SPORT_77_T_TL,,1,,,
281,C16570R12UTSTLNS02,1325216612077TUSP0,165/70R12 _ULTIMA SPORT_77_T_TL,,1,,,
282,C145R12XPCLTTTGC01,1D25114012008QXPC0,145R12_ULTIMA XPC_8PR_Q_TT,,1,,,
282,C145R12XPCLTTTGC01,1D25214012008QXPC0,145R12_ULTIMA XPC_8PR_Q_TT,,1,,,
282,C145R12XPCLTTTGC01,1D25214012008QXPCT,145R12_ULTIMA XPC_8PR_Q_TT,,1,,,
282,C145R12XPCLTTTGC01,1D25214012008QXPCM,145R12_ULTIMA XPC_8PR_Q_TT,,1,,,
283,C145R12XPCLTTTGC02,1D25114012008QXPC0,145R12_ULTIMA XPC_8PR_Q_TT,,1,,,
283,C145R12XPCLTTTGC02,1D25214012008QXPC0,145R12_ULTIMA XPC_8PR_Q_TT,,1,,,
283,C145R12XPCLTTTGC02,1D25214012008QXPCT,145R12_ULTIMA XPC_8PR_Q_TT,,1,,,
283,C145R12XPCLTTTGC02,1D25214012008QXPCM,145R12_ULTIMA XPC_8PR_Q_TT,,1,,,
284,C145R12XPCLTTTGC03,1D25114012008QXPC0,145R12_ULTIMA XPC_8PR_Q_TT,,1,,,
284,C145R12XPCLTTTGC03,1D25214012008QXPC0,145R12_ULTIMA XPC_8PR_Q_TT,,1,,,
284,C145R12XPCLTTTGC03,1D25214012008QXPCT,145R12_ULTIMA XPC_8PR_Q_TT,,1,,,
284,C145R12XPCLTTTGC03,1D25214012008QXPCM,145R12_ULTIMA XPC_8PR_Q_TT,,1,,,
285,C145R12XPCLTTTGC04,1D25114012008QXPC0,145R12_ULTIMA XPC_8PR_Q_TT,,1,,,
285,C145R12XPCLTTTGC04,1D25214012008QXPC0,145R12_ULTIMA XPC_8PR_Q_TT,,1,,,
285,C145R12XPCLTTTGC04,1D25214012008QXPCT,145R12_ULTIMA XPC_8PR_Q_TT,,1,,,
285,C145R12XPCLTTTGC04,1D25214012008QXPCM,145R12_ULTIMA XPC_8PR_Q_TT,,1,,,
286,C145R12XPCLTTTGC05,1D25114012008QXPC0,145R12_ULTIMA XPC_8PR_Q_TT,,1,,,
286,C145R12XPCLTTTGC05,1D25214012008QXPC0,145R12_ULTIMA XPC_8PR_Q_TT,,1,,,
286,C145R12XPCLTTTGC05,1D25214012008QXPCT,145R12_ULTIMA XPC_8PR_Q_TT,,1,,,
286,C145R12XPCLTTTGC05,1D25214012008QXPCM,145R12_ULTIMA XPC_8PR_Q_TT,,1,,,
287,C145R12XPCLTTTGC06,1D25114012008QXPC0,145R12_ULTIMA XPC_8PR_Q_TT,,1,,,
287,C145R12XPCLTTTGC06,1D25214012008QXPC0,145R12_ULTIMA XPC_8PR_Q_TT,,1,,,
287,C145R12XPCLTTTGC06,1D25214012008QXPCT,145R12_ULTIMA XPC_8PR_Q_TT,,1,,,
287,C145R12XPCLTTTGC06,1D25214012008QXPCM,145R12_ULTIMA XPC_8PR_Q_TT,,1,,,
288,C145R12XPCLTTTHM03,1D25114012008QXPC0,145R12_ULTIMA XPC_8PR_Q_TT,,1,,,
288,C145R12XPCLTTTHM03,1D25214012008QXPC0,145R12_ULTIMA XPC_8PR_Q_TT,,1,,,
288,C145R12XPCLTTTHM03,1D25214012008QXPCT,145R12_ULTIMA XPC_8PR_Q_TT,,1,,,
288,C145R12XPCLTTTHM03,1D25214012008QXPCM,145R12_ULTIMA XPC_8PR_Q_TT,,1,,,
289,C145R12XPCLTTTHM04,1D25114012008QXPC0,145R12_ULTIMA XPC_8PR_Q_TT,,1,,,
289,C145R12XPCLTTTHM04,1D25214012008QXPC0,145R12_ULTIMA XPC_8PR_Q_TT,,1,,,
289,C145R12XPCLTTTHM04,1D25214012008QXPCT,145R12_ULTIMA XPC_8PR_Q_TT,,1,,,
289,C145R12XPCLTTTHM04,1D25214012008QXPCM,145R12_ULTIMA XPC_8PR_Q_TT,,1,,,
290,C17570R12ULNTLHM01,1325217612080HUNE0,175/70R12 ULTIMA NEO 80H TL,,1,,,
291,C17570R12ULNTLHM02,1325217612080HUNE0,175/70R12 ULTIMA NEO 80H TL,,1,,,
292,C16570R13NEOHM01,1325216613079HUNE0,165/70R13 ULTIMA NEO 79H TL,,1,,,
293,C16570R13NEOHM02,1325216613079HUNE0,165/70R13 ULTIMA NEO 79H TL,,1,,,
294,C17570R13ULNTLHM01,1325217613082TUNE0,175/70R13 ULTIMA NEO 82T TL,,1,,,
295,C17570R13ULNTLHM02,1325217613082TUNE0,175/70R13 ULTIMA NEO 82T TL,,1,,,
296,C18570R13ULNTLHM01,1325218613086HUNE0,185/70R13 ULTIMA NEO 86H TL,,1,,,
297,C18570R13ULNTLHM02,1325218613086HUNE0,185/70R13 ULTIMA NEO 86H TL,,1,,,
298,C15565R13NEOTLGC01,1325215513073TUNE0,155/65 R 13_ULTIMA NEO_73_T_TL,,1,,,
299,C15565R13NEOTLGC02,1325215513073TUNE0,155/65 R 13_ULTIMA NEO_73_T_TL,,1,,,
300,C15565R13NEOTLHM01,1325215513073TUNE0,155/65 R 13_ULTIMA NEO_73_T_TL,,1,,,
301,C15565R13NEOTLHM02,1325215513073TUNE0,155/65 R 13_ULTIMA NEO_73_T_TL,,1,,,
302,C15570R13NXTTLGR03,1325215613075TUNX0,155/70 R 13_ULTIMA NXT _75_T_TL,,1,,,
303,C15570R13NXTTLGR04,1325215613075TUNX0,155/70 R 13_ULTIMA NXT _75_T_TL,,1,,,
304,C15570R13NEOTLGC01,1325215613075TUNE0,155/70 R 13 ULTIMA NEO 75T,,1,,,
304,C15570R13NEOTLGC01,1325215613075TUNE1,155/70 R 13 ULTIMA NEO 75T,,1,,,
305,C15570R13NEOTLGC02,1325215613075TUNE0,155/70 R 13 ULTIMA NEO 75T,,1,,,
305,C15570R13NEOTLGC02,1325215613075TUNE1,155/70 R 13 ULTIMA NEO 75T,,1,,,
306,C15570R13NEOTLGC03,1325215613075TUNE0,155/70 R 13 ULTIMA NEO 75T,,1,,,
306,C15570R13NEOTLGC03,1325215613075TUNE1,155/70 R 13 ULTIMA NEO 75T,,1,,,
307,C15570R13NEOTLGC04,1325215613075TUNE0,155/70 R 13 ULTIMA NEO 75T,,1,,,
307,C15570R13NEOTLGC04,1325215613075TUNE1,155/70 R 13 ULTIMA NEO 75T,,1,,,
308,C16565R13TORTLDC09,1325116513077TTOR0,165/65R13 TORNADO_77_T_TT,,1,,,
309,C16565R13TORTLGR02,1325116513077TTOR0,165/65R13 TORNADO_77_T_TT,,1,,,
310,C16565R13TORTLGR04,1325116513077TTOR0,165/65R13 TORNADO_77_T_TT,,1,,,
311,C16565R13TORTLGR05,1325116513077TTOR0,165/65R13 TORNADO_77_T_TT,,1,,,
312,C16565R13TORTLGR06,1325116513077TTOR0,165/65R13 TORNADO_77_T_TT,,1,,,
313,C15580R13ULNTLGC01,1325215813079TUNE0,155/80 R 13_ULTIMA NEO_79_T_TL,,1,,,
314,C15580R13ULNTLGC02,1325215813079TUNE0,155/80 R 13_ULTIMA NEO_79_T_TL,,1,,,
315,C15580R13ULNTLGC03,1325215813079TUNE0,155/80 R 13_ULTIMA NEO_79_T_TL,,1,,,
316,C15580R13ULNTLGC04,1325215813079TUNE0,155/80 R 13_ULTIMA NEO_79_T_TL,,1,,,
317,C15580R13ULNTLGC05,1325215813079TUNE0,155/80 R 13_ULTIMA NEO_79_T_TL,,1,,,
318,C15580R13ULNTLGC06,1325215813079TUNE0,155/80 R 13_ULTIMA NEO_79_T_TL,,1,,,
319,C15580R13ULNTLHM01,1325215813079TUNE0,155/80 R 13_ULTIMA NEO_79_T_TL,,1,,,
320,C15580R13ULNTLHM02,1325215813079TUNE0,155/80 R 13_ULTIMA NEO_79_T_TL,,1,,,
321,C15580R13ULNTLHM03,1325215813079TUNE0,155/80 R 13_ULTIMA NEO_79_T_TL,,1,,,
322,C15580R13ULNTLHM04,1325215813079TUNE0,155/80 R 13_ULTIMA NEO_79_T_TL,,1,,,
323,C15580R13ULNTLHM05,1325215813079TUNE0,155/80 R 13_ULTIMA NEO_79_T_TL,,1,,,
324,C15580R13ULNTLHM06,1325215813079TUNE0,155/80 R 13_ULTIMA NEO_79_T_TL,,1,,,
325,C15580R13ULNTLHM07,1325215813079TUNE0,155/80 R 13_ULTIMA NEO_79_T_TL,,1,,,
326,C15580R13ULNTLHM08,1325215813079TUNE0,155/80 R 13_ULTIMA NEO_79_T_TL,,1,,,
327,C15580R13ULNTLHM09,1325215813079TUNE0,155/80 R 13_ULTIMA NEO_79_T_TL,,1,,,
328,C15580R13ULNTLHM10,1325215813079TUNE0,155/80 R 13_ULTIMA NEO_79_T_TL,,1,,,
329,C15580R13ULNTLHM11,1325215813079TUNE0,155/80 R 13_ULTIMA NEO_79_T_TL,,1,,,
330,C15580R13ULNTLHM12,1325215813079TUNE0,155/80 R 13_ULTIMA NEO_79_T_TL,,1,,,
331,C15580R13ULNTLHM13,1325215813079TUNE0,155/80 R 13_ULTIMA NEO_79_T_TL,,1,,,
332,C15580R13ULNTLHM14,1325215813079TUNE0,155/80 R 13_ULTIMA NEO_79_T_TL,,1,,,
333,C15580R13ULNTLHM15,1325215813079TUNE0,155/80 R 13_ULTIMA NEO_79_T_TL,,1,,,
334,C15565R14NEOTLGC01,1325215514075TUNE0,155/65 R14_ULTIMA NEO_75_T_TL,,1,,,
335,C15565R14NEOTLGC02,1325215514075TUNE0,155/65 R14_ULTIMA NEO_75_T_TL,,1,,,
336,C15565R14NEOTLHM01,1325215514075TUNE0,155/65 R14_ULTIMA NEO_75_T_TL,,1,,,
337,C15565R14NEOTLHM02,1325215514075TUNE0,155/65 R14_ULTIMA NEO_75_T_TL,,1,,,
338,C16580R14TORTLGR01,1325216814085STOR0,165/80 R14_TORNADO_85_S_TL,,1,,,
339,C16580R14TORTLGR03,1325216814085STOR0,165/80 R14_TORNADO_85_S_TL,,1,,,
340,C16580R14TORTLGR04,1325216814085STOR0,165/80 R14_TORNADO_85_S_TL,,1,,,
341,C16580R14TORTLGR05,1325216814085STOR0,165/80 R14_TORNADO_85_S_TL,,1,,,
342,C16580R14TORTLGR07,1325216814085STOR0,165/80 R14_TORNADO_85_S_TL,,1,,,
343,C16580R14TORTLGR10,1325216814085STOR0,165/80 R14_TORNADO_85_S_TL,,1,,,
344,C16580R14TORTLGR11,1325216814085STOR0,165/80 R14_TORNADO_85_S_TL,,1,,,
345,C16580R14TORTLGR12,1325216814085STOR0,165/80 R14_TORNADO_85_S_TL,,1,,,
346,C16580R14TORTLGR13,1325216814085STOR0,165/80 R14_TORNADO_85_S_TL,,1,,,
347,C16580R14TORTLGR16,1325216814085STOR0,165/80 R14_TORNADO_85_S_TL,,1,,,
348,C16580R14TORTLGR18,1325216814085STOR0,165/80 R14_TORNADO_85_S_TL,,1,,,
349,C16580R14TORTLGR19,1325216814085STOR0,165/80 R14_TORNADO_85_S_TL,,1,,,
350,C16580R14TORTLGR20,1325216814085STOR0,165/80 R14_TORNADO_85_S_TL,,1,,,
351,C16580R14TORTLGR21,1325216814085STOR0,165/80 R14_TORNADO_85_S_TL,,1,,,
352,C16580R14TORTLGR22,1325216814085STOR0,165/80 R14_TORNADO_85_S_TL,,1,,,
353,C16580R14TORTLGR23,1325216814085STOR0,165/80 R14_TORNADO_85_S_TL,,1,,,
354,C16580R14TORTLGR24,1325216814085STOR0,165/80 R14_TORNADO_85_S_TL,,1,,,
355,C16580R14TORTLGR25,1325216814085STOR0,165/80 R14_TORNADO_85_S_TL,,1,,,
356,C16580R14TORTLGR26,1325216814085STOR0,165/80 R14_TORNADO_85_S_TL,,1,,,
357,C16580R14TORTLGR27,1325216814085STOR0,165/80 R14_TORNADO_85_S_TL,,1,,,
358,C16580R14TORTLGR28,1325216814085STOR0,165/80 R14_TORNADO_85_S_TL,,1,,,
359,C16580R14TORTLGR29,1325216814085STOR0,165/80 R14_TORNADO_85_S_TL,,1,,,
360,C16580R14TORTLGR30,1325216814085STOR0,165/80 R14_TORNADO_85_S_TL,,1,,,
361,C16580R14TORTLMK04,1325216814085STOR0,165/80 R14_TORNADO_85_S_TL,,1,,,
362,C16580R14TORTLMK09,1325216814085STOR0,165/80 R14_TORNADO_85_S_TL,,1,,,
363,C16580R14TORTLMK11,1325216814085STOR0,165/80 R14_TORNADO_85_S_TL,,1,,,
364,C16580R14TORTLMK15,1325216814085STOR0,165/80 R14_TORNADO_85_S_TL,,1,,,
365,C16580R14TORTLMK23,1325216814085STOR0,165/80 R14_TORNADO_85_S_TL,,1,,,
366,C16580R14TORTLMK26,1325216814085STOR0,165/80 R14_TORNADO_85_S_TL,,1,,,
367,C16580R14TORTLNS02,1325216814085STOR0,165/80 R14_TORNADO_85_S_TL,,1,,,
368,C16580R14TORTLNS03,1325216814085STOR0,165/80 R14_TORNADO_85_S_TL,,1,,,
369,C16580R14TORTLNS04,1325216814085STOR0,165/80 R14_TORNADO_85_S_TL,,1,,,
370,C16580R14TORTLNS06,1325216814085STOR0,165/80 R14_TORNADO_85_S_TL,,1,,,
371,C16565R14SPTTLMK01,1325216514079SUSP0,165/65 R14_ULTIMA SPORT_79_S_TL,,1,,,
372,C16565R14SPTTLMK02,1325216514079SUSP0,165/65 R14_ULTIMA SPORT_79_S_TL,,1,,,
373,C185R14LTXPCTLMK01,1D25218Z14008QXPC0,185R14_ULTIMA XPC_8PR_Q_TL,,1,,,
373,C185R14LTXPCTLMK01,1D25118Z14008QXPC0,185R14_ULTIMA XPC_8PR_Q_TL,,1,,,
374,C185R14LTXPCTLMK02,1D25218Z14008QXPC0,185R14_ULTIMA XPC_8PR_Q_TL,,1,,,
374,C185R14LTXPCTLMK02,1D25118Z14008QXPC0,185R14_ULTIMA XPC_8PR_Q_TL,,1,,,
375,C185R14LTXPCTLMK03,1D25218Z14008QXPC0,185R14_ULTIMA XPC_8PR_Q_TL,,1,,,
375,C185R14LTXPCTLMK03,1D25118Z14008QXPC0,185R14_ULTIMA XPC_8PR_Q_TL,,1,,,
376,C185R14LTXPCTLMK04,1D25218Z14008QXPC0,185R14_ULTIMA XPC_8PR_Q_TL,,1,,,
376,C185R14LTXPCTLMK04,1D25118Z14008QXPC0,185R14_ULTIMA XPC_8PR_Q_TL,,1,,,
377,C185R14LTXPCTLMK05,1D25218Z14008QXPC0,185R14_ULTIMA XPC_8PR_Q_TL,,1,,,
377,C185R14LTXPCTLMK05,1D25118Z14008QXPC0,185R14_ULTIMA XPC_8PR_Q_TL,,1,,,
378,C17570R14XPCTLGC01,1325217614095QXPC0,175/70 R 14C_ULTIMA XPC_95/93_Q_TL,,1,,,
379,C17570R14XPCTLGC02,1325217614095QXPC0,175/70 R 14C_ULTIMA XPC_95/93_Q_TL,,1,,,
380,C17570R14XPCTLGC03,1325217614095QXPC0,175/70 R 14C_ULTIMA XPC_95/93_Q_TL,,1,,,
381,C17570R14XPCTLGC04,1325217614095QXPC0,175/70 R 14C_ULTIMA XPC_95/93_Q_TL,,1,,,
382,C17570R14XPCTLMK01,1325217614095QXPC0,175/70 R 14C_ULTIMA XPC_95/93_Q_TL,,1,,,
383,C17570R14XPCTLMK02,1325217614095QXPC0,175/70 R 14C_ULTIMA XPC_95/93_Q_TL,,1,,,
384,C17570R14XPCTLSH01,1325217614095QXPC0,175/70 R 14C_ULTIMA XPC_95/93_Q_TL,,1,,,
385,C17570R14XPCTLSH02,1325217614095QXPC0,175/70 R 14C_ULTIMA XPC_95/93_Q_TL,,1,,,
386,C165R14ULXPCTLGR01,1325216814008QXPC0,165R14_ULTIMA XPC_8PR_97/95Q_TL(NALT),,1,,,
386,C165R14ULXPCTLGR01,1D25216814008QXPCA,165R14_ULTIMA XPC_8PR_97/95Q_TL(NALT),,1,,,
387,C165R14ULXPCTLGR02,1325216814008QXPC0,165R14_ULTIMA XPC_8PR_97/95Q_TL(NALT),,1,,,
387,C165R14ULXPCTLGR02,1D25216814008QXPCA,165R14_ULTIMA XPC_8PR_97/95Q_TL(NALT),,1,,,
388,C165R14ULXPCTLGR03,1325216814008QXPC0,165R14_ULTIMA XPC_8PR_97/95Q_TL(NALT),,1,,,
388,C165R14ULXPCTLGR03,1D25216814008QXPCA,165R14_ULTIMA XPC_8PR_97/95Q_TL(NALT),,1,,,
389,C165R14ULXPCTLGR04,1325216814008QXPC0,165R14_ULTIMA XPC_8PR_97/95Q_TL(NALT),,1,,,
389,C165R14ULXPCTLGR04,1D25216814008QXPCA,165R14_ULTIMA XPC_8PR_97/95Q_TL(NALT),,1,,,
390,C165R14ULXPCTLGR05,1325216814008QXPC0,165R14_ULTIMA XPC_8PR_97/95Q_TL(NALT),,1,,,
390,C165R14ULXPCTLGR05,1D25216814008QXPCA,165R14_ULTIMA XPC_8PR_97/95Q_TL(NALT),,1,,,
391,C165R14ULXPCTLGR06,1325216814008QXPC0,165R14_ULTIMA XPC_8PR_97/95Q_TL(NALT),,1,,,
391,C165R14ULXPCTLGR06,1D25216814008QXPCA,165R14_ULTIMA XPC_8PR_97/95Q_TL(NALT),,1,,,
392,C165R14ULXPCTLGR07,1325216814008QXPC0,165R14_ULTIMA XPC_8PR_97/95Q_TL(NALT),,1,,,
392,C165R14ULXPCTLGR07,1D25216814008QXPCA,165R14_ULTIMA XPC_8PR_97/95Q_TL(NALT),,1,,,
393,C165R14ULXPCTLGR08,1325216814008QXPC0,165R14_ULTIMA XPC_8PR_97/95Q_TL(NALT),,1,,,
393,C165R14ULXPCTLGR08,1D25216814008QXPCA,165R14_ULTIMA XPC_8PR_97/95Q_TL(NALT),,1,,,
394,C165R14ULXPCTLMK01,1325216814008QXPC0,165R14_ULTIMA XPC_8PR_97/95Q_TL(NALT),,1,,,
394,C165R14ULXPCTLMK01,1D25216814008QXPCA,165R14_ULTIMA XPC_8PR_97/95Q_TL(NALT),,1,,,
395,C165R14ULXPCTLMK02,1325216814008QXPC0,165R14_ULTIMA XPC_8PR_97/95Q_TL(NALT),,1,,,
395,C165R14ULXPCTLMK02,1D25216814008QXPCA,165R14_ULTIMA XPC_8PR_97/95Q_TL(NALT),,1,,,
396,C195R14UXPC1TLGC01,1D25219Z14008SXC10,195R14_ULTIMA XPC1_8PR_S_TL,,1,,,
396,C195R14UXPC1TLGC01,1D25219Z14008SXC11,195R14_ULTIMA XPC1_8PR_S_TL,,1,,,
397,C195R14UXPC1TLGC02,1D25219Z14008SXC10,195R14_ULTIMA XPC1_8PR_S_TL,,1,,,
397,C195R14UXPC1TLGC02,1D25219Z14008SXC11,195R14_ULTIMA XPC1_8PR_S_TL,,1,,,
398,C195R14UXPC1TLMK01,1D25219Z14008SXC10,195R14_ULTIMA XPC1_8PR_S_TL,,1,,,
398,C195R14UXPC1TLMK01,1D25219Z14008SXC11,195R14_ULTIMA XPC1_8PR_S_TL,,1,,,
399,C195R14UXPC1TLMK02,1D25219Z14008SXC10,195R14_ULTIMA XPC1_8PR_S_TL,,1,,,
399,C195R14UXPC1TLMK02,1D25219Z14008SXC11,195R14_ULTIMA XPC1_8PR_S_TL,,1,,,
400,C17565R14VECTLMK02,1325217514082HVEC0,175/65 R 14_VECTRA_82_H_TL,,1,,,
401,C17565R14VECTLMK04,1325217514082HVEC0,175/65 R 14_VECTRA_82_H_TL,,1,,,
402,C17565R14VECTLMK07,1325217514082HVEC0,175/65 R 14_VECTRA_82_H_TL,,1,,,
403,C17565R14VECTLMK08,1325217514082HVEC0,175/65 R 14_VECTRA_82_H_TL,,1,,,
404,C18565R15UXPC1GC01,1225218515008QXC10,LT185/65R15_ ULT XPC1 _95/93Q _8PR_TL _N,,1,,,
405,C20565R15ELZCRUSY1,1325220515094SELA0,205/65 R 15 ELANZO CRUSERO TL,,1,,,
406,C20565R15ELZCRUSY3,1325220515094SELA0,205/65 R 15 ELANZO CRUSERO TL,,1,,,
407,C16580R15XPCTLGR01,1325116815087SXPC0,165/80R15 ULTIMA XPC_87_S_TT,,1,,,
407,C16580R15XPCTLGR01,1325216815087SXPC0,165/80R15 ULTIMA XPC_87_S_TT,,1,,,
408,C16580R15XPCTLGR02,1325116815087SXPC0,165/80R15 ULTIMA XPC_87_S_TT,,1,,,
408,C16580R15XPCTLGR02,1325216815087SXPC0,165/80R15 ULTIMA XPC_87_S_TT,,1,,,
409,C16580R15XPCTLMK01,1325116815087SXPC0,165/80R15 ULTIMA XPC_87_S_TT,,1,,,
409,C16580R15XPCTLMK01,1325216815087SXPC0,165/80R15 ULTIMA XPC_87_S_TT,,1,,,
410,C16580R15XPCTLMK02,1325116815087SXPC0,165/80R15 ULTIMA XPC_87_S_TT,,1,,,
410,C16580R15XPCTLMK02,1325216815087SXPC0,165/80R15 ULTIMA XPC_87_S_TT,,1,,,
411,C18565R15VECTLGC01,1325218515088SVEC0,185/65 R15_VECTRA_88_S_TL,,1,,,
411,C18565R15VECTLGC01,1325218515088TVEUE,185/65 R15_VECTRA_88_S_TL,,1,,,
412,C18565R15VECTLGC02,1325218515088SVEC0,185/65 R15_VECTRA_88_S_TL,,1,,,
412,C18565R15VECTLGC02,1325218515088TVEUE,185/65 R15_VECTRA_88_S_TL,,1,,,
413,C18565R15VECTLGC03,1325218515088SVEC0,185/65 R15_VECTRA_88_S_TL,,1,,,
413,C18565R15VECTLGC03,1325218515088TVEUE,185/65 R15_VECTRA_88_S_TL,,1,,,
414,C18565R15VECTLGC04,1325218515088SVEC0,185/65 R15_VECTRA_88_S_TL,,1,,,
414,C18565R15VECTLGC04,1325218515088TVEUE,185/65 R15_VECTRA_88_S_TL,,1,,,
415,C18565R15VECTLGC05,1325218515088SVEC0,185/65 R15_VECTRA_88_S_TL,,1,,,
415,C18565R15VECTLGC05,1325218515088TVEUE,185/65 R15_VECTRA_88_S_TL,,1,,,
416,C18565R15VECTLGC06,1325218515088SVEC0,185/65 R15_VECTRA_88_S_TL,,1,,,
416,C18565R15VECTLGC06,1325218515088TVEUE,185/65 R15_VECTRA_88_S_TL,,1,,,
417,C18565R15VECTLGC07,1325218515088SVEC0,185/65 R15_VECTRA_88_S_TL,,1,,,
417,C18565R15VECTLGC07,1325218515088TVEUE,185/65 R15_VECTRA_88_S_TL,,1,,,
418,C18565R15VECTLMK01,1325218515088SVEC0,185/65 R15_VECTRA_88_S_TL,,1,,,
418,C18565R15VECTLMK01,1325218515088TVEUE,185/65 R15_VECTRA_88_S_TL,,1,,,
419,C18565R15VECTLMK09,1325218515088SVEC0,185/65 R15_VECTRA_88_S_TL,,1,,,
419,C18565R15VECTLMK09,1325218515088TVEUE,185/65 R15_VECTRA_88_S_TL,,1,,,
420,C18565R15VECTLMK10,1325218515088SVEC0,185/65 R15_VECTRA_88_S_TL,,1,,,
420,C18565R15VECTLMK10,1325218515088TVEUE,185/65 R15_VECTRA_88_S_TL,,1,,,
421,C18565R15VECTLMK11,1325218515088SVEC0,185/65 R15_VECTRA_88_S_TL,,1,,,
421,C18565R15VECTLMK11,1325218515088TVEUE,185/65 R15_VECTRA_88_S_TL,,1,,,
422,C18565R15VECTLMK12,1325218515088SVEC0,185/65 R15_VECTRA_88_S_TL,,1,,,
422,C18565R15VECTLMK12,1325218515088TVEUE,185/65 R15_VECTRA_88_S_TL,,1,,,
423,C18565R15VECTLMK13,1325218515088SVEC0,185/65 R15_VECTRA_88_S_TL,,1,,,
423,C18565R15VECTLMK13,1325218515088TVEUE,185/65 R15_VECTRA_88_S_TL,,1,,,
424,C18565R15VECTLMK14,1325218515088SVEC0,185/65 R15_VECTRA_88_S_TL,,1,,,
424,C18565R15VECTLMK14,1325218515088TVEUE,185/65 R15_VECTRA_88_S_TL,,1,,,
425,C18565R15VECTLMK15,1325218515088SVEC0,185/65 R15_VECTRA_88_S_TL,,1,,,
425,C18565R15VECTLMK15,1325218515088TVEUE,185/65 R15_VECTRA_88_S_TL,,1,,,
426,C18565R15VECTLMK16,1325218515088SVEC0,185/65 R15_VECTRA_88_S_TL,,1,,,
426,C18565R15VECTLMK16,1325218515088TVEUE,185/65 R15_VECTRA_88_S_TL,,1,,,
427,C18565R15VECTLMK17,1325218515088SVEC0,185/65 R15_VECTRA_88_S_TL,,1,,,
427,C18565R15VECTLMK17,1325218515088TVEUE,185/65 R15_VECTRA_88_S_TL,,1,,,
428,C18565R15VECTLMK18,1325218515088SVEC0,185/65 R15_VECTRA_88_S_TL,,1,,,
428,C18565R15VECTLMK18,1325218515088TVEUE,185/65 R15_VECTRA_88_S_TL,,1,,,
429,C10R20JWJUH316GC03,1122110020016KH3P0,10.00R20_JUH3+_16PR_K_TT,,1,,,
429,C10R20JWJUH316GC03,1122110020016KH3PT,10.00R20_JUH3+_16PR_K_TT,,1,,,
429,C10R20JWJUH316GC03,1152110020016KVH30,10.00R20_JUH3+_16PR_K_TT,,1,,,
430,C10R20JWJUH316GC04,1122110020016KH3P0,10.00R20_JUH3+_16PR_K_TT,,1,,,
430,C10R20JWJUH316GC04,1122110020016KH3PT,10.00R20_JUH3+_16PR_K_TT,,1,,,
430,C10R20JWJUH316GC04,1152110020016KVH30,10.00R20_JUH3+_16PR_K_TT,,1,,,
431,C10R20JWJUH316GC05,1122110020016KH3P0,10.00R20_JUH3+_16PR_K_TT,,1,,,
431,C10R20JWJUH316GC05,1122110020016KH3PT,10.00R20_JUH3+_16PR_K_TT,,1,,,
431,C10R20JWJUH316GC05,1152110020016KVH30,10.00R20_JUH3+_16PR_K_TT,,1,,,
432,C10R20JWJUH316GC06,1122110020016KH3P0,10.00R20_JUH3+_16PR_K_TT,,1,,,
432,C10R20JWJUH316GC06,1122110020016KH3PT,10.00R20_JUH3+_16PR_K_TT,,1,,,
432,C10R20JWJUH316GC06,1152110020016KVH30,10.00R20_JUH3+_16PR_K_TT,,1,,,
433,C10R20JWJUH316GC07,1122110020016KH3P0,10.00R20_JUH3+_16PR_K_TT,,1,,,
433,C10R20JWJUH316GC07,1122110020016KH3PT,10.00R20_JUH3+_16PR_K_TT,,1,,,
434,C10R20JWJUH316GC08,1122110020016KH3P0,10.00R20_JUH3+_16PR_K_TT,,1,,,
434,C10R20JWJUH316GC08,1122110020016KH3PT,10.00R20_JUH3+_16PR_K_TT,,1,,,
435,C10R20JWJUH316GC09,1122110020016KH3P0,10.00R20_JUH3+_16PR_K_TT,,1,,,
435,C10R20JWJUH316GC09,1122110020016KH3PT,10.00R20_JUH3+_16PR_K_TT,,1,,,
436,C10R20JWJUH316GC10,1122110020016KH3P0,10.00R20_JUH3+_16PR_K_TT,,1,,,
436,C10R20JWJUH316GC10,1122110020016KH3PT,10.00R20_JUH3+_16PR_K_TT,,1,,,
437,C10R20JWJUH316GC11,1122110020016KH3P0,10.00R20_JUH3+_16PR_K_TT,,1,,,
437,C10R20JWJUH316GC11,1122110020016KH3PT,10.00R20_JUH3+_16PR_K_TT,,1,,,
438,C10R20JWJUH316GC12,1122110020016KH3P0,10.00R20_JUH3+_16PR_K_TT,,1,,,
438,C10R20JWJUH316GC12,1122110020016KH3PT,10.00R20_JUH3+_16PR_K_TT,,1,,,
439,C10R20JWJUH316GC13,1122110020016KH3P0,10.00R20_JUH3+_16PR_K_TT,,1,,,
439,C10R20JWJUH316GC13,1122110020016KH3PT,10.00R20_JUH3+_16PR_K_TT,,1,,,
440,C10R20JWJUH316GC14,1122110020016KH3P0,10.00R20_JUH3+_16PR_K_TT,,1,,,
440,C10R20JWJUH316GC14,1122110020016KH3PT,10.00R20_JUH3+_16PR_K_TT,,1,,,
441,C10R20JWJUH316GR05,1122110020016KH3P0,10.00R20_JUH3+_16PR_K_TT,,1,,,
441,C10R20JWJUH316GR05,1122110020016KH3PT,10.00R20_JUH3+_16PR_K_TT,,1,,,
442,C10R20JWJUH316GR06,1122110020016KH3P0,10.00R20_JUH3+_16PR_K_TT,,1,,,
442,C10R20JWJUH316GR06,1122110020016KH3PT,10.00R20_JUH3+_16PR_K_TT,,1,,,
443,C10R20JWJUH316GR07,1122110020016KH3P0,10.00R20_JUH3+_16PR_K_TT,,1,,,
443,C10R20JWJUH316GR07,1122110020016KH3PT,10.00R20_JUH3+_16PR_K_TT,,1,,,
444,C10R20JWJUH316GR08,1122110020016KH3P0,10.00R20_JUH3+_16PR_K_TT,,1,,,
444,C10R20JWJUH316GR08,1122110020016KH3PT,10.00R20_JUH3+_16PR_K_TT,,1,,,
445,C10R20JWJUH316GR09,1122110020016KH3P0,10.00R20_JUH3+_16PR_K_TT,,1,,,
445,C10R20JWJUH316GR09,1122110020016KH3PT,10.00R20_JUH3+_16PR_K_TT,,1,,,
446,C10R20JWJUH316GR10,1122110020016KH3P0,10.00R20_JUH3+_16PR_K_TT,,1,,,
446,C10R20JWJUH316GR10,1122110020016KH3PT,10.00R20_JUH3+_16PR_K_TT,,1,,,
447,C10R20JWJUH316HM01,1122110020016KH3P0,10.00R20_JUH3+_16PR_K_TT,,1,,,
447,C10R20JWJUH316HM01,1122110020016KH3PT,10.00R20_JUH3+_16PR_K_TT,,1,,,
448,C10R20JWJUH316HM02,1122110020016KH3P0,10.00R20_JUH3+_16PR_K_TT,,1,,,
448,C10R20JWJUH316HM02,1122110020016KH3PT,10.00R20_JUH3+_16PR_K_TT,,1,,,
449,C10R20JWJUH316HM03,1122110020016KH3P0,10.00R20_JUH3+_16PR_K_TT,,1,,,
449,C10R20JWJUH316HM03,1122110020016KH3PT,10.00R20_JUH3+_16PR_K_TT,,1,,,
450,C10R20JWJUH316HM04,1122110020016KH3P0,10.00R20_JUH3+_16PR_K_TT,,1,,,
450,C10R20JWJUH316HM04,1122110020016KH3PT,10.00R20_JUH3+_16PR_K_TT,,1,,,
451,C10R20JWJUH316HM05,1122110020016KH3P0,10.00R20_JUH3+_16PR_K_TT,,1,,,
451,C10R20JWJUH316HM05,1122110020016KH3PT,10.00R20_JUH3+_16PR_K_TT,,1,,,
452,C10R20JWJUH316HM06,1122110020016KH3P0,10.00R20_JUH3+_16PR_K_TT,,1,,,
452,C10R20JWJUH316HM06,1122110020016KH3PT,10.00R20_JUH3+_16PR_K_TT,,1,,,
453,C10R20JWJUH316HM07,1122110020016KH3P0,10.00R20_JUH3+_16PR_K_TT,,1,,,
453,C10R20JWJUH316HM07,1122110020016KH3PT,10.00R20_JUH3+_16PR_K_TT,,1,,,
454,C10R20JWJUH316HM08,1122110020016KH3P0,10.00R20_JUH3+_16PR_K_TT,,1,,,
454,C10R20JWJUH316HM08,1122110020016KH3PT,10.00R20_JUH3+_16PR_K_TT,,1,,,
455,C10R20JWJUH316HM09,1122110020016KH3P0,10.00R20_JUH3+_16PR_K_TT,,1,,,
455,C10R20JWJUH316HM09,1122110020016KH3PT,10.00R20_JUH3+_16PR_K_TT,,1,,,
456,C10R20JWJUH316HM10,1122110020016KH3P0,10.00R20_JUH3+_16PR_K_TT,,1,,,
456,C10R20JWJUH316HM10,1122110020016KH3PT,10.00R20_JUH3+_16PR_K_TT,,1,,,
457,C10R20JWJUH316HM11,1122110020016KH3P0,10.00R20_JUH3+_16PR_K_TT,,1,,,
457,C10R20JWJUH316HM11,1122110020016KH3PT,10.00R20_JUH3+_16PR_K_TT,,1,,,
458,C10R20JWJUH316HM12,1122110020016KH3P0,10.00R20_JUH3+_16PR_K_TT,,1,,,
458,C10R20JWJUH316HM12,1122110020016KH3PT,10.00R20_JUH3+_16PR_K_TT,,1,,,
459,C10R20JWJUH316HM14,1122110020016KH3P0,10.00R20_JUH3+_16PR_K_TT,,1,,,
459,C10R20JWJUH316HM14,1122110020016KH3PT,10.00R20_JUH3+_16PR_K_TT,,1,,,
460,C10R20JWJUH316HM15,1122110020016KH3P0,10.00R20_JUH3+_16PR_K_TT,,1,,,
460,C10R20JWJUH316HM15,1122110020016KH3PT,10.00R20_JUH3+_16PR_K_TT,,1,,,
461,C10R20JWJUH316HM16,1122110020016KH3P0,10.00R20_JUH3+_16PR_K_TT,,1,,,
461,C10R20JWJUH316HM16,1122110020016KH3PT,10.00R20_JUH3+_16PR_K_TT,,1,,,
462,C10R20JWJUH316HM17,1122110020016KH3P0,10.00R20_JUH3+_16PR_K_TT,,1,,,
462,C10R20JWJUH316HM17,1122110020016KH3PT,10.00R20_JUH3+_16PR_K_TT,,1,,,
463,C10R20JWJUH316HM18,1122110020016KH3P0,10.00R20_JUH3+_16PR_K_TT,,1,,,
463,C10R20JWJUH316HM18,1122110020016KH3PT,10.00R20_JUH3+_16PR_K_TT,,1,,,
464,C10R20JWJUH316HM19,1122110020016KH3P0,10.00R20_JUH3+_16PR_K_TT,,1,,,
464,C10R20JWJUH316HM19,1122110020016KH3PT,10.00R20_JUH3+_16PR_K_TT,,1,,,
465,C10R20JWJUH316HM20,1122110020016KH3P0,10.00R20_JUH3+_16PR_K_TT,,1,,,
465,C10R20JWJUH316HM20,1122110020016KH3PT,10.00R20_JUH3+_16PR_K_TT,,1,,,
466,C10R20JWJUH316HM21,1122110020016KH3P0,10.00R20_JUH3+_16PR_K_TT,,1,,,
466,C10R20JWJUH316HM21,1122110020016KH3PT,10.00R20_JUH3+_16PR_K_TT,,1,,,
467,C10R20JWJUH316HM22,1122110020016KH3P0,10.00R20_JUH3+_16PR_K_TT,,1,,,
467,C10R20JWJUH316HM22,1122110020016KH3PT,10.00R20_JUH3+_16PR_K_TT,,1,,,
468,C10R20JWJUH316HM23,1122110020016KH3P0,10.00R20_JUH3+_16PR_K_TT,,1,,,
468,C10R20JWJUH316HM23,1122110020016KH3PT,10.00R20_JUH3+_16PR_K_TT,,1,,,
469,C10R20JWJUH316HM24,1122110020016KH3P0,10.00R20_JUH3+_16PR_K_TT,,1,,,
469,C10R20JWJUH316HM24,1122110020016KH3PT,10.00R20_JUH3+_16PR_K_TT,,1,,,
470,C10R20JWJUH316HM25,1122110020016KH3P0,10.00R20_JUH3+_16PR_K_TT,,1,,,
470,C10R20JWJUH316HM25,1122110020016KH3PT,10.00R20_JUH3+_16PR_K_TT,,1,,,
471,C10R20JWJUH316HM26,1122110020016KH3P0,10.00R20_JUH3+_16PR_K_TT,,1,,,
471,C10R20JWJUH316HM26,1122110020016KH3PT,10.00R20_JUH3+_16PR_K_TT,,1,,,
472,C10R20JWJUH316HM27,1122110020016KH3P0,10.00R20_JUH3+_16PR_K_TT,,1,,,
472,C10R20JWJUH316HM27,1122110020016KH3PT,10.00R20_JUH3+_16PR_K_TT,,1,,,
473,C10R20JWJUH316HM28,1122110020016KH3P0,10.00R20_JUH3+_16PR_K_TT,,1,,,
473,C10R20JWJUH316HM28,1122110020016KH3PT,10.00R20_JUH3+_16PR_K_TT,,1,,,
474,C9R20JWJUH316GC01,1122190020014KJH30,9.00R20_JUH3_14PR_K_TT,,1,,,
474,C9R20JWJUH316GC01,1122190020016KJH30,9.00R20_JUH3_14PR_K_TT,,1,,,
474,C9R20JWJUH316GC01,1152190020014KVH30,9.00R20_JUH3_14PR_K_TT,,1,,,
475,C9R20JWJUH316GC02,1122190020014KJH30,9.00R20_JUH3_14PR_K_TT,,1,,,
475,C9R20JWJUH316GC02,1122190020016KJH30,9.00R20_JUH3_14PR_K_TT,,1,,,
475,C9R20JWJUH316GC02,1152190020014KVH30,9.00R20_JUH3_14PR_K_TT,,1,,,
476,C9R20JWJUH316GC03,1122190020014KJH30,9.00R20_JUH3_14PR_K_TT,,1,,,
476,C9R20JWJUH316GC03,1122190020016KJH30,9.00R20_JUH3_14PR_K_TT,,1,,,
476,C9R20JWJUH316GC03,1152190020014KVH30,9.00R20_JUH3_14PR_K_TT,,1,,,
477,C9R20JWJUH316GC04,1122190020014KJH30,9.00R20_JUH3_14PR_K_TT,,1,,,
477,C9R20JWJUH316GC04,1122190020016KJH30,9.00R20_JUH3_14PR_K_TT,,1,,,
477,C9R20JWJUH316GC04,1152190020014KVH30,9.00R20_JUH3_14PR_K_TT,,1,,,
478,C9R20JWJUH316GC05,1122190020014KJH30,9.00R20_JUH3_14PR_K_TT,,1,,,
478,C9R20JWJUH316GC05,1122190020016KJH30,9.00R20_JUH3_14PR_K_TT,,1,,,
478,C9R20JWJUH316GC05,1152190020014KVH30,9.00R20_JUH3_14PR_K_TT,,1,,,
479,C9R20JWJUH316GC06,1122190020014KJH30,9.00R20_JUH3_14PR_K_TT,,1,,,
479,C9R20JWJUH316GC06,1122190020016KJH30,9.00R20_JUH3_14PR_K_TT,,1,,,
479,C9R20JWJUH316GC06,1152190020014KVH30,9.00R20_JUH3_14PR_K_TT,,1,,,
480,C9R20JWJUH316GC07,1122190020014KJH30,9.00R20_JUH3_14PR_K_TT,,1,,,
480,C9R20JWJUH316GC07,1122190020016KJH30,9.00R20_JUH3_14PR_K_TT,,1,,,
480,C9R20JWJUH316GC07,1152190020014KVH30,9.00R20_JUH3_14PR_K_TT,,1,,,
481,C9R20JWJUH316GC08,1122190020014KJH30,9.00R20_JUH3_14PR_K_TT,,1,,,
481,C9R20JWJUH316GC08,1122190020016KJH30,9.00R20_JUH3_14PR_K_TT,,1,,,
481,C9R20JWJUH316GC08,1152190020014KVH30,9.00R20_JUH3_14PR_K_TT,,1,,,
482,C9R20JWJUH316GR02,1122190020014KJH30,9.00R20_JUH3_14PR_K_TT,,1,,,
482,C9R20JWJUH316GR02,1122190020016KJH30,9.00R20_JUH3_14PR_K_TT,,1,,,
482,C9R20JWJUH316GR02,1152190020014KVH30,9.00R20_JUH3_14PR_K_TT,,1,,,
483,C9R20JWJUH316GR03,1122190020014KJH30,9.00R20_JUH3_14PR_K_TT,,1,,,
483,C9R20JWJUH316GR03,1122190020016KJH30,9.00R20_JUH3_14PR_K_TT,,1,,,
484,C9R20JWJUH316GR04,1122190020014KJH30,9.00R20_JUH3_14PR_K_TT,,1,,,
484,C9R20JWJUH316GR04,1122190020016KJH30,9.00R20_JUH3_14PR_K_TT,,1,,,
485,C9R20JWJUH316HM01,1122190020014KJH30,9.00R20_JUH3_14PR_K_TT,,1,,,
485,C9R20JWJUH316HM01,1122190020016KJH30,9.00R20_JUH3_14PR_K_TT,,1,,,
486,C9R20JWJUH316HM02,1122190020014KJH30,9.00R20_JUH3_14PR_K_TT,,1,,,
486,C9R20JWJUH316HM02,1122190020016KJH30,9.00R20_JUH3_14PR_K_TT,,1,,,
487,C9R20JWJUH316HM03,1122190020014KJH30,9.00R20_JUH3_14PR_K_TT,,1,,,
487,C9R20JWJUH316HM03,1122190020016KJH30,9.00R20_JUH3_14PR_K_TT,,1,,,
488,C9R20JWJUH316HM05,1122190020014KJH30,9.00R20_JUH3_14PR_K_TT,,1,,,
488,C9R20JWJUH316HM05,1122190020016KJH30,9.00R20_JUH3_14PR_K_TT,,1,,,
489,C9R20JWJUH316HM06,1122190020014KJH30,9.00R20_JUH3_14PR_K_TT,,1,,,
489,C9R20JWJUH316HM06,1122190020016KJH30,9.00R20_JUH3_14PR_K_TT,,1,,,
490,C9R20JWJUH316HM07,1122190020014KJH30,9.00R20_JUH3_14PR_K_TT,,1,,,
490,C9R20JWJUH316HM07,1122190020016KJH30,9.00R20_JUH3_14PR_K_TT,,1,,,
491,C9R20JWJUH316HM08,1122190020014KJH30,9.00R20_JUH3_14PR_K_TT,,1,,,
491,C9R20JWJUH316HM08,1122190020016KJH30,9.00R20_JUH3_14PR_K_TT,,1,,,
492,C9R20JWJUH316HM11,1122190020014KJH30,9.00R20_JUH3_14PR_K_TT,,1,,,
492,C9R20JWJUH316HM11,1122190020016KJH30,9.00R20_JUH3_14PR_K_TT,,1,,,
493,C9R20JWJUH316HM12,1122190020014KJH30,9.00R20_JUH3_14PR_K_TT,,1,,,
493,C9R20JWJUH316HM12,1122190020016KJH30,9.00R20_JUH3_14PR_K_TT,,1,,,
494,C9R20JWJUH316HM13,1122190020014KJH30,9.00R20_JUH3_14PR_K_TT,,1,,,
494,C9R20JWJUH316HM13,1122190020016KJH30,9.00R20_JUH3_14PR_K_TT,,1,,,
495,C9R20JWJUH316HM14,1122190020014KJH30,9.00R20_JUH3_14PR_K_TT,,1,,,
495,C9R20JWJUH316HM14,1122190020016KJH30,9.00R20_JUH3_14PR_K_TT,,1,,,
496,C9R20JWJUH316MK02,1122190020014KJH30,9.00R20_JUH3_14PR_K_TT,,1,,,
496,C9R20JWJUH316MK02,1122190020016KJH30,9.00R20_JUH3_14PR_K_TT,,1,,,
497,C10R20JWJUC316GC07,1123110020016KJC30,10.00R20_JUC3_16PR_K_TT,,1,,,
498,C10R20JWJUC316GC08,1123110020016KJC30,10.00R20_JUC3_16PR_K_TT,,1,,,
499,C10R20JWJUC316GC13,1123110020016KJC30,10.00R20_JUC3_16PR_K_TT,,1,,,
500,C10R20JWJUC316GC14,1123110020016KJC30,10.00R20_JUC3_16PR_K_TT,,1,,,
501,C9R20JWJUC216GC01,1123190020016KJC20,9.00R20_JUC2_16PR_K_TT,,1,,,
502,C9R20JWJUC216GC02,1123190020016KJC20,9.00R20_JUC2_16PR_K_TT,,1,,,
503,C9R20JWJUC216GR01,1123190020016KJC20,9.00R20_JUC2_16PR_K_TT,,1,,,
504,C9R20JWJUC216GR02,1123190020016KJC20,9.00R20_JUC2_16PR_K_TT,,1,,,
505,C10R20JDEINA16GC01,1151110020016KJIN0,10.00R20_JDE_INA_DOT_16PR_K_TT,,1,,,
506,C10R20JDEINA16HM01,1151110020016KJIN0,10.00R20_JDE_INA_DOT_16PR_K_TT,,1,,,
507,C11R225JWJTHSDHC01,115221102C014LJTS0,11R22.5_JTHSD_DOT_14PR_L_TL,,1,,,
507,C11R225JWJTHSDHC01,115221102C016LJTS0,11R22.5_JTHSD_DOT_14PR_L_TL,,1,,,
508,C11R225JWJTHSDHC02,115221102C014LJTS0,11R22.5_JTHSD_DOT_14PR_L_TL,,1,,,
508,C11R225JWJTHSDHC02,115221102C016LJTS0,11R22.5_JTHSD_DOT_14PR_L_TL,,1,,,
509,C11R225NEWPDRM011,115221102C014LNPC0,11R22.5_NEWPRIDE_DOT_14PR_L_TL,,1,,,
510,C11R225NEWPDRM013,115221102C014LNPC0,11R22.5_NEWPRIDE_DOT_14PR_L_TL,,1,,,
511,C11R225NEWPDRM016,115221102C014LNPC0,11R22.5_NEWPRIDE_DOT_14PR_L_TL,,1,,,
512,C11R225NEWPDRM019,115221102C014LNPC0,11R22.5_NEWPRIDE_DOT_14PR_L_TL,,1,,,
513,C11R225JWJUXGC01,115221102C016JJUX0,11R22.5_JUX_DOT_16PR_J_TL,,1,,,
513,C11R225JWJUXGC01,112221102C016JJUX0,11R22.5_JUX_DOT_16PR_J_TL,,1,,,
513,C11R225JWJUXGC01,115221102C016JVUX0,11R22.5_JUX_DOT_16PR_J_TL,,1,,,
514,C11R225JWJUHHM03,115221102C016LJUH0,11R22.5_JUH_DOT_16PR_L_TL,,1,,,
514,C11R225JWJUHHM03,115221102C016MJUH0,11R22.5_JUH_DOT_16PR_L_TL,,1,,,
514,C11R225JWJUHHM03,112221102C016LJUH0,11R22.5_JUH_DOT_16PR_L_TL,,1,,,
515,C11R225JWJUHHM04,115221102C016LJUH0,11R22.5_JUH_DOT_16PR_L_TL,,1,,,
515,C11R225JWJUHHM04,115221102C016MJUH0,11R22.5_JUH_DOT_16PR_L_TL,,1,,,
515,C11R225JWJUHHM04,112221102C016LJUH0,11R22.5_JUH_DOT_16PR_L_TL,,1,,,
516,C11R225JWJUHHM05,115221102C016LJUH0,11R22.5_JUH_DOT_16PR_L_TL,,1,,,
516,C11R225JWJUHHM05,115221102C016LCUHC,11R22.5_JUH_DOT_16PR_L_TL,,1,,,
516,C11R225JWJUHHM05,112221102C016LJUH0,11R22.5_JUH_DOT_16PR_L_TL,,1,,,
517,C11R225JWJUHHM06,115221102C016LJUH0,11R22.5_JUH_DOT_16PR_L_TL,,1,,,
517,C11R225JWJUHHM06,115221102C016LCUHC,11R22.5_JUH_DOT_16PR_L_TL,,1,,,
517,C11R225JWJUHHM06,112221102C016LJUH0,11R22.5_JUH_DOT_16PR_L_TL,,1,,,
518,C11R225JWJTH1HM01,115221102C016LTH10,11R22.5_JTH1_DOT_16PR_L_TL,,1,,,
519,C25570R225JTH1GC01,115222562C016MTH10,255/70R22.5_JTH1_DOT_16PR_M_TL,,1,,,
519,C25570R225JTH1GC01,115222562C016MVT10,255/70R22.5_JTH1_DOT_16PR_M_TL,,1,,,
520,C25570R225JTH1GC02,115222562C016MTH10,255/70R22.5_JTH1_DOT_16PR_M_TL,,1,,,
520,C25570R225JTH1GC02,115222562C016MVT10,255/70R22.5_JTH1_DOT_16PR_M_TL,,1,,,
521,C27570R225JTHHM01,115222762C016LTH10,275/70R22.5_JTH1_DOT_16PR_L_TL,,1,,,
521,C27570R225JTHHM01,115222762C018JTH10,275/70R22.5_JTH1_DOT_16PR_L_TL,,1,,,
521,C27570R225JTHHM01,115222762C016LVT10,275/70R22.5_JTH1_DOT_16PR_L_TL,,1,,,
522,C11R225JWJTHSDGR02,115221102C014LJTS0,11R22.5_JTHSD_DOT_14PR_L_TL,,1,,,
522,C11R225JWJTHSDGR02,115221102C016LJTS0,11R22.5_JTHSD_DOT_14PR_L_TL,,1,,,
523,C29575RJTHSD16GR01,115222972C014LJTS0,295/75R22.5_JTHSD_DOT_14PR_L_TL,,1,,,
523,C29575RJTHSD16GR01,115222972C016LJTS0,295/75R22.5_JTHSD_DOT_14PR_L_TL,,1,,,
524,C29575RJTHSD16GC02,115222972C014LJTS0,295/75R22.5_JTHSD_DOT_14PR_L_TL,,1,,,
524,C29575RJTHSD16GC02,115222972C016LJTS0,295/75R22.5_JTHSD_DOT_14PR_L_TL,,1,,,
525,C29575RJTHSD16GR02,115222972C014LJTS0,295/75R22.5_JTHSD_DOT_14PR_L_TL,,1,,,
525,C29575RJTHSD16GR02,115222972C016LJTS0,295/75R22.5_JTHSD_DOT_14PR_L_TL,,1,,,
526,C38565225JUH6GR01,115223852C020KUH60,385/65R22.5_JUH6_DOT_20PR_K_TL,,1,,,
526,C38565225JUH6GR01,115223852C020KVH60,385/65R22.5_JUH6_DOT_20PR_K_TL,,1,,,
527,C38565225JUH6GR02,115223852C020KUH60,385/65R22.5_JUH6_DOT_20PR_K_TL,,1,,,
527,C38565225JUH6GR02,115223852C020KVH60,385/65R22.5_JUH6_DOT_20PR_K_TL,,1,,,
528,C31570R225JUL4HM01,115223162C018LUL40,315/70R22.5_JUL4_DOT_18PR_L_TL,,1,,,
529,C38555225JTLGC01,115223832C020KJTL0,385/55R22.5_JTL_DOT_20PR_K_TL,,1,,,
529,C38555225JTLGC01,115223832C020KVTL0,385/55R22.5_JTL_DOT_20PR_K_TL,,1,,,
530,C38555225JTLGC02,115223832C020KJTL0,385/55R22.5_JTL_DOT_20PR_K_TL,,1,,,
530,C38555225JTLGC02,115223832C020KVTL0,385/55R22.5_JTL_DOT_20PR_K_TL,,1,,,
531,C38565225JTLGC01,115223852C020KJTL0,385/65R22.5_JTL_DOT_20PR_K_TL,,1,,,
531,C38565225JTLGC01,115223852C020KVTLV,385/65R22.5_JTL_DOT_20PR_K_TL,,1,,,
532,C10R20JWJUC316HM08,1123129A20000JJC30,295/90R20_JUC3_152/148_J_TT,,1,,,
533,C10R20JWJUC316HM12,1123129A20000JJC30,295/90R20_JUC3_152/148_J_TT,,1,,,
534,C38565225JTLGC02,115223852C020KJTL0,385/65R22.5_JTL_DOT_20PR_K_TL,,1,,,
534,C38565225JTLGC02,115223852C020KVTLV,385/65R22.5_JTL_DOT_20PR_K_TL,,1,,,
535,C10R20JWJUC316HM13,1123129A20000JJC30,295/90R20_JUC3_152/148_J_TT,,1,,,
536,C10R20CHACDH16HM12,1121110020016KCDH0,10.00R20_CDH_16PR_K_TT,,1,,,
537,C10R20CHCDU100HM05,1123110020016KU10C,10.00R20_CDU100_16PR_K_TT,,1,,,
538,C10R20CHCDU100HM11,1123110020016KU10C,10.00R20_CDU100_16PR_K_TT,,1,,,
539,C25570R15RATTLHM01,1225225615113SRAT0,255/70R15C 113/110S RANGER A/T T,,1,,,
540,C25570R15RATTLHM02,1225225615113SRAT0,255/70R15C 113/110S RANGER A/T T,,1,,,
541,C009R20JSJDE16GC08,1121190020016KDEP0,9.00R20_JDE++_16PR_142/140_K_TT,,1,,,
542,C009R20JSJDE16GC09,1121190020016KDEP0,9.00R20_JDE++_16PR_142/140_K_TT,,1,,,
543,C11R22RPYPD301HM02,115121102C016L301P,11R22.5_PEARLY_PD301_DOT_16PR_L_TL,,1,,,
544,C15565R13NEOTLHM03,1325215513073TUNE0,155/65 R 13_ULTIMA NEO_73_T_TL,,1,,,
545,C10R20CHACDH16HM14,1121110020016KCDH0,10.00R20_CDH_16PR_K_TT,,1,,,
546,C23565R17RHTPLHM02,1325223517104HRHP0,235/65R17 Ranger H/T+ 104H,,1,,,
547,R029580R225JDLGC01,112122982C016MJDL0,295/80R22.5_JDL_16PR_M_TL,,1,,,
548,B145R12ULTIXPCHM01,1D25114012008QXPC0,145R12_ULTIMA XPC_8PR_Q_TT,,1,,,
548,B145R12ULTIXPCHM01,1D25214012008QXPC0,145R12_ULTIMA XPC_8PR_Q_TT,,1,,,
548,B145R12ULTIXPCHM01,1D25214012008QXPCT,145R12_ULTIMA XPC_8PR_Q_TT,,1,,,
548,B145R12ULTIXPCHM01,1D25214012008QXPCM,145R12_ULTIMA XPC_8PR_Q_TT,,1,,,
549,B145R12ULTIXPCHM02,1D25114012008QXPC0,145R12_ULTIMA XPC_8PR_Q_TT,,1,,,
549,B145R12ULTIXPCHM02,1D25214012008QXPC0,145R12_ULTIMA XPC_8PR_Q_TT,,1,,,
549,B145R12ULTIXPCHM02,1D25214012008QXPCT,145R12_ULTIMA XPC_8PR_Q_TT,,1,,,
549,B145R12ULTIXPCHM02,1D25214012008QXPCM,145R12_ULTIMA XPC_8PR_Q_TT,,1,,,
550,C009R20JSJDE16GC10,1121190020016KDEP0,9.00R20_JDE++_16PR_142/140_K_TT,,1,,,
551,C09R20JWJUH516GC01,1121190020016KDEP0,9.00R20_JDE++_16PR_142/140_K_TT,,1,,,
552,B1757014VECTRAMK01,1325217614084TVECE,175/70R14_VECTRA_84 T TL_BRAZIL EXPORT,,1,,,
553,C165R14ULXPCTLGC03,1D25116814008QXPC0,165R14_ULTIMA XPC_8PR_Q_TT_TML,,1,,,
553,C165R14ULXPCTLGC03,1325116814008QXPC0,165R14_ULTIMA XPC_8PR_Q_TT_TML,,1,,,
553,C165R14ULXPCTLGC03,1D25216814008QXPC0,165R14_ULTIMA XPC_8PR_Q_TT_TML,,1,,,
554,C165R14ULXPCTLGC04,1D25116814008QXPC0,165R14_ULTIMA XPC_8PR_Q_TT_TML,,1,,,
554,C165R14ULXPCTLGC04,1325116814008QXPC0,165R14_ULTIMA XPC_8PR_Q_TT_TML,,1,,,
554,C165R14ULXPCTLGC04,1D25216814008QXPC0,165R14_ULTIMA XPC_8PR_Q_TT_TML,,1,,,
555,C165R14ULXPCTLGC05,1D25116814008QXPC0,165R14_ULTIMA XPC_8PR_Q_TT_TML,,1,,,
555,C165R14ULXPCTLGC05,1325116814008QXPC0,165R14_ULTIMA XPC_8PR_Q_TT_TML,,1,,,
555,C165R14ULXPCTLGC05,1D25216814008QXPC0,165R14_ULTIMA XPC_8PR_Q_TT_TML,,1,,,
556,C165R14ULXPCTLGC06,1D25116814008QXPC0,165R14_ULTIMA XPC_8PR_Q_TT_TML,,1,,,
556,C165R14ULXPCTLGC06,1325116814008QXPC0,165R14_ULTIMA XPC_8PR_Q_TT_TML,,1,,,
556,C165R14ULXPCTLGC06,1D25216814008QXPC0,165R14_ULTIMA XPC_8PR_Q_TT_TML,,1,,,
557,C165R14ULXPCTLGC07,1D25116814008QXPC0,165R14_ULTIMA XPC_8PR_Q_TT_TML,,1,,,
557,C165R14ULXPCTLGC07,1325116814008QXPC0,165R14_ULTIMA XPC_8PR_Q_TT_TML,,1,,,
557,C165R14ULXPCTLGC07,1D25216814008QXPC0,165R14_ULTIMA XPC_8PR_Q_TT_TML,,1,,,
558,C165R14ULXPCTLGC08,1D25116814008QXPC0,165R14_ULTIMA XPC_8PR_Q_TT_TML,,1,,,
558,C165R14ULXPCTLGC08,1325116814008QXPC0,165R14_ULTIMA XPC_8PR_Q_TT_TML,,1,,,
558,C165R14ULXPCTLGC08,1D25216814008QXPC0,165R14_ULTIMA XPC_8PR_Q_TT_TML,,1,,,
559,C165R14ULXPCTLGC09,1D25116814008QXPC0,165R14_ULTIMA XPC_8PR_Q_TT_TML,,1,,,
559,C165R14ULXPCTLGC09,1325116814008QXPC0,165R14_ULTIMA XPC_8PR_Q_TT_TML,,1,,,
559,C165R14ULXPCTLGC09,1D25216814008QXPC0,165R14_ULTIMA XPC_8PR_Q_TT_TML,,1,,,
560,C165R14ULXPCTLGC10,1D25116814008QXPC0,165R14_ULTIMA XPC_8PR_Q_TT_TML,,1,,,
560,C165R14ULXPCTLGC10,1325116814008QXPC0,165R14_ULTIMA XPC_8PR_Q_TT_TML,,1,,,
560,C165R14ULXPCTLGC10,1D25216814008QXPC0,165R14_ULTIMA XPC_8PR_Q_TT_TML,,1,,,
561,C10R20CHACDH16HM06,1153110020016KCDUC,10.00R20_CHALLENGER_CDU_DOT_16PR_K_TT,,1,,,
562,C10R20JWJUH316HM13,1122110020016KH3P0,10.00R20_JUH3+_16PR_K_TT,,1,,,
562,C10R20JWJUH316HM13,1122110020016KH3PT,10.00R20_JUH3+_16PR_K_TT,,1,,,
563,R000011R225JUXHM01,115221102C016JJUX0,11R22.5_JUX_DOT_16PR_J_TL,,1,,,
563,R000011R225JUXHM01,112221102C016JJUX0,11R22.5_JUX_DOT_16PR_J_TL,,1,,,
563,R000011R225JUXHM01,115221102C016JVUX0,11R22.5_JUX_DOT_16PR_J_TL,,1,,,
564,R29590R20JS119JE01,1122129A20000J2101,295/90R20_210_152/148_J_TT,,1,,,
565,C15580R13VECTLGR05,1325215813074TVEC0,155/80 R 13_VECTRA_79_S_TL,,1,,,
566,R29590R20JW210JE01,1121129A20000J1191,295/90R20_119_152/148_J_TT,,1,,,
567,C15580R13VECTLMK04,1325215813074TVEC0,155/80 R 13_VECTRA_79_S_TL,,1,,,
568,C15580R13VECTLMK05,1325215813074TVEC0,155/80 R 13_VECTRA_79_S_TL,,1,,,
569,C15580R13TLGC10,1325215813079TUNE5,155/80R13_ULTIMA NEO_79T TL_TML LRR,,1,,,
570,C18570R14TAXIMHM01,1325218614088TTMX0,185/70 R14_TAXIMAX_88 T TL,,1,,,
571,C29580R225JDLHM10,112122982C016MJDL0,295/80R22.5_JDL_16PR_M_TL,,1,,,
572,R31580R225JUL3GC01,115223182C018MUL30,315/80R22.5_JUL3_DOT_18PR_M_TL,,1,,,
572,R31580R225JUL3GC01,115223182C018MVL30,315/80R22.5_JUL3_DOT_18PR_M_TL,,1,,,
573,R31580R225JUL3GC02,115223182C018MUL30,315/80R22.5_JUL3_DOT_18PR_M_TL,,1,,,
573,R31580R225JUL3GC02,115223182C018MVL30,315/80R22.5_JUL3_DOT_18PR_M_TL,,1,,,
574,C20560R16ALPTLGC01,1325220416092VUXA0,205/60R16 UX ALP 92V TL,,1,,,
575,C195R15CXPC1TLHM01,1225219Z15008SXC11,195R15 Ultima XPC1_8PR_S_TL,,1,,,
575,C195R15CXPC1TLHM01,1225119Z15008SXC10,195R15 Ultima XPC1_8PR_S_TL,,1,,,
576,C195R15CXPC1TLHM02,1225219Z15008SXC11,195R15 Ultima XPC1_8PR_S_TL,,1,,,
576,C195R15CXPC1TLHM02,1225119Z15008SXC10,195R15 Ultima XPC1_8PR_S_TL,,1,,,
577,C195R15XPC1TLCGC01,1225219Z15008SXC11,195R15 Ultima XPC1_8PR_S_TL,,1,,,
577,C195R15XPC1TLCGC01,1225119Z15008SXC10,195R15 Ultima XPC1_8PR_S_TL,,1,,,
578,C195R15XPC1TLCGC02,1225219Z15008SXC11,195R15 Ultima XPC1_8PR_S_TL,,1,,,
578,C195R15XPC1TLCGC02,1225119Z15008SXC10,195R15 Ultima XPC1_8PR_S_TL,,1,,,
579,C195R15XPC1TLCGC03,1225219Z15008SXC11,195R15 Ultima XPC1_8PR_S_TL,,1,,,
579,C195R15XPC1TLCGC03,1225119Z15008SXC10,195R15 Ultima XPC1_8PR_S_TL,,1,,,
580,C29580R225JDLHM11,112122982C016MJDL0,295/80R22.5_JDL_16PR_M_TL,,1,,,
581,C29580R225JDLHM12,112122982C016MJDL0,295/80R22.5_JDL_16PR_M_TL,,1,,,
582,C10R20CHCDU100GR10,1123110020016KU10C,10.00R20_CDU100_16PR_K_TT,,1,,,
583,C11R225JWJUL2HM01,115221102C016LL2P0,11R22.5_JUL2+_16PR_L_TL,,1,,,
583,C11R225JWJUL2HM01,115221102C016LV2P0,11R22.5_JUL2+_16PR_L_TL,,1,,,
584,C11R225JWJUL2HM02,115221102C016LL2P0,11R22.5_JUL2+_16PR_L_TL,,1,,,
584,C11R225JWJUL2HM02,115221102C016LV2P0,11R22.5_JUL2+_16PR_L_TL,,1,,,
585,B1757014VECTRANS04,1325217614084TVECE,175/70R14_VECTRA_84 T TL_BRAZIL EXPORT,,1,,,
586,C000011R225UH1GR02,115221102C016LUH1V,11R22.5_VUH1_DOT_16PR_L_TL,,1,,,
587,C15580R13TLGC06,1325215813079TUNE5,155/80R13_ULTIMA NEO_79T TL_TML LRR,,1,,,
588,B1656514ULSPRTSY01,1325216514079SUSP0,165/65 R14_ULTIMA SPORT_79_S_TL,,1,,,
589,C9R20JSJDH16GC06,1121190020016KJDH0,9.00R20_JDH_16PR_K_TT,,1,,,
590,C9R20JWJUH316GC10,1122190020014KJH30,9.00R20_JUH3_14PR_K_TT,,1,,,
590,C9R20JWJUH316GC10,1122190020016KJH30,9.00R20_JUH3_14PR_K_TT,,1,,,
591,C9R20JWJUH316GC09,1122190020014KJH30,9.00R20_JUH3_14PR_K_TT,,1,,,
591,C9R20JWJUH316GC09,1122190020016KJH30,9.00R20_JUH3_14PR_K_TT,,1,,,
592,C17570R13ULNTLGC01,1325217613082TUNE0,175/70R13 ULTIMA NEO 82T TL,,1,,,
593,C17570R13ULNTLGC02,1325217613082TUNE0,175/70R13 ULTIMA NEO 82T TL,,1,,,
594,C29580R225JDLHM04,112122982C016MJDL0,295/80R22.5_JDL_16PR_M_TL,,1,,,
595,C29580R225JDLHM05,112122982C016MJDL0,295/80R22.5_JDL_16PR_M_TL,,1,,,
596,C18570R14TAXIMHM02,1325218614088TTMX0,185/70 R14_TAXIMAX_88 T TL,,1,,,
597,C11R225PYPS301HM01,115221102C016L301P,11R22.5_PEARLY_PS301_DOT_16PR_L_TL,,1,,,
598,B1757014VECTRAGR02,1325217614084TVECE,175/70R14_VECTRA_84 T TL_BRAZIL EXPORT,,1,,,
599,C23555R17LEVTLHM01,1325223317103YLEV0,235/55R17_LEVITAS ULTRA_103 Y TL,,1,,,
600,C23555R17LEVTLHM02,1325223317103YLEV0,235/55R17_LEVITAS ULTRA_103 Y TL,,1,,,
601,C23545R18UX1TLHM01,1325223118098VUX10,235/45R18 _UX1_98 V TL,,1,,,
602,C23545R18UX1TLHM02,1325223118098VUX10,235/45R18 _UX1_98 V TL,,1,,,
603,C25565R18RAHT2GC02,1325225518111HRHB0,255/65R18_RANGER HT2_111H TL_M&M_W502,,1,,,
604,C22555R17LEVTLHM01,1325222317101YLEV0,225/55R17_LEVITAS_101 Y TL,,1,,,
604,C22555R17LEVTLHM01,1325222317101YLEVY,225/55R17_LEVITAS_101 Y TL,,1,,,
605,C22555R17LEVTLHM02,1325222317101YLEV0,225/55R17_LEVITAS_101 Y TL,,1,,,
605,C22555R17LEVTLHM02,1325222317101YLEVY,225/55R17_LEVITAS_101 Y TL,,1,,,
606,R000825R20JDH3HM01,1121182020016KDH30,8.25R20_JDH3_16PR_K_TT,,1,,,
606,R000825R20JDH3HM01,1121182020014KDH30,8.25R20_JDH3_16PR_K_TT,,1,,,
607,R000825R20JDH3HM02,1121182020016KDH30,8.25R20_JDH3_16PR_K_TT,,1,,,
607,R000825R20JDH3HM02,1121182020014KDH30,8.25R20_JDH3_16PR_K_TT,,1,,,
608,C11R225JSJDHGC01,115121102C016LJDH0,11R22.5_JDH_DOT_16PR_L_TL,,1,,,
608,C11R225JSJDHGC01,112121102C016LJDH0,11R22.5_JDH_DOT_16PR_L_TL,,1,,,
609,C11R225JSJDHGC02,115121102C016LJDH0,11R22.5_JDH_DOT_16PR_L_TL,,1,,,
609,C11R225JSJDHGC02,112121102C016LJDH0,11R22.5_JDH_DOT_16PR_L_TL,,1,,,
610,C24545R17UX1HMI01,1325224117099VUX10,245/45R17_UX1_99V TL,,1,,,
611,C24545R17UX1HMI02,1325224117099VUX10,245/45R17_UX1_99V TL,,1,,,
612,B145R12ULTIXPCGC15,1D25114012008QXPC0,145R12_ULTIMA XPC_8PR_Q_TT,,1,,,
612,B145R12ULTIXPCGC15,1D25214012008QXPC0,145R12_ULTIMA XPC_8PR_Q_TT,,1,,,
612,B145R12ULTIXPCGC15,1D25214012008QXPCT,145R12_ULTIMA XPC_8PR_Q_TT,,1,,,
612,B145R12ULTIXPCGC15,1D25214012008QXPCM,145R12_ULTIMA XPC_8PR_Q_TT,,1,,,
613,B145R12ULTIXPCGC16,1D25114012008QXPC0,145R12_ULTIMA XPC_8PR_Q_TT,,1,,,
613,B145R12ULTIXPCGC16,1D25214012008QXPC0,145R12_ULTIMA XPC_8PR_Q_TT,,1,,,
613,B145R12ULTIXPCGC16,1D25214012008QXPCT,145R12_ULTIMA XPC_8PR_Q_TT,,1,,,
613,B145R12ULTIXPCGC16,1D25214012008QXPCM,145R12_ULTIMA XPC_8PR_Q_TT,,1,,,
614,R000825R20JUH3GC04,1122182020016KH3P0,8.25R20_JUH3+_16PR_K_TT,,1,,,
614,R000825R20JUH3GC04,1122182020014KH3P0,8.25R20_JUH3+_16PR_K_TT,,1,,,
615,R000825R20JUH3GC05,1122182020016KH3P0,8.25R20_JUH3+_16PR_K_TT,,1,,,
615,R000825R20JUH3GC05,1122182020014KH3P0,8.25R20_JUH3+_16PR_K_TT,,1,,,
616,C18565R15UXRTLHM01,1325218515088HURL2,185/65R15_UX ROYALE_4RIB_88H TL,,1,,,
617,C10R20JSJDC316GC05,1121129A20000JDC30,295/90R20_JDC3_152/148_J_TT,,1,,,
617,C10R20JSJDC316GC05,1151110020016KDC3V,295/90R20_JDC3_152/148_J_TT,,1,,,
618,C10R20JSJDC316GC07,1121129A20000JDC30,295/90R20_JDC3_152/148_J_TT,,1,,,
618,C10R20JSJDC316GC07,1151110020016KDC3V,295/90R20_JDC3_152/148_J_TT,,1,,,
619,C10R20CHACUC16HM09,1123110020016KCUC0,10.00R20_CUC_16PR_K_TT,,1,,,
619,C10R20CHACUC16HM09,1153110020016KCUC1,10.00R20_CUC_16PR_K_TT,,1,,,
620,C15580R13NEO000018,1325215813079TUNE3,155/80R13 Ultima Neo 79T MSIL YL7 BSVI T,,1,,,
621,C15580R13NEO000021,1325215813079TUNE3,155/80R13 Ultima Neo 79T MSIL YL7 BSVI T,,1,,,
622,C15580R13NEO000022,1325215813079TUNE3,155/80R13 Ultima Neo 79T MSIL YL7 BSVI T,,1,,,
623,C15580R13NEO000023,1325215813079TUNE3,155/80R13 Ultima Neo 79T MSIL YL7 BSVI T,,1,,,
624,C18565R15UXRTLHM02,1325218515088HURL2,185/65R15_UX ROYALE_4RIB_88H TL,,1,,,
625,T14570R17STXTAL01,1325214617107MSXT0,145/70R17 STAR XT_107M TL,,1,,,
626,C31580R225JWTLGC01,115323182C018LUC40,315/80R22.5_JUC4_DOT_18PR_L_TL,,1,,,
626,C31580R225JWTLGC01,115323182C018LUC4V,315/80R22.5_JUC4_DOT_18PR_L_TL,,1,,,
627,C31580R225JWTLGC02,115323182C018LUC40,315/80R22.5_JUC4_DOT_18PR_L_TL,,1,,,
627,C31580R225JWTLGC02,115323182C018LUC4V,315/80R22.5_JUC4_DOT_18PR_L_TL,,1,,,
628,C09R20JWJUH516GC01,1122190020016KUH50,9.00R20_JUH5_16PR_K_TT,,1,,,
628,C09R20JWJUH516GC01,1122190020014KUH50,9.00R20_JUH5_16PR_K_TT,,1,,,
629,C09R20JWJUH516GC02,1122190020016KUH50,9.00R20_JUH5_16PR_K_TT,,1,,,
629,C09R20JWJUH516GC02,1122190020014KUH50,9.00R20_JUH5_16PR_K_TT,,1,,,
630,C09R20JWJUH516GC03,1122190020016KUH50,9.00R20_JUH5_16PR_K_TT,,1,,,
630,C09R20JWJUH516GC03,1122190020014KUH50,9.00R20_JUH5_16PR_K_TT,,1,,,
631,C09R20JWJUH516GC04,1122190020016KUH50,9.00R20_JUH5_16PR_K_TT,,1,,,
631,C09R20JWJUH516GC04,1122190020014KUH50,9.00R20_JUH5_16PR_K_TT,,1,,,
632,C9R20JWJUH516HM02,1122190020016KUH50,9.00R20_JUH5_16PR_K_TT,,1,,,
632,C9R20JWJUH516HM02,1122190020014KUH50,9.00R20_JUH5_16PR_K_TT,,1,,,
633,C0019565R15UXRHM03,1325219515091HURL2,195/65R15_UX ROYALE_91H TL_KIA,,1,,,
634,C9R20JWJUH516HM01,1122190020016KUH50,9.00R20_JUH5_16PR_K_TT,,1,,,
634,C9R20JWJUH516HM01,1122190020014KUH50,9.00R20_JUH5_16PR_K_TT,,1,,,
635,C10R20JSJDC316GC01,1121129A20000JDC30,295/90R20_JDC3_152/148_J_TT,,1,,,
635,C10R20JSJDC316GC01,1151110020016KDC3V,295/90R20_JDC3_152/148_J_TT,,1,,,
636,C10R20JSJDC316GC03,1121129A20000JDC30,295/90R20_JDC3_152/148_J_TT,,1,,,
636,C10R20JSJDC316GC03,1151110020016KDC3V,295/90R20_JDC3_152/148_J_TT,,1,,,
637,C10R20JSJDC316HM05,1121129A20000JDC30,295/90R20_JDC3_152/148_J_TT,,1,,,
638,C10R20JSJDC316HM06,1121129A20000JDC30,295/90R20_JDC3_152/148_J_TT,,1,,,
639,C145R12XPCTTHM01,1D25114012008QXPC0,145R12_ULTIMA XPC_8PR_Q_TT,,1,,,
639,C145R12XPCTTHM01,1D25214012008QXPC0,145R12_ULTIMA XPC_8PR_Q_TT,,1,,,
639,C145R12XPCTTHM01,1D25214012008QXPCT,145R12_ULTIMA XPC_8PR_Q_TT,,1,,,
639,C145R12XPCTTHM01,1D25214012008QXPCM,145R12_ULTIMA XPC_8PR_Q_TT,,1,,,
640,C145R12XPCTTHM02,1D25114012008QXPC0,145R12_ULTIMA XPC_8PR_Q_TT,,1,,,
640,C145R12XPCTTHM02,1D25214012008QXPC0,145R12_ULTIMA XPC_8PR_Q_TT,,1,,,
640,C145R12XPCTTHM02,1D25214012008QXPCT,145R12_ULTIMA XPC_8PR_Q_TT,,1,,,
640,C145R12XPCTTHM02,1D25214012008QXPCM,145R12_ULTIMA XPC_8PR_Q_TT,,1,,,
641,C215R15RANATTLGC01,1325221Z15113RRAT0,215R15C _RANGER AT_8 PR_113/111 R TL,,1,,,
642,C215R15RANATTLGC02,1325221Z15113RRAT0,215R15C _RANGER AT_8 PR_113/111 R TL,,1,,,
643,R0000010R20JUCME01,1123110020016KJUC0,10.00R20_JUC_16PR_K_TT,,1,,,
644,R0000010R20JUCME02,1123110020016KJUC0,10.00R20_JUC_16PR_K_TT,,1,,,
645,R00011R225VDL1GR01,115121102C016LDL1V,11R22.5_VDL1_DOT_16PR_L_TL,,1,,,
646,R00011R225VDL1GR02,115121102C016LDL1V,11R22.5_VDL1_DOT_16PR_L_TL,,1,,,
647,C14580R13ULTHIGC01,1325214813075SUHL0,145/80 R13_ULTIMA HI^LIFE_75 S TL,,1,,,
648,C14580R13ULTHIGC02,1325214813075SUHL0,145/80 R13_ULTIMA HI^LIFE_75 S TL,,1,,,
649,C29575R225JDL1GC01,115122972C014MDL1V,295/75R22.5_VDL1_DOT_14PR_M_TL,,1,,,
650,C29575R225JDL1GC03,115122972C014MDL1V,295/75R22.5_VDL1_DOT_14PR_M_TL,,1,,,
651,C29575R225JDL1GC02,115122972C014MDL1V,295/75R22.5_VDL1_DOT_14PR_M_TL,,1,,,
652,C29575R225JDL1GC04,115122972C014MDL1V,295/75R22.5_VDL1_DOT_14PR_M_TL,,1,,,
653,R0000825R20JDEGC01,1121182020016KDEP0,8.25R20_JDE++_16PR_K_TT,,1,,,
654,R0000825R20JDEGC02,1121182020016KDEP0,8.25R20_JDE++_16PR_K_TT,,1,,,
655,R0000825R20JDEGC04,1121182020016KDEP0,8.25R20_JDE++_16PR_K_TT,,1,,,
656,R0000825R20JDEGC06,1121182020016KDEP0,8.25R20_JDE++_16PR_K_TT,,1,,,
657,R0000825R20JDEGC07,1121182020016KDEP0,8.25R20_JDE++_16PR_K_TT,,1,,,
658,R0000825R20JDEGC10,1121182020016KDEP0,8.25R20_JDE++_16PR_K_TT,,1,,,
659,C10R20JWJUHXFGC06,1123129A20152JULF0,295/90R20 JUH XF,,1,,,
659,C10R20JWJUHXFGC06,1123129A20152J3041,295/90R20 JUH XF,,1,,,
660,C10R20JWJUHXFGC07,1123129A20152JULF0,295/90R20 JUH XF,,1,,,
660,C10R20JWJUHXFGC07,1123129A20152J3041,295/90R20 JUH XF,,1,,,
661,C10R20JWJUHXFGC08,1123129A20152JULF0,295/90R20 JUH XF,,1,,,
661,C10R20JWJUHXFGC08,1123129A20152J3041,295/90R20 JUH XF,,1,,,
662,C29580R225JUCHM01,115322982C016MJXM0,295/80R22.5_JUCXM_DOT_154/149M_16PR_TL,,1,,,
662,C29580R225JUCHM01,112322982C016M3021,295/80R22.5_JUCXM_DOT_154/149M_16PR_TL,,1,,,
662,C29580R225JUCHM01,112322982C016MUCM0,295/80R22.5_JUCXM_DOT_154/149M_16PR_TL,,1,,,
663,C29580R225JUCHM02,115322982C016MJXM0,295/80R22.5_JUCXM_DOT_154/149M_16PR_TL,,1,,,
663,C29580R225JUCHM02,112322982C016M3021,295/80R22.5_JUCXM_DOT_154/149M_16PR_TL,,1,,,
664,C21555R17UXRTLGC01,1325221317094VURL0,215/55R17_UX ROYALE_94V TL for KIA AY 17,,1,,,
665,C21555R17UXRTLGC02,1325221317094VURL0,215/55R17_UX ROYALE_94V TL for KIA AY 17,,1,,,
666,C21555R17UXRTLGC03,1325221317094VURL0,215/55R17_UX ROYALE_94V TL for KIA AY 17,,1,,,
667,C21555R17UXRTLGC04,1325221317094VURL0,215/55R17_UX ROYALE_94V TL for KIA AY 17,,1,,,
668,C21560R17UXRTLHM28,1325221417096HURL0,215/60 R17_UX ROYALE_96 H TL,,1,,,
669,C21560R17UXRTLHM27,1325221417096HURL0,215/60 R17_UX ROYALE_96 H TL,,1,,,
670,C21560R17UXRTLHM26,1325221417096HURL0,215/60 R17_UX ROYALE_96 H TL,,1,,,
671,C21560R17UXRTLHM25,1325221417096HURL0,215/60 R17_UX ROYALE_96 H TL,,1,,,
672,C21560R17UXRTLHM24,1325221417096HURL0,215/60 R17_UX ROYALE_96 H TL,,1,,,
673,C21560R17UXRTLHM23,1325221417096HURL0,215/60 R17_UX ROYALE_96 H TL,,1,,,
674,R029580R225JUMGC17,ZMLD,FOR NEW PRODUCT DEVELOPMNET,,1,,,
675,C21560R17UXRTHMI02,1325221417096HURL0,215/60 R17_UX ROYALE_96 H TL,,1,,,
676,C10R20JWJUHXFGC02,1122129A20152JULF0,295/90R20_JUH_XF_152/148_J_TT,,1,,,
677,C10R20JWJUHXFGC03,1122129A20152JULF0,295/90R20_JUH_XF_152/148_J_TT,,1,,,
678,C10R20JWJUHXFGC04,1122129A20152JULF0,295/90R20_JUH_XF_152/148_J_TT,,1,,,
679,C10R20JWJUHXFGC05,1122129A20152JULF0,295/90R20_JUH_XF_152/148_J_TT,,1,,,
680,C10R20JWJUHXFGC07,1122129A20152JULF0,295/90R20_JUH_XF_152/148_J_TT,,1,,,
681,C10R20JWJUHXFHM02,1122129A20152JULF0,295/90R20_JUH_XF_152/148_J_TT,,1,,,
682,C10R20JWJUHXFHM01,1122129A20152JULF0,295/90R20_JUH_XF_152/148_J_TT,,1,,,
683,C029580R225JUMGC02,112222982C016MJUM0,295/80R22.5_JUM_16PR_154/149M_TL_EM,,1,,,
683,C029580R225JUMGC02,112222982C016MJM10,295/80R22.5_JUM_16PR_154/149M_TL_EM,,1,,,
683,C029580R225JUMGC02,112222982C016MJM1E,295/80R22.5_JUM_16PR_154/149M_TL_EM,,1,,,
684,R029580R225JUMGC13,112222982C016MJUM0,295/80R22.5_JUM_16PR_154/149M_TL_EM,,1,,,
684,R029580R225JUMGC13,112222982C016MJM10,295/80R22.5_JUM_16PR_154/149M_TL_EM,,1,,,
684,R029580R225JUMGC13,112222982C016MJM1E,295/80R22.5_JUM_16PR_154/149M_TL_EM,,1,,,
685,R029580R225JUMGC14,112222982C016MJUM0,295/80R22.5_JUM_16PR_154/149M_TL_EM,,1,,,
685,R029580R225JUMGC14,112222982C016MJM10,295/80R22.5_JUM_16PR_154/149M_TL_EM,,1,,,
685,R029580R225JUMGC14,112222982C016MJM1E,295/80R22.5_JUM_16PR_154/149M_TL_EM,,1,,,
686,C155R13ULIXPC1GC04,1D25215013008SXC10,155R13_ULTIMA XPC1_8PR_S_TL_MSIL,,1,,,
686,C155R13ULIXPC1GC04,1225215013008SXC10,155R13_ULTIMA XPC1_8PR_S_TL_MSIL,,1,,,
686,C155R13ULIXPC1GC04,1D25215013008SXC1T,155R13_ULTIMA XPC1_8PR_S_TL_MSIL,,1,,,
687,C155R13ULIXPC1GC05,1D25215013008SXC10,155R13_ULTIMA XPC1_8PR_S_TL_MSIL,,1,,,
687,C155R13ULIXPC1GC05,1225215013008SXC10,155R13_ULTIMA XPC1_8PR_S_TL_MSIL,,1,,,
687,C155R13ULIXPC1GC05,1D25215013008SXC1T,155R13_ULTIMA XPC1_8PR_S_TL_MSIL,,1,,,
688,C10R20JWJUC216HM09,ZMLD,FOR NEW PRODUCT DEVELOPMNET,,1,,,
689,C10R20JWJUC216HM10,ZMLD,FOR NEW PRODUCT DEVELOPMNET,,1,,,
690,C25565R18RAATHMI01,ZMLD,FOR NEW PRODUCT DEVELOPMNET,,1,,,
691,R011R20JDCXDHMI05,ZMLD,FOR NEW PRODUCT DEVELOPMNET,,1,,,
692,R011R20JDCXDHMI06,ZMLD,FOR NEW PRODUCT DEVELOPMNET,,1,,,
693,C21555R18UXRTHMI12,1325221318095HURL0,215/55R18_UX ROYALE_95H TL,,1,,,
694,C21555R18UXRTHMI13,1325221318095HURL0,215/55R18_UX ROYALE_95H TL,,1,,,
695,C21555R18UXRTHMI14,1325221318095HURL0,215/55R18_UX ROYALE_95H TL,,1,,,
696,C21555R18UXRTHMI15,1325221318095HURL0,215/55R18_UX ROYALE_95H TL,,1,,,
697,C21555R18UXRTHMI16,1325221318095HURL0,215/55R18_UX ROYALE_95H TL,,1,,,
698,C21555R18UXRTHMI17,1325221318095HURL0,215/55R18_UX ROYALE_95H TL,,1,,,
699,C21555R18UXRTHMI18,1325221318095HURL0,215/55R18_UX ROYALE_95H TL,,1,,,
700,C10R20JSJDE16GC08,1121129A20000JDEP0,295/90R20_JDE++_152/148_J_TT,,1,,,
701,C10R20JSJDE16GC12,1121129A20000JDEP0,295/90R20_JDE++_152/148_J_TT,,1,,,
702,R0000010R20JDEGR11,1121129A20000JDEP0,295/90R20_JDE++_152/148_J_TT,,1,,,
703,R0000010R20JDEGR19,1121129A20000JDEP0,295/90R20_JDE++_152/148_J_TT,,1,,,
704,R0000010R20JDEGR22,1121129A20000JDEP0,295/90R20_JDE++_152/148_J_TT,,1,,,
705,R0000010R20JDEGR23,1121129A20000JDEP0,295/90R20_JDE++_152/148_J_TT,,1,,,
706,R0000010R20JDEHM08,1121129A20000JDEP0,295/90R20_JDE++_152/148_J_TT,,1,,,
707,C10R20JSJDE16HM28,1121129A20000JDEP0,295/90R20_JDE++_152/148_J_TT,,1,,,
708,C10R20JSJDE16HM30,1121129A20000JDEP0,295/90R20_JDE++_152/148_J_TT,,1,,,
709,C10R20JSJDE16HM33,1121129A20000JDEP0,295/90R20_JDE++_152/148_J_TT,,1,,,
710,C10R20JSJDE16HM37,1121129A20000JDEP0,295/90R20_JDE++_152/148_J_TT,,1,,,
711,C10R20JSJDE16HM42,1121129A20000JDEP0,295/90R20_JDE++_152/148_J_TT,,1,,,
712,C10R20JSJDE16HM44,1121129A20000JDEP0,295/90R20_JDE++_152/148_J_TT,,1,,,
713,C10R20JSJDE16HM126,1121129A20000JDEP0,295/90R20_JDE++_152/148_J_TT,,1,,,
714,C10R20JSJDE16HM127,1121129A20000JDEP0,295/90R20_JDE++_152/148_J_TT,,1,,,
715,C10R20JSJDE16HM128,1121129A20000JDEP0,295/90R20_JDE++_152/148_J_TT,,1,,,
716,C10R20JSJDE16HM129,1121129A20000JDEP0,295/90R20_JDE++_152/148_J_TT,,1,,,
717,C10R20JSJDE16HM130,1121129A20000JDEP0,295/90R20_JDE++_152/148_J_TT,,1,,,
718,C10R20JSJDE16HM131,1121129A20000JDEP0,295/90R20_JDE++_152/148_J_TT,,1,,,
719,C10R20JSJDE16HM132,1121129A20000JDEP0,295/90R20_JDE++_152/148_J_TT,,1,,,
720,C10R20JSJDE16HM133,1121129A20000JDEP0,295/90R20_JDE++_152/148_J_TT,,1,,,
721,C10R20JSJDE16HM134,1121129A20000JDEP0,295/90R20_JDE++_152/148_J_TT,,1,,,
722,C10R20JWJUH516GR01,1122110020016KUH50,10.00R20_JUH5_16PR_K_TT,,1,,,
722,C10R20JWJUH516GR01,1152110020016KVH50,10.00R20_JUH5_16PR_K_TT,,1,,,
723,C10R20JWJUH516GR07,1122110020016KUH50,10.00R20_JUH5_16PR_K_TT,,1,,,
723,C10R20JWJUH516GR07,1152110020016KVH50,10.00R20_JUH5_16PR_K_TT,,1,,,
724,C10R20JWJUH516GR15,1122110020016KUH50,10.00R20_JUH5_16PR_K_TT,,1,,,
724,C10R20JWJUH516GR15,1152110020016KVH50,10.00R20_JUH5_16PR_K_TT,,1,,,
725,C10R20JWJUH516GR16,1122110020016KUH50,10.00R20_JUH5_16PR_K_TT,,1,,,
725,C10R20JWJUH516GR16,1152110020016KVH50,10.00R20_JUH5_16PR_K_TT,,1,,,
726,C10R20JWJUH516HM07,1122110020016KUH50,10.00R20_JUH5_16PR_K_TT,,1,,,
726,C10R20JWJUH516HM07,1152110020016KVH50,10.00R20_JUH5_16PR_K_TT,,1,,,
727,C10R20JWJUH516HM10,1122110020016KUH50,10.00R20_JUH5_16PR_K_TT,,1,,,
727,C10R20JWJUH516HM10,1152110020016KVH50,10.00R20_JUH5_16PR_K_TT,,1,,,
728,C10R20JWJUH516HM14,1122110020016KUH50,10.00R20_JUH5_16PR_K_TT,,1,,,
728,C10R20JWJUH516HM14,1152110020016KVH50,10.00R20_JUH5_16PR_K_TT,,1,,,
729,C10R20JWJUH516GC13,1122110020016KUH50,10.00R20_JUH5_16PR_K_TT,,1,,,
729,C10R20JWJUH516GC13,1152110020016KVH50,10.00R20_JUH5_16PR_K_TT,,1,,,
730,C10R20JWJUH516GR02,1122129A20000JUH50,295/90R20_JUH5_152/148_J_TT,,1,,,
731,C10R20JWJUH516GR09,1122129A20000JUH50,295/90R20_JUH5_152/148_J_TT,,1,,,
732,C10R20JWJUH516GR11,1122129A20000JUH50,295/90R20_JUH5_152/148_J_TT,,1,,,
733,C10R20JWJUH516GR12,1122129A20000JUH50,295/90R20_JUH5_152/148_J_TT,,1,,,
734,C10R20JWJUH516GR14,1122129A20000JUH50,295/90R20_JUH5_152/148_J_TT,,1,,,
735,C10R20JWJUH516GR18,1122129A20000JUH50,295/90R20_JUH5_152/148_J_TT,,1,,,
736,C10R20JWJUH516GR19,1122129A20000JUH50,295/90R20_JUH5_152/148_J_TT,,1,,,
737,C10R20JWJUH516GR17,1122129A20000JUH50,295/90R20_JUH5_152/148_J_TT,,1,,,
738,C10R20JWJUH516GC09,1122129A20000JUH50,295/90R20_JUH5_152/148_J_TT,,1,,,
739,C10R20JWJUH516GC10,1122129A20000JUH50,295/90R20_JUH5_152/148_J_TT,,1,,,
740,C10R20JWJUH516GC11,1122129A20000JUH50,295/90R20_JUH5_152/148_J_TT,,1,,,
741,C10R20JWJUH516GC12,1122129A20000JUH50,295/90R20_JUH5_152/148_J_TT,,1,,,
742,C10R20JWJUH516GC15,1122129A20000JUH50,295/90R20_JUH5_152/148_J_TT,,1,,,
743,C10R20JWJUH516GC19,1122129A20000JUH50,295/90R20_JUH5_152/148_J_TT,,1,,,
744,C10R20JWJUH516GC20,1122129A20000JUH50,295/90R20_JUH5_152/148_J_TT,,1,,,
745,C10R20JWJUH516HM12,1122129A20000JUH50,295/90R20_JUH5_152/148_J_TT,,1,,,
746,C10R20JWJUH516HM13,1122129A20000JUH50,295/90R20_JUH5_152/148_J_TT,,1,,,
747,C10R20JWJUH516HM75,1122129A20000JUH50,295/90R20_JUH5_152/148_J_TT,,1,,,
748,C10R20JWJUH516HM76,1122129A20000JUH50,295/90R20_JUH5_152/148_J_TT,,1,,,
749,C10R20JWJUH516HM77,1122129A20000JUH50,295/90R20_JUH5_152/148_J_TT,,1,,,
750,C10R20JWJUH516HM78,1122129A20000JUH50,295/90R20_JUH5_152/148_J_TT,,1,,,
751,C10R20JWJUH516HM79,1122129A20000JUH50,295/90R20_JUH5_152/148_J_TT,,1,,,
752,C10R20JWJUH516HM80,1122129A20000JUH50,295/90R20_JUH5_152/148_J_TT,,1,,,
753,C10R20JWJUH516HM81,1122129A20000JUH50,295/90R20_JUH5_152/148_J_TT,,1,,,
754,C10R20JWJUH516HM82,1122129A20000JUH50,295/90R20_JUH5_152/148_J_TT,,1,,,
755,C10R20JWJUH516HM01,1122129A20000JUH50,295/90R20_JUH5_152/148_J_TT,,1,,,
756,C29580R225JUMGC15,112222982C016MJUM0,295/80R22.5_JUM_16PR_154/149M_TL_EM,,1,,,
756,C29580R225JUMGC15,112222982C016MJM10,295/80R22.5_JUM_16PR_154/149M_TL_EM,,1,,,
756,C29580R225JUMGC15,112222982C016MJM1E,295/80R22.5_JUM_16PR_154/149M_TL_EM,,1,,,
757,R029580R225JUMGC17,112222982C016MJUM0,295/80R22.5_JUM_16PR_154/149M_TL_EM,,1,,,
757,R029580R225JUMGC17,112222982C016MJM10,295/80R22.5_JUM_16PR_154/149M_TL_EM,,1,,,
757,R029580R225JUMGC17,112222982C016MJM1E,295/80R22.5_JUM_16PR_154/149M_TL_EM,,1,,,
758,C10R20JW30216HM08,1123129A20152JUCM0,295/90R20_JUC XM_152/148_J_TT,,1,,,
758,C10R20JW30216HM08,1123110020016K3021,295/90R20_JUC XM_152/148_J_TT,,1,,,
758,C10R20JW30216HM08,1123129A20000JUCM0,295/90R20_JUC XM_152/148_J_TT,,1,,,
758,C10R20JW30216HM08,1123129A20000J3021,295/90R20_JUC XM_152/148_J_TT,,1,,,
759,C029580R225JUMGC01,112222982C016MJUM0,295/80R22.5_JUM_16PR_154/149M_TL_EM,,1,,,
759,C029580R225JUMGC01,112222982C016MJM10,295/80R22.5_JUM_16PR_154/149M_TL_EM,,1,,,
759,C029580R225JUMGC01,112222982C016MJM1E,295/80R22.5_JUM_16PR_154/149M_TL_EM,,1,,,
760,R029580R225JUMGC16,112222982C016MJUM0,295/80R22.5_JUM_16PR_154/149M_TL_EM,,1,,,
760,R029580R225JUMGC16,112222982C016MJM10,295/80R22.5_JUM_16PR_154/149M_TL_EM,,1,,,
760,R029580R225JUMGC16,112222982C016MJM1E,295/80R22.5_JUM_16PR_154/149M_TL_EM,,1,,,
761,C155R13ULIXPC1GC02,1D25215013008SXC10,155R13_ULTIMA XPC1_8PR_S_TL_MSIL,,1,,,
761,C155R13ULIXPC1GC02,1225215013008SXC10,155R13_ULTIMA XPC1_8PR_S_TL_MSIL,,1,,,
761,C155R13ULIXPC1GC02,1D25215013008SXC1T,155R13_ULTIMA XPC1_8PR_S_TL_MSIL,,1,,,
762,C155R13ULIXPC1GC03,1D25215013008SXC10,155R13_ULTIMA XPC1_8PR_S_TL_MSIL,,1,,,
762,C155R13ULIXPC1GC03,1225215013008SXC10,155R13_ULTIMA XPC1_8PR_S_TL_MSIL,,1,,,
762,C155R13ULIXPC1GC03,1D25215013008SXC1T,155R13_ULTIMA XPC1_8PR_S_TL_MSIL,,1,,,
763,R0000010R20JDELX2,1121110020016KDEP0,10.00R20_JDE++_16PR_K_TT,,1,,,
764,R029580R225JUMGC18,112222982C016MJUM0,295/80R22.5_JUM_16PR_154/149M_TL_EM,,1,,,
764,R029580R225JUMGC18,112222982C016MJM10,295/80R22.5_JUM_16PR_154/149M_TL_EM,,1,,,
764,R029580R225JUMGC18,112222982C016MJM1E,295/80R22.5_JUM_16PR_154/149M_TL_EM,,1,,,
765,C10R20JSJDH300HM08,1121110020016KDH30,10.00R20_JDH3_16PR_K_TT,,1,,,
766,C29580R225JUMGC15,ZMLD,FOR NEW PRODUCT DEVELOPMNET,,1,,,
767,R0000011R20JDEGC06,ZMLD,FOR NEW PRODUCT DEVELOPMNET,,1,,,
768,R0000011R20JDEGC07,ZMLD,FOR NEW PRODUCT DEVELOPMNET,,1,,,
769,R000011R20JDC3HM04,ZMLD,FOR NEW PRODUCT DEVELOPMNET,,1,,,
770,R000011R20JUH5GC04,ZMLD,FOR NEW PRODUCT DEVELOPMNET,,1,,,
771,R00011R225JUH5HM01,ZMLD,FOR NEW PRODUCT DEVELOPMNET,,1,,,
772,C10R20JW30216HM05,1123129A20152JUCM0,295/90R20_JUC XM_152/148_J_TT,,1,,,
772,C10R20JW30216HM05,1123110020016K3021,295/90R20_JUC XM_152/148_J_TT,,1,,,
772,C10R20JW30216HM05,1123129A20000JUCM0,295/90R20_JUC XM_152/148_J_TT,,1,,,
772,C10R20JW30216HM05,1123129A20000J3021,295/90R20_JUC XM_152/148_J_TT,,1,,,
773,C10R20JW30216HM07,1123129A20152JUCM0,295/90R20_JUC XM_152/148_J_TT,,1,,,
773,C10R20JW30216HM07,1123110020016K3021,295/90R20_JUC XM_152/148_J_TT,,1,,,
773,C10R20JW30216HM07,1123129A20000JUCM0,295/90R20_JUC XM_152/148_J_TT,,1,,,
773,C10R20JW30216HM07,1123129A20000J3021,295/90R20_JUC XM_152/148_J_TT,,1,,,
774,C10R20JW30216GC01,1123129A20152JUCM0,295/90R20_JUC XM_152/148_J_TT,,1,,,
774,C10R20JW30216GC01,1123110020016K3021,295/90R20_JUC XM_152/148_J_TT,,1,,,
774,C10R20JW30216GC01,1123129A20000JUCM0,295/90R20_JUC XM_152/148_J_TT,,1,,,
774,C10R20JW30216GC01,1123129A20000J3021,295/90R20_JUC XM_152/148_J_TT,,1,,,
775,C10R20JW30216HM06,1123129A20152JUCM0,295/90R20_JUC XM_152/148_J_TT,,1,,,
775,C10R20JW30216HM06,1123110020016K3021,295/90R20_JUC XM_152/148_J_TT,,1,,,
775,C10R20JW30216HM06,1123129A20000JUCM0,295/90R20_JUC XM_152/148_J_TT,,1,,,
775,C10R20JW30216HM06,1123129A20000J3021,295/90R20_JUC XM_152/148_J_TT,,1,,,
776,C155R13ULIXPC1GC06,1D25215013008SXC10,155R13_ULTIMA XPC1_8PR_S_TL_MSIL,,1,,,
776,C155R13ULIXPC1GC06,1225215013008SXC10,155R13_ULTIMA XPC1_8PR_S_TL_MSIL,,1,,,
776,C155R13ULIXPC1GC06,1D25215013008SXC1T,155R13_ULTIMA XPC1_8PR_S_TL_MSIL,,1,,,
777,C155R13ULIXPC1GC07,1D25215013008SXC10,155R13_ULTIMA XPC1_8PR_S_TL_MSIL,,1,,,
777,C155R13ULIXPC1GC07,1225215013008SXC10,155R13_ULTIMA XPC1_8PR_S_TL_MSIL,,1,,,
777,C155R13ULIXPC1GC07,1D25215013008SXC1T,155R13_ULTIMA XPC1_8PR_S_TL_MSIL,,1,,,
778,C155R13ULIXPC1GC08,1D25215013008SXC10,155R13_ULTIMA XPC1_8PR_S_TL_MSIL,,1,,,
778,C155R13ULIXPC1GC08,1225215013008SXC10,155R13_ULTIMA XPC1_8PR_S_TL_MSIL,,1,,,
778,C155R13ULIXPC1GC08,1D25215013008SXC1T,155R13_ULTIMA XPC1_8PR_S_TL_MSIL,,1,,,
779,C155R13ULIXPC1GC09,1D25215013008SXC10,155R13_ULTIMA XPC1_8PR_S_TL_MSIL,,1,,,
779,C155R13ULIXPC1GC09,1225215013008SXC10,155R13_ULTIMA XPC1_8PR_S_TL_MSIL,,1,,,
779,C155R13ULIXPC1GC09,1D25215013008SXC1T,155R13_ULTIMA XPC1_8PR_S_TL_MSIL,,1,,,
780,C155R13ULIXPC1GC10,1D25215013008SXC10,155R13_ULTIMA XPC1_8PR_S_TL_MSIL,,1,,,
780,C155R13ULIXPC1GC10,1225215013008SXC10,155R13_ULTIMA XPC1_8PR_S_TL_MSIL,,1,,,
780,C155R13ULIXPC1GC10,1D25215013008SXC1T,155R13_ULTIMA XPC1_8PR_S_TL_MSIL,,1,,,
781,C21555R18UXR0GC01,1325221318095HURL0,215/55R18_UX ROYALE_95H TL,,1,,,
782,C21555R18UXR0GC02,1325221318095HURL0,215/55R18_UX ROYALE_95H TL,,1,,,
783,C21555R18UXR0HM01,1325221318095HURL0,215/55R18_UX ROYALE_95H TL,,1,,,
784,C21555R18UXR0HM02,1325221318095HURL0,215/55R18_UX ROYALE_95H TL,,1,,,
785,L10R20JWJUHXFHMI02,1122129A20152JULF0,295/90R20_JUH_XF_152/148_J_TT,,1,,,
786,L10R20JWJUHXFHMI03,1122129A20152JULF0,295/90R20_JUH_XF_152/148_J_TT,,1,,,
787,L10R20JWJUHXFHMI04,1122129A20152JULF0,295/90R20_JUH_XF_152/148_J_TT,,1,,,
788,L10R20JWJUHXFHMI05,1122129A20152JULF0,295/90R20_JUH_XF_152/148_J_TT,,1,,,
789,L10R20JWJUHXFHMI06,1122129A20152JULF0,295/90R20_JUH_XF_152/148_J_TT,,1,,,
790,L10R20JWJUHXFHM09,1122129A20152JULF0,295/90R20_JUH_XF_152/148_J_TT,,1,,,
791,C10R20JWJUHXFGC06,1122129A20152JULF0,295/90R20_JUH_XF_152/148_J_TT,,1,,,
792,C10R20JWJUHXFGC08,1122129A20152JULF0,295/90R20_JUH_XF_152/148_J_TT,,1,,,
793,L10R20JWJUHXFGC10,1122129A20152JULF0,295/90R20_JUH_XF_152/148_J_TT,,1,,,
794,L10R20JWJUHXFGC12,1122129A20152JULF0,295/90R20_JUH_XF_152/148_J_TT,,1,,,
795,L10R20JWJUHXFGC13,1122129A20152JULF0,295/90R20_JUH_XF_152/148_J_TT,,1,,,
796,L10R20JWJUHXFGC14,1122129A20152JULF0,295/90R20_JUH_XF_152/148_J_TT,,1,,,
797,C11R20JSJUC316GC04,1123111020016KJC30,11.00R20_JUC3_16PR_K_TT,,1,,,
798,R000011R20JUC3GC01,1123111020016KJC30,11.00R20_JUC3_16PR_K_TT,,1,,,
799,R000011R20JUC3HM13,1123111020016KJC30,11.00R20_JUC3_16PR_K_TT,,1,,,
800,R000011R20JUC3HM14,1123111020016KJC30,11.00R20_JUC3_16PR_K_TT,,1,,,
801,C23565R17RHTPLHM01,1325223517104HRHP0,235/65R17 Ranger H/T+ 104H,,1,,,
802,C20560R16UXRMSGC01,1325220416092HURL0,205/60R16 UX Royale 92H TL,,1,,,
803,C9R20JWJUH316HM09,1122190020014KJH30,9.00R20_JUH3_14PR_K_TT,,1,,,
803,C9R20JWJUH316HM09,1122190020016KJH30,9.00R20_JUH3_14PR_K_TT,,1,,,
804,C9R20JWJUH316HM10,1122190020014KJH30,9.00R20_JUH3_14PR_K_TT,,1,,,
804,C9R20JWJUH316HM10,1122190020016KJH30,9.00R20_JUH3_14PR_K_TT,,1,,,
804,C9R20JWJUH316HM10,1152190020016KVH30,9.00R20_JUH3_14PR_K_TT,,1,,,
805,C24545R18LEVTLHB01,1325224118100YLEV0,245/45R18_ LEVITAS ULTRA _100 Y  TL,,1,,,
805,C24545R18LEVTLHB01,1325224118100WLEV0,245/45R18_ LEVITAS ULTRA _100 Y  TL,,1,,,
806,C15580R13ULTLCHM01,1325215813079TUNE4,155/80R13_Ultima Neo Next Gen_79T TL,,1,,,
807,C15580R13ULTLCHM02,1325215813079TUNE4,155/80R13_Ultima Neo Next Gen_79T TL,,1,,,
808,B1956515UXROYLGC01,1325219515091VURL0,195/65 R15_UX ROYALE_91_V_TL,,1,,,
809,C16580R14ELZTGC03,1325216814085SUTR0,165/80R14_UX TOURING_85S TL,,1,,,
809,C16580R14ELZTGC03,1325216814085SETR0,165/80R14_UX TOURING_85S TL,,1,,,
810,C19560R16RHPEHMI01,1325219416089VRHE0,195/60R16_RANGER HP E_89V TL,,1,,,
811,C9R20JSJDH16GC08,1121190020016KJDH0,9.00R20_JDH_16PR_K_TT,,1,,,
812,C27590R20JW304HM01,1122127A20149K3041,275/90R20_JW 304_149_149/145_K__TT TST,,1,,,
812,C27590R20JW304HM01,1122127A20149KUHF0,275/90R20_JW 304_149_149/145_K__TT TST,,1,,,
813,C27590R20JW304HM02,1122127A20149K3041,275/90R20_JW 304_149_149/145_K__TT TST,,1,,,
813,C27590R20JW304HM02,1122127A20149KUHF0,275/90R20_JW 304_149_149/145_K__TT TST,,1,,,
814,C10R20CHCDU100HM12,1123110020016KU10C,10.00R20_CDU100_16PR_K_TT,,1,,,
815,C9R20JSJDH16GC07,1121190020016KJDH0,9.00R20_JDH_16PR_K_TT,,1,,,
816,C10R20JSJDC316GC09,1121110020016KDC30,10.00R20_JDC3_16PR_K_TT,,1,,,
817,C11R22RPYPD301HM01,115121102C016L301P,11R22.5_PEARLY_PD301_DOT_16PR_L_TL,,1,,,
818,C9R20JSJDH16HM01,1121190020016KJDH0,9.00R20_JDH_16PR_K_TT,,1,,,
819,C16580R14ELZTGC04,1325216814085SUTR0,165/80R14_UX TOURING_85S TL,,1,,,
819,C16580R14ELZTGC04,1325216814085SETR0,165/80R14_UX TOURING_85S TL,,1,,,
820,C9R20JSJDH16HM02,1121190020016KJDH0,9.00R20_JDH_16PR_K_TT,,1,,,
821,C000011R225UH1GR01,115221102C016LUH1V,11R22.5_VUH1_DOT_16PR_L_TL,,1,,,
822,C23560R18ELTOUGC02,1325223418103VETR0,235/60R18_ELANZO TOURING_103V TL,,1,,,
823,C0019565R15UXRHM01,1325219515091HURL2,195/65R15_UX ROYALE_91H TL_KIA,,1,,,
824,C0019565R15UXRHM02,1325219515091HURL2,195/65R15_UX ROYALE_91H TL_KIA,,1,,,
825,B145R12ULTIXPCGC07,1D25114012008QXPC0,145R12_ULTIMA XPC_8PR_Q_TT,,1,,,
825,B145R12ULTIXPCGC07,1D25214012008QXPC0,145R12_ULTIMA XPC_8PR_Q_TT,,1,,,
825,B145R12ULTIXPCGC07,1D25214012008QXPCT,145R12_ULTIMA XPC_8PR_Q_TT,,1,,,
825,B145R12ULTIXPCGC07,1D25214012008QXPCM,145R12_ULTIMA XPC_8PR_Q_TT,,1,,,
826,1225119Z15008SXC10,C195R15XPC1TLCGC04,,,1,,,
827,B145R12ULTIXPCGC08,1D25114012008QXPC0,145R12_ULTIMA XPC_8PR_Q_TT,,1,,,
827,B145R12ULTIXPCGC08,1D25214012008QXPC0,145R12_ULTIMA XPC_8PR_Q_TT,,1,,,
827,B145R12ULTIXPCGC08,1D25214012008QXPCT,145R12_ULTIMA XPC_8PR_Q_TT,,1,,,
827,B145R12ULTIXPCGC08,1D25214012008QXPCM,145R12_ULTIMA XPC_8PR_Q_TT,,1,,,
828,R029580R225JDLGC03,112122982C016MJDL0,295/80R22.5_JDL_16PR_M_TL,,1,,,
829,C15580R13NEO000003,1325215813079TUNE3,155/80R13 Ultima Neo 79T MSIL YL7 BSVI T,,1,,,
830,C25565R18RAHT2HM02,1325225518111HRHB0,255/65R18_RANGER HT2_111H TL_M&M_W502,,1,,,
831,C20560R16RHTTLHM03,1325220416092HRHT0,205/60 R 16_RANGER H/T _92_H_TL,,1,,,
832,R029580R225JDLHM01,112122982C016MJDL0,295/80R22.5_JDL_16PR_M_TL,,1,,,
833,C23565R18ELTOUGC01,1325223518106HETR0,235/65R18 Elanzo Touring 106 H Export,,1,,,
834,C23565R18ELTOUGC02,1325223518106HETR0,235/65R18 Elanzo Touring 106 H Export,,1,,,
835,R29590R20JS124GC01,1121129A20152J1241,295/90R20_ JS 124_NA_152/148_J_TT,,1,,,
836,R29590R20JS124GC02,1121129A20152J1241,295/90R20_ JS 124_NA_152/148_J_TT,,1,,,
837,C38565225JUH6HM03,115223852C020KUH60,385/65R22.5_JUH6_DOT_20PR_K_TL,,1,,,
837,C38565225JUH6HM03,115223852C020KVH60,385/65R22.5_JUH6_DOT_20PR_K_TL,,1,,,
838,C38565225JUH6HM04,115223852C020KUH60,385/65R22.5_JUH6_DOT_20PR_K_TL,,1,,,
838,C38565225JUH6HM04,115223852C020KVH60,385/65R22.5_JUH6_DOT_20PR_K_TL,,1,,,
839,C38565225JTLHM01,115223852C020KJTL0,385/65R22.5_JTL_DOT_20PR_K_TL,,1,,,
839,C38565225JTLHM01,115223852C020KVTLV,385/65R22.5_JTL_DOT_20PR_K_TL,,1,,,
840,C38565225JTLHM02,115223852C020KJTL0,385/65R22.5_JTL_DOT_20PR_K_TL,,1,,,
840,C38565225JTLHM02,115223852C020KVTLV,385/65R22.5_JTL_DOT_20PR_K_TL,,1,,,
841,C25565R18RHPEHMI01,1325225518111HRHE0,255/65R18_RANGER HP E_111H TL_M&M,,1,,,
842,C25565R18RHPEHMI02,1325225518111HRHE0,255/65R18_RANGER HP E_111H TL_M&M,,1,,,
843,R000825R20JUH5GC05,1122182020016KUH50,8.25R20_JUH5_16PR_K_TT,,1,,,
844,R000825R20JUH5GC06,1122182020016KUH50,8.25R20_JUH5_16PR_K_TT,,1,,,
845,C10R20JSJDL16GR07,1121110020016KJDL0,10.00R20_JDL_16PR_K_TT,,1,,,
846,C10R20JSJDL16GR16,1121110020016KJDL0,10.00R20_JDL_16PR_K_TT,,1,,,
847,R0000011R20JDHGC04,1121111020016KJDH0,11.00R20_JDH_16PR_K_TT,,1,,,
848,R0000011R20JDHGC05,1121111020016KJDH0,11.00R20_JDH_16PR_K_TT,,1,,,
849,R0000011R20JDHGC06,1121111020016KJDH0,11.00R20_JDH_16PR_K_TT,,1,,,
850,R000825R20JDH3MC01,1121182020016KDH30,8.25R20_JDH3_16PR_K_TT,,1,,,
850,R000825R20JDH3MC01,1121182020014KDH30,8.25R20_JDH3_16PR_K_TT,,1,,,
851,R000825R20JDH3MC02,1121182020016KDH30,8.25R20_JDH3_16PR_K_TT,,1,,,
851,R000825R20JDH3MC02,1121182020014KDH30,8.25R20_JDH3_16PR_K_TT,,1,,,
852,C20565R16ELZTOHM01,1325220516095HUTR0,205/65R16_UX TOURING_95H TL,,1,,,
852,C20565R16ELZTOHM01,1325220516095HETR0,205/65R16_UX TOURING_95H TL,,1,,,
852,C20565R16ELZTOHM01,1325220516095HETR2,205/65R16_UX TOURING_95H TL,,1,,,
853,C24540R18UX1HM101,1325224018097WUX10,245/40R18_UX1_97W TL,,1,,,
854,C24540R18UX1HM102,1325224018097WUX10,245/40R18_UX1_97W TL,,1,,,
855,C10R20JWJUC316HM07,1123129A20000JJC30,295/90R20_JUC3_152/148_J_TT,,1,,,
856,C20565R16ELZTOHM02,1325220516095HUTR0,205/65R16_UX TOURING_95H TL,,1,,,
856,C20565R16ELZTOHM02,1325220516095HETR0,205/65R16_UX TOURING_95H TL,,1,,,
856,C20565R16ELZTOHM02,1325220516095HETR2,205/65R16_UX TOURING_95H TL,,1,,,
857,C009R20JSJDE16GC06,1121190020016KDEP0,9.00R20_JDE++_16PR_142/140_K_TT,,1,,,
858,C009R20JSJDE16GC07,1121190020016KDEP0,9.00R20_JDE++_16PR_142/140_K_TT,,1,,,
859,C10R20CHACDH16HM10,1153110020016KCDUC,10.00R20_CHALLENGER_CDU_DOT_16PR_K_TT,,1,,,
860,B145R12ULTIXPCGC10,1D25114012008QXPC0,145R12_ULTIMA XPC_8PR_Q_TT,,1,,,
860,B145R12ULTIXPCGC10,1D25214012008QXPC0,145R12_ULTIMA XPC_8PR_Q_TT,,1,,,
860,B145R12ULTIXPCGC10,1D25214012008QXPCT,145R12_ULTIMA XPC_8PR_Q_TT,,1,,,
860,B145R12ULTIXPCGC10,1D25214012008QXPCM,145R12_ULTIMA XPC_8PR_Q_TT,,1,,,
861,C9R20JWJUH316HM15,1122190020014KJH30,9.00R20_JUH3_14PR_K_TT,,1,,,
861,C9R20JWJUH316HM15,1122190020016KJH30,9.00R20_JUH3_14PR_K_TT,,1,,,
861,C9R20JWJUH316HM15,1152190020016KVH30,9.00R20_JUH3_14PR_K_TT,,1,,,
862,C31570R225JUL4HM02,115223162C018LUL40,315/70R22.5_JUL4_DOT_18PR_L_TL,,1,,,
863,C17565R15UXRTHMI01,1325217515084HURL2,175/65R15 UX Royale 84H_Hyundai_4Rib,,1,,,
864,C17565R15UXRTHMI02,1325217515084HURL2,175/65R15 UX Royale 84H_Hyundai_4Rib,,1,,,
865,C17565R15UXRTHMI03,1325217515084HURL2,175/65R15 UX Royale 84H_Hyundai_4Rib,,1,,,
866,C29580R225JDLHM06,112122982C016MJDL0,295/80R22.5_JDL_16PR_M_TL,,1,,,
867,C18555R16UXRTLHM01,1325218316083HURL0,185/55R16_UX ROYALE_83 H TL,,1,,,
868,C18555R16UXRTLHM02,1325218316083HURL0,185/55R16_UX ROYALE_83 H TL,,1,,,
869,C21560R16RHPEHM02,1325221416095VRHE0,215/60R16_RANGER HPE _95V TL_EV,,1,,,
869,C21560R16RHPEHM02,1325221416095VRHE1,215/60R16_RANGER HPE _95V TL_EV,,1,,,
870,C25570R225JTL1GR01,115222562C016MTL1V,255/70R22.5_VTL1_DOT_16PR_M_TL,,1,,,
871,C25570R225JTL1GR02,115222562C016MTL1V,255/70R22.5_VTL1_DOT_16PR_M_TL,,1,,,
872,C10R20JSJDC316GC02,1121129A20000JDC30,295/90R20_JDC3_152/148_J_TT,,1,,,
873,C38565225JUCXDHM01,115323852C020KUCD0,385/65R22.5_JUC-XD_20PR_164K_TL,,1,,,
874,C27590R20JS121GC01,1121127A20149K1211,275/90R20_JS 121_149_149/145_K__TT TST,,1,,,
874,C27590R20JS121GC01,1121190020016KDEF0,275/90R20_JS 121_149_149/145_K__TT TST,,1,,,
875,C27590R20JS121GC02,1121127A20149K1211,275/90R20_JS 121_149_149/145_K__TT TST,,1,,,
875,C27590R20JS121GC02,1121190020016KDEF0,275/90R20_JS 121_149_149/145_K__TT TST,,1,,,
876,C24575R16SUPTBMK02,1325224716111SELS0,245/75 R 16_ELANZO SUPRA_111_S_TL,,1,,,
876,C24575R16SUPTBMK02,1325224716111SELSE,245/75 R 16_ELANZO SUPRA_111_S_TL,,1,,,
877,C10R20JSJDC316GC04,1121129A20000JDC30,295/90R20_JDC3_152/148_J_TT,,1,,,
878,C21575R15RHTTLHM06,1325221715100SRHT0,215/75 R 15_RANGER H/T _100_S_TL,,1,,,
878,C21575R15RHTTLHM06,1325221715100SRPG0,215/75 R 15_RANGER H/T _100_S_TL,,1,,,
878,C21575R15RHTTLHM06,1325221715100SRHT1,215/75 R 15_RANGER H/T _100_S_TL,,1,,,
879,C21575R15RHTTLHM07,1325221715100SRHT0,215/75 R 15_RANGER H/T _100_S_TL,,1,,,
879,C21575R15RHTTLHM07,1325221715100SRPG0,215/75 R 15_RANGER H/T _100_S_TL,,1,,,
879,C21575R15RHTTLHM07,1325221715100SRHT1,215/75 R 15_RANGER H/T _100_S_TL,,1,,,
880,R0000011R20JDEGC06,1121111020016KDEP0,11.00R20_JDE++_16PR_K_TT,,1,,,
881,C29575R225JDL1GR01,115122972C014MDL1V,295/75R22.5_VDL1_DOT_14PR_M_TL,,1,,,
882,C29575R225JDL1GR02,115122972C014MDL1V,295/75R22.5_VDL1_DOT_14PR_M_TL,,1,,,
883,C11R225CHACUC2NS01,115321102C016LUC2C,11R22.5_CUC2_DOT_16PR_L_TL,,1,,,
883,C11R225CHACUC2NS01,115321102C016LUC2V,11R22.5_CUC2_DOT_16PR_L_TL,,1,,,
884,C11R225CHACUC2NS02,115321102C016LUC2C,11R22.5_CUC2_DOT_16PR_L_TL,,1,,,
884,C11R225CHACUC2NS02,115321102C016LUC2V,11R22.5_CUC2_DOT_16PR_L_TL,,1,,,
885,C0011R225JTLSDGR02,115221102C016LTLSV,11R22.5_VTLSD_DOT_16PR_L_TL,,1,,,
886,C10R20CHACUC16HM02,1123110020016KCUC0,10.00R20_CUC_16PR_K_TT,,1,,,
886,C10R20CHACUC16HM02,1153110020016KCUC1,10.00R20_CUC_16PR_K_TT,,1,,,
887,C10R20CHACUC16HM06,1123110020016KCUC0,10.00R20_CUC_16PR_K_TT,,1,,,
887,C10R20CHACUC16HM06,1153110020016KCUC1,10.00R20_CUC_16PR_K_TT,,1,,,
888,R0000011R20JDEGC07,1121111020016KDEP0,11.00R20_JDE++_16PR_K_TT,,1,,,
889,C10R20CHACUC16HM07,1123110020016KCUC0,10.00R20_CUC_16PR_K_TT,,1,,,
889,C10R20CHACUC16HM07,1153110020016KCUC1,10.00R20_CUC_16PR_K_TT,,1,,,
890,C10R20CHACUC16HM12,1123110020016KCUC0,10.00R20_CUC_16PR_K_TT,,1,,,
890,C10R20CHACUC16HM12,1153110020016KCUC1,10.00R20_CUC_16PR_K_TT,,1,,,
891,C10R20CHACUC16HM13,1123110020016KCUC0,10.00R20_CUC_16PR_K_TT,,1,,,
891,C10R20CHACUC16HM13,1153110020016KCUC1,10.00R20_CUC_16PR_K_TT,,1,,,
892,C10R20CHACUC16HM15,1123110020016KCUC0,10.00R20_CUC_16PR_K_TT,,1,,,
892,C10R20CHACUC16HM15,1153110020016KCUC1,10.00R20_CUC_16PR_K_TT,,1,,,
893,C10R20CHACUC16HM16,1123110020016KCUC0,10.00R20_CUC_16PR_K_TT,,1,,,
893,C10R20CHACUC16HM16,1153110020016KCUC1,10.00R20_CUC_16PR_K_TT,,1,,,
894,C38565225JUCXDHM02,115323852C020KUCD0,385/65R22.5_JUC-XD_20PR_164K_TL,,1,,,
895,C19560R16RHPEHMI02,1325219416089VRHE0,195/60R16_RANGER HP E_89V TL,,1,,,
896,C11R22RPYPD301HM03,115121102C016L301P,11R22.5_PEARLY_PD301_DOT_16PR_L_TL,,1,,,
897,C31X105R15BXATGR01,1325231015109RBXT0,31X10.50R15 LT BLAZZE X-A/T TL – 109 R,,1,,,
897,C31X105R15BXATGR01,1325231015109RRXT0,31X10.50R15 LT BLAZZE X-A/T TL – 109 R,,1,,,
898,C019565R15UXRHMI05,1325219515091HURL2,195/65R15_UX ROYALE_91H TL_KIA,,1,,,
899,C31X105R15BXATGR02,1325231015109RBXT0,31X10.50R15 LT BLAZZE X-A/T TL – 109 R,,1,,,
899,C31X105R15BXATGR02,1325231015109RRXT0,31X10.50R15 LT BLAZZE X-A/T TL – 109 R,,1,,,
900,C32115R15BXATHM01,1325232015113RBXT0,32X11.50R15 LT BLAZZE X-A/T TL – 113 R,,1,,,
900,C32115R15BXATHM01,1325232015113RRXT0,32X11.50R15 LT BLAZZE X-A/T TL – 113 R,,1,,,
901,C32115R15BXATHM02,1325232015113RBXT0,32X11.50R15 LT BLAZZE X-A/T TL – 113 R,,1,,,
901,C32115R15BXATHM02,1325232015113RRXT0,32X11.50R15 LT BLAZZE X-A/T TL – 113 R,,1,,,
902,C15580R13TLGC02,1325215813079TUNE5,155/80R13_ULTIMA NEO_79T TL_TML LRR,,1,,,
903,C29580R225JDLHM08,112122982C016MJDL0,295/80R22.5_JDL_16PR_M_TL,,1,,,
904,C29580R225JDLHM09,112122982C016MJDL0,295/80R22.5_JDL_16PR_M_TL,,1,,,
905,C019565R15UXRHMI06,1325219515091HURL2,195/65R15_UX ROYALE_91H TL_KIA,,1,,,
906,C019565R15UXRHMI07,1325219515091HURL2,195/65R15_UX ROYALE_91H TL_KIA,,1,,,
907,C019565R15UXRHMI08,1325219515091HURL2,195/65R15_UX ROYALE_91H TL_KIA,,1,,,
908,R029580R225JDLHM03,112122982C016MJDL0,295/80R22.5_JDL_16PR_M_TL,,1,,,
909,C20560R16RHTTLHM04,1325220416092HRHT0,205/60 R 16_RANGER H/T _92_H_TL,,1,,,
910,C38565225JUH6HM01,115223852C020KUH60,385/65R22.5_JUH6_DOT_20PR_K_TL,,1,,,
910,C38565225JUH6HM01,115223852C020KVH60,385/65R22.5_JUH6_DOT_20PR_K_TL,,1,,,
911,C38565225JUH6HM02,115223852C020KUH60,385/65R22.5_JUH6_DOT_20PR_K_TL,,1,,,
911,C38565225JUH6HM02,115223852C020KVH60,385/65R22.5_JUH6_DOT_20PR_K_TL,,1,,,
912,C11R22RPYPD301HM04,115121102C016L301P,11R22.5_PEARLY_PD301_DOT_16PR_L_TL,,1,,,
913,R31580R225JUL3GC03,115223182C018MUL30,315/80R22.5_JUL3_DOT_18PR_M_TL,,1,,,
913,R31580R225JUL3GC03,115223182C018MVL30,315/80R22.5_JUL3_DOT_18PR_M_TL,,1,,,
914,R31580R225JUL3GC04,115223182C018MUL30,315/80R22.5_JUL3_DOT_18PR_M_TL,,1,,,
914,R31580R225JUL3GC04,115223182C018MVL30,315/80R22.5_JUL3_DOT_18PR_M_TL,,1,,,
915,C22560R16UXR00HB02,1325222416098VURL0,225/60R16_UX ROYALE_98 V TL,,1,,,
916,C11R225JSJDHCGC01,115121102C016LVDH0,11R22.5_VDH_DOT_16PR_L_TL,,1,,,
917,C11R225JSJDHCGC02,115121102C016LVDH0,11R22.5_VDH_DOT_16PR_L_TL,,1,,,
918,C9R20JSJDH16GC05,1121190020016KJDH0,9.00R20_JDH_16PR_K_TT,,1,,,
919,R0000011R225JDHH02,115121102C016LJDH0,11R22.5_JDH_DOT_16PR_L_TL,,1,,,
919,R0000011R225JDHH02,112121102C016LJDH0,11R22.5_JDH_DOT_16PR_L_TL,,1,,,
920,B155-70R13-NXTGR05,1325215613075TUNX0,155/70 R 13_ULTIMA NXT _75_T_TL,,1,,,
921,B155-70R13-NXTGR06,1325215613075TUNX0,155/70 R 13_ULTIMA NXT _75_T_TL,,1,,,
922,C33580R20JWJUZHM02,1121233820012KUZP0,335/80R20_MPT_JW_JUZ+_141_12PR_K_TL,,1,,,
923,C24575R16SUPBHMI01,1325224716111SELS0,245/75 R 16_ELANZO SUPRA_111_S_TL,,1,,,
923,C24575R16SUPBHMI01,1325224716111SELSE,245/75 R 16_ELANZO SUPRA_111_S_TL,,1,,,
924,C24575R16SUPBHMI02,1325224716111SELS0,245/75 R 16_ELANZO SUPRA_111_S_TL,,1,,,
924,C24575R16SUPBHMI02,1325224716111SELSE,245/75 R 16_ELANZO SUPRA_111_S_TL,,1,,,
925,C25570R225JTH1GC03,115222562C016MTH10,255/70R22.5_JTH1_DOT_16PR_M_TL,,1,,,
925,C25570R225JTH1GC03,115222562C016MVT10,255/70R22.5_JTH1_DOT_16PR_M_TL,,1,,,
926,C25570R225JTH1GC04,115222562C016MTH10,255/70R22.5_JTH1_DOT_16PR_M_TL,,1,,,
926,C25570R225JTH1GC04,115222562C016MVT10,255/70R22.5_JTH1_DOT_16PR_M_TL,,1,,,
927,C29580R225JUCGC01,115322982C016MJXM0,295/80R22.5_JUCXM_DOT_154/149M_16PR_TL,,1,,,
927,C29580R225JUCGC01,112322982C016M3021,295/80R22.5_JUCXM_DOT_154/149M_16PR_TL,,1,,,
928,C29580R225JUCGC02,115322982C016MJXM0,295/80R22.5_JUCXM_DOT_154/149M_16PR_TL,,1,,,
928,C29580R225JUCGC02,112322982C016M3021,295/80R22.5_JUCXM_DOT_154/149M_16PR_TL,,1,,,
929,C15580R13TLGC03,1325215813079TUNE5,155/80R13_ULTIMA NEO_79T TL_TML LRR,,1,,,
930,C10R20JSJDC316HM03,1121129A20000JDC30,295/90R20_JDC3_152/148_J_TT,,1,,,
931,C15580R13TLGC04,1325215813079TUNE5,155/80R13_ULTIMA NEO_79T TL_TML LRR,,1,,,
932,C15580R13TLGC05,1325215813079TUNE5,155/80R13_ULTIMA NEO_79T TL_TML LRR,,1,,,
933,C15580R13TLGC08,1325215813079TUNE5,155/80R13_ULTIMA NEO_79T TL_TML LRR,,1,,,
934,C15580R13TLGC09,1325215813079TUNE5,155/80R13_ULTIMA NEO_79T TL_TML LRR,,1,,,
935,C165R14ULXPCTLGC01,1D25116814008QXPC0,165R14_ULTIMA XPC_8PR_Q_TT_TML,,1,,,
935,C165R14ULXPCTLGC01,1325116814008QXPC0,165R14_ULTIMA XPC_8PR_Q_TT_TML,,1,,,
935,C165R14ULXPCTLGC01,1D25216814008QXPC0,165R14_ULTIMA XPC_8PR_Q_TT_TML,,1,,,
936,C165R14ULXPCTLGC02,1D25116814008QXPC0,165R14_ULTIMA XPC_8PR_Q_TT_TML,,1,,,
936,C165R14ULXPCTLGC02,1325116814008QXPC0,165R14_ULTIMA XPC_8PR_Q_TT_TML,,1,,,
936,C165R14ULXPCTLGC02,1D25216814008QXPC0,165R14_ULTIMA XPC_8PR_Q_TT_TML,,1,,,
937,B145R12ULTIXPCGC09,1D25114012008QXPC0,145R12_ULTIMA XPC_8PR_Q_TT,,1,,,
937,B145R12ULTIXPCGC09,1D25214012008QXPC0,145R12_ULTIMA XPC_8PR_Q_TT,,1,,,
937,B145R12ULTIXPCGC09,1D25214012008QXPCT,145R12_ULTIMA XPC_8PR_Q_TT,,1,,,
937,B145R12ULTIXPCGC09,1D25214012008QXPCM,145R12_ULTIMA XPC_8PR_Q_TT,,1,,,
938,C15580R13NEO000002,1325215813079TUNE3,155/80R13 Ultima Neo 79T MSIL YL7 BSVI T,,1,,,
939,C21560R16RHPEHMI01,1325221416095VRHE0,215/60R16_RANGER HPE _95V TL_EV,,1,,,
939,C21560R16RHPEHMI01,1325221416095VRHE1,215/60R16_RANGER HPE _95V TL_EV,,1,,,
940,B1956515UXROYLGC02,1325219515091VURL0,195/65 R15_UX ROYALE_91_V_TL,,1,,,
941,C24545R18LEVTLHB02,1325224118100YLEV0,245/45R18_ LEVITAS ULTRA _100 Y  TL,,1,,,
941,C24545R18LEVTLHB02,1325224118100WLEV0,245/45R18_ LEVITAS ULTRA _100 Y  TL,,1,,,
942,R000825R20JUH5GC01,1122182020016KUH50,8.25R20_JUH5_16PR_K_TT,,1,,,
943,R000825R20JUH5GC02,1122182020016KUH50,8.25R20_JUH5_16PR_K_TT,,1,,,
944,C10R20JWJUC316HM11,1123129A20000JJC30,295/90R20_JUC3_152/148_J_TT,,1,,,
945,C10R20JWJUC316HM10,1123129A20000JJC30,295/90R20_JUC3_152/148_J_TT,,1,,,
946,C29580R225JDLHM07,112122982C016MJDL0,295/80R22.5_JDL_16PR_M_TL,,1,,,
947,C17565R15UXRTHMI04,1325217515084HURL2,175/65R15 UX Royale 84H_Hyundai_4Rib,,1,,,
948,C17565R15UXRTHMI05,1325217515084HURL2,175/65R15 UX Royale 84H_Hyundai_4Rib,,1,,,
949,C17565R15UXRTHMI06,1325217515084HURL2,175/65R15 UX Royale 84H_Hyundai_4Rib,,1,,,
950,C10R20JWJUC216HM07,1123110020016KJC20,10.00R20_JUC2_16PR_K_TT-OBSLETE,,1,,,
951,C00009R20JURTTHM01,1122190020016KJUR0,9.00R20_JUR_16PR_K_TT,,1,,,
952,C29575RJTHSD16GC01,115222972C014LJTS0,295/75R22.5_JTHSD_DOT_14PR_L_TL,,1,,,
952,C29575RJTHSD16GC01,115222972C016LJTS0,295/75R22.5_JTHSD_DOT_14PR_L_TL,,1,,,
953,C9R20JWJUH316HM16,1122190020014KJH30,9.00R20_JUH3_14PR_K_TT,,1,,,
953,C9R20JWJUH316HM16,1122190020016KJH30,9.00R20_JUH3_14PR_K_TT,,1,,,
953,C9R20JWJUH316HM16,1152190020016KVH30,9.00R20_JUH3_14PR_K_TT,,1,,,
954,C9R20JWJUH316HM17,1122190020014KJH30,9.00R20_JUH3_14PR_K_TT,,1,,,
954,C9R20JWJUH316HM17,1122190020016KJH30,9.00R20_JUH3_14PR_K_TT,,1,,,
954,C9R20JWJUH316HM17,1152190020016KVH30,9.00R20_JUH3_14PR_K_TT,,1,,,
955,C10R20CHACDH16HM01,1121110020016KCDH0,10.00R20_CDH_16PR_K_TT,,1,,,
956,C10R20CHACDH16HM07,1121110020016KCDH0,10.00R20_CDH_16PR_K_TT,,1,,,
957,C11R225JWJTHSDGR01,115221102C014LJTS0,11R22.5_JTHSD_DOT_14PR_L_TL,,1,,,
957,C11R225JWJTHSDGR01,115221102C016LJTS0,11R22.5_JTHSD_DOT_14PR_L_TL,,1,,,
958,C21555R17UXRTLGC05,1325221317094VURL0,215/55R17_UX ROYALE_94V TL for KIA AY 17,,1,,,
959,C21555R17UXRTLGC06,1325221317094VURL0,215/55R17_UX ROYALE_94V TL for KIA AY 17,,1,,,
960,C0019565R15UXRGC03,1325219515091HURL3,195/65R15_UX ROYALE_91 H TL_FOR KIA AY 1,,1,,,
961,C0019565R15UXRGC04,1325219515091HURL3,195/65R15_UX ROYALE_91 H TL_FOR KIA AY 1,,1,,,
962,C0019565R15UXRGC05,1325219515091HURL3,195/65R15_UX ROYALE_91 H TL_FOR KIA AY 1,,1,,,
963,C0019565R15UXRGC06,1325219515091HURL3,195/65R15_UX ROYALE_91 H TL_FOR KIA AY 1,,1,,,
964,C0019565R15UXRGC07,1325219515091HURL3,195/65R15_UX ROYALE_91 H TL_FOR KIA AY 1,,1,,,
965,C0019565R15UXRGC08,1325219515091HURL3,195/65R15_UX ROYALE_91 H TL_FOR KIA AY 1,,1,,,
966,C0019565R15UXRGC09,1325219515091HURL3,195/65R15_UX ROYALE_91 H TL_FOR KIA AY 1,,1,,,
967,C0019565R15UXRGC10,1325219515091HURL3,195/65R15_UX ROYALE_91 H TL_FOR KIA AY 1,,1,,,
968,C2375R15RANMTGR02,1325223715104QRMT0,LT 235/75R15_RANGER M/T _104/101 Q TL,,1,,,
969,C23575R15RANMTGR01,1325223715104QRMT0,LT 235/75R15_RANGER M/T _104/101 Q TL,,1,,,
970,C23585R16RMTTLGC01,1325223916120NRMT0,LT 235/85R16_RANGER M/T _120/116 N TL,,1,,,
971,C23585R16RMTTLGC02,1325223916120NRMT0,LT 235/85R16_RANGER M/T _120/116 N TL,,1,,,
972,C2457516RHTTLHM01,1325224716120NRMT0,LT245/75R16_RANGER M/T_120/116 N_RWL,,1,,,
973,C2457516RHTTLHM02,1325224716120NRMT0,LT245/75R16_RANGER M/T_120/116 N_RWL,,1,,,
974,C29580R225J210GC09,112222982C016MJXM0,295/80R22.5_JUM XM_16PR_152/148_M_TL,,1,,,
974,C29580R225J210GC09,115222982C154MJXM0,295/80R22.5_JUM XM_16PR_152/148_M_TL,,1,,,
974,C29580R225J210GC09,112222982C152MJXM0,295/80R22.5_JUM XM_16PR_152/148_M_TL,,1,,,
975,C29580R225J210GC10,112222982C016MJXM0,295/80R22.5_JUM XM_16PR_152/148_M_TL,,1,,,
975,C29580R225J210GC10,115222982C154MJXM0,295/80R22.5_JUM XM_16PR_152/148_M_TL,,1,,,
975,C29580R225J210GC10,112222982C152MJXM0,295/80R22.5_JUM XM_16PR_152/148_M_TL,,1,,,
976,C29580R225J210GC11,112222982C016MJXM0,295/80R22.5_JUM XM_16PR_152/148_M_TL,,1,,,
976,C29580R225J210GC11,115222982C154MJXM0,295/80R22.5_JUM XM_16PR_152/148_M_TL,,1,,,
976,C29580R225J210GC11,112222982C152MJXM0,295/80R22.5_JUM XM_16PR_152/148_M_TL,,1,,,
977,C29580R225J210GC12,112222982C016MJXM0,295/80R22.5_JUM XM_16PR_152/148_M_TL,,1,,,
977,C29580R225J210GC12,115222982C154MJXM0,295/80R22.5_JUM XM_16PR_152/148_M_TL,,1,,,
977,C29580R225J210GC12,112222982C152MJXM0,295/80R22.5_JUM XM_16PR_152/148_M_TL,,1,,,
978,C29580R225J210GC13,112222982C016MJXM0,295/80R22.5_JUM XM_16PR_152/148_M_TL,,1,,,
978,C29580R225J210GC13,115222982C154MJXM0,295/80R22.5_JUM XM_16PR_152/148_M_TL,,1,,,
978,C29580R225J210GC13,112222982C152MJXM0,295/80R22.5_JUM XM_16PR_152/148_M_TL,,1,,,
979,C29580R225J210GC14,112222982C016MJXM0,295/80R22.5_JUM XM_16PR_152/148_M_TL,,1,,,
979,C29580R225J210GC14,115222982C154MJXM0,295/80R22.5_JUM XM_16PR_152/148_M_TL,,1,,,
979,C29580R225J210GC14,112222982C152MJXM0,295/80R22.5_JUM XM_16PR_152/148_M_TL,,1,,,
980,C29580R225J210HM01,112222982C016MJXM0,295/80R22.5_JUM XM_16PR_152/148_M_TL,,1,,,
980,C29580R225J210HM01,115222982C154MJXM0,295/80R22.5_JUM XM_16PR_152/148_M_TL,,1,,,
980,C29580R225J210HM01,112222982C152MJXM0,295/80R22.5_JUM XM_16PR_152/148_M_TL,,1,,,
981,C29580R225J210HM02,112222982C016MJXM0,295/80R22.5_JUM XM_16PR_152/148_M_TL,,1,,,
981,C29580R225J210HM02,115222982C154MJXM0,295/80R22.5_JUM XM_16PR_152/148_M_TL,,1,,,
981,C29580R225J210HM02,112222982C152MJXM0,295/80R22.5_JUM XM_16PR_152/148_M_TL,,1,,,
982,C195R15CXPC1THMI01,1225219Z15008SXC11,195R15 Ultima XPC1_8PR_S_TL,,1,,,
982,C195R15CXPC1THMI01,1225119Z15008SXC10,195R15 Ultima XPC1_8PR_S_TL,,1,,,
983,C195R15CXPC1THMI02,1225219Z15008SXC11,195R15 Ultima XPC1_8PR_S_TL,,1,,,
983,C195R15CXPC1THMI02,1225119Z15008SXC10,195R15 Ultima XPC1_8PR_S_TL,,1,,,
984,C195R15CXPC1THMI03,1225219Z15008SXC11,195R15 Ultima XPC1_8PR_S_TL,,1,,,
984,C195R15CXPC1THMI03,1225119Z15008SXC10,195R15 Ultima XPC1_8PR_S_TL,,1,,,
985,C195R15CXPC1THMI04,1225219Z15008SXC11,195R15 Ultima XPC1_8PR_S_TL,,1,,,
985,C195R15CXPC1THMI04,1225119Z15008SXC10,195R15 Ultima XPC1_8PR_S_TL,,1,,,
986,C195R15XPC1TLCGC04,1225219Z15008SXC11,195R15 Ultima XPC1_8PR_S_TL,,1,,,
986,C195R15XPC1TLCGC04,1225119Z15008SXC10,195R15 Ultima XPC1_8PR_S_TL,,1,,,
987,C19560R16RHPEHMI05,1325219416089VRHE0,195/60R16_RANGER HP E_89V TL,,1,,,
988,C19560R16RHPEHMI06,1325219416089VRHE0,195/60R16_RANGER HP E_89V TL,,1,,,
989,C19560R16RHPEHMI07,1325219416089VRHE0,195/60R16_RANGER HP E_89V TL,,1,,,
990,C19560R16RHPEHMI08,1325219416089VRHE0,195/60R16_RANGER HP E_89V TL,,1,,,
991,C18570R14VECTLMK01,1325218614088TVECE,185/70R14_ VECTRA _88 T TL_BRAZIL EXPORT,,1,,,
992,C18570R14VECTLMK03,1325218614088TVECE,185/70R14_ VECTRA _88 T TL_BRAZIL EXPORT,,1,,,
993,R000825R20JDH3GC01,1121182020016KDH30,8.25R20_JDH3_16PR_K_TT,,1,,,
993,R000825R20JDH3GC01,1121182020014KDH30,8.25R20_JDH3_16PR_K_TT,,1,,,
994,R000825R20JDH3GC02,1121182020016KDH30,8.25R20_JDH3_16PR_K_TT,,1,,,
994,R000825R20JDH3GC02,1121182020014KDH30,8.25R20_JDH3_16PR_K_TT,,1,,,
995,C22555R16LEVTLHM01,132522251699YLEV0,225/55R16_LEVITAS_99 Y TL,,1,,,
995,C22555R16LEVTLHM01,1325222316099YLEVY,225/55R16_LEVITAS_99 Y TL,,1,,,
996,C22555R16LEVTLHM02,132522251699YLEV0,225/55R16_LEVITAS_99 Y TL,,1,,,
996,C22555R16LEVTLHM02,1325222316099YLEVY,225/55R16_LEVITAS_99 Y TL,,1,,,
997,C00155R12XPCHM01,1225215Z12008RXC10,155 R12C _ULTIMA XPC1_8 PR_88/86 R TL,,1,,,
998,C00155R12XPCHM02,1225215Z12008RXC10,155 R12C _ULTIMA XPC1_8 PR_88/86 R TL,,1,,,
999,C29580R225J210HM02,115222982C016MJXM0,295/80R22.5_JUL XM_DOT_16PR_M_TL,,1,,,
1000,C009R20JSJDE16GC05,1121190020016KDEP0,9.00R20_JDE++_16PR_142/140_K_TT,,1,,,
1001,C11R20JWJUH516GC03,1122111020016KUH50,11.00R20_JUH5_16PR_150/147_K_TT,,1,,,
1002,C11R20JWJUH516GC04,1122111020016KUH50,11.00R20_JUH5_16PR_150/147_K_TT,,1,,,
1003,C11R20JWJUH516GC05,1122111020016KUH50,11.00R20_JUH5_16PR_150/147_K_TT,,1,,,
1004,C11R20JWJUH516GC06,1122111020016KUH50,11.00R20_JUH5_16PR_150/147_K_TT,,1,,,
1005,C11R20JWJUH516GC07,1122111020016KUH50,11.00R20_JUH5_16PR_150/147_K_TT,,1,,,
1006,C11R20JWJUH516GC08,1122111020016KUH50,11.00R20_JUH5_16PR_150/147_K_TT,,1,,,
1007,C24575R16SUPTLHM01,1325224716111SELS0,245/75 R 16_ELANZO SUPRA_111_S_TL,,1,,,
1007,C24575R16SUPTLHM01,1325224716111SELSE,245/75 R 16_ELANZO SUPRA_111_S_TL,,1,,,
1008,C24575R16SUPTLHM02,1325224716111SELS0,245/75 R 16_ELANZO SUPRA_111_S_TL,,1,,,
1008,C24575R16SUPTLHM02,1325224716111SELSE,245/75 R 16_ELANZO SUPRA_111_S_TL,,1,,,
1009,C09R20JWJUH516GC05,1122190020016KUH50,9.00R20_JUH5_16PR_K_TT,,1,,,
1009,C09R20JWJUH516GC05,1122190020014KUH50,9.00R20_JUH5_16PR_K_TT,,1,,,
1010,C22560R16UXR00HB01,1325222416098VURL0,225/60R16_UX ROYALE_98 V TL,,1,,,
1011,B1757014VECTRANS06,1325217614084TVECE,175/70R14_VECTRA_84 T TL_BRAZIL EXPORT,,1,,,
1012,B1856514ULTSPRGC01,1325218514086HUSPE,185/65R14_ULTIMA SPORT_86 H TL_BRAZIL EX,,1,,,
1013,B1856514ULTSPRGC02,1325218514086HUSPE,185/65R14_ULTIMA SPORT_86 H TL_BRAZIL EX,,1,,,
1014,C09R20JWJUH516GC02,1121190020016KDEP0,9.00R20_JDE++_16PR_142/140_K_TT,,1,,,
1015,R0000010R20CUXYE01,1152110020016KCUXC,10.00R20_CUX_DOT_16PR_K_TT,,1,,,
1016,C09R20JWJUH516GC03,1121190020016KDEP0,9.00R20_JDE++_16PR_142/140_K_TT,,1,,,
1017,R000825R20JUH3GC03,1122182020016KH3P0,8.25R20_JUH3+_16PR_K_TT,,1,,,
1017,R000825R20JUH3GC03,1122182020014KH3P0,8.25R20_JUH3+_16PR_K_TT,,1,,,
1018,R000825R20JUH3GC01,1122182020016KH3P0,8.25R20_JUH3+_16PR_K_TT,,1,,,
1018,R000825R20JUH3GC01,1122182020014KH3P0,8.25R20_JUH3+_16PR_K_TT,,1,,,
1019,C09R20JWJUH516GC04,1121190020016KDEP0,9.00R20_JDE++_16PR_142/140_K_TT,,1,,,
1020,C009R20JSJDE16GC11,1121190020016KDEP0,9.00R20_JDE++_16PR_142/140_K_TT,,1,,,
1021,C009R20JSJDE16GC12,1121190020016KDEP0,9.00R20_JDE++_16PR_142/140_K_TT,,1,,,
1022,B145R12ULTIXPCGC11,1D25114012008QXPC0,145R12_ULTIMA XPC_8PR_Q_TT,,1,,,
1022,B145R12ULTIXPCGC11,1D25214012008QXPC0,145R12_ULTIMA XPC_8PR_Q_TT,,1,,,
1022,B145R12ULTIXPCGC11,1D25214012008QXPCT,145R12_ULTIMA XPC_8PR_Q_TT,,1,,,
1022,B145R12ULTIXPCGC11,1D25214012008QXPCM,145R12_ULTIMA XPC_8PR_Q_TT,,1,,,
1023,B145R12ULTIXPCGC12,1D25114012008QXPC0,145R12_ULTIMA XPC_8PR_Q_TT,,1,,,
1023,B145R12ULTIXPCGC12,1D25214012008QXPC0,145R12_ULTIMA XPC_8PR_Q_TT,,1,,,
1023,B145R12ULTIXPCGC12,1D25214012008QXPCT,145R12_ULTIMA XPC_8PR_Q_TT,,1,,,
1023,B145R12ULTIXPCGC12,1D25214012008QXPCM,145R12_ULTIMA XPC_8PR_Q_TT,,1,,,
1024,B145R12ULTIXPCGC13,1D25114012008QXPC0,145R12_ULTIMA XPC_8PR_Q_TT,,1,,,
1024,B145R12ULTIXPCGC13,1D25214012008QXPC0,145R12_ULTIMA XPC_8PR_Q_TT,,1,,,
1024,B145R12ULTIXPCGC13,1D25214012008QXPCT,145R12_ULTIMA XPC_8PR_Q_TT,,1,,,
1024,B145R12ULTIXPCGC13,1D25214012008QXPCM,145R12_ULTIMA XPC_8PR_Q_TT,,1,,,
1025,B145R12ULTIXPCGC14,1D25114012008QXPC0,145R12_ULTIMA XPC_8PR_Q_TT,,1,,,
1025,B145R12ULTIXPCGC14,1D25214012008QXPC0,145R12_ULTIMA XPC_8PR_Q_TT,,1,,,
1025,B145R12ULTIXPCGC14,1D25214012008QXPCT,145R12_ULTIMA XPC_8PR_Q_TT,,1,,,
1025,B145R12ULTIXPCGC14,1D25214012008QXPCM,145R12_ULTIMA XPC_8PR_Q_TT,,1,,,
1026,R0000010R20CUXYE02,1152110020016KCUXC,10.00R20_CUX_DOT_16PR_K_TT,,1,,,
1027,C09R20JWJUH516GC06,1122190020016KUH50,9.00R20_JUH5_16PR_K_TT,,1,,,
1027,C09R20JWJUH516GC06,1122190020014KUH50,9.00R20_JUH5_16PR_K_TT,,1,,,
1028,C33580R20JWJUZHM01,1121233820012KUZP0,335/80R20_MPT_JW_JUZ+_141_12PR_K_TL,,1,,,
1029,C21560R17RAHPEHM01,1325221417096HRHE0,215/60R17_RANGER HPe _96H TL_For OEM,,1,,,
1030,C21560R17RAHPEHM02,1325221417096HRHE0,215/60R17_RANGER HPe _96H TL_For OEM,,1,,,
1031,C15580R13TLGC01,1325215813079TUNE5,155/80R13_ULTIMA NEO_79T TL_TML LRR,,1,,,
1032,C29575225JUH1GR01,115222972C014MUH1V,295/75R22.5_VUH1_DOT_14PR_M_TL,,1,,,
1033,C29575225JUH1GR02,115222972C014MUH1V,295/75R22.5_VUH1_DOT_14PR_M_TL,,1,,,
1034,R0000011R225JDHH01,115121102C016LJDH0,11R22.5_JDH_DOT_16PR_L_TL,,1,,,
1034,R0000011R225JDHH01,112121102C016LJDH0,11R22.5_JDH_DOT_16PR_L_TL,,1,,,
1035,B1856514ULTSPRGC03,1325218514086HUSPE,185/65R14_ULTIMA SPORT_86 H TL_BRAZIL EX,,1,,,
1036,B1856514ULTSPRGC04,1325218514086HUSPE,185/65R14_ULTIMA SPORT_86 H TL_BRAZIL EX,,1,,,
1037,C21575R15RATTLGC03,1325221715100SRAT0,215/75 R 15_RANGER A/T_100_S_TL,,1,,,
1037,C21575R15RATTLGC03,1325221715100SRAT1,215/75 R 15_RANGER A/T_100_S_TL,,1,,,
1038,C21575R15RATTLGC04,1325221715100SRAT0,215/75 R 15_RANGER A/T_100_S_TL,,1,,,
1038,C21575R15RATTLGC04,1325221715100SRAT1,215/75 R 15_RANGER A/T_100_S_TL,,1,,,
1039,C11R225PYPS301HM02,115221102C016L301P,11R22.5_PEARLY_PS301_DOT_16PR_L_TL,,1,,,
1040,C750R20JWJUH5HM01,1122175020014KUH50,7.50R20_JUH5_14PR_K_TT,,1,,,
1041,C750R20JWJUH5HM02,1122175020014KUH50,7.50R20_JUH5_14PR_K_TT,,1,,,
1042,R29580R225JUL3GC01,112222982C016MUL30,295/80R22.5_JUL3_16PR_M_TL,,1,,,
1043,R29580R225JUL3GC02,112222982C016MUL30,295/80R22.5_JUL3_16PR_M_TL,,1,,,
1044,C11R225JSJDH5HM01,115121102C016LH5P0,11R22.5_JDH5+_DOT_16PR_L_TL,,1,,,
1044,C11R225JSJDH5HM01,115121102C016LV5P0,11R22.5_JDH5+_DOT_16PR_L_TL,,1,,,
1044,C11R225JSJDH5HM01,112121102C016LH5P0,11R22.5_JDH5+_DOT_16PR_L_TL,,1,,,
1045,C11R225JSJDH5HM02,115121102C016LH5P0,11R22.5_JDH5+_DOT_16PR_L_TL,,1,,,
1045,C11R225JSJDH5HM02,115121102C016LV5P0,11R22.5_JDH5+_DOT_16PR_L_TL,,1,,,
1045,C11R225JSJDH5HM02,112121102C016LH5P0,11R22.5_JDH5+_DOT_16PR_L_TL,,1,,,
1046,C29575R225JUL3HM01,115222972C016LUL30,295/75R22.5_JUL3_DOT_16PR_L_TL,,1,,,
1046,C29575R225JUL3HM01,115222972C014MUL30,295/75R22.5_JUL3_DOT_16PR_L_TL,,1,,,
1047,C29575R225JUL3HM02,115222972C016LUL30,295/75R22.5_JUL3_DOT_16PR_L_TL,,1,,,
1047,C29575R225JUL3HM02,115222972C014MUL30,295/75R22.5_JUL3_DOT_16PR_L_TL,,1,,,
1048,C10R20JSJDH316HM01,1121110020016KH3P0,10.00R20_JDH3++_16PR_K_TT,,1,,,
1049,C10R20JSJDH316HM02,1121110020016KH3P0,10.00R20_JDH3++_16PR_K_TT,,1,,,
1050,C10R20JSJDH316GC01,1121110020016KH3P0,10.00R20_JDH3++_16PR_K_TT,,1,,,
1051,C10R20JSJDH316GC02,1121110020016KH3P0,10.00R20_JDH3++_16PR_K_TT,,1,,,
1052,C10R20JSJDH316GC03,1121110020016KH3P0,10.00R20_JDH3++_16PR_K_TT,,1,,,
1053,C10R20JSJDH316GC04,1121110020016KH3P0,10.00R20_JDH3++_16PR_K_TT,,1,,,
1054,C10R20JSJDH316GC05,1121110020016KH3P0,10.00R20_JDH3++_16PR_K_TT,,1,,,
1055,C10R20JSJDH316GC06,1121110020016KH3P0,10.00R20_JDH3++_16PR_K_TT,,1,,,
1056,C10R20JSJDH316GC26,1121110020016KH3P0,10.00R20_JDH3++_16PR_K_TT,,1,,,
1057,C10R20JSJDH316GC27,1121110020016KH3P0,10.00R20_JDH3++_16PR_K_TT,,1,,,
1058,C10R20JSJDH316GC28,1121110020016KH3P0,10.00R20_JDH3++_16PR_K_TT,,1,,,
1059,C10R20JSJDH316GC29,1121110020016KH3P0,10.00R20_JDH3++_16PR_K_TT,,1,,,
1060,C10R20JSJDH316GC30,1121110020016KH3P0,10.00R20_JDH3++_16PR_K_TT,,1,,,
1061,C10R20JSJDH316GC31,1121110020016KH3P0,10.00R20_JDH3++_16PR_K_TT,,1,,,
1062,C10R20JSJDH316GC32,1121110020016KH3P0,10.00R20_JDH3++_16PR_K_TT,,1,,,
1063,C10R20JSJDH316GC33,1121110020016KH3P0,10.00R20_JDH3++_16PR_K_TT,,1,,,
1064,C10R20JSJDH316GC34,1121110020016KH3P0,10.00R20_JDH3++_16PR_K_TT,,1,,,
1065,C10R20JSJDH316GC35,1121110020016KH3P0,10.00R20_JDH3++_16PR_K_TT,,1,,,
1066,C10R20JSJDH316GC36,1121110020016KH3P0,10.00R20_JDH3++_16PR_K_TT,,1,,,
1067,C10R20JSJDH316GC37,1121110020016KH3P0,10.00R20_JDH3++_16PR_K_TT,,1,,,
1068,C29580R225JDLHM13,112122982C016MJDL0,295/80R22.5_JDL_16PR_M_TL,,1,,,
1069,C29580R225JDLHM14,112122982C016MJDL0,295/80R22.5_JDL_16PR_M_TL,,1,,,
1070,C9R20JWJUH316GC11,1122190020014KJH30,9.00R20_JUH3_14PR_K_TT,,1,,,
1070,C9R20JWJUH316GC11,1122190020016KJH30,9.00R20_JUH3_14PR_K_TT,,1,,,
1070,C9R20JWJUH316GC11,1152190020016KVH30,9.00R20_JUH3_14PR_K_TT,,1,,,
1071,C9R20JWJUH316GC12,1122190020014KJH30,9.00R20_JUH3_14PR_K_TT,,1,,,
1071,C9R20JWJUH316GC12,1122190020016KJH30,9.00R20_JUH3_14PR_K_TT,,1,,,
1071,C9R20JWJUH316GC12,1152190020016KVH30,9.00R20_JUH3_14PR_K_TT,,1,,,
1072,C10R20JSJDC316HM07,1121110020016KDC30,10.00R20_JDC3_16PR_K_TT,,1,,,
1073,C29580R225JDC3HM01,115122982C016KDC30,295/80R22.5_JDC3_DOT_152/148K_16PR_TL,,1,,,
1073,C29580R225JDC3HM01,115122982C016KDC3V,295/80R22.5_JDC3_DOT_152/148K_16PR_TL,,1,,,
1074,C22560R18UX1HMI01,1325222418104HUX10,225/60R18_UX1_104H TL,,1,,,
1075,C29575RJTLSDTLGR01,115222972C014MTLSV,295/75R22.5_VTLSD_DOT_14PR_M_TL,,1,,,
1076,C9R20JSJDH16HM03,1121190020016KJDH0,9.00R20_JDH_16PR_K_TT,,1,,,
1077,C9R20JSJDH16HM04,1121190020016KJDH0,9.00R20_JDH_16PR_K_TT,,1,,,
1078,C22560R18UX1HMI02,1325222418104HUX10,225/60R18_UX1_104H TL,,1,,,
1079,R000825R20JDH3GC03,1121182020016KDH30,8.25R20_JDH3_16PR_K_TT,,1,,,
1079,R000825R20JDH3GC03,1121182020014KDH30,8.25R20_JDH3_16PR_K_TT,,1,,,
1080,R000825R20JDH3GC04,1121182020016KDH30,8.25R20_JDH3_16PR_K_TT,,1,,,
1080,R000825R20JDH3GC04,1121182020014KDH30,8.25R20_JDH3_16PR_K_TT,,1,,,
1081,C23575R15RHTTLHM03,1325223715105TRHT0,235/75R15 105T RANGER H/T TL,,1,,,
1081,C23575R15RHTTLHM03,1325223715105TBHT0,235/75R15 105T RANGER H/T TL,,1,,,
1082,C26570R17RHTTLHM01,1325226617115TRHT0,265/70R17_RANGER HT_115 T TL,,1,,,
1082,C26570R17RHTTLHM01,1325226617121LRMTZ,265/70R17_RANGER HT_115 T TL,,1,,,
1083,R000825R20JUH3GR02,1122182020016KH3P0,8.25R20_JUH3+_16PR_K_TT,,1,,,
1083,R000825R20JUH3GR02,1122182020014KH3P0,8.25R20_JUH3+_16PR_K_TT,,1,,,
1083,R000825R20JUH3GR02,1152182020016KH3PV,8.25R20_JUH3+_16PR_K_TT,,1,,,
1084,R000825R20JUH3GC02,1122182020016KH3P0,8.25R20_JUH3+_16PR_K_TT,,1,,,
1084,R000825R20JUH3GC02,1122182020014KH3P0,8.25R20_JUH3+_16PR_K_TT,,1,,,
1084,R000825R20JUH3GC02,1152182020016KH3PV,8.25R20_JUH3+_16PR_K_TT,,1,,,
1085,C26570R17RHTTLHM02,1325226617115TRHT0,265/70R17_RANGER HT_115 T TL,,1,,,
1086,C24545R17UHPTLHM01,1325224117099WLEVY,245/45 R17_LEVITAS ULTRA_99W  TL,,1,,,
1086,C24545R17UHPTLHM01,1325224117099WLEV0,245/45 R17_LEVITAS ULTRA_99W  TL,,1,,,
1087,C15580R13NEO000025,1325215813079TUNE3,155/80R13 Ultima Neo 79T MSIL YL7 BSVI T,,1,,,
1088,C15580R13NEO000026,1325215813079TUNE3,155/80R13 Ultima Neo 79T MSIL YL7 BSVI T,,1,,,
1089,C24545R18UX1TY02,1325224118100WUX10,245/45R18_UX1_100W TL,,1,,,
1090,C16565R14TAXIMHM03,1325216514079TTMX0,165/65 R14_TAXIMAX_79 T TL,,1,,,
1091,C16565R14TAXIMHM04,1325216514079TTMX0,165/65 R14_TAXIMAX_79 T TL,,1,,,
1092,C16565R14TAXIMHM05,1325216514079TTMX0,165/65 R14_TAXIMAX_79 T TL,,1,,,
1093,C16565R14TAXIMHM06,1325216514079TTMX0,165/65 R14_TAXIMAX_79 T TL,,1,,,
1094,C18570R14TAXIMHM03,1325218614088TTMX0,185/70 R14_TAXIMAX_88 T TL,,1,,,
1095,C18570R14TAXIMHM04,1325218614088TTMX0,185/70 R14_TAXIMAX_88 T TL,,1,,,
1096,C23575R15RHTTLHM04,1325223715105TRHT0,235/75R15 105T RANGER H/T TL,,1,,,
1096,C23575R15RHTTLHM04,1325223715105TBHT0,235/75R15 105T RANGER H/T TL,,1,,,
1097,C10R20CHCDH16CHM01,1121110020016KCDH0,10.00R20_CDH_16PR_K_TT,,1,,,
1098,C10R20CHACDH16HM09,1121110020016KCDH0,10.00R20_CDH_16PR_K_TT,,1,,,
1099,C10R20CHACDH16HM04,1121110020016KCDH0,10.00R20_CDH_16PR_K_TT,,1,,,
1100,C10R20CHACDH16HM05,1121110020016KCDH0,10.00R20_CDH_16PR_K_TT,,1,,,
1101,C10R20CHACDH16HM08,1121110020016KCDH0,10.00R20_CDH_16PR_K_TT,,1,,,
1102,C10R20CHACDH16HM11,1121110020016KCDH0,10.00R20_CDH_16PR_K_TT,,1,,,
1103,C29575RJTHSD16GR07,115222972C014LJTS0,295/75R22.5_JTHSD_DOT_14PR_L_TL,,1,,,
1103,C29575RJTHSD16GR07,115222972C016LJTS0,295/75R22.5_JTHSD_DOT_14PR_L_TL,,1,,,
1104,C29575RJTHSD16GR08,115222972C014LJTS0,295/75R22.5_JTHSD_DOT_14PR_L_TL,,1,,,
1104,C29575RJTHSD16GR08,115222972C016LJTS0,295/75R22.5_JTHSD_DOT_14PR_L_TL,,1,,,
1105,C29575RJTHSD16GR09,115222972C014LJTS0,295/75R22.5_JTHSD_DOT_14PR_L_TL,,1,,,
1105,C29575RJTHSD16GR09,115222972C016LJTS0,295/75R22.5_JTHSD_DOT_14PR_L_TL,,1,,,
1106,C29575RJTHSD16GR10,115222972C014LJTS0,295/75R22.5_JTHSD_DOT_14PR_L_TL,,1,,,
1106,C29575RJTHSD16GR10,115222972C016LJTS0,295/75R22.5_JTHSD_DOT_14PR_L_TL,,1,,,
1107,C0825R20JUH500GC07,1122182020016KUH50,8.25R20_JUH5_16PR_K_TT,,1,,,
1108,C0825R20JUH500GC08,1122182020016KUH50,8.25R20_JUH5_16PR_K_TT,,1,,,
1109,C0825R20JUH500GC09,1122182020016KUH50,8.25R20_JUH5_16PR_K_TT,,1,,,
1110,C0825R20JUH500GC10,1122182020016KUH50,8.25R20_JUH5_16PR_K_TT,,1,,,
1111,C10R20JWJUC216GR01,1123110020016KJC20,10.00R20_JUC2_16PR_K_TT-OBSLETE,,1,,,
1112,C0011R225JTLSDGR01,115221102C016LTLSV,11R22.5_VTLSD_DOT_16PR_L_TL,,1,,,
1113,C0825R20JDE000GC11,1121182020016KDEP0,8.25R20_JDE++_16PR_K_TT,,1,,,
1114,C0825R20JDE000GC12,1121182020016KDEP0,8.25R20_JDE++_16PR_K_TT,,1,,,
1115,C0825R20JDE000GC13,1121182020016KDEP0,8.25R20_JDE++_16PR_K_TT,,1,,,
1116,C0825R20JDE000GC14,1121182020016KDEP0,8.25R20_JDE++_16PR_K_TT,,1,,,
1117,C10R20JS12116HM01,1121129A20152J1211,295/90R20_JS 121_152/148_J_TT,,1,,,
1118,C10R20JS12116HM02,1121129A20152J1211,295/90R20_JS 121_152/148_J_TT,,1,,,
1119,C10R20JW21416HM01,1122129A20152J2141,295/90R20_JW 214_152/148_J_TT,,1,,,
1120,C10R20JS12216GC01,1121110020016K1221,10.00R20_122_16PR_K_TT,,1,,,
1121,C10R20JS12216GC02,1121110020016K1221,10.00R20_122_16PR_K_TT,,1,,,
1122,C1955R16UXRTLHM01,1325219316087VURL0,195/55 R16_UX ROYALE_87_V_TL,,1,,,
1123,C1955R16UXRTLHM02,1325219316087VURL0,195/55 R16_UX ROYALE_87_V_TL,,1,,,
1124,C21550R17UX1HM01,1325221217095VUX10,215/50R17 _UX1_95 V TL,,1,,,
1125,C21550R17UX1HM02,1325221217095VUX10,215/50R17 _UX1_95 V TL,,1,,,
1126,C21565R16UXR00HM01,1325221516098HURL0,215/65R16_UX ROYALE_98 H TL,,1,,,
1127,C21565R16UXR00HM02,1325221516098HURL0,215/65R16_UX ROYALE_98 H TL,,1,,,
1128,C24545R18UX1TY01,1325224118100WUX10,245/45R18_UX1_100W TL,,1,,,
1129,R000011R225JUCGC01,112321102C016LJUC0,11R22.5_JUC_16PR_L_TL,,1,,,
1130,R000011R225JUCGC02,112321102C016LJUC0,11R22.5_JUC_16PR_L_TL,,1,,,
1131,R31580R225JUC3HM01,112323182C018MJC30,315/80R22.5_JUC3_18PR_M_TL,,1,,,
1132,R31580R225JUC3HM04,112323182C018MJC30,315/80R22.5_JUC3_18PR_M_TL,,1,,,
1133,R31580R225JUL1GR01,112223182C018MJL10,315/80R22.5_JUL1_18PR_M_TL,,1,,,
1134,C23565R16UXROYGR01,1325223516103TURL0,235/65R16_UX ROYALE_103 T TL,,1,,,
1135,C23565R16UXROYGR02,1325223516103TURL0,235/65R16_UX ROYALE_103 T TL,,1,,,
1136,C29575RPYPD301HM01,115122972C016L301P,295/75R22.5_PEARLY_PD301_DOT_16PR_L_TL,,1,,,
1137,C29575RPYPD301HM02,115122972C016L301P,295/75R22.5_PEARLY_PD301_DOT_16PR_L_TL,,1,,,
1138,C29575RPYPD301HM03,115122972C016L301P,295/75R22.5_PEARLY_PD301_DOT_16PR_L_TL,,1,,,
1139,C29575RPYPD301HM04,115122972C016L301P,295/75R22.5_PEARLY_PD301_DOT_16PR_L_TL,,1,,,
1140,C29575RPYPD301HM05,115122972C016L301P,295/75R22.5_PEARLY_PD301_DOT_16PR_L_TL,,1,,,
1141,C29575RPYPD301HM06,115122972C016L301P,295/75R22.5_PEARLY_PD301_DOT_16PR_L_TL,,1,,,
1142,C29575RPYPS301HM01,115222972C016L301P,295/75R22.5_PEARLY_PS301_DOT_16PR_L_TL,,1,,,
1143,C29575RPYPS301HM02,115222972C016L301P,295/75R22.5_PEARLY_PS301_DOT_16PR_L_TL,,1,,,
1144,C29575RPYPS301HM03,115222972C016L301P,295/75R22.5_PEARLY_PS301_DOT_16PR_L_TL,,1,,,
1145,C29575RPYPS301HM04,115222972C016L301P,295/75R22.5_PEARLY_PS301_DOT_16PR_L_TL,,1,,,
1146,C38565225JUCXDHM03,115323852C020KUCD0,385/65R22.5_JUC-XD_20PR_164K_TL,,1,,,
1147,C38565225JUCXDHM04,115323852C020KUCD0,385/65R22.5_JUC-XD_20PR_164K_TL,,1,,,
1148,C185R14LTXPCTLGC05,1D25218014010RXPCT,185R14_ULTIMA XPC_10PR_R_TL,,1,,,
1148,C185R14LTXPCTLGC05,1D25118014010RXPC0,185R14_ULTIMA XPC_10PR_R_TL,,1,,,
1149,C185R14LTXPCTLHM04,1D25218014010RXPCT,185R14_ULTIMA XPC_10PR_R_TL,,1,,,
1149,C185R14LTXPCTLHM04,1D25118014010RXPC0,185R14_ULTIMA XPC_10PR_R_TL,,1,,,
1150,C185R14LTXPCTLHM05,1D25218014010RXPCT,185R14_ULTIMA XPC_10PR_R_TL,,1,,,
1150,C185R14LTXPCTLHM05,1D25118014010RXPC0,185R14_ULTIMA XPC_10PR_R_TL,,1,,,
1151,C185R14LTXPCTLHM06,1D25218014010RXPCT,185R14_ULTIMA XPC_10PR_R_TL,,1,,,
1151,C185R14LTXPCTLHM06,1D25118014010RXPC0,185R14_ULTIMA XPC_10PR_R_TL,,1,,,
1152,C185R14LTXPCTLHM07,1D25218014010RXPCT,185R14_ULTIMA XPC_10PR_R_TL,,1,,,
1152,C185R14LTXPCTLHM07,1D25118014010RXPC0,185R14_ULTIMA XPC_10PR_R_TL,,1,,,
1153,C185R14LTXPCTLHM08,1D25218014010RXPCT,185R14_ULTIMA XPC_10PR_R_TL,,1,,,
1153,C185R14LTXPCTLHM08,1D25118014010RXPC0,185R14_ULTIMA XPC_10PR_R_TL,,1,,,
1154,C185R14LTXPCTLHM01,1D25218014010RXPCT,185R14_ULTIMA XPC_10PR_R_TL,,1,,,
1154,C185R14LTXPCTLHM01,1D25118014010RXPC0,185R14_ULTIMA XPC_10PR_R_TL,,1,,,
1155,C185R14LTXPCTLHM02,1D25218014010RXPCT,185R14_ULTIMA XPC_10PR_R_TL,,1,,,
1155,C185R14LTXPCTLHM02,1D25118014010RXPC0,185R14_ULTIMA XPC_10PR_R_TL,,1,,,
1156,C2457516RHTTLHM01,1325224716114QRMT0,LT245/75R16_RANGER M/T_114/111 Q 8PR TL,,1,,,
1157,C2457516RHTTLHM02,1325224716114QRMT0,LT245/75R16_RANGER M/T_114/111 Q 8PR TL,,1,,,
1158,C21555R17UXRTLHM01,1325221317094VURL0,215/55R17_UX ROYALE_94V TL for KIA AY 17,,1,,,
1159,C21555R17UXRTLHM02,1325221317094VURL0,215/55R17_UX ROYALE_94V TL for KIA AY 17,,1,,,
1160,C23560R18RANHTTY02,1325223418103VRHP0,235/60R18_RANGER HT _103V TL,,1,,,
1161,C23560R18RANHTTY01,1325223418103VRHP0,235/60R18_RANGER HT _103V TL,,1,,,
1162,C23560R18HPETLTY01,1325223418103HRHE0,235/60R18 RANGER HPE,,1,,,
1163,C23560R18HPETLTY02,1325223418103HRHE0,235/60R18 RANGER HPE,,1,,,
1164,C25565R18RAHT2HM01,1325225518111HRHB0,255/65R18_RANGER HT2_111H TL_M&M_W502,,1,,,
1165,C10R20JSJDC3TTHM02,1121129A20000JDC30,295/90R20_JDC3_152/148_J_TT,,1,,,
1166,C29575R225JUL3GR02,115222972C016LUL30,295/75R22.5_JUL3_DOT_16PR_L_TL,,1,,,
1166,C29575R225JUL3GR02,115222972C014MUL30,295/75R22.5_JUL3_DOT_16PR_L_TL,,1,,,
1167,C29575R225JUL3GR01,115222972C016LUL30,295/75R22.5_JUL3_DOT_16PR_L_TL,,1,,,
1167,C29575R225JUL3GR01,115222972C014MUL30,295/75R22.5_JUL3_DOT_16PR_L_TL,,1,,,
1168,C17565R15UXRTHMI07,1325217515084HURL2,175/65R15 UX Royale 84H_Hyundai_4Rib,,1,,,
1169,C17565R15UXRTHMI08,1325217515084HURL2,175/65R15 UX Royale 84H_Hyundai_4Rib,,1,,,
1170,C29560R225JDL3HM01,115122942C018LDL30,295/60R22.5_JDL3_DOT_18PR_L_TL,,1,,,
1171,C29560R225JDL3HM02,115122942C018LDL30,295/60R22.5_JDL3_DOT_18PR_L_TL,,1,,,
1172,C15580R13TLGC07,1325215813079TUNE5,155/80R13_ULTIMA NEO_79T TL_TML LRR,,1,,,
1173,C21560R16UXR0HM01,1325221416095HURL2,215/60R16_UX ROYALE_95 H TL_FOR KIA AY 1,,1,,,
1174,C21560R16UXR0HM02,1325221416095HURL2,215/60R16_UX ROYALE_95 H TL_FOR KIA AY 1,,1,,,
1175,C21555R17RHPETY02,1325221317094VRHE0,215/55R17_RANGER HP E_94V TL,,1,,,
1176,C21555R17RHPETY01,1325221317094VRHE0,215/55R17_RANGER HP E_94V TL,,1,,,
1177,C185R14LTXPCTLGC04,1D25218014010RXPCT,185R14_ULTIMA XPC_10PR_R_TL,,1,,,
1177,C185R14LTXPCTLGC04,1D25118014010RXPC0,185R14_ULTIMA XPC_10PR_R_TL,,1,,,
1178,C185R14LTXPCTLHM03,1D25218014010RXPCT,185R14_ULTIMA XPC_10PR_R_TL,,1,,,
1178,C185R14LTXPCTLHM03,1D25118014010RXPC0,185R14_ULTIMA XPC_10PR_R_TL,,1,,,
1179,C185R14LTXPCTLMK07,1D25218014010RXPCT,185R14_ULTIMA XPC_10PR_R_TL,,1,,,
1179,C185R14LTXPCTLMK07,1D25118014010RXPC0,185R14_ULTIMA XPC_10PR_R_TL,,1,,,
1180,C185R14LTXPCTLMK08,1D25218014010RXPCT,185R14_ULTIMA XPC_10PR_R_TL,,1,,,
1180,C185R14LTXPCTLMK08,1D25118014010RXPC0,185R14_ULTIMA XPC_10PR_R_TL,,1,,,
1181,C21555R17RHPETHM01,1325221317094VRHE1,215/55R17_RANGER HPE_94V TL_KIA AY EV,,1,,,
1181,C21555R17RHPETHM01,1325224117099WLEV0,215/55R17_RANGER HPE_94V TL_KIA AY EV,,1,,,
1182,C21555R17RHPEHMI02,1325221317094VRHE1,215/55R17_RANGER HPE_94V TL_KIA AY EV,,1,,,
1182,C21555R17RHPEHMI02,1325224117099WLEV0,215/55R17_RANGER HPE_94V TL_KIA AY EV,,1,,,
1183,C22560R16RHTTLTY01,1325222416098VURL0,225/60R16_UX ROYALE_98 V TL,,1,,,
1184,C22560R16RHTTLTY02,1325222416098VURL0,225/60R16_UX ROYALE_98 V TL,,1,,,
1185,C29580R225J210GC01,112222982C016MJXM0,295/80R22.5_JUM XM_16PR_152/148_M_TL,,1,,,
1185,C29580R225J210GC01,115222982C154MJXM0,295/80R22.5_JUM XM_16PR_152/148_M_TL,,1,,,
1185,C29580R225J210GC01,112222982C152MJXM0,295/80R22.5_JUM XM_16PR_152/148_M_TL,,1,,,
1186,C29580R225J210GC03,112222982C016MJXM0,295/80R22.5_JUM XM_16PR_152/148_M_TL,,1,,,
1186,C29580R225J210GC03,115222982C154MJXM0,295/80R22.5_JUM XM_16PR_152/148_M_TL,,1,,,
1186,C29580R225J210GC03,112222982C152MJXM0,295/80R22.5_JUM XM_16PR_152/148_M_TL,,1,,,
1187,C29580R225J210GC04,112222982C016MJXM0,295/80R22.5_JUM XM_16PR_152/148_M_TL,,1,,,
1187,C29580R225J210GC04,115222982C154MJXM0,295/80R22.5_JUM XM_16PR_152/148_M_TL,,1,,,
1187,C29580R225J210GC04,112222982C152MJXM0,295/80R22.5_JUM XM_16PR_152/148_M_TL,,1,,,
1188,C29580R225J210GC05,112222982C016MJXM0,295/80R22.5_JUM XM_16PR_152/148_M_TL,,1,,,
1188,C29580R225J210GC05,115222982C154MJXM0,295/80R22.5_JUM XM_16PR_152/148_M_TL,,1,,,
1188,C29580R225J210GC05,112222982C152MJXM0,295/80R22.5_JUM XM_16PR_152/148_M_TL,,1,,,
1189,C29580R225J210GC06,112222982C016MJXM0,295/80R22.5_JUM XM_16PR_152/148_M_TL,,1,,,
1189,C29580R225J210GC06,115222982C154MJXM0,295/80R22.5_JUM XM_16PR_152/148_M_TL,,1,,,
1189,C29580R225J210GC06,112222982C152MJXM0,295/80R22.5_JUM XM_16PR_152/148_M_TL,,1,,,
1190,C29580R225J210GC07,112222982C016MJXM0,295/80R22.5_JUM XM_16PR_152/148_M_TL,,1,,,
1190,C29580R225J210GC07,115222982C154MJXM0,295/80R22.5_JUM XM_16PR_152/148_M_TL,,1,,,
1190,C29580R225J210GC07,112222982C152MJXM0,295/80R22.5_JUM XM_16PR_152/148_M_TL,,1,,,
1191,C29580R225J210GC08,112222982C016MJXM0,295/80R22.5_JUM XM_16PR_152/148_M_TL,,1,,,
1191,C29580R225J210GC08,115222982C154MJXM0,295/80R22.5_JUM XM_16PR_152/148_M_TL,,1,,,
1191,C29580R225J210GC08,112222982C152MJXM0,295/80R22.5_JUM XM_16PR_152/148_M_TL,,1,,,
1192,C29580R225J210GC02,112222982C016MJXM0,295/80R22.5_JUM XM_16PR_152/148_M_TL,,1,,,
1192,C29580R225J210GC02,115222982C154MJXM0,295/80R22.5_JUM XM_16PR_152/148_M_TL,,1,,,
1192,C29580R225J210GC02,112222982C152MJXM0,295/80R22.5_JUM XM_16PR_152/148_M_TL,,1,,,
1193,C29580R225217GC01,112222982C152MUXE0,295/80R22.5_JW_JUXe_16PR_152/148_M_TL,,1,,,
1193,C29580R225217GC01,112222982C154MUXE0,295/80R22.5_JW_JUXe_16PR_152/148_M_TL,,1,,,
1193,C29580R225217GC01,112222982C016JUXE0,295/80R22.5_JW_JUXe_16PR_152/148_M_TL,,1,,,
1193,C29580R225217GC01,112222982C016J2171,295/80R22.5_JW_JUXe_16PR_152/148_M_TL,,1,,,
1194,C29580R225217HMI01,112222982C152MUXE0,295/80R22.5_JW_JUXe_16PR_152/148_M_TL,,1,,,
1194,C29580R225217HMI01,112222982C154MUXE0,295/80R22.5_JW_JUXe_16PR_152/148_M_TL,,1,,,
1194,C29580R225217HMI01,112222982C016JUXE0,295/80R22.5_JW_JUXe_16PR_152/148_M_TL,,1,,,
1194,C29580R225217HMI01,112222982C016J2171,295/80R22.5_JW_JUXe_16PR_152/148_M_TL,,1,,,
1195,C25565R18RAHT2GC03,1325225518111HRHB0,255/65R18_RANGER HT2_111H TL_M&M_W502,,1,,,
1196,C25565R18RAHT2GC04,1325225518111HRHB0,255/65R18_RANGER HT2_111H TL_M&M_W502,,1,,,
1197,C0019565R15UXRGC01,1325219515091HURL2,195/65R15_UX ROYALE_91H TL_KIA,,1,,,
1198,C0019565R15UXRGC02,1325219515091HURL2,195/65R15_UX ROYALE_91H TL_KIA,,1,,,
1199,C14580R13TAXIMHM03,1325214813075STMX0,145/80 R13_TAXIMAX_75 S TL,,1,,,
1199,C14580R13TAXIMHM03,1325214813075TTMX0,145/80 R13_TAXIMAX_75 S TL,,1,,,
1200,C14580R13TAXIMHM04,1325214813075STMX0,145/80 R13_TAXIMAX_75 S TL,,1,,,
1200,C14580R13TAXIMHM04,1325214813075TTMX0,145/80 R13_TAXIMAX_75 S TL,,1,,,
1201,C25565R18RAHT2HM03,1325225518111HRHB0,255/65R18_RANGER HT2_111H TL_M&M_W502,,1,,,
1202,C25565R18RAHT2HM04,1325225518111HRHB0,255/65R18_RANGER HT2_111H TL_M&M_W502,,1,,,
1203,C25565R18RAHT2HM05,1325225518111HRHB0,255/65R18_RANGER HT2_111H TL_M&M_W502,,1,,,
1204,C25565R18RAHT2HM06,1325225518111HRHB0,255/65R18_RANGER HT2_111H TL_M&M_W502,,1,,,
1205,C19560R16UXRTHMI01,1325219416089HURL1,195/60R16_UX ROYALE_89H TL_HBC 16,,1,,,
1206,B1658014UXROYLHM15,1325216814085TURL2,165/80R14_UX ROYALE_85T TL_RENAULT RBC 1,,1,,,
1207,B1658014UXROYLHM17,1325216814085TURL2,165/80R14_UX ROYALE_85T TL_RENAULT RBC 1,,1,,,
1208,C25565R18RAHTHMI01,1325225518111HRHB0,255/65R18_RANGER HT2_111H TL_M&M_W502,,1,,,
1209,C25565R18RAHTHMI02,1325225518111HRHB0,255/65R18_RANGER HT2_111H TL_M&M_W502,,1,,,
1210,C25565R18RAHTHMI03,1325225518111HRHB0,255/65R18_RANGER HT2_111H TL_M&M_W502,,1,,,
1211,C25565R18RAHTHMI04,1325225518111HRHB0,255/65R18_RANGER HT2_111H TL_M&M_W502,,1,,,
1212,C18565R15UXRTHMI01,1325218515088TURL1,185/65R15_UX ROYALE_88T TL_RENAULT RBC 1,,1,,,
1213,C18565R15UXRTHMI02,1325218515088TURL1,185/65R15_UX ROYALE_88T TL_RENAULT RBC 1,,1,,,
1214,C018565R15UXRTGC01,1325218515088HURL2,185/65R15_UX ROYALE_4RIB_88H TL,,1,,,
1215,C018565R15UXRTGC02,1325218515088HURL2,185/65R15_UX ROYALE_4RIB_88H TL,,1,,,
1216,C1658014UXROLHMI01,1325216814085TURL2,165/80R14_UX ROYALE_85T TL_RENAULT RBC 1,,1,,,
1217,C1658014UXROLHMI02,1325216814085TURL2,165/80R14_UX ROYALE_85T TL_RENAULT RBC 1,,1,,,
1218,C29580R225217HMI02,112222982C152MUXE0,295/80R22.5_JW_JUXe_16PR_152/148_M_TL,,1,,,
1218,C29580R225217HMI02,112222982C154MUXE0,295/80R22.5_JW_JUXe_16PR_152/148_M_TL,,1,,,
1218,C29580R225217HMI02,112222982C016JUXE0,295/80R22.5_JW_JUXe_16PR_152/148_M_TL,,1,,,
1219,C29580R225217HMI03,112222982C152MUXE0,295/80R22.5_JW_JUXe_16PR_152/148_M_TL,,1,,,
1219,C29580R225217HMI03,112222982C154MUXE0,295/80R22.5_JW_JUXe_16PR_152/148_M_TL,,1,,,
1219,C29580R225217HMI03,112222982C016JUXE0,295/80R22.5_JW_JUXe_16PR_152/148_M_TL,,1,,,
1220,C29580225JDLXMHM01,112122982C016MJXM0,295/80R22.5_JDL XM_16PR_152/148_M_TL,,1,,,
1220,C29580225JDLXMHM01,115122982C016MJXM0,295/80R22.5_JDL XM_16PR_152/148_M_TL,,1,,,
1221,C29580225JDLXMHM02,112122982C016MJXM0,295/80R22.5_JDL XM_16PR_152/148_M_TL,,1,,,
1221,C29580225JDLXMHM02,115122982C016MJXM0,295/80R22.5_JDL XM_16PR_152/148_M_TL,,1,,,
1222,C29580R225JXM2HM01,115222982C154MUM20,295/80R22.5_JUMXM2_DOT_154/149M_16PR_TL,,1,,,
1223,C29580R225JXM2HM02,115222982C154MUM20,295/80R22.5_JUMXM2_DOT_154/149M_16PR_TL,,1,,,
1224,C29580R225JXM2HM03,115222982C154MUM20,295/80R22.5_JUMXM2_DOT_154/149M_16PR_TL,,1,,,
1225,C29580R225JXM2HM04,115222982C154MUM20,295/80R22.5_JUMXM2_DOT_154/149M_16PR_TL,,1,,,
1226,C23560R18RANHTTY01,1325223418103HRHP0,235/60R18_RANGER HT _103H TL,,1,,,
1227,C23560R18RANHTTY02,1325223418103HRHP0,235/60R18_RANGER HT _103H TL,,1,,,
1228,B14580R12TAXIHMI03,1325214812074TTMX0,145/80R12 TAXIMAX_74 T_TL,,1,,,
1229,B14580R12TAXIHMI04,1325214812074TTMX0,145/80R12 TAXIMAX_74 T_TL,,1,,,
1230,C14580R12TAXIMHM01,1325214812074TTMX0,145/80R12 TAXIMAX_74 T_TL,,1,,,
1231,C14580R12TAXIMHM02,1325214812074TTMX0,145/80R12 TAXIMAX_74 T_TL,,1,,,
1232,C24545R17UHPTLHM02,1325224117099WLEVY,245/45 R17_LEVITAS ULTRA_99W  TL,,1,,,
1232,C24545R17UHPTLHM02,1325224117099WLEV0,245/45 R17_LEVITAS ULTRA_99W  TL,,1,,,
1233,C29575RJTLSDTLGR02,115222972C014MTLSV,295/75R22.5_VTLSD_DOT_14PR_M_TL,,1,,,
1234,B1656514ULSPRTSY02,1325216514079SUSP0,165/65 R14_ULTIMA SPORT_79_S_TL,,1,,,
1235,C23570R16RHTTLHM03,1325223616105HRHT0,235/70 R16_RANGER H/T _105_H_TL,,1,,,
1235,C23570R16RHTTLHM03,1325223616105HBHT0,235/70 R16_RANGER H/T _105_H_TL,,1,,,
1236,C23570R16RHTTLHM04,1325223616105HRHT0,235/70 R16_RANGER H/T _105_H_TL,,1,,,
1236,C23570R16RHTTLHM04,1325223616105HBHT0,235/70 R16_RANGER H/T _105_H_TL,,1,,,
1237,C195R15UXPC1TCHM01,1225219Z15008SXC10,195R15_ULTIMA XPC1_8PR_S_TL,,1,,,
1238,C195R15UXPC1TCHM02,1225219Z15008SXC10,195R15_ULTIMA XPC1_8PR_S_TL,,1,,,
1239,C195R15CXPC1TLHM03,1225219Z15008SXC11,195R15 Ultima XPC1_8PR_S_TL,,1,,,
1239,C195R15CXPC1TLHM03,1225119Z15008SXC10,195R15 Ultima XPC1_8PR_S_TL,,1,,,
1240,C195R15CXPC1TLHM04,1225219Z15008SXC11,195R15 Ultima XPC1_8PR_S_TL,,1,,,
1240,C195R15CXPC1TLHM04,1225119Z15008SXC10,195R15 Ultima XPC1_8PR_S_TL,,1,,,
1241,C195R15CXPC1TLHM05,1225219Z15008SXC11,195R15 Ultima XPC1_8PR_S_TL,,1,,,
1241,C195R15CXPC1TLHM05,1225119Z15008SXC10,195R15 Ultima XPC1_8PR_S_TL,,1,,,
1242,C195R15CXPC1TLHM06,1225219Z15008SXC11,195R15 Ultima XPC1_8PR_S_TL,,1,,,
1242,C195R15CXPC1TLHM06,1225119Z15008SXC10,195R15 Ultima XPC1_8PR_S_TL,,1,,,
1243,C16565R14ELZTOHM01,1325216514079TUTR0,165/65R14_UX TOURING_79T TL,,1,,,
1243,C16565R14ELZTOHM01,1325216514079TETR0,165/65R14_UX TOURING_79T TL,,1,,,
1244,C16565R14ELZTOHM02,1325216514079TUTR0,165/65R14_UX TOURING_79T TL,,1,,,
1244,C16565R14ELZTOHM02,1325216514079TETR0,165/65R14_UX TOURING_79T TL,,1,,,
1245,C22560R16RHTTLTY01,1325222416098HRHP0,225/60R16_RANGER HT_98H TL,,1,,,
1246,C22560R16RHTTLTY02,1325222416098HRHP0,225/60R16_RANGER HT_98H TL,,1,,,
1247,C31105R15RHTTLHM03,1325231015109QRMT0,31x10.50R15 LT_ RANGER M/T _109 Q TL RWL,,1,,,
1248,C10R20JW21416HM02,1122129A20152J2141,295/90R20_JW 214_152/148_J_TT,,1,,,
1249,C15565R13NEOTLHM04,1325215513073TUNE0,155/65 R 13_ULTIMA NEO_73_T_TL,,1,,,
1250,B1956515UXROYLHB01,1325219515091VURL0,195/65 R15_UX ROYALE_91_V_TL,,1,,,
1251,B1956515UXROYLHB02,1325219515091VURL0,195/65 R15_UX ROYALE_91_V_TL,,1,,,
1252,C23560R18RANHTGC02,1325223418103VRHP0,235/60R18_RANGER HT _103V TL,,1,,,
1253,C23560R18RANHTGC01,1325223418103VRHP0,235/60R18_RANGER HT _103V TL,,1,,,
1254,C185R14LTXPCTLGC03,1D25218014010RXPCT,185R14_ULTIMA XPC_10PR_R_TL,,1,,,
1254,C185R14LTXPCTLGC03,1D25118014010RXPC0,185R14_ULTIMA XPC_10PR_R_TL,,1,,,
1255,C20560R16UXALPHM01,1325220416092VUXA0,205/60R16 UX ALP 92V TL,,1,,,
1256,C20565R16UXRTY01,1325220516095HURL1,205/65 R16_UXROYALE_95 H TL_DOM EXP,,1,,,
1256,C20565R16UXRTY01,1325220516095HURL0,205/65 R16_UXROYALE_95 H TL_DOM EXP,,1,,,
1256,C20565R16UXRTY01,1325220516095HURP0,205/65 R16_UXROYALE_95 H TL_DOM EXP,,1,,,
1257,C20565R16UXRTY02,1325220516095HURL1,205/65 R16_UXROYALE_95 H TL_DOM EXP,,1,,,
1257,C20565R16UXRTY02,1325220516095HURL0,205/65 R16_UXROYALE_95 H TL_DOM EXP,,1,,,
1257,C20565R16UXRTY02,1325220516095HURP0,205/65 R16_UXROYALE_95 H TL_DOM EXP,,1,,,
1258,C24575R16SUPTLGC01,1325224716111SELS0,245/75 R 16_ELANZO SUPRA_111_S_TL,,1,,,
1258,C24575R16SUPTLGC01,1325224716111SELSE,245/75 R 16_ELANZO SUPRA_111_S_TL,,1,,,
1259,C24575R16SUPTLGC02,1325224716111SELS0,245/75 R 16_ELANZO SUPRA_111_S_TL,,1,,,
1259,C24575R16SUPTLGC02,1325224716111SELSE,245/75 R 16_ELANZO SUPRA_111_S_TL,,1,,,
1260,C26575R16RMTTLGR01,1325226716123KRMT0,LT 265/75R16_RANGER M/T_123/120 K TL,,1,,,
1261,C26575R16RMTTLGR02,1325226716123KRMT0,LT 265/75R16_RANGER M/T_123/120 K TL,,1,,,
1262,C23565R17RAXATGC01,1325223517104TRXT0,235/65R17_RANGER X-A/T_104T TL _RWL,,1,,,
1263,C23565R17RAXATGC02,1325223517104TRXT0,235/65R17_RANGER X-A/T_104T TL _RWL,,1,,,
1264,C25565R18RATTLGC02,1325225518111HRAT0,255/65R18_RANGER AT _111H TL _ M&M_RWL,,1,,,
1265,C25545R19LEVTLGC01,1325225119104WLEV0,255/45 R19_LEVITAS ULTRA_104 W  TL_TESLA,,1,,,
1266,C10R20JSJDE16GC14,1121110020018KJDE0,10.00R20_JDE++_DOT_18PR_K_TT,,1,,,
1267,C10R20JSJDE16HM38,1121110020018KJDE0,10.00R20_JDE++_DOT_18PR_K_TT,,1,,,
1268,C10R20JSJDE16HM36,1121110020018KJDE0,10.00R20_JDE++_DOT_18PR_K_TT,,1,,,
1269,R0000010R20JDEGC04,1121110020018KJDE0,10.00R20_JDE++_DOT_18PR_K_TT,,1,,,
1270,R0000010R20JDEGR20,1121110020018KVDE0,10.00R20_VDE++_DOT_18PR_K_TT,,1,,,
1271,C10R20JSJDE16HM34,1121110020018KVDE0,10.00R20_VDE++_DOT_18PR_K_TT,,1,,,
1272,R00011R225JUH5HM01,115221102C016LUH50,11R22.5_JUH5_DOT_16PR_L_TL,,1,,,
1272,R00011R225JUH5HM01,112221102C016LUH50,11R22.5_JUH5_DOT_16PR_L_TL,,1,,,
1272,R00011R225JUH5HM01,115221102C016LVH50,11R22.5_JUH5_DOT_16PR_L_TL,,1,,,
1273,R00011R225JUH5HM02,115221102C016LUH50,11R22.5_JUH5_DOT_16PR_L_TL,,1,,,
1273,R00011R225JUH5HM02,112221102C016LUH50,11R22.5_JUH5_DOT_16PR_L_TL,,1,,,
1273,R00011R225JUH5HM02,115221102C016LVH50,11R22.5_JUH5_DOT_16PR_L_TL,,1,,,
1274,C25570R225217GC01,112222562C016MUXE0,255/70R22.5_JW_JUXe_16PR_140/137_M_TL,,1,,,
1274,C25570R225217GC01,112222562C143JUXE0,255/70R22.5_JW_JUXe_16PR_140/137_M_TL,,1,,,
1275,C25570R225217GC02,112222562C016MUXE0,255/70R22.5_JW_JUXe_16PR_140/137_M_TL,,1,,,
1275,C25570R225217GC02,112222562C143JUXE0,255/70R22.5_JW_JUXe_16PR_140/137_M_TL,,1,,,
1276,C25570R225217GC03,112222562C016MUXE0,255/70R22.5_JW_JUXe_16PR_140/137_M_TL,,1,,,
1276,C25570R225217GC03,112222562C016M2171,255/70R22.5_JW_JUXe_16PR_140/137_M_TL,,1,,,
1277,C25570R225217GC04,112222562C016MUXE0,255/70R22.5_JW_JUXe_16PR_140/137_M_TL,,1,,,
1277,C25570R225217GC04,112222562C016M2171,255/70R22.5_JW_JUXe_16PR_140/137_M_TL,,1,,,
1278,C25570R225217GC05,112222562C016MUXE0,255/70R22.5_JW_JUXe_16PR_140/137_M_TL,,1,,,
1278,C25570R225217GC05,112222562C143MUXE0,255/70R22.5_JW_JUXe_16PR_140/137_M_TL,,1,,,
1279,C25570R225217GC06,112222562C016MUXE0,255/70R22.5_JW_JUXe_16PR_140/137_M_TL,,1,,,
1279,C25570R225217GC06,112222562C143MUXE0,255/70R22.5_JW_JUXe_16PR_140/137_M_TL,,1,,,
1280,C027570R225JTLHM01,112222762C016JUXE0,275/70R22.5_JW_JUXe_ALL_STEEL_16PR_J_TL,,1,,,
1280,C027570R225JTLHM01,112222762C016J2171,275/70R22.5_JW_JUXe_ALL_STEEL_16PR_J_TL,,1,,,
1280,C027570R225JTLHM01,115222762C016JUXE0,275/70R22.5_JW_JUXe_ALL_STEEL_16PR_J_TL,,1,,,
1280,C027570R225JTLHM01,115222762C018JUXE0,275/70R22.5_JW_JUXe_ALL_STEEL_16PR_J_TL,,1,,,
1281,C27570R225217GC01,112222762C016JUXE0,275/70R22.5_JW_JUXe_ALL_STEEL_16PR_J_TL,,1,,,
1281,C27570R225217GC01,112222762C016J2171,275/70R22.5_JW_JUXe_ALL_STEEL_16PR_J_TL,,1,,,
1281,C27570R225217GC01,115222762C016JUXE0,275/70R22.5_JW_JUXe_ALL_STEEL_16PR_J_TL,,1,,,
1281,C27570R225217GC01,115222762C018JUXE0,275/70R22.5_JW_JUXe_ALL_STEEL_16PR_J_TL,,1,,,
1282,C31570R225JDL3HM01,115123162C018LDL30,315/70R22.5_JDL3_DOT_18PR_L_TL,,1,,,
1282,C31570R225JDL3HM01,115123162C018LDL3V,315/70R22.5_JDL3_DOT_18PR_L_TL,,1,,,
1283,C31570R225JDL3HM02,115123162C018LDL30,315/70R22.5_JDL3_DOT_18PR_L_TL,,1,,,
1283,C31570R225JDL3HM02,115123162C018LDL3V,315/70R22.5_JDL3_DOT_18PR_L_TL,,1,,,
1284,C31580R225JDL3HM01,115123182C018LDL30,315/80R22.5_JDL3_DOT_18PR_L_TL,,1,,,
1284,C31580R225JDL3HM01,115123182C018LDL3V,315/80R22.5_JDL3_DOT_18PR_L_TL,,1,,,
1285,C31580R225JDL3HM02,115123182C018LDL30,315/80R22.5_JDL3_DOT_18PR_L_TL,,1,,,
1285,C31580R225JDL3HM02,115123182C018LDL3V,315/80R22.5_JDL3_DOT_18PR_L_TL,,1,,,
1286,C26560R18RHTPHMI01,1325226418110HRHP0,265/60R18_RANGER HT_110H TL,,1,,,
1287,C26560R18RHTPHMI02,1325226418110HRHP0,265/60R18_RANGER HT_110H TL,,1,,,
1288,R000011R225JUCHM02,112321102C016LJUC0,11R22.5_JUC_16PR_L_TL,,1,,,
1289,R000011R225JUCHM01,112321102C016LJUC0,11R22.5_JUC_16PR_L_TL,,1,,,
1290,C10R20JW30216HM09,1123129A20152JUCM0,295/90R20_JUC XM_152/148_J_TT,,1,,,
1290,C10R20JW30216HM09,1123110020016K3021,295/90R20_JUC XM_152/148_J_TT,,1,,,
1290,C10R20JW30216HM09,1123129A20000JUCM0,295/90R20_JUC XM_152/148_J_TT,,1,,,
1290,C10R20JW30216HM09,1123129A20000J3021,295/90R20_JUC XM_152/148_J_TT,,1,,,
1291,31570225JDCXDHM01,115123162C154LCXD0,315/70R22.5_JDC XD_18PR_DOT_154/150_L_TL,,1,,,
1292,C29580225JUL4HMI02,115222982C154MUL40,295/80R22.5_JUL4_DOT_18PR_154/149_M_TL,,1,,,
1293,C29580225JUL4HMI01,115222982C154MUL40,295/80R22.5_JUL4_DOT_18PR_154/149_M_TL,,1,,,
1294,C20555R16UXRTLHM03,1325220316091VURL0,205/55 R 16 _UX ROYALE_91_V_TL,,1,,,
1294,C20555R16UXRTLHM03,1325220316091VUX10,205/55 R 16 _UX ROYALE_91_V_TL,,1,,,
1295,C20555R16UXRTLHM04,1325220316091VURL0,205/55 R 16 _UX ROYALE_91_V_TL,,1,,,
1295,C20555R16UXRTLHM04,1325220316091VUX10,205/55 R 16 _UX ROYALE_91_V_TL,,1,,,
1296,C29580R225JDC3HM02,115122982C016KDC30,295/80R22.5_JDC3_DOT_152/148K_16PR_TL,,1,,,
1296,C29580R225JDC3HM02,115122982C016KDC3V,295/80R22.5_JDC3_DOT_152/148K_16PR_TL,,1,,,
1297,CP22550R17UX1THM01,1325222217094VUX10,225/50 R 17_UX1 _94_V_TL,,1,,,
1298,CP22550R17UX1THM02,1325222217094VUX10,225/50 R 17_UX1 _94_V_TL,,1,,,
1299,C22565R17RHTTLHM03,1325222517102HRHT0,225/65 R17_RANGER H/T _102_H_TL,,1,,,
1300,C22565R17RHTTLHM04,1325222517102HRHT0,225/65 R17_RANGER H/T _102_H_TL,,1,,,
1301,C23570R16RATTLHM01,1325223616105TRAT0,235/70 R16_RANGER A/T_105_T_TL,,1,,,
1301,C23570R16RATTLHM01,1325223616105TRAT1,235/70 R16_RANGER A/T_105_T_TL,,1,,,
1302,C23570R16RATTLHM02,1325223616105TRAT0,235/70 R16_RANGER A/T_105_T_TL,,1,,,
1302,C23570R16RATTLHM02,1325223616105TRAT1,235/70 R16_RANGER A/T_105_T_TL,,1,,,
1303,C26565R17RHTTLHM03,1325226517112HRHT0,265/65 R17_RANGER H/T _112_H_TL,,1,,,
1303,C26565R17RHTTLHM03,1325226517112HBHT0,265/65 R17_RANGER H/T _112_H_TL,,1,,,
1303,C26565R17RHTTLHM03,1325226517120LRHTZ,265/65 R17_RANGER H/T _112_H_TL,,1,,,
1304,C26565R17RHTTLHM04,1325226517112HRHT0,265/65 R17_RANGER H/T _112_H_TL,,1,,,
1304,C26565R17RHTTLHM04,1325226517112HBHT0,265/65 R17_RANGER H/T _112_H_TL,,1,,,
1304,C26565R17RHTTLHM04,1325226517112HRHT1,265/65 R17_RANGER H/T _112_H_TL,,1,,,
1305,C18565R15UXALPGC01,1325218515088TUXA0,185/65R15_UX ALP_88 T TL,,1,,,
1306,C18565R15UXALPGC02,1325218515088TUXA0,185/65R15_UX ALP_88 T TL,,1,,,
1307,C26570R17RMTTLGC01,1325226617118QRMT0,265/70R17 RANGER M/T_118/115_Q_8PR RWL,,1,,,
1308,C26570R17RMTTLGC02,1325226617118QRMT0,265/70R17 RANGER M/T_118/115_Q_8PR RWL,,1,,,
1309,C25560R18RHTTLHM01,1325225418108HRHT0,255/60R18_Ranger H/T_108H TL,,1,,,
1310,C25560R18RHTTLHM02,1325225418108HRHT0,255/60R18_Ranger H/T_108H TL,,1,,,
1311,C9R20JWJUH7TTGC01,1122190020016KJUR0,9.00R20_JUR_16PR_K_TT,,1,,,
1312,R000011R20JUH3GR01,1122111020016KJH30,11.00R20_JUH3_16PR_K_TT,,1,,,
1312,R000011R20JUH3GR01,1152111020016KVH30,11.00R20_JUH3_16PR_K_TT,,1,,,
1313,R000011R20JUH3HM01,1122111020016KJH30,11.00R20_JUH3_16PR_K_TT,,1,,,
1314,R000011R20JUH3HM02,1122111020016KJH30,11.00R20_JUH3_16PR_K_TT,,1,,,
1315,C25580R225207HM01,112222982C000J2071,255/80R22.5_JW207_145/142_J_TL,,1,,,
1316,C25580R225119HM01,112122982C000J1191,255/80R22.5_JS119_145/142_J_TL,,1,,,
1317,C29580R225J119GR01,112122982C016M1191,295/80R22.5_JS 119_16PR_152/148_M_TL,,1,,,
1318,C29580R225J119GR02,112122982C016M1191,295/80R22.5_JS 119_16PR_152/148_M_TL,,1,,,
1319,C29580R225J210HM01,112222982C016M2101,295/80R22.5_JW210_16PR_152/148M_TL,,1,,,
1320,C29580R225J210HM02,112222982C016M2101,295/80R22.5_JW210_16PR_152/148M_TL,,1,,,
1321,R29580R225JUX3GC01,112222982C016J2121,295/80R22.5_JW212_16PR_154/149J_TL,,1,,,
1321,R29580R225JUX3GC01,115222982C016JUXMV,295/80R22.5_JW212_16PR_154/149J_TL,,1,,,
1322,R29580R225JUX3GC02,112222982C016J2121,295/80R22.5_JW212_16PR_154/149J_TL,,1,,,
1322,R29580R225JUX3GC02,115222982C016JUXMV,295/80R22.5_JW212_16PR_154/149J_TL,,1,,,
1323,R31580R225JUL4GC01,115223182C018LUL40,315/80R22.5_JUL4_DOT_18PR_L_TL,,1,,,
1323,R31580R225JUL4GC01,115223182C018LUL4V,315/80R22.5_JUL4_DOT_18PR_L_TL,,1,,,
1324,R31580R225JUL4GC02,115223182C018LUL40,315/80R22.5_JUL4_DOT_18PR_L_TL,,1,,,
1324,R31580R225JUL4GC02,115223182C018LUL4V,315/80R22.5_JUL4_DOT_18PR_L_TL,,1,,,
1325,R31580R225JDL3GR01,115123182C018LDL30,315/80R22.5_JDL3_DOT_18PR_L_TL,,1,,,
1325,R31580R225JDL3GR01,115123182C018LDL3V,315/80R22.5_JDL3_DOT_18PR_L_TL,,1,,,
1326,R31580R225JDL3GR02,115123182C018LDL30,315/80R22.5_JDL3_DOT_18PR_L_TL,,1,,,
1326,R31580R225JDL3GR02,115123182C018LDL3V,315/80R22.5_JDL3_DOT_18PR_L_TL,,1,,,
1327,C11R225CHACDHHM01,115121102C016LCDHC,11R22.5_CDH_DOT_16PR_L_TL,,1,,,
1327,C11R225CHACDHHM01,115121102C016L302P,11R22.5_CDH_DOT_16PR_L_TL,,1,,,
1328,C11R225CHACDHHM02,115121102C016LCDHC,11R22.5_CDH_DOT_16PR_L_TL,,1,,,
1328,C11R225CHACDHHM02,115121102C016L302P,11R22.5_CDH_DOT_16PR_L_TL,,1,,,
1329,C16580R14TORTLMK25,1325216814085STOR0,165/80 R14_TORNADO_85_S_TL,,1,,,
1330,C10R20JWJUCTTMB01,1123110020016KJUC0,10.00R20_JUC_16PR_K_TT,,1,,,
1331,C10R20JWJUCTTMB02,1123110020016KJUC0,10.00R20_JUC_16PR_K_TT,,1,,,
1332,R00011R225JTH1GC01,115221102C016LTH10,11R22.5_JTH1_DOT_16PR_L_TL,,1,,,
1333,R0000010R20CUXHM01,1152110020016KCUXC,10.00R20_CUX_DOT_16PR_K_TT,,1,,,
1334,R0000010R20CUXHM02,1152110020016KCUXC,10.00R20_CUX_DOT_16PR_K_TT,,1,,,
1335,C11R20JSJDH16GC13,1121111020016KJDH0,11.00R20_JDH_16PR_K_TT,,1,,,
1336,C11R20JSJDH16GC14,1121111020016KJDH0,11.00R20_JDH_16PR_K_TT,,1,,,
1337,C11R20JWJUH516GC01,1122111020016KUH50,11.00R20_JUH5_16PR_150/147_K_TT,,1,,,
1338,C11R20JWJUH516GC02,1122111020016KUH50,11.00R20_JUH5_16PR_150/147_K_TT,,1,,,
1339,C29575RJTHSD16GR03,115222972C014LJTS0,295/75R22.5_JTHSD_DOT_14PR_L_TL,,1,,,
1339,C29575RJTHSD16GR03,115222972C016LJTS0,295/75R22.5_JTHSD_DOT_14PR_L_TL,,1,,,
1340,C29575RJTHSD16GR04,115222972C014LJTS0,295/75R22.5_JTHSD_DOT_14PR_L_TL,,1,,,
1340,C29575RJTHSD16GR04,115222972C016LJTS0,295/75R22.5_JTHSD_DOT_14PR_L_TL,,1,,,
1341,C29575RJTHSD16GR05,115222972C014LJTS0,295/75R22.5_JTHSD_DOT_14PR_L_TL,,1,,,
1341,C29575RJTHSD16GR05,115222972C016LJTS0,295/75R22.5_JTHSD_DOT_14PR_L_TL,,1,,,
1342,C29575RJTHSD16GR06,115222972C014LJTS0,295/75R22.5_JTHSD_DOT_14PR_L_TL,,1,,,
1342,C29575RJTHSD16GR06,115222972C016LJTS0,295/75R22.5_JTHSD_DOT_14PR_L_TL,,1,,,
1343,C29580R225JDLHM15,112122982C016MJDL0,295/80R22.5_JDL_16PR_M_TL,,1,,,
1344,C21560R16UXR00HM01,1325221416095VURL0,215/60 R 16 _UX ROYALE_95_V_TL,,1,,,
1344,C21560R16UXR00HM01,1325221416095VURP0,215/60 R 16 _UX ROYALE_95_V_TL,,1,,,
1345,C21560R16UXR00HM02,1325221416095VURL0,215/60 R 16 _UX ROYALE_95_V_TL,,1,,,
1345,C21560R16UXR00HM02,1325221416095VURP0,215/60 R 16 _UX ROYALE_95_V_TL,,1,,,
1346,C21560R16UXR00HM03,1325221416095VURL0,215/60 R 16 _UX ROYALE_95_V_TL,,1,,,
1347,C21560R16UXR00HM04,1325221416095VURL0,215/60 R 16 _UX ROYALE_95_V_TL,,1,,,
1348,C31105R15RHTTLHM04,1325231015109QRMT0,31x10.50R15 LT_ RANGER M/T _109 Q TL RWL,,1,,,
1349,R000825R20JDH3GR01,1121182020016KDH30,8.25R20_JDH3_16PR_K_TT,,1,,,
1349,R000825R20JDH3GR01,1121182020014KDH30,8.25R20_JDH3_16PR_K_TT,,1,,,
1350,R000825R20JDH3GR02,1121182020016KDH30,8.25R20_JDH3_16PR_K_TT,,1,,,
1350,R000825R20JDH3GR02,1121182020014KDH30,8.25R20_JDH3_16PR_K_TT,,1,,,
1351,C15580R13NEO000005,1325215813079TUNE3,155/80R13 Ultima Neo 79T MSIL YL7 BSVI T,,1,,,
1352,C15580R13NEO000007,1325215813079TUNE3,155/80R13 Ultima Neo 79T MSIL YL7 BSVI T,,1,,,
1353,C15580R13NEO000008,1325215813079TUNE3,155/80R13 Ultima Neo 79T MSIL YL7 BSVI T,,1,,,
1354,C15580R13NEO000009,1325215813079TUNE3,155/80R13 Ultima Neo 79T MSIL YL7 BSVI T,,1,,,
1355,C15580R13NEO000010,1325215813079TUNE3,155/80R13 Ultima Neo 79T MSIL YL7 BSVI T,,1,,,
1356,C15580R13NEO000012,1325215813079TUNE3,155/80R13 Ultima Neo 79T MSIL YL7 BSVI T,,1,,,
1357,C15580R13NEO000013,1325215813079TUNE3,155/80R13 Ultima Neo 79T MSIL YL7 BSVI T,,1,,,
1358,C15580R13NEO000014,1325215813079TUNE3,155/80R13 Ultima Neo 79T MSIL YL7 BSVI T,,1,,,
1359,C15580R13NEO000015,1325215813079TUNE3,155/80R13 Ultima Neo 79T MSIL YL7 BSVI T,,1,,,
1360,C15580R13NEO000016,1325215813079TUNE3,155/80R13 Ultima Neo 79T MSIL YL7 BSVI T,,1,,,
1361,T14570R17STXTSX01,1325214617107MSXT0,145/70R17 STAR XT_107M TL,,1,,,
1362,T14570R17STXTSX02,1325214617107MSXT0,145/70R17 STAR XT_107M TL,,1,,,
1363,T14570R17STXTSX03,1325214617107MSXT0,145/70R17 STAR XT_107M TL,,1,,,
1364,C22545R17UHPTLHM01,1325222117094YLEV0,225/45R17_LEVITAS ULTRA_94 Y TL,,1,,,
1365,C0019565R15UXRHM04,1325219515091HURL2,195/65R15_UX ROYALE_91H TL_KIA,,1,,,
1366,C031580225JDL3HM02,115123182C018LL3P0,315/80R22.5_JDL3+_DOT_18PR_L_TL,,1,,,
1367,C14580R13ELZTGR01,1325214813075SUHL0,145/80 R13_ULTIMA HI^LIFE_75 S TL,,1,,,
1368,C14580R13ELZTGR02,1325214813075SUHL0,145/80 R13_ULTIMA HI^LIFE_75 S TL,,1,,,
1369,C25565R18RAHT2GC01,1325225518111HRHB0,255/65R18_RANGER HT2_111H TL_M&M_W502,,1,,,
1370,C31105R15RHTTLHM01,1325231015109QRMT0,31x10.50R15 LT_ RANGER M/T _109 Q TL RWL,,1,,,
1371,C31105R15RHTTLHM02,1325231015109QRMT0,31x10.50R15 LT_ RANGER M/T _109 Q TL RWL,,1,,,
1372,C31570R225JUL4HM03,115223162C018LUL40,315/70R22.5_JUL4_DOT_18PR_L_TL,,1,,,
1373,C31570R225JUL4HM04,115223162C018LUL40,315/70R22.5_JUL4_DOT_18PR_L_TL,,1,,,
1374,C29575RJTLSDTLHM01,115222972C014MTLSV,295/75R22.5_VTLSD_DOT_14PR_M_TL,,1,,,
1375,C29575RJTLSDTLHM02,115222972C014MTLSV,295/75R22.5_VTLSD_DOT_14PR_M_TL,,1,,,
1376,C22545R17UHPTLHM02,1325222117094YLEV0,225/45R17_LEVITAS ULTRA_94 Y TL,,1,,,
1377,C25565R18RHTPGC01,1325225518111HRHP0,255/65R18_RANGER HT_111H TL  _ M&M,,1,,,
1378,C25565R18RHTPGC02,1325225518111HRHP0,255/65R18_RANGER HT_111H TL  _ M&M,,1,,,
1379,C26560R18RHTPHM01,1325226418110HRHP0,265/60R18_RANGER HT_110H TL,,1,,,
1380,C26560R18RHTPHM02,1325226418110HRHP0,265/60R18_RANGER HT_110H TL,,1,,,
1381,C31560R225JDL3GC01,115123142C020LDL30,315/60R22.5_JDL3_DOT_20PR_L_TL,,1,,,
1382,C31560R225JDL3GC02,115123142C020LDL30,315/60R22.5_JDL3_DOT_20PR_L_TL,,1,,,
1383,C026565R18RHTPHM01,1325226518114HRHP0,265/65R18_RANGER HT_114H TL,,1,,,
1384,C026565R18RHTPHM02,1325226518114HRHP0,265/65R18_RANGER HT_114H TL,,1,,,
1385,C22550R17LEVTLHB01,1325222217098YLEVY,225/50R17_LEVITAS ULTRA_98Y  TL,,1,,,
1386,C22550R17LEVTLHB02,1325222217098YLEVY,225/50R17_LEVITAS ULTRA_98Y  TL,,1,,,
1387,C20565R16UXRTLHM03,1325220516095HURL2,205/65R16_UX ROYALE_95H TL TST,,1,,,
1388,C20565R16UXRTLHM04,1325220516095HURL2,205/65R16_UX ROYALE_95H TL TST,,1,,,
1389,C20565R16UXRTLHM07,1325220516095HURL2,205/65R16_UX ROYALE_95H TL TST,,1,,,
1390,C20565R16UXRTLHM08,1325220516095HURL2,205/65R16_UX ROYALE_95H TL TST,,1,,,
1391,C20565R16UXRTLHM09,1325220516095HURL2,205/65R16_UX ROYALE_95H TL TST,,1,,,
1392,C20565R16UXRTLHM10,1325220516095HURL2,205/65R16_UX ROYALE_95H TL TST,,1,,,
1393,C20565R16UXRTLHM01,1325220516095HURL1,205/65 R16_UXROYALE_95 H TL_DOM EXP,,1,,,
1393,C20565R16UXRTLHM01,1325220516095HURL0,205/65 R16_UXROYALE_95 H TL_DOM EXP,,1,,,
1393,C20565R16UXRTLHM01,1325220516095HURP0,205/65 R16_UXROYALE_95 H TL_DOM EXP,,1,,,
1394,C20565R16UXRTLHM02,1325220516095HURL1,205/65 R16_UXROYALE_95 H TL_DOM EXP,,1,,,
1394,C20565R16UXRTLHM02,1325220516095HURL0,205/65 R16_UXROYALE_95 H TL_DOM EXP,,1,,,
1394,C20565R16UXRTLHM02,1325220516095HURP0,205/65 R16_UXROYALE_95 H TL_DOM EXP,,1,,,
1395,C11R20JSJDE16GC01,1121111020016KDEP0,11.00R20_JDE++_16PR_K_TT,,1,,,
1396,C11R20JSJDE16GC02,1121111020016KDEP0,11.00R20_JDE++_16PR_K_TT,,1,,,
1397,C18565R14UXTTLHM01,1325218514086HUTR0,185/65R14_ UX TOURING _86 H TL,,1,,,
1398,C18565R14UXTTLHM02,1325218514086HUTR0,185/65R14_ UX TOURING _86 H TL,,1,,,
1399,C27580R225JJDHHM01,115122782C016LJDH0,275/80R22.5_JDH_DOT_149/146L_16PR_TL,,1,,,
1400,C27580R225JJDHHM02,115122782C016LJDH0,275/80R22.5_JDH_DOT_149/146L_16PR_TL,,1,,,
1401,C11R20JSJDE16GC11,1121111020016KDEP0,11.00R20_JDE++_16PR_K_TT,,1,,,
1402,C11R20JSJDE16GC12,1121111020016KDEP0,11.00R20_JDE++_16PR_K_TT,,1,,,
1403,R0000011R20JDEGC03,1121111020016KDEP0,11.00R20_JDE++_16PR_K_TT,,1,,,
1404,R0000011R20JDEGC08,1121111020016KDEP0,11.00R20_JDE++_16PR_K_TT,,1,,,
1405,R0000011R20JDEGC09,1121111020016KDEP0,11.00R20_JDE++_16PR_K_TT,,1,,,
1406,R0000011R20JDEGC10,1121111020016KDEP0,11.00R20_JDE++_16PR_K_TT,,1,,,
1407,C20565R16UXRTLHM11,1325220516095HURL2,205/65R16_UX ROYALE_95H TL TST,,1,,,
1408,C20565R16UXRTLHM12,1325220516095HURL2,205/65R16_UX ROYALE_95H TL TST,,1,,,
1409,C11R20JS114TTGC01,1121111020016K1141,11.00R20_JS 114_150/147_K_16PR_TT,,1,,,
1409,C11R20JS114TTGC01,1121111020016KDYD0,11.00R20_JS 114_150/147_K_16PR_TT,,1,,,
1410,C11R20JS114TTGC02,1121111020016K1141,11.00R20_JS 114_150/147_K_16PR_TT,,1,,,
1410,C11R20JS114TTGC02,1121111020016KDYD0,11.00R20_JS 114_150/147_K_16PR_TT,,1,,,
1411,C23565R17RAXATTY01,1325223517104TRXT0,235/65R17_RANGER X-A/T_104T TL _RWL,,1,,,
1412,C23565R17RAXATTY02,1325223517104TRXT0,235/65R17_RANGER X-A/T_104T TL _RWL,,1,,,
1413,C23570R16XATTLTY01,1325223616105TRXT0,235/70R16_RANGER X-A/T_105T_DEFENCE,,1,,,
1414,C23570R16XATTLTY02,1325223616105TRXT0,235/70R16_RANGER X-A/T_105T_DEFENCE,,1,,,
1415,C26565R17XATTLTY01,1325226517112TRXT0,265/65R17_RANGER X-A/T_112T TL_RWL,,1,,,
1415,C26565R17XATTLTY01,1325226517112HRXT0,265/65R17_RANGER X-A/T_112T TL_RWL,,1,,,
1416,C26565R17XATTLTY02,1325226517112TRXT0,265/65R17_RANGER X-A/T_112T TL_RWL,,1,,,
1416,C26565R17XATTLTY02,1325226517112HRXT0,265/65R17_RANGER X-A/T_112T TL_RWL,,1,,,
1417,215/55R18RANTLTY01,1325221318095HRHP0,215/55R18_RANGER HT _95H TL,,1,,,
1418,215/55R18RANTLTY02,1325221318095HRHP0,215/55R18_RANGER HT _95H TL,,1,,,
1419,C26560R18XATTLTY01,1325226418110TRXT0,265/60R18_RANGER X-A/T_110T TL_RWL,,1,,,
1419,C26560R18XATTLTY01,1325226418110HRXT0,265/60R18_RANGER X-A/T_110T TL_RWL,,1,,,
1420,C26560R18XATTLTY02,1325226418110TRXT0,265/60R18_RANGER X-A/T_110T TL_RWL,,1,,,
1420,C26560R18XATTLTY02,1325226418110HRXT0,265/60R18_RANGER X-A/T_110T TL_RWL,,1,,,
1421,C29580R225JUXEGC02,112222982C152MUXE0,295/80R22.5_JW_JUXe_16PR_152/148_M_TL,,1,,,
1421,C29580R225JUXEGC02,112222982C154MUXE0,295/80R22.5_JW_JUXe_16PR_152/148_M_TL,,1,,,
1421,C29580R225JUXEGC02,112222982C016JUXE0,295/80R22.5_JW_JUXe_16PR_152/148_M_TL,,1,,,
1422,C29580R225JUXEGC03,112222982C152MUXE0,295/80R22.5_JW_JUXe_16PR_152/148_M_TL,,1,,,
1422,C29580R225JUXEGC03,112222982C154MUXE0,295/80R22.5_JW_JUXe_16PR_152/148_M_TL,,1,,,
1422,C29580R225JUXEGC03,112222982C016JUXE0,295/80R22.5_JW_JUXe_16PR_152/148_M_TL,,1,,,
1423,C14580R12UHLTHMI07,1325214812074TUHL0,145/80R12 ULTIMA HI^LIFE_TL,,1,,,
1423,C14580R12UHLTHMI07,1325114812074TUHL0,145/80R12 ULTIMA HI^LIFE_TL,,1,,,
1424,C14580R12UHLTHMI08,1325214812074TUHL0,145/80R12 ULTIMA HI^LIFE_TL,,1,,,
1424,C14580R12UHLTHMI08,1325114812074TUHL0,145/80R12 ULTIMA HI^LIFE_TL,,1,,,
1425,C14580R12UHLTHMI09,1325214812074TUHL0,145/80R12 ULTIMA HI^LIFE_TL,,1,,,
1425,C14580R12UHLTHMI09,1325114812074TUHL0,145/80R12 ULTIMA HI^LIFE_TL,,1,,,
1426,C14580R12UHLTHMI10,1325214812074TUHL0,145/80R12 ULTIMA HI^LIFE_TL,,1,,,
1426,C14580R12UHLTHMI10,1325114812074TUHL0,145/80R12 ULTIMA HI^LIFE_TL,,1,,,
1427,C14580R12UHLTHMI11,1325214812074TUHL0,145/80R12 ULTIMA HI^LIFE_TL,,1,,,
1427,C14580R12UHLTHMI11,1325114812074TUHL0,145/80R12 ULTIMA HI^LIFE_TL,,1,,,
1428,C14580R12UHLTHMI12,1325214812074TUHL0,145/80R12 ULTIMA HI^LIFE_TL,,1,,,
1428,C14580R12UHLTHMI12,1325114812074TUHL0,145/80R12 ULTIMA HI^LIFE_TL,,1,,,
1429,C25565R18RATTLGC03,1325225518111HRAT0,255/65R18_RANGER AT _111H TL _ M&M_RWL,,1,,,
1430,C25565R18RATTLGC04,1325225518111HRAT0,255/65R18_RANGER AT _111H TL _ M&M_RWL,,1,,,
1431,C25565R18RATTLGC05,1325225518111HRAT0,255/65R18_RANGER AT _111H TL _ M&M_RWL,,1,,,
1432,C25565R18RAATHMI01,1325225518111HRAT1,255/65R18 Ranger AT_111_H_TL M&M_W502,,1,,,
1433,C25565R18RAATHMI02,1325225518111HRAT1,255/65R18 Ranger AT_111_H_TL M&M_W502,,1,,,
1434,C031580225JDL3HM01,115123182C018LL3P0,315/80R22.5_JDL3+_DOT_18PR_L_TL,,1,,,
1435,C21555R18UXR0HMI01,1325221318095HURL0,215/55R18_UX ROYALE_95H TL,,1,,,
1436,C21555R18UXR0HMI02,1325221318095HURL0,215/55R18_UX ROYALE_95H TL,,1,,,
1437,C21555R18UXR0HMI03,1325221318095HURL0,215/55R18_UX ROYALE_95H TL,,1,,,
1438,C21555R18UXR0HMI04,1325221318095HURL0,215/55R18_UX ROYALE_95H TL,,1,,,
1439,C21555R18UXR0HMI05,1325221318095HURL0,215/55R18_UX ROYALE_95H TL,,1,,,
1440,C21555R18UXR0HMI06,1325221318095HURL0,215/55R18_UX ROYALE_95H TL,,1,,,
1441,C21555R18UXR0HMI07,1325221318095HURL0,215/55R18_UX ROYALE_95H TL,,1,,,
1442,C21555R18UXR0HMI08,1325221318095HURL0,215/55R18_UX ROYALE_95H TL,,1,,,
1443,C21555R18UXR0HMI09,1325221318095HURL0,215/55R18_UX ROYALE_95H TL,,1,,,
1444,C21555R18UXR0HMI19,1325221318095HURL0,215/55R18_UX ROYALE_95H TL,,1,,,
1445,C21555R18UXR0HMI20,1325221318095HURL0,215/55R18_UX ROYALE_95H TL,,1,,,
1446,C18570R14VECTLSY17,1325218614088TVECO,185/70 R14_VECTRA_88_T_TL,,1,,,
1446,C18570R14VECTLSY17,1325218614088SVEC0,185/70 R14_VECTRA_88_T_TL,,1,,,
1447,C18570R14VECTLSY20,1325218614088TVECO,185/70 R14_VECTRA_88_T_TL,,1,,,
1447,C18570R14VECTLSY20,1325218614088SVEC0,185/70 R14_VECTRA_88_T_TL,,1,,,
1448,C31570R225JDL3GR01,115123162C018LDL30,315/70R22.5_JDL3_DOT_18PR_L_TL,,1,,,
1448,C31570R225JDL3GR01,115123162C018LDL3V,315/70R22.5_JDL3_DOT_18PR_L_TL,,1,,,
1449,C31570R225JDL3GR02,115123162C018LDL30,315/70R22.5_JDL3_DOT_18PR_L_TL,,1,,,
1449,C31570R225JDL3GR02,115123162C018LDL3V,315/70R22.5_JDL3_DOT_18PR_L_TL,,1,,,
1450,C27590R20JS121GC01,1122190020016KUHF0,275/90R20_JS 121_149_149/145_K__TT TST,,1,,,
1450,C27590R20JS121GC01,1121127A20149KDEF0,275/90R20_JS 121_149_149/145_K__TT TST,,1,,,
1451,C27590R20JS121GC02,1122190020016KUHF0,275/90R20_JS 121_149_149/145_K__TT TST,,1,,,
1451,C27590R20JS121GC02,1121127A20149KDEF0,275/90R20_JS 121_149_149/145_K__TT TST,,1,,,
1452,C31570225JDL3HM01,115123162C018LL3P0,315/70R22.5_JDL3+_DOT_18PR_L_TL,,1,,,
1453,C31570225JDL3HM02,115123162C018LL3P0,315/70R22.5_JDL3+_DOT_18PR_L_TL,,1,,,
1454,C18514ULTXPC1GC01,1D25218Z14008RXC10,185R14C ULTIMA XPC1_8PR_102/100R_TL_P,,1,,,
1455,C18514ULTXPC1GC02,1D25218Z14008RXC10,185R14C ULTIMA XPC1_8PR_102/100R_TL_P,,1,,,
1456,R000011R225JDCGC01,115121102C016LJDC0,11R22.5_JDC_DOT_16PR_L_TL,,1,,,
1457,R000011R225JDCGC02,115121102C016LJDC0,11R22.5_JDC_DOT_16PR_L_TL,,1,,,
1458,31580R225JDCXDHM01,115123182C020KCXD0,315/80R22.5_JDCXD_DOT_20PR_156/150_K_,,1,,,
1459,31580R225JDCXDHM02,115123182C020KCXD0,315/80R22.5_JDCXD_DOT_20PR_156/150_K_,,1,,,
1460,C31570R225VUL3GR02,115223182C018ML3PV,315/80R22.5_VUL3+_DOT_18PR_M_TL,,1,,,
1461,C29580R225JJDCHM01,115122982C018KCXD0,295/80R22.5_JDCXD_DOT_154/149K_18PR_T,,1,,,
1462,C29580R225JJDCHM02,115122982C018KCXD0,295/80R22.5_JDCXD_DOT_154/149K_18PR_T,,1,,,
1463,C29580R225JJDCTY01,115122982C018KCXD0,295/80R22.5_JDCXD_DOT_154/149K_18PR_T,,1,,,
1464,C29580R225JJDCTY02,115122982C018KCXD0,295/80R22.5_JDCXD_DOT_154/149K_18PR_T,,1,,,
1465,C23560R18ELATOGC01,1325223418103VETR0,235/60R18_ELANZO TOURING_103V TL,,1,,,
