__metadata,Equnr,Eqktu,Swerk,PName,SyStat,UserStat,UserStatTxt,CurrStat,Werks,Eqtyp
"{'id': ""https://s4api.sap.jktyre.in:44305/sap/opu/odata/sap/ZINFI_PLT_API_SRV/InfiMouldMstSet('C21555R17UXGNHMI01')"", 'uri': ""https://s4api.sap.jktyre.in:44305/sap/opu/odata/sap/ZINFI_PLT_API_SRV/InfiMouldMstSet('C21555R17UXGNHMI01')"", 'type': 'ZINFI_PLT_API_SRV.InfiMouldMst'}",C21555R17UXGNHMI01,215/55R17 UX GREEN TL_HMI01,1900,Chennai Tyre Plant,,,,ACTIVE,,
"{'id': ""https://s4api.sap.jktyre.in:44305/sap/opu/odata/sap/ZINFI_PLT_API_SRV/InfiMouldMstSet('C21555R17UXGNHMI02')"", 'uri': ""https://s4api.sap.jktyre.in:44305/sap/opu/odata/sap/ZINFI_PLT_API_SRV/InfiMouldMstSet('C21555R17UXGNHMI02')"", 'type': 'ZINFI_PLT_API_SRV.InfiMouldMst'}",C21555R17UXGNHMI02,215/55R17 UX GREEN TL_HMI02,1900,Chennai Tyre Plant,,,,ACTIVE,,
"{'id': ""https://s4api.sap.jktyre.in:44305/sap/opu/odata/sap/ZINFI_PLT_API_SRV/InfiMouldMstSet('C21565R16RHTTLGC03')"", 'uri': ""https://s4api.sap.jktyre.in:44305/sap/opu/odata/sap/ZINFI_PLT_API_SRV/InfiMouldMstSet('C21565R16RHTTLGC03')"", 'type': 'ZINFI_PLT_API_SRV.InfiMouldMst'}",C21565R16RHTTLGC03,215/65R16 BLAZZE HT_HGC01,1900,Chennai Tyre Plant,,,,ACTIVE,,
"{'id': ""https://s4api.sap.jktyre.in:44305/sap/opu/odata/sap/ZINFI_PLT_API_SRV/InfiMouldMstSet('C21565R16RHTTLGC04')"", 'uri': ""https://s4api.sap.jktyre.in:44305/sap/opu/odata/sap/ZINFI_PLT_API_SRV/InfiMouldMstSet('C21565R16RHTTLGC04')"", 'type': 'ZINFI_PLT_API_SRV.InfiMouldMst'}",C21565R16RHTTLGC04,215/65R16 BLAZZE HT_HGC02,1900,Chennai Tyre Plant,,,,ACTIVE,,
"{'id': ""https://s4api.sap.jktyre.in:44305/sap/opu/odata/sap/ZINFI_PLT_API_SRV/InfiMouldMstSet('17575R16RANHPHMI01')"", 'uri': ""https://s4api.sap.jktyre.in:44305/sap/opu/odata/sap/ZINFI_PLT_API_SRV/InfiMouldMstSet('17575R16RANHPHMI01')"", 'type': 'ZINFI_PLT_API_SRV.InfiMouldMst'}",17575R16RANHPHMI01,175/75R16 RANGER HPE _ HMI01,1900,Chennai Tyre Plant,,,,ACTIVE,,
"{'id': ""https://s4api.sap.jktyre.in:44305/sap/opu/odata/sap/ZINFI_PLT_API_SRV/InfiMouldMstSet('17575R16RANHPHMI02')"", 'uri': ""https://s4api.sap.jktyre.in:44305/sap/opu/odata/sap/ZINFI_PLT_API_SRV/InfiMouldMstSet('17575R16RANHPHMI02')"", 'type': 'ZINFI_PLT_API_SRV.InfiMouldMst'}",17575R16RANHPHMI02,175/75R16 RANGER HPE _ HMI02,1900,Chennai Tyre Plant,,,,ACTIVE,,
"{'id': ""https://s4api.sap.jktyre.in:44305/sap/opu/odata/sap/ZINFI_PLT_API_SRV/InfiMouldMstSet('215%2F55R18RANTLTY01')"", 'uri': ""https://s4api.sap.jktyre.in:44305/sap/opu/odata/sap/ZINFI_PLT_API_SRV/InfiMouldMstSet('215%2F55R18RANTLTY01')"", 'type': 'ZINFI_PLT_API_SRV.InfiMouldMst'}",215/55R18RANTLTY01,215/55R18 RANGER HT TL _TY01,1900,Chennai Tyre Plant,,,,ACTIVE,,
"{'id': ""https://s4api.sap.jktyre.in:44305/sap/opu/odata/sap/ZINFI_PLT_API_SRV/InfiMouldMstSet('215%2F55R18RANTLTY02')"", 'uri': ""https://s4api.sap.jktyre.in:44305/sap/opu/odata/sap/ZINFI_PLT_API_SRV/InfiMouldMstSet('215%2F55R18RANTLTY02')"", 'type': 'ZINFI_PLT_API_SRV.InfiMouldMst'}",215/55R18RANTLTY02,215/55R18 RANGER HT TL _TY02,1900,Chennai Tyre Plant,,,,ACTIVE,,
"{'id': ""https://s4api.sap.jktyre.in:44305/sap/opu/odata/sap/ZINFI_PLT_API_SRV/InfiMouldMstSet('31570225JDCXDHM01')"", 'uri': ""https://s4api.sap.jktyre.in:44305/sap/opu/odata/sap/ZINFI_PLT_API_SRV/InfiMouldMstSet('31570225JDCXDHM01')"", 'type': 'ZINFI_PLT_API_SRV.InfiMouldMst'}",31570225JDCXDHM01,315/70R22.5 JETSTEEL JDC XD_HM01,1900,Chennai Tyre Plant,,,,ACTIVE,,
"{'id': ""https://s4api.sap.jktyre.in:44305/sap/opu/odata/sap/ZINFI_PLT_API_SRV/InfiMouldMstSet('31570225JDCXDHM02')"", 'uri': ""https://s4api.sap.jktyre.in:44305/sap/opu/odata/sap/ZINFI_PLT_API_SRV/InfiMouldMstSet('31570225JDCXDHM02')"", 'type': 'ZINFI_PLT_API_SRV.InfiMouldMst'}",31570225JDCXDHM02,315/70R22.5 JETSTEEL JDC XD_HM02,1900,Chennai Tyre Plant,,,,ACTIVE,,
"{'id': ""https://s4api.sap.jktyre.in:44305/sap/opu/odata/sap/ZINFI_PLT_API_SRV/InfiMouldMstSet('31580R225JDCXDHM01')"", 'uri': ""https://s4api.sap.jktyre.in:44305/sap/opu/odata/sap/ZINFI_PLT_API_SRV/InfiMouldMstSet('31580R225JDCXDHM01')"", 'type': 'ZINFI_PLT_API_SRV.InfiMouldMst'}",31580R225JDCXDHM01,315/80R22.5 JETSTEEL JDC XD TL _HM01,1900,Chennai Tyre Plant,,,,ACTIVE,,
"{'id': ""https://s4api.sap.jktyre.in:44305/sap/opu/odata/sap/ZINFI_PLT_API_SRV/InfiMouldMstSet('31580R225JDCXDHM02')"", 'uri': ""https://s4api.sap.jktyre.in:44305/sap/opu/odata/sap/ZINFI_PLT_API_SRV/InfiMouldMstSet('31580R225JDCXDHM02')"", 'type': 'ZINFI_PLT_API_SRV.InfiMouldMst'}",31580R225JDCXDHM02,315/80R22.5 JETSTEEL JDC XD TL _HM02,1900,Chennai Tyre Plant,,,,ACTIVE,,
"{'id': ""https://s4api.sap.jktyre.in:44305/sap/opu/odata/sap/ZINFI_PLT_API_SRV/InfiMouldMstSet('B1458012ULHLIFGC01')"", 'uri': ""https://s4api.sap.jktyre.in:44305/sap/opu/odata/sap/ZINFI_PLT_API_SRV/InfiMouldMstSet('B1458012ULHLIFGC01')"", 'type': 'ZINFI_PLT_API_SRV.InfiMouldMst'}",B1458012ULHLIFGC01,145/80R12 ULTIMA HILIFE_GC01,1900,Chennai Tyre Plant,,,,ACTIVE,,
"{'id': ""https://s4api.sap.jktyre.in:44305/sap/opu/odata/sap/ZINFI_PLT_API_SRV/InfiMouldMstSet('B1458012ULHLIFGC02')"", 'uri': ""https://s4api.sap.jktyre.in:44305/sap/opu/odata/sap/ZINFI_PLT_API_SRV/InfiMouldMstSet('B1458012ULHLIFGC02')"", 'type': 'ZINFI_PLT_API_SRV.InfiMouldMst'}",B1458012ULHLIFGC02,145/80R12 ULTIMA HILIFE_GC02,1900,Chennai Tyre Plant,,,,ACTIVE,,
"{'id': ""https://s4api.sap.jktyre.in:44305/sap/opu/odata/sap/ZINFI_PLT_API_SRV/InfiMouldMstSet('B1458012ULHLIFGC05')"", 'uri': ""https://s4api.sap.jktyre.in:44305/sap/opu/odata/sap/ZINFI_PLT_API_SRV/InfiMouldMstSet('B1458012ULHLIFGC05')"", 'type': 'ZINFI_PLT_API_SRV.InfiMouldMst'}",B1458012ULHLIFGC05,145/80R12 ULTIMA HI LIFE_GC05,1900,Chennai Tyre Plant,,,,ACTIVE,,
"{'id': ""https://s4api.sap.jktyre.in:44305/sap/opu/odata/sap/ZINFI_PLT_API_SRV/InfiMouldMstSet('B1458012ULHLIFGC06')"", 'uri': ""https://s4api.sap.jktyre.in:44305/sap/opu/odata/sap/ZINFI_PLT_API_SRV/InfiMouldMstSet('B1458012ULHLIFGC06')"", 'type': 'ZINFI_PLT_API_SRV.InfiMouldMst'}",B1458012ULHLIFGC06,145/80R12 ULTIMA HI LIFE_GC06,1900,Chennai Tyre Plant,,,,ACTIVE,,
"{'id': ""https://s4api.sap.jktyre.in:44305/sap/opu/odata/sap/ZINFI_PLT_API_SRV/InfiMouldMstSet('B1458013ULTNXTGR09')"", 'uri': ""https://s4api.sap.jktyre.in:44305/sap/opu/odata/sap/ZINFI_PLT_API_SRV/InfiMouldMstSet('B1458013ULTNXTGR09')"", 'type': 'ZINFI_PLT_API_SRV.InfiMouldMst'}",B1458013ULTNXTGR09,145 / 80 R 13 ULTIMA NXT _ GR09,1900,Chennai Tyre Plant,,,,ACTIVE,,
"{'id': ""https://s4api.sap.jktyre.in:44305/sap/opu/odata/sap/ZINFI_PLT_API_SRV/InfiMouldMstSet('B1458013ULTNXTGR11')"", 'uri': ""https://s4api.sap.jktyre.in:44305/sap/opu/odata/sap/ZINFI_PLT_API_SRV/InfiMouldMstSet('B1458013ULTNXTGR11')"", 'type': 'ZINFI_PLT_API_SRV.InfiMouldMst'}",B1458013ULTNXTGR11,145 / 80 R 13 ULTIMA NXT _ GR11,1900,Chennai Tyre Plant,,,,ACTIVE,,
"{'id': ""https://s4api.sap.jktyre.in:44305/sap/opu/odata/sap/ZINFI_PLT_API_SRV/InfiMouldMstSet('B14580R12TAXIHMI03')"", 'uri': ""https://s4api.sap.jktyre.in:44305/sap/opu/odata/sap/ZINFI_PLT_API_SRV/InfiMouldMstSet('B14580R12TAXIHMI03')"", 'type': 'ZINFI_PLT_API_SRV.InfiMouldMst'}",B14580R12TAXIHMI03,145/80R12 TAXIMAX TL _ HMI03,1900,Chennai Tyre Plant,,,,ACTIVE,,
"{'id': ""https://s4api.sap.jktyre.in:44305/sap/opu/odata/sap/ZINFI_PLT_API_SRV/InfiMouldMstSet('B14580R12TAXIHMI04')"", 'uri': ""https://s4api.sap.jktyre.in:44305/sap/opu/odata/sap/ZINFI_PLT_API_SRV/InfiMouldMstSet('B14580R12TAXIHMI04')"", 'type': 'ZINFI_PLT_API_SRV.InfiMouldMst'}",B14580R12TAXIHMI04,145/80R12 TAXIMAX TL _ HMI04,1900,Chennai Tyre Plant,,,,ACTIVE,,
"{'id': ""https://s4api.sap.jktyre.in:44305/sap/opu/odata/sap/ZINFI_PLT_API_SRV/InfiMouldMstSet('B145R12ULTIXPCGC07')"", 'uri': ""https://s4api.sap.jktyre.in:44305/sap/opu/odata/sap/ZINFI_PLT_API_SRV/InfiMouldMstSet('B145R12ULTIXPCGC07')"", 'type': 'ZINFI_PLT_API_SRV.InfiMouldMst'}",B145R12ULTIXPCGC07,145 R 12 ULTIMA XPC-GC07,1900,Chennai Tyre Plant,,,,ACTIVE,,
"{'id': ""https://s4api.sap.jktyre.in:44305/sap/opu/odata/sap/ZINFI_PLT_API_SRV/InfiMouldMstSet('B145R12ULTIXPCGC08')"", 'uri': ""https://s4api.sap.jktyre.in:44305/sap/opu/odata/sap/ZINFI_PLT_API_SRV/InfiMouldMstSet('B145R12ULTIXPCGC08')"", 'type': 'ZINFI_PLT_API_SRV.InfiMouldMst'}",B145R12ULTIXPCGC08,145 R 12 ULTIMA XPC-GC08,1900,Chennai Tyre Plant,,,,ACTIVE,,
"{'id': ""https://s4api.sap.jktyre.in:44305/sap/opu/odata/sap/ZINFI_PLT_API_SRV/InfiMouldMstSet('B145R12ULTIXPCGC09')"", 'uri': ""https://s4api.sap.jktyre.in:44305/sap/opu/odata/sap/ZINFI_PLT_API_SRV/InfiMouldMstSet('B145R12ULTIXPCGC09')"", 'type': 'ZINFI_PLT_API_SRV.InfiMouldMst'}",B145R12ULTIXPCGC09,145 R 12 ULTIMA XPC-GC09,1900,Chennai Tyre Plant,,,,ACTIVE,,
"{'id': ""https://s4api.sap.jktyre.in:44305/sap/opu/odata/sap/ZINFI_PLT_API_SRV/InfiMouldMstSet('B145R12ULTIXPCGC10')"", 'uri': ""https://s4api.sap.jktyre.in:44305/sap/opu/odata/sap/ZINFI_PLT_API_SRV/InfiMouldMstSet('B145R12ULTIXPCGC10')"", 'type': 'ZINFI_PLT_API_SRV.InfiMouldMst'}",B145R12ULTIXPCGC10,145 R 12 ULTIMA XPC-GC10,1900,Chennai Tyre Plant,,,,ACTIVE,,
"{'id': ""https://s4api.sap.jktyre.in:44305/sap/opu/odata/sap/ZINFI_PLT_API_SRV/InfiMouldMstSet('B145R12ULTIXPCGC11')"", 'uri': ""https://s4api.sap.jktyre.in:44305/sap/opu/odata/sap/ZINFI_PLT_API_SRV/InfiMouldMstSet('B145R12ULTIXPCGC11')"", 'type': 'ZINFI_PLT_API_SRV.InfiMouldMst'}",B145R12ULTIXPCGC11,145 R 12 ULTIMA XPC-GC11,1900,Chennai Tyre Plant,,,,ACTIVE,,
"{'id': ""https://s4api.sap.jktyre.in:44305/sap/opu/odata/sap/ZINFI_PLT_API_SRV/InfiMouldMstSet('B145R12ULTIXPCGC12')"", 'uri': ""https://s4api.sap.jktyre.in:44305/sap/opu/odata/sap/ZINFI_PLT_API_SRV/InfiMouldMstSet('B145R12ULTIXPCGC12')"", 'type': 'ZINFI_PLT_API_SRV.InfiMouldMst'}",B145R12ULTIXPCGC12,145 R 12 ULTIMA XPC-GC12,1900,Chennai Tyre Plant,,,,ACTIVE,,
"{'id': ""https://s4api.sap.jktyre.in:44305/sap/opu/odata/sap/ZINFI_PLT_API_SRV/InfiMouldMstSet('B145R12ULTIXPCGC13')"", 'uri': ""https://s4api.sap.jktyre.in:44305/sap/opu/odata/sap/ZINFI_PLT_API_SRV/InfiMouldMstSet('B145R12ULTIXPCGC13')"", 'type': 'ZINFI_PLT_API_SRV.InfiMouldMst'}",B145R12ULTIXPCGC13,145 R 12 ULTIMA XPC-GC13,1900,Chennai Tyre Plant,,,,ACTIVE,,
"{'id': ""https://s4api.sap.jktyre.in:44305/sap/opu/odata/sap/ZINFI_PLT_API_SRV/InfiMouldMstSet('B145R12ULTIXPCGC14')"", 'uri': ""https://s4api.sap.jktyre.in:44305/sap/opu/odata/sap/ZINFI_PLT_API_SRV/InfiMouldMstSet('B145R12ULTIXPCGC14')"", 'type': 'ZINFI_PLT_API_SRV.InfiMouldMst'}",B145R12ULTIXPCGC14,145 R 12 ULTIMA XPC-GC14,1900,Chennai Tyre Plant,,,,ACTIVE,,
"{'id': ""https://s4api.sap.jktyre.in:44305/sap/opu/odata/sap/ZINFI_PLT_API_SRV/InfiMouldMstSet('B145R12ULTIXPCGC15')"", 'uri': ""https://s4api.sap.jktyre.in:44305/sap/opu/odata/sap/ZINFI_PLT_API_SRV/InfiMouldMstSet('B145R12ULTIXPCGC15')"", 'type': 'ZINFI_PLT_API_SRV.InfiMouldMst'}",B145R12ULTIXPCGC15,145 R 12 ULTIMA XPC-GC15,1900,Chennai Tyre Plant,,,,ACTIVE,,
"{'id': ""https://s4api.sap.jktyre.in:44305/sap/opu/odata/sap/ZINFI_PLT_API_SRV/InfiMouldMstSet('B145R12ULTIXPCGC16')"", 'uri': ""https://s4api.sap.jktyre.in:44305/sap/opu/odata/sap/ZINFI_PLT_API_SRV/InfiMouldMstSet('B145R12ULTIXPCGC16')"", 'type': 'ZINFI_PLT_API_SRV.InfiMouldMst'}",B145R12ULTIXPCGC16,145 R 12 ULTIMA XPC-GC16,1900,Chennai Tyre Plant,,,,ACTIVE,,
"{'id': ""https://s4api.sap.jktyre.in:44305/sap/opu/odata/sap/ZINFI_PLT_API_SRV/InfiMouldMstSet('B145R12ULTIXPCHM01')"", 'uri': ""https://s4api.sap.jktyre.in:44305/sap/opu/odata/sap/ZINFI_PLT_API_SRV/InfiMouldMstSet('B145R12ULTIXPCHM01')"", 'type': 'ZINFI_PLT_API_SRV.InfiMouldMst'}",B145R12ULTIXPCHM01,145 R 12 ULTIMA XPC-HM01,1900,Chennai Tyre Plant,,,,ACTIVE,,
"{'id': ""https://s4api.sap.jktyre.in:44305/sap/opu/odata/sap/ZINFI_PLT_API_SRV/InfiMouldMstSet('B145R12ULTIXPCHM02')"", 'uri': ""https://s4api.sap.jktyre.in:44305/sap/opu/odata/sap/ZINFI_PLT_API_SRV/InfiMouldMstSet('B145R12ULTIXPCHM02')"", 'type': 'ZINFI_PLT_API_SRV.InfiMouldMst'}",B145R12ULTIXPCHM02,145 R 12 ULTIMA XPC-HM02,1900,Chennai Tyre Plant,,,,ACTIVE,,
"{'id': ""https://s4api.sap.jktyre.in:44305/sap/opu/odata/sap/ZINFI_PLT_API_SRV/InfiMouldMstSet('B155-70R13-NXTGR05')"", 'uri': ""https://s4api.sap.jktyre.in:44305/sap/opu/odata/sap/ZINFI_PLT_API_SRV/InfiMouldMstSet('B155-70R13-NXTGR05')"", 'type': 'ZINFI_PLT_API_SRV.InfiMouldMst'}",B155-70R13-NXTGR05,155 / 70 R 13 ULTIMA NXT _ GR05,1900,Chennai Tyre Plant,,,,ACTIVE,,
"{'id': ""https://s4api.sap.jktyre.in:44305/sap/opu/odata/sap/ZINFI_PLT_API_SRV/InfiMouldMstSet('B155-70R13-NXTGR06')"", 'uri': ""https://s4api.sap.jktyre.in:44305/sap/opu/odata/sap/ZINFI_PLT_API_SRV/InfiMouldMstSet('B155-70R13-NXTGR06')"", 'type': 'ZINFI_PLT_API_SRV.InfiMouldMst'}",B155-70R13-NXTGR06,155 / 70 R 13 ULTIMA NXT _ GR06,1900,Chennai Tyre Plant,,,,ACTIVE,,
"{'id': ""https://s4api.sap.jktyre.in:44305/sap/opu/odata/sap/ZINFI_PLT_API_SRV/InfiMouldMstSet('B1557014VECTRAMK05')"", 'uri': ""https://s4api.sap.jktyre.in:44305/sap/opu/odata/sap/ZINFI_PLT_API_SRV/InfiMouldMstSet('B1557014VECTRAMK05')"", 'type': 'ZINFI_PLT_API_SRV.InfiMouldMst'}",B1557014VECTRAMK05,155 / 70 R 14 VECTRA _ MK05,1900,Chennai Tyre Plant,,,,ACTIVE,,
"{'id': ""https://s4api.sap.jktyre.in:44305/sap/opu/odata/sap/ZINFI_PLT_API_SRV/InfiMouldMstSet('B1656514ULSPRTSY01')"", 'uri': ""https://s4api.sap.jktyre.in:44305/sap/opu/odata/sap/ZINFI_PLT_API_SRV/InfiMouldMstSet('B1656514ULSPRTSY01')"", 'type': 'ZINFI_PLT_API_SRV.InfiMouldMst'}",B1656514ULSPRTSY01,165 / 65 R 14 ULTIMA SPORT _ SY01,1900,Chennai Tyre Plant,,,,ACTIVE,,
"{'id': ""https://s4api.sap.jktyre.in:44305/sap/opu/odata/sap/ZINFI_PLT_API_SRV/InfiMouldMstSet('B1656514ULSPRTSY02')"", 'uri': ""https://s4api.sap.jktyre.in:44305/sap/opu/odata/sap/ZINFI_PLT_API_SRV/InfiMouldMstSet('B1656514ULSPRTSY02')"", 'type': 'ZINFI_PLT_API_SRV.InfiMouldMst'}",B1656514ULSPRTSY02,165 / 65 R 14 ULTIMA SPORT _ SY02,1900,Chennai Tyre Plant,,,,ACTIVE,,
"{'id': ""https://s4api.sap.jktyre.in:44305/sap/opu/odata/sap/ZINFI_PLT_API_SRV/InfiMouldMstSet('B1658014UXROYLHM15')"", 'uri': ""https://s4api.sap.jktyre.in:44305/sap/opu/odata/sap/ZINFI_PLT_API_SRV/InfiMouldMstSet('B1658014UXROYLHM15')"", 'type': 'ZINFI_PLT_API_SRV.InfiMouldMst'}",B1658014UXROYLHM15,1658014UXROYALE_HM15,1900,Chennai Tyre Plant,,,,ACTIVE,,
"{'id': ""https://s4api.sap.jktyre.in:44305/sap/opu/odata/sap/ZINFI_PLT_API_SRV/InfiMouldMstSet('B1658014UXROYLHM17')"", 'uri': ""https://s4api.sap.jktyre.in:44305/sap/opu/odata/sap/ZINFI_PLT_API_SRV/InfiMouldMstSet('B1658014UXROYLHM17')"", 'type': 'ZINFI_PLT_API_SRV.InfiMouldMst'}",B1658014UXROYLHM17,1658014UXROYALE_HM17,1900,Chennai Tyre Plant,,,,ACTIVE,,
"{'id': ""https://s4api.sap.jktyre.in:44305/sap/opu/odata/sap/ZINFI_PLT_API_SRV/InfiMouldMstSet('B1856514ULTSPRGC01')"", 'uri': ""https://s4api.sap.jktyre.in:44305/sap/opu/odata/sap/ZINFI_PLT_API_SRV/InfiMouldMstSet('B1856514ULTSPRGC01')"", 'type': 'ZINFI_PLT_API_SRV.InfiMouldMst'}",B1856514ULTSPRGC01,185 / 65 R 14 ULTIMA SPORT _ GC01,1900,Chennai Tyre Plant,,,,ACTIVE,,
"{'id': ""https://s4api.sap.jktyre.in:44305/sap/opu/odata/sap/ZINFI_PLT_API_SRV/InfiMouldMstSet('B1856514ULTSPRGC02')"", 'uri': ""https://s4api.sap.jktyre.in:44305/sap/opu/odata/sap/ZINFI_PLT_API_SRV/InfiMouldMstSet('B1856514ULTSPRGC02')"", 'type': 'ZINFI_PLT_API_SRV.InfiMouldMst'}",B1856514ULTSPRGC02,185 / 65 R 14 ULTIMA SPORT _ GC02,1900,Chennai Tyre Plant,,,,ACTIVE,,
"{'id': ""https://s4api.sap.jktyre.in:44305/sap/opu/odata/sap/ZINFI_PLT_API_SRV/InfiMouldMstSet('B1856514ULTSPRGC03')"", 'uri': ""https://s4api.sap.jktyre.in:44305/sap/opu/odata/sap/ZINFI_PLT_API_SRV/InfiMouldMstSet('B1856514ULTSPRGC03')"", 'type': 'ZINFI_PLT_API_SRV.InfiMouldMst'}",B1856514ULTSPRGC03,185 / 65 R 14 ULTIMA SPORT _ GC03,1900,Chennai Tyre Plant,,,,ACTIVE,,
"{'id': ""https://s4api.sap.jktyre.in:44305/sap/opu/odata/sap/ZINFI_PLT_API_SRV/InfiMouldMstSet('B1856514ULTSPRGC04')"", 'uri': ""https://s4api.sap.jktyre.in:44305/sap/opu/odata/sap/ZINFI_PLT_API_SRV/InfiMouldMstSet('B1856514ULTSPRGC04')"", 'type': 'ZINFI_PLT_API_SRV.InfiMouldMst'}",B1856514ULTSPRGC04,185 / 65 R 14 ULTIMA SPORT _ GC04,1900,Chennai Tyre Plant,,,,ACTIVE,,
"{'id': ""https://s4api.sap.jktyre.in:44305/sap/opu/odata/sap/ZINFI_PLT_API_SRV/InfiMouldMstSet('B20565R16UXRLHMI01')"", 'uri': ""https://s4api.sap.jktyre.in:44305/sap/opu/odata/sap/ZINFI_PLT_API_SRV/InfiMouldMstSet('B20565R16UXRLHMI01')"", 'type': 'ZINFI_PLT_API_SRV.InfiMouldMst'}",B20565R16UXRLHMI01,205/65R16 UX ROYALE _ HMI01,1900,Chennai Tyre Plant,,,,ACTIVE,,
"{'id': ""https://s4api.sap.jktyre.in:44305/sap/opu/odata/sap/ZINFI_PLT_API_SRV/InfiMouldMstSet('B20565R16UXRLHMI02')"", 'uri': ""https://s4api.sap.jktyre.in:44305/sap/opu/odata/sap/ZINFI_PLT_API_SRV/InfiMouldMstSet('B20565R16UXRLHMI02')"", 'type': 'ZINFI_PLT_API_SRV.InfiMouldMst'}",B20565R16UXRLHMI02,205/65R16 UX ROYALE _ HMI02,1900,Chennai Tyre Plant,,,,ACTIVE,,
"{'id': ""https://s4api.sap.jktyre.in:44305/sap/opu/odata/sap/ZINFI_PLT_API_SRV/InfiMouldMstSet('C00009R20JURTTHM01')"", 'uri': ""https://s4api.sap.jktyre.in:44305/sap/opu/odata/sap/ZINFI_PLT_API_SRV/InfiMouldMstSet('C00009R20JURTTHM01')"", 'type': 'ZINFI_PLT_API_SRV.InfiMouldMst'}",C00009R20JURTTHM01,9.00 R 20 JW JUR_TT_HM01,1900,Chennai Tyre Plant,,,,ACTIVE,,
"{'id': ""https://s4api.sap.jktyre.in:44305/sap/opu/odata/sap/ZINFI_PLT_API_SRV/InfiMouldMstSet('C00011R20JSJDEHM07')"", 'uri': ""https://s4api.sap.jktyre.in:44305/sap/opu/odata/sap/ZINFI_PLT_API_SRV/InfiMouldMstSet('C00011R20JSJDEHM07')"", 'type': 'ZINFI_PLT_API_SRV.InfiMouldMst'}",C00011R20JSJDEHM07,11.00 R 20 JS  JDE++ _TT _ HM07,1900,Chennai Tyre Plant,,,,ACTIVE,,
"{'id': ""https://s4api.sap.jktyre.in:44305/sap/opu/odata/sap/ZINFI_PLT_API_SRV/InfiMouldMstSet('C00011R20JSJDEHM08')"", 'uri': ""https://s4api.sap.jktyre.in:44305/sap/opu/odata/sap/ZINFI_PLT_API_SRV/InfiMouldMstSet('C00011R20JSJDEHM08')"", 'type': 'ZINFI_PLT_API_SRV.InfiMouldMst'}",C00011R20JSJDEHM08,11.00 R 20 JW JDE++ _TT _ HM-08,1900,Chennai Tyre Plant,,,,ACTIVE,,
"{'id': ""https://s4api.sap.jktyre.in:44305/sap/opu/odata/sap/ZINFI_PLT_API_SRV/InfiMouldMstSet('C00011R20JSJDEHM09')"", 'uri': ""https://s4api.sap.jktyre.in:44305/sap/opu/odata/sap/ZINFI_PLT_API_SRV/InfiMouldMstSet('C00011R20JSJDEHM09')"", 'type': 'ZINFI_PLT_API_SRV.InfiMouldMst'}",C00011R20JSJDEHM09,11.00 R 20 JW JDE++ _TT _ HM09,1900,Chennai Tyre Plant,,,,ACTIVE,,
"{'id': ""https://s4api.sap.jktyre.in:44305/sap/opu/odata/sap/ZINFI_PLT_API_SRV/InfiMouldMstSet('C00011R20JSJDEHM10')"", 'uri': ""https://s4api.sap.jktyre.in:44305/sap/opu/odata/sap/ZINFI_PLT_API_SRV/InfiMouldMstSet('C00011R20JSJDEHM10')"", 'type': 'ZINFI_PLT_API_SRV.InfiMouldMst'}",C00011R20JSJDEHM10,11.00 R 20 JW JDE++ _TT _ HM10,1900,Chennai Tyre Plant,,,,ACTIVE,,
"{'id': ""https://s4api.sap.jktyre.in:44305/sap/opu/odata/sap/ZINFI_PLT_API_SRV/InfiMouldMstSet('C00155R12XPCHM01')"", 'uri': ""https://s4api.sap.jktyre.in:44305/sap/opu/odata/sap/ZINFI_PLT_API_SRV/InfiMouldMstSet('C00155R12XPCHM01')"", 'type': 'ZINFI_PLT_API_SRV.InfiMouldMst'}",C00155R12XPCHM01,155 R 12 ULTIMA XPC1 _ HM01,1900,Chennai Tyre Plant,,,,ACTIVE,,
"{'id': ""https://s4api.sap.jktyre.in:44305/sap/opu/odata/sap/ZINFI_PLT_API_SRV/InfiMouldMstSet('C00155R12XPCHM02')"", 'uri': ""https://s4api.sap.jktyre.in:44305/sap/opu/odata/sap/ZINFI_PLT_API_SRV/InfiMouldMstSet('C00155R12XPCHM02')"", 'type': 'ZINFI_PLT_API_SRV.InfiMouldMst'}",C00155R12XPCHM02,155 R 12 ULTIMA XPC1 _ HM02,1900,Chennai Tyre Plant,,,,ACTIVE,,
"{'id': ""https://s4api.sap.jktyre.in:44305/sap/opu/odata/sap/ZINFI_PLT_API_SRV/InfiMouldMstSet('C0019565R15UXRGC01')"", 'uri': ""https://s4api.sap.jktyre.in:44305/sap/opu/odata/sap/ZINFI_PLT_API_SRV/InfiMouldMstSet('C0019565R15UXRGC01')"", 'type': 'ZINFI_PLT_API_SRV.InfiMouldMst'}",C0019565R15UXRGC01,195 / 65 R 15 UX ROYALE _ GC01,1900,Chennai Tyre Plant,,,,ACTIVE,,
"{'id': ""https://s4api.sap.jktyre.in:44305/sap/opu/odata/sap/ZINFI_PLT_API_SRV/InfiMouldMstSet('C0019565R15UXRGC02')"", 'uri': ""https://s4api.sap.jktyre.in:44305/sap/opu/odata/sap/ZINFI_PLT_API_SRV/InfiMouldMstSet('C0019565R15UXRGC02')"", 'type': 'ZINFI_PLT_API_SRV.InfiMouldMst'}",C0019565R15UXRGC02,195 / 65 R 15 UX ROYALE _ GC02,1900,Chennai Tyre Plant,,,,ACTIVE,,
"{'id': ""https://s4api.sap.jktyre.in:44305/sap/opu/odata/sap/ZINFI_PLT_API_SRV/InfiMouldMstSet('C0019565R15UXRGC03')"", 'uri': ""https://s4api.sap.jktyre.in:44305/sap/opu/odata/sap/ZINFI_PLT_API_SRV/InfiMouldMstSet('C0019565R15UXRGC03')"", 'type': 'ZINFI_PLT_API_SRV.InfiMouldMst'}",C0019565R15UXRGC03,195 / 65 R 15 UX ROYALE _ GC03,1900,Chennai Tyre Plant,,,,ACTIVE,,
"{'id': ""https://s4api.sap.jktyre.in:44305/sap/opu/odata/sap/ZINFI_PLT_API_SRV/InfiMouldMstSet('C0019565R15UXRGC04')"", 'uri': ""https://s4api.sap.jktyre.in:44305/sap/opu/odata/sap/ZINFI_PLT_API_SRV/InfiMouldMstSet('C0019565R15UXRGC04')"", 'type': 'ZINFI_PLT_API_SRV.InfiMouldMst'}",C0019565R15UXRGC04,195 / 65 R 15 UX ROYALE _ GC04,1900,Chennai Tyre Plant,,,,ACTIVE,,
"{'id': ""https://s4api.sap.jktyre.in:44305/sap/opu/odata/sap/ZINFI_PLT_API_SRV/InfiMouldMstSet('C0019565R15UXRGC05')"", 'uri': ""https://s4api.sap.jktyre.in:44305/sap/opu/odata/sap/ZINFI_PLT_API_SRV/InfiMouldMstSet('C0019565R15UXRGC05')"", 'type': 'ZINFI_PLT_API_SRV.InfiMouldMst'}",C0019565R15UXRGC05,195 / 65 R 15 UX ROYALE _ GC05,1900,Chennai Tyre Plant,,,,ACTIVE,,
"{'id': ""https://s4api.sap.jktyre.in:44305/sap/opu/odata/sap/ZINFI_PLT_API_SRV/InfiMouldMstSet('C0019565R15UXRGC06')"", 'uri': ""https://s4api.sap.jktyre.in:44305/sap/opu/odata/sap/ZINFI_PLT_API_SRV/InfiMouldMstSet('C0019565R15UXRGC06')"", 'type': 'ZINFI_PLT_API_SRV.InfiMouldMst'}",C0019565R15UXRGC06,195 / 65 R 15 UX ROYALE _ GC06,1900,Chennai Tyre Plant,,,,ACTIVE,,
"{'id': ""https://s4api.sap.jktyre.in:44305/sap/opu/odata/sap/ZINFI_PLT_API_SRV/InfiMouldMstSet('C0019565R15UXRGC07')"", 'uri': ""https://s4api.sap.jktyre.in:44305/sap/opu/odata/sap/ZINFI_PLT_API_SRV/InfiMouldMstSet('C0019565R15UXRGC07')"", 'type': 'ZINFI_PLT_API_SRV.InfiMouldMst'}",C0019565R15UXRGC07,195 / 65 R 15 UX ROYALE _ GC07,1900,Chennai Tyre Plant,,,,ACTIVE,,
"{'id': ""https://s4api.sap.jktyre.in:44305/sap/opu/odata/sap/ZINFI_PLT_API_SRV/InfiMouldMstSet('C0019565R15UXRGC08')"", 'uri': ""https://s4api.sap.jktyre.in:44305/sap/opu/odata/sap/ZINFI_PLT_API_SRV/InfiMouldMstSet('C0019565R15UXRGC08')"", 'type': 'ZINFI_PLT_API_SRV.InfiMouldMst'}",C0019565R15UXRGC08,195 / 65 R 15 UX ROYALE _ GC08,1900,Chennai Tyre Plant,,,,ACTIVE,,
"{'id': ""https://s4api.sap.jktyre.in:44305/sap/opu/odata/sap/ZINFI_PLT_API_SRV/InfiMouldMstSet('C0019565R15UXRGC09')"", 'uri': ""https://s4api.sap.jktyre.in:44305/sap/opu/odata/sap/ZINFI_PLT_API_SRV/InfiMouldMstSet('C0019565R15UXRGC09')"", 'type': 'ZINFI_PLT_API_SRV.InfiMouldMst'}",C0019565R15UXRGC09,195 / 65 R 15 UX ROYALE _ GC09,1900,Chennai Tyre Plant,,,,ACTIVE,,
"{'id': ""https://s4api.sap.jktyre.in:44305/sap/opu/odata/sap/ZINFI_PLT_API_SRV/InfiMouldMstSet('C0019565R15UXRGC10')"", 'uri': ""https://s4api.sap.jktyre.in:44305/sap/opu/odata/sap/ZINFI_PLT_API_SRV/InfiMouldMstSet('C0019565R15UXRGC10')"", 'type': 'ZINFI_PLT_API_SRV.InfiMouldMst'}",C0019565R15UXRGC10,195 / 65 R 15 UX ROYALE _ GC10,1900,Chennai Tyre Plant,,,,ACTIVE,,
"{'id': ""https://s4api.sap.jktyre.in:44305/sap/opu/odata/sap/ZINFI_PLT_API_SRV/InfiMouldMstSet('C0019565R15UXRHM01')"", 'uri': ""https://s4api.sap.jktyre.in:44305/sap/opu/odata/sap/ZINFI_PLT_API_SRV/InfiMouldMstSet('C0019565R15UXRHM01')"", 'type': 'ZINFI_PLT_API_SRV.InfiMouldMst'}",C0019565R15UXRHM01,195 / 65 R 15 UX ROYALE _ HM01,1900,Chennai Tyre Plant,,,,ACTIVE,,
"{'id': ""https://s4api.sap.jktyre.in:44305/sap/opu/odata/sap/ZINFI_PLT_API_SRV/InfiMouldMstSet('C0019565R15UXRHM02')"", 'uri': ""https://s4api.sap.jktyre.in:44305/sap/opu/odata/sap/ZINFI_PLT_API_SRV/InfiMouldMstSet('C0019565R15UXRHM02')"", 'type': 'ZINFI_PLT_API_SRV.InfiMouldMst'}",C0019565R15UXRHM02,195 / 65 R 15 UX ROYALE _ HM02,1900,Chennai Tyre Plant,,,,ACTIVE,,
"{'id': ""https://s4api.sap.jktyre.in:44305/sap/opu/odata/sap/ZINFI_PLT_API_SRV/InfiMouldMstSet('C0019565R15UXRHM03')"", 'uri': ""https://s4api.sap.jktyre.in:44305/sap/opu/odata/sap/ZINFI_PLT_API_SRV/InfiMouldMstSet('C0019565R15UXRHM03')"", 'type': 'ZINFI_PLT_API_SRV.InfiMouldMst'}",C0019565R15UXRHM03,195 / 65 R 15 UX ROYALE _ HM03,1900,Chennai Tyre Plant,,,,ACTIVE,,
"{'id': ""https://s4api.sap.jktyre.in:44305/sap/opu/odata/sap/ZINFI_PLT_API_SRV/InfiMouldMstSet('C0019565R15UXRHM04')"", 'uri': ""https://s4api.sap.jktyre.in:44305/sap/opu/odata/sap/ZINFI_PLT_API_SRV/InfiMouldMstSet('C0019565R15UXRHM04')"", 'type': 'ZINFI_PLT_API_SRV.InfiMouldMst'}",C0019565R15UXRHM04,195 / 65 R 15 UX ROYALE _ HM04,1900,Chennai Tyre Plant,,,,ACTIVE,,
"{'id': ""https://s4api.sap.jktyre.in:44305/sap/opu/odata/sap/ZINFI_PLT_API_SRV/InfiMouldMstSet('C009R20JSJDE16GC05')"", 'uri': ""https://s4api.sap.jktyre.in:44305/sap/opu/odata/sap/ZINFI_PLT_API_SRV/InfiMouldMstSet('C009R20JSJDE16GC05')"", 'type': 'ZINFI_PLT_API_SRV.InfiMouldMst'}",C009R20JSJDE16GC05,9.00 R 20 JS JDE ++ 16PR TT_GC05,1900,Chennai Tyre Plant,,,,ACTIVE,,
"{'id': ""https://s4api.sap.jktyre.in:44305/sap/opu/odata/sap/ZINFI_PLT_API_SRV/InfiMouldMstSet('C009R20JSJDE16GC06')"", 'uri': ""https://s4api.sap.jktyre.in:44305/sap/opu/odata/sap/ZINFI_PLT_API_SRV/InfiMouldMstSet('C009R20JSJDE16GC06')"", 'type': 'ZINFI_PLT_API_SRV.InfiMouldMst'}",C009R20JSJDE16GC06,9.00 R 20 JS JDE ++ 16PR TT_GC06,1900,Chennai Tyre Plant,,,,ACTIVE,,
"{'id': ""https://s4api.sap.jktyre.in:44305/sap/opu/odata/sap/ZINFI_PLT_API_SRV/InfiMouldMstSet('C009R20JSJDE16GC07')"", 'uri': ""https://s4api.sap.jktyre.in:44305/sap/opu/odata/sap/ZINFI_PLT_API_SRV/InfiMouldMstSet('C009R20JSJDE16GC07')"", 'type': 'ZINFI_PLT_API_SRV.InfiMouldMst'}",C009R20JSJDE16GC07,9.00 R 20 JS JDE ++ 16PR TT_GC07,1900,Chennai Tyre Plant,,,,ACTIVE,,
"{'id': ""https://s4api.sap.jktyre.in:44305/sap/opu/odata/sap/ZINFI_PLT_API_SRV/InfiMouldMstSet('C009R20JSJDE16GC08')"", 'uri': ""https://s4api.sap.jktyre.in:44305/sap/opu/odata/sap/ZINFI_PLT_API_SRV/InfiMouldMstSet('C009R20JSJDE16GC08')"", 'type': 'ZINFI_PLT_API_SRV.InfiMouldMst'}",C009R20JSJDE16GC08,9.00 R 20 JS JDE ++ 16PR TT_GC08,1900,Chennai Tyre Plant,,,,ACTIVE,,
"{'id': ""https://s4api.sap.jktyre.in:44305/sap/opu/odata/sap/ZINFI_PLT_API_SRV/InfiMouldMstSet('C009R20JSJDE16GC09')"", 'uri': ""https://s4api.sap.jktyre.in:44305/sap/opu/odata/sap/ZINFI_PLT_API_SRV/InfiMouldMstSet('C009R20JSJDE16GC09')"", 'type': 'ZINFI_PLT_API_SRV.InfiMouldMst'}",C009R20JSJDE16GC09,9.00 R 20 JS JDE ++ 16PR TT_GC09,1900,Chennai Tyre Plant,,,,ACTIVE,,
"{'id': ""https://s4api.sap.jktyre.in:44305/sap/opu/odata/sap/ZINFI_PLT_API_SRV/InfiMouldMstSet('C009R20JSJDE16GC10')"", 'uri': ""https://s4api.sap.jktyre.in:44305/sap/opu/odata/sap/ZINFI_PLT_API_SRV/InfiMouldMstSet('C009R20JSJDE16GC10')"", 'type': 'ZINFI_PLT_API_SRV.InfiMouldMst'}",C009R20JSJDE16GC10,9.00 R 20 JS JDE ++ 16PR TT_GC10,1900,Chennai Tyre Plant,,,,ACTIVE,,
"{'id': ""https://s4api.sap.jktyre.in:44305/sap/opu/odata/sap/ZINFI_PLT_API_SRV/InfiMouldMstSet('C009R20JSJDE16GC11')"", 'uri': ""https://s4api.sap.jktyre.in:44305/sap/opu/odata/sap/ZINFI_PLT_API_SRV/InfiMouldMstSet('C009R20JSJDE16GC11')"", 'type': 'ZINFI_PLT_API_SRV.InfiMouldMst'}",C009R20JSJDE16GC11,9.00 R 20 JS JDE ++ 16PR TT_GC11,1900,Chennai Tyre Plant,,,,ACTIVE,,
"{'id': ""https://s4api.sap.jktyre.in:44305/sap/opu/odata/sap/ZINFI_PLT_API_SRV/InfiMouldMstSet('C009R20JSJDE16GC12')"", 'uri': ""https://s4api.sap.jktyre.in:44305/sap/opu/odata/sap/ZINFI_PLT_API_SRV/InfiMouldMstSet('C009R20JSJDE16GC12')"", 'type': 'ZINFI_PLT_API_SRV.InfiMouldMst'}",C009R20JSJDE16GC12,9.00 R 20 JS JDE ++ 16PR TT_GC12,1900,Chennai Tyre Plant,,,,ACTIVE,,
"{'id': ""https://s4api.sap.jktyre.in:44305/sap/opu/odata/sap/ZINFI_PLT_API_SRV/InfiMouldMstSet('C018565R15UXRTGC01')"", 'uri': ""https://s4api.sap.jktyre.in:44305/sap/opu/odata/sap/ZINFI_PLT_API_SRV/InfiMouldMstSet('C018565R15UXRTGC01')"", 'type': 'ZINFI_PLT_API_SRV.InfiMouldMst'}",C018565R15UXRTGC01,185/65R15 UX ROYALE DMD6205_GC01,1900,Chennai Tyre Plant,,,,ACTIVE,,
"{'id': ""https://s4api.sap.jktyre.in:44305/sap/opu/odata/sap/ZINFI_PLT_API_SRV/InfiMouldMstSet('C018565R15UXRTGC02')"", 'uri': ""https://s4api.sap.jktyre.in:44305/sap/opu/odata/sap/ZINFI_PLT_API_SRV/InfiMouldMstSet('C018565R15UXRTGC02')"", 'type': 'ZINFI_PLT_API_SRV.InfiMouldMst'}",C018565R15UXRTGC02,185/65R15 UX ROYALE DMD6205_GC02,1900,Chennai Tyre Plant,,,,ACTIVE,,
"{'id': ""https://s4api.sap.jktyre.in:44305/sap/opu/odata/sap/ZINFI_PLT_API_SRV/InfiMouldMstSet('C019565R15UXRHMI05')"", 'uri': ""https://s4api.sap.jktyre.in:44305/sap/opu/odata/sap/ZINFI_PLT_API_SRV/InfiMouldMstSet('C019565R15UXRHMI05')"", 'type': 'ZINFI_PLT_API_SRV.InfiMouldMst'}",C019565R15UXRHMI05,195 / 65 R 15 UX ROYALE _ HMI05,1900,Chennai Tyre Plant,,,,ACTIVE,,
"{'id': ""https://s4api.sap.jktyre.in:44305/sap/opu/odata/sap/ZINFI_PLT_API_SRV/InfiMouldMstSet('C019565R15UXRHMI06')"", 'uri': ""https://s4api.sap.jktyre.in:44305/sap/opu/odata/sap/ZINFI_PLT_API_SRV/InfiMouldMstSet('C019565R15UXRHMI06')"", 'type': 'ZINFI_PLT_API_SRV.InfiMouldMst'}",C019565R15UXRHMI06,195 / 65 R 15 UX ROYALE _ HMI06,1900,Chennai Tyre Plant,,,,ACTIVE,,
"{'id': ""https://s4api.sap.jktyre.in:44305/sap/opu/odata/sap/ZINFI_PLT_API_SRV/InfiMouldMstSet('C019565R15UXRHMI07')"", 'uri': ""https://s4api.sap.jktyre.in:44305/sap/opu/odata/sap/ZINFI_PLT_API_SRV/InfiMouldMstSet('C019565R15UXRHMI07')"", 'type': 'ZINFI_PLT_API_SRV.InfiMouldMst'}",C019565R15UXRHMI07,195 / 65 R 15 UX ROYALE _ HMI07,1900,Chennai Tyre Plant,,,,ACTIVE,,
"{'id': ""https://s4api.sap.jktyre.in:44305/sap/opu/odata/sap/ZINFI_PLT_API_SRV/InfiMouldMstSet('C019565R15UXRHMI08')"", 'uri': ""https://s4api.sap.jktyre.in:44305/sap/opu/odata/sap/ZINFI_PLT_API_SRV/InfiMouldMstSet('C019565R15UXRHMI08')"", 'type': 'ZINFI_PLT_API_SRV.InfiMouldMst'}",C019565R15UXRHMI08,195 / 65 R 15 UX ROYALE _ HMI08,1900,Chennai Tyre Plant,,,,ACTIVE,,
"{'id': ""https://s4api.sap.jktyre.in:44305/sap/opu/odata/sap/ZINFI_PLT_API_SRV/InfiMouldMstSet('C026565R18RHTPHM01')"", 'uri': ""https://s4api.sap.jktyre.in:44305/sap/opu/odata/sap/ZINFI_PLT_API_SRV/InfiMouldMstSet('C026565R18RHTPHM01')"", 'type': 'ZINFI_PLT_API_SRV.InfiMouldMst'}",C026565R18RHTPHM01,265 / 65 R 18 RANGER HT _ HM01,1900,Chennai Tyre Plant,,,,ACTIVE,,
"{'id': ""https://s4api.sap.jktyre.in:44305/sap/opu/odata/sap/ZINFI_PLT_API_SRV/InfiMouldMstSet('C026565R18RHTPHM02')"", 'uri': ""https://s4api.sap.jktyre.in:44305/sap/opu/odata/sap/ZINFI_PLT_API_SRV/InfiMouldMstSet('C026565R18RHTPHM02')"", 'type': 'ZINFI_PLT_API_SRV.InfiMouldMst'}",C026565R18RHTPHM02,265 / 65 R 18 RANGER HT _ HM02,1900,Chennai Tyre Plant,,,,ACTIVE,,
"{'id': ""https://s4api.sap.jktyre.in:44305/sap/opu/odata/sap/ZINFI_PLT_API_SRV/InfiMouldMstSet('C027570R225JTLHM01')"", 'uri': ""https://s4api.sap.jktyre.in:44305/sap/opu/odata/sap/ZINFI_PLT_API_SRV/InfiMouldMstSet('C027570R225JTLHM01')"", 'type': 'ZINFI_PLT_API_SRV.InfiMouldMst'}",C027570R225JTLHM01,275/70R22.5 JUXE TL-HM01,1900,Chennai Tyre Plant,,,,ACTIVE,,
"{'id': ""https://s4api.sap.jktyre.in:44305/sap/opu/odata/sap/ZINFI_PLT_API_SRV/InfiMouldMstSet('C029580R225JUMGC01')"", 'uri': ""https://s4api.sap.jktyre.in:44305/sap/opu/odata/sap/ZINFI_PLT_API_SRV/InfiMouldMstSet('C029580R225JUMGC01')"", 'type': 'ZINFI_PLT_API_SRV.InfiMouldMst'}",C029580R225JUMGC01,295/80 R 22.5 JW JUM 16PR TL _ GC01,1900,Chennai Tyre Plant,,,,ACTIVE,,
"{'id': ""https://s4api.sap.jktyre.in:44305/sap/opu/odata/sap/ZINFI_PLT_API_SRV/InfiMouldMstSet('C029580R225JUMGC02')"", 'uri': ""https://s4api.sap.jktyre.in:44305/sap/opu/odata/sap/ZINFI_PLT_API_SRV/InfiMouldMstSet('C029580R225JUMGC02')"", 'type': 'ZINFI_PLT_API_SRV.InfiMouldMst'}",C029580R225JUMGC02,295/80 R 22.5 JW JUM_GC02,1900,Chennai Tyre Plant,,,,ACTIVE,,
"{'id': ""https://s4api.sap.jktyre.in:44305/sap/opu/odata/sap/ZINFI_PLT_API_SRV/InfiMouldMstSet('C031580225JDL3HM01')"", 'uri': ""https://s4api.sap.jktyre.in:44305/sap/opu/odata/sap/ZINFI_PLT_API_SRV/InfiMouldMstSet('C031580225JDL3HM01')"", 'type': 'ZINFI_PLT_API_SRV.InfiMouldMst'}",C031580225JDL3HM01,315/80R22.5 JS JDL3+_HM01,1900,Chennai Tyre Plant,,,,ACTIVE,,
"{'id': ""https://s4api.sap.jktyre.in:44305/sap/opu/odata/sap/ZINFI_PLT_API_SRV/InfiMouldMstSet('C031580225JDL3HM02')"", 'uri': ""https://s4api.sap.jktyre.in:44305/sap/opu/odata/sap/ZINFI_PLT_API_SRV/InfiMouldMstSet('C031580225JDL3HM02')"", 'type': 'ZINFI_PLT_API_SRV.InfiMouldMst'}",C031580225JDL3HM02,315/80R22.5 JS JDL3+_HM02,1900,Chennai Tyre Plant,,,,ACTIVE,,
"{'id': ""https://s4api.sap.jktyre.in:44305/sap/opu/odata/sap/ZINFI_PLT_API_SRV/InfiMouldMstSet('C0825R20JDE000GC11')"", 'uri': ""https://s4api.sap.jktyre.in:44305/sap/opu/odata/sap/ZINFI_PLT_API_SRV/InfiMouldMstSet('C0825R20JDE000GC11')"", 'type': 'ZINFI_PLT_API_SRV.InfiMouldMst'}",C0825R20JDE000GC11,8.25 R 20 JETSTEEL  JDE++ _ GC11,1900,Chennai Tyre Plant,,,,ACTIVE,,
"{'id': ""https://s4api.sap.jktyre.in:44305/sap/opu/odata/sap/ZINFI_PLT_API_SRV/InfiMouldMstSet('C0825R20JDE000GC12')"", 'uri': ""https://s4api.sap.jktyre.in:44305/sap/opu/odata/sap/ZINFI_PLT_API_SRV/InfiMouldMstSet('C0825R20JDE000GC12')"", 'type': 'ZINFI_PLT_API_SRV.InfiMouldMst'}",C0825R20JDE000GC12,8.25 R 20 JETSTEEL  JDE++ _ GC12,1900,Chennai Tyre Plant,,,,ACTIVE,,
"{'id': ""https://s4api.sap.jktyre.in:44305/sap/opu/odata/sap/ZINFI_PLT_API_SRV/InfiMouldMstSet('C0825R20JDE000GC13')"", 'uri': ""https://s4api.sap.jktyre.in:44305/sap/opu/odata/sap/ZINFI_PLT_API_SRV/InfiMouldMstSet('C0825R20JDE000GC13')"", 'type': 'ZINFI_PLT_API_SRV.InfiMouldMst'}",C0825R20JDE000GC13,8.25 R 20 JETSTEEL  JDE++ _ GC13,1900,Chennai Tyre Plant,,,,ACTIVE,,
"{'id': ""https://s4api.sap.jktyre.in:44305/sap/opu/odata/sap/ZINFI_PLT_API_SRV/InfiMouldMstSet('C0825R20JDE000GC14')"", 'uri': ""https://s4api.sap.jktyre.in:44305/sap/opu/odata/sap/ZINFI_PLT_API_SRV/InfiMouldMstSet('C0825R20JDE000GC14')"", 'type': 'ZINFI_PLT_API_SRV.InfiMouldMst'}",C0825R20JDE000GC14,8.25 R 20 JETSTEEL  JDE++ _ GC14,1900,Chennai Tyre Plant,,,,ACTIVE,,
"{'id': ""https://s4api.sap.jktyre.in:44305/sap/opu/odata/sap/ZINFI_PLT_API_SRV/InfiMouldMstSet('C0825R20JUH500GC07')"", 'uri': ""https://s4api.sap.jktyre.in:44305/sap/opu/odata/sap/ZINFI_PLT_API_SRV/InfiMouldMstSet('C0825R20JUH500GC07')"", 'type': 'ZINFI_PLT_API_SRV.InfiMouldMst'}",C0825R20JUH500GC07,8.25 R 20 JETWAY JUH5 _ GC07,1900,Chennai Tyre Plant,,,,ACTIVE,,
"{'id': ""https://s4api.sap.jktyre.in:44305/sap/opu/odata/sap/ZINFI_PLT_API_SRV/InfiMouldMstSet('C0825R20JUH500GC08')"", 'uri': ""https://s4api.sap.jktyre.in:44305/sap/opu/odata/sap/ZINFI_PLT_API_SRV/InfiMouldMstSet('C0825R20JUH500GC08')"", 'type': 'ZINFI_PLT_API_SRV.InfiMouldMst'}",C0825R20JUH500GC08,8.25 R 20 JETWAY JUH5 _ GC08,1900,Chennai Tyre Plant,,,,ACTIVE,,
"{'id': ""https://s4api.sap.jktyre.in:44305/sap/opu/odata/sap/ZINFI_PLT_API_SRV/InfiMouldMstSet('C0825R20JUH500GC09')"", 'uri': ""https://s4api.sap.jktyre.in:44305/sap/opu/odata/sap/ZINFI_PLT_API_SRV/InfiMouldMstSet('C0825R20JUH500GC09')"", 'type': 'ZINFI_PLT_API_SRV.InfiMouldMst'}",C0825R20JUH500GC09,8.25 R 20 JETWAY JUH5 _ GC09,1900,Chennai Tyre Plant,,,,ACTIVE,,
"{'id': ""https://s4api.sap.jktyre.in:44305/sap/opu/odata/sap/ZINFI_PLT_API_SRV/InfiMouldMstSet('C0825R20JUH500GC10')"", 'uri': ""https://s4api.sap.jktyre.in:44305/sap/opu/odata/sap/ZINFI_PLT_API_SRV/InfiMouldMstSet('C0825R20JUH500GC10')"", 'type': 'ZINFI_PLT_API_SRV.InfiMouldMst'}",C0825R20JUH500GC10,8.25 R 20 JETWAY JUH5 _ GC10,1900,Chennai Tyre Plant,,,,ACTIVE,,
"{'id': ""https://s4api.sap.jktyre.in:44305/sap/opu/odata/sap/ZINFI_PLT_API_SRV/InfiMouldMstSet('C09R20JWJUH516GC01')"", 'uri': ""https://s4api.sap.jktyre.in:44305/sap/opu/odata/sap/ZINFI_PLT_API_SRV/InfiMouldMstSet('C09R20JWJUH516GC01')"", 'type': 'ZINFI_PLT_API_SRV.InfiMouldMst'}",C09R20JWJUH516GC01,9.00 R 20 JW JUH5 16PR TT _ GC01,1900,Chennai Tyre Plant,,,,ACTIVE,,
"{'id': ""https://s4api.sap.jktyre.in:44305/sap/opu/odata/sap/ZINFI_PLT_API_SRV/InfiMouldMstSet('C09R20JWJUH516GC02')"", 'uri': ""https://s4api.sap.jktyre.in:44305/sap/opu/odata/sap/ZINFI_PLT_API_SRV/InfiMouldMstSet('C09R20JWJUH516GC02')"", 'type': 'ZINFI_PLT_API_SRV.InfiMouldMst'}",C09R20JWJUH516GC02,9.00 R 20 JW JUH5 16PR TT _ GC02,1900,Chennai Tyre Plant,,,,ACTIVE,,
"{'id': ""https://s4api.sap.jktyre.in:44305/sap/opu/odata/sap/ZINFI_PLT_API_SRV/InfiMouldMstSet('C09R20JWJUH516GC03')"", 'uri': ""https://s4api.sap.jktyre.in:44305/sap/opu/odata/sap/ZINFI_PLT_API_SRV/InfiMouldMstSet('C09R20JWJUH516GC03')"", 'type': 'ZINFI_PLT_API_SRV.InfiMouldMst'}",C09R20JWJUH516GC03,9.00 R 20 JW JUH5 16PR TT _ GC03,1900,Chennai Tyre Plant,,,,ACTIVE,,
"{'id': ""https://s4api.sap.jktyre.in:44305/sap/opu/odata/sap/ZINFI_PLT_API_SRV/InfiMouldMstSet('C09R20JWJUH516GC04')"", 'uri': ""https://s4api.sap.jktyre.in:44305/sap/opu/odata/sap/ZINFI_PLT_API_SRV/InfiMouldMstSet('C09R20JWJUH516GC04')"", 'type': 'ZINFI_PLT_API_SRV.InfiMouldMst'}",C09R20JWJUH516GC04,9.00 R 20 JW JUH5 16PR TT _ GC04,1900,Chennai Tyre Plant,,,,ACTIVE,,
"{'id': ""https://s4api.sap.jktyre.in:44305/sap/opu/odata/sap/ZINFI_PLT_API_SRV/InfiMouldMstSet('C09R20JWJUH516GC05')"", 'uri': ""https://s4api.sap.jktyre.in:44305/sap/opu/odata/sap/ZINFI_PLT_API_SRV/InfiMouldMstSet('C09R20JWJUH516GC05')"", 'type': 'ZINFI_PLT_API_SRV.InfiMouldMst'}",C09R20JWJUH516GC05,9.00 R 20 JW JUH5 16PR TT _ GC05,1900,Chennai Tyre Plant,,,,ACTIVE,,
"{'id': ""https://s4api.sap.jktyre.in:44305/sap/opu/odata/sap/ZINFI_PLT_API_SRV/InfiMouldMstSet('C09R20JWJUH516GC06')"", 'uri': ""https://s4api.sap.jktyre.in:44305/sap/opu/odata/sap/ZINFI_PLT_API_SRV/InfiMouldMstSet('C09R20JWJUH516GC06')"", 'type': 'ZINFI_PLT_API_SRV.InfiMouldMst'}",C09R20JWJUH516GC06,9.00 R 20 JW JUH5 16PR TT _ GC06,1900,Chennai Tyre Plant,,,,ACTIVE,,
"{'id': ""https://s4api.sap.jktyre.in:44305/sap/opu/odata/sap/ZINFI_PLT_API_SRV/InfiMouldMstSet('C10R20CHACDH16HM01')"", 'uri': ""https://s4api.sap.jktyre.in:44305/sap/opu/odata/sap/ZINFI_PLT_API_SRV/InfiMouldMstSet('C10R20CHACDH16HM01')"", 'type': 'ZINFI_PLT_API_SRV.InfiMouldMst'}",C10R20CHACDH16HM01,10.00 R 20 CHALLENGER CDH 16PR TT_ HM01,1900,Chennai Tyre Plant,,,,ACTIVE,,
"{'id': ""https://s4api.sap.jktyre.in:44305/sap/opu/odata/sap/ZINFI_PLT_API_SRV/InfiMouldMstSet('C10R20CHACDH16HM04')"", 'uri': ""https://s4api.sap.jktyre.in:44305/sap/opu/odata/sap/ZINFI_PLT_API_SRV/InfiMouldMstSet('C10R20CHACDH16HM04')"", 'type': 'ZINFI_PLT_API_SRV.InfiMouldMst'}",C10R20CHACDH16HM04,10.00 R 20  CDH 16PR TT_ HM04,1900,Chennai Tyre Plant,,,,ACTIVE,,
"{'id': ""https://s4api.sap.jktyre.in:44305/sap/opu/odata/sap/ZINFI_PLT_API_SRV/InfiMouldMstSet('C10R20CHACDH16HM05')"", 'uri': ""https://s4api.sap.jktyre.in:44305/sap/opu/odata/sap/ZINFI_PLT_API_SRV/InfiMouldMstSet('C10R20CHACDH16HM05')"", 'type': 'ZINFI_PLT_API_SRV.InfiMouldMst'}",C10R20CHACDH16HM05,10.00 R 20 CDH 16PR TT_ HM05,1900,Chennai Tyre Plant,,,,ACTIVE,,
"{'id': ""https://s4api.sap.jktyre.in:44305/sap/opu/odata/sap/ZINFI_PLT_API_SRV/InfiMouldMstSet('C10R20CHACDH16HM06')"", 'uri': ""https://s4api.sap.jktyre.in:44305/sap/opu/odata/sap/ZINFI_PLT_API_SRV/InfiMouldMstSet('C10R20CHACDH16HM06')"", 'type': 'ZINFI_PLT_API_SRV.InfiMouldMst'}",C10R20CHACDH16HM06,10.00 R 20  CDU TT 16PR_HM06,1900,Chennai Tyre Plant,,,,ACTIVE,,
"{'id': ""https://s4api.sap.jktyre.in:44305/sap/opu/odata/sap/ZINFI_PLT_API_SRV/InfiMouldMstSet('C10R20CHACDH16HM07')"", 'uri': ""https://s4api.sap.jktyre.in:44305/sap/opu/odata/sap/ZINFI_PLT_API_SRV/InfiMouldMstSet('C10R20CHACDH16HM07')"", 'type': 'ZINFI_PLT_API_SRV.InfiMouldMst'}",C10R20CHACDH16HM07,10.00 R 20 CDH 16PR TT_ HM07,1900,Chennai Tyre Plant,,,,ACTIVE,,
"{'id': ""https://s4api.sap.jktyre.in:44305/sap/opu/odata/sap/ZINFI_PLT_API_SRV/InfiMouldMstSet('C10R20CHACDH16HM08')"", 'uri': ""https://s4api.sap.jktyre.in:44305/sap/opu/odata/sap/ZINFI_PLT_API_SRV/InfiMouldMstSet('C10R20CHACDH16HM08')"", 'type': 'ZINFI_PLT_API_SRV.InfiMouldMst'}",C10R20CHACDH16HM08,10.00 R 20  CDH 16PR TT_ HM08,1900,Chennai Tyre Plant,,,,ACTIVE,,
"{'id': ""https://s4api.sap.jktyre.in:44305/sap/opu/odata/sap/ZINFI_PLT_API_SRV/InfiMouldMstSet('C10R20CHACDH16HM09')"", 'uri': ""https://s4api.sap.jktyre.in:44305/sap/opu/odata/sap/ZINFI_PLT_API_SRV/InfiMouldMstSet('C10R20CHACDH16HM09')"", 'type': 'ZINFI_PLT_API_SRV.InfiMouldMst'}",C10R20CHACDH16HM09,10.00 R 20 CDH 16PR TT_ HM09,1900,Chennai Tyre Plant,,,,ACTIVE,,
"{'id': ""https://s4api.sap.jktyre.in:44305/sap/opu/odata/sap/ZINFI_PLT_API_SRV/InfiMouldMstSet('C10R20CHACDH16HM10')"", 'uri': ""https://s4api.sap.jktyre.in:44305/sap/opu/odata/sap/ZINFI_PLT_API_SRV/InfiMouldMstSet('C10R20CHACDH16HM10')"", 'type': 'ZINFI_PLT_API_SRV.InfiMouldMst'}",C10R20CHACDH16HM10,10.00 R 20  CDU TT 16PR_HM10,1900,Chennai Tyre Plant,,,,ACTIVE,,
"{'id': ""https://s4api.sap.jktyre.in:44305/sap/opu/odata/sap/ZINFI_PLT_API_SRV/InfiMouldMstSet('C10R20CHACDH16HM11')"", 'uri': ""https://s4api.sap.jktyre.in:44305/sap/opu/odata/sap/ZINFI_PLT_API_SRV/InfiMouldMstSet('C10R20CHACDH16HM11')"", 'type': 'ZINFI_PLT_API_SRV.InfiMouldMst'}",C10R20CHACDH16HM11,10.00 R 20 CDH 16PR TT_ HM11,1900,Chennai Tyre Plant,,,,ACTIVE,,
"{'id': ""https://s4api.sap.jktyre.in:44305/sap/opu/odata/sap/ZINFI_PLT_API_SRV/InfiMouldMstSet('C10R20CHACDH16HM12')"", 'uri': ""https://s4api.sap.jktyre.in:44305/sap/opu/odata/sap/ZINFI_PLT_API_SRV/InfiMouldMstSet('C10R20CHACDH16HM12')"", 'type': 'ZINFI_PLT_API_SRV.InfiMouldMst'}",C10R20CHACDH16HM12,10.00 R 20  CDH 16PR TT_ HM12,1900,Chennai Tyre Plant,,,,ACTIVE,,
"{'id': ""https://s4api.sap.jktyre.in:44305/sap/opu/odata/sap/ZINFI_PLT_API_SRV/InfiMouldMstSet('C10R20CHACDH16HM14')"", 'uri': ""https://s4api.sap.jktyre.in:44305/sap/opu/odata/sap/ZINFI_PLT_API_SRV/InfiMouldMstSet('C10R20CHACDH16HM14')"", 'type': 'ZINFI_PLT_API_SRV.InfiMouldMst'}",C10R20CHACDH16HM14,10.00 R 20  CDH 16PR TT_ HM14,1900,Chennai Tyre Plant,,,,ACTIVE,,
"{'id': ""https://s4api.sap.jktyre.in:44305/sap/opu/odata/sap/ZINFI_PLT_API_SRV/InfiMouldMstSet('C10R20CHACUC16HM01')"", 'uri': ""https://s4api.sap.jktyre.in:44305/sap/opu/odata/sap/ZINFI_PLT_API_SRV/InfiMouldMstSet('C10R20CHACUC16HM01')"", 'type': 'ZINFI_PLT_API_SRV.InfiMouldMst'}",C10R20CHACUC16HM01,10.00 R 20 CUC 16PR TT_HM01,1900,Chennai Tyre Plant,,,,ACTIVE,,
"{'id': ""https://s4api.sap.jktyre.in:44305/sap/opu/odata/sap/ZINFI_PLT_API_SRV/InfiMouldMstSet('C10R20CHACUC16HM02')"", 'uri': ""https://s4api.sap.jktyre.in:44305/sap/opu/odata/sap/ZINFI_PLT_API_SRV/InfiMouldMstSet('C10R20CHACUC16HM02')"", 'type': 'ZINFI_PLT_API_SRV.InfiMouldMst'}",C10R20CHACUC16HM02,10.00 R 20 CUC 16PR TT_HM02,1900,Chennai Tyre Plant,,,,ACTIVE,,
"{'id': ""https://s4api.sap.jktyre.in:44305/sap/opu/odata/sap/ZINFI_PLT_API_SRV/InfiMouldMstSet('C10R20CHACUC16HM06')"", 'uri': ""https://s4api.sap.jktyre.in:44305/sap/opu/odata/sap/ZINFI_PLT_API_SRV/InfiMouldMstSet('C10R20CHACUC16HM06')"", 'type': 'ZINFI_PLT_API_SRV.InfiMouldMst'}",C10R20CHACUC16HM06,10.00 R 20 CHALLENGER CUC 16PR TT_ HM06,1900,Chennai Tyre Plant,,,,ACTIVE,,
"{'id': ""https://s4api.sap.jktyre.in:44305/sap/opu/odata/sap/ZINFI_PLT_API_SRV/InfiMouldMstSet('C10R20CHACUC16HM07')"", 'uri': ""https://s4api.sap.jktyre.in:44305/sap/opu/odata/sap/ZINFI_PLT_API_SRV/InfiMouldMstSet('C10R20CHACUC16HM07')"", 'type': 'ZINFI_PLT_API_SRV.InfiMouldMst'}",C10R20CHACUC16HM07,10.00 R 20 CHALLENGER CUC 16PR TT_ HM07,1900,Chennai Tyre Plant,,,,ACTIVE,,
"{'id': ""https://s4api.sap.jktyre.in:44305/sap/opu/odata/sap/ZINFI_PLT_API_SRV/InfiMouldMstSet('C10R20CHACUC16HM09')"", 'uri': ""https://s4api.sap.jktyre.in:44305/sap/opu/odata/sap/ZINFI_PLT_API_SRV/InfiMouldMstSet('C10R20CHACUC16HM09')"", 'type': 'ZINFI_PLT_API_SRV.InfiMouldMst'}",C10R20CHACUC16HM09,10.00 R 20  CUC 16PR TT_ HM09,1900,Chennai Tyre Plant,,,,ACTIVE,,
"{'id': ""https://s4api.sap.jktyre.in:44305/sap/opu/odata/sap/ZINFI_PLT_API_SRV/InfiMouldMstSet('C10R20CHACUC16HM12')"", 'uri': ""https://s4api.sap.jktyre.in:44305/sap/opu/odata/sap/ZINFI_PLT_API_SRV/InfiMouldMstSet('C10R20CHACUC16HM12')"", 'type': 'ZINFI_PLT_API_SRV.InfiMouldMst'}",C10R20CHACUC16HM12,10.00 R 20  CUC 16PR TT_ HM12,1900,Chennai Tyre Plant,,,,ACTIVE,,
"{'id': ""https://s4api.sap.jktyre.in:44305/sap/opu/odata/sap/ZINFI_PLT_API_SRV/InfiMouldMstSet('C10R20CHACUC16HM13')"", 'uri': ""https://s4api.sap.jktyre.in:44305/sap/opu/odata/sap/ZINFI_PLT_API_SRV/InfiMouldMstSet('C10R20CHACUC16HM13')"", 'type': 'ZINFI_PLT_API_SRV.InfiMouldMst'}",C10R20CHACUC16HM13,10.00 R 20  CUC 16PR TT_ HM13,1900,Chennai Tyre Plant,,,,ACTIVE,,
"{'id': ""https://s4api.sap.jktyre.in:44305/sap/opu/odata/sap/ZINFI_PLT_API_SRV/InfiMouldMstSet('C10R20CHACUC16HM14')"", 'uri': ""https://s4api.sap.jktyre.in:44305/sap/opu/odata/sap/ZINFI_PLT_API_SRV/InfiMouldMstSet('C10R20CHACUC16HM14')"", 'type': 'ZINFI_PLT_API_SRV.InfiMouldMst'}",C10R20CHACUC16HM14,10.00 R 20  CUC 16PR TT_ HM14,1900,Chennai Tyre Plant,,,,ACTIVE,,
"{'id': ""https://s4api.sap.jktyre.in:44305/sap/opu/odata/sap/ZINFI_PLT_API_SRV/InfiMouldMstSet('C10R20CHACUC16HM15')"", 'uri': ""https://s4api.sap.jktyre.in:44305/sap/opu/odata/sap/ZINFI_PLT_API_SRV/InfiMouldMstSet('C10R20CHACUC16HM15')"", 'type': 'ZINFI_PLT_API_SRV.InfiMouldMst'}",C10R20CHACUC16HM15,10.00 R 20  CUC 16PR TT_ HM15,1900,Chennai Tyre Plant,,,,ACTIVE,,
"{'id': ""https://s4api.sap.jktyre.in:44305/sap/opu/odata/sap/ZINFI_PLT_API_SRV/InfiMouldMstSet('C10R20CHACUC16HM16')"", 'uri': ""https://s4api.sap.jktyre.in:44305/sap/opu/odata/sap/ZINFI_PLT_API_SRV/InfiMouldMstSet('C10R20CHACUC16HM16')"", 'type': 'ZINFI_PLT_API_SRV.InfiMouldMst'}",C10R20CHACUC16HM16,10.00 R 20 CUC 16PR TT_ HM16,1900,Chennai Tyre Plant,,,,ACTIVE,,
"{'id': ""https://s4api.sap.jktyre.in:44305/sap/opu/odata/sap/ZINFI_PLT_API_SRV/InfiMouldMstSet('C10R20CHCDH16CHM01')"", 'uri': ""https://s4api.sap.jktyre.in:44305/sap/opu/odata/sap/ZINFI_PLT_API_SRV/InfiMouldMstSet('C10R20CHCDH16CHM01')"", 'type': 'ZINFI_PLT_API_SRV.InfiMouldMst'}",C10R20CHCDH16CHM01,10.00 R 20  CDH 16PR TT_ CHM01,1900,Chennai Tyre Plant,,,,ACTIVE,,
"{'id': ""https://s4api.sap.jktyre.in:44305/sap/opu/odata/sap/ZINFI_PLT_API_SRV/InfiMouldMstSet('C10R20CHCDU100GR10')"", 'uri': ""https://s4api.sap.jktyre.in:44305/sap/opu/odata/sap/ZINFI_PLT_API_SRV/InfiMouldMstSet('C10R20CHCDU100GR10')"", 'type': 'ZINFI_PLT_API_SRV.InfiMouldMst'}",C10R20CHCDU100GR10,10.00 R 20 CHALLENGER CDU 100_GR10,1900,Chennai Tyre Plant,,,,ACTIVE,,
"{'id': ""https://s4api.sap.jktyre.in:44305/sap/opu/odata/sap/ZINFI_PLT_API_SRV/InfiMouldMstSet('C10R20CHCDU100HM05')"", 'uri': ""https://s4api.sap.jktyre.in:44305/sap/opu/odata/sap/ZINFI_PLT_API_SRV/InfiMouldMstSet('C10R20CHCDU100HM05')"", 'type': 'ZINFI_PLT_API_SRV.InfiMouldMst'}",C10R20CHCDU100HM05,10.00 R 20 CHALLENGER CDU 100_HM05,1900,Chennai Tyre Plant,,,,ACTIVE,,
"{'id': ""https://s4api.sap.jktyre.in:44305/sap/opu/odata/sap/ZINFI_PLT_API_SRV/InfiMouldMstSet('C10R20CHCDU100HM11')"", 'uri': ""https://s4api.sap.jktyre.in:44305/sap/opu/odata/sap/ZINFI_PLT_API_SRV/InfiMouldMstSet('C10R20CHCDU100HM11')"", 'type': 'ZINFI_PLT_API_SRV.InfiMouldMst'}",C10R20CHCDU100HM11,10.00 R 20 CHALLENGER CDU 100_HM11,1900,Chennai Tyre Plant,,,,ACTIVE,,
"{'id': ""https://s4api.sap.jktyre.in:44305/sap/opu/odata/sap/ZINFI_PLT_API_SRV/InfiMouldMstSet('C10R20CHCDU100HM12')"", 'uri': ""https://s4api.sap.jktyre.in:44305/sap/opu/odata/sap/ZINFI_PLT_API_SRV/InfiMouldMstSet('C10R20CHCDU100HM12')"", 'type': 'ZINFI_PLT_API_SRV.InfiMouldMst'}",C10R20CHCDU100HM12,10.00 R 20 CHALLENGER CDU 100_HM12,1900,Chennai Tyre Plant,,,,ACTIVE,,
"{'id': ""https://s4api.sap.jktyre.in:44305/sap/opu/odata/sap/ZINFI_PLT_API_SRV/InfiMouldMstSet('C10R20CHCUC16HM04')"", 'uri': ""https://s4api.sap.jktyre.in:44305/sap/opu/odata/sap/ZINFI_PLT_API_SRV/InfiMouldMstSet('C10R20CHCUC16HM04')"", 'type': 'ZINFI_PLT_API_SRV.InfiMouldMst'}",C10R20CHCUC16HM04,10.00 R 20 CUC 16PR TT_HM04,1900,Chennai Tyre Plant,,,,ACTIVE,,
"{'id': ""https://s4api.sap.jktyre.in:44305/sap/opu/odata/sap/ZINFI_PLT_API_SRV/InfiMouldMstSet('C10R20JDEINA16GC01')"", 'uri': ""https://s4api.sap.jktyre.in:44305/sap/opu/odata/sap/ZINFI_PLT_API_SRV/InfiMouldMstSet('C10R20JDEINA16GC01')"", 'type': 'ZINFI_PLT_API_SRV.InfiMouldMst'}",C10R20JDEINA16GC01,10.00 R 20 JS JDE INA 16PR TT_GC01,1900,Chennai Tyre Plant,,,,ACTIVE,,
"{'id': ""https://s4api.sap.jktyre.in:44305/sap/opu/odata/sap/ZINFI_PLT_API_SRV/InfiMouldMstSet('C10R20JDEINA16HM01')"", 'uri': ""https://s4api.sap.jktyre.in:44305/sap/opu/odata/sap/ZINFI_PLT_API_SRV/InfiMouldMstSet('C10R20JDEINA16HM01')"", 'type': 'ZINFI_PLT_API_SRV.InfiMouldMst'}",C10R20JDEINA16HM01,10.00 R 20 JS JDE INA 16PR TT_HM01,1900,Chennai Tyre Plant,,,,ACTIVE,,
"{'id': ""https://s4api.sap.jktyre.in:44305/sap/opu/odata/sap/ZINFI_PLT_API_SRV/InfiMouldMstSet('C10R20JS12116HM01')"", 'uri': ""https://s4api.sap.jktyre.in:44305/sap/opu/odata/sap/ZINFI_PLT_API_SRV/InfiMouldMstSet('C10R20JS12116HM01')"", 'type': 'ZINFI_PLT_API_SRV.InfiMouldMst'}",C10R20JS12116HM01,295/90R20 JS JDE XF_HM01,1900,Chennai Tyre Plant,,,,ACTIVE,,
"{'id': ""https://s4api.sap.jktyre.in:44305/sap/opu/odata/sap/ZINFI_PLT_API_SRV/InfiMouldMstSet('C10R20JS12116HM02')"", 'uri': ""https://s4api.sap.jktyre.in:44305/sap/opu/odata/sap/ZINFI_PLT_API_SRV/InfiMouldMstSet('C10R20JS12116HM02')"", 'type': 'ZINFI_PLT_API_SRV.InfiMouldMst'}",C10R20JS12116HM02,295/90R20 JS JDE XF_HM02,1900,Chennai Tyre Plant,,,,ACTIVE,,
"{'id': ""https://s4api.sap.jktyre.in:44305/sap/opu/odata/sap/ZINFI_PLT_API_SRV/InfiMouldMstSet('C10R20JS12216GC01')"", 'uri': ""https://s4api.sap.jktyre.in:44305/sap/opu/odata/sap/ZINFI_PLT_API_SRV/InfiMouldMstSet('C10R20JS12216GC01')"", 'type': 'ZINFI_PLT_API_SRV.InfiMouldMst'}",C10R20JS12216GC01,10.00 R 20 JS 122 16PR TT_GC01,1900,Chennai Tyre Plant,,,,ACTIVE,,
"{'id': ""https://s4api.sap.jktyre.in:44305/sap/opu/odata/sap/ZINFI_PLT_API_SRV/InfiMouldMstSet('C10R20JS12216GC02')"", 'uri': ""https://s4api.sap.jktyre.in:44305/sap/opu/odata/sap/ZINFI_PLT_API_SRV/InfiMouldMstSet('C10R20JS12216GC02')"", 'type': 'ZINFI_PLT_API_SRV.InfiMouldMst'}",C10R20JS12216GC02,10.00 R 20 JS 122 16PR TT_GC02,1900,Chennai Tyre Plant,,,,ACTIVE,,
"{'id': ""https://s4api.sap.jktyre.in:44305/sap/opu/odata/sap/ZINFI_PLT_API_SRV/InfiMouldMstSet('C10R20JSJDC316GC01')"", 'uri': ""https://s4api.sap.jktyre.in:44305/sap/opu/odata/sap/ZINFI_PLT_API_SRV/InfiMouldMstSet('C10R20JSJDC316GC01')"", 'type': 'ZINFI_PLT_API_SRV.InfiMouldMst'}",C10R20JSJDC316GC01,295/90R 20 JS JDC3  TT_GC01,1900,Chennai Tyre Plant,,,,ACTIVE,,
"{'id': ""https://s4api.sap.jktyre.in:44305/sap/opu/odata/sap/ZINFI_PLT_API_SRV/InfiMouldMstSet('C10R20JSJDC316GC02')"", 'uri': ""https://s4api.sap.jktyre.in:44305/sap/opu/odata/sap/ZINFI_PLT_API_SRV/InfiMouldMstSet('C10R20JSJDC316GC02')"", 'type': 'ZINFI_PLT_API_SRV.InfiMouldMst'}",C10R20JSJDC316GC02,295/90R 20 JS JDC3  TT_GC02,1900,Chennai Tyre Plant,,,,ACTIVE,,
"{'id': ""https://s4api.sap.jktyre.in:44305/sap/opu/odata/sap/ZINFI_PLT_API_SRV/InfiMouldMstSet('C10R20JSJDC316GC03')"", 'uri': ""https://s4api.sap.jktyre.in:44305/sap/opu/odata/sap/ZINFI_PLT_API_SRV/InfiMouldMstSet('C10R20JSJDC316GC03')"", 'type': 'ZINFI_PLT_API_SRV.InfiMouldMst'}",C10R20JSJDC316GC03,295/90R 20 JS JDC3  TT_GC03,1900,Chennai Tyre Plant,,,,ACTIVE,,
"{'id': ""https://s4api.sap.jktyre.in:44305/sap/opu/odata/sap/ZINFI_PLT_API_SRV/InfiMouldMstSet('C10R20JSJDC316GC04')"", 'uri': ""https://s4api.sap.jktyre.in:44305/sap/opu/odata/sap/ZINFI_PLT_API_SRV/InfiMouldMstSet('C10R20JSJDC316GC04')"", 'type': 'ZINFI_PLT_API_SRV.InfiMouldMst'}",C10R20JSJDC316GC04,295/90R 20 JS JDC3  TT_GC04,1900,Chennai Tyre Plant,,,,ACTIVE,,
"{'id': ""https://s4api.sap.jktyre.in:44305/sap/opu/odata/sap/ZINFI_PLT_API_SRV/InfiMouldMstSet('C10R20JSJDC316GC05')"", 'uri': ""https://s4api.sap.jktyre.in:44305/sap/opu/odata/sap/ZINFI_PLT_API_SRV/InfiMouldMstSet('C10R20JSJDC316GC05')"", 'type': 'ZINFI_PLT_API_SRV.InfiMouldMst'}",C10R20JSJDC316GC05,295/90R20 JS JDC3 TT_GC05,1900,Chennai Tyre Plant,,,,ACTIVE,,
"{'id': ""https://s4api.sap.jktyre.in:44305/sap/opu/odata/sap/ZINFI_PLT_API_SRV/InfiMouldMstSet('C10R20JSJDC316GC06')"", 'uri': ""https://s4api.sap.jktyre.in:44305/sap/opu/odata/sap/ZINFI_PLT_API_SRV/InfiMouldMstSet('C10R20JSJDC316GC06')"", 'type': 'ZINFI_PLT_API_SRV.InfiMouldMst'}",C10R20JSJDC316GC06,10.00R20 JS JDC3_GC06,1900,Chennai Tyre Plant,,,,ACTIVE,,
"{'id': ""https://s4api.sap.jktyre.in:44305/sap/opu/odata/sap/ZINFI_PLT_API_SRV/InfiMouldMstSet('C10R20JSJDC316GC07')"", 'uri': ""https://s4api.sap.jktyre.in:44305/sap/opu/odata/sap/ZINFI_PLT_API_SRV/InfiMouldMstSet('C10R20JSJDC316GC07')"", 'type': 'ZINFI_PLT_API_SRV.InfiMouldMst'}",C10R20JSJDC316GC07,10.00R20 JETSTEEL JDC3 TT 16PR GC-07,1900,Chennai Tyre Plant,,,,ACTIVE,,
"{'id': ""https://s4api.sap.jktyre.in:44305/sap/opu/odata/sap/ZINFI_PLT_API_SRV/InfiMouldMstSet('C10R20JSJDC316GC09')"", 'uri': ""https://s4api.sap.jktyre.in:44305/sap/opu/odata/sap/ZINFI_PLT_API_SRV/InfiMouldMstSet('C10R20JSJDC316GC09')"", 'type': 'ZINFI_PLT_API_SRV.InfiMouldMst'}",C10R20JSJDC316GC09,10.00R20 JS JDC3_GC09,1900,Chennai Tyre Plant,,,,ACTIVE,,
"{'id': ""https://s4api.sap.jktyre.in:44305/sap/opu/odata/sap/ZINFI_PLT_API_SRV/InfiMouldMstSet('C10R20JSJDC316HM01')"", 'uri': ""https://s4api.sap.jktyre.in:44305/sap/opu/odata/sap/ZINFI_PLT_API_SRV/InfiMouldMstSet('C10R20JSJDC316HM01')"", 'type': 'ZINFI_PLT_API_SRV.InfiMouldMst'}",C10R20JSJDC316HM01,10.00R20 JS JDC3_HM01,1900,Chennai Tyre Plant,,,,ACTIVE,,
"{'id': ""https://s4api.sap.jktyre.in:44305/sap/opu/odata/sap/ZINFI_PLT_API_SRV/InfiMouldMstSet('C10R20JSJDC316HM03')"", 'uri': ""https://s4api.sap.jktyre.in:44305/sap/opu/odata/sap/ZINFI_PLT_API_SRV/InfiMouldMstSet('C10R20JSJDC316HM03')"", 'type': 'ZINFI_PLT_API_SRV.InfiMouldMst'}",C10R20JSJDC316HM03,295/90 R 20 JS JDC3 TT HM03,1900,Chennai Tyre Plant,,,,ACTIVE,,
"{'id': ""https://s4api.sap.jktyre.in:44305/sap/opu/odata/sap/ZINFI_PLT_API_SRV/InfiMouldMstSet('C10R20JSJDC316HM05')"", 'uri': ""https://s4api.sap.jktyre.in:44305/sap/opu/odata/sap/ZINFI_PLT_API_SRV/InfiMouldMstSet('C10R20JSJDC316HM05')"", 'type': 'ZINFI_PLT_API_SRV.InfiMouldMst'}",C10R20JSJDC316HM05,295/90R20 JETSTEEL JDC3 TT HM-05,1900,Chennai Tyre Plant,,,,ACTIVE,,
"{'id': ""https://s4api.sap.jktyre.in:44305/sap/opu/odata/sap/ZINFI_PLT_API_SRV/InfiMouldMstSet('C10R20JSJDC316HM06')"", 'uri': ""https://s4api.sap.jktyre.in:44305/sap/opu/odata/sap/ZINFI_PLT_API_SRV/InfiMouldMstSet('C10R20JSJDC316HM06')"", 'type': 'ZINFI_PLT_API_SRV.InfiMouldMst'}",C10R20JSJDC316HM06,295/90R20 JETSTEEL JDC3 TT HM-06,1900,Chennai Tyre Plant,,,,ACTIVE,,
"{'id': ""https://s4api.sap.jktyre.in:44305/sap/opu/odata/sap/ZINFI_PLT_API_SRV/InfiMouldMstSet('C10R20JSJDC316HM07')"", 'uri': ""https://s4api.sap.jktyre.in:44305/sap/opu/odata/sap/ZINFI_PLT_API_SRV/InfiMouldMstSet('C10R20JSJDC316HM07')"", 'type': 'ZINFI_PLT_API_SRV.InfiMouldMst'}",C10R20JSJDC316HM07,10.00R20 JETSTEEL JDC3 TT 16PR HM-07,1900,Chennai Tyre Plant,,,,ACTIVE,,
"{'id': ""https://s4api.sap.jktyre.in:44305/sap/opu/odata/sap/ZINFI_PLT_API_SRV/InfiMouldMstSet('C10R20JSJDC3TTHM02')"", 'uri': ""https://s4api.sap.jktyre.in:44305/sap/opu/odata/sap/ZINFI_PLT_API_SRV/InfiMouldMstSet('C10R20JSJDC3TTHM02')"", 'type': 'ZINFI_PLT_API_SRV.InfiMouldMst'}",C10R20JSJDC3TTHM02,295/90R20 JS JDC3 _HM02,1900,Chennai Tyre Plant,,,,ACTIVE,,
"{'id': ""https://s4api.sap.jktyre.in:44305/sap/opu/odata/sap/ZINFI_PLT_API_SRV/InfiMouldMstSet('C10R20JSJDCXDHM11')"", 'uri': ""https://s4api.sap.jktyre.in:44305/sap/opu/odata/sap/ZINFI_PLT_API_SRV/InfiMouldMstSet('C10R20JSJDCXDHM11')"", 'type': 'ZINFI_PLT_API_SRV.InfiMouldMst'}",C10R20JSJDCXDHM11,295/90 R 20 JETSTEEL JDC XD _HM-11,1900,Chennai Tyre Plant,,,,ACTIVE,,
"{'id': ""https://s4api.sap.jktyre.in:44305/sap/opu/odata/sap/ZINFI_PLT_API_SRV/InfiMouldMstSet('C10R20JSJDCXDHM12')"", 'uri': ""https://s4api.sap.jktyre.in:44305/sap/opu/odata/sap/ZINFI_PLT_API_SRV/InfiMouldMstSet('C10R20JSJDCXDHM12')"", 'type': 'ZINFI_PLT_API_SRV.InfiMouldMst'}",C10R20JSJDCXDHM12,295/90 R 20 JETSTEEL JDC XD _HM-12,1900,Chennai Tyre Plant,,,,ACTIVE,,
"{'id': ""https://s4api.sap.jktyre.in:44305/sap/opu/odata/sap/ZINFI_PLT_API_SRV/InfiMouldMstSet('C10R20JSJDCXDHM13')"", 'uri': ""https://s4api.sap.jktyre.in:44305/sap/opu/odata/sap/ZINFI_PLT_API_SRV/InfiMouldMstSet('C10R20JSJDCXDHM13')"", 'type': 'ZINFI_PLT_API_SRV.InfiMouldMst'}",C10R20JSJDCXDHM13,295/90 R 20 JETSTEEL JDC XD _HM-13,1900,Chennai Tyre Plant,,,,ACTIVE,,
"{'id': ""https://s4api.sap.jktyre.in:44305/sap/opu/odata/sap/ZINFI_PLT_API_SRV/InfiMouldMstSet('C10R20JSJDCXDHM14')"", 'uri': ""https://s4api.sap.jktyre.in:44305/sap/opu/odata/sap/ZINFI_PLT_API_SRV/InfiMouldMstSet('C10R20JSJDCXDHM14')"", 'type': 'ZINFI_PLT_API_SRV.InfiMouldMst'}",C10R20JSJDCXDHM14,295/90 R 20 JETSTEEL JDC XD _HM-14,1900,Chennai Tyre Plant,,,,ACTIVE,,
"{'id': ""https://s4api.sap.jktyre.in:44305/sap/opu/odata/sap/ZINFI_PLT_API_SRV/InfiMouldMstSet('C10R20JSJDCXDHM15')"", 'uri': ""https://s4api.sap.jktyre.in:44305/sap/opu/odata/sap/ZINFI_PLT_API_SRV/InfiMouldMstSet('C10R20JSJDCXDHM15')"", 'type': 'ZINFI_PLT_API_SRV.InfiMouldMst'}",C10R20JSJDCXDHM15,295/90 R 20 JETSTEEL JDC XD _HM-15,1900,Chennai Tyre Plant,,,,ACTIVE,,
"{'id': ""https://s4api.sap.jktyre.in:44305/sap/opu/odata/sap/ZINFI_PLT_API_SRV/InfiMouldMstSet('C10R20JSJDCXDHM16')"", 'uri': ""https://s4api.sap.jktyre.in:44305/sap/opu/odata/sap/ZINFI_PLT_API_SRV/InfiMouldMstSet('C10R20JSJDCXDHM16')"", 'type': 'ZINFI_PLT_API_SRV.InfiMouldMst'}",C10R20JSJDCXDHM16,295/90 R 20 JETSTEEL JDC XD _HM-16,1900,Chennai Tyre Plant,,,,ACTIVE,,
"{'id': ""https://s4api.sap.jktyre.in:44305/sap/opu/odata/sap/ZINFI_PLT_API_SRV/InfiMouldMstSet('C10R20JSJDE16GC05')"", 'uri': ""https://s4api.sap.jktyre.in:44305/sap/opu/odata/sap/ZINFI_PLT_API_SRV/InfiMouldMstSet('C10R20JSJDE16GC05')"", 'type': 'ZINFI_PLT_API_SRV.InfiMouldMst'}",C10R20JSJDE16GC05,10.00 R 20 JS JDE ++ 16PR TT_GC05,1900,Chennai Tyre Plant,,,,ACTIVE,,
"{'id': ""https://s4api.sap.jktyre.in:44305/sap/opu/odata/sap/ZINFI_PLT_API_SRV/InfiMouldMstSet('C10R20JSJDE16GC06')"", 'uri': ""https://s4api.sap.jktyre.in:44305/sap/opu/odata/sap/ZINFI_PLT_API_SRV/InfiMouldMstSet('C10R20JSJDE16GC06')"", 'type': 'ZINFI_PLT_API_SRV.InfiMouldMst'}",C10R20JSJDE16GC06,295/90R20  JS JDE ++  _GC06,1900,Chennai Tyre Plant,,,,ACTIVE,,
"{'id': ""https://s4api.sap.jktyre.in:44305/sap/opu/odata/sap/ZINFI_PLT_API_SRV/InfiMouldMstSet('C10R20JSJDE16GC10')"", 'uri': ""https://s4api.sap.jktyre.in:44305/sap/opu/odata/sap/ZINFI_PLT_API_SRV/InfiMouldMstSet('C10R20JSJDE16GC10')"", 'type': 'ZINFI_PLT_API_SRV.InfiMouldMst'}",C10R20JSJDE16GC10,10.00 R 20 JS JDE ++ 16PR TT_GC10,1900,Chennai Tyre Plant,,,,ACTIVE,,
"{'id': ""https://s4api.sap.jktyre.in:44305/sap/opu/odata/sap/ZINFI_PLT_API_SRV/InfiMouldMstSet('C10R20JSJDE16GC12')"", 'uri': ""https://s4api.sap.jktyre.in:44305/sap/opu/odata/sap/ZINFI_PLT_API_SRV/InfiMouldMstSet('C10R20JSJDE16GC12')"", 'type': 'ZINFI_PLT_API_SRV.InfiMouldMst'}",C10R20JSJDE16GC12,295/90 R 20 JS JDE ++ _GC12,1900,Chennai Tyre Plant,,,,ACTIVE,,
"{'id': ""https://s4api.sap.jktyre.in:44305/sap/opu/odata/sap/ZINFI_PLT_API_SRV/InfiMouldMstSet('C10R20JSJDE16GC13')"", 'uri': ""https://s4api.sap.jktyre.in:44305/sap/opu/odata/sap/ZINFI_PLT_API_SRV/InfiMouldMstSet('C10R20JSJDE16GC13')"", 'type': 'ZINFI_PLT_API_SRV.InfiMouldMst'}",C10R20JSJDE16GC13,10.00 R 20 JS JDE ++ 16PR TT_GC13,1900,Chennai Tyre Plant,,,,ACTIVE,,
"{'id': ""https://s4api.sap.jktyre.in:44305/sap/opu/odata/sap/ZINFI_PLT_API_SRV/InfiMouldMstSet('C10R20JSJDE16GC14')"", 'uri': ""https://s4api.sap.jktyre.in:44305/sap/opu/odata/sap/ZINFI_PLT_API_SRV/InfiMouldMstSet('C10R20JSJDE16GC14')"", 'type': 'ZINFI_PLT_API_SRV.InfiMouldMst'}",C10R20JSJDE16GC14,10.00 R 20 JS JDE ++ 18 PR TT_GC14,1900,Chennai Tyre Plant,,,,ACTIVE,,
"{'id': ""https://s4api.sap.jktyre.in:44305/sap/opu/odata/sap/ZINFI_PLT_API_SRV/InfiMouldMstSet('C10R20JSJDE16HM126')"", 'uri': ""https://s4api.sap.jktyre.in:44305/sap/opu/odata/sap/ZINFI_PLT_API_SRV/InfiMouldMstSet('C10R20JSJDE16HM126')"", 'type': 'ZINFI_PLT_API_SRV.InfiMouldMst'}",C10R20JSJDE16HM126,295/90R20 JS JDE++ TT HM-126,1900,Chennai Tyre Plant,,,,ACTIVE,,
"{'id': ""https://s4api.sap.jktyre.in:44305/sap/opu/odata/sap/ZINFI_PLT_API_SRV/InfiMouldMstSet('C10R20JSJDE16HM127')"", 'uri': ""https://s4api.sap.jktyre.in:44305/sap/opu/odata/sap/ZINFI_PLT_API_SRV/InfiMouldMstSet('C10R20JSJDE16HM127')"", 'type': 'ZINFI_PLT_API_SRV.InfiMouldMst'}",C10R20JSJDE16HM127,295/90R20 JS JDE++  HM-127,1900,Chennai Tyre Plant,,,,ACTIVE,,
"{'id': ""https://s4api.sap.jktyre.in:44305/sap/opu/odata/sap/ZINFI_PLT_API_SRV/InfiMouldMstSet('C10R20JSJDE16HM128')"", 'uri': ""https://s4api.sap.jktyre.in:44305/sap/opu/odata/sap/ZINFI_PLT_API_SRV/InfiMouldMstSet('C10R20JSJDE16HM128')"", 'type': 'ZINFI_PLT_API_SRV.InfiMouldMst'}",C10R20JSJDE16HM128,295/90R20 JS JDE++_HM128,1900,Chennai Tyre Plant,,,,ACTIVE,,
"{'id': ""https://s4api.sap.jktyre.in:44305/sap/opu/odata/sap/ZINFI_PLT_API_SRV/InfiMouldMstSet('C10R20JSJDE16HM129')"", 'uri': ""https://s4api.sap.jktyre.in:44305/sap/opu/odata/sap/ZINFI_PLT_API_SRV/InfiMouldMstSet('C10R20JSJDE16HM129')"", 'type': 'ZINFI_PLT_API_SRV.InfiMouldMst'}",C10R20JSJDE16HM129,10.00R20 JS JDE++ TT _ HM129,1900,Chennai Tyre Plant,,,,ACTIVE,,
"{'id': ""https://s4api.sap.jktyre.in:44305/sap/opu/odata/sap/ZINFI_PLT_API_SRV/InfiMouldMstSet('C10R20JSJDE16HM130')"", 'uri': ""https://s4api.sap.jktyre.in:44305/sap/opu/odata/sap/ZINFI_PLT_API_SRV/InfiMouldMstSet('C10R20JSJDE16HM130')"", 'type': 'ZINFI_PLT_API_SRV.InfiMouldMst'}",C10R20JSJDE16HM130,295/90R20 JS JDE++_HM130,1900,Chennai Tyre Plant,,,,ACTIVE,,
"{'id': ""https://s4api.sap.jktyre.in:44305/sap/opu/odata/sap/ZINFI_PLT_API_SRV/InfiMouldMstSet('C10R20JSJDE16HM131')"", 'uri': ""https://s4api.sap.jktyre.in:44305/sap/opu/odata/sap/ZINFI_PLT_API_SRV/InfiMouldMstSet('C10R20JSJDE16HM131')"", 'type': 'ZINFI_PLT_API_SRV.InfiMouldMst'}",C10R20JSJDE16HM131,295/90R20 JS JDE++ _ HM-131,1900,Chennai Tyre Plant,,,,ACTIVE,,
"{'id': ""https://s4api.sap.jktyre.in:44305/sap/opu/odata/sap/ZINFI_PLT_API_SRV/InfiMouldMstSet('C10R20JSJDE16HM132')"", 'uri': ""https://s4api.sap.jktyre.in:44305/sap/opu/odata/sap/ZINFI_PLT_API_SRV/InfiMouldMstSet('C10R20JSJDE16HM132')"", 'type': 'ZINFI_PLT_API_SRV.InfiMouldMst'}",C10R20JSJDE16HM132,10.00R20 JS JDE++ TT HM-132,1900,Chennai Tyre Plant,,,,ACTIVE,,
"{'id': ""https://s4api.sap.jktyre.in:44305/sap/opu/odata/sap/ZINFI_PLT_API_SRV/InfiMouldMstSet('C10R20JSJDE16HM133')"", 'uri': ""https://s4api.sap.jktyre.in:44305/sap/opu/odata/sap/ZINFI_PLT_API_SRV/InfiMouldMstSet('C10R20JSJDE16HM133')"", 'type': 'ZINFI_PLT_API_SRV.InfiMouldMst'}",C10R20JSJDE16HM133,295/90R20 JS JDE++ TT HM-133,1900,Chennai Tyre Plant,,,,ACTIVE,,
"{'id': ""https://s4api.sap.jktyre.in:44305/sap/opu/odata/sap/ZINFI_PLT_API_SRV/InfiMouldMstSet('C10R20JSJDE16HM134')"", 'uri': ""https://s4api.sap.jktyre.in:44305/sap/opu/odata/sap/ZINFI_PLT_API_SRV/InfiMouldMstSet('C10R20JSJDE16HM134')"", 'type': 'ZINFI_PLT_API_SRV.InfiMouldMst'}",C10R20JSJDE16HM134,295/90R20 JS JDE++ TT_HM134,1900,Chennai Tyre Plant,,,,ACTIVE,,
"{'id': ""https://s4api.sap.jktyre.in:44305/sap/opu/odata/sap/ZINFI_PLT_API_SRV/InfiMouldMstSet('C10R20JSJDE16HM135')"", 'uri': ""https://s4api.sap.jktyre.in:44305/sap/opu/odata/sap/ZINFI_PLT_API_SRV/InfiMouldMstSet('C10R20JSJDE16HM135')"", 'type': 'ZINFI_PLT_API_SRV.InfiMouldMst'}",C10R20JSJDE16HM135,295/90R20 JS JDE++_HM135,1900,Chennai Tyre Plant,,,,ACTIVE,,
"{'id': ""https://s4api.sap.jktyre.in:44305/sap/opu/odata/sap/ZINFI_PLT_API_SRV/InfiMouldMstSet('C10R20JSJDE16HM23')"", 'uri': ""https://s4api.sap.jktyre.in:44305/sap/opu/odata/sap/ZINFI_PLT_API_SRV/InfiMouldMstSet('C10R20JSJDE16HM23')"", 'type': 'ZINFI_PLT_API_SRV.InfiMouldMst'}",C10R20JSJDE16HM23,10.00 R 20 JS JDE++ 16PR TT_HM23,1900,Chennai Tyre Plant,,,,ACTIVE,,
"{'id': ""https://s4api.sap.jktyre.in:44305/sap/opu/odata/sap/ZINFI_PLT_API_SRV/InfiMouldMstSet('C10R20JSJDE16HM25')"", 'uri': ""https://s4api.sap.jktyre.in:44305/sap/opu/odata/sap/ZINFI_PLT_API_SRV/InfiMouldMstSet('C10R20JSJDE16HM25')"", 'type': 'ZINFI_PLT_API_SRV.InfiMouldMst'}",C10R20JSJDE16HM25,10.00 R 20 JS JDE++ 16PR TT_HM25,1900,Chennai Tyre Plant,,,,ACTIVE,,
"{'id': ""https://s4api.sap.jktyre.in:44305/sap/opu/odata/sap/ZINFI_PLT_API_SRV/InfiMouldMstSet('C10R20JSJDE16HM27')"", 'uri': ""https://s4api.sap.jktyre.in:44305/sap/opu/odata/sap/ZINFI_PLT_API_SRV/InfiMouldMstSet('C10R20JSJDE16HM27')"", 'type': 'ZINFI_PLT_API_SRV.InfiMouldMst'}",C10R20JSJDE16HM27,10.00 R 20 JS JDE++ 16PR TT HM27,1900,Chennai Tyre Plant,,,,ACTIVE,,
"{'id': ""https://s4api.sap.jktyre.in:44305/sap/opu/odata/sap/ZINFI_PLT_API_SRV/InfiMouldMstSet('C10R20JSJDE16HM29')"", 'uri': ""https://s4api.sap.jktyre.in:44305/sap/opu/odata/sap/ZINFI_PLT_API_SRV/InfiMouldMstSet('C10R20JSJDE16HM29')"", 'type': 'ZINFI_PLT_API_SRV.InfiMouldMst'}",C10R20JSJDE16HM29,10.00 R 20 JS JDE++ 16PR TT_HM29,1900,Chennai Tyre Plant,,,,ACTIVE,,
"{'id': ""https://s4api.sap.jktyre.in:44305/sap/opu/odata/sap/ZINFI_PLT_API_SRV/InfiMouldMstSet('C10R20JSJDE16HM30')"", 'uri': ""https://s4api.sap.jktyre.in:44305/sap/opu/odata/sap/ZINFI_PLT_API_SRV/InfiMouldMstSet('C10R20JSJDE16HM30')"", 'type': 'ZINFI_PLT_API_SRV.InfiMouldMst'}",C10R20JSJDE16HM30,295/90R20 JS JDE++ TT_HM30,1900,Chennai Tyre Plant,,,,ACTIVE,,
"{'id': ""https://s4api.sap.jktyre.in:44305/sap/opu/odata/sap/ZINFI_PLT_API_SRV/InfiMouldMstSet('C10R20JSJDE16HM32')"", 'uri': ""https://s4api.sap.jktyre.in:44305/sap/opu/odata/sap/ZINFI_PLT_API_SRV/InfiMouldMstSet('C10R20JSJDE16HM32')"", 'type': 'ZINFI_PLT_API_SRV.InfiMouldMst'}",C10R20JSJDE16HM32,10.00 R 20 JS JDE++ 16PR TT_HM32,1900,Chennai Tyre Plant,,,,ACTIVE,,
"{'id': ""https://s4api.sap.jktyre.in:44305/sap/opu/odata/sap/ZINFI_PLT_API_SRV/InfiMouldMstSet('C10R20JSJDE16HM34')"", 'uri': ""https://s4api.sap.jktyre.in:44305/sap/opu/odata/sap/ZINFI_PLT_API_SRV/InfiMouldMstSet('C10R20JSJDE16HM34')"", 'type': 'ZINFI_PLT_API_SRV.InfiMouldMst'}",C10R20JSJDE16HM34,10.00R20 VIKRANT VDE++_HM34,1900,Chennai Tyre Plant,,,,ACTIVE,,
"{'id': ""https://s4api.sap.jktyre.in:44305/sap/opu/odata/sap/ZINFI_PLT_API_SRV/InfiMouldMstSet('C10R20JSJDE16HM36')"", 'uri': ""https://s4api.sap.jktyre.in:44305/sap/opu/odata/sap/ZINFI_PLT_API_SRV/InfiMouldMstSet('C10R20JSJDE16HM36')"", 'type': 'ZINFI_PLT_API_SRV.InfiMouldMst'}",C10R20JSJDE16HM36,10.00 R 20 JS JDE++ 18PR TT_HM36,1900,Chennai Tyre Plant,,,,ACTIVE,,
"{'id': ""https://s4api.sap.jktyre.in:44305/sap/opu/odata/sap/ZINFI_PLT_API_SRV/InfiMouldMstSet('C10R20JSJDE16HM38')"", 'uri': ""https://s4api.sap.jktyre.in:44305/sap/opu/odata/sap/ZINFI_PLT_API_SRV/InfiMouldMstSet('C10R20JSJDE16HM38')"", 'type': 'ZINFI_PLT_API_SRV.InfiMouldMst'}",C10R20JSJDE16HM38,10.00 R 20 JS JDE++ 18PR TT_HM38,1900,Chennai Tyre Plant,,,,ACTIVE,,
"{'id': ""https://s4api.sap.jktyre.in:44305/sap/opu/odata/sap/ZINFI_PLT_API_SRV/InfiMouldMstSet('C10R20JSJDE16HM39')"", 'uri': ""https://s4api.sap.jktyre.in:44305/sap/opu/odata/sap/ZINFI_PLT_API_SRV/InfiMouldMstSet('C10R20JSJDE16HM39')"", 'type': 'ZINFI_PLT_API_SRV.InfiMouldMst'}",C10R20JSJDE16HM39,295/90R20 JS JDE++ TT HM39,1900,Chennai Tyre Plant,,,,ACTIVE,,
"{'id': ""https://s4api.sap.jktyre.in:44305/sap/opu/odata/sap/ZINFI_PLT_API_SRV/InfiMouldMstSet('C10R20JSJDE16HM40')"", 'uri': ""https://s4api.sap.jktyre.in:44305/sap/opu/odata/sap/ZINFI_PLT_API_SRV/InfiMouldMstSet('C10R20JSJDE16HM40')"", 'type': 'ZINFI_PLT_API_SRV.InfiMouldMst'}",C10R20JSJDE16HM40,295/90R20 JS JDE++ TT HM40,1900,Chennai Tyre Plant,,,,ACTIVE,,
"{'id': ""https://s4api.sap.jktyre.in:44305/sap/opu/odata/sap/ZINFI_PLT_API_SRV/InfiMouldMstSet('C10R20JSJDE16HM41')"", 'uri': ""https://s4api.sap.jktyre.in:44305/sap/opu/odata/sap/ZINFI_PLT_API_SRV/InfiMouldMstSet('C10R20JSJDE16HM41')"", 'type': 'ZINFI_PLT_API_SRV.InfiMouldMst'}",C10R20JSJDE16HM41,10.00 R 20 JS JDE++ 16PR TT HM41,1900,Chennai Tyre Plant,,,,ACTIVE,,
"{'id': ""https://s4api.sap.jktyre.in:44305/sap/opu/odata/sap/ZINFI_PLT_API_SRV/InfiMouldMstSet('C10R20JSJDE16HM43')"", 'uri': ""https://s4api.sap.jktyre.in:44305/sap/opu/odata/sap/ZINFI_PLT_API_SRV/InfiMouldMstSet('C10R20JSJDE16HM43')"", 'type': 'ZINFI_PLT_API_SRV.InfiMouldMst'}",C10R20JSJDE16HM43,295/90R20 JS JDE++ TT HM43,1900,Chennai Tyre Plant,,,,ACTIVE,,
"{'id': ""https://s4api.sap.jktyre.in:44305/sap/opu/odata/sap/ZINFI_PLT_API_SRV/InfiMouldMstSet('C10R20JSJDE16HM45')"", 'uri': ""https://s4api.sap.jktyre.in:44305/sap/opu/odata/sap/ZINFI_PLT_API_SRV/InfiMouldMstSet('C10R20JSJDE16HM45')"", 'type': 'ZINFI_PLT_API_SRV.InfiMouldMst'}",C10R20JSJDE16HM45,295/90R20 JS JDE++_HM45,1900,Chennai Tyre Plant,,,,ACTIVE,,
"{'id': ""https://s4api.sap.jktyre.in:44305/sap/opu/odata/sap/ZINFI_PLT_API_SRV/InfiMouldMstSet('C10R20JSJDEXFGC01')"", 'uri': ""https://s4api.sap.jktyre.in:44305/sap/opu/odata/sap/ZINFI_PLT_API_SRV/InfiMouldMstSet('C10R20JSJDEXFGC01')"", 'type': 'ZINFI_PLT_API_SRV.InfiMouldMst'}",C10R20JSJDEXFGC01,295/90R20 JDE XF - GC01,1900,Chennai Tyre Plant,,,,ACTIVE,,
"{'id': ""https://s4api.sap.jktyre.in:44305/sap/opu/odata/sap/ZINFI_PLT_API_SRV/InfiMouldMstSet('C10R20JSJDEXFGC03')"", 'uri': ""https://s4api.sap.jktyre.in:44305/sap/opu/odata/sap/ZINFI_PLT_API_SRV/InfiMouldMstSet('C10R20JSJDEXFGC03')"", 'type': 'ZINFI_PLT_API_SRV.InfiMouldMst'}",C10R20JSJDEXFGC03,295/90R20 JS JDE XF_GC03,1900,Chennai Tyre Plant,,,,ACTIVE,,
"{'id': ""https://s4api.sap.jktyre.in:44305/sap/opu/odata/sap/ZINFI_PLT_API_SRV/InfiMouldMstSet('C10R20JSJDEXFGC04')"", 'uri': ""https://s4api.sap.jktyre.in:44305/sap/opu/odata/sap/ZINFI_PLT_API_SRV/InfiMouldMstSet('C10R20JSJDEXFGC04')"", 'type': 'ZINFI_PLT_API_SRV.InfiMouldMst'}",C10R20JSJDEXFGC04,295/90R20 JS JDE XF_GC04,1900,Chennai Tyre Plant,,,,ACTIVE,,
"{'id': ""https://s4api.sap.jktyre.in:44305/sap/opu/odata/sap/ZINFI_PLT_API_SRV/InfiMouldMstSet('C10R20JSJDEXFGC05')"", 'uri': ""https://s4api.sap.jktyre.in:44305/sap/opu/odata/sap/ZINFI_PLT_API_SRV/InfiMouldMstSet('C10R20JSJDEXFGC05')"", 'type': 'ZINFI_PLT_API_SRV.InfiMouldMst'}",C10R20JSJDEXFGC05,295/90R20 JS JDE XF_GC05,1900,Chennai Tyre Plant,,,,ACTIVE,,
"{'id': ""https://s4api.sap.jktyre.in:44305/sap/opu/odata/sap/ZINFI_PLT_API_SRV/InfiMouldMstSet('C10R20JSJDEXFGC06')"", 'uri': ""https://s4api.sap.jktyre.in:44305/sap/opu/odata/sap/ZINFI_PLT_API_SRV/InfiMouldMstSet('C10R20JSJDEXFGC06')"", 'type': 'ZINFI_PLT_API_SRV.InfiMouldMst'}",C10R20JSJDEXFGC06,295/90R20 JDE XF - GC06,1900,Chennai Tyre Plant,,,,ACTIVE,,
"{'id': ""https://s4api.sap.jktyre.in:44305/sap/opu/odata/sap/ZINFI_PLT_API_SRV/InfiMouldMstSet('C10R20JSJDEXFGC08')"", 'uri': ""https://s4api.sap.jktyre.in:44305/sap/opu/odata/sap/ZINFI_PLT_API_SRV/InfiMouldMstSet('C10R20JSJDEXFGC08')"", 'type': 'ZINFI_PLT_API_SRV.InfiMouldMst'}",C10R20JSJDEXFGC08,295/90R20 JS JDE XF _GC08,1900,Chennai Tyre Plant,,,,ACTIVE,,
"{'id': ""https://s4api.sap.jktyre.in:44305/sap/opu/odata/sap/ZINFI_PLT_API_SRV/InfiMouldMstSet('C10R20JSJDEXFGC09')"", 'uri': ""https://s4api.sap.jktyre.in:44305/sap/opu/odata/sap/ZINFI_PLT_API_SRV/InfiMouldMstSet('C10R20JSJDEXFGC09')"", 'type': 'ZINFI_PLT_API_SRV.InfiMouldMst'}",C10R20JSJDEXFGC09,295/90R20 JS JDE XF -GC09,1900,Chennai Tyre Plant,,,,ACTIVE,,
"{'id': ""https://s4api.sap.jktyre.in:44305/sap/opu/odata/sap/ZINFI_PLT_API_SRV/InfiMouldMstSet('C10R20JSJDEXFGC10')"", 'uri': ""https://s4api.sap.jktyre.in:44305/sap/opu/odata/sap/ZINFI_PLT_API_SRV/InfiMouldMstSet('C10R20JSJDEXFGC10')"", 'type': 'ZINFI_PLT_API_SRV.InfiMouldMst'}",C10R20JSJDEXFGC10,295/90R20 JS JDE XF_GC10,1900,Chennai Tyre Plant,,,,ACTIVE,,
"{'id': ""https://s4api.sap.jktyre.in:44305/sap/opu/odata/sap/ZINFI_PLT_API_SRV/InfiMouldMstSet('C10R20JSJDEXFGC21')"", 'uri': ""https://s4api.sap.jktyre.in:44305/sap/opu/odata/sap/ZINFI_PLT_API_SRV/InfiMouldMstSet('C10R20JSJDEXFGC21')"", 'type': 'ZINFI_PLT_API_SRV.InfiMouldMst'}",C10R20JSJDEXFGC21,295/90R20 JS JDE XF_GC21,1900,Chennai Tyre Plant,,,,ACTIVE,,
"{'id': ""https://s4api.sap.jktyre.in:44305/sap/opu/odata/sap/ZINFI_PLT_API_SRV/InfiMouldMstSet('C10R20JSJDEXFGC22')"", 'uri': ""https://s4api.sap.jktyre.in:44305/sap/opu/odata/sap/ZINFI_PLT_API_SRV/InfiMouldMstSet('C10R20JSJDEXFGC22')"", 'type': 'ZINFI_PLT_API_SRV.InfiMouldMst'}",C10R20JSJDEXFGC22,295/90R20 JS JDE XF_GC22,1900,Chennai Tyre Plant,,,,ACTIVE,,
"{'id': ""https://s4api.sap.jktyre.in:44305/sap/opu/odata/sap/ZINFI_PLT_API_SRV/InfiMouldMstSet('C10R20JSJDEXFGC23')"", 'uri': ""https://s4api.sap.jktyre.in:44305/sap/opu/odata/sap/ZINFI_PLT_API_SRV/InfiMouldMstSet('C10R20JSJDEXFGC23')"", 'type': 'ZINFI_PLT_API_SRV.InfiMouldMst'}",C10R20JSJDEXFGC23,295/90R20 JS JDE XF_GC23,1900,Chennai Tyre Plant,,,,ACTIVE,,
"{'id': ""https://s4api.sap.jktyre.in:44305/sap/opu/odata/sap/ZINFI_PLT_API_SRV/InfiMouldMstSet('C10R20JSJDEXFGC24')"", 'uri': ""https://s4api.sap.jktyre.in:44305/sap/opu/odata/sap/ZINFI_PLT_API_SRV/InfiMouldMstSet('C10R20JSJDEXFGC24')"", 'type': 'ZINFI_PLT_API_SRV.InfiMouldMst'}",C10R20JSJDEXFGC24,295/90R20 JS JDE XF_GC24,1900,Chennai Tyre Plant,,,,ACTIVE,,
"{'id': ""https://s4api.sap.jktyre.in:44305/sap/opu/odata/sap/ZINFI_PLT_API_SRV/InfiMouldMstSet('C10R20JSJDEXFGC25')"", 'uri': ""https://s4api.sap.jktyre.in:44305/sap/opu/odata/sap/ZINFI_PLT_API_SRV/InfiMouldMstSet('C10R20JSJDEXFGC25')"", 'type': 'ZINFI_PLT_API_SRV.InfiMouldMst'}",C10R20JSJDEXFGC25,295/90R20 JS JDE XF_GC25,1900,Chennai Tyre Plant,,,,ACTIVE,,
"{'id': ""https://s4api.sap.jktyre.in:44305/sap/opu/odata/sap/ZINFI_PLT_API_SRV/InfiMouldMstSet('C10R20JSJDEXFGC26')"", 'uri': ""https://s4api.sap.jktyre.in:44305/sap/opu/odata/sap/ZINFI_PLT_API_SRV/InfiMouldMstSet('C10R20JSJDEXFGC26')"", 'type': 'ZINFI_PLT_API_SRV.InfiMouldMst'}",C10R20JSJDEXFGC26,295/90R20 JS JDE XF_GC26,1900,Chennai Tyre Plant,,,,ACTIVE,,
"{'id': ""https://s4api.sap.jktyre.in:44305/sap/opu/odata/sap/ZINFI_PLT_API_SRV/InfiMouldMstSet('C10R20JSJDEXFHM01')"", 'uri': ""https://s4api.sap.jktyre.in:44305/sap/opu/odata/sap/ZINFI_PLT_API_SRV/InfiMouldMstSet('C10R20JSJDEXFHM01')"", 'type': 'ZINFI_PLT_API_SRV.InfiMouldMst'}",C10R20JSJDEXFHM01,295/90R20 JDE XF - HM01,1900,Chennai Tyre Plant,,,,ACTIVE,,
"{'id': ""https://s4api.sap.jktyre.in:44305/sap/opu/odata/sap/ZINFI_PLT_API_SRV/InfiMouldMstSet('C10R20JSJDH300HM08')"", 'uri': ""https://s4api.sap.jktyre.in:44305/sap/opu/odata/sap/ZINFI_PLT_API_SRV/InfiMouldMstSet('C10R20JSJDH300HM08')"", 'type': 'ZINFI_PLT_API_SRV.InfiMouldMst'}",C10R20JSJDH300HM08,10.00 R 20 JS JDH3 16PR TT_HM08,1900,Chennai Tyre Plant,,,,ACTIVE,,
"{'id': ""https://s4api.sap.jktyre.in:44305/sap/opu/odata/sap/ZINFI_PLT_API_SRV/InfiMouldMstSet('C10R20JSJDH316GC01')"", 'uri': ""https://s4api.sap.jktyre.in:44305/sap/opu/odata/sap/ZINFI_PLT_API_SRV/InfiMouldMstSet('C10R20JSJDH316GC01')"", 'type': 'ZINFI_PLT_API_SRV.InfiMouldMst'}",C10R20JSJDH316GC01,10.00 R 20 JS JDH3 16PR TT_GC01,1900,Chennai Tyre Plant,,,,ACTIVE,,
"{'id': ""https://s4api.sap.jktyre.in:44305/sap/opu/odata/sap/ZINFI_PLT_API_SRV/InfiMouldMstSet('C10R20JSJDH316GC02')"", 'uri': ""https://s4api.sap.jktyre.in:44305/sap/opu/odata/sap/ZINFI_PLT_API_SRV/InfiMouldMstSet('C10R20JSJDH316GC02')"", 'type': 'ZINFI_PLT_API_SRV.InfiMouldMst'}",C10R20JSJDH316GC02,10.00 R 20 JS JDH3 16PR TT_GC02,1900,Chennai Tyre Plant,,,,ACTIVE,,
"{'id': ""https://s4api.sap.jktyre.in:44305/sap/opu/odata/sap/ZINFI_PLT_API_SRV/InfiMouldMstSet('C10R20JSJDH316GC03')"", 'uri': ""https://s4api.sap.jktyre.in:44305/sap/opu/odata/sap/ZINFI_PLT_API_SRV/InfiMouldMstSet('C10R20JSJDH316GC03')"", 'type': 'ZINFI_PLT_API_SRV.InfiMouldMst'}",C10R20JSJDH316GC03,10.00 R 20 JS JDH3 16PR TT_GC03,1900,Chennai Tyre Plant,,,,ACTIVE,,
"{'id': ""https://s4api.sap.jktyre.in:44305/sap/opu/odata/sap/ZINFI_PLT_API_SRV/InfiMouldMstSet('C10R20JSJDH316GC04')"", 'uri': ""https://s4api.sap.jktyre.in:44305/sap/opu/odata/sap/ZINFI_PLT_API_SRV/InfiMouldMstSet('C10R20JSJDH316GC04')"", 'type': 'ZINFI_PLT_API_SRV.InfiMouldMst'}",C10R20JSJDH316GC04,10.00 R 20 JS JDH3 16PR TT_GC04,1900,Chennai Tyre Plant,,,,ACTIVE,,
"{'id': ""https://s4api.sap.jktyre.in:44305/sap/opu/odata/sap/ZINFI_PLT_API_SRV/InfiMouldMstSet('C10R20JSJDH316GC05')"", 'uri': ""https://s4api.sap.jktyre.in:44305/sap/opu/odata/sap/ZINFI_PLT_API_SRV/InfiMouldMstSet('C10R20JSJDH316GC05')"", 'type': 'ZINFI_PLT_API_SRV.InfiMouldMst'}",C10R20JSJDH316GC05,10.00 R 20 JS JDH3 16PR TT_GC05,1900,Chennai Tyre Plant,,,,ACTIVE,,
"{'id': ""https://s4api.sap.jktyre.in:44305/sap/opu/odata/sap/ZINFI_PLT_API_SRV/InfiMouldMstSet('C10R20JSJDH316GC06')"", 'uri': ""https://s4api.sap.jktyre.in:44305/sap/opu/odata/sap/ZINFI_PLT_API_SRV/InfiMouldMstSet('C10R20JSJDH316GC06')"", 'type': 'ZINFI_PLT_API_SRV.InfiMouldMst'}",C10R20JSJDH316GC06,10.00 R 20 JS JDH3 16PR TT_GC06,1900,Chennai Tyre Plant,,,,ACTIVE,,
"{'id': ""https://s4api.sap.jktyre.in:44305/sap/opu/odata/sap/ZINFI_PLT_API_SRV/InfiMouldMstSet('C10R20JSJDH316GC26')"", 'uri': ""https://s4api.sap.jktyre.in:44305/sap/opu/odata/sap/ZINFI_PLT_API_SRV/InfiMouldMstSet('C10R20JSJDH316GC26')"", 'type': 'ZINFI_PLT_API_SRV.InfiMouldMst'}",C10R20JSJDH316GC26,10.00 R 20 JS JDH3 16PR TT_GC26,1900,Chennai Tyre Plant,,,,ACTIVE,,
"{'id': ""https://s4api.sap.jktyre.in:44305/sap/opu/odata/sap/ZINFI_PLT_API_SRV/InfiMouldMstSet('C10R20JSJDH316GC27')"", 'uri': ""https://s4api.sap.jktyre.in:44305/sap/opu/odata/sap/ZINFI_PLT_API_SRV/InfiMouldMstSet('C10R20JSJDH316GC27')"", 'type': 'ZINFI_PLT_API_SRV.InfiMouldMst'}",C10R20JSJDH316GC27,10.00 R 20 JS JDH3 16PR TT_GC27,1900,Chennai Tyre Plant,,,,ACTIVE,,
"{'id': ""https://s4api.sap.jktyre.in:44305/sap/opu/odata/sap/ZINFI_PLT_API_SRV/InfiMouldMstSet('C10R20JSJDH316GC28')"", 'uri': ""https://s4api.sap.jktyre.in:44305/sap/opu/odata/sap/ZINFI_PLT_API_SRV/InfiMouldMstSet('C10R20JSJDH316GC28')"", 'type': 'ZINFI_PLT_API_SRV.InfiMouldMst'}",C10R20JSJDH316GC28,10.00 R 20 JS JDH3 16PR TT_GC28,1900,Chennai Tyre Plant,,,,ACTIVE,,
"{'id': ""https://s4api.sap.jktyre.in:44305/sap/opu/odata/sap/ZINFI_PLT_API_SRV/InfiMouldMstSet('C10R20JSJDH316GC29')"", 'uri': ""https://s4api.sap.jktyre.in:44305/sap/opu/odata/sap/ZINFI_PLT_API_SRV/InfiMouldMstSet('C10R20JSJDH316GC29')"", 'type': 'ZINFI_PLT_API_SRV.InfiMouldMst'}",C10R20JSJDH316GC29,10.00 R 20 JS JDH3 16PR TT_GC29,1900,Chennai Tyre Plant,,,,ACTIVE,,
"{'id': ""https://s4api.sap.jktyre.in:44305/sap/opu/odata/sap/ZINFI_PLT_API_SRV/InfiMouldMstSet('C10R20JSJDH316GC30')"", 'uri': ""https://s4api.sap.jktyre.in:44305/sap/opu/odata/sap/ZINFI_PLT_API_SRV/InfiMouldMstSet('C10R20JSJDH316GC30')"", 'type': 'ZINFI_PLT_API_SRV.InfiMouldMst'}",C10R20JSJDH316GC30,10.00 R 20 JS JDH3 16PR TT_GC30,1900,Chennai Tyre Plant,,,,ACTIVE,,
"{'id': ""https://s4api.sap.jktyre.in:44305/sap/opu/odata/sap/ZINFI_PLT_API_SRV/InfiMouldMstSet('C10R20JSJDH316GC31')"", 'uri': ""https://s4api.sap.jktyre.in:44305/sap/opu/odata/sap/ZINFI_PLT_API_SRV/InfiMouldMstSet('C10R20JSJDH316GC31')"", 'type': 'ZINFI_PLT_API_SRV.InfiMouldMst'}",C10R20JSJDH316GC31,10.00 R 20 JS JDH3 16PR TT_GC31,1900,Chennai Tyre Plant,,,,ACTIVE,,
"{'id': ""https://s4api.sap.jktyre.in:44305/sap/opu/odata/sap/ZINFI_PLT_API_SRV/InfiMouldMstSet('C10R20JSJDH316GC32')"", 'uri': ""https://s4api.sap.jktyre.in:44305/sap/opu/odata/sap/ZINFI_PLT_API_SRV/InfiMouldMstSet('C10R20JSJDH316GC32')"", 'type': 'ZINFI_PLT_API_SRV.InfiMouldMst'}",C10R20JSJDH316GC32,10.00 R 20 JS JDH3 16PR TT_GC32,1900,Chennai Tyre Plant,,,,ACTIVE,,
"{'id': ""https://s4api.sap.jktyre.in:44305/sap/opu/odata/sap/ZINFI_PLT_API_SRV/InfiMouldMstSet('C10R20JSJDH316GC33')"", 'uri': ""https://s4api.sap.jktyre.in:44305/sap/opu/odata/sap/ZINFI_PLT_API_SRV/InfiMouldMstSet('C10R20JSJDH316GC33')"", 'type': 'ZINFI_PLT_API_SRV.InfiMouldMst'}",C10R20JSJDH316GC33,10.00 R 20 JS JDH3 16PR TT_GC33,1900,Chennai Tyre Plant,,,,ACTIVE,,
"{'id': ""https://s4api.sap.jktyre.in:44305/sap/opu/odata/sap/ZINFI_PLT_API_SRV/InfiMouldMstSet('C10R20JSJDH316GC34')"", 'uri': ""https://s4api.sap.jktyre.in:44305/sap/opu/odata/sap/ZINFI_PLT_API_SRV/InfiMouldMstSet('C10R20JSJDH316GC34')"", 'type': 'ZINFI_PLT_API_SRV.InfiMouldMst'}",C10R20JSJDH316GC34,10.00 R 20 JS JDH3 16PR TT_GC34,1900,Chennai Tyre Plant,,,,ACTIVE,,
"{'id': ""https://s4api.sap.jktyre.in:44305/sap/opu/odata/sap/ZINFI_PLT_API_SRV/InfiMouldMstSet('C10R20JSJDH316GC35')"", 'uri': ""https://s4api.sap.jktyre.in:44305/sap/opu/odata/sap/ZINFI_PLT_API_SRV/InfiMouldMstSet('C10R20JSJDH316GC35')"", 'type': 'ZINFI_PLT_API_SRV.InfiMouldMst'}",C10R20JSJDH316GC35,10.00 R 20 JS JDH3 16PR TT_GC35,1900,Chennai Tyre Plant,,,,ACTIVE,,
"{'id': ""https://s4api.sap.jktyre.in:44305/sap/opu/odata/sap/ZINFI_PLT_API_SRV/InfiMouldMstSet('C10R20JSJDH316GC36')"", 'uri': ""https://s4api.sap.jktyre.in:44305/sap/opu/odata/sap/ZINFI_PLT_API_SRV/InfiMouldMstSet('C10R20JSJDH316GC36')"", 'type': 'ZINFI_PLT_API_SRV.InfiMouldMst'}",C10R20JSJDH316GC36,10.00 R 20 JS JDH3 16PR TT_GC36,1900,Chennai Tyre Plant,,,,ACTIVE,,
"{'id': ""https://s4api.sap.jktyre.in:44305/sap/opu/odata/sap/ZINFI_PLT_API_SRV/InfiMouldMstSet('C10R20JSJDH316GC37')"", 'uri': ""https://s4api.sap.jktyre.in:44305/sap/opu/odata/sap/ZINFI_PLT_API_SRV/InfiMouldMstSet('C10R20JSJDH316GC37')"", 'type': 'ZINFI_PLT_API_SRV.InfiMouldMst'}",C10R20JSJDH316GC37,10.00 R 20 JS JDH3 16PR TT_GC37,1900,Chennai Tyre Plant,,,,ACTIVE,,
"{'id': ""https://s4api.sap.jktyre.in:44305/sap/opu/odata/sap/ZINFI_PLT_API_SRV/InfiMouldMstSet('C10R20JSJDH316HM01')"", 'uri': ""https://s4api.sap.jktyre.in:44305/sap/opu/odata/sap/ZINFI_PLT_API_SRV/InfiMouldMstSet('C10R20JSJDH316HM01')"", 'type': 'ZINFI_PLT_API_SRV.InfiMouldMst'}",C10R20JSJDH316HM01,10.00 R 20 JS JDH3 16PR TT_HM01,1900,Chennai Tyre Plant,,,,ACTIVE,,
"{'id': ""https://s4api.sap.jktyre.in:44305/sap/opu/odata/sap/ZINFI_PLT_API_SRV/InfiMouldMstSet('C10R20JSJDH316HM02')"", 'uri': ""https://s4api.sap.jktyre.in:44305/sap/opu/odata/sap/ZINFI_PLT_API_SRV/InfiMouldMstSet('C10R20JSJDH316HM02')"", 'type': 'ZINFI_PLT_API_SRV.InfiMouldMst'}",C10R20JSJDH316HM02,10.00 R 20 JS JDH3 16PR TT_HM02,1900,Chennai Tyre Plant,,,,ACTIVE,,
"{'id': ""https://s4api.sap.jktyre.in:44305/sap/opu/odata/sap/ZINFI_PLT_API_SRV/InfiMouldMstSet('C10R20JSJDH316HM03')"", 'uri': ""https://s4api.sap.jktyre.in:44305/sap/opu/odata/sap/ZINFI_PLT_API_SRV/InfiMouldMstSet('C10R20JSJDH316HM03')"", 'type': 'ZINFI_PLT_API_SRV.InfiMouldMst'}",C10R20JSJDH316HM03,10.00 R 20 JS JDH3 16PR TT_HM03,1900,Chennai Tyre Plant,,,,ACTIVE,,
"{'id': ""https://s4api.sap.jktyre.in:44305/sap/opu/odata/sap/ZINFI_PLT_API_SRV/InfiMouldMstSet('C10R20JSJDH316HM04')"", 'uri': ""https://s4api.sap.jktyre.in:44305/sap/opu/odata/sap/ZINFI_PLT_API_SRV/InfiMouldMstSet('C10R20JSJDH316HM04')"", 'type': 'ZINFI_PLT_API_SRV.InfiMouldMst'}",C10R20JSJDH316HM04,10.00 R 20 JS JDH3 16PR TT_HM04,1900,Chennai Tyre Plant,,,,ACTIVE,,
"{'id': ""https://s4api.sap.jktyre.in:44305/sap/opu/odata/sap/ZINFI_PLT_API_SRV/InfiMouldMstSet('C10R20JSJDH316HM05')"", 'uri': ""https://s4api.sap.jktyre.in:44305/sap/opu/odata/sap/ZINFI_PLT_API_SRV/InfiMouldMstSet('C10R20JSJDH316HM05')"", 'type': 'ZINFI_PLT_API_SRV.InfiMouldMst'}",C10R20JSJDH316HM05,10.00 R 20 JS JDH3 16PR TT_HM05,1900,Chennai Tyre Plant,,,,ACTIVE,,
"{'id': ""https://s4api.sap.jktyre.in:44305/sap/opu/odata/sap/ZINFI_PLT_API_SRV/InfiMouldMstSet('C10R20JSJDH316HM06')"", 'uri': ""https://s4api.sap.jktyre.in:44305/sap/opu/odata/sap/ZINFI_PLT_API_SRV/InfiMouldMstSet('C10R20JSJDH316HM06')"", 'type': 'ZINFI_PLT_API_SRV.InfiMouldMst'}",C10R20JSJDH316HM06,10.00 R 20 JS JDH3 16PR TT_HM06,1900,Chennai Tyre Plant,,,,ACTIVE,,
"{'id': ""https://s4api.sap.jktyre.in:44305/sap/opu/odata/sap/ZINFI_PLT_API_SRV/InfiMouldMstSet('C10R20JSJDH316HM07')"", 'uri': ""https://s4api.sap.jktyre.in:44305/sap/opu/odata/sap/ZINFI_PLT_API_SRV/InfiMouldMstSet('C10R20JSJDH316HM07')"", 'type': 'ZINFI_PLT_API_SRV.InfiMouldMst'}",C10R20JSJDH316HM07,10.00 R 20 JS JDH3 16PR TT_HM07,1900,Chennai Tyre Plant,,,,ACTIVE,,
"{'id': ""https://s4api.sap.jktyre.in:44305/sap/opu/odata/sap/ZINFI_PLT_API_SRV/InfiMouldMstSet('C10R20JSJDH316HM09')"", 'uri': ""https://s4api.sap.jktyre.in:44305/sap/opu/odata/sap/ZINFI_PLT_API_SRV/InfiMouldMstSet('C10R20JSJDH316HM09')"", 'type': 'ZINFI_PLT_API_SRV.InfiMouldMst'}",C10R20JSJDH316HM09,10.00 R 20 JS JDH3 16PR TT_HM09,1900,Chennai Tyre Plant,,,,ACTIVE,,
"{'id': ""https://s4api.sap.jktyre.in:44305/sap/opu/odata/sap/ZINFI_PLT_API_SRV/InfiMouldMstSet('C10R20JSJDH316HM10')"", 'uri': ""https://s4api.sap.jktyre.in:44305/sap/opu/odata/sap/ZINFI_PLT_API_SRV/InfiMouldMstSet('C10R20JSJDH316HM10')"", 'type': 'ZINFI_PLT_API_SRV.InfiMouldMst'}",C10R20JSJDH316HM10,10.00 R 20 JS JDH3 16PR TT_HM10,1900,Chennai Tyre Plant,,,,ACTIVE,,
"{'id': ""https://s4api.sap.jktyre.in:44305/sap/opu/odata/sap/ZINFI_PLT_API_SRV/InfiMouldMstSet('C10R20JSJDH316HM11')"", 'uri': ""https://s4api.sap.jktyre.in:44305/sap/opu/odata/sap/ZINFI_PLT_API_SRV/InfiMouldMstSet('C10R20JSJDH316HM11')"", 'type': 'ZINFI_PLT_API_SRV.InfiMouldMst'}",C10R20JSJDH316HM11,10.00 R 20 JS JDH3 16PR TT_HM11,1900,Chennai Tyre Plant,,,,ACTIVE,,
"{'id': ""https://s4api.sap.jktyre.in:44305/sap/opu/odata/sap/ZINFI_PLT_API_SRV/InfiMouldMstSet('C10R20JSJDH316HM12')"", 'uri': ""https://s4api.sap.jktyre.in:44305/sap/opu/odata/sap/ZINFI_PLT_API_SRV/InfiMouldMstSet('C10R20JSJDH316HM12')"", 'type': 'ZINFI_PLT_API_SRV.InfiMouldMst'}",C10R20JSJDH316HM12,10.00 R 20 JS JDH3 16PR TT_HM12,1900,Chennai Tyre Plant,,,,ACTIVE,,
"{'id': ""https://s4api.sap.jktyre.in:44305/sap/opu/odata/sap/ZINFI_PLT_API_SRV/InfiMouldMstSet('C10R20JSJDH316HM13')"", 'uri': ""https://s4api.sap.jktyre.in:44305/sap/opu/odata/sap/ZINFI_PLT_API_SRV/InfiMouldMstSet('C10R20JSJDH316HM13')"", 'type': 'ZINFI_PLT_API_SRV.InfiMouldMst'}",C10R20JSJDH316HM13,10.00 R 20 JS JDH3 16PR TT_HM13,1900,Chennai Tyre Plant,,,,ACTIVE,,
"{'id': ""https://s4api.sap.jktyre.in:44305/sap/opu/odata/sap/ZINFI_PLT_API_SRV/InfiMouldMstSet('C10R20JSJDH316HM14')"", 'uri': ""https://s4api.sap.jktyre.in:44305/sap/opu/odata/sap/ZINFI_PLT_API_SRV/InfiMouldMstSet('C10R20JSJDH316HM14')"", 'type': 'ZINFI_PLT_API_SRV.InfiMouldMst'}",C10R20JSJDH316HM14,10.00 R 20 JS JDH3 16PR TT_HM14,1900,Chennai Tyre Plant,,,,ACTIVE,,
"{'id': ""https://s4api.sap.jktyre.in:44305/sap/opu/odata/sap/ZINFI_PLT_API_SRV/InfiMouldMstSet('C10R20JSJDH316HM15')"", 'uri': ""https://s4api.sap.jktyre.in:44305/sap/opu/odata/sap/ZINFI_PLT_API_SRV/InfiMouldMstSet('C10R20JSJDH316HM15')"", 'type': 'ZINFI_PLT_API_SRV.InfiMouldMst'}",C10R20JSJDH316HM15,10.00 R 20 JS JDH3 16PR TT_HM15,1900,Chennai Tyre Plant,,,,ACTIVE,,
"{'id': ""https://s4api.sap.jktyre.in:44305/sap/opu/odata/sap/ZINFI_PLT_API_SRV/InfiMouldMstSet('C10R20JSJDH316HM16')"", 'uri': ""https://s4api.sap.jktyre.in:44305/sap/opu/odata/sap/ZINFI_PLT_API_SRV/InfiMouldMstSet('C10R20JSJDH316HM16')"", 'type': 'ZINFI_PLT_API_SRV.InfiMouldMst'}",C10R20JSJDH316HM16,10.00 R 20 JS JDH3 16PR TT_HM16,1900,Chennai Tyre Plant,,,,ACTIVE,,
"{'id': ""https://s4api.sap.jktyre.in:44305/sap/opu/odata/sap/ZINFI_PLT_API_SRV/InfiMouldMstSet('C10R20JSJDH316HM17')"", 'uri': ""https://s4api.sap.jktyre.in:44305/sap/opu/odata/sap/ZINFI_PLT_API_SRV/InfiMouldMstSet('C10R20JSJDH316HM17')"", 'type': 'ZINFI_PLT_API_SRV.InfiMouldMst'}",C10R20JSJDH316HM17,10.00 R 20 JS JDH3 16PR TT_HM17,1900,Chennai Tyre Plant,,,,ACTIVE,,
"{'id': ""https://s4api.sap.jktyre.in:44305/sap/opu/odata/sap/ZINFI_PLT_API_SRV/InfiMouldMstSet('C10R20JSJDH316HM18')"", 'uri': ""https://s4api.sap.jktyre.in:44305/sap/opu/odata/sap/ZINFI_PLT_API_SRV/InfiMouldMstSet('C10R20JSJDH316HM18')"", 'type': 'ZINFI_PLT_API_SRV.InfiMouldMst'}",C10R20JSJDH316HM18,10.00 R 20 JS JDH3 16PR TT_HM18,1900,Chennai Tyre Plant,,,,ACTIVE,,
"{'id': ""https://s4api.sap.jktyre.in:44305/sap/opu/odata/sap/ZINFI_PLT_API_SRV/InfiMouldMstSet('C10R20JSJDH316HM19')"", 'uri': ""https://s4api.sap.jktyre.in:44305/sap/opu/odata/sap/ZINFI_PLT_API_SRV/InfiMouldMstSet('C10R20JSJDH316HM19')"", 'type': 'ZINFI_PLT_API_SRV.InfiMouldMst'}",C10R20JSJDH316HM19,10.00 R 20 JS JDH3 16PR TT_HM19,1900,Chennai Tyre Plant,,,,ACTIVE,,
"{'id': ""https://s4api.sap.jktyre.in:44305/sap/opu/odata/sap/ZINFI_PLT_API_SRV/InfiMouldMstSet('C10R20JSJDH316HM20')"", 'uri': ""https://s4api.sap.jktyre.in:44305/sap/opu/odata/sap/ZINFI_PLT_API_SRV/InfiMouldMstSet('C10R20JSJDH316HM20')"", 'type': 'ZINFI_PLT_API_SRV.InfiMouldMst'}",C10R20JSJDH316HM20,10.00 R 20 JS JDH3 16PR TT_HM20,1900,Chennai Tyre Plant,,,,ACTIVE,,
"{'id': ""https://s4api.sap.jktyre.in:44305/sap/opu/odata/sap/ZINFI_PLT_API_SRV/InfiMouldMstSet('C10R20JSJDH316HM21')"", 'uri': ""https://s4api.sap.jktyre.in:44305/sap/opu/odata/sap/ZINFI_PLT_API_SRV/InfiMouldMstSet('C10R20JSJDH316HM21')"", 'type': 'ZINFI_PLT_API_SRV.InfiMouldMst'}",C10R20JSJDH316HM21,10.00 R 20 JS JDH3 16PR TT_HM21,1900,Chennai Tyre Plant,,,,ACTIVE,,
"{'id': ""https://s4api.sap.jktyre.in:44305/sap/opu/odata/sap/ZINFI_PLT_API_SRV/InfiMouldMstSet('C10R20JSJDH316HM22')"", 'uri': ""https://s4api.sap.jktyre.in:44305/sap/opu/odata/sap/ZINFI_PLT_API_SRV/InfiMouldMstSet('C10R20JSJDH316HM22')"", 'type': 'ZINFI_PLT_API_SRV.InfiMouldMst'}",C10R20JSJDH316HM22,10.00 R 20 JS JDH3 16PR TT_HM22,1900,Chennai Tyre Plant,,,,ACTIVE,,
"{'id': ""https://s4api.sap.jktyre.in:44305/sap/opu/odata/sap/ZINFI_PLT_API_SRV/InfiMouldMstSet('C10R20JSJDH316HM23')"", 'uri': ""https://s4api.sap.jktyre.in:44305/sap/opu/odata/sap/ZINFI_PLT_API_SRV/InfiMouldMstSet('C10R20JSJDH316HM23')"", 'type': 'ZINFI_PLT_API_SRV.InfiMouldMst'}",C10R20JSJDH316HM23,10.00 R 20 JS JDH3 16PR TT_HM23,1900,Chennai Tyre Plant,,,,ACTIVE,,
"{'id': ""https://s4api.sap.jktyre.in:44305/sap/opu/odata/sap/ZINFI_PLT_API_SRV/InfiMouldMstSet('C10R20JSJDH316HM24')"", 'uri': ""https://s4api.sap.jktyre.in:44305/sap/opu/odata/sap/ZINFI_PLT_API_SRV/InfiMouldMstSet('C10R20JSJDH316HM24')"", 'type': 'ZINFI_PLT_API_SRV.InfiMouldMst'}",C10R20JSJDH316HM24,10.00 R 20 JS JDH3 16PR TT_HM24,1900,Chennai Tyre Plant,,,,ACTIVE,,
"{'id': ""https://s4api.sap.jktyre.in:44305/sap/opu/odata/sap/ZINFI_PLT_API_SRV/InfiMouldMstSet('C10R20JSJDH316SY02')"", 'uri': ""https://s4api.sap.jktyre.in:44305/sap/opu/odata/sap/ZINFI_PLT_API_SRV/InfiMouldMstSet('C10R20JSJDH316SY02')"", 'type': 'ZINFI_PLT_API_SRV.InfiMouldMst'}",C10R20JSJDH316SY02,10.00 R 20 JS JDH3 16PR TT_SY02,1900,Chennai Tyre Plant,,,,ACTIVE,,
"{'id': ""https://s4api.sap.jktyre.in:44305/sap/opu/odata/sap/ZINFI_PLT_API_SRV/InfiMouldMstSet('C10R20JSJDH316SY05')"", 'uri': ""https://s4api.sap.jktyre.in:44305/sap/opu/odata/sap/ZINFI_PLT_API_SRV/InfiMouldMstSet('C10R20JSJDH316SY05')"", 'type': 'ZINFI_PLT_API_SRV.InfiMouldMst'}",C10R20JSJDH316SY05,10.00 R 20 JS JDH3 16PR TT_SY05,1900,Chennai Tyre Plant,,,,ACTIVE,,
"{'id': ""https://s4api.sap.jktyre.in:44305/sap/opu/odata/sap/ZINFI_PLT_API_SRV/InfiMouldMstSet('C10R20JSJDL16GR05')"", 'uri': ""https://s4api.sap.jktyre.in:44305/sap/opu/odata/sap/ZINFI_PLT_API_SRV/InfiMouldMstSet('C10R20JSJDL16GR05')"", 'type': 'ZINFI_PLT_API_SRV.InfiMouldMst'}",C10R20JSJDL16GR05,10.00 R 20 JS JDL 16PR TT_GR05,1900,Chennai Tyre Plant,,,,ACTIVE,,
"{'id': ""https://s4api.sap.jktyre.in:44305/sap/opu/odata/sap/ZINFI_PLT_API_SRV/InfiMouldMstSet('C10R20JSJDL16GR06')"", 'uri': ""https://s4api.sap.jktyre.in:44305/sap/opu/odata/sap/ZINFI_PLT_API_SRV/InfiMouldMstSet('C10R20JSJDL16GR06')"", 'type': 'ZINFI_PLT_API_SRV.InfiMouldMst'}",C10R20JSJDL16GR06,10.00 R 20 JS JDL 16PR TT_GR06,1900,Chennai Tyre Plant,,,,ACTIVE,,
"{'id': ""https://s4api.sap.jktyre.in:44305/sap/opu/odata/sap/ZINFI_PLT_API_SRV/InfiMouldMstSet('C10R20JSJDL16GR07')"", 'uri': ""https://s4api.sap.jktyre.in:44305/sap/opu/odata/sap/ZINFI_PLT_API_SRV/InfiMouldMstSet('C10R20JSJDL16GR07')"", 'type': 'ZINFI_PLT_API_SRV.InfiMouldMst'}",C10R20JSJDL16GR07,10.00 R 20 JS JDL 16PR TT_GR07,1900,Chennai Tyre Plant,,,,ACTIVE,,
"{'id': ""https://s4api.sap.jktyre.in:44305/sap/opu/odata/sap/ZINFI_PLT_API_SRV/InfiMouldMstSet('C10R20JSJDL16GR08')"", 'uri': ""https://s4api.sap.jktyre.in:44305/sap/opu/odata/sap/ZINFI_PLT_API_SRV/InfiMouldMstSet('C10R20JSJDL16GR08')"", 'type': 'ZINFI_PLT_API_SRV.InfiMouldMst'}",C10R20JSJDL16GR08,10.00 R 20 JS JDL 16PR TT_GR08,1900,Chennai Tyre Plant,,,,ACTIVE,,
"{'id': ""https://s4api.sap.jktyre.in:44305/sap/opu/odata/sap/ZINFI_PLT_API_SRV/InfiMouldMstSet('C10R20JSJDL16GR09')"", 'uri': ""https://s4api.sap.jktyre.in:44305/sap/opu/odata/sap/ZINFI_PLT_API_SRV/InfiMouldMstSet('C10R20JSJDL16GR09')"", 'type': 'ZINFI_PLT_API_SRV.InfiMouldMst'}",C10R20JSJDL16GR09,10.00 R 20 JS JDL 16PR TT_GR09,1900,Chennai Tyre Plant,,,,ACTIVE,,
"{'id': ""https://s4api.sap.jktyre.in:44305/sap/opu/odata/sap/ZINFI_PLT_API_SRV/InfiMouldMstSet('C10R20JSJDL16GR10')"", 'uri': ""https://s4api.sap.jktyre.in:44305/sap/opu/odata/sap/ZINFI_PLT_API_SRV/InfiMouldMstSet('C10R20JSJDL16GR10')"", 'type': 'ZINFI_PLT_API_SRV.InfiMouldMst'}",C10R20JSJDL16GR10,10.00 R 20 JS JDL 16PR TT_GR10,1900,Chennai Tyre Plant,,,,ACTIVE,,
"{'id': ""https://s4api.sap.jktyre.in:44305/sap/opu/odata/sap/ZINFI_PLT_API_SRV/InfiMouldMstSet('C10R20JSJDL16GR11')"", 'uri': ""https://s4api.sap.jktyre.in:44305/sap/opu/odata/sap/ZINFI_PLT_API_SRV/InfiMouldMstSet('C10R20JSJDL16GR11')"", 'type': 'ZINFI_PLT_API_SRV.InfiMouldMst'}",C10R20JSJDL16GR11,10.00 R 20 JS JDL 16PR TT_GR11,1900,Chennai Tyre Plant,,,,ACTIVE,,
"{'id': ""https://s4api.sap.jktyre.in:44305/sap/opu/odata/sap/ZINFI_PLT_API_SRV/InfiMouldMstSet('C10R20JSJDL16GR12')"", 'uri': ""https://s4api.sap.jktyre.in:44305/sap/opu/odata/sap/ZINFI_PLT_API_SRV/InfiMouldMstSet('C10R20JSJDL16GR12')"", 'type': 'ZINFI_PLT_API_SRV.InfiMouldMst'}",C10R20JSJDL16GR12,10.00 R 20 JS JDL 16PR TT_GR12,1900,Chennai Tyre Plant,,,,ACTIVE,,
"{'id': ""https://s4api.sap.jktyre.in:44305/sap/opu/odata/sap/ZINFI_PLT_API_SRV/InfiMouldMstSet('C10R20JSJDL16GR13')"", 'uri': ""https://s4api.sap.jktyre.in:44305/sap/opu/odata/sap/ZINFI_PLT_API_SRV/InfiMouldMstSet('C10R20JSJDL16GR13')"", 'type': 'ZINFI_PLT_API_SRV.InfiMouldMst'}",C10R20JSJDL16GR13,10.00 R 20 JS JDL 16PR TT_GR13,1900,Chennai Tyre Plant,,,,ACTIVE,,
"{'id': ""https://s4api.sap.jktyre.in:44305/sap/opu/odata/sap/ZINFI_PLT_API_SRV/InfiMouldMstSet('C10R20JSJDL16GR14')"", 'uri': ""https://s4api.sap.jktyre.in:44305/sap/opu/odata/sap/ZINFI_PLT_API_SRV/InfiMouldMstSet('C10R20JSJDL16GR14')"", 'type': 'ZINFI_PLT_API_SRV.InfiMouldMst'}",C10R20JSJDL16GR14,10.00 R 20 JS JDL 16PR TT_GR14,1900,Chennai Tyre Plant,,,,ACTIVE,,
"{'id': ""https://s4api.sap.jktyre.in:44305/sap/opu/odata/sap/ZINFI_PLT_API_SRV/InfiMouldMstSet('C10R20JSJDL16GR15')"", 'uri': ""https://s4api.sap.jktyre.in:44305/sap/opu/odata/sap/ZINFI_PLT_API_SRV/InfiMouldMstSet('C10R20JSJDL16GR15')"", 'type': 'ZINFI_PLT_API_SRV.InfiMouldMst'}",C10R20JSJDL16GR15,10.00 R 20 JS JDL 16PR TT_GR15,1900,Chennai Tyre Plant,,,,ACTIVE,,
"{'id': ""https://s4api.sap.jktyre.in:44305/sap/opu/odata/sap/ZINFI_PLT_API_SRV/InfiMouldMstSet('C10R20JSJDL16GR16')"", 'uri': ""https://s4api.sap.jktyre.in:44305/sap/opu/odata/sap/ZINFI_PLT_API_SRV/InfiMouldMstSet('C10R20JSJDL16GR16')"", 'type': 'ZINFI_PLT_API_SRV.InfiMouldMst'}",C10R20JSJDL16GR16,10.00 R 20 JS JDL 16PR TT_GR16,1900,Chennai Tyre Plant,,,,ACTIVE,,
"{'id': ""https://s4api.sap.jktyre.in:44305/sap/opu/odata/sap/ZINFI_PLT_API_SRV/InfiMouldMstSet('C10R20JW21416HM01')"", 'uri': ""https://s4api.sap.jktyre.in:44305/sap/opu/odata/sap/ZINFI_PLT_API_SRV/InfiMouldMstSet('C10R20JW21416HM01')"", 'type': 'ZINFI_PLT_API_SRV.InfiMouldMst'}",C10R20JW21416HM01,295/90R20  JW 214 TT _ HM01,1900,Chennai Tyre Plant,,,,ACTIVE,,
"{'id': ""https://s4api.sap.jktyre.in:44305/sap/opu/odata/sap/ZINFI_PLT_API_SRV/InfiMouldMstSet('C10R20JW21416HM02')"", 'uri': ""https://s4api.sap.jktyre.in:44305/sap/opu/odata/sap/ZINFI_PLT_API_SRV/InfiMouldMstSet('C10R20JW21416HM02')"", 'type': 'ZINFI_PLT_API_SRV.InfiMouldMst'}",C10R20JW21416HM02,295/90R20 JW 214 _HM02,1900,Chennai Tyre Plant,,,,ACTIVE,,
"{'id': ""https://s4api.sap.jktyre.in:44305/sap/opu/odata/sap/ZINFI_PLT_API_SRV/InfiMouldMstSet('C10R20JW30216GC01')"", 'uri': ""https://s4api.sap.jktyre.in:44305/sap/opu/odata/sap/ZINFI_PLT_API_SRV/InfiMouldMstSet('C10R20JW30216GC01')"", 'type': 'ZINFI_PLT_API_SRV.InfiMouldMst'}",C10R20JW30216GC01,295/90R20 JW JUC XM _GC01,1900,Chennai Tyre Plant,,,,ACTIVE,,
"{'id': ""https://s4api.sap.jktyre.in:44305/sap/opu/odata/sap/ZINFI_PLT_API_SRV/InfiMouldMstSet('C10R20JW30216HM01')"", 'uri': ""https://s4api.sap.jktyre.in:44305/sap/opu/odata/sap/ZINFI_PLT_API_SRV/InfiMouldMstSet('C10R20JW30216HM01')"", 'type': 'ZINFI_PLT_API_SRV.InfiMouldMst'}",C10R20JW30216HM01,295/90R20 JW JUC XM _HM01,1900,Chennai Tyre Plant,,,,ACTIVE,,
"{'id': ""https://s4api.sap.jktyre.in:44305/sap/opu/odata/sap/ZINFI_PLT_API_SRV/InfiMouldMstSet('C10R20JW30216HM02')"", 'uri': ""https://s4api.sap.jktyre.in:44305/sap/opu/odata/sap/ZINFI_PLT_API_SRV/InfiMouldMstSet('C10R20JW30216HM02')"", 'type': 'ZINFI_PLT_API_SRV.InfiMouldMst'}",C10R20JW30216HM02,295/90R20 JW JUC XM _HM02,1900,Chennai Tyre Plant,,,,ACTIVE,,
"{'id': ""https://s4api.sap.jktyre.in:44305/sap/opu/odata/sap/ZINFI_PLT_API_SRV/InfiMouldMstSet('C10R20JW30216HM03')"", 'uri': ""https://s4api.sap.jktyre.in:44305/sap/opu/odata/sap/ZINFI_PLT_API_SRV/InfiMouldMstSet('C10R20JW30216HM03')"", 'type': 'ZINFI_PLT_API_SRV.InfiMouldMst'}",C10R20JW30216HM03,295/90R20 JW JUC XM _ HM03,1900,Chennai Tyre Plant,,,,ACTIVE,,
"{'id': ""https://s4api.sap.jktyre.in:44305/sap/opu/odata/sap/ZINFI_PLT_API_SRV/InfiMouldMstSet('C10R20JW30216HM04')"", 'uri': ""https://s4api.sap.jktyre.in:44305/sap/opu/odata/sap/ZINFI_PLT_API_SRV/InfiMouldMstSet('C10R20JW30216HM04')"", 'type': 'ZINFI_PLT_API_SRV.InfiMouldMst'}",C10R20JW30216HM04,295/90R20 JW JUC XM _ HM04,1900,Chennai Tyre Plant,,,,ACTIVE,,
"{'id': ""https://s4api.sap.jktyre.in:44305/sap/opu/odata/sap/ZINFI_PLT_API_SRV/InfiMouldMstSet('C10R20JW30216HM05')"", 'uri': ""https://s4api.sap.jktyre.in:44305/sap/opu/odata/sap/ZINFI_PLT_API_SRV/InfiMouldMstSet('C10R20JW30216HM05')"", 'type': 'ZINFI_PLT_API_SRV.InfiMouldMst'}",C10R20JW30216HM05,295/90R20 JW JUC XM _ HM05,1900,Chennai Tyre Plant,,,,ACTIVE,,
"{'id': ""https://s4api.sap.jktyre.in:44305/sap/opu/odata/sap/ZINFI_PLT_API_SRV/InfiMouldMstSet('C10R20JW30216HM06')"", 'uri': ""https://s4api.sap.jktyre.in:44305/sap/opu/odata/sap/ZINFI_PLT_API_SRV/InfiMouldMstSet('C10R20JW30216HM06')"", 'type': 'ZINFI_PLT_API_SRV.InfiMouldMst'}",C10R20JW30216HM06,295/90R20 JW JUC XM _ HM06,1900,Chennai Tyre Plant,,,,ACTIVE,,
"{'id': ""https://s4api.sap.jktyre.in:44305/sap/opu/odata/sap/ZINFI_PLT_API_SRV/InfiMouldMstSet('C10R20JW30216HM07')"", 'uri': ""https://s4api.sap.jktyre.in:44305/sap/opu/odata/sap/ZINFI_PLT_API_SRV/InfiMouldMstSet('C10R20JW30216HM07')"", 'type': 'ZINFI_PLT_API_SRV.InfiMouldMst'}",C10R20JW30216HM07,295/90R20 JW JUC XM _HM07,1900,Chennai Tyre Plant,,,,ACTIVE,,
"{'id': ""https://s4api.sap.jktyre.in:44305/sap/opu/odata/sap/ZINFI_PLT_API_SRV/InfiMouldMstSet('C10R20JW30216HM08')"", 'uri': ""https://s4api.sap.jktyre.in:44305/sap/opu/odata/sap/ZINFI_PLT_API_SRV/InfiMouldMstSet('C10R20JW30216HM08')"", 'type': 'ZINFI_PLT_API_SRV.InfiMouldMst'}",C10R20JW30216HM08,295/90R20 JETWAY JUC XM _ HM08,1900,Chennai Tyre Plant,,,,ACTIVE,,
"{'id': ""https://s4api.sap.jktyre.in:44305/sap/opu/odata/sap/ZINFI_PLT_API_SRV/InfiMouldMstSet('C10R20JW30216HM09')"", 'uri': ""https://s4api.sap.jktyre.in:44305/sap/opu/odata/sap/ZINFI_PLT_API_SRV/InfiMouldMstSet('C10R20JW30216HM09')"", 'type': 'ZINFI_PLT_API_SRV.InfiMouldMst'}",C10R20JW30216HM09,295/90R20 JETWAY JUC XM _ HM09,1900,Chennai Tyre Plant,,,,ACTIVE,,
"{'id': ""https://s4api.sap.jktyre.in:44305/sap/opu/odata/sap/ZINFI_PLT_API_SRV/InfiMouldMstSet('C10R20JW30416HM01')"", 'uri': ""https://s4api.sap.jktyre.in:44305/sap/opu/odata/sap/ZINFI_PLT_API_SRV/InfiMouldMstSet('C10R20JW30416HM01')"", 'type': 'ZINFI_PLT_API_SRV.InfiMouldMst'}",C10R20JW30416HM01,295/90R20 JW JUH XF - HM01,1900,Chennai Tyre Plant,,,,ACTIVE,,
"{'id': ""https://s4api.sap.jktyre.in:44305/sap/opu/odata/sap/ZINFI_PLT_API_SRV/InfiMouldMstSet('C10R20JWJUC216GR01')"", 'uri': ""https://s4api.sap.jktyre.in:44305/sap/opu/odata/sap/ZINFI_PLT_API_SRV/InfiMouldMstSet('C10R20JWJUC216GR01')"", 'type': 'ZINFI_PLT_API_SRV.InfiMouldMst'}",C10R20JWJUC216GR01,10.00 R 20 JW JUC2 16PR TT_GR01,1900,Chennai Tyre Plant,,,,ACTIVE,,
"{'id': ""https://s4api.sap.jktyre.in:44305/sap/opu/odata/sap/ZINFI_PLT_API_SRV/InfiMouldMstSet('C10R20JWJUC216HM07')"", 'uri': ""https://s4api.sap.jktyre.in:44305/sap/opu/odata/sap/ZINFI_PLT_API_SRV/InfiMouldMstSet('C10R20JWJUC216HM07')"", 'type': 'ZINFI_PLT_API_SRV.InfiMouldMst'}",C10R20JWJUC216HM07,10.00 R 20 JW JUC2 16PR TT_HM07,1900,Chennai Tyre Plant,,,,ACTIVE,,
"{'id': ""https://s4api.sap.jktyre.in:44305/sap/opu/odata/sap/ZINFI_PLT_API_SRV/InfiMouldMstSet('C10R20JWJUC216HM09')"", 'uri': ""https://s4api.sap.jktyre.in:44305/sap/opu/odata/sap/ZINFI_PLT_API_SRV/InfiMouldMstSet('C10R20JWJUC216HM09')"", 'type': 'ZINFI_PLT_API_SRV.InfiMouldMst'}",C10R20JWJUC216HM09,10.00 R 20 JW JUC2 16PR TT_HM09,1900,Chennai Tyre Plant,,,,ACTIVE,,
"{'id': ""https://s4api.sap.jktyre.in:44305/sap/opu/odata/sap/ZINFI_PLT_API_SRV/InfiMouldMstSet('C10R20JWJUC216HM10')"", 'uri': ""https://s4api.sap.jktyre.in:44305/sap/opu/odata/sap/ZINFI_PLT_API_SRV/InfiMouldMstSet('C10R20JWJUC216HM10')"", 'type': 'ZINFI_PLT_API_SRV.InfiMouldMst'}",C10R20JWJUC216HM10,10.00 R 20 JW JUC2 16PR TT_HM10,1900,Chennai Tyre Plant,,,,ACTIVE,,
"{'id': ""https://s4api.sap.jktyre.in:44305/sap/opu/odata/sap/ZINFI_PLT_API_SRV/InfiMouldMstSet('C10R20JWJUC316GC07')"", 'uri': ""https://s4api.sap.jktyre.in:44305/sap/opu/odata/sap/ZINFI_PLT_API_SRV/InfiMouldMstSet('C10R20JWJUC316GC07')"", 'type': 'ZINFI_PLT_API_SRV.InfiMouldMst'}",C10R20JWJUC316GC07,10.00 R 20 JW JUC3 16PR TT_GC07,1900,Chennai Tyre Plant,,,,ACTIVE,,
"{'id': ""https://s4api.sap.jktyre.in:44305/sap/opu/odata/sap/ZINFI_PLT_API_SRV/InfiMouldMstSet('C10R20JWJUC316GC08')"", 'uri': ""https://s4api.sap.jktyre.in:44305/sap/opu/odata/sap/ZINFI_PLT_API_SRV/InfiMouldMstSet('C10R20JWJUC316GC08')"", 'type': 'ZINFI_PLT_API_SRV.InfiMouldMst'}",C10R20JWJUC316GC08,10.00 R 20 JW JUC3 16PR TT_GC08,1900,Chennai Tyre Plant,,,,ACTIVE,,
"{'id': ""https://s4api.sap.jktyre.in:44305/sap/opu/odata/sap/ZINFI_PLT_API_SRV/InfiMouldMstSet('C10R20JWJUC316GC13')"", 'uri': ""https://s4api.sap.jktyre.in:44305/sap/opu/odata/sap/ZINFI_PLT_API_SRV/InfiMouldMstSet('C10R20JWJUC316GC13')"", 'type': 'ZINFI_PLT_API_SRV.InfiMouldMst'}",C10R20JWJUC316GC13,295/90 R 20 JW JUC3 TT GC-13,1900,Chennai Tyre Plant,,,,ACTIVE,,
"{'id': ""https://s4api.sap.jktyre.in:44305/sap/opu/odata/sap/ZINFI_PLT_API_SRV/InfiMouldMstSet('C10R20JWJUC316GC14')"", 'uri': ""https://s4api.sap.jktyre.in:44305/sap/opu/odata/sap/ZINFI_PLT_API_SRV/InfiMouldMstSet('C10R20JWJUC316GC14')"", 'type': 'ZINFI_PLT_API_SRV.InfiMouldMst'}",C10R20JWJUC316GC14,295/90 R 20 JW JUC3 TT GC-14,1900,Chennai Tyre Plant,,,,ACTIVE,,
"{'id': ""https://s4api.sap.jktyre.in:44305/sap/opu/odata/sap/ZINFI_PLT_API_SRV/InfiMouldMstSet('C10R20JWJUC316HM07')"", 'uri': ""https://s4api.sap.jktyre.in:44305/sap/opu/odata/sap/ZINFI_PLT_API_SRV/InfiMouldMstSet('C10R20JWJUC316HM07')"", 'type': 'ZINFI_PLT_API_SRV.InfiMouldMst'}",C10R20JWJUC316HM07,295/90 R 20 JW JUC3 TT_HM07,1900,Chennai Tyre Plant,,,,ACTIVE,,
"{'id': ""https://s4api.sap.jktyre.in:44305/sap/opu/odata/sap/ZINFI_PLT_API_SRV/InfiMouldMstSet('C10R20JWJUC316HM08')"", 'uri': ""https://s4api.sap.jktyre.in:44305/sap/opu/odata/sap/ZINFI_PLT_API_SRV/InfiMouldMstSet('C10R20JWJUC316HM08')"", 'type': 'ZINFI_PLT_API_SRV.InfiMouldMst'}",C10R20JWJUC316HM08,295/ 90 R 20 JW JUC3 TT_HM08,1900,Chennai Tyre Plant,,,,ACTIVE,,
"{'id': ""https://s4api.sap.jktyre.in:44305/sap/opu/odata/sap/ZINFI_PLT_API_SRV/InfiMouldMstSet('C10R20JWJUC316HM10')"", 'uri': ""https://s4api.sap.jktyre.in:44305/sap/opu/odata/sap/ZINFI_PLT_API_SRV/InfiMouldMstSet('C10R20JWJUC316HM10')"", 'type': 'ZINFI_PLT_API_SRV.InfiMouldMst'}",C10R20JWJUC316HM10,10.00R20 JETWAY JUC3 TT 16PR HM-10,1900,Chennai Tyre Plant,,,,ACTIVE,,
"{'id': ""https://s4api.sap.jktyre.in:44305/sap/opu/odata/sap/ZINFI_PLT_API_SRV/InfiMouldMstSet('C10R20JWJUC316HM11')"", 'uri': ""https://s4api.sap.jktyre.in:44305/sap/opu/odata/sap/ZINFI_PLT_API_SRV/InfiMouldMstSet('C10R20JWJUC316HM11')"", 'type': 'ZINFI_PLT_API_SRV.InfiMouldMst'}",C10R20JWJUC316HM11,10.00R20 JETWAY JUC3 TT 16PR HM-11,1900,Chennai Tyre Plant,,,,ACTIVE,,
"{'id': ""https://s4api.sap.jktyre.in:44305/sap/opu/odata/sap/ZINFI_PLT_API_SRV/InfiMouldMstSet('C10R20JWJUC316HM12')"", 'uri': ""https://s4api.sap.jktyre.in:44305/sap/opu/odata/sap/ZINFI_PLT_API_SRV/InfiMouldMstSet('C10R20JWJUC316HM12')"", 'type': 'ZINFI_PLT_API_SRV.InfiMouldMst'}",C10R20JWJUC316HM12,295/90 R 20 JW JUC3_HM12,1900,Chennai Tyre Plant,,,,ACTIVE,,
"{'id': ""https://s4api.sap.jktyre.in:44305/sap/opu/odata/sap/ZINFI_PLT_API_SRV/InfiMouldMstSet('C10R20JWJUC316HM13')"", 'uri': ""https://s4api.sap.jktyre.in:44305/sap/opu/odata/sap/ZINFI_PLT_API_SRV/InfiMouldMstSet('C10R20JWJUC316HM13')"", 'type': 'ZINFI_PLT_API_SRV.InfiMouldMst'}",C10R20JWJUC316HM13,295/90 R 20 JW JUC3_HM13,1900,Chennai Tyre Plant,,,,ACTIVE,,
"{'id': ""https://s4api.sap.jktyre.in:44305/sap/opu/odata/sap/ZINFI_PLT_API_SRV/InfiMouldMstSet('C10R20JWJUCTTMB01')"", 'uri': ""https://s4api.sap.jktyre.in:44305/sap/opu/odata/sap/ZINFI_PLT_API_SRV/InfiMouldMstSet('C10R20JWJUCTTMB01')"", 'type': 'ZINFI_PLT_API_SRV.InfiMouldMst'}",C10R20JWJUCTTMB01,10.00 R 20 JW JUC _MB01,1900,Chennai Tyre Plant,,,,ACTIVE,,
"{'id': ""https://s4api.sap.jktyre.in:44305/sap/opu/odata/sap/ZINFI_PLT_API_SRV/InfiMouldMstSet('C10R20JWJUCTTMB02')"", 'uri': ""https://s4api.sap.jktyre.in:44305/sap/opu/odata/sap/ZINFI_PLT_API_SRV/InfiMouldMstSet('C10R20JWJUCTTMB02')"", 'type': 'ZINFI_PLT_API_SRV.InfiMouldMst'}",C10R20JWJUCTTMB02,10.00 R 20 JW JUC _MB02,1900,Chennai Tyre Plant,,,,ACTIVE,,
"{'id': ""https://s4api.sap.jktyre.in:44305/sap/opu/odata/sap/ZINFI_PLT_API_SRV/InfiMouldMstSet('C10R20JWJUH316GC01')"", 'uri': ""https://s4api.sap.jktyre.in:44305/sap/opu/odata/sap/ZINFI_PLT_API_SRV/InfiMouldMstSet('C10R20JWJUH316GC01')"", 'type': 'ZINFI_PLT_API_SRV.InfiMouldMst'}",C10R20JWJUH316GC01,10.00 R 20 JW JUH3+ 16PR TT_GC01,1900,Chennai Tyre Plant,,,,ACTIVE,,
"{'id': ""https://s4api.sap.jktyre.in:44305/sap/opu/odata/sap/ZINFI_PLT_API_SRV/InfiMouldMstSet('C10R20JWJUH316GC02')"", 'uri': ""https://s4api.sap.jktyre.in:44305/sap/opu/odata/sap/ZINFI_PLT_API_SRV/InfiMouldMstSet('C10R20JWJUH316GC02')"", 'type': 'ZINFI_PLT_API_SRV.InfiMouldMst'}",C10R20JWJUH316GC02,10.00 R 20 JW JUH3+ 16PR TT_GC02,1900,Chennai Tyre Plant,,,,ACTIVE,,
"{'id': ""https://s4api.sap.jktyre.in:44305/sap/opu/odata/sap/ZINFI_PLT_API_SRV/InfiMouldMstSet('C10R20JWJUH316GC03')"", 'uri': ""https://s4api.sap.jktyre.in:44305/sap/opu/odata/sap/ZINFI_PLT_API_SRV/InfiMouldMstSet('C10R20JWJUH316GC03')"", 'type': 'ZINFI_PLT_API_SRV.InfiMouldMst'}",C10R20JWJUH316GC03,10.00 R 20 JW JUH3+ 16PR TT_GC03,1900,Chennai Tyre Plant,,,,ACTIVE,,
"{'id': ""https://s4api.sap.jktyre.in:44305/sap/opu/odata/sap/ZINFI_PLT_API_SRV/InfiMouldMstSet('C10R20JWJUH316GC04')"", 'uri': ""https://s4api.sap.jktyre.in:44305/sap/opu/odata/sap/ZINFI_PLT_API_SRV/InfiMouldMstSet('C10R20JWJUH316GC04')"", 'type': 'ZINFI_PLT_API_SRV.InfiMouldMst'}",C10R20JWJUH316GC04,10.00 R 20 JW JUH3+ 16PR TT_GC04,1900,Chennai Tyre Plant,,,,ACTIVE,,
"{'id': ""https://s4api.sap.jktyre.in:44305/sap/opu/odata/sap/ZINFI_PLT_API_SRV/InfiMouldMstSet('C10R20JWJUH316GC05')"", 'uri': ""https://s4api.sap.jktyre.in:44305/sap/opu/odata/sap/ZINFI_PLT_API_SRV/InfiMouldMstSet('C10R20JWJUH316GC05')"", 'type': 'ZINFI_PLT_API_SRV.InfiMouldMst'}",C10R20JWJUH316GC05,10.00 R 20 JW JUH3+ 16PR TT_GC05,1900,Chennai Tyre Plant,,,,ACTIVE,,
"{'id': ""https://s4api.sap.jktyre.in:44305/sap/opu/odata/sap/ZINFI_PLT_API_SRV/InfiMouldMstSet('C10R20JWJUH316GC06')"", 'uri': ""https://s4api.sap.jktyre.in:44305/sap/opu/odata/sap/ZINFI_PLT_API_SRV/InfiMouldMstSet('C10R20JWJUH316GC06')"", 'type': 'ZINFI_PLT_API_SRV.InfiMouldMst'}",C10R20JWJUH316GC06,10.00 R 20 JW JUH3+ 16PR TT_GC06,1900,Chennai Tyre Plant,,,,ACTIVE,,
"{'id': ""https://s4api.sap.jktyre.in:44305/sap/opu/odata/sap/ZINFI_PLT_API_SRV/InfiMouldMstSet('C10R20JWJUH316GC07')"", 'uri': ""https://s4api.sap.jktyre.in:44305/sap/opu/odata/sap/ZINFI_PLT_API_SRV/InfiMouldMstSet('C10R20JWJUH316GC07')"", 'type': 'ZINFI_PLT_API_SRV.InfiMouldMst'}",C10R20JWJUH316GC07,10.00 R 20 JW JUH3+ 16PR TT_GC07,1900,Chennai Tyre Plant,,,,ACTIVE,,
"{'id': ""https://s4api.sap.jktyre.in:44305/sap/opu/odata/sap/ZINFI_PLT_API_SRV/InfiMouldMstSet('C10R20JWJUH316GC08')"", 'uri': ""https://s4api.sap.jktyre.in:44305/sap/opu/odata/sap/ZINFI_PLT_API_SRV/InfiMouldMstSet('C10R20JWJUH316GC08')"", 'type': 'ZINFI_PLT_API_SRV.InfiMouldMst'}",C10R20JWJUH316GC08,10.00 R 20 JW JUH3+ 16PR TT_GC08,1900,Chennai Tyre Plant,,,,ACTIVE,,
"{'id': ""https://s4api.sap.jktyre.in:44305/sap/opu/odata/sap/ZINFI_PLT_API_SRV/InfiMouldMstSet('C10R20JWJUH316GC09')"", 'uri': ""https://s4api.sap.jktyre.in:44305/sap/opu/odata/sap/ZINFI_PLT_API_SRV/InfiMouldMstSet('C10R20JWJUH316GC09')"", 'type': 'ZINFI_PLT_API_SRV.InfiMouldMst'}",C10R20JWJUH316GC09,10.00 R 20 JW JUH3+ 16PR TT_GC09,1900,Chennai Tyre Plant,,,,ACTIVE,,
"{'id': ""https://s4api.sap.jktyre.in:44305/sap/opu/odata/sap/ZINFI_PLT_API_SRV/InfiMouldMstSet('C10R20JWJUH316GC10')"", 'uri': ""https://s4api.sap.jktyre.in:44305/sap/opu/odata/sap/ZINFI_PLT_API_SRV/InfiMouldMstSet('C10R20JWJUH316GC10')"", 'type': 'ZINFI_PLT_API_SRV.InfiMouldMst'}",C10R20JWJUH316GC10,10.00 R 20 JW JUH3+ 16PR TT_GC10,1900,Chennai Tyre Plant,,,,ACTIVE,,
"{'id': ""https://s4api.sap.jktyre.in:44305/sap/opu/odata/sap/ZINFI_PLT_API_SRV/InfiMouldMstSet('C10R20JWJUH316GC11')"", 'uri': ""https://s4api.sap.jktyre.in:44305/sap/opu/odata/sap/ZINFI_PLT_API_SRV/InfiMouldMstSet('C10R20JWJUH316GC11')"", 'type': 'ZINFI_PLT_API_SRV.InfiMouldMst'}",C10R20JWJUH316GC11,10.00 R 20 JW JUH3+ 16PR TT_GC11,1900,Chennai Tyre Plant,,,,ACTIVE,,
"{'id': ""https://s4api.sap.jktyre.in:44305/sap/opu/odata/sap/ZINFI_PLT_API_SRV/InfiMouldMstSet('C10R20JWJUH316GC12')"", 'uri': ""https://s4api.sap.jktyre.in:44305/sap/opu/odata/sap/ZINFI_PLT_API_SRV/InfiMouldMstSet('C10R20JWJUH316GC12')"", 'type': 'ZINFI_PLT_API_SRV.InfiMouldMst'}",C10R20JWJUH316GC12,10.00 R 20 JW JUH3+ 16PR TT_GC12,1900,Chennai Tyre Plant,,,,ACTIVE,,
"{'id': ""https://s4api.sap.jktyre.in:44305/sap/opu/odata/sap/ZINFI_PLT_API_SRV/InfiMouldMstSet('C10R20JWJUH316GC13')"", 'uri': ""https://s4api.sap.jktyre.in:44305/sap/opu/odata/sap/ZINFI_PLT_API_SRV/InfiMouldMstSet('C10R20JWJUH316GC13')"", 'type': 'ZINFI_PLT_API_SRV.InfiMouldMst'}",C10R20JWJUH316GC13,10.00 R 20 JW JUH3+ 16PR TT_GC13,1900,Chennai Tyre Plant,,,,ACTIVE,,
"{'id': ""https://s4api.sap.jktyre.in:44305/sap/opu/odata/sap/ZINFI_PLT_API_SRV/InfiMouldMstSet('C10R20JWJUH316GC14')"", 'uri': ""https://s4api.sap.jktyre.in:44305/sap/opu/odata/sap/ZINFI_PLT_API_SRV/InfiMouldMstSet('C10R20JWJUH316GC14')"", 'type': 'ZINFI_PLT_API_SRV.InfiMouldMst'}",C10R20JWJUH316GC14,10.00 R 20 JW JUH3+ 16PR TT_GC14,1900,Chennai Tyre Plant,,,,ACTIVE,,
"{'id': ""https://s4api.sap.jktyre.in:44305/sap/opu/odata/sap/ZINFI_PLT_API_SRV/InfiMouldMstSet('C10R20JWJUH316GR05')"", 'uri': ""https://s4api.sap.jktyre.in:44305/sap/opu/odata/sap/ZINFI_PLT_API_SRV/InfiMouldMstSet('C10R20JWJUH316GR05')"", 'type': 'ZINFI_PLT_API_SRV.InfiMouldMst'}",C10R20JWJUH316GR05,10.00 R 20 JW JUH3+ 16PR TT_GR05,1900,Chennai Tyre Plant,,,,ACTIVE,,
"{'id': ""https://s4api.sap.jktyre.in:44305/sap/opu/odata/sap/ZINFI_PLT_API_SRV/InfiMouldMstSet('C10R20JWJUH316GR06')"", 'uri': ""https://s4api.sap.jktyre.in:44305/sap/opu/odata/sap/ZINFI_PLT_API_SRV/InfiMouldMstSet('C10R20JWJUH316GR06')"", 'type': 'ZINFI_PLT_API_SRV.InfiMouldMst'}",C10R20JWJUH316GR06,10.00 R 20 JW JUH3+ 16PR TT_GR06,1900,Chennai Tyre Plant,,,,ACTIVE,,
"{'id': ""https://s4api.sap.jktyre.in:44305/sap/opu/odata/sap/ZINFI_PLT_API_SRV/InfiMouldMstSet('C10R20JWJUH316GR07')"", 'uri': ""https://s4api.sap.jktyre.in:44305/sap/opu/odata/sap/ZINFI_PLT_API_SRV/InfiMouldMstSet('C10R20JWJUH316GR07')"", 'type': 'ZINFI_PLT_API_SRV.InfiMouldMst'}",C10R20JWJUH316GR07,10.00 R 20 JW JUH3+ 16PR TT_GR07,1900,Chennai Tyre Plant,,,,ACTIVE,,
"{'id': ""https://s4api.sap.jktyre.in:44305/sap/opu/odata/sap/ZINFI_PLT_API_SRV/InfiMouldMstSet('C10R20JWJUH316GR08')"", 'uri': ""https://s4api.sap.jktyre.in:44305/sap/opu/odata/sap/ZINFI_PLT_API_SRV/InfiMouldMstSet('C10R20JWJUH316GR08')"", 'type': 'ZINFI_PLT_API_SRV.InfiMouldMst'}",C10R20JWJUH316GR08,10.00 R 20 JW JUH3+ 16PR TT_GR08,1900,Chennai Tyre Plant,,,,ACTIVE,,
"{'id': ""https://s4api.sap.jktyre.in:44305/sap/opu/odata/sap/ZINFI_PLT_API_SRV/InfiMouldMstSet('C10R20JWJUH316GR09')"", 'uri': ""https://s4api.sap.jktyre.in:44305/sap/opu/odata/sap/ZINFI_PLT_API_SRV/InfiMouldMstSet('C10R20JWJUH316GR09')"", 'type': 'ZINFI_PLT_API_SRV.InfiMouldMst'}",C10R20JWJUH316GR09,10.00 R 20 JW JUH3+ 16PR TT_GR09,1900,Chennai Tyre Plant,,,,ACTIVE,,
"{'id': ""https://s4api.sap.jktyre.in:44305/sap/opu/odata/sap/ZINFI_PLT_API_SRV/InfiMouldMstSet('C10R20JWJUH316GR10')"", 'uri': ""https://s4api.sap.jktyre.in:44305/sap/opu/odata/sap/ZINFI_PLT_API_SRV/InfiMouldMstSet('C10R20JWJUH316GR10')"", 'type': 'ZINFI_PLT_API_SRV.InfiMouldMst'}",C10R20JWJUH316GR10,10.00 R 20 JW JUH3+ 16PR TT_GR10,1900,Chennai Tyre Plant,,,,ACTIVE,,
"{'id': ""https://s4api.sap.jktyre.in:44305/sap/opu/odata/sap/ZINFI_PLT_API_SRV/InfiMouldMstSet('C10R20JWJUH316HM01')"", 'uri': ""https://s4api.sap.jktyre.in:44305/sap/opu/odata/sap/ZINFI_PLT_API_SRV/InfiMouldMstSet('C10R20JWJUH316HM01')"", 'type': 'ZINFI_PLT_API_SRV.InfiMouldMst'}",C10R20JWJUH316HM01,10.00 R 20 VIKRANT VUH3+ TT 16PR HM-01,1900,Chennai Tyre Plant,,,,ACTIVE,,
"{'id': ""https://s4api.sap.jktyre.in:44305/sap/opu/odata/sap/ZINFI_PLT_API_SRV/InfiMouldMstSet('C10R20JWJUH316HM02')"", 'uri': ""https://s4api.sap.jktyre.in:44305/sap/opu/odata/sap/ZINFI_PLT_API_SRV/InfiMouldMstSet('C10R20JWJUH316HM02')"", 'type': 'ZINFI_PLT_API_SRV.InfiMouldMst'}",C10R20JWJUH316HM02,10.00 R 20 VIKRANT VUH3+ TT 16PR HM-02,1900,Chennai Tyre Plant,,,,ACTIVE,,
"{'id': ""https://s4api.sap.jktyre.in:44305/sap/opu/odata/sap/ZINFI_PLT_API_SRV/InfiMouldMstSet('C10R20JWJUH316HM03')"", 'uri': ""https://s4api.sap.jktyre.in:44305/sap/opu/odata/sap/ZINFI_PLT_API_SRV/InfiMouldMstSet('C10R20JWJUH316HM03')"", 'type': 'ZINFI_PLT_API_SRV.InfiMouldMst'}",C10R20JWJUH316HM03,10.00 R 20 JW JUH3+ 16PR TT_HM03,1900,Chennai Tyre Plant,,,,ACTIVE,,
"{'id': ""https://s4api.sap.jktyre.in:44305/sap/opu/odata/sap/ZINFI_PLT_API_SRV/InfiMouldMstSet('C10R20JWJUH316HM04')"", 'uri': ""https://s4api.sap.jktyre.in:44305/sap/opu/odata/sap/ZINFI_PLT_API_SRV/InfiMouldMstSet('C10R20JWJUH316HM04')"", 'type': 'ZINFI_PLT_API_SRV.InfiMouldMst'}",C10R20JWJUH316HM04,10.00 R 20 JW JUH3+ 16PR TT_HM04,1900,Chennai Tyre Plant,,,,ACTIVE,,
"{'id': ""https://s4api.sap.jktyre.in:44305/sap/opu/odata/sap/ZINFI_PLT_API_SRV/InfiMouldMstSet('C10R20JWJUH316HM05')"", 'uri': ""https://s4api.sap.jktyre.in:44305/sap/opu/odata/sap/ZINFI_PLT_API_SRV/InfiMouldMstSet('C10R20JWJUH316HM05')"", 'type': 'ZINFI_PLT_API_SRV.InfiMouldMst'}",C10R20JWJUH316HM05,10.00 R 20 JW JUH3+ 16PR TT_HM05,1900,Chennai Tyre Plant,,,,ACTIVE,,
"{'id': ""https://s4api.sap.jktyre.in:44305/sap/opu/odata/sap/ZINFI_PLT_API_SRV/InfiMouldMstSet('C10R20JWJUH316HM06')"", 'uri': ""https://s4api.sap.jktyre.in:44305/sap/opu/odata/sap/ZINFI_PLT_API_SRV/InfiMouldMstSet('C10R20JWJUH316HM06')"", 'type': 'ZINFI_PLT_API_SRV.InfiMouldMst'}",C10R20JWJUH316HM06,10.00 R 20 JW JUH3+ 16PR TT_HM06,1900,Chennai Tyre Plant,,,,ACTIVE,,
"{'id': ""https://s4api.sap.jktyre.in:44305/sap/opu/odata/sap/ZINFI_PLT_API_SRV/InfiMouldMstSet('C10R20JWJUH316HM07')"", 'uri': ""https://s4api.sap.jktyre.in:44305/sap/opu/odata/sap/ZINFI_PLT_API_SRV/InfiMouldMstSet('C10R20JWJUH316HM07')"", 'type': 'ZINFI_PLT_API_SRV.InfiMouldMst'}",C10R20JWJUH316HM07,10.00 R 20 JW JUH3+ 16PR TT_HM07,1900,Chennai Tyre Plant,,,,ACTIVE,,
"{'id': ""https://s4api.sap.jktyre.in:44305/sap/opu/odata/sap/ZINFI_PLT_API_SRV/InfiMouldMstSet('C10R20JWJUH316HM08')"", 'uri': ""https://s4api.sap.jktyre.in:44305/sap/opu/odata/sap/ZINFI_PLT_API_SRV/InfiMouldMstSet('C10R20JWJUH316HM08')"", 'type': 'ZINFI_PLT_API_SRV.InfiMouldMst'}",C10R20JWJUH316HM08,10.00 R 20 JW JUH3+ 16PR TT_HM08,1900,Chennai Tyre Plant,,,,ACTIVE,,
"{'id': ""https://s4api.sap.jktyre.in:44305/sap/opu/odata/sap/ZINFI_PLT_API_SRV/InfiMouldMstSet('C10R20JWJUH316HM09')"", 'uri': ""https://s4api.sap.jktyre.in:44305/sap/opu/odata/sap/ZINFI_PLT_API_SRV/InfiMouldMstSet('C10R20JWJUH316HM09')"", 'type': 'ZINFI_PLT_API_SRV.InfiMouldMst'}",C10R20JWJUH316HM09,10.00 R 20 JW JUH3+ 16PR TT_HM09,1900,Chennai Tyre Plant,,,,ACTIVE,,
"{'id': ""https://s4api.sap.jktyre.in:44305/sap/opu/odata/sap/ZINFI_PLT_API_SRV/InfiMouldMstSet('C10R20JWJUH316HM10')"", 'uri': ""https://s4api.sap.jktyre.in:44305/sap/opu/odata/sap/ZINFI_PLT_API_SRV/InfiMouldMstSet('C10R20JWJUH316HM10')"", 'type': 'ZINFI_PLT_API_SRV.InfiMouldMst'}",C10R20JWJUH316HM10,10.00 R 20 JW JUH3+ 16PR TT_HM10,1900,Chennai Tyre Plant,,,,ACTIVE,,
"{'id': ""https://s4api.sap.jktyre.in:44305/sap/opu/odata/sap/ZINFI_PLT_API_SRV/InfiMouldMstSet('C10R20JWJUH316HM11')"", 'uri': ""https://s4api.sap.jktyre.in:44305/sap/opu/odata/sap/ZINFI_PLT_API_SRV/InfiMouldMstSet('C10R20JWJUH316HM11')"", 'type': 'ZINFI_PLT_API_SRV.InfiMouldMst'}",C10R20JWJUH316HM11,10.00 R 20 JW JUH3+ 16PR TT_HM11,1900,Chennai Tyre Plant,,,,ACTIVE,,
"{'id': ""https://s4api.sap.jktyre.in:44305/sap/opu/odata/sap/ZINFI_PLT_API_SRV/InfiMouldMstSet('C10R20JWJUH316HM12')"", 'uri': ""https://s4api.sap.jktyre.in:44305/sap/opu/odata/sap/ZINFI_PLT_API_SRV/InfiMouldMstSet('C10R20JWJUH316HM12')"", 'type': 'ZINFI_PLT_API_SRV.InfiMouldMst'}",C10R20JWJUH316HM12,10.00 R 20 JW JUH3+ 16PR TT_HM12,1900,Chennai Tyre Plant,,,,ACTIVE,,
"{'id': ""https://s4api.sap.jktyre.in:44305/sap/opu/odata/sap/ZINFI_PLT_API_SRV/InfiMouldMstSet('C10R20JWJUH316HM13')"", 'uri': ""https://s4api.sap.jktyre.in:44305/sap/opu/odata/sap/ZINFI_PLT_API_SRV/InfiMouldMstSet('C10R20JWJUH316HM13')"", 'type': 'ZINFI_PLT_API_SRV.InfiMouldMst'}",C10R20JWJUH316HM13,10.00 R 20 JW JUH3+ 16PR TT_HM13,1900,Chennai Tyre Plant,,,,ACTIVE,,
"{'id': ""https://s4api.sap.jktyre.in:44305/sap/opu/odata/sap/ZINFI_PLT_API_SRV/InfiMouldMstSet('C10R20JWJUH316HM14')"", 'uri': ""https://s4api.sap.jktyre.in:44305/sap/opu/odata/sap/ZINFI_PLT_API_SRV/InfiMouldMstSet('C10R20JWJUH316HM14')"", 'type': 'ZINFI_PLT_API_SRV.InfiMouldMst'}",C10R20JWJUH316HM14,10.00 R 20 JW JUH3+ 16PR TT_HM14,1900,Chennai Tyre Plant,,,,ACTIVE,,
"{'id': ""https://s4api.sap.jktyre.in:44305/sap/opu/odata/sap/ZINFI_PLT_API_SRV/InfiMouldMstSet('C10R20JWJUH316HM15')"", 'uri': ""https://s4api.sap.jktyre.in:44305/sap/opu/odata/sap/ZINFI_PLT_API_SRV/InfiMouldMstSet('C10R20JWJUH316HM15')"", 'type': 'ZINFI_PLT_API_SRV.InfiMouldMst'}",C10R20JWJUH316HM15,10.00 R 20 JW JUH3+ 16PR TT_HM15,1900,Chennai Tyre Plant,,,,ACTIVE,,
"{'id': ""https://s4api.sap.jktyre.in:44305/sap/opu/odata/sap/ZINFI_PLT_API_SRV/InfiMouldMstSet('C10R20JWJUH316HM16')"", 'uri': ""https://s4api.sap.jktyre.in:44305/sap/opu/odata/sap/ZINFI_PLT_API_SRV/InfiMouldMstSet('C10R20JWJUH316HM16')"", 'type': 'ZINFI_PLT_API_SRV.InfiMouldMst'}",C10R20JWJUH316HM16,10.00 R 20 JW JUH3+ 16PR TT_HM16,1900,Chennai Tyre Plant,,,,ACTIVE,,
"{'id': ""https://s4api.sap.jktyre.in:44305/sap/opu/odata/sap/ZINFI_PLT_API_SRV/InfiMouldMstSet('C10R20JWJUH316HM17')"", 'uri': ""https://s4api.sap.jktyre.in:44305/sap/opu/odata/sap/ZINFI_PLT_API_SRV/InfiMouldMstSet('C10R20JWJUH316HM17')"", 'type': 'ZINFI_PLT_API_SRV.InfiMouldMst'}",C10R20JWJUH316HM17,10.00 R 20 JW JUH3+ 16PR TT_HM17,1900,Chennai Tyre Plant,,,,ACTIVE,,
"{'id': ""https://s4api.sap.jktyre.in:44305/sap/opu/odata/sap/ZINFI_PLT_API_SRV/InfiMouldMstSet('C10R20JWJUH316HM18')"", 'uri': ""https://s4api.sap.jktyre.in:44305/sap/opu/odata/sap/ZINFI_PLT_API_SRV/InfiMouldMstSet('C10R20JWJUH316HM18')"", 'type': 'ZINFI_PLT_API_SRV.InfiMouldMst'}",C10R20JWJUH316HM18,10.00 R 20 JW JUH3+ 16PR TT_HM18,1900,Chennai Tyre Plant,,,,ACTIVE,,
"{'id': ""https://s4api.sap.jktyre.in:44305/sap/opu/odata/sap/ZINFI_PLT_API_SRV/InfiMouldMstSet('C10R20JWJUH316HM19')"", 'uri': ""https://s4api.sap.jktyre.in:44305/sap/opu/odata/sap/ZINFI_PLT_API_SRV/InfiMouldMstSet('C10R20JWJUH316HM19')"", 'type': 'ZINFI_PLT_API_SRV.InfiMouldMst'}",C10R20JWJUH316HM19,10.00 R 20 JW JUH3+ 16PR TT_HM19,1900,Chennai Tyre Plant,,,,ACTIVE,,
"{'id': ""https://s4api.sap.jktyre.in:44305/sap/opu/odata/sap/ZINFI_PLT_API_SRV/InfiMouldMstSet('C10R20JWJUH316HM20')"", 'uri': ""https://s4api.sap.jktyre.in:44305/sap/opu/odata/sap/ZINFI_PLT_API_SRV/InfiMouldMstSet('C10R20JWJUH316HM20')"", 'type': 'ZINFI_PLT_API_SRV.InfiMouldMst'}",C10R20JWJUH316HM20,10.00 R 20 JW JUH3+ 16PR TT_HM20,1900,Chennai Tyre Plant,,,,ACTIVE,,
"{'id': ""https://s4api.sap.jktyre.in:44305/sap/opu/odata/sap/ZINFI_PLT_API_SRV/InfiMouldMstSet('C10R20JWJUH316HM21')"", 'uri': ""https://s4api.sap.jktyre.in:44305/sap/opu/odata/sap/ZINFI_PLT_API_SRV/InfiMouldMstSet('C10R20JWJUH316HM21')"", 'type': 'ZINFI_PLT_API_SRV.InfiMouldMst'}",C10R20JWJUH316HM21,10.00 R 20 JW JUH3+ 16PR TT_HM21,1900,Chennai Tyre Plant,,,,ACTIVE,,
"{'id': ""https://s4api.sap.jktyre.in:44305/sap/opu/odata/sap/ZINFI_PLT_API_SRV/InfiMouldMstSet('C10R20JWJUH316HM22')"", 'uri': ""https://s4api.sap.jktyre.in:44305/sap/opu/odata/sap/ZINFI_PLT_API_SRV/InfiMouldMstSet('C10R20JWJUH316HM22')"", 'type': 'ZINFI_PLT_API_SRV.InfiMouldMst'}",C10R20JWJUH316HM22,10.00 R 20 JW JUH3+ 16PR TT_HM22,1900,Chennai Tyre Plant,,,,ACTIVE,,
"{'id': ""https://s4api.sap.jktyre.in:44305/sap/opu/odata/sap/ZINFI_PLT_API_SRV/InfiMouldMstSet('C10R20JWJUH316HM23')"", 'uri': ""https://s4api.sap.jktyre.in:44305/sap/opu/odata/sap/ZINFI_PLT_API_SRV/InfiMouldMstSet('C10R20JWJUH316HM23')"", 'type': 'ZINFI_PLT_API_SRV.InfiMouldMst'}",C10R20JWJUH316HM23,10.00 R 20 JW JUH3+ 16PR TT_HM23,1900,Chennai Tyre Plant,,,,ACTIVE,,
"{'id': ""https://s4api.sap.jktyre.in:44305/sap/opu/odata/sap/ZINFI_PLT_API_SRV/InfiMouldMstSet('C10R20JWJUH316HM24')"", 'uri': ""https://s4api.sap.jktyre.in:44305/sap/opu/odata/sap/ZINFI_PLT_API_SRV/InfiMouldMstSet('C10R20JWJUH316HM24')"", 'type': 'ZINFI_PLT_API_SRV.InfiMouldMst'}",C10R20JWJUH316HM24,10.00 R 20 JW JUH3+ 16PR TT_HM24,1900,Chennai Tyre Plant,,,,ACTIVE,,
"{'id': ""https://s4api.sap.jktyre.in:44305/sap/opu/odata/sap/ZINFI_PLT_API_SRV/InfiMouldMstSet('C10R20JWJUH316HM25')"", 'uri': ""https://s4api.sap.jktyre.in:44305/sap/opu/odata/sap/ZINFI_PLT_API_SRV/InfiMouldMstSet('C10R20JWJUH316HM25')"", 'type': 'ZINFI_PLT_API_SRV.InfiMouldMst'}",C10R20JWJUH316HM25,10.00 R 20 JW JUH3+ 16PR TT_HM25,1900,Chennai Tyre Plant,,,,ACTIVE,,
"{'id': ""https://s4api.sap.jktyre.in:44305/sap/opu/odata/sap/ZINFI_PLT_API_SRV/InfiMouldMstSet('C10R20JWJUH316HM26')"", 'uri': ""https://s4api.sap.jktyre.in:44305/sap/opu/odata/sap/ZINFI_PLT_API_SRV/InfiMouldMstSet('C10R20JWJUH316HM26')"", 'type': 'ZINFI_PLT_API_SRV.InfiMouldMst'}",C10R20JWJUH316HM26,10.00 R 20 JW JUH3+ 16PR TT_HM26,1900,Chennai Tyre Plant,,,,ACTIVE,,
"{'id': ""https://s4api.sap.jktyre.in:44305/sap/opu/odata/sap/ZINFI_PLT_API_SRV/InfiMouldMstSet('C10R20JWJUH316HM27')"", 'uri': ""https://s4api.sap.jktyre.in:44305/sap/opu/odata/sap/ZINFI_PLT_API_SRV/InfiMouldMstSet('C10R20JWJUH316HM27')"", 'type': 'ZINFI_PLT_API_SRV.InfiMouldMst'}",C10R20JWJUH316HM27,10.00 R 20 JW JUH3+ 16PR TT_HM27,1900,Chennai Tyre Plant,,,,ACTIVE,,
"{'id': ""https://s4api.sap.jktyre.in:44305/sap/opu/odata/sap/ZINFI_PLT_API_SRV/InfiMouldMstSet('C10R20JWJUH316HM28')"", 'uri': ""https://s4api.sap.jktyre.in:44305/sap/opu/odata/sap/ZINFI_PLT_API_SRV/InfiMouldMstSet('C10R20JWJUH316HM28')"", 'type': 'ZINFI_PLT_API_SRV.InfiMouldMst'}",C10R20JWJUH316HM28,10.00 R 20 JW JUH3+ 16PR TT_HM28,1900,Chennai Tyre Plant,,,,ACTIVE,,
"{'id': ""https://s4api.sap.jktyre.in:44305/sap/opu/odata/sap/ZINFI_PLT_API_SRV/InfiMouldMstSet('C10R20JWJUH516GC11')"", 'uri': ""https://s4api.sap.jktyre.in:44305/sap/opu/odata/sap/ZINFI_PLT_API_SRV/InfiMouldMstSet('C10R20JWJUH516GC11')"", 'type': 'ZINFI_PLT_API_SRV.InfiMouldMst'}",C10R20JWJUH516GC11,10.00R20 JW JUH5 16PR TT_GC11,1900,Chennai Tyre Plant,,,,ACTIVE,,
"{'id': ""https://s4api.sap.jktyre.in:44305/sap/opu/odata/sap/ZINFI_PLT_API_SRV/InfiMouldMstSet('C10R20JWJUH516GC12')"", 'uri': ""https://s4api.sap.jktyre.in:44305/sap/opu/odata/sap/ZINFI_PLT_API_SRV/InfiMouldMstSet('C10R20JWJUH516GC12')"", 'type': 'ZINFI_PLT_API_SRV.InfiMouldMst'}",C10R20JWJUH516GC12,295/90R20 JW JUH5 TT_GC12,1900,Chennai Tyre Plant,,,,ACTIVE,,
"{'id': ""https://s4api.sap.jktyre.in:44305/sap/opu/odata/sap/ZINFI_PLT_API_SRV/InfiMouldMstSet('C10R20JWJUH516GC13')"", 'uri': ""https://s4api.sap.jktyre.in:44305/sap/opu/odata/sap/ZINFI_PLT_API_SRV/InfiMouldMstSet('C10R20JWJUH516GC13')"", 'type': 'ZINFI_PLT_API_SRV.InfiMouldMst'}",C10R20JWJUH516GC13,10.00 R 20 JW JUH5 16PR TT_GC13,1900,Chennai Tyre Plant,,,,ACTIVE,,
"{'id': ""https://s4api.sap.jktyre.in:44305/sap/opu/odata/sap/ZINFI_PLT_API_SRV/InfiMouldMstSet('C10R20JWJUH516GC15')"", 'uri': ""https://s4api.sap.jktyre.in:44305/sap/opu/odata/sap/ZINFI_PLT_API_SRV/InfiMouldMstSet('C10R20JWJUH516GC15')"", 'type': 'ZINFI_PLT_API_SRV.InfiMouldMst'}",C10R20JWJUH516GC15,10.00R20 JW JUH5 TT_GC15,1900,Chennai Tyre Plant,,,,ACTIVE,,
"{'id': ""https://s4api.sap.jktyre.in:44305/sap/opu/odata/sap/ZINFI_PLT_API_SRV/InfiMouldMstSet('C10R20JWJUH516GC19')"", 'uri': ""https://s4api.sap.jktyre.in:44305/sap/opu/odata/sap/ZINFI_PLT_API_SRV/InfiMouldMstSet('C10R20JWJUH516GC19')"", 'type': 'ZINFI_PLT_API_SRV.InfiMouldMst'}",C10R20JWJUH516GC19,295/90R20 JW JUH5_GC19,1900,Chennai Tyre Plant,,,,ACTIVE,,
"{'id': ""https://s4api.sap.jktyre.in:44305/sap/opu/odata/sap/ZINFI_PLT_API_SRV/InfiMouldMstSet('C10R20JWJUH516GC20')"", 'uri': ""https://s4api.sap.jktyre.in:44305/sap/opu/odata/sap/ZINFI_PLT_API_SRV/InfiMouldMstSet('C10R20JWJUH516GC20')"", 'type': 'ZINFI_PLT_API_SRV.InfiMouldMst'}",C10R20JWJUH516GC20,295/90R20 JW JUH5 TT_GC20,1900,Chennai Tyre Plant,,,,ACTIVE,,
"{'id': ""https://s4api.sap.jktyre.in:44305/sap/opu/odata/sap/ZINFI_PLT_API_SRV/InfiMouldMstSet('C10R20JWJUH516GR01')"", 'uri': ""https://s4api.sap.jktyre.in:44305/sap/opu/odata/sap/ZINFI_PLT_API_SRV/InfiMouldMstSet('C10R20JWJUH516GR01')"", 'type': 'ZINFI_PLT_API_SRV.InfiMouldMst'}",C10R20JWJUH516GR01,10.00 R 20 JW JUH5 16PR TT_GR01,1900,Chennai Tyre Plant,,,,ACTIVE,,
"{'id': ""https://s4api.sap.jktyre.in:44305/sap/opu/odata/sap/ZINFI_PLT_API_SRV/InfiMouldMstSet('C10R20JWJUH516GR07')"", 'uri': ""https://s4api.sap.jktyre.in:44305/sap/opu/odata/sap/ZINFI_PLT_API_SRV/InfiMouldMstSet('C10R20JWJUH516GR07')"", 'type': 'ZINFI_PLT_API_SRV.InfiMouldMst'}",C10R20JWJUH516GR07,10.00 R 20 JW JUH5 16PR TT_GR07,1900,Chennai Tyre Plant,,,,ACTIVE,,
"{'id': ""https://s4api.sap.jktyre.in:44305/sap/opu/odata/sap/ZINFI_PLT_API_SRV/InfiMouldMstSet('C10R20JWJUH516GR09')"", 'uri': ""https://s4api.sap.jktyre.in:44305/sap/opu/odata/sap/ZINFI_PLT_API_SRV/InfiMouldMstSet('C10R20JWJUH516GR09')"", 'type': 'ZINFI_PLT_API_SRV.InfiMouldMst'}",C10R20JWJUH516GR09,295/90R20 JW JUH5_GR09,1900,Chennai Tyre Plant,,,,ACTIVE,,
"{'id': ""https://s4api.sap.jktyre.in:44305/sap/opu/odata/sap/ZINFI_PLT_API_SRV/InfiMouldMstSet('C10R20JWJUH516GR12')"", 'uri': ""https://s4api.sap.jktyre.in:44305/sap/opu/odata/sap/ZINFI_PLT_API_SRV/InfiMouldMstSet('C10R20JWJUH516GR12')"", 'type': 'ZINFI_PLT_API_SRV.InfiMouldMst'}",C10R20JWJUH516GR12,295/90R20 JW JUH5_GR12,1900,Chennai Tyre Plant,,,,ACTIVE,,
"{'id': ""https://s4api.sap.jktyre.in:44305/sap/opu/odata/sap/ZINFI_PLT_API_SRV/InfiMouldMstSet('C10R20JWJUH516GR15')"", 'uri': ""https://s4api.sap.jktyre.in:44305/sap/opu/odata/sap/ZINFI_PLT_API_SRV/InfiMouldMstSet('C10R20JWJUH516GR15')"", 'type': 'ZINFI_PLT_API_SRV.InfiMouldMst'}",C10R20JWJUH516GR15,10.00R20_JW_JUH5_16PR_TT_GR15,1900,Chennai Tyre Plant,,,,ACTIVE,,
"{'id': ""https://s4api.sap.jktyre.in:44305/sap/opu/odata/sap/ZINFI_PLT_API_SRV/InfiMouldMstSet('C10R20JWJUH516GR16')"", 'uri': ""https://s4api.sap.jktyre.in:44305/sap/opu/odata/sap/ZINFI_PLT_API_SRV/InfiMouldMstSet('C10R20JWJUH516GR16')"", 'type': 'ZINFI_PLT_API_SRV.InfiMouldMst'}",C10R20JWJUH516GR16,10.00 R 20 JW JUH5 16PR TT_GR16,1900,Chennai Tyre Plant,,,,ACTIVE,,
"{'id': ""https://s4api.sap.jktyre.in:44305/sap/opu/odata/sap/ZINFI_PLT_API_SRV/InfiMouldMstSet('C10R20JWJUH516GR17')"", 'uri': ""https://s4api.sap.jktyre.in:44305/sap/opu/odata/sap/ZINFI_PLT_API_SRV/InfiMouldMstSet('C10R20JWJUH516GR17')"", 'type': 'ZINFI_PLT_API_SRV.InfiMouldMst'}",C10R20JWJUH516GR17,10.00R20 JW JUH5 _GR-17,1900,Chennai Tyre Plant,,,,ACTIVE,,
"{'id': ""https://s4api.sap.jktyre.in:44305/sap/opu/odata/sap/ZINFI_PLT_API_SRV/InfiMouldMstSet('C10R20JWJUH516GR19')"", 'uri': ""https://s4api.sap.jktyre.in:44305/sap/opu/odata/sap/ZINFI_PLT_API_SRV/InfiMouldMstSet('C10R20JWJUH516GR19')"", 'type': 'ZINFI_PLT_API_SRV.InfiMouldMst'}",C10R20JWJUH516GR19,295/90R20 JW JUH5 _ GR19,1900,Chennai Tyre Plant,,,,ACTIVE,,
"{'id': ""https://s4api.sap.jktyre.in:44305/sap/opu/odata/sap/ZINFI_PLT_API_SRV/InfiMouldMstSet('C10R20JWJUH516HM01')"", 'uri': ""https://s4api.sap.jktyre.in:44305/sap/opu/odata/sap/ZINFI_PLT_API_SRV/InfiMouldMstSet('C10R20JWJUH516HM01')"", 'type': 'ZINFI_PLT_API_SRV.InfiMouldMst'}",C10R20JWJUH516HM01,295/90R20 JW JUH5 TT HM-01,1900,Chennai Tyre Plant,,,,ACTIVE,,
"{'id': ""https://s4api.sap.jktyre.in:44305/sap/opu/odata/sap/ZINFI_PLT_API_SRV/InfiMouldMstSet('C10R20JWJUH516HM07')"", 'uri': ""https://s4api.sap.jktyre.in:44305/sap/opu/odata/sap/ZINFI_PLT_API_SRV/InfiMouldMstSet('C10R20JWJUH516HM07')"", 'type': 'ZINFI_PLT_API_SRV.InfiMouldMst'}",C10R20JWJUH516HM07,10.00 R 20 JW JUH5 16PR TT_HM07,1900,Chennai Tyre Plant,,,,ACTIVE,,
"{'id': ""https://s4api.sap.jktyre.in:44305/sap/opu/odata/sap/ZINFI_PLT_API_SRV/InfiMouldMstSet('C10R20JWJUH516HM10')"", 'uri': ""https://s4api.sap.jktyre.in:44305/sap/opu/odata/sap/ZINFI_PLT_API_SRV/InfiMouldMstSet('C10R20JWJUH516HM10')"", 'type': 'ZINFI_PLT_API_SRV.InfiMouldMst'}",C10R20JWJUH516HM10,10.00 R 20 JW JUH5 16PR TT_HM10,1900,Chennai Tyre Plant,,,,ACTIVE,,
"{'id': ""https://s4api.sap.jktyre.in:44305/sap/opu/odata/sap/ZINFI_PLT_API_SRV/InfiMouldMstSet('C10R20JWJUH516HM12')"", 'uri': ""https://s4api.sap.jktyre.in:44305/sap/opu/odata/sap/ZINFI_PLT_API_SRV/InfiMouldMstSet('C10R20JWJUH516HM12')"", 'type': 'ZINFI_PLT_API_SRV.InfiMouldMst'}",C10R20JWJUH516HM12,295/90 R 20 JW JUH5 TT_HM12,1900,Chennai Tyre Plant,,,,ACTIVE,,
"{'id': ""https://s4api.sap.jktyre.in:44305/sap/opu/odata/sap/ZINFI_PLT_API_SRV/InfiMouldMstSet('C10R20JWJUH516HM13')"", 'uri': ""https://s4api.sap.jktyre.in:44305/sap/opu/odata/sap/ZINFI_PLT_API_SRV/InfiMouldMstSet('C10R20JWJUH516HM13')"", 'type': 'ZINFI_PLT_API_SRV.InfiMouldMst'}",C10R20JWJUH516HM13,10.00R20 JW 16PR JUH5_HM13,1900,Chennai Tyre Plant,,,,ACTIVE,,
"{'id': ""https://s4api.sap.jktyre.in:44305/sap/opu/odata/sap/ZINFI_PLT_API_SRV/InfiMouldMstSet('C10R20JWJUH516HM14')"", 'uri': ""https://s4api.sap.jktyre.in:44305/sap/opu/odata/sap/ZINFI_PLT_API_SRV/InfiMouldMstSet('C10R20JWJUH516HM14')"", 'type': 'ZINFI_PLT_API_SRV.InfiMouldMst'}",C10R20JWJUH516HM14,10.00 R 20 JW JUH5 16PR TT_HM14,1900,Chennai Tyre Plant,,,,ACTIVE,,
"{'id': ""https://s4api.sap.jktyre.in:44305/sap/opu/odata/sap/ZINFI_PLT_API_SRV/InfiMouldMstSet('C10R20JWJUH516HM75')"", 'uri': ""https://s4api.sap.jktyre.in:44305/sap/opu/odata/sap/ZINFI_PLT_API_SRV/InfiMouldMstSet('C10R20JWJUH516HM75')"", 'type': 'ZINFI_PLT_API_SRV.InfiMouldMst'}",C10R20JWJUH516HM75,10.00R20 JW JUH5 16PR TT_HM75,1900,Chennai Tyre Plant,,,,ACTIVE,,
"{'id': ""https://s4api.sap.jktyre.in:44305/sap/opu/odata/sap/ZINFI_PLT_API_SRV/InfiMouldMstSet('C10R20JWJUH516HM76')"", 'uri': ""https://s4api.sap.jktyre.in:44305/sap/opu/odata/sap/ZINFI_PLT_API_SRV/InfiMouldMstSet('C10R20JWJUH516HM76')"", 'type': 'ZINFI_PLT_API_SRV.InfiMouldMst'}",C10R20JWJUH516HM76,10.00R20 JW JUH5 16PR TT_HM76,1900,Chennai Tyre Plant,,,,ACTIVE,,
"{'id': ""https://s4api.sap.jktyre.in:44305/sap/opu/odata/sap/ZINFI_PLT_API_SRV/InfiMouldMstSet('C10R20JWJUH516HM77')"", 'uri': ""https://s4api.sap.jktyre.in:44305/sap/opu/odata/sap/ZINFI_PLT_API_SRV/InfiMouldMstSet('C10R20JWJUH516HM77')"", 'type': 'ZINFI_PLT_API_SRV.InfiMouldMst'}",C10R20JWJUH516HM77,295/90R20 JW JUH5 TT HM-77,1900,Chennai Tyre Plant,,,,ACTIVE,,
"{'id': ""https://s4api.sap.jktyre.in:44305/sap/opu/odata/sap/ZINFI_PLT_API_SRV/InfiMouldMstSet('C10R20JWJUH516HM78')"", 'uri': ""https://s4api.sap.jktyre.in:44305/sap/opu/odata/sap/ZINFI_PLT_API_SRV/InfiMouldMstSet('C10R20JWJUH516HM78')"", 'type': 'ZINFI_PLT_API_SRV.InfiMouldMst'}",C10R20JWJUH516HM78,295/90R20 JW JUH5 TT_HM78,1900,Chennai Tyre Plant,,,,ACTIVE,,
"{'id': ""https://s4api.sap.jktyre.in:44305/sap/opu/odata/sap/ZINFI_PLT_API_SRV/InfiMouldMstSet('C10R20JWJUH516HM79')"", 'uri': ""https://s4api.sap.jktyre.in:44305/sap/opu/odata/sap/ZINFI_PLT_API_SRV/InfiMouldMstSet('C10R20JWJUH516HM79')"", 'type': 'ZINFI_PLT_API_SRV.InfiMouldMst'}",C10R20JWJUH516HM79,10.00R20 JW JUH5 16PR TT_HM79,1900,Chennai Tyre Plant,,,,ACTIVE,,
"{'id': ""https://s4api.sap.jktyre.in:44305/sap/opu/odata/sap/ZINFI_PLT_API_SRV/InfiMouldMstSet('C10R20JWJUH516HM81')"", 'uri': ""https://s4api.sap.jktyre.in:44305/sap/opu/odata/sap/ZINFI_PLT_API_SRV/InfiMouldMstSet('C10R20JWJUH516HM81')"", 'type': 'ZINFI_PLT_API_SRV.InfiMouldMst'}",C10R20JWJUH516HM81,10.00 R20 JW JUH5_HM81,1900,Chennai Tyre Plant,,,,ACTIVE,,
"{'id': ""https://s4api.sap.jktyre.in:44305/sap/opu/odata/sap/ZINFI_PLT_API_SRV/InfiMouldMstSet('C10R20JWJUHXFGC01')"", 'uri': ""https://s4api.sap.jktyre.in:44305/sap/opu/odata/sap/ZINFI_PLT_API_SRV/InfiMouldMstSet('C10R20JWJUHXFGC01')"", 'type': 'ZINFI_PLT_API_SRV.InfiMouldMst'}",C10R20JWJUHXFGC01,295/90R20 JW JUH XF _GC01,1900,Chennai Tyre Plant,,,,ACTIVE,,
"{'id': ""https://s4api.sap.jktyre.in:44305/sap/opu/odata/sap/ZINFI_PLT_API_SRV/InfiMouldMstSet('C10R20JWJUHXFGC02')"", 'uri': ""https://s4api.sap.jktyre.in:44305/sap/opu/odata/sap/ZINFI_PLT_API_SRV/InfiMouldMstSet('C10R20JWJUHXFGC02')"", 'type': 'ZINFI_PLT_API_SRV.InfiMouldMst'}",C10R20JWJUHXFGC02,295/90R20 JUH XF - GC02,1900,Chennai Tyre Plant,,,,ACTIVE,,
"{'id': ""https://s4api.sap.jktyre.in:44305/sap/opu/odata/sap/ZINFI_PLT_API_SRV/InfiMouldMstSet('C10R20JWJUHXFGC03')"", 'uri': ""https://s4api.sap.jktyre.in:44305/sap/opu/odata/sap/ZINFI_PLT_API_SRV/InfiMouldMstSet('C10R20JWJUHXFGC03')"", 'type': 'ZINFI_PLT_API_SRV.InfiMouldMst'}",C10R20JWJUHXFGC03,295/90R20 JW JUH XF - GC03,1900,Chennai Tyre Plant,,,,ACTIVE,,
"{'id': ""https://s4api.sap.jktyre.in:44305/sap/opu/odata/sap/ZINFI_PLT_API_SRV/InfiMouldMstSet('C10R20JWJUHXFGC04')"", 'uri': ""https://s4api.sap.jktyre.in:44305/sap/opu/odata/sap/ZINFI_PLT_API_SRV/InfiMouldMstSet('C10R20JWJUHXFGC04')"", 'type': 'ZINFI_PLT_API_SRV.InfiMouldMst'}",C10R20JWJUHXFGC04,295/90R20 JW JUH XF _GC04,1900,Chennai Tyre Plant,,,,ACTIVE,,
"{'id': ""https://s4api.sap.jktyre.in:44305/sap/opu/odata/sap/ZINFI_PLT_API_SRV/InfiMouldMstSet('C10R20JWJUHXFGC05')"", 'uri': ""https://s4api.sap.jktyre.in:44305/sap/opu/odata/sap/ZINFI_PLT_API_SRV/InfiMouldMstSet('C10R20JWJUHXFGC05')"", 'type': 'ZINFI_PLT_API_SRV.InfiMouldMst'}",C10R20JWJUHXFGC05,295/90R20 JUH XF - GC05,1900,Chennai Tyre Plant,,,,ACTIVE,,
"{'id': ""https://s4api.sap.jktyre.in:44305/sap/opu/odata/sap/ZINFI_PLT_API_SRV/InfiMouldMstSet('C10R20JWJUHXFGC07')"", 'uri': ""https://s4api.sap.jktyre.in:44305/sap/opu/odata/sap/ZINFI_PLT_API_SRV/InfiMouldMstSet('C10R20JWJUHXFGC07')"", 'type': 'ZINFI_PLT_API_SRV.InfiMouldMst'}",C10R20JWJUHXFGC07,295/90R20 JW JUH XF - GC07,1900,Chennai Tyre Plant,,,,ACTIVE,,
"{'id': ""https://s4api.sap.jktyre.in:44305/sap/opu/odata/sap/ZINFI_PLT_API_SRV/InfiMouldMstSet('C10R20JWJUHXFGC19')"", 'uri': ""https://s4api.sap.jktyre.in:44305/sap/opu/odata/sap/ZINFI_PLT_API_SRV/InfiMouldMstSet('C10R20JWJUHXFGC19')"", 'type': 'ZINFI_PLT_API_SRV.InfiMouldMst'}",C10R20JWJUHXFGC19,295/90R20 JW JUH XF _GC19,1900,Chennai Tyre Plant,,,,ACTIVE,,
"{'id': ""https://s4api.sap.jktyre.in:44305/sap/opu/odata/sap/ZINFI_PLT_API_SRV/InfiMouldMstSet('C10R20JWJUHXFGC20')"", 'uri': ""https://s4api.sap.jktyre.in:44305/sap/opu/odata/sap/ZINFI_PLT_API_SRV/InfiMouldMstSet('C10R20JWJUHXFGC20')"", 'type': 'ZINFI_PLT_API_SRV.InfiMouldMst'}",C10R20JWJUHXFGC20,295/90R20 JW JUH XF _GC20,1900,Chennai Tyre Plant,,,,ACTIVE,,
"{'id': ""https://s4api.sap.jktyre.in:44305/sap/opu/odata/sap/ZINFI_PLT_API_SRV/InfiMouldMstSet('C10R20JWJUHXFGC21')"", 'uri': ""https://s4api.sap.jktyre.in:44305/sap/opu/odata/sap/ZINFI_PLT_API_SRV/InfiMouldMstSet('C10R20JWJUHXFGC21')"", 'type': 'ZINFI_PLT_API_SRV.InfiMouldMst'}",C10R20JWJUHXFGC21,295/90R20 JW JUH XF _GC21,1900,Chennai Tyre Plant,,,,ACTIVE,,
"{'id': ""https://s4api.sap.jktyre.in:44305/sap/opu/odata/sap/ZINFI_PLT_API_SRV/InfiMouldMstSet('C10R20JWJUHXFGC22')"", 'uri': ""https://s4api.sap.jktyre.in:44305/sap/opu/odata/sap/ZINFI_PLT_API_SRV/InfiMouldMstSet('C10R20JWJUHXFGC22')"", 'type': 'ZINFI_PLT_API_SRV.InfiMouldMst'}",C10R20JWJUHXFGC22,295/90R20 JW JUH XF _GC22,1900,Chennai Tyre Plant,,,,ACTIVE,,
"{'id': ""https://s4api.sap.jktyre.in:44305/sap/opu/odata/sap/ZINFI_PLT_API_SRV/InfiMouldMstSet('C10R20JWJUHXFHM01')"", 'uri': ""https://s4api.sap.jktyre.in:44305/sap/opu/odata/sap/ZINFI_PLT_API_SRV/InfiMouldMstSet('C10R20JWJUHXFHM01')"", 'type': 'ZINFI_PLT_API_SRV.InfiMouldMst'}",C10R20JWJUHXFHM01,295/90R20 JW JUH XF TT HM-01,1900,Chennai Tyre Plant,,,,ACTIVE,,
"{'id': ""https://s4api.sap.jktyre.in:44305/sap/opu/odata/sap/ZINFI_PLT_API_SRV/InfiMouldMstSet('C10R20JWJUHXFHM02')"", 'uri': ""https://s4api.sap.jktyre.in:44305/sap/opu/odata/sap/ZINFI_PLT_API_SRV/InfiMouldMstSet('C10R20JWJUHXFHM02')"", 'type': 'ZINFI_PLT_API_SRV.InfiMouldMst'}",C10R20JWJUHXFHM02,295/90R20 JW JUH XF  HM-02,1900,Chennai Tyre Plant,,,,ACTIVE,,
"{'id': ""https://s4api.sap.jktyre.in:44305/sap/opu/odata/sap/ZINFI_PLT_API_SRV/InfiMouldMstSet('C10R20VDC316HM01')"", 'uri': ""https://s4api.sap.jktyre.in:44305/sap/opu/odata/sap/ZINFI_PLT_API_SRV/InfiMouldMstSet('C10R20VDC316HM01')"", 'type': 'ZINFI_PLT_API_SRV.InfiMouldMst'}",C10R20VDC316HM01,10.00R20 VIKRANT VDC3 TT 16PR HM-01,1900,Chennai Tyre Plant,,,,ACTIVE,,
"{'id': ""https://s4api.sap.jktyre.in:44305/sap/opu/odata/sap/ZINFI_PLT_API_SRV/InfiMouldMstSet('C10R20VDC316HM04')"", 'uri': ""https://s4api.sap.jktyre.in:44305/sap/opu/odata/sap/ZINFI_PLT_API_SRV/InfiMouldMstSet('C10R20VDC316HM04')"", 'type': 'ZINFI_PLT_API_SRV.InfiMouldMst'}",C10R20VDC316HM04,10.00R20 VIKRANT VDC3 TT 16PR HM-04,1900,Chennai Tyre Plant,,,,ACTIVE,,
"{'id': ""https://s4api.sap.jktyre.in:44305/sap/opu/odata/sap/ZINFI_PLT_API_SRV/InfiMouldMstSet('C11R20JDCXDGC11')"", 'uri': ""https://s4api.sap.jktyre.in:44305/sap/opu/odata/sap/ZINFI_PLT_API_SRV/InfiMouldMstSet('C11R20JDCXDGC11')"", 'type': 'ZINFI_PLT_API_SRV.InfiMouldMst'}",C11R20JDCXDGC11,11.00R20 JS JDC XD _GC11,1900,Chennai Tyre Plant,,,,ACTIVE,,
"{'id': ""https://s4api.sap.jktyre.in:44305/sap/opu/odata/sap/ZINFI_PLT_API_SRV/InfiMouldMstSet('C11R20JDCXDGC12')"", 'uri': ""https://s4api.sap.jktyre.in:44305/sap/opu/odata/sap/ZINFI_PLT_API_SRV/InfiMouldMstSet('C11R20JDCXDGC12')"", 'type': 'ZINFI_PLT_API_SRV.InfiMouldMst'}",C11R20JDCXDGC12,11.00R20 JS JDC XD _GC-12,1900,Chennai Tyre Plant,,,,ACTIVE,,
"{'id': ""https://s4api.sap.jktyre.in:44305/sap/opu/odata/sap/ZINFI_PLT_API_SRV/InfiMouldMstSet('C11R20JDCXDGC13')"", 'uri': ""https://s4api.sap.jktyre.in:44305/sap/opu/odata/sap/ZINFI_PLT_API_SRV/InfiMouldMstSet('C11R20JDCXDGC13')"", 'type': 'ZINFI_PLT_API_SRV.InfiMouldMst'}",C11R20JDCXDGC13,11.00R20 JS JDC XD _GC13,1900,Chennai Tyre Plant,,,,ACTIVE,,
"{'id': ""https://s4api.sap.jktyre.in:44305/sap/opu/odata/sap/ZINFI_PLT_API_SRV/InfiMouldMstSet('C11R20JDCXDGC14')"", 'uri': ""https://s4api.sap.jktyre.in:44305/sap/opu/odata/sap/ZINFI_PLT_API_SRV/InfiMouldMstSet('C11R20JDCXDGC14')"", 'type': 'ZINFI_PLT_API_SRV.InfiMouldMst'}",C11R20JDCXDGC14,11.00R20 JS JDC XD_GC14,1900,Chennai Tyre Plant,,,,ACTIVE,,
"{'id': ""https://s4api.sap.jktyre.in:44305/sap/opu/odata/sap/ZINFI_PLT_API_SRV/InfiMouldMstSet('C11R20JS114TTGC01')"", 'uri': ""https://s4api.sap.jktyre.in:44305/sap/opu/odata/sap/ZINFI_PLT_API_SRV/InfiMouldMstSet('C11R20JS114TTGC01')"", 'type': 'ZINFI_PLT_API_SRV.InfiMouldMst'}",C11R20JS114TTGC01,11R20 JS 114 _GC01,1900,Chennai Tyre Plant,,,,ACTIVE,,
"{'id': ""https://s4api.sap.jktyre.in:44305/sap/opu/odata/sap/ZINFI_PLT_API_SRV/InfiMouldMstSet('C11R20JS114TTGC02')"", 'uri': ""https://s4api.sap.jktyre.in:44305/sap/opu/odata/sap/ZINFI_PLT_API_SRV/InfiMouldMstSet('C11R20JS114TTGC02')"", 'type': 'ZINFI_PLT_API_SRV.InfiMouldMst'}",C11R20JS114TTGC02,11R20 JS 114 _GC02,1900,Chennai Tyre Plant,,,,ACTIVE,,
"{'id': ""https://s4api.sap.jktyre.in:44305/sap/opu/odata/sap/ZINFI_PLT_API_SRV/InfiMouldMstSet('C11R20JSJDE16GC01')"", 'uri': ""https://s4api.sap.jktyre.in:44305/sap/opu/odata/sap/ZINFI_PLT_API_SRV/InfiMouldMstSet('C11R20JSJDE16GC01')"", 'type': 'ZINFI_PLT_API_SRV.InfiMouldMst'}",C11R20JSJDE16GC01,11.00R20 JS JDE++_GC01,1900,Chennai Tyre Plant,,,,ACTIVE,,
"{'id': ""https://s4api.sap.jktyre.in:44305/sap/opu/odata/sap/ZINFI_PLT_API_SRV/InfiMouldMstSet('C11R20JSJDE16GC02')"", 'uri': ""https://s4api.sap.jktyre.in:44305/sap/opu/odata/sap/ZINFI_PLT_API_SRV/InfiMouldMstSet('C11R20JSJDE16GC02')"", 'type': 'ZINFI_PLT_API_SRV.InfiMouldMst'}",C11R20JSJDE16GC02,11R20 JS JDE++ 16 PR TT_GC-02,1900,Chennai Tyre Plant,,,,ACTIVE,,
"{'id': ""https://s4api.sap.jktyre.in:44305/sap/opu/odata/sap/ZINFI_PLT_API_SRV/InfiMouldMstSet('C11R20JSJDE16GC11')"", 'uri': ""https://s4api.sap.jktyre.in:44305/sap/opu/odata/sap/ZINFI_PLT_API_SRV/InfiMouldMstSet('C11R20JSJDE16GC11')"", 'type': 'ZINFI_PLT_API_SRV.InfiMouldMst'}",C11R20JSJDE16GC11,11.00 R 20 JS JDE++_GC11,1900,Chennai Tyre Plant,,,,ACTIVE,,
"{'id': ""https://s4api.sap.jktyre.in:44305/sap/opu/odata/sap/ZINFI_PLT_API_SRV/InfiMouldMstSet('C11R20JSJDE16GC12')"", 'uri': ""https://s4api.sap.jktyre.in:44305/sap/opu/odata/sap/ZINFI_PLT_API_SRV/InfiMouldMstSet('C11R20JSJDE16GC12')"", 'type': 'ZINFI_PLT_API_SRV.InfiMouldMst'}",C11R20JSJDE16GC12,11.00 R 20 JS JDE++  GC-12,1900,Chennai Tyre Plant,,,,ACTIVE,,
"{'id': ""https://s4api.sap.jktyre.in:44305/sap/opu/odata/sap/ZINFI_PLT_API_SRV/InfiMouldMstSet('C11R20JSJDH16GC13')"", 'uri': ""https://s4api.sap.jktyre.in:44305/sap/opu/odata/sap/ZINFI_PLT_API_SRV/InfiMouldMstSet('C11R20JSJDH16GC13')"", 'type': 'ZINFI_PLT_API_SRV.InfiMouldMst'}",C11R20JSJDH16GC13,11.00 R 20 JS JDH 16PR TT_GC13,1900,Chennai Tyre Plant,,,,ACTIVE,,
"{'id': ""https://s4api.sap.jktyre.in:44305/sap/opu/odata/sap/ZINFI_PLT_API_SRV/InfiMouldMstSet('C11R20JSJDH16GC14')"", 'uri': ""https://s4api.sap.jktyre.in:44305/sap/opu/odata/sap/ZINFI_PLT_API_SRV/InfiMouldMstSet('C11R20JSJDH16GC14')"", 'type': 'ZINFI_PLT_API_SRV.InfiMouldMst'}",C11R20JSJDH16GC14,11.00 R 20 JS JDH 16PR TT_GC14,1900,Chennai Tyre Plant,,,,ACTIVE,,
"{'id': ""https://s4api.sap.jktyre.in:44305/sap/opu/odata/sap/ZINFI_PLT_API_SRV/InfiMouldMstSet('C11R20JSJUC316GC04')"", 'uri': ""https://s4api.sap.jktyre.in:44305/sap/opu/odata/sap/ZINFI_PLT_API_SRV/InfiMouldMstSet('C11R20JSJUC316GC04')"", 'type': 'ZINFI_PLT_API_SRV.InfiMouldMst'}",C11R20JSJUC316GC04,11.00 R 20 JETWAY JUC3 16PR TT_GC-04,1900,Chennai Tyre Plant,,,,ACTIVE,,
"{'id': ""https://s4api.sap.jktyre.in:44305/sap/opu/odata/sap/ZINFI_PLT_API_SRV/InfiMouldMstSet('C11R20JWJUH516GC01')"", 'uri': ""https://s4api.sap.jktyre.in:44305/sap/opu/odata/sap/ZINFI_PLT_API_SRV/InfiMouldMstSet('C11R20JWJUH516GC01')"", 'type': 'ZINFI_PLT_API_SRV.InfiMouldMst'}",C11R20JWJUH516GC01,11.00 R 20 JW JUH5 16 PR TT _ GC01,1900,Chennai Tyre Plant,,,,ACTIVE,,
"{'id': ""https://s4api.sap.jktyre.in:44305/sap/opu/odata/sap/ZINFI_PLT_API_SRV/InfiMouldMstSet('C11R20JWJUH516GC02')"", 'uri': ""https://s4api.sap.jktyre.in:44305/sap/opu/odata/sap/ZINFI_PLT_API_SRV/InfiMouldMstSet('C11R20JWJUH516GC02')"", 'type': 'ZINFI_PLT_API_SRV.InfiMouldMst'}",C11R20JWJUH516GC02,11.00 R 20 JW JUH5 16 PR TT _ GC02,1900,Chennai Tyre Plant,,,,ACTIVE,,
"{'id': ""https://s4api.sap.jktyre.in:44305/sap/opu/odata/sap/ZINFI_PLT_API_SRV/InfiMouldMstSet('C11R20JWJUH516GC03')"", 'uri': ""https://s4api.sap.jktyre.in:44305/sap/opu/odata/sap/ZINFI_PLT_API_SRV/InfiMouldMstSet('C11R20JWJUH516GC03')"", 'type': 'ZINFI_PLT_API_SRV.InfiMouldMst'}",C11R20JWJUH516GC03,11.00 R 20 JW JUH5 16 PR TT _ GC03,1900,Chennai Tyre Plant,,,,ACTIVE,,
"{'id': ""https://s4api.sap.jktyre.in:44305/sap/opu/odata/sap/ZINFI_PLT_API_SRV/InfiMouldMstSet('C11R20JWJUH516GC04')"", 'uri': ""https://s4api.sap.jktyre.in:44305/sap/opu/odata/sap/ZINFI_PLT_API_SRV/InfiMouldMstSet('C11R20JWJUH516GC04')"", 'type': 'ZINFI_PLT_API_SRV.InfiMouldMst'}",C11R20JWJUH516GC04,11.00 R 20 JW JUH5 16 PR TT _ GC04,1900,Chennai Tyre Plant,,,,ACTIVE,,
"{'id': ""https://s4api.sap.jktyre.in:44305/sap/opu/odata/sap/ZINFI_PLT_API_SRV/InfiMouldMstSet('C11R20JWJUH516GC05')"", 'uri': ""https://s4api.sap.jktyre.in:44305/sap/opu/odata/sap/ZINFI_PLT_API_SRV/InfiMouldMstSet('C11R20JWJUH516GC05')"", 'type': 'ZINFI_PLT_API_SRV.InfiMouldMst'}",C11R20JWJUH516GC05,11R20 JETWAY JUH5 16PR TL _GC05,1900,Chennai Tyre Plant,,,,ACTIVE,,
"{'id': ""https://s4api.sap.jktyre.in:44305/sap/opu/odata/sap/ZINFI_PLT_API_SRV/InfiMouldMstSet('C11R20JWJUH516GC06')"", 'uri': ""https://s4api.sap.jktyre.in:44305/sap/opu/odata/sap/ZINFI_PLT_API_SRV/InfiMouldMstSet('C11R20JWJUH516GC06')"", 'type': 'ZINFI_PLT_API_SRV.InfiMouldMst'}",C11R20JWJUH516GC06,11R20 JW JUH5_GC06,1900,Chennai Tyre Plant,,,,ACTIVE,,
"{'id': ""https://s4api.sap.jktyre.in:44305/sap/opu/odata/sap/ZINFI_PLT_API_SRV/InfiMouldMstSet('C11R20JWJUH516GC07')"", 'uri': ""https://s4api.sap.jktyre.in:44305/sap/opu/odata/sap/ZINFI_PLT_API_SRV/InfiMouldMstSet('C11R20JWJUH516GC07')"", 'type': 'ZINFI_PLT_API_SRV.InfiMouldMst'}",C11R20JWJUH516GC07,11R20 JETWAY JUH5 16PR TL _GC07,1900,Chennai Tyre Plant,,,,ACTIVE,,
"{'id': ""https://s4api.sap.jktyre.in:44305/sap/opu/odata/sap/ZINFI_PLT_API_SRV/InfiMouldMstSet('C11R20JWJUH516GC08')"", 'uri': ""https://s4api.sap.jktyre.in:44305/sap/opu/odata/sap/ZINFI_PLT_API_SRV/InfiMouldMstSet('C11R20JWJUH516GC08')"", 'type': 'ZINFI_PLT_API_SRV.InfiMouldMst'}",C11R20JWJUH516GC08,11R20 JW JUH5_GC08,1900,Chennai Tyre Plant,,,,ACTIVE,,
"{'id': ""https://s4api.sap.jktyre.in:44305/sap/opu/odata/sap/ZINFI_PLT_API_SRV/InfiMouldMstSet('C11R225CHACDHHM01')"", 'uri': ""https://s4api.sap.jktyre.in:44305/sap/opu/odata/sap/ZINFI_PLT_API_SRV/InfiMouldMstSet('C11R225CHACDHHM01')"", 'type': 'ZINFI_PLT_API_SRV.InfiMouldMst'}",C11R225CHACDHHM01,11R22.5 CHALLENGER CDH HM-01,1900,Chennai Tyre Plant,,,,ACTIVE,,
"{'id': ""https://s4api.sap.jktyre.in:44305/sap/opu/odata/sap/ZINFI_PLT_API_SRV/InfiMouldMstSet('C11R225CHACDHHM02')"", 'uri': ""https://s4api.sap.jktyre.in:44305/sap/opu/odata/sap/ZINFI_PLT_API_SRV/InfiMouldMstSet('C11R225CHACDHHM02')"", 'type': 'ZINFI_PLT_API_SRV.InfiMouldMst'}",C11R225CHACDHHM02,11R22.5 CHALLENGER CDH HM-02,1900,Chennai Tyre Plant,,,,ACTIVE,,
"{'id': ""https://s4api.sap.jktyre.in:44305/sap/opu/odata/sap/ZINFI_PLT_API_SRV/InfiMouldMstSet('C11R225CHACUC2NS01')"", 'uri': ""https://s4api.sap.jktyre.in:44305/sap/opu/odata/sap/ZINFI_PLT_API_SRV/InfiMouldMstSet('C11R225CHACUC2NS01')"", 'type': 'ZINFI_PLT_API_SRV.InfiMouldMst'}",C11R225CHACUC2NS01,11R22.5 CHALLENGER CUC2 _NS01,1900,Chennai Tyre Plant,,,,ACTIVE,,
"{'id': ""https://s4api.sap.jktyre.in:44305/sap/opu/odata/sap/ZINFI_PLT_API_SRV/InfiMouldMstSet('C11R225CHACUC2NS02')"", 'uri': ""https://s4api.sap.jktyre.in:44305/sap/opu/odata/sap/ZINFI_PLT_API_SRV/InfiMouldMstSet('C11R225CHACUC2NS02')"", 'type': 'ZINFI_PLT_API_SRV.InfiMouldMst'}",C11R225CHACUC2NS02,11R22.5 CHALLENGER CUC2 _NS02,1900,Chennai Tyre Plant,,,,ACTIVE,,
"{'id': ""https://s4api.sap.jktyre.in:44305/sap/opu/odata/sap/ZINFI_PLT_API_SRV/InfiMouldMstSet('C11R225JSJDH5HM01')"", 'uri': ""https://s4api.sap.jktyre.in:44305/sap/opu/odata/sap/ZINFI_PLT_API_SRV/InfiMouldMstSet('C11R225JSJDH5HM01')"", 'type': 'ZINFI_PLT_API_SRV.InfiMouldMst'}",C11R225JSJDH5HM01,11R22.5 VIKRANT VDH5+_HM01,1900,Chennai Tyre Plant,,,,ACTIVE,,
"{'id': ""https://s4api.sap.jktyre.in:44305/sap/opu/odata/sap/ZINFI_PLT_API_SRV/InfiMouldMstSet('C11R225JSJDH5HM02')"", 'uri': ""https://s4api.sap.jktyre.in:44305/sap/opu/odata/sap/ZINFI_PLT_API_SRV/InfiMouldMstSet('C11R225JSJDH5HM02')"", 'type': 'ZINFI_PLT_API_SRV.InfiMouldMst'}",C11R225JSJDH5HM02,11R22.5 VIKRANT VDH5+_HM02,1900,Chennai Tyre Plant,,,,ACTIVE,,
"{'id': ""https://s4api.sap.jktyre.in:44305/sap/opu/odata/sap/ZINFI_PLT_API_SRV/InfiMouldMstSet('C11R225JSJDHCGC01')"", 'uri': ""https://s4api.sap.jktyre.in:44305/sap/opu/odata/sap/ZINFI_PLT_API_SRV/InfiMouldMstSet('C11R225JSJDHCGC01')"", 'type': 'ZINFI_PLT_API_SRV.InfiMouldMst'}",C11R225JSJDHCGC01,11R22.5 JETSTEEL JDH_CGC-01,1900,Chennai Tyre Plant,,,,ACTIVE,,
"{'id': ""https://s4api.sap.jktyre.in:44305/sap/opu/odata/sap/ZINFI_PLT_API_SRV/InfiMouldMstSet('C11R225JSJDHCGC02')"", 'uri': ""https://s4api.sap.jktyre.in:44305/sap/opu/odata/sap/ZINFI_PLT_API_SRV/InfiMouldMstSet('C11R225JSJDHCGC02')"", 'type': 'ZINFI_PLT_API_SRV.InfiMouldMst'}",C11R225JSJDHCGC02,11R22.5 JETSTEEL JDH_CGC-02,1900,Chennai Tyre Plant,,,,ACTIVE,,
"{'id': ""https://s4api.sap.jktyre.in:44305/sap/opu/odata/sap/ZINFI_PLT_API_SRV/InfiMouldMstSet('C11R225JSJDHGC01')"", 'uri': ""https://s4api.sap.jktyre.in:44305/sap/opu/odata/sap/ZINFI_PLT_API_SRV/InfiMouldMstSet('C11R225JSJDHGC01')"", 'type': 'ZINFI_PLT_API_SRV.InfiMouldMst'}",C11R225JSJDHGC01,11R22.5 JETSTEEL JDH GC01,1900,Chennai Tyre Plant,,,,ACTIVE,,
"{'id': ""https://s4api.sap.jktyre.in:44305/sap/opu/odata/sap/ZINFI_PLT_API_SRV/InfiMouldMstSet('C11R225JSJDHGC02')"", 'uri': ""https://s4api.sap.jktyre.in:44305/sap/opu/odata/sap/ZINFI_PLT_API_SRV/InfiMouldMstSet('C11R225JSJDHGC02')"", 'type': 'ZINFI_PLT_API_SRV.InfiMouldMst'}",C11R225JSJDHGC02,11R22.5 JETSTEEL JDH GC02,1900,Chennai Tyre Plant,,,,ACTIVE,,
"{'id': ""https://s4api.sap.jktyre.in:44305/sap/opu/odata/sap/ZINFI_PLT_API_SRV/InfiMouldMstSet('C11R225JSJDYXDGC03')"", 'uri': ""https://s4api.sap.jktyre.in:44305/sap/opu/odata/sap/ZINFI_PLT_API_SRV/InfiMouldMstSet('C11R225JSJDYXDGC03')"", 'type': 'ZINFI_PLT_API_SRV.InfiMouldMst'}",C11R225JSJDYXDGC03,11R20 JETSTEEL 114_ GC-03,1900,Chennai Tyre Plant,,,,ACTIVE,,
"{'id': ""https://s4api.sap.jktyre.in:44305/sap/opu/odata/sap/ZINFI_PLT_API_SRV/InfiMouldMstSet('C11R225JSJDYXDGC04')"", 'uri': ""https://s4api.sap.jktyre.in:44305/sap/opu/odata/sap/ZINFI_PLT_API_SRV/InfiMouldMstSet('C11R225JSJDYXDGC04')"", 'type': 'ZINFI_PLT_API_SRV.InfiMouldMst'}",C11R225JSJDYXDGC04,11R20 JETSTEEL 114_ GC-04,1900,Chennai Tyre Plant,,,,ACTIVE,,
"{'id': ""https://s4api.sap.jktyre.in:44305/sap/opu/odata/sap/ZINFI_PLT_API_SRV/InfiMouldMstSet('C11R225JWJTH1HM01')"", 'uri': ""https://s4api.sap.jktyre.in:44305/sap/opu/odata/sap/ZINFI_PLT_API_SRV/InfiMouldMstSet('C11R225JWJTH1HM01')"", 'type': 'ZINFI_PLT_API_SRV.InfiMouldMst'}",C11R225JWJTH1HM01,11.00 R 22.5 JETWAY JTH1_ HM01,1900,Chennai Tyre Plant,,,,ACTIVE,,
"{'id': ""https://s4api.sap.jktyre.in:44305/sap/opu/odata/sap/ZINFI_PLT_API_SRV/InfiMouldMstSet('C11R225JWJTHSDGR01')"", 'uri': ""https://s4api.sap.jktyre.in:44305/sap/opu/odata/sap/ZINFI_PLT_API_SRV/InfiMouldMstSet('C11R225JWJTHSDGR01')"", 'type': 'ZINFI_PLT_API_SRV.InfiMouldMst'}",C11R225JWJTHSDGR01,11.00 R 22.5 JETWAY JTH SD_GR01,1900,Chennai Tyre Plant,,,,ACTIVE,,
"{'id': ""https://s4api.sap.jktyre.in:44305/sap/opu/odata/sap/ZINFI_PLT_API_SRV/InfiMouldMstSet('C11R225JWJTHSDGR02')"", 'uri': ""https://s4api.sap.jktyre.in:44305/sap/opu/odata/sap/ZINFI_PLT_API_SRV/InfiMouldMstSet('C11R225JWJTHSDGR02')"", 'type': 'ZINFI_PLT_API_SRV.InfiMouldMst'}",C11R225JWJTHSDGR02,11.00 R 22.5 JETWAY JTH SD_GR02,1900,Chennai Tyre Plant,,,,ACTIVE,,
"{'id': ""https://s4api.sap.jktyre.in:44305/sap/opu/odata/sap/ZINFI_PLT_API_SRV/InfiMouldMstSet('C11R225JWJTHSDHC01')"", 'uri': ""https://s4api.sap.jktyre.in:44305/sap/opu/odata/sap/ZINFI_PLT_API_SRV/InfiMouldMstSet('C11R225JWJTHSDHC01')"", 'type': 'ZINFI_PLT_API_SRV.InfiMouldMst'}",C11R225JWJTHSDHC01,11.00 R 22.5 JETWAY JTH SD_GC01,1900,Chennai Tyre Plant,,,,ACTIVE,,
"{'id': ""https://s4api.sap.jktyre.in:44305/sap/opu/odata/sap/ZINFI_PLT_API_SRV/InfiMouldMstSet('C11R225JWJTHSDHC02')"", 'uri': ""https://s4api.sap.jktyre.in:44305/sap/opu/odata/sap/ZINFI_PLT_API_SRV/InfiMouldMstSet('C11R225JWJTHSDHC02')"", 'type': 'ZINFI_PLT_API_SRV.InfiMouldMst'}",C11R225JWJTHSDHC02,11.00 R 22.5 JETWAY JTH SD_GC02,1900,Chennai Tyre Plant,,,,ACTIVE,,
"{'id': ""https://s4api.sap.jktyre.in:44305/sap/opu/odata/sap/ZINFI_PLT_API_SRV/InfiMouldMstSet('C11R225JWJUC2NS01')"", 'uri': ""https://s4api.sap.jktyre.in:44305/sap/opu/odata/sap/ZINFI_PLT_API_SRV/InfiMouldMstSet('C11R225JWJUC2NS01')"", 'type': 'ZINFI_PLT_API_SRV.InfiMouldMst'}",C11R225JWJUC2NS01,11R22.5 VIKRANT VUC2 NS-01,1900,Chennai Tyre Plant,,,,ACTIVE,,
"{'id': ""https://s4api.sap.jktyre.in:44305/sap/opu/odata/sap/ZINFI_PLT_API_SRV/InfiMouldMstSet('C11R225JWJUC2NS02')"", 'uri': ""https://s4api.sap.jktyre.in:44305/sap/opu/odata/sap/ZINFI_PLT_API_SRV/InfiMouldMstSet('C11R225JWJUC2NS02')"", 'type': 'ZINFI_PLT_API_SRV.InfiMouldMst'}",C11R225JWJUC2NS02,11R22.5 VIKRANT VUC2 NS-02,1900,Chennai Tyre Plant,,,,ACTIVE,,
"{'id': ""https://s4api.sap.jktyre.in:44305/sap/opu/odata/sap/ZINFI_PLT_API_SRV/InfiMouldMstSet('C11R225JWJUCHMI01')"", 'uri': ""https://s4api.sap.jktyre.in:44305/sap/opu/odata/sap/ZINFI_PLT_API_SRV/InfiMouldMstSet('C11R225JWJUCHMI01')"", 'type': 'ZINFI_PLT_API_SRV.InfiMouldMst'}",C11R225JWJUCHMI01,11R22.5 JW JUC _HMI-01,1900,Chennai Tyre Plant,,,,ACTIVE,,
"{'id': ""https://s4api.sap.jktyre.in:44305/sap/opu/odata/sap/ZINFI_PLT_API_SRV/InfiMouldMstSet('C11R225JWJUCHMI02')"", 'uri': ""https://s4api.sap.jktyre.in:44305/sap/opu/odata/sap/ZINFI_PLT_API_SRV/InfiMouldMstSet('C11R225JWJUCHMI02')"", 'type': 'ZINFI_PLT_API_SRV.InfiMouldMst'}",C11R225JWJUCHMI02,11R22.5 JW JUC _HMI-02,1900,Chennai Tyre Plant,,,,ACTIVE,,
"{'id': ""https://s4api.sap.jktyre.in:44305/sap/opu/odata/sap/ZINFI_PLT_API_SRV/InfiMouldMstSet('C11R225JWJUHHM03')"", 'uri': ""https://s4api.sap.jktyre.in:44305/sap/opu/odata/sap/ZINFI_PLT_API_SRV/InfiMouldMstSet('C11R225JWJUHHM03')"", 'type': 'ZINFI_PLT_API_SRV.InfiMouldMst'}",C11R225JWJUHHM03,11.00 R 22.5  JW JUH_ HM03,1900,Chennai Tyre Plant,,,,ACTIVE,,
"{'id': ""https://s4api.sap.jktyre.in:44305/sap/opu/odata/sap/ZINFI_PLT_API_SRV/InfiMouldMstSet('C11R225JWJUHHM04')"", 'uri': ""https://s4api.sap.jktyre.in:44305/sap/opu/odata/sap/ZINFI_PLT_API_SRV/InfiMouldMstSet('C11R225JWJUHHM04')"", 'type': 'ZINFI_PLT_API_SRV.InfiMouldMst'}",C11R225JWJUHHM04,11.00 R 22.5 JW JUH HM-04,1900,Chennai Tyre Plant,,,,ACTIVE,,
"{'id': ""https://s4api.sap.jktyre.in:44305/sap/opu/odata/sap/ZINFI_PLT_API_SRV/InfiMouldMstSet('C11R225JWJUHHM05')"", 'uri': ""https://s4api.sap.jktyre.in:44305/sap/opu/odata/sap/ZINFI_PLT_API_SRV/InfiMouldMstSet('C11R225JWJUHHM05')"", 'type': 'ZINFI_PLT_API_SRV.InfiMouldMst'}",C11R225JWJUHHM05,11.00 R 22.5 JETWAY JUH _HM05,1900,Chennai Tyre Plant,,,,ACTIVE,,
"{'id': ""https://s4api.sap.jktyre.in:44305/sap/opu/odata/sap/ZINFI_PLT_API_SRV/InfiMouldMstSet('C11R225JWJUHHM06')"", 'uri': ""https://s4api.sap.jktyre.in:44305/sap/opu/odata/sap/ZINFI_PLT_API_SRV/InfiMouldMstSet('C11R225JWJUHHM06')"", 'type': 'ZINFI_PLT_API_SRV.InfiMouldMst'}",C11R225JWJUHHM06,11.00 R 22.5 JETWAY JUH _HM06,1900,Chennai Tyre Plant,,,,ACTIVE,,
"{'id': ""https://s4api.sap.jktyre.in:44305/sap/opu/odata/sap/ZINFI_PLT_API_SRV/InfiMouldMstSet('C11R225JWJUL2HM01')"", 'uri': ""https://s4api.sap.jktyre.in:44305/sap/opu/odata/sap/ZINFI_PLT_API_SRV/InfiMouldMstSet('C11R225JWJUL2HM01')"", 'type': 'ZINFI_PLT_API_SRV.InfiMouldMst'}",C11R225JWJUL2HM01,11R22.5 JW JUL2+ _ HM01,1900,Chennai Tyre Plant,,,,ACTIVE,,
"{'id': ""https://s4api.sap.jktyre.in:44305/sap/opu/odata/sap/ZINFI_PLT_API_SRV/InfiMouldMstSet('C11R225JWJUL2HM02')"", 'uri': ""https://s4api.sap.jktyre.in:44305/sap/opu/odata/sap/ZINFI_PLT_API_SRV/InfiMouldMstSet('C11R225JWJUL2HM02')"", 'type': 'ZINFI_PLT_API_SRV.InfiMouldMst'}",C11R225JWJUL2HM02,11R22.5 JW JUL2+ _ HM02,1900,Chennai Tyre Plant,,,,ACTIVE,,
"{'id': ""https://s4api.sap.jktyre.in:44305/sap/opu/odata/sap/ZINFI_PLT_API_SRV/InfiMouldMstSet('C11R225JWJUXGC01')"", 'uri': ""https://s4api.sap.jktyre.in:44305/sap/opu/odata/sap/ZINFI_PLT_API_SRV/InfiMouldMstSet('C11R225JWJUXGC01')"", 'type': 'ZINFI_PLT_API_SRV.InfiMouldMst'}",C11R225JWJUXGC01,11.00 R 22.5 JETWAY JUX_ GC01,1900,Chennai Tyre Plant,,,,ACTIVE,,
"{'id': ""https://s4api.sap.jktyre.in:44305/sap/opu/odata/sap/ZINFI_PLT_API_SRV/InfiMouldMstSet('C11R225NEWPDRM011')"", 'uri': ""https://s4api.sap.jktyre.in:44305/sap/opu/odata/sap/ZINFI_PLT_API_SRV/InfiMouldMstSet('C11R225NEWPDRM011')"", 'type': 'ZINFI_PLT_API_SRV.InfiMouldMst'}",C11R225NEWPDRM011,11.00 R 22.5 NEW PRIDE_RM011,1900,Chennai Tyre Plant,,,,ACTIVE,,
"{'id': ""https://s4api.sap.jktyre.in:44305/sap/opu/odata/sap/ZINFI_PLT_API_SRV/InfiMouldMstSet('C11R225NEWPDRM013')"", 'uri': ""https://s4api.sap.jktyre.in:44305/sap/opu/odata/sap/ZINFI_PLT_API_SRV/InfiMouldMstSet('C11R225NEWPDRM013')"", 'type': 'ZINFI_PLT_API_SRV.InfiMouldMst'}",C11R225NEWPDRM013,11.00 R 22.5 NEW PRIDE_RM013,1900,Chennai Tyre Plant,,,,ACTIVE,,
"{'id': ""https://s4api.sap.jktyre.in:44305/sap/opu/odata/sap/ZINFI_PLT_API_SRV/InfiMouldMstSet('C11R225NEWPDRM016')"", 'uri': ""https://s4api.sap.jktyre.in:44305/sap/opu/odata/sap/ZINFI_PLT_API_SRV/InfiMouldMstSet('C11R225NEWPDRM016')"", 'type': 'ZINFI_PLT_API_SRV.InfiMouldMst'}",C11R225NEWPDRM016,11.00 R 22.5 NEW PRIDE_RM016,1900,Chennai Tyre Plant,,,,ACTIVE,,
"{'id': ""https://s4api.sap.jktyre.in:44305/sap/opu/odata/sap/ZINFI_PLT_API_SRV/InfiMouldMstSet('C11R225NEWPDRM019')"", 'uri': ""https://s4api.sap.jktyre.in:44305/sap/opu/odata/sap/ZINFI_PLT_API_SRV/InfiMouldMstSet('C11R225NEWPDRM019')"", 'type': 'ZINFI_PLT_API_SRV.InfiMouldMst'}",C11R225NEWPDRM019,11.00 R 22.5 NEW PRIDE_RM019,1900,Chennai Tyre Plant,,,,ACTIVE,,
"{'id': ""https://s4api.sap.jktyre.in:44305/sap/opu/odata/sap/ZINFI_PLT_API_SRV/InfiMouldMstSet('C11R225PYPS301HM01')"", 'uri': ""https://s4api.sap.jktyre.in:44305/sap/opu/odata/sap/ZINFI_PLT_API_SRV/InfiMouldMstSet('C11R225PYPS301HM01')"", 'type': 'ZINFI_PLT_API_SRV.InfiMouldMst'}",C11R225PYPS301HM01,11.00 R 22.5 PEARLY PS301_ HM01,1900,Chennai Tyre Plant,,,,ACTIVE,,
"{'id': ""https://s4api.sap.jktyre.in:44305/sap/opu/odata/sap/ZINFI_PLT_API_SRV/InfiMouldMstSet('C11R225PYPS301HM02')"", 'uri': ""https://s4api.sap.jktyre.in:44305/sap/opu/odata/sap/ZINFI_PLT_API_SRV/InfiMouldMstSet('C11R225PYPS301HM02')"", 'type': 'ZINFI_PLT_API_SRV.InfiMouldMst'}",C11R225PYPS301HM02,11.00 R 22.5 PEARLY PS301_ HM02,1900,Chennai Tyre Plant,,,,ACTIVE,,
"{'id': ""https://s4api.sap.jktyre.in:44305/sap/opu/odata/sap/ZINFI_PLT_API_SRV/InfiMouldMstSet('C11R22RPYPD301HM01')"", 'uri': ""https://s4api.sap.jktyre.in:44305/sap/opu/odata/sap/ZINFI_PLT_API_SRV/InfiMouldMstSet('C11R22RPYPD301HM01')"", 'type': 'ZINFI_PLT_API_SRV.InfiMouldMst'}",C11R22RPYPD301HM01,11R22.5PEARLY PD301 HM-01,1900,Chennai Tyre Plant,,,,ACTIVE,,
"{'id': ""https://s4api.sap.jktyre.in:44305/sap/opu/odata/sap/ZINFI_PLT_API_SRV/InfiMouldMstSet('C11R22RPYPD301HM02')"", 'uri': ""https://s4api.sap.jktyre.in:44305/sap/opu/odata/sap/ZINFI_PLT_API_SRV/InfiMouldMstSet('C11R22RPYPD301HM02')"", 'type': 'ZINFI_PLT_API_SRV.InfiMouldMst'}",C11R22RPYPD301HM02,11R22.5PEARLY PD301 HM-02,1900,Chennai Tyre Plant,,,,ACTIVE,,
"{'id': ""https://s4api.sap.jktyre.in:44305/sap/opu/odata/sap/ZINFI_PLT_API_SRV/InfiMouldMstSet('C11R22RPYPD301HM03')"", 'uri': ""https://s4api.sap.jktyre.in:44305/sap/opu/odata/sap/ZINFI_PLT_API_SRV/InfiMouldMstSet('C11R22RPYPD301HM03')"", 'type': 'ZINFI_PLT_API_SRV.InfiMouldMst'}",C11R22RPYPD301HM03,11R22.5PEARLY PD301 HM-03,1900,Chennai Tyre Plant,,,,ACTIVE,,
"{'id': ""https://s4api.sap.jktyre.in:44305/sap/opu/odata/sap/ZINFI_PLT_API_SRV/InfiMouldMstSet('C11R22RPYPD301HM04')"", 'uri': ""https://s4api.sap.jktyre.in:44305/sap/opu/odata/sap/ZINFI_PLT_API_SRV/InfiMouldMstSet('C11R22RPYPD301HM04')"", 'type': 'ZINFI_PLT_API_SRV.InfiMouldMst'}",C11R22RPYPD301HM04,11R22.5PEARLY PD301 HM-04,1900,Chennai Tyre Plant,,,,ACTIVE,,
"{'id': ""https://s4api.sap.jktyre.in:44305/sap/opu/odata/sap/ZINFI_PLT_API_SRV/InfiMouldMstSet('C14570R12NXTTLNS05')"", 'uri': ""https://s4api.sap.jktyre.in:44305/sap/opu/odata/sap/ZINFI_PLT_API_SRV/InfiMouldMstSet('C14570R12NXTTLNS05')"", 'type': 'ZINFI_PLT_API_SRV.InfiMouldMst'}",C14570R12NXTTLNS05,145/70R12 ULTIMA NXT_NS05,1900,Chennai Tyre Plant,,,,ACTIVE,,
"{'id': ""https://s4api.sap.jktyre.in:44305/sap/opu/odata/sap/ZINFI_PLT_API_SRV/InfiMouldMstSet('C14570R12NXTTLNS06')"", 'uri': ""https://s4api.sap.jktyre.in:44305/sap/opu/odata/sap/ZINFI_PLT_API_SRV/InfiMouldMstSet('C14570R12NXTTLNS06')"", 'type': 'ZINFI_PLT_API_SRV.InfiMouldMst'}",C14570R12NXTTLNS06,145/70R12 ULTIMA NXT_NS06,1900,Chennai Tyre Plant,,,,ACTIVE,,
"{'id': ""https://s4api.sap.jktyre.in:44305/sap/opu/odata/sap/ZINFI_PLT_API_SRV/InfiMouldMstSet('C14570R12NXTTLNS07')"", 'uri': ""https://s4api.sap.jktyre.in:44305/sap/opu/odata/sap/ZINFI_PLT_API_SRV/InfiMouldMstSet('C14570R12NXTTLNS07')"", 'type': 'ZINFI_PLT_API_SRV.InfiMouldMst'}",C14570R12NXTTLNS07,145/70R12 ULTIMA NXT_NS07,1900,Chennai Tyre Plant,,,,ACTIVE,,
"{'id': ""https://s4api.sap.jktyre.in:44305/sap/opu/odata/sap/ZINFI_PLT_API_SRV/InfiMouldMstSet('C14570R12NXTTLNS08')"", 'uri': ""https://s4api.sap.jktyre.in:44305/sap/opu/odata/sap/ZINFI_PLT_API_SRV/InfiMouldMstSet('C14570R12NXTTLNS08')"", 'type': 'ZINFI_PLT_API_SRV.InfiMouldMst'}",C14570R12NXTTLNS08,145/70R12 ULTIMA NXT_NS08,1900,Chennai Tyre Plant,,,,ACTIVE,,
"{'id': ""https://s4api.sap.jktyre.in:44305/sap/opu/odata/sap/ZINFI_PLT_API_SRV/InfiMouldMstSet('C14570R12NXTTLNS09')"", 'uri': ""https://s4api.sap.jktyre.in:44305/sap/opu/odata/sap/ZINFI_PLT_API_SRV/InfiMouldMstSet('C14570R12NXTTLNS09')"", 'type': 'ZINFI_PLT_API_SRV.InfiMouldMst'}",C14570R12NXTTLNS09,145/70R12 ULTIMA NXT_NS09,1900,Chennai Tyre Plant,,,,ACTIVE,,
"{'id': ""https://s4api.sap.jktyre.in:44305/sap/opu/odata/sap/ZINFI_PLT_API_SRV/InfiMouldMstSet('C14570R12NXTTLNS10')"", 'uri': ""https://s4api.sap.jktyre.in:44305/sap/opu/odata/sap/ZINFI_PLT_API_SRV/InfiMouldMstSet('C14570R12NXTTLNS10')"", 'type': 'ZINFI_PLT_API_SRV.InfiMouldMst'}",C14570R12NXTTLNS10,145/70R12 ULTIMA NXT_NS10,1900,Chennai Tyre Plant,,,,ACTIVE,,
"{'id': ""https://s4api.sap.jktyre.in:44305/sap/opu/odata/sap/ZINFI_PLT_API_SRV/InfiMouldMstSet('C14570R12NXTTLNS11')"", 'uri': ""https://s4api.sap.jktyre.in:44305/sap/opu/odata/sap/ZINFI_PLT_API_SRV/InfiMouldMstSet('C14570R12NXTTLNS11')"", 'type': 'ZINFI_PLT_API_SRV.InfiMouldMst'}",C14570R12NXTTLNS11,145/70R12 ULTIMA NXT_NS11,1900,Chennai Tyre Plant,,,,ACTIVE,,
"{'id': ""https://s4api.sap.jktyre.in:44305/sap/opu/odata/sap/ZINFI_PLT_API_SRV/InfiMouldMstSet('C14570R12NXTTLNS12')"", 'uri': ""https://s4api.sap.jktyre.in:44305/sap/opu/odata/sap/ZINFI_PLT_API_SRV/InfiMouldMstSet('C14570R12NXTTLNS12')"", 'type': 'ZINFI_PLT_API_SRV.InfiMouldMst'}",C14570R12NXTTLNS12,145/70R12 ULTIMA NXT_NS12,1900,Chennai Tyre Plant,,,,ACTIVE,,
"{'id': ""https://s4api.sap.jktyre.in:44305/sap/opu/odata/sap/ZINFI_PLT_API_SRV/InfiMouldMstSet('C14570R13NXTTLGR01')"", 'uri': ""https://s4api.sap.jktyre.in:44305/sap/opu/odata/sap/ZINFI_PLT_API_SRV/InfiMouldMstSet('C14570R13NXTTLGR01')"", 'type': 'ZINFI_PLT_API_SRV.InfiMouldMst'}",C14570R13NXTTLGR01,145/70R13 ULTIMA NXT_GR01,1900,Chennai Tyre Plant,,,,ACTIVE,,
"{'id': ""https://s4api.sap.jktyre.in:44305/sap/opu/odata/sap/ZINFI_PLT_API_SRV/InfiMouldMstSet('C14570R13NXTTLGR02')"", 'uri': ""https://s4api.sap.jktyre.in:44305/sap/opu/odata/sap/ZINFI_PLT_API_SRV/InfiMouldMstSet('C14570R13NXTTLGR02')"", 'type': 'ZINFI_PLT_API_SRV.InfiMouldMst'}",C14570R13NXTTLGR02,145/70R13 ULTIMA NXT_GR02,1900,Chennai Tyre Plant,,,,ACTIVE,,
"{'id': ""https://s4api.sap.jktyre.in:44305/sap/opu/odata/sap/ZINFI_PLT_API_SRV/InfiMouldMstSet('C1458012UHLIFHMI03')"", 'uri': ""https://s4api.sap.jktyre.in:44305/sap/opu/odata/sap/ZINFI_PLT_API_SRV/InfiMouldMstSet('C1458012UHLIFHMI03')"", 'type': 'ZINFI_PLT_API_SRV.InfiMouldMst'}",C1458012UHLIFHMI03,145/80R12 TAXIMAX TL _ HMI03,1900,Chennai Tyre Plant,,,,ACTIVE,,
"{'id': ""https://s4api.sap.jktyre.in:44305/sap/opu/odata/sap/ZINFI_PLT_API_SRV/InfiMouldMstSet('C1458012UHLIFHMI04')"", 'uri': ""https://s4api.sap.jktyre.in:44305/sap/opu/odata/sap/ZINFI_PLT_API_SRV/InfiMouldMstSet('C1458012UHLIFHMI04')"", 'type': 'ZINFI_PLT_API_SRV.InfiMouldMst'}",C1458012UHLIFHMI04,145/80R12 TAXIMAX TL _ HMI04,1900,Chennai Tyre Plant,,,,ACTIVE,,
"{'id': ""https://s4api.sap.jktyre.in:44305/sap/opu/odata/sap/ZINFI_PLT_API_SRV/InfiMouldMstSet('C14580R12NEOTLGC04')"", 'uri': ""https://s4api.sap.jktyre.in:44305/sap/opu/odata/sap/ZINFI_PLT_API_SRV/InfiMouldMstSet('C14580R12NEOTLGC04')"", 'type': 'ZINFI_PLT_API_SRV.InfiMouldMst'}",C14580R12NEOTLGC04,145/80R12 ULTIMA NEO TL_GC04,1900,Chennai Tyre Plant,,,,ACTIVE,,
"{'id': ""https://s4api.sap.jktyre.in:44305/sap/opu/odata/sap/ZINFI_PLT_API_SRV/InfiMouldMstSet('C14580R12NEOTLGC05')"", 'uri': ""https://s4api.sap.jktyre.in:44305/sap/opu/odata/sap/ZINFI_PLT_API_SRV/InfiMouldMstSet('C14580R12NEOTLGC05')"", 'type': 'ZINFI_PLT_API_SRV.InfiMouldMst'}",C14580R12NEOTLGC05,145/80R12 ULTIMA NEO TL_GC05,1900,Chennai Tyre Plant,,,,ACTIVE,,
"{'id': ""https://s4api.sap.jktyre.in:44305/sap/opu/odata/sap/ZINFI_PLT_API_SRV/InfiMouldMstSet('C14580R12NEOTLGC06')"", 'uri': ""https://s4api.sap.jktyre.in:44305/sap/opu/odata/sap/ZINFI_PLT_API_SRV/InfiMouldMstSet('C14580R12NEOTLGC06')"", 'type': 'ZINFI_PLT_API_SRV.InfiMouldMst'}",C14580R12NEOTLGC06,145/80R12 ULTIMA NEO TL_GC06,1900,Chennai Tyre Plant,,,,ACTIVE,,
"{'id': ""https://s4api.sap.jktyre.in:44305/sap/opu/odata/sap/ZINFI_PLT_API_SRV/InfiMouldMstSet('C14580R12NEOTLGC07')"", 'uri': ""https://s4api.sap.jktyre.in:44305/sap/opu/odata/sap/ZINFI_PLT_API_SRV/InfiMouldMstSet('C14580R12NEOTLGC07')"", 'type': 'ZINFI_PLT_API_SRV.InfiMouldMst'}",C14580R12NEOTLGC07,145/80R12 ULTIMA NEO TL_GC07,1900,Chennai Tyre Plant,,,,ACTIVE,,
"{'id': ""https://s4api.sap.jktyre.in:44305/sap/opu/odata/sap/ZINFI_PLT_API_SRV/InfiMouldMstSet('C14580R12NEOTLGC08')"", 'uri': ""https://s4api.sap.jktyre.in:44305/sap/opu/odata/sap/ZINFI_PLT_API_SRV/InfiMouldMstSet('C14580R12NEOTLGC08')"", 'type': 'ZINFI_PLT_API_SRV.InfiMouldMst'}",C14580R12NEOTLGC08,145/80R12 ULTIMA NEO TL_GC08,1900,Chennai Tyre Plant,,,,ACTIVE,,
"{'id': ""https://s4api.sap.jktyre.in:44305/sap/opu/odata/sap/ZINFI_PLT_API_SRV/InfiMouldMstSet('C14580R12NEOTLGC11')"", 'uri': ""https://s4api.sap.jktyre.in:44305/sap/opu/odata/sap/ZINFI_PLT_API_SRV/InfiMouldMstSet('C14580R12NEOTLGC11')"", 'type': 'ZINFI_PLT_API_SRV.InfiMouldMst'}",C14580R12NEOTLGC11,145/80R12 ULTIMA NEO TL_GC11,1900,Chennai Tyre Plant,,,,ACTIVE,,
"{'id': ""https://s4api.sap.jktyre.in:44305/sap/opu/odata/sap/ZINFI_PLT_API_SRV/InfiMouldMstSet('C14580R12NEOTLGC12')"", 'uri': ""https://s4api.sap.jktyre.in:44305/sap/opu/odata/sap/ZINFI_PLT_API_SRV/InfiMouldMstSet('C14580R12NEOTLGC12')"", 'type': 'ZINFI_PLT_API_SRV.InfiMouldMst'}",C14580R12NEOTLGC12,145/80R12 ULTIMA NEO TL_GC12,1900,Chennai Tyre Plant,,,,ACTIVE,,
"{'id': ""https://s4api.sap.jktyre.in:44305/sap/opu/odata/sap/ZINFI_PLT_API_SRV/InfiMouldMstSet('C14580R12NEOTLGC13')"", 'uri': ""https://s4api.sap.jktyre.in:44305/sap/opu/odata/sap/ZINFI_PLT_API_SRV/InfiMouldMstSet('C14580R12NEOTLGC13')"", 'type': 'ZINFI_PLT_API_SRV.InfiMouldMst'}",C14580R12NEOTLGC13,145/80R12 ULTIMA NEO TL_GC13,1900,Chennai Tyre Plant,,,,ACTIVE,,
"{'id': ""https://s4api.sap.jktyre.in:44305/sap/opu/odata/sap/ZINFI_PLT_API_SRV/InfiMouldMstSet('C14580R12NEOTLGC14')"", 'uri': ""https://s4api.sap.jktyre.in:44305/sap/opu/odata/sap/ZINFI_PLT_API_SRV/InfiMouldMstSet('C14580R12NEOTLGC14')"", 'type': 'ZINFI_PLT_API_SRV.InfiMouldMst'}",C14580R12NEOTLGC14,145/80R12 ULTIMA NEO TL_GC14,1900,Chennai Tyre Plant,,,,ACTIVE,,
"{'id': ""https://s4api.sap.jktyre.in:44305/sap/opu/odata/sap/ZINFI_PLT_API_SRV/InfiMouldMstSet('C14580R12NEOTLGC15')"", 'uri': ""https://s4api.sap.jktyre.in:44305/sap/opu/odata/sap/ZINFI_PLT_API_SRV/InfiMouldMstSet('C14580R12NEOTLGC15')"", 'type': 'ZINFI_PLT_API_SRV.InfiMouldMst'}",C14580R12NEOTLGC15,145/80R12 ULTIMA NEO TL_GC15,1900,Chennai Tyre Plant,,,,ACTIVE,,
"{'id': ""https://s4api.sap.jktyre.in:44305/sap/opu/odata/sap/ZINFI_PLT_API_SRV/InfiMouldMstSet('C14580R12NXTTLGR01')"", 'uri': ""https://s4api.sap.jktyre.in:44305/sap/opu/odata/sap/ZINFI_PLT_API_SRV/InfiMouldMstSet('C14580R12NXTTLGR01')"", 'type': 'ZINFI_PLT_API_SRV.InfiMouldMst'}",C14580R12NXTTLGR01,145/80R12 ULTIMA NXT _GR01,1900,Chennai Tyre Plant,,,,ACTIVE,,
"{'id': ""https://s4api.sap.jktyre.in:44305/sap/opu/odata/sap/ZINFI_PLT_API_SRV/InfiMouldMstSet('C14580R12NXTTLGR02')"", 'uri': ""https://s4api.sap.jktyre.in:44305/sap/opu/odata/sap/ZINFI_PLT_API_SRV/InfiMouldMstSet('C14580R12NXTTLGR02')"", 'type': 'ZINFI_PLT_API_SRV.InfiMouldMst'}",C14580R12NXTTLGR02,145/80R12 ULTIMA NXT _GR02,1900,Chennai Tyre Plant,,,,ACTIVE,,
"{'id': ""https://s4api.sap.jktyre.in:44305/sap/opu/odata/sap/ZINFI_PLT_API_SRV/InfiMouldMstSet('C14580R12NXTTLNS04')"", 'uri': ""https://s4api.sap.jktyre.in:44305/sap/opu/odata/sap/ZINFI_PLT_API_SRV/InfiMouldMstSet('C14580R12NXTTLNS04')"", 'type': 'ZINFI_PLT_API_SRV.InfiMouldMst'}",C14580R12NXTTLNS04,145/80R12 ULTIMA NXT _NS4,1900,Chennai Tyre Plant,,,,ACTIVE,,
"{'id': ""https://s4api.sap.jktyre.in:44305/sap/opu/odata/sap/ZINFI_PLT_API_SRV/InfiMouldMstSet('C14580R12NXTTLNS05')"", 'uri': ""https://s4api.sap.jktyre.in:44305/sap/opu/odata/sap/ZINFI_PLT_API_SRV/InfiMouldMstSet('C14580R12NXTTLNS05')"", 'type': 'ZINFI_PLT_API_SRV.InfiMouldMst'}",C14580R12NXTTLNS05,145/80R12 ULTIMA NXT_ NS5,1900,Chennai Tyre Plant,,,,ACTIVE,,
"{'id': ""https://s4api.sap.jktyre.in:44305/sap/opu/odata/sap/ZINFI_PLT_API_SRV/InfiMouldMstSet('C14580R12NXTTLNS06')"", 'uri': ""https://s4api.sap.jktyre.in:44305/sap/opu/odata/sap/ZINFI_PLT_API_SRV/InfiMouldMstSet('C14580R12NXTTLNS06')"", 'type': 'ZINFI_PLT_API_SRV.InfiMouldMst'}",C14580R12NXTTLNS06,145/80R12 ULTIMA NXT _ NS6,1900,Chennai Tyre Plant,,,,ACTIVE,,
"{'id': ""https://s4api.sap.jktyre.in:44305/sap/opu/odata/sap/ZINFI_PLT_API_SRV/InfiMouldMstSet('C14580R12NXTTLNS07')"", 'uri': ""https://s4api.sap.jktyre.in:44305/sap/opu/odata/sap/ZINFI_PLT_API_SRV/InfiMouldMstSet('C14580R12NXTTLNS07')"", 'type': 'ZINFI_PLT_API_SRV.InfiMouldMst'}",C14580R12NXTTLNS07,145/80R12 ULTIMA NXT _ NS7,1900,Chennai Tyre Plant,,,,ACTIVE,,
"{'id': ""https://s4api.sap.jktyre.in:44305/sap/opu/odata/sap/ZINFI_PLT_API_SRV/InfiMouldMstSet('C14580R12NXTTLNS08')"", 'uri': ""https://s4api.sap.jktyre.in:44305/sap/opu/odata/sap/ZINFI_PLT_API_SRV/InfiMouldMstSet('C14580R12NXTTLNS08')"", 'type': 'ZINFI_PLT_API_SRV.InfiMouldMst'}",C14580R12NXTTLNS08,145/80R12 ULTIMA NXT _ NS08,1900,Chennai Tyre Plant,,,,ACTIVE,,
"{'id': ""https://s4api.sap.jktyre.in:44305/sap/opu/odata/sap/ZINFI_PLT_API_SRV/InfiMouldMstSet('C14580R12NXTTLNS09')"", 'uri': ""https://s4api.sap.jktyre.in:44305/sap/opu/odata/sap/ZINFI_PLT_API_SRV/InfiMouldMstSet('C14580R12NXTTLNS09')"", 'type': 'ZINFI_PLT_API_SRV.InfiMouldMst'}",C14580R12NXTTLNS09,145/80R12 ULTIMA NXT _ NS09,1900,Chennai Tyre Plant,,,,ACTIVE,,
"{'id': ""https://s4api.sap.jktyre.in:44305/sap/opu/odata/sap/ZINFI_PLT_API_SRV/InfiMouldMstSet('C14580R12TAXIMHM01')"", 'uri': ""https://s4api.sap.jktyre.in:44305/sap/opu/odata/sap/ZINFI_PLT_API_SRV/InfiMouldMstSet('C14580R12TAXIMHM01')"", 'type': 'ZINFI_PLT_API_SRV.InfiMouldMst'}",C14580R12TAXIMHM01,145/80R12 TAXIMAX TL _ HM01,1900,Chennai Tyre Plant,,,,ACTIVE,,
"{'id': ""https://s4api.sap.jktyre.in:44305/sap/opu/odata/sap/ZINFI_PLT_API_SRV/InfiMouldMstSet('C14580R12TAXIMHM02')"", 'uri': ""https://s4api.sap.jktyre.in:44305/sap/opu/odata/sap/ZINFI_PLT_API_SRV/InfiMouldMstSet('C14580R12TAXIMHM02')"", 'type': 'ZINFI_PLT_API_SRV.InfiMouldMst'}",C14580R12TAXIMHM02,145/80R12 TAXIMAX TL _ HM02,1900,Chennai Tyre Plant,,,,ACTIVE,,
"{'id': ""https://s4api.sap.jktyre.in:44305/sap/opu/odata/sap/ZINFI_PLT_API_SRV/InfiMouldMstSet('C14580R12UHLHMI11')"", 'uri': ""https://s4api.sap.jktyre.in:44305/sap/opu/odata/sap/ZINFI_PLT_API_SRV/InfiMouldMstSet('C14580R12UHLHMI11')"", 'type': 'ZINFI_PLT_API_SRV.InfiMouldMst'}",C14580R12UHLHMI11,145/80R12 ULTIMA HI LIFE _HMI11,1900,Chennai Tyre Plant,,,,ACTIVE,,
"{'id': ""https://s4api.sap.jktyre.in:44305/sap/opu/odata/sap/ZINFI_PLT_API_SRV/InfiMouldMstSet('C14580R12UHLTHMI03')"", 'uri': ""https://s4api.sap.jktyre.in:44305/sap/opu/odata/sap/ZINFI_PLT_API_SRV/InfiMouldMstSet('C14580R12UHLTHMI03')"", 'type': 'ZINFI_PLT_API_SRV.InfiMouldMst'}",C14580R12UHLTHMI03,145/80R12 ULTIMA HI LIFE _ HMI03,1900,Chennai Tyre Plant,,,,ACTIVE,,
"{'id': ""https://s4api.sap.jktyre.in:44305/sap/opu/odata/sap/ZINFI_PLT_API_SRV/InfiMouldMstSet('C14580R12UHLTHMI04')"", 'uri': ""https://s4api.sap.jktyre.in:44305/sap/opu/odata/sap/ZINFI_PLT_API_SRV/InfiMouldMstSet('C14580R12UHLTHMI04')"", 'type': 'ZINFI_PLT_API_SRV.InfiMouldMst'}",C14580R12UHLTHMI04,145/80R12 ULTIMA HI LIFE _ HMI04,1900,Chennai Tyre Plant,,,,ACTIVE,,
"{'id': ""https://s4api.sap.jktyre.in:44305/sap/opu/odata/sap/ZINFI_PLT_API_SRV/InfiMouldMstSet('C14580R12UHLTHMI07')"", 'uri': ""https://s4api.sap.jktyre.in:44305/sap/opu/odata/sap/ZINFI_PLT_API_SRV/InfiMouldMstSet('C14580R12UHLTHMI07')"", 'type': 'ZINFI_PLT_API_SRV.InfiMouldMst'}",C14580R12UHLTHMI07,145/80R12 ULTIMA HI LIFE _ HMI07,1900,Chennai Tyre Plant,,,,ACTIVE,,
"{'id': ""https://s4api.sap.jktyre.in:44305/sap/opu/odata/sap/ZINFI_PLT_API_SRV/InfiMouldMstSet('C14580R12UHLTHMI08')"", 'uri': ""https://s4api.sap.jktyre.in:44305/sap/opu/odata/sap/ZINFI_PLT_API_SRV/InfiMouldMstSet('C14580R12UHLTHMI08')"", 'type': 'ZINFI_PLT_API_SRV.InfiMouldMst'}",C14580R12UHLTHMI08,145/80R12 ULTIMA HI LIFE _ HMI08,1900,Chennai Tyre Plant,,,,ACTIVE,,
"{'id': ""https://s4api.sap.jktyre.in:44305/sap/opu/odata/sap/ZINFI_PLT_API_SRV/InfiMouldMstSet('C14580R12UHLTHMI09')"", 'uri': ""https://s4api.sap.jktyre.in:44305/sap/opu/odata/sap/ZINFI_PLT_API_SRV/InfiMouldMstSet('C14580R12UHLTHMI09')"", 'type': 'ZINFI_PLT_API_SRV.InfiMouldMst'}",C14580R12UHLTHMI09,145/80R12 ULTIMA HI LIFE _ HMI09,1900,Chennai Tyre Plant,,,,ACTIVE,,
"{'id': ""https://s4api.sap.jktyre.in:44305/sap/opu/odata/sap/ZINFI_PLT_API_SRV/InfiMouldMstSet('C14580R12UHLTHMI10')"", 'uri': ""https://s4api.sap.jktyre.in:44305/sap/opu/odata/sap/ZINFI_PLT_API_SRV/InfiMouldMstSet('C14580R12UHLTHMI10')"", 'type': 'ZINFI_PLT_API_SRV.InfiMouldMst'}",C14580R12UHLTHMI10,145/80R12 ULTIMA HI LIFE _ HMI10,1900,Chennai Tyre Plant,,,,ACTIVE,,
"{'id': ""https://s4api.sap.jktyre.in:44305/sap/opu/odata/sap/ZINFI_PLT_API_SRV/InfiMouldMstSet('C14580R12UHLTHMI11')"", 'uri': ""https://s4api.sap.jktyre.in:44305/sap/opu/odata/sap/ZINFI_PLT_API_SRV/InfiMouldMstSet('C14580R12UHLTHMI11')"", 'type': 'ZINFI_PLT_API_SRV.InfiMouldMst'}",C14580R12UHLTHMI11,145/80R12 ULTIMA HI LIFE _ HMI11,1900,Chennai Tyre Plant,,,,ACTIVE,,
"{'id': ""https://s4api.sap.jktyre.in:44305/sap/opu/odata/sap/ZINFI_PLT_API_SRV/InfiMouldMstSet('C14580R12UHLTHMI12')"", 'uri': ""https://s4api.sap.jktyre.in:44305/sap/opu/odata/sap/ZINFI_PLT_API_SRV/InfiMouldMstSet('C14580R12UHLTHMI12')"", 'type': 'ZINFI_PLT_API_SRV.InfiMouldMst'}",C14580R12UHLTHMI12,145/80R12 ULTIMA HI LIFE _ HMI12,1900,Chennai Tyre Plant,,,,ACTIVE,,
"{'id': ""https://s4api.sap.jktyre.in:44305/sap/opu/odata/sap/ZINFI_PLT_API_SRV/InfiMouldMstSet('C14580R12UHLTHMI13')"", 'uri': ""https://s4api.sap.jktyre.in:44305/sap/opu/odata/sap/ZINFI_PLT_API_SRV/InfiMouldMstSet('C14580R12UHLTHMI13')"", 'type': 'ZINFI_PLT_API_SRV.InfiMouldMst'}",C14580R12UHLTHMI13,145/80R12 ULTIMA HI LIFE _ HMI13,1900,Chennai Tyre Plant,,,,ACTIVE,,
"{'id': ""https://s4api.sap.jktyre.in:44305/sap/opu/odata/sap/ZINFI_PLT_API_SRV/InfiMouldMstSet('C14580R12UHLTHMI14')"", 'uri': ""https://s4api.sap.jktyre.in:44305/sap/opu/odata/sap/ZINFI_PLT_API_SRV/InfiMouldMstSet('C14580R12UHLTHMI14')"", 'type': 'ZINFI_PLT_API_SRV.InfiMouldMst'}",C14580R12UHLTHMI14,145/80R12 ULTIMA HI LIFE _ HMI14,1900,Chennai Tyre Plant,,,,ACTIVE,,
"{'id': ""https://s4api.sap.jktyre.in:44305/sap/opu/odata/sap/ZINFI_PLT_API_SRV/InfiMouldMstSet('C14580R12XPTLDC12')"", 'uri': ""https://s4api.sap.jktyre.in:44305/sap/opu/odata/sap/ZINFI_PLT_API_SRV/InfiMouldMstSet('C14580R12XPTLDC12')"", 'type': 'ZINFI_PLT_API_SRV.InfiMouldMst'}",C14580R12XPTLDC12,145/80R12 ULTIMA XP_DC12,1900,Chennai Tyre Plant,,,,ACTIVE,,
"{'id': ""https://s4api.sap.jktyre.in:44305/sap/opu/odata/sap/ZINFI_PLT_API_SRV/InfiMouldMstSet('C14580R12XPTLDC13')"", 'uri': ""https://s4api.sap.jktyre.in:44305/sap/opu/odata/sap/ZINFI_PLT_API_SRV/InfiMouldMstSet('C14580R12XPTLDC13')"", 'type': 'ZINFI_PLT_API_SRV.InfiMouldMst'}",C14580R12XPTLDC13,145/80R12 ULTIMA XP_DC13,1900,Chennai Tyre Plant,,,,ACTIVE,,
"{'id': ""https://s4api.sap.jktyre.in:44305/sap/opu/odata/sap/ZINFI_PLT_API_SRV/InfiMouldMstSet('C14580R13ELZTGR01')"", 'uri': ""https://s4api.sap.jktyre.in:44305/sap/opu/odata/sap/ZINFI_PLT_API_SRV/InfiMouldMstSet('C14580R13ELZTGR01')"", 'type': 'ZINFI_PLT_API_SRV.InfiMouldMst'}",C14580R13ELZTGR01,145/80R13 ULTIMA HI LIFE _ GR01,1900,Chennai Tyre Plant,,,,ACTIVE,,
"{'id': ""https://s4api.sap.jktyre.in:44305/sap/opu/odata/sap/ZINFI_PLT_API_SRV/InfiMouldMstSet('C14580R13ELZTGR02')"", 'uri': ""https://s4api.sap.jktyre.in:44305/sap/opu/odata/sap/ZINFI_PLT_API_SRV/InfiMouldMstSet('C14580R13ELZTGR02')"", 'type': 'ZINFI_PLT_API_SRV.InfiMouldMst'}",C14580R13ELZTGR02,145/80R13 ULTIMA HI LIFE _ GR02,1900,Chennai Tyre Plant,,,,ACTIVE,,
"{'id': ""https://s4api.sap.jktyre.in:44305/sap/opu/odata/sap/ZINFI_PLT_API_SRV/InfiMouldMstSet('C14580R13TAXIMHM03')"", 'uri': ""https://s4api.sap.jktyre.in:44305/sap/opu/odata/sap/ZINFI_PLT_API_SRV/InfiMouldMstSet('C14580R13TAXIMHM03')"", 'type': 'ZINFI_PLT_API_SRV.InfiMouldMst'}",C14580R13TAXIMHM03,145/80R13 TAXIMAX_HM03,1900,Chennai Tyre Plant,,,,ACTIVE,,
"{'id': ""https://s4api.sap.jktyre.in:44305/sap/opu/odata/sap/ZINFI_PLT_API_SRV/InfiMouldMstSet('C14580R13TAXIMHM04')"", 'uri': ""https://s4api.sap.jktyre.in:44305/sap/opu/odata/sap/ZINFI_PLT_API_SRV/InfiMouldMstSet('C14580R13TAXIMHM04')"", 'type': 'ZINFI_PLT_API_SRV.InfiMouldMst'}",C14580R13TAXIMHM04,145/80R13 TAXIMAX_HM04,1900,Chennai Tyre Plant,,,,ACTIVE,,
"{'id': ""https://s4api.sap.jktyre.in:44305/sap/opu/odata/sap/ZINFI_PLT_API_SRV/InfiMouldMstSet('C14580R13ULTHIGC01')"", 'uri': ""https://s4api.sap.jktyre.in:44305/sap/opu/odata/sap/ZINFI_PLT_API_SRV/InfiMouldMstSet('C14580R13ULTHIGC01')"", 'type': 'ZINFI_PLT_API_SRV.InfiMouldMst'}",C14580R13ULTHIGC01,145/80R13 ULTIMA HI LIFE _ GC01,1900,Chennai Tyre Plant,,,,ACTIVE,,
"{'id': ""https://s4api.sap.jktyre.in:44305/sap/opu/odata/sap/ZINFI_PLT_API_SRV/InfiMouldMstSet('C14580R13ULTHIGC02')"", 'uri': ""https://s4api.sap.jktyre.in:44305/sap/opu/odata/sap/ZINFI_PLT_API_SRV/InfiMouldMstSet('C14580R13ULTHIGC02')"", 'type': 'ZINFI_PLT_API_SRV.InfiMouldMst'}",C14580R13ULTHIGC02,145/80R13 ULTIMA HI LIFE _ GC02,1900,Chennai Tyre Plant,,,,ACTIVE,,
"{'id': ""https://s4api.sap.jktyre.in:44305/sap/opu/odata/sap/ZINFI_PLT_API_SRV/InfiMouldMstSet('C145R12XPCLTTTGC01')"", 'uri': ""https://s4api.sap.jktyre.in:44305/sap/opu/odata/sap/ZINFI_PLT_API_SRV/InfiMouldMstSet('C145R12XPCLTTTGC01')"", 'type': 'ZINFI_PLT_API_SRV.InfiMouldMst'}",C145R12XPCLTTTGC01,145R12 ULTIMA XPC_GC01,1900,Chennai Tyre Plant,,,,ACTIVE,,
"{'id': ""https://s4api.sap.jktyre.in:44305/sap/opu/odata/sap/ZINFI_PLT_API_SRV/InfiMouldMstSet('C145R12XPCLTTTGC02')"", 'uri': ""https://s4api.sap.jktyre.in:44305/sap/opu/odata/sap/ZINFI_PLT_API_SRV/InfiMouldMstSet('C145R12XPCLTTTGC02')"", 'type': 'ZINFI_PLT_API_SRV.InfiMouldMst'}",C145R12XPCLTTTGC02,145R12 ULTIMA XPC_GC02,1900,Chennai Tyre Plant,,,,ACTIVE,,
"{'id': ""https://s4api.sap.jktyre.in:44305/sap/opu/odata/sap/ZINFI_PLT_API_SRV/InfiMouldMstSet('C145R12XPCLTTTGC03')"", 'uri': ""https://s4api.sap.jktyre.in:44305/sap/opu/odata/sap/ZINFI_PLT_API_SRV/InfiMouldMstSet('C145R12XPCLTTTGC03')"", 'type': 'ZINFI_PLT_API_SRV.InfiMouldMst'}",C145R12XPCLTTTGC03,145R12 ULTIMA XPC_GC03,1900,Chennai Tyre Plant,,,,ACTIVE,,
"{'id': ""https://s4api.sap.jktyre.in:44305/sap/opu/odata/sap/ZINFI_PLT_API_SRV/InfiMouldMstSet('C145R12XPCLTTTGC04')"", 'uri': ""https://s4api.sap.jktyre.in:44305/sap/opu/odata/sap/ZINFI_PLT_API_SRV/InfiMouldMstSet('C145R12XPCLTTTGC04')"", 'type': 'ZINFI_PLT_API_SRV.InfiMouldMst'}",C145R12XPCLTTTGC04,145R12 ULTIMA XPC_GC04,1900,Chennai Tyre Plant,,,,ACTIVE,,
"{'id': ""https://s4api.sap.jktyre.in:44305/sap/opu/odata/sap/ZINFI_PLT_API_SRV/InfiMouldMstSet('C145R12XPCLTTTGC05')"", 'uri': ""https://s4api.sap.jktyre.in:44305/sap/opu/odata/sap/ZINFI_PLT_API_SRV/InfiMouldMstSet('C145R12XPCLTTTGC05')"", 'type': 'ZINFI_PLT_API_SRV.InfiMouldMst'}",C145R12XPCLTTTGC05,145R12 ULTIMA XPC_GC05,1900,Chennai Tyre Plant,,,,ACTIVE,,
"{'id': ""https://s4api.sap.jktyre.in:44305/sap/opu/odata/sap/ZINFI_PLT_API_SRV/InfiMouldMstSet('C145R12XPCLTTTGC06')"", 'uri': ""https://s4api.sap.jktyre.in:44305/sap/opu/odata/sap/ZINFI_PLT_API_SRV/InfiMouldMstSet('C145R12XPCLTTTGC06')"", 'type': 'ZINFI_PLT_API_SRV.InfiMouldMst'}",C145R12XPCLTTTGC06,145R12 ULTIMA XPC _GC06,1900,Chennai Tyre Plant,,,,ACTIVE,,
"{'id': ""https://s4api.sap.jktyre.in:44305/sap/opu/odata/sap/ZINFI_PLT_API_SRV/InfiMouldMstSet('C145R12XPCLTTTHM03')"", 'uri': ""https://s4api.sap.jktyre.in:44305/sap/opu/odata/sap/ZINFI_PLT_API_SRV/InfiMouldMstSet('C145R12XPCLTTTHM03')"", 'type': 'ZINFI_PLT_API_SRV.InfiMouldMst'}",C145R12XPCLTTTHM03,145R12 ULTIMA XPC_HM03,1900,Chennai Tyre Plant,,,,ACTIVE,,
"{'id': ""https://s4api.sap.jktyre.in:44305/sap/opu/odata/sap/ZINFI_PLT_API_SRV/InfiMouldMstSet('C145R12XPCLTTTHM04')"", 'uri': ""https://s4api.sap.jktyre.in:44305/sap/opu/odata/sap/ZINFI_PLT_API_SRV/InfiMouldMstSet('C145R12XPCLTTTHM04')"", 'type': 'ZINFI_PLT_API_SRV.InfiMouldMst'}",C145R12XPCLTTTHM04,145R12 ULTIMA XPC_HM04,1900,Chennai Tyre Plant,,,,ACTIVE,,
"{'id': ""https://s4api.sap.jktyre.in:44305/sap/opu/odata/sap/ZINFI_PLT_API_SRV/InfiMouldMstSet('C145R12XPCTTHM01')"", 'uri': ""https://s4api.sap.jktyre.in:44305/sap/opu/odata/sap/ZINFI_PLT_API_SRV/InfiMouldMstSet('C145R12XPCTTHM01')"", 'type': 'ZINFI_PLT_API_SRV.InfiMouldMst'}",C145R12XPCTTHM01,145R12 ULTIMA XPC _DMD-4269_HM-01,1900,Chennai Tyre Plant,,,,ACTIVE,,
"{'id': ""https://s4api.sap.jktyre.in:44305/sap/opu/odata/sap/ZINFI_PLT_API_SRV/InfiMouldMstSet('C145R12XPCTTHM02')"", 'uri': ""https://s4api.sap.jktyre.in:44305/sap/opu/odata/sap/ZINFI_PLT_API_SRV/InfiMouldMstSet('C145R12XPCTTHM02')"", 'type': 'ZINFI_PLT_API_SRV.InfiMouldMst'}",C145R12XPCTTHM02,145R12 ULTIMA XPC _DMD-4269_HM-02,1900,Chennai Tyre Plant,,,,ACTIVE,,
"{'id': ""https://s4api.sap.jktyre.in:44305/sap/opu/odata/sap/ZINFI_PLT_API_SRV/InfiMouldMstSet('C15565R12ULLXTGR02')"", 'uri': ""https://s4api.sap.jktyre.in:44305/sap/opu/odata/sap/ZINFI_PLT_API_SRV/InfiMouldMstSet('C15565R12ULLXTGR02')"", 'type': 'ZINFI_PLT_API_SRV.InfiMouldMst'}",C15565R12ULLXTGR02,155/65R12 ULTIMA LXT_GR02,1900,Chennai Tyre Plant,,,,ACTIVE,,
"{'id': ""https://s4api.sap.jktyre.in:44305/sap/opu/odata/sap/ZINFI_PLT_API_SRV/InfiMouldMstSet('C15565R12ULLXTGR03')"", 'uri': ""https://s4api.sap.jktyre.in:44305/sap/opu/odata/sap/ZINFI_PLT_API_SRV/InfiMouldMstSet('C15565R12ULLXTGR03')"", 'type': 'ZINFI_PLT_API_SRV.InfiMouldMst'}",C15565R12ULLXTGR03,155/65R12 ULTIMA LXT_GR03,1900,Chennai Tyre Plant,,,,ACTIVE,,
"{'id': ""https://s4api.sap.jktyre.in:44305/sap/opu/odata/sap/ZINFI_PLT_API_SRV/InfiMouldMstSet('C15565R13NEOTLGC01')"", 'uri': ""https://s4api.sap.jktyre.in:44305/sap/opu/odata/sap/ZINFI_PLT_API_SRV/InfiMouldMstSet('C15565R13NEOTLGC01')"", 'type': 'ZINFI_PLT_API_SRV.InfiMouldMst'}",C15565R13NEOTLGC01,155/65R13 ULTIMA NEO TL_GC01,1900,Chennai Tyre Plant,,,,ACTIVE,,
"{'id': ""https://s4api.sap.jktyre.in:44305/sap/opu/odata/sap/ZINFI_PLT_API_SRV/InfiMouldMstSet('C15565R13NEOTLGC02')"", 'uri': ""https://s4api.sap.jktyre.in:44305/sap/opu/odata/sap/ZINFI_PLT_API_SRV/InfiMouldMstSet('C15565R13NEOTLGC02')"", 'type': 'ZINFI_PLT_API_SRV.InfiMouldMst'}",C15565R13NEOTLGC02,155/65R13 ULTIMA NEO TL_GC02,1900,Chennai Tyre Plant,,,,ACTIVE,,
"{'id': ""https://s4api.sap.jktyre.in:44305/sap/opu/odata/sap/ZINFI_PLT_API_SRV/InfiMouldMstSet('C15565R13NEOTLHM01')"", 'uri': ""https://s4api.sap.jktyre.in:44305/sap/opu/odata/sap/ZINFI_PLT_API_SRV/InfiMouldMstSet('C15565R13NEOTLHM01')"", 'type': 'ZINFI_PLT_API_SRV.InfiMouldMst'}",C15565R13NEOTLHM01,155/65R13 ULTIMA NEO TL_HM01,1900,Chennai Tyre Plant,,,,ACTIVE,,
"{'id': ""https://s4api.sap.jktyre.in:44305/sap/opu/odata/sap/ZINFI_PLT_API_SRV/InfiMouldMstSet('C15565R13NEOTLHM02')"", 'uri': ""https://s4api.sap.jktyre.in:44305/sap/opu/odata/sap/ZINFI_PLT_API_SRV/InfiMouldMstSet('C15565R13NEOTLHM02')"", 'type': 'ZINFI_PLT_API_SRV.InfiMouldMst'}",C15565R13NEOTLHM02,155/65R13 ULTIMA NEO TL_HM02,1900,Chennai Tyre Plant,,,,ACTIVE,,
"{'id': ""https://s4api.sap.jktyre.in:44305/sap/opu/odata/sap/ZINFI_PLT_API_SRV/InfiMouldMstSet('C15565R13NEOTLHM03')"", 'uri': ""https://s4api.sap.jktyre.in:44305/sap/opu/odata/sap/ZINFI_PLT_API_SRV/InfiMouldMstSet('C15565R13NEOTLHM03')"", 'type': 'ZINFI_PLT_API_SRV.InfiMouldMst'}",C15565R13NEOTLHM03,155/65R13 ULTIMA NEO TL_HM03,1900,Chennai Tyre Plant,,,,ACTIVE,,
"{'id': ""https://s4api.sap.jktyre.in:44305/sap/opu/odata/sap/ZINFI_PLT_API_SRV/InfiMouldMstSet('C15565R13NEOTLHM04')"", 'uri': ""https://s4api.sap.jktyre.in:44305/sap/opu/odata/sap/ZINFI_PLT_API_SRV/InfiMouldMstSet('C15565R13NEOTLHM04')"", 'type': 'ZINFI_PLT_API_SRV.InfiMouldMst'}",C15565R13NEOTLHM04,155/65R13 ULTIMA NEO TL_HM04,1900,Chennai Tyre Plant,,,,ACTIVE,,
"{'id': ""https://s4api.sap.jktyre.in:44305/sap/opu/odata/sap/ZINFI_PLT_API_SRV/InfiMouldMstSet('C15565R14NEOTLGC01')"", 'uri': ""https://s4api.sap.jktyre.in:44305/sap/opu/odata/sap/ZINFI_PLT_API_SRV/InfiMouldMstSet('C15565R14NEOTLGC01')"", 'type': 'ZINFI_PLT_API_SRV.InfiMouldMst'}",C15565R14NEOTLGC01,155/65R14 ULTIMA NEO TL_GC01,1900,Chennai Tyre Plant,,,,ACTIVE,,
"{'id': ""https://s4api.sap.jktyre.in:44305/sap/opu/odata/sap/ZINFI_PLT_API_SRV/InfiMouldMstSet('C15565R14NEOTLGC02')"", 'uri': ""https://s4api.sap.jktyre.in:44305/sap/opu/odata/sap/ZINFI_PLT_API_SRV/InfiMouldMstSet('C15565R14NEOTLGC02')"", 'type': 'ZINFI_PLT_API_SRV.InfiMouldMst'}",C15565R14NEOTLGC02,155/65R14 ULTIMA NEO TL_GC02,1900,Chennai Tyre Plant,,,,ACTIVE,,
"{'id': ""https://s4api.sap.jktyre.in:44305/sap/opu/odata/sap/ZINFI_PLT_API_SRV/InfiMouldMstSet('C15565R14NEOTLHM01')"", 'uri': ""https://s4api.sap.jktyre.in:44305/sap/opu/odata/sap/ZINFI_PLT_API_SRV/InfiMouldMstSet('C15565R14NEOTLHM01')"", 'type': 'ZINFI_PLT_API_SRV.InfiMouldMst'}",C15565R14NEOTLHM01,155/65R14 ULTIMA NEO TL_HM01,1900,Chennai Tyre Plant,,,,ACTIVE,,
"{'id': ""https://s4api.sap.jktyre.in:44305/sap/opu/odata/sap/ZINFI_PLT_API_SRV/InfiMouldMstSet('C15565R14NEOTLHM02')"", 'uri': ""https://s4api.sap.jktyre.in:44305/sap/opu/odata/sap/ZINFI_PLT_API_SRV/InfiMouldMstSet('C15565R14NEOTLHM02')"", 'type': 'ZINFI_PLT_API_SRV.InfiMouldMst'}",C15565R14NEOTLHM02,155/65R14 ULTIMA NEO TL_HM02,1900,Chennai Tyre Plant,,,,ACTIVE,,
"{'id': ""https://s4api.sap.jktyre.in:44305/sap/opu/odata/sap/ZINFI_PLT_API_SRV/InfiMouldMstSet('C15570R13NEOTLGC01')"", 'uri': ""https://s4api.sap.jktyre.in:44305/sap/opu/odata/sap/ZINFI_PLT_API_SRV/InfiMouldMstSet('C15570R13NEOTLGC01')"", 'type': 'ZINFI_PLT_API_SRV.InfiMouldMst'}",C15570R13NEOTLGC01,155/70R13 ULTIMA NEO TL_GC01,1900,Chennai Tyre Plant,,,,ACTIVE,,
"{'id': ""https://s4api.sap.jktyre.in:44305/sap/opu/odata/sap/ZINFI_PLT_API_SRV/InfiMouldMstSet('C15570R13NEOTLGC02')"", 'uri': ""https://s4api.sap.jktyre.in:44305/sap/opu/odata/sap/ZINFI_PLT_API_SRV/InfiMouldMstSet('C15570R13NEOTLGC02')"", 'type': 'ZINFI_PLT_API_SRV.InfiMouldMst'}",C15570R13NEOTLGC02,155/70R13 ULTIMA NEO TL_GC02,1900,Chennai Tyre Plant,,,,ACTIVE,,
"{'id': ""https://s4api.sap.jktyre.in:44305/sap/opu/odata/sap/ZINFI_PLT_API_SRV/InfiMouldMstSet('C15570R13NEOTLGC03')"", 'uri': ""https://s4api.sap.jktyre.in:44305/sap/opu/odata/sap/ZINFI_PLT_API_SRV/InfiMouldMstSet('C15570R13NEOTLGC03')"", 'type': 'ZINFI_PLT_API_SRV.InfiMouldMst'}",C15570R13NEOTLGC03,155/70R13 ULTIMA NEO TL_GC03,1900,Chennai Tyre Plant,,,,ACTIVE,,
"{'id': ""https://s4api.sap.jktyre.in:44305/sap/opu/odata/sap/ZINFI_PLT_API_SRV/InfiMouldMstSet('C15570R13NEOTLGC04')"", 'uri': ""https://s4api.sap.jktyre.in:44305/sap/opu/odata/sap/ZINFI_PLT_API_SRV/InfiMouldMstSet('C15570R13NEOTLGC04')"", 'type': 'ZINFI_PLT_API_SRV.InfiMouldMst'}",C15570R13NEOTLGC04,155/70R13 ULTIMA NEO TL_GC04,1900,Chennai Tyre Plant,,,,ACTIVE,,
"{'id': ""https://s4api.sap.jktyre.in:44305/sap/opu/odata/sap/ZINFI_PLT_API_SRV/InfiMouldMstSet('C15570R13NXTTLGR03')"", 'uri': ""https://s4api.sap.jktyre.in:44305/sap/opu/odata/sap/ZINFI_PLT_API_SRV/InfiMouldMstSet('C15570R13NXTTLGR03')"", 'type': 'ZINFI_PLT_API_SRV.InfiMouldMst'}",C15570R13NXTTLGR03,155/70R13 ULTIMA NXT_GR03,1900,Chennai Tyre Plant,,,,ACTIVE,,
"{'id': ""https://s4api.sap.jktyre.in:44305/sap/opu/odata/sap/ZINFI_PLT_API_SRV/InfiMouldMstSet('C15570R13NXTTLGR04')"", 'uri': ""https://s4api.sap.jktyre.in:44305/sap/opu/odata/sap/ZINFI_PLT_API_SRV/InfiMouldMstSet('C15570R13NXTTLGR04')"", 'type': 'ZINFI_PLT_API_SRV.InfiMouldMst'}",C15570R13NXTTLGR04,155/70R13 ULTIMA NXT_GR04,1900,Chennai Tyre Plant,,,,ACTIVE,,
"{'id': ""https://s4api.sap.jktyre.in:44305/sap/opu/odata/sap/ZINFI_PLT_API_SRV/InfiMouldMstSet('C15580R13NEO000002')"", 'uri': ""https://s4api.sap.jktyre.in:44305/sap/opu/odata/sap/ZINFI_PLT_API_SRV/InfiMouldMstSet('C15580R13NEO000002')"", 'type': 'ZINFI_PLT_API_SRV.InfiMouldMst'}",C15580R13NEO000002,155/80R13 ULTIMA NEO_MSIL_HM02,1900,Chennai Tyre Plant,,,,ACTIVE,,
"{'id': ""https://s4api.sap.jktyre.in:44305/sap/opu/odata/sap/ZINFI_PLT_API_SRV/InfiMouldMstSet('C15580R13NEO000003')"", 'uri': ""https://s4api.sap.jktyre.in:44305/sap/opu/odata/sap/ZINFI_PLT_API_SRV/InfiMouldMstSet('C15580R13NEO000003')"", 'type': 'ZINFI_PLT_API_SRV.InfiMouldMst'}",C15580R13NEO000003,155/80R13 ULTIMA NEO_MSIL_HM03,1900,Chennai Tyre Plant,,,,ACTIVE,,
"{'id': ""https://s4api.sap.jktyre.in:44305/sap/opu/odata/sap/ZINFI_PLT_API_SRV/InfiMouldMstSet('C15580R13NEO000005')"", 'uri': ""https://s4api.sap.jktyre.in:44305/sap/opu/odata/sap/ZINFI_PLT_API_SRV/InfiMouldMstSet('C15580R13NEO000005')"", 'type': 'ZINFI_PLT_API_SRV.InfiMouldMst'}",C15580R13NEO000005,155/80R13 ULTIMA NEO_MSIL_HM05,1900,Chennai Tyre Plant,,,,ACTIVE,,
"{'id': ""https://s4api.sap.jktyre.in:44305/sap/opu/odata/sap/ZINFI_PLT_API_SRV/InfiMouldMstSet('C15580R13NEO000007')"", 'uri': ""https://s4api.sap.jktyre.in:44305/sap/opu/odata/sap/ZINFI_PLT_API_SRV/InfiMouldMstSet('C15580R13NEO000007')"", 'type': 'ZINFI_PLT_API_SRV.InfiMouldMst'}",C15580R13NEO000007,155/80R13 ULTIMA NEO_MSIL_HM07,1900,Chennai Tyre Plant,,,,ACTIVE,,
"{'id': ""https://s4api.sap.jktyre.in:44305/sap/opu/odata/sap/ZINFI_PLT_API_SRV/InfiMouldMstSet('C15580R13NEO000008')"", 'uri': ""https://s4api.sap.jktyre.in:44305/sap/opu/odata/sap/ZINFI_PLT_API_SRV/InfiMouldMstSet('C15580R13NEO000008')"", 'type': 'ZINFI_PLT_API_SRV.InfiMouldMst'}",C15580R13NEO000008,155/80R13 ULTIMA NEO_MSIL_HM08,1900,Chennai Tyre Plant,,,,ACTIVE,,
"{'id': ""https://s4api.sap.jktyre.in:44305/sap/opu/odata/sap/ZINFI_PLT_API_SRV/InfiMouldMstSet('C15580R13NEO000009')"", 'uri': ""https://s4api.sap.jktyre.in:44305/sap/opu/odata/sap/ZINFI_PLT_API_SRV/InfiMouldMstSet('C15580R13NEO000009')"", 'type': 'ZINFI_PLT_API_SRV.InfiMouldMst'}",C15580R13NEO000009,155/80R13 ULTIMA NEO_MSIL_HM09,1900,Chennai Tyre Plant,,,,ACTIVE,,
"{'id': ""https://s4api.sap.jktyre.in:44305/sap/opu/odata/sap/ZINFI_PLT_API_SRV/InfiMouldMstSet('C15580R13NEO000010')"", 'uri': ""https://s4api.sap.jktyre.in:44305/sap/opu/odata/sap/ZINFI_PLT_API_SRV/InfiMouldMstSet('C15580R13NEO000010')"", 'type': 'ZINFI_PLT_API_SRV.InfiMouldMst'}",C15580R13NEO000010,155/80R13 ULTIMA NEO_MSIL_HM10,1900,Chennai Tyre Plant,,,,ACTIVE,,
"{'id': ""https://s4api.sap.jktyre.in:44305/sap/opu/odata/sap/ZINFI_PLT_API_SRV/InfiMouldMstSet('C15580R13NEO000012')"", 'uri': ""https://s4api.sap.jktyre.in:44305/sap/opu/odata/sap/ZINFI_PLT_API_SRV/InfiMouldMstSet('C15580R13NEO000012')"", 'type': 'ZINFI_PLT_API_SRV.InfiMouldMst'}",C15580R13NEO000012,155/80R13 ULTIMA NEO_MSIL_HM12,1900,Chennai Tyre Plant,,,,ACTIVE,,
"{'id': ""https://s4api.sap.jktyre.in:44305/sap/opu/odata/sap/ZINFI_PLT_API_SRV/InfiMouldMstSet('C15580R13NEO000013')"", 'uri': ""https://s4api.sap.jktyre.in:44305/sap/opu/odata/sap/ZINFI_PLT_API_SRV/InfiMouldMstSet('C15580R13NEO000013')"", 'type': 'ZINFI_PLT_API_SRV.InfiMouldMst'}",C15580R13NEO000013,155/80R13 ULTIMA NEO_MSIL_HM13,1900,Chennai Tyre Plant,,,,ACTIVE,,
"{'id': ""https://s4api.sap.jktyre.in:44305/sap/opu/odata/sap/ZINFI_PLT_API_SRV/InfiMouldMstSet('C15580R13NEO000014')"", 'uri': ""https://s4api.sap.jktyre.in:44305/sap/opu/odata/sap/ZINFI_PLT_API_SRV/InfiMouldMstSet('C15580R13NEO000014')"", 'type': 'ZINFI_PLT_API_SRV.InfiMouldMst'}",C15580R13NEO000014,155/80R13 ULTIMA NEO_MSIL_HM14,1900,Chennai Tyre Plant,,,,ACTIVE,,
"{'id': ""https://s4api.sap.jktyre.in:44305/sap/opu/odata/sap/ZINFI_PLT_API_SRV/InfiMouldMstSet('C15580R13NEO000015')"", 'uri': ""https://s4api.sap.jktyre.in:44305/sap/opu/odata/sap/ZINFI_PLT_API_SRV/InfiMouldMstSet('C15580R13NEO000015')"", 'type': 'ZINFI_PLT_API_SRV.InfiMouldMst'}",C15580R13NEO000015,155/80R13 ULTIMA NEO_MSIL_HM15,1900,Chennai Tyre Plant,,,,ACTIVE,,
"{'id': ""https://s4api.sap.jktyre.in:44305/sap/opu/odata/sap/ZINFI_PLT_API_SRV/InfiMouldMstSet('C15580R13NEO000016')"", 'uri': ""https://s4api.sap.jktyre.in:44305/sap/opu/odata/sap/ZINFI_PLT_API_SRV/InfiMouldMstSet('C15580R13NEO000016')"", 'type': 'ZINFI_PLT_API_SRV.InfiMouldMst'}",C15580R13NEO000016,155/80R13 ULTIMA NEO_MSIL_HM16,1900,Chennai Tyre Plant,,,,ACTIVE,,
"{'id': ""https://s4api.sap.jktyre.in:44305/sap/opu/odata/sap/ZINFI_PLT_API_SRV/InfiMouldMstSet('C15580R13NEO000018')"", 'uri': ""https://s4api.sap.jktyre.in:44305/sap/opu/odata/sap/ZINFI_PLT_API_SRV/InfiMouldMstSet('C15580R13NEO000018')"", 'type': 'ZINFI_PLT_API_SRV.InfiMouldMst'}",C15580R13NEO000018,155/80R13 ULTIMA NEO_MSIL_HM18,1900,Chennai Tyre Plant,,,,ACTIVE,,
"{'id': ""https://s4api.sap.jktyre.in:44305/sap/opu/odata/sap/ZINFI_PLT_API_SRV/InfiMouldMstSet('C15580R13NEO000021')"", 'uri': ""https://s4api.sap.jktyre.in:44305/sap/opu/odata/sap/ZINFI_PLT_API_SRV/InfiMouldMstSet('C15580R13NEO000021')"", 'type': 'ZINFI_PLT_API_SRV.InfiMouldMst'}",C15580R13NEO000021,155/80R13 ULTIMA NEO_MSIL_HM21,1900,Chennai Tyre Plant,,,,ACTIVE,,
"{'id': ""https://s4api.sap.jktyre.in:44305/sap/opu/odata/sap/ZINFI_PLT_API_SRV/InfiMouldMstSet('C15580R13NEO000022')"", 'uri': ""https://s4api.sap.jktyre.in:44305/sap/opu/odata/sap/ZINFI_PLT_API_SRV/InfiMouldMstSet('C15580R13NEO000022')"", 'type': 'ZINFI_PLT_API_SRV.InfiMouldMst'}",C15580R13NEO000022,155/80R13 ULTIMA NEO_MSIL_HM22,1900,Chennai Tyre Plant,,,,ACTIVE,,
"{'id': ""https://s4api.sap.jktyre.in:44305/sap/opu/odata/sap/ZINFI_PLT_API_SRV/InfiMouldMstSet('C15580R13NEO000023')"", 'uri': ""https://s4api.sap.jktyre.in:44305/sap/opu/odata/sap/ZINFI_PLT_API_SRV/InfiMouldMstSet('C15580R13NEO000023')"", 'type': 'ZINFI_PLT_API_SRV.InfiMouldMst'}",C15580R13NEO000023,155/80R13 ULTIMA NEO_MSIL_HM23,1900,Chennai Tyre Plant,,,,ACTIVE,,
"{'id': ""https://s4api.sap.jktyre.in:44305/sap/opu/odata/sap/ZINFI_PLT_API_SRV/InfiMouldMstSet('C15580R13NEO000025')"", 'uri': ""https://s4api.sap.jktyre.in:44305/sap/opu/odata/sap/ZINFI_PLT_API_SRV/InfiMouldMstSet('C15580R13NEO000025')"", 'type': 'ZINFI_PLT_API_SRV.InfiMouldMst'}",C15580R13NEO000025,155/80R13 ULTIMA NEO_MSIL_HM25,1900,Chennai Tyre Plant,,,,ACTIVE,,
"{'id': ""https://s4api.sap.jktyre.in:44305/sap/opu/odata/sap/ZINFI_PLT_API_SRV/InfiMouldMstSet('C15580R13NEO000026')"", 'uri': ""https://s4api.sap.jktyre.in:44305/sap/opu/odata/sap/ZINFI_PLT_API_SRV/InfiMouldMstSet('C15580R13NEO000026')"", 'type': 'ZINFI_PLT_API_SRV.InfiMouldMst'}",C15580R13NEO000026,155/80R13 ULTIMA NEO_MSIL_HM26,1900,Chennai Tyre Plant,,,,ACTIVE,,
"{'id': ""https://s4api.sap.jktyre.in:44305/sap/opu/odata/sap/ZINFI_PLT_API_SRV/InfiMouldMstSet('C15580R13TLGC01')"", 'uri': ""https://s4api.sap.jktyre.in:44305/sap/opu/odata/sap/ZINFI_PLT_API_SRV/InfiMouldMstSet('C15580R13TLGC01')"", 'type': 'ZINFI_PLT_API_SRV.InfiMouldMst'}",C15580R13TLGC01,155/80R13 ULTIMA NEO TL_ GC-01,1900,Chennai Tyre Plant,,,,ACTIVE,,
"{'id': ""https://s4api.sap.jktyre.in:44305/sap/opu/odata/sap/ZINFI_PLT_API_SRV/InfiMouldMstSet('C15580R13TLGC02')"", 'uri': ""https://s4api.sap.jktyre.in:44305/sap/opu/odata/sap/ZINFI_PLT_API_SRV/InfiMouldMstSet('C15580R13TLGC02')"", 'type': 'ZINFI_PLT_API_SRV.InfiMouldMst'}",C15580R13TLGC02,155/80R13 ULTIMA NEO TL_ GC-02,1900,Chennai Tyre Plant,,,,ACTIVE,,
"{'id': ""https://s4api.sap.jktyre.in:44305/sap/opu/odata/sap/ZINFI_PLT_API_SRV/InfiMouldMstSet('C15580R13TLGC03')"", 'uri': ""https://s4api.sap.jktyre.in:44305/sap/opu/odata/sap/ZINFI_PLT_API_SRV/InfiMouldMstSet('C15580R13TLGC03')"", 'type': 'ZINFI_PLT_API_SRV.InfiMouldMst'}",C15580R13TLGC03,155/80R13 ULTIMA NEO TL_ GC-03,1900,Chennai Tyre Plant,,,,ACTIVE,,
"{'id': ""https://s4api.sap.jktyre.in:44305/sap/opu/odata/sap/ZINFI_PLT_API_SRV/InfiMouldMstSet('C15580R13TLGC04')"", 'uri': ""https://s4api.sap.jktyre.in:44305/sap/opu/odata/sap/ZINFI_PLT_API_SRV/InfiMouldMstSet('C15580R13TLGC04')"", 'type': 'ZINFI_PLT_API_SRV.InfiMouldMst'}",C15580R13TLGC04,155/80R13 ULTIMA NEO TL_ GC-04,1900,Chennai Tyre Plant,,,,ACTIVE,,
"{'id': ""https://s4api.sap.jktyre.in:44305/sap/opu/odata/sap/ZINFI_PLT_API_SRV/InfiMouldMstSet('C15580R13TLGC05')"", 'uri': ""https://s4api.sap.jktyre.in:44305/sap/opu/odata/sap/ZINFI_PLT_API_SRV/InfiMouldMstSet('C15580R13TLGC05')"", 'type': 'ZINFI_PLT_API_SRV.InfiMouldMst'}",C15580R13TLGC05,155/80R13 ULTIMA NEO TL_ GC-05,1900,Chennai Tyre Plant,,,,ACTIVE,,
"{'id': ""https://s4api.sap.jktyre.in:44305/sap/opu/odata/sap/ZINFI_PLT_API_SRV/InfiMouldMstSet('C15580R13TLGC06')"", 'uri': ""https://s4api.sap.jktyre.in:44305/sap/opu/odata/sap/ZINFI_PLT_API_SRV/InfiMouldMstSet('C15580R13TLGC06')"", 'type': 'ZINFI_PLT_API_SRV.InfiMouldMst'}",C15580R13TLGC06,155/80R13 ULTIMA NEO TL_ GC-06,1900,Chennai Tyre Plant,,,,ACTIVE,,
"{'id': ""https://s4api.sap.jktyre.in:44305/sap/opu/odata/sap/ZINFI_PLT_API_SRV/InfiMouldMstSet('C15580R13TLGC07')"", 'uri': ""https://s4api.sap.jktyre.in:44305/sap/opu/odata/sap/ZINFI_PLT_API_SRV/InfiMouldMstSet('C15580R13TLGC07')"", 'type': 'ZINFI_PLT_API_SRV.InfiMouldMst'}",C15580R13TLGC07,155/80R13 ULTIMA NEO TL_ GC-07,1900,Chennai Tyre Plant,,,,ACTIVE,,
"{'id': ""https://s4api.sap.jktyre.in:44305/sap/opu/odata/sap/ZINFI_PLT_API_SRV/InfiMouldMstSet('C15580R13TLGC08')"", 'uri': ""https://s4api.sap.jktyre.in:44305/sap/opu/odata/sap/ZINFI_PLT_API_SRV/InfiMouldMstSet('C15580R13TLGC08')"", 'type': 'ZINFI_PLT_API_SRV.InfiMouldMst'}",C15580R13TLGC08,155/80R13 ULTIMA NEO TL_ GC-08,1900,Chennai Tyre Plant,,,,ACTIVE,,
"{'id': ""https://s4api.sap.jktyre.in:44305/sap/opu/odata/sap/ZINFI_PLT_API_SRV/InfiMouldMstSet('C15580R13TLGC09')"", 'uri': ""https://s4api.sap.jktyre.in:44305/sap/opu/odata/sap/ZINFI_PLT_API_SRV/InfiMouldMstSet('C15580R13TLGC09')"", 'type': 'ZINFI_PLT_API_SRV.InfiMouldMst'}",C15580R13TLGC09,155/80R13 ULTIMA NEO TL_ GC-09,1900,Chennai Tyre Plant,,,,ACTIVE,,
"{'id': ""https://s4api.sap.jktyre.in:44305/sap/opu/odata/sap/ZINFI_PLT_API_SRV/InfiMouldMstSet('C15580R13TLGC10')"", 'uri': ""https://s4api.sap.jktyre.in:44305/sap/opu/odata/sap/ZINFI_PLT_API_SRV/InfiMouldMstSet('C15580R13TLGC10')"", 'type': 'ZINFI_PLT_API_SRV.InfiMouldMst'}",C15580R13TLGC10,155/80R13 ULTIMA NEO TL_ GC-10,1900,Chennai Tyre Plant,,,,ACTIVE,,
"{'id': ""https://s4api.sap.jktyre.in:44305/sap/opu/odata/sap/ZINFI_PLT_API_SRV/InfiMouldMstSet('C15580R13ULNTLGC01')"", 'uri': ""https://s4api.sap.jktyre.in:44305/sap/opu/odata/sap/ZINFI_PLT_API_SRV/InfiMouldMstSet('C15580R13ULNTLGC01')"", 'type': 'ZINFI_PLT_API_SRV.InfiMouldMst'}",C15580R13ULNTLGC01,155/80R13 ULT NEO TL_GC01,1900,Chennai Tyre Plant,,,,ACTIVE,,
"{'id': ""https://s4api.sap.jktyre.in:44305/sap/opu/odata/sap/ZINFI_PLT_API_SRV/InfiMouldMstSet('C15580R13ULNTLGC02')"", 'uri': ""https://s4api.sap.jktyre.in:44305/sap/opu/odata/sap/ZINFI_PLT_API_SRV/InfiMouldMstSet('C15580R13ULNTLGC02')"", 'type': 'ZINFI_PLT_API_SRV.InfiMouldMst'}",C15580R13ULNTLGC02,155/80R13 ULT NEO TL_GC02,1900,Chennai Tyre Plant,,,,ACTIVE,,
"{'id': ""https://s4api.sap.jktyre.in:44305/sap/opu/odata/sap/ZINFI_PLT_API_SRV/InfiMouldMstSet('C15580R13ULNTLGC03')"", 'uri': ""https://s4api.sap.jktyre.in:44305/sap/opu/odata/sap/ZINFI_PLT_API_SRV/InfiMouldMstSet('C15580R13ULNTLGC03')"", 'type': 'ZINFI_PLT_API_SRV.InfiMouldMst'}",C15580R13ULNTLGC03,155/80R13 ULT NEO TL_GC03,1900,Chennai Tyre Plant,,,,ACTIVE,,
"{'id': ""https://s4api.sap.jktyre.in:44305/sap/opu/odata/sap/ZINFI_PLT_API_SRV/InfiMouldMstSet('C15580R13ULNTLGC04')"", 'uri': ""https://s4api.sap.jktyre.in:44305/sap/opu/odata/sap/ZINFI_PLT_API_SRV/InfiMouldMstSet('C15580R13ULNTLGC04')"", 'type': 'ZINFI_PLT_API_SRV.InfiMouldMst'}",C15580R13ULNTLGC04,155/80R13 ULT NEO TL_GC04,1900,Chennai Tyre Plant,,,,ACTIVE,,
"{'id': ""https://s4api.sap.jktyre.in:44305/sap/opu/odata/sap/ZINFI_PLT_API_SRV/InfiMouldMstSet('C15580R13ULNTLGC05')"", 'uri': ""https://s4api.sap.jktyre.in:44305/sap/opu/odata/sap/ZINFI_PLT_API_SRV/InfiMouldMstSet('C15580R13ULNTLGC05')"", 'type': 'ZINFI_PLT_API_SRV.InfiMouldMst'}",C15580R13ULNTLGC05,155/80R13 ULT NEO TL_GC05,1900,Chennai Tyre Plant,,,,ACTIVE,,
"{'id': ""https://s4api.sap.jktyre.in:44305/sap/opu/odata/sap/ZINFI_PLT_API_SRV/InfiMouldMstSet('C15580R13ULNTLGC06')"", 'uri': ""https://s4api.sap.jktyre.in:44305/sap/opu/odata/sap/ZINFI_PLT_API_SRV/InfiMouldMstSet('C15580R13ULNTLGC06')"", 'type': 'ZINFI_PLT_API_SRV.InfiMouldMst'}",C15580R13ULNTLGC06,155/80R13 ULT NEO TL_GC06,1900,Chennai Tyre Plant,,,,ACTIVE,,
"{'id': ""https://s4api.sap.jktyre.in:44305/sap/opu/odata/sap/ZINFI_PLT_API_SRV/InfiMouldMstSet('C15580R13ULNTLHM01')"", 'uri': ""https://s4api.sap.jktyre.in:44305/sap/opu/odata/sap/ZINFI_PLT_API_SRV/InfiMouldMstSet('C15580R13ULNTLHM01')"", 'type': 'ZINFI_PLT_API_SRV.InfiMouldMst'}",C15580R13ULNTLHM01,155/80R13 ULT NEO TL_HM01,1900,Chennai Tyre Plant,,,,ACTIVE,,
"{'id': ""https://s4api.sap.jktyre.in:44305/sap/opu/odata/sap/ZINFI_PLT_API_SRV/InfiMouldMstSet('C15580R13ULNTLHM02')"", 'uri': ""https://s4api.sap.jktyre.in:44305/sap/opu/odata/sap/ZINFI_PLT_API_SRV/InfiMouldMstSet('C15580R13ULNTLHM02')"", 'type': 'ZINFI_PLT_API_SRV.InfiMouldMst'}",C15580R13ULNTLHM02,155/80R13 ULT NEO TL_HM02,1900,Chennai Tyre Plant,,,,ACTIVE,,
"{'id': ""https://s4api.sap.jktyre.in:44305/sap/opu/odata/sap/ZINFI_PLT_API_SRV/InfiMouldMstSet('C15580R13ULNTLHM03')"", 'uri': ""https://s4api.sap.jktyre.in:44305/sap/opu/odata/sap/ZINFI_PLT_API_SRV/InfiMouldMstSet('C15580R13ULNTLHM03')"", 'type': 'ZINFI_PLT_API_SRV.InfiMouldMst'}",C15580R13ULNTLHM03,155/80R13 ULT NEO TL_HM03,1900,Chennai Tyre Plant,,,,ACTIVE,,
"{'id': ""https://s4api.sap.jktyre.in:44305/sap/opu/odata/sap/ZINFI_PLT_API_SRV/InfiMouldMstSet('C15580R13ULNTLHM04')"", 'uri': ""https://s4api.sap.jktyre.in:44305/sap/opu/odata/sap/ZINFI_PLT_API_SRV/InfiMouldMstSet('C15580R13ULNTLHM04')"", 'type': 'ZINFI_PLT_API_SRV.InfiMouldMst'}",C15580R13ULNTLHM04,155/80R13 ULT NEO TL_HM04,1900,Chennai Tyre Plant,,,,ACTIVE,,
"{'id': ""https://s4api.sap.jktyre.in:44305/sap/opu/odata/sap/ZINFI_PLT_API_SRV/InfiMouldMstSet('C15580R13ULNTLHM05')"", 'uri': ""https://s4api.sap.jktyre.in:44305/sap/opu/odata/sap/ZINFI_PLT_API_SRV/InfiMouldMstSet('C15580R13ULNTLHM05')"", 'type': 'ZINFI_PLT_API_SRV.InfiMouldMst'}",C15580R13ULNTLHM05,155/80R13 ULT NEO TL_HM05,1900,Chennai Tyre Plant,,,,ACTIVE,,
"{'id': ""https://s4api.sap.jktyre.in:44305/sap/opu/odata/sap/ZINFI_PLT_API_SRV/InfiMouldMstSet('C15580R13ULNTLHM06')"", 'uri': ""https://s4api.sap.jktyre.in:44305/sap/opu/odata/sap/ZINFI_PLT_API_SRV/InfiMouldMstSet('C15580R13ULNTLHM06')"", 'type': 'ZINFI_PLT_API_SRV.InfiMouldMst'}",C15580R13ULNTLHM06,155/80R13 ULT NEO TL_HM06,1900,Chennai Tyre Plant,,,,ACTIVE,,
"{'id': ""https://s4api.sap.jktyre.in:44305/sap/opu/odata/sap/ZINFI_PLT_API_SRV/InfiMouldMstSet('C15580R13ULNTLHM07')"", 'uri': ""https://s4api.sap.jktyre.in:44305/sap/opu/odata/sap/ZINFI_PLT_API_SRV/InfiMouldMstSet('C15580R13ULNTLHM07')"", 'type': 'ZINFI_PLT_API_SRV.InfiMouldMst'}",C15580R13ULNTLHM07,155/80R13 ULT NEO TL_HM07,1900,Chennai Tyre Plant,,,,ACTIVE,,
"{'id': ""https://s4api.sap.jktyre.in:44305/sap/opu/odata/sap/ZINFI_PLT_API_SRV/InfiMouldMstSet('C15580R13ULNTLHM08')"", 'uri': ""https://s4api.sap.jktyre.in:44305/sap/opu/odata/sap/ZINFI_PLT_API_SRV/InfiMouldMstSet('C15580R13ULNTLHM08')"", 'type': 'ZINFI_PLT_API_SRV.InfiMouldMst'}",C15580R13ULNTLHM08,155/80R13 ULT NEO TL_HM08,1900,Chennai Tyre Plant,,,,ACTIVE,,
"{'id': ""https://s4api.sap.jktyre.in:44305/sap/opu/odata/sap/ZINFI_PLT_API_SRV/InfiMouldMstSet('C15580R13ULNTLHM09')"", 'uri': ""https://s4api.sap.jktyre.in:44305/sap/opu/odata/sap/ZINFI_PLT_API_SRV/InfiMouldMstSet('C15580R13ULNTLHM09')"", 'type': 'ZINFI_PLT_API_SRV.InfiMouldMst'}",C15580R13ULNTLHM09,155/80R13 ULT NEO TL_HM09,1900,Chennai Tyre Plant,,,,ACTIVE,,
"{'id': ""https://s4api.sap.jktyre.in:44305/sap/opu/odata/sap/ZINFI_PLT_API_SRV/InfiMouldMstSet('C15580R13ULNTLHM10')"", 'uri': ""https://s4api.sap.jktyre.in:44305/sap/opu/odata/sap/ZINFI_PLT_API_SRV/InfiMouldMstSet('C15580R13ULNTLHM10')"", 'type': 'ZINFI_PLT_API_SRV.InfiMouldMst'}",C15580R13ULNTLHM10,155/80R13 ULT NEO TL_HM10,1900,Chennai Tyre Plant,,,,ACTIVE,,
"{'id': ""https://s4api.sap.jktyre.in:44305/sap/opu/odata/sap/ZINFI_PLT_API_SRV/InfiMouldMstSet('C15580R13ULNTLHM11')"", 'uri': ""https://s4api.sap.jktyre.in:44305/sap/opu/odata/sap/ZINFI_PLT_API_SRV/InfiMouldMstSet('C15580R13ULNTLHM11')"", 'type': 'ZINFI_PLT_API_SRV.InfiMouldMst'}",C15580R13ULNTLHM11,155/80R13 ULT NEO TL_HM11,1900,Chennai Tyre Plant,,,,ACTIVE,,
"{'id': ""https://s4api.sap.jktyre.in:44305/sap/opu/odata/sap/ZINFI_PLT_API_SRV/InfiMouldMstSet('C15580R13ULNTLHM12')"", 'uri': ""https://s4api.sap.jktyre.in:44305/sap/opu/odata/sap/ZINFI_PLT_API_SRV/InfiMouldMstSet('C15580R13ULNTLHM12')"", 'type': 'ZINFI_PLT_API_SRV.InfiMouldMst'}",C15580R13ULNTLHM12,155/80R13 ULT NEO TL_HM12,1900,Chennai Tyre Plant,,,,ACTIVE,,
"{'id': ""https://s4api.sap.jktyre.in:44305/sap/opu/odata/sap/ZINFI_PLT_API_SRV/InfiMouldMstSet('C15580R13ULNTLHM13')"", 'uri': ""https://s4api.sap.jktyre.in:44305/sap/opu/odata/sap/ZINFI_PLT_API_SRV/InfiMouldMstSet('C15580R13ULNTLHM13')"", 'type': 'ZINFI_PLT_API_SRV.InfiMouldMst'}",C15580R13ULNTLHM13,155/80R13 ULT NEO TL_HM13,1900,Chennai Tyre Plant,,,,ACTIVE,,
"{'id': ""https://s4api.sap.jktyre.in:44305/sap/opu/odata/sap/ZINFI_PLT_API_SRV/InfiMouldMstSet('C15580R13ULNTLHM14')"", 'uri': ""https://s4api.sap.jktyre.in:44305/sap/opu/odata/sap/ZINFI_PLT_API_SRV/InfiMouldMstSet('C15580R13ULNTLHM14')"", 'type': 'ZINFI_PLT_API_SRV.InfiMouldMst'}",C15580R13ULNTLHM14,155/80R13 ULT NEO TL_HM14,1900,Chennai Tyre Plant,,,,ACTIVE,,
"{'id': ""https://s4api.sap.jktyre.in:44305/sap/opu/odata/sap/ZINFI_PLT_API_SRV/InfiMouldMstSet('C15580R13ULNTLHM15')"", 'uri': ""https://s4api.sap.jktyre.in:44305/sap/opu/odata/sap/ZINFI_PLT_API_SRV/InfiMouldMstSet('C15580R13ULNTLHM15')"", 'type': 'ZINFI_PLT_API_SRV.InfiMouldMst'}",C15580R13ULNTLHM15,155/80R13 ULT NEO TL_HM15,1900,Chennai Tyre Plant,,,,ACTIVE,,
"{'id': ""https://s4api.sap.jktyre.in:44305/sap/opu/odata/sap/ZINFI_PLT_API_SRV/InfiMouldMstSet('C15580R13ULTLCHM01')"", 'uri': ""https://s4api.sap.jktyre.in:44305/sap/opu/odata/sap/ZINFI_PLT_API_SRV/InfiMouldMstSet('C15580R13ULTLCHM01')"", 'type': 'ZINFI_PLT_API_SRV.InfiMouldMst'}",C15580R13ULTLCHM01,155/80R13 ULT NEO TL_CHM01-DMD-4238-1,1900,Chennai Tyre Plant,,,,ACTIVE,,
"{'id': ""https://s4api.sap.jktyre.in:44305/sap/opu/odata/sap/ZINFI_PLT_API_SRV/InfiMouldMstSet('C15580R13ULTLCHM02')"", 'uri': ""https://s4api.sap.jktyre.in:44305/sap/opu/odata/sap/ZINFI_PLT_API_SRV/InfiMouldMstSet('C15580R13ULTLCHM02')"", 'type': 'ZINFI_PLT_API_SRV.InfiMouldMst'}",C15580R13ULTLCHM02,155/80R13 ULT NEO TL_CHM02-DMD-4238-1,1900,Chennai Tyre Plant,,,,ACTIVE,,
"{'id': ""https://s4api.sap.jktyre.in:44305/sap/opu/odata/sap/ZINFI_PLT_API_SRV/InfiMouldMstSet('C15580R13VECTLGR05')"", 'uri': ""https://s4api.sap.jktyre.in:44305/sap/opu/odata/sap/ZINFI_PLT_API_SRV/InfiMouldMstSet('C15580R13VECTLGR05')"", 'type': 'ZINFI_PLT_API_SRV.InfiMouldMst'}",C15580R13VECTLGR05,155/80R13 VECTRA TL_GR05,1900,Chennai Tyre Plant,,,,ACTIVE,,
"{'id': ""https://s4api.sap.jktyre.in:44305/sap/opu/odata/sap/ZINFI_PLT_API_SRV/InfiMouldMstSet('C15580R13VECTLMK04')"", 'uri': ""https://s4api.sap.jktyre.in:44305/sap/opu/odata/sap/ZINFI_PLT_API_SRV/InfiMouldMstSet('C15580R13VECTLMK04')"", 'type': 'ZINFI_PLT_API_SRV.InfiMouldMst'}",C15580R13VECTLMK04, 155/80R13 VECTRA TL  MK-04,1900,Chennai Tyre Plant,,,,ACTIVE,,
"{'id': ""https://s4api.sap.jktyre.in:44305/sap/opu/odata/sap/ZINFI_PLT_API_SRV/InfiMouldMstSet('C15580R13VECTLMK05')"", 'uri': ""https://s4api.sap.jktyre.in:44305/sap/opu/odata/sap/ZINFI_PLT_API_SRV/InfiMouldMstSet('C15580R13VECTLMK05')"", 'type': 'ZINFI_PLT_API_SRV.InfiMouldMst'}",C15580R13VECTLMK05,155/80R13 VECTRA TL_MK05,1900,Chennai Tyre Plant,,,,ACTIVE,,
"{'id': ""https://s4api.sap.jktyre.in:44305/sap/opu/odata/sap/ZINFI_PLT_API_SRV/InfiMouldMstSet('C155R13ULIXPC1GC01')"", 'uri': ""https://s4api.sap.jktyre.in:44305/sap/opu/odata/sap/ZINFI_PLT_API_SRV/InfiMouldMstSet('C155R13ULIXPC1GC01')"", 'type': 'ZINFI_PLT_API_SRV.InfiMouldMst'}",C155R13ULIXPC1GC01,155R13 ULTIMA XPC1 TL - GC01,1900,Chennai Tyre Plant,,,,ACTIVE,,
"{'id': ""https://s4api.sap.jktyre.in:44305/sap/opu/odata/sap/ZINFI_PLT_API_SRV/InfiMouldMstSet('C155R13ULIXPC1GC02')"", 'uri': ""https://s4api.sap.jktyre.in:44305/sap/opu/odata/sap/ZINFI_PLT_API_SRV/InfiMouldMstSet('C155R13ULIXPC1GC02')"", 'type': 'ZINFI_PLT_API_SRV.InfiMouldMst'}",C155R13ULIXPC1GC02,155R13 ULTIMA XPC1 TL - GC02,1900,Chennai Tyre Plant,,,,ACTIVE,,
"{'id': ""https://s4api.sap.jktyre.in:44305/sap/opu/odata/sap/ZINFI_PLT_API_SRV/InfiMouldMstSet('C155R13ULIXPC1GC03')"", 'uri': ""https://s4api.sap.jktyre.in:44305/sap/opu/odata/sap/ZINFI_PLT_API_SRV/InfiMouldMstSet('C155R13ULIXPC1GC03')"", 'type': 'ZINFI_PLT_API_SRV.InfiMouldMst'}",C155R13ULIXPC1GC03,155R13 ULTIMA XPC1 TL - GC03,1900,Chennai Tyre Plant,,,,ACTIVE,,
"{'id': ""https://s4api.sap.jktyre.in:44305/sap/opu/odata/sap/ZINFI_PLT_API_SRV/InfiMouldMstSet('C155R13ULIXPC1GC04')"", 'uri': ""https://s4api.sap.jktyre.in:44305/sap/opu/odata/sap/ZINFI_PLT_API_SRV/InfiMouldMstSet('C155R13ULIXPC1GC04')"", 'type': 'ZINFI_PLT_API_SRV.InfiMouldMst'}",C155R13ULIXPC1GC04,155R13 ULTIMA XPC1 TL - GC04,1900,Chennai Tyre Plant,,,,ACTIVE,,
"{'id': ""https://s4api.sap.jktyre.in:44305/sap/opu/odata/sap/ZINFI_PLT_API_SRV/InfiMouldMstSet('C155R13ULIXPC1GC05')"", 'uri': ""https://s4api.sap.jktyre.in:44305/sap/opu/odata/sap/ZINFI_PLT_API_SRV/InfiMouldMstSet('C155R13ULIXPC1GC05')"", 'type': 'ZINFI_PLT_API_SRV.InfiMouldMst'}",C155R13ULIXPC1GC05,155R13 ULTIMA XPC1 TL - GC05,1900,Chennai Tyre Plant,,,,ACTIVE,,
"{'id': ""https://s4api.sap.jktyre.in:44305/sap/opu/odata/sap/ZINFI_PLT_API_SRV/InfiMouldMstSet('C155R13ULIXPC1GC06')"", 'uri': ""https://s4api.sap.jktyre.in:44305/sap/opu/odata/sap/ZINFI_PLT_API_SRV/InfiMouldMstSet('C155R13ULIXPC1GC06')"", 'type': 'ZINFI_PLT_API_SRV.InfiMouldMst'}",C155R13ULIXPC1GC06,155R13 ULTIMA XPC1 TL - GC06,1900,Chennai Tyre Plant,,,,ACTIVE,,
"{'id': ""https://s4api.sap.jktyre.in:44305/sap/opu/odata/sap/ZINFI_PLT_API_SRV/InfiMouldMstSet('C155R13ULIXPC1GC07')"", 'uri': ""https://s4api.sap.jktyre.in:44305/sap/opu/odata/sap/ZINFI_PLT_API_SRV/InfiMouldMstSet('C155R13ULIXPC1GC07')"", 'type': 'ZINFI_PLT_API_SRV.InfiMouldMst'}",C155R13ULIXPC1GC07,155R13 ULTIMA XPC1 TL - GC07,1900,Chennai Tyre Plant,,,,ACTIVE,,
"{'id': ""https://s4api.sap.jktyre.in:44305/sap/opu/odata/sap/ZINFI_PLT_API_SRV/InfiMouldMstSet('C155R13ULIXPC1GC08')"", 'uri': ""https://s4api.sap.jktyre.in:44305/sap/opu/odata/sap/ZINFI_PLT_API_SRV/InfiMouldMstSet('C155R13ULIXPC1GC08')"", 'type': 'ZINFI_PLT_API_SRV.InfiMouldMst'}",C155R13ULIXPC1GC08,155R13 ULTIMA XPC1 TL - GC08,1900,Chennai Tyre Plant,,,,ACTIVE,,
"{'id': ""https://s4api.sap.jktyre.in:44305/sap/opu/odata/sap/ZINFI_PLT_API_SRV/InfiMouldMstSet('C155R13ULIXPC1GC09')"", 'uri': ""https://s4api.sap.jktyre.in:44305/sap/opu/odata/sap/ZINFI_PLT_API_SRV/InfiMouldMstSet('C155R13ULIXPC1GC09')"", 'type': 'ZINFI_PLT_API_SRV.InfiMouldMst'}",C155R13ULIXPC1GC09,155R13 ULTIMA XPC1 TL - GC09,1900,Chennai Tyre Plant,,,,ACTIVE,,
"{'id': ""https://s4api.sap.jktyre.in:44305/sap/opu/odata/sap/ZINFI_PLT_API_SRV/InfiMouldMstSet('C155R13ULIXPC1GC10')"", 'uri': ""https://s4api.sap.jktyre.in:44305/sap/opu/odata/sap/ZINFI_PLT_API_SRV/InfiMouldMstSet('C155R13ULIXPC1GC10')"", 'type': 'ZINFI_PLT_API_SRV.InfiMouldMst'}",C155R13ULIXPC1GC10,155R13 ULTIMA XPC1 TL - GC10,1900,Chennai Tyre Plant,,,,ACTIVE,,
"{'id': ""https://s4api.sap.jktyre.in:44305/sap/opu/odata/sap/ZINFI_PLT_API_SRV/InfiMouldMstSet('C155R13ULTXPC1HM04')"", 'uri': ""https://s4api.sap.jktyre.in:44305/sap/opu/odata/sap/ZINFI_PLT_API_SRV/InfiMouldMstSet('C155R13ULTXPC1HM04')"", 'type': 'ZINFI_PLT_API_SRV.InfiMouldMst'}",C155R13ULTXPC1HM04,C155R13 ULTIMA XPC1 TL HM04,1900,Chennai Tyre Plant,,,,ACTIVE,,
"{'id': ""https://s4api.sap.jktyre.in:44305/sap/opu/odata/sap/ZINFI_PLT_API_SRV/InfiMouldMstSet('C155R13ULTXPC1HM05')"", 'uri': ""https://s4api.sap.jktyre.in:44305/sap/opu/odata/sap/ZINFI_PLT_API_SRV/InfiMouldMstSet('C155R13ULTXPC1HM05')"", 'type': 'ZINFI_PLT_API_SRV.InfiMouldMst'}",C155R13ULTXPC1HM05,C155R13 ULTIMA XPC1 TL HM05,1900,Chennai Tyre Plant,,,,ACTIVE,,
"{'id': ""https://s4api.sap.jktyre.in:44305/sap/opu/odata/sap/ZINFI_PLT_API_SRV/InfiMouldMstSet('C155R13ULTXPC1HM06')"", 'uri': ""https://s4api.sap.jktyre.in:44305/sap/opu/odata/sap/ZINFI_PLT_API_SRV/InfiMouldMstSet('C155R13ULTXPC1HM06')"", 'type': 'ZINFI_PLT_API_SRV.InfiMouldMst'}",C155R13ULTXPC1HM06,C155R13 ULTIMA XPC1 TL HM06,1900,Chennai Tyre Plant,,,,ACTIVE,,
"{'id': ""https://s4api.sap.jktyre.in:44305/sap/opu/odata/sap/ZINFI_PLT_API_SRV/InfiMouldMstSet('C155R13ULTXPC1HM07')"", 'uri': ""https://s4api.sap.jktyre.in:44305/sap/opu/odata/sap/ZINFI_PLT_API_SRV/InfiMouldMstSet('C155R13ULTXPC1HM07')"", 'type': 'ZINFI_PLT_API_SRV.InfiMouldMst'}",C155R13ULTXPC1HM07,C155R13 ULTIMA XPC1 TL HM07,1900,Chennai Tyre Plant,,,,ACTIVE,,
"{'id': ""https://s4api.sap.jktyre.in:44305/sap/opu/odata/sap/ZINFI_PLT_API_SRV/InfiMouldMstSet('C155R13ULTXPC1HM08')"", 'uri': ""https://s4api.sap.jktyre.in:44305/sap/opu/odata/sap/ZINFI_PLT_API_SRV/InfiMouldMstSet('C155R13ULTXPC1HM08')"", 'type': 'ZINFI_PLT_API_SRV.InfiMouldMst'}",C155R13ULTXPC1HM08,C155R13 ULTIMA XPC1 TL HM08,1900,Chennai Tyre Plant,,,,ACTIVE,,
"{'id': ""https://s4api.sap.jktyre.in:44305/sap/opu/odata/sap/ZINFI_PLT_API_SRV/InfiMouldMstSet('C155R13ULTXPC1HM09')"", 'uri': ""https://s4api.sap.jktyre.in:44305/sap/opu/odata/sap/ZINFI_PLT_API_SRV/InfiMouldMstSet('C155R13ULTXPC1HM09')"", 'type': 'ZINFI_PLT_API_SRV.InfiMouldMst'}",C155R13ULTXPC1HM09,C155R13 ULTIMA XPC1 TL HM09,1900,Chennai Tyre Plant,,,,ACTIVE,,
"{'id': ""https://s4api.sap.jktyre.in:44305/sap/opu/odata/sap/ZINFI_PLT_API_SRV/InfiMouldMstSet('C155R13ULTXPC1HM10')"", 'uri': ""https://s4api.sap.jktyre.in:44305/sap/opu/odata/sap/ZINFI_PLT_API_SRV/InfiMouldMstSet('C155R13ULTXPC1HM10')"", 'type': 'ZINFI_PLT_API_SRV.InfiMouldMst'}",C155R13ULTXPC1HM10,C155R13 ULTIMA XPC1 TL HM10,1900,Chennai Tyre Plant,,,,ACTIVE,,
"{'id': ""https://s4api.sap.jktyre.in:44305/sap/opu/odata/sap/ZINFI_PLT_API_SRV/InfiMouldMstSet('C155R13ULTXPC1HM11')"", 'uri': ""https://s4api.sap.jktyre.in:44305/sap/opu/odata/sap/ZINFI_PLT_API_SRV/InfiMouldMstSet('C155R13ULTXPC1HM11')"", 'type': 'ZINFI_PLT_API_SRV.InfiMouldMst'}",C155R13ULTXPC1HM11,C155R13 ULTIMA XPC1 TL HM11,1900,Chennai Tyre Plant,,,,ACTIVE,,
"{'id': ""https://s4api.sap.jktyre.in:44305/sap/opu/odata/sap/ZINFI_PLT_API_SRV/InfiMouldMstSet('C155R13ULTXPC1HM12')"", 'uri': ""https://s4api.sap.jktyre.in:44305/sap/opu/odata/sap/ZINFI_PLT_API_SRV/InfiMouldMstSet('C155R13ULTXPC1HM12')"", 'type': 'ZINFI_PLT_API_SRV.InfiMouldMst'}",C155R13ULTXPC1HM12,C155R13 ULTIMA XPC1 TL HM12,1900,Chennai Tyre Plant,,,,ACTIVE,,
"{'id': ""https://s4api.sap.jktyre.in:44305/sap/opu/odata/sap/ZINFI_PLT_API_SRV/InfiMouldMstSet('C155R13ULTXPC1HM13')"", 'uri': ""https://s4api.sap.jktyre.in:44305/sap/opu/odata/sap/ZINFI_PLT_API_SRV/InfiMouldMstSet('C155R13ULTXPC1HM13')"", 'type': 'ZINFI_PLT_API_SRV.InfiMouldMst'}",C155R13ULTXPC1HM13,C155R13 ULTIMA XPC1 TL HM13,1900,Chennai Tyre Plant,,,,ACTIVE,,
"{'id': ""https://s4api.sap.jktyre.in:44305/sap/opu/odata/sap/ZINFI_PLT_API_SRV/InfiMouldMstSet('C155R13ULTXPC1HM14')"", 'uri': ""https://s4api.sap.jktyre.in:44305/sap/opu/odata/sap/ZINFI_PLT_API_SRV/InfiMouldMstSet('C155R13ULTXPC1HM14')"", 'type': 'ZINFI_PLT_API_SRV.InfiMouldMst'}",C155R13ULTXPC1HM14,C155R13 ULTIMA XPC1 TL HM14,1900,Chennai Tyre Plant,,,,ACTIVE,,
"{'id': ""https://s4api.sap.jktyre.in:44305/sap/opu/odata/sap/ZINFI_PLT_API_SRV/InfiMouldMstSet('C155R13ULTXPC1HM15')"", 'uri': ""https://s4api.sap.jktyre.in:44305/sap/opu/odata/sap/ZINFI_PLT_API_SRV/InfiMouldMstSet('C155R13ULTXPC1HM15')"", 'type': 'ZINFI_PLT_API_SRV.InfiMouldMst'}",C155R13ULTXPC1HM15,C155R13 ULTIMA XPC1 TL HM15,1900,Chennai Tyre Plant,,,,ACTIVE,,
"{'id': ""https://s4api.sap.jktyre.in:44305/sap/opu/odata/sap/ZINFI_PLT_API_SRV/InfiMouldMstSet('C155R13ULTXPC1HM16')"", 'uri': ""https://s4api.sap.jktyre.in:44305/sap/opu/odata/sap/ZINFI_PLT_API_SRV/InfiMouldMstSet('C155R13ULTXPC1HM16')"", 'type': 'ZINFI_PLT_API_SRV.InfiMouldMst'}",C155R13ULTXPC1HM16,C155R13 ULTIMA XPC1 TL HM16,1900,Chennai Tyre Plant,,,,ACTIVE,,
"{'id': ""https://s4api.sap.jktyre.in:44305/sap/opu/odata/sap/ZINFI_PLT_API_SRV/InfiMouldMstSet('C155R13ULTXPC1HM17')"", 'uri': ""https://s4api.sap.jktyre.in:44305/sap/opu/odata/sap/ZINFI_PLT_API_SRV/InfiMouldMstSet('C155R13ULTXPC1HM17')"", 'type': 'ZINFI_PLT_API_SRV.InfiMouldMst'}",C155R13ULTXPC1HM17,C155R13 ULTIMA XPC1 TL HM17,1900,Chennai Tyre Plant,,,,ACTIVE,,
"{'id': ""https://s4api.sap.jktyre.in:44305/sap/opu/odata/sap/ZINFI_PLT_API_SRV/InfiMouldMstSet('C155R13ULTXPC1HM19')"", 'uri': ""https://s4api.sap.jktyre.in:44305/sap/opu/odata/sap/ZINFI_PLT_API_SRV/InfiMouldMstSet('C155R13ULTXPC1HM19')"", 'type': 'ZINFI_PLT_API_SRV.InfiMouldMst'}",C155R13ULTXPC1HM19,C155R13 ULTIMA XPC1 TL HM19,1900,Chennai Tyre Plant,,,,ACTIVE,,
"{'id': ""https://s4api.sap.jktyre.in:44305/sap/opu/odata/sap/ZINFI_PLT_API_SRV/InfiMouldMstSet('C155R13ULTXPC1HM21')"", 'uri': ""https://s4api.sap.jktyre.in:44305/sap/opu/odata/sap/ZINFI_PLT_API_SRV/InfiMouldMstSet('C155R13ULTXPC1HM21')"", 'type': 'ZINFI_PLT_API_SRV.InfiMouldMst'}",C155R13ULTXPC1HM21,C155R13 ULTIMA XPC1 TL HM21,1900,Chennai Tyre Plant,,,,ACTIVE,,
"{'id': ""https://s4api.sap.jktyre.in:44305/sap/opu/odata/sap/ZINFI_PLT_API_SRV/InfiMouldMstSet('C155R13ULTXPC1HM22')"", 'uri': ""https://s4api.sap.jktyre.in:44305/sap/opu/odata/sap/ZINFI_PLT_API_SRV/InfiMouldMstSet('C155R13ULTXPC1HM22')"", 'type': 'ZINFI_PLT_API_SRV.InfiMouldMst'}",C155R13ULTXPC1HM22,C155R13 ULTIMA XPC1 TL HM22,1900,Chennai Tyre Plant,,,,ACTIVE,,
"{'id': ""https://s4api.sap.jktyre.in:44305/sap/opu/odata/sap/ZINFI_PLT_API_SRV/InfiMouldMstSet('C155R13ULTXPC1HM23')"", 'uri': ""https://s4api.sap.jktyre.in:44305/sap/opu/odata/sap/ZINFI_PLT_API_SRV/InfiMouldMstSet('C155R13ULTXPC1HM23')"", 'type': 'ZINFI_PLT_API_SRV.InfiMouldMst'}",C155R13ULTXPC1HM23,C155R13 ULTIMA XPC1 TL HM23,1900,Chennai Tyre Plant,,,,ACTIVE,,
"{'id': ""https://s4api.sap.jktyre.in:44305/sap/opu/odata/sap/ZINFI_PLT_API_SRV/InfiMouldMstSet('C155R13ULTXPC1HM25')"", 'uri': ""https://s4api.sap.jktyre.in:44305/sap/opu/odata/sap/ZINFI_PLT_API_SRV/InfiMouldMstSet('C155R13ULTXPC1HM25')"", 'type': 'ZINFI_PLT_API_SRV.InfiMouldMst'}",C155R13ULTXPC1HM25,C155R13 ULTIMA XPC1 TL HM25,1900,Chennai Tyre Plant,,,,ACTIVE,,
"{'id': ""https://s4api.sap.jktyre.in:44305/sap/opu/odata/sap/ZINFI_PLT_API_SRV/InfiMouldMstSet('C155R13ULTXPC1HM26')"", 'uri': ""https://s4api.sap.jktyre.in:44305/sap/opu/odata/sap/ZINFI_PLT_API_SRV/InfiMouldMstSet('C155R13ULTXPC1HM26')"", 'type': 'ZINFI_PLT_API_SRV.InfiMouldMst'}",C155R13ULTXPC1HM26,C155R13 ULTIMA XPC1 TL HM26,1900,Chennai Tyre Plant,,,,ACTIVE,,
"{'id': ""https://s4api.sap.jktyre.in:44305/sap/opu/odata/sap/ZINFI_PLT_API_SRV/InfiMouldMstSet('C155R13ULTXPC1HM27')"", 'uri': ""https://s4api.sap.jktyre.in:44305/sap/opu/odata/sap/ZINFI_PLT_API_SRV/InfiMouldMstSet('C155R13ULTXPC1HM27')"", 'type': 'ZINFI_PLT_API_SRV.InfiMouldMst'}",C155R13ULTXPC1HM27,155R13 ULTIMA XPC1 TL - HM27,1900,Chennai Tyre Plant,,,,ACTIVE,,
"{'id': ""https://s4api.sap.jktyre.in:44305/sap/opu/odata/sap/ZINFI_PLT_API_SRV/InfiMouldMstSet('C155R13ULTXPC1HM28')"", 'uri': ""https://s4api.sap.jktyre.in:44305/sap/opu/odata/sap/ZINFI_PLT_API_SRV/InfiMouldMstSet('C155R13ULTXPC1HM28')"", 'type': 'ZINFI_PLT_API_SRV.InfiMouldMst'}",C155R13ULTXPC1HM28,C155R13 ULTIMA XPC1 TL HM28,1900,Chennai Tyre Plant,,,,ACTIVE,,
"{'id': ""https://s4api.sap.jktyre.in:44305/sap/opu/odata/sap/ZINFI_PLT_API_SRV/InfiMouldMstSet('C155R13ULTXPC1HM29')"", 'uri': ""https://s4api.sap.jktyre.in:44305/sap/opu/odata/sap/ZINFI_PLT_API_SRV/InfiMouldMstSet('C155R13ULTXPC1HM29')"", 'type': 'ZINFI_PLT_API_SRV.InfiMouldMst'}",C155R13ULTXPC1HM29,C155R13 ULTIMA XPC1 TL HM29,1900,Chennai Tyre Plant,,,,ACTIVE,,
"{'id': ""https://s4api.sap.jktyre.in:44305/sap/opu/odata/sap/ZINFI_PLT_API_SRV/InfiMouldMstSet('C155R13ULTXPC1HM30')"", 'uri': ""https://s4api.sap.jktyre.in:44305/sap/opu/odata/sap/ZINFI_PLT_API_SRV/InfiMouldMstSet('C155R13ULTXPC1HM30')"", 'type': 'ZINFI_PLT_API_SRV.InfiMouldMst'}",C155R13ULTXPC1HM30,155R13 ULTIMA XPC1 TL - HM30,1900,Chennai Tyre Plant,,,,ACTIVE,,
"{'id': ""https://s4api.sap.jktyre.in:44305/sap/opu/odata/sap/ZINFI_PLT_API_SRV/InfiMouldMstSet('C155R13ULTXPC1HM31')"", 'uri': ""https://s4api.sap.jktyre.in:44305/sap/opu/odata/sap/ZINFI_PLT_API_SRV/InfiMouldMstSet('C155R13ULTXPC1HM31')"", 'type': 'ZINFI_PLT_API_SRV.InfiMouldMst'}",C155R13ULTXPC1HM31,C155R13 ULTIMA XPC1 TL HM31,1900,Chennai Tyre Plant,,,,ACTIVE,,
"{'id': ""https://s4api.sap.jktyre.in:44305/sap/opu/odata/sap/ZINFI_PLT_API_SRV/InfiMouldMstSet('C155R13ULTXPC1HM32')"", 'uri': ""https://s4api.sap.jktyre.in:44305/sap/opu/odata/sap/ZINFI_PLT_API_SRV/InfiMouldMstSet('C155R13ULTXPC1HM32')"", 'type': 'ZINFI_PLT_API_SRV.InfiMouldMst'}",C155R13ULTXPC1HM32,155R13 ULTIMA XPC1 TL - HM32,1900,Chennai Tyre Plant,,,,ACTIVE,,
"{'id': ""https://s4api.sap.jktyre.in:44305/sap/opu/odata/sap/ZINFI_PLT_API_SRV/InfiMouldMstSet('C155R13ULTXPC1SM01')"", 'uri': ""https://s4api.sap.jktyre.in:44305/sap/opu/odata/sap/ZINFI_PLT_API_SRV/InfiMouldMstSet('C155R13ULTXPC1SM01')"", 'type': 'ZINFI_PLT_API_SRV.InfiMouldMst'}",C155R13ULTXPC1SM01,C155R13 ULTIMA XPC1 TL SM01,1900,Chennai Tyre Plant,,,,ACTIVE,,
"{'id': ""https://s4api.sap.jktyre.in:44305/sap/opu/odata/sap/ZINFI_PLT_API_SRV/InfiMouldMstSet('C155R13ULTXPC1SM02')"", 'uri': ""https://s4api.sap.jktyre.in:44305/sap/opu/odata/sap/ZINFI_PLT_API_SRV/InfiMouldMstSet('C155R13ULTXPC1SM02')"", 'type': 'ZINFI_PLT_API_SRV.InfiMouldMst'}",C155R13ULTXPC1SM02,C155R13 ULTIMA XPC1 TL SM02,1900,Chennai Tyre Plant,,,,ACTIVE,,
"{'id': ""https://s4api.sap.jktyre.in:44305/sap/opu/odata/sap/ZINFI_PLT_API_SRV/InfiMouldMstSet('C16565R13TORTLDC05')"", 'uri': ""https://s4api.sap.jktyre.in:44305/sap/opu/odata/sap/ZINFI_PLT_API_SRV/InfiMouldMstSet('C16565R13TORTLDC05')"", 'type': 'ZINFI_PLT_API_SRV.InfiMouldMst'}",C16565R13TORTLDC05,165/65R13 TORNADO TL_DC05,1900,Chennai Tyre Plant,,,,ACTIVE,,
"{'id': ""https://s4api.sap.jktyre.in:44305/sap/opu/odata/sap/ZINFI_PLT_API_SRV/InfiMouldMstSet('C16565R13TORTLDC07')"", 'uri': ""https://s4api.sap.jktyre.in:44305/sap/opu/odata/sap/ZINFI_PLT_API_SRV/InfiMouldMstSet('C16565R13TORTLDC07')"", 'type': 'ZINFI_PLT_API_SRV.InfiMouldMst'}",C16565R13TORTLDC07,165/65R13 TORNADO_DC07,1900,Chennai Tyre Plant,,,,ACTIVE,,
"{'id': ""https://s4api.sap.jktyre.in:44305/sap/opu/odata/sap/ZINFI_PLT_API_SRV/InfiMouldMstSet('C16565R13TORTLDC09')"", 'uri': ""https://s4api.sap.jktyre.in:44305/sap/opu/odata/sap/ZINFI_PLT_API_SRV/InfiMouldMstSet('C16565R13TORTLDC09')"", 'type': 'ZINFI_PLT_API_SRV.InfiMouldMst'}",C16565R13TORTLDC09,165/65R13 TORNADO_DC09,1900,Chennai Tyre Plant,,,,ACTIVE,,
"{'id': ""https://s4api.sap.jktyre.in:44305/sap/opu/odata/sap/ZINFI_PLT_API_SRV/InfiMouldMstSet('C16565R13TORTLGR02')"", 'uri': ""https://s4api.sap.jktyre.in:44305/sap/opu/odata/sap/ZINFI_PLT_API_SRV/InfiMouldMstSet('C16565R13TORTLGR02')"", 'type': 'ZINFI_PLT_API_SRV.InfiMouldMst'}",C16565R13TORTLGR02,165/65R13 TORNADO_GR02,1900,Chennai Tyre Plant,,,,ACTIVE,,
"{'id': ""https://s4api.sap.jktyre.in:44305/sap/opu/odata/sap/ZINFI_PLT_API_SRV/InfiMouldMstSet('C16565R13TORTLGR04')"", 'uri': ""https://s4api.sap.jktyre.in:44305/sap/opu/odata/sap/ZINFI_PLT_API_SRV/InfiMouldMstSet('C16565R13TORTLGR04')"", 'type': 'ZINFI_PLT_API_SRV.InfiMouldMst'}",C16565R13TORTLGR04,165/65R13 TORNADO _GR04,1900,Chennai Tyre Plant,,,,ACTIVE,,
"{'id': ""https://s4api.sap.jktyre.in:44305/sap/opu/odata/sap/ZINFI_PLT_API_SRV/InfiMouldMstSet('C16565R13TORTLGR05')"", 'uri': ""https://s4api.sap.jktyre.in:44305/sap/opu/odata/sap/ZINFI_PLT_API_SRV/InfiMouldMstSet('C16565R13TORTLGR05')"", 'type': 'ZINFI_PLT_API_SRV.InfiMouldMst'}",C16565R13TORTLGR05,165/65R13 TORNADO_GR05,1900,Chennai Tyre Plant,,,,ACTIVE,,
"{'id': ""https://s4api.sap.jktyre.in:44305/sap/opu/odata/sap/ZINFI_PLT_API_SRV/InfiMouldMstSet('C16565R13TORTLGR06')"", 'uri': ""https://s4api.sap.jktyre.in:44305/sap/opu/odata/sap/ZINFI_PLT_API_SRV/InfiMouldMstSet('C16565R13TORTLGR06')"", 'type': 'ZINFI_PLT_API_SRV.InfiMouldMst'}",C16565R13TORTLGR06,165/65R13 TORNADO_GR06,1900,Chennai Tyre Plant,,,,ACTIVE,,
"{'id': ""https://s4api.sap.jktyre.in:44305/sap/opu/odata/sap/ZINFI_PLT_API_SRV/InfiMouldMstSet('C16565R14ELZTOHM01')"", 'uri': ""https://s4api.sap.jktyre.in:44305/sap/opu/odata/sap/ZINFI_PLT_API_SRV/InfiMouldMstSet('C16565R14ELZTOHM01')"", 'type': 'ZINFI_PLT_API_SRV.InfiMouldMst'}",C16565R14ELZTOHM01,165/65R14 UX TOURING_HM01,1900,Chennai Tyre Plant,,,,ACTIVE,,
"{'id': ""https://s4api.sap.jktyre.in:44305/sap/opu/odata/sap/ZINFI_PLT_API_SRV/InfiMouldMstSet('C16565R14ELZTOHM02')"", 'uri': ""https://s4api.sap.jktyre.in:44305/sap/opu/odata/sap/ZINFI_PLT_API_SRV/InfiMouldMstSet('C16565R14ELZTOHM02')"", 'type': 'ZINFI_PLT_API_SRV.InfiMouldMst'}",C16565R14ELZTOHM02,165/65R14 UX TOURING_HM02,1900,Chennai Tyre Plant,,,,ACTIVE,,
"{'id': ""https://s4api.sap.jktyre.in:44305/sap/opu/odata/sap/ZINFI_PLT_API_SRV/InfiMouldMstSet('C16565R14SPTTLMK01')"", 'uri': ""https://s4api.sap.jktyre.in:44305/sap/opu/odata/sap/ZINFI_PLT_API_SRV/InfiMouldMstSet('C16565R14SPTTLMK01')"", 'type': 'ZINFI_PLT_API_SRV.InfiMouldMst'}",C16565R14SPTTLMK01,165/65R14 ULTIMA SPORTS TL_MK01,1900,Chennai Tyre Plant,,,,ACTIVE,,
"{'id': ""https://s4api.sap.jktyre.in:44305/sap/opu/odata/sap/ZINFI_PLT_API_SRV/InfiMouldMstSet('C16565R14SPTTLMK02')"", 'uri': ""https://s4api.sap.jktyre.in:44305/sap/opu/odata/sap/ZINFI_PLT_API_SRV/InfiMouldMstSet('C16565R14SPTTLMK02')"", 'type': 'ZINFI_PLT_API_SRV.InfiMouldMst'}",C16565R14SPTTLMK02,165/65R14 ULTIMA SPORTS TL_MK02,1900,Chennai Tyre Plant,,,,ACTIVE,,
"{'id': ""https://s4api.sap.jktyre.in:44305/sap/opu/odata/sap/ZINFI_PLT_API_SRV/InfiMouldMstSet('C16565R14TAXIMHM03')"", 'uri': ""https://s4api.sap.jktyre.in:44305/sap/opu/odata/sap/ZINFI_PLT_API_SRV/InfiMouldMstSet('C16565R14TAXIMHM03')"", 'type': 'ZINFI_PLT_API_SRV.InfiMouldMst'}",C16565R14TAXIMHM03,165/65R14 TAXI MAX TL _ HM03,1900,Chennai Tyre Plant,,,,ACTIVE,,
"{'id': ""https://s4api.sap.jktyre.in:44305/sap/opu/odata/sap/ZINFI_PLT_API_SRV/InfiMouldMstSet('C16565R14TAXIMHM04')"", 'uri': ""https://s4api.sap.jktyre.in:44305/sap/opu/odata/sap/ZINFI_PLT_API_SRV/InfiMouldMstSet('C16565R14TAXIMHM04')"", 'type': 'ZINFI_PLT_API_SRV.InfiMouldMst'}",C16565R14TAXIMHM04,165/65R14 TAXI MAX TL _ HM04,1900,Chennai Tyre Plant,,,,ACTIVE,,
"{'id': ""https://s4api.sap.jktyre.in:44305/sap/opu/odata/sap/ZINFI_PLT_API_SRV/InfiMouldMstSet('C16565R14TAXIMHM05')"", 'uri': ""https://s4api.sap.jktyre.in:44305/sap/opu/odata/sap/ZINFI_PLT_API_SRV/InfiMouldMstSet('C16565R14TAXIMHM05')"", 'type': 'ZINFI_PLT_API_SRV.InfiMouldMst'}",C16565R14TAXIMHM05,165/65R14 TAXI MAX TL _ HM-05,1900,Chennai Tyre Plant,,,,ACTIVE,,
"{'id': ""https://s4api.sap.jktyre.in:44305/sap/opu/odata/sap/ZINFI_PLT_API_SRV/InfiMouldMstSet('C16565R14TAXIMHM06')"", 'uri': ""https://s4api.sap.jktyre.in:44305/sap/opu/odata/sap/ZINFI_PLT_API_SRV/InfiMouldMstSet('C16565R14TAXIMHM06')"", 'type': 'ZINFI_PLT_API_SRV.InfiMouldMst'}",C16565R14TAXIMHM06,165/65R14 TAXI MAX TL _ HM-06,1900,Chennai Tyre Plant,,,,ACTIVE,,
"{'id': ""https://s4api.sap.jktyre.in:44305/sap/opu/odata/sap/ZINFI_PLT_API_SRV/InfiMouldMstSet('C16570R12UTSTLMK01')"", 'uri': ""https://s4api.sap.jktyre.in:44305/sap/opu/odata/sap/ZINFI_PLT_API_SRV/InfiMouldMstSet('C16570R12UTSTLMK01')"", 'type': 'ZINFI_PLT_API_SRV.InfiMouldMst'}",C16570R12UTSTLMK01,165/70R12 ULTIMA SPORT TL _MK1,1900,Chennai Tyre Plant,,,,ACTIVE,,
"{'id': ""https://s4api.sap.jktyre.in:44305/sap/opu/odata/sap/ZINFI_PLT_API_SRV/InfiMouldMstSet('C16570R12UTSTLMK02')"", 'uri': ""https://s4api.sap.jktyre.in:44305/sap/opu/odata/sap/ZINFI_PLT_API_SRV/InfiMouldMstSet('C16570R12UTSTLMK02')"", 'type': 'ZINFI_PLT_API_SRV.InfiMouldMst'}",C16570R12UTSTLMK02,165/70R12 ULTIMA SPORT TL _MK2,1900,Chennai Tyre Plant,,,,ACTIVE,,
"{'id': ""https://s4api.sap.jktyre.in:44305/sap/opu/odata/sap/ZINFI_PLT_API_SRV/InfiMouldMstSet('C16570R12UTSTLNS01')"", 'uri': ""https://s4api.sap.jktyre.in:44305/sap/opu/odata/sap/ZINFI_PLT_API_SRV/InfiMouldMstSet('C16570R12UTSTLNS01')"", 'type': 'ZINFI_PLT_API_SRV.InfiMouldMst'}",C16570R12UTSTLNS01,165/70R12 ULTIMA SPORTS_NS01,1900,Chennai Tyre Plant,,,,ACTIVE,,
"{'id': ""https://s4api.sap.jktyre.in:44305/sap/opu/odata/sap/ZINFI_PLT_API_SRV/InfiMouldMstSet('C16570R12UTSTLNS02')"", 'uri': ""https://s4api.sap.jktyre.in:44305/sap/opu/odata/sap/ZINFI_PLT_API_SRV/InfiMouldMstSet('C16570R12UTSTLNS02')"", 'type': 'ZINFI_PLT_API_SRV.InfiMouldMst'}",C16570R12UTSTLNS02,165/70R12 ULTIMA SPORTS_NS02,1900,Chennai Tyre Plant,,,,ACTIVE,,
"{'id': ""https://s4api.sap.jktyre.in:44305/sap/opu/odata/sap/ZINFI_PLT_API_SRV/InfiMouldMstSet('C16570R13NEOHM01')"", 'uri': ""https://s4api.sap.jktyre.in:44305/sap/opu/odata/sap/ZINFI_PLT_API_SRV/InfiMouldMstSet('C16570R13NEOHM01')"", 'type': 'ZINFI_PLT_API_SRV.InfiMouldMst'}",C16570R13NEOHM01,165/70R13 ULTIMA NEO_HM01,1900,Chennai Tyre Plant,,,,ACTIVE,,
"{'id': ""https://s4api.sap.jktyre.in:44305/sap/opu/odata/sap/ZINFI_PLT_API_SRV/InfiMouldMstSet('C16570R13NEOHM02')"", 'uri': ""https://s4api.sap.jktyre.in:44305/sap/opu/odata/sap/ZINFI_PLT_API_SRV/InfiMouldMstSet('C16570R13NEOHM02')"", 'type': 'ZINFI_PLT_API_SRV.InfiMouldMst'}",C16570R13NEOHM02,165/70R13 ULTIMA NEO_HM02,1900,Chennai Tyre Plant,,,,ACTIVE,,
"{'id': ""https://s4api.sap.jktyre.in:44305/sap/opu/odata/sap/ZINFI_PLT_API_SRV/InfiMouldMstSet('C1658014UXROLHMI01')"", 'uri': ""https://s4api.sap.jktyre.in:44305/sap/opu/odata/sap/ZINFI_PLT_API_SRV/InfiMouldMstSet('C1658014UXROLHMI01')"", 'type': 'ZINFI_PLT_API_SRV.InfiMouldMst'}",C1658014UXROLHMI01,165/80R14 UX ROYALE_HMI01,1900,Chennai Tyre Plant,,,,ACTIVE,,
"{'id': ""https://s4api.sap.jktyre.in:44305/sap/opu/odata/sap/ZINFI_PLT_API_SRV/InfiMouldMstSet('C1658014UXROLHMI02')"", 'uri': ""https://s4api.sap.jktyre.in:44305/sap/opu/odata/sap/ZINFI_PLT_API_SRV/InfiMouldMstSet('C1658014UXROLHMI02')"", 'type': 'ZINFI_PLT_API_SRV.InfiMouldMst'}",C1658014UXROLHMI02,165/80R14 UX ROYALE_HMI02,1900,Chennai Tyre Plant,,,,ACTIVE,,
"{'id': ""https://s4api.sap.jktyre.in:44305/sap/opu/odata/sap/ZINFI_PLT_API_SRV/InfiMouldMstSet('C16580R14ELZTGC03')"", 'uri': ""https://s4api.sap.jktyre.in:44305/sap/opu/odata/sap/ZINFI_PLT_API_SRV/InfiMouldMstSet('C16580R14ELZTGC03')"", 'type': 'ZINFI_PLT_API_SRV.InfiMouldMst'}",C16580R14ELZTGC03,165/80R14 UX TORUING_GC03,1900,Chennai Tyre Plant,,,,ACTIVE,,
"{'id': ""https://s4api.sap.jktyre.in:44305/sap/opu/odata/sap/ZINFI_PLT_API_SRV/InfiMouldMstSet('C16580R14ELZTGC04')"", 'uri': ""https://s4api.sap.jktyre.in:44305/sap/opu/odata/sap/ZINFI_PLT_API_SRV/InfiMouldMstSet('C16580R14ELZTGC04')"", 'type': 'ZINFI_PLT_API_SRV.InfiMouldMst'}",C16580R14ELZTGC04,165/80R14 UX TORUING_GC04,1900,Chennai Tyre Plant,,,,ACTIVE,,
"{'id': ""https://s4api.sap.jktyre.in:44305/sap/opu/odata/sap/ZINFI_PLT_API_SRV/InfiMouldMstSet('C16580R14SPTTLGC01')"", 'uri': ""https://s4api.sap.jktyre.in:44305/sap/opu/odata/sap/ZINFI_PLT_API_SRV/InfiMouldMstSet('C16580R14SPTTLGC01')"", 'type': 'ZINFI_PLT_API_SRV.InfiMouldMst'}",C16580R14SPTTLGC01,165/80R14 ULTIMA SPORTS TL_GC01,1900,Chennai Tyre Plant,,,,ACTIVE,,
"{'id': ""https://s4api.sap.jktyre.in:44305/sap/opu/odata/sap/ZINFI_PLT_API_SRV/InfiMouldMstSet('C16580R14SPTTLGC02')"", 'uri': ""https://s4api.sap.jktyre.in:44305/sap/opu/odata/sap/ZINFI_PLT_API_SRV/InfiMouldMstSet('C16580R14SPTTLGC02')"", 'type': 'ZINFI_PLT_API_SRV.InfiMouldMst'}",C16580R14SPTTLGC02,165/80R14 ULTIMA SPORTS TL_GC02,1900,Chennai Tyre Plant,,,,ACTIVE,,
"{'id': ""https://s4api.sap.jktyre.in:44305/sap/opu/odata/sap/ZINFI_PLT_API_SRV/InfiMouldMstSet('C16580R14SPTTLGC03')"", 'uri': ""https://s4api.sap.jktyre.in:44305/sap/opu/odata/sap/ZINFI_PLT_API_SRV/InfiMouldMstSet('C16580R14SPTTLGC03')"", 'type': 'ZINFI_PLT_API_SRV.InfiMouldMst'}",C16580R14SPTTLGC03,165/80R14 ULTIMA SPORTS TL_GC03,1900,Chennai Tyre Plant,,,,ACTIVE,,
"{'id': ""https://s4api.sap.jktyre.in:44305/sap/opu/odata/sap/ZINFI_PLT_API_SRV/InfiMouldMstSet('C16580R14SPTTLGC04')"", 'uri': ""https://s4api.sap.jktyre.in:44305/sap/opu/odata/sap/ZINFI_PLT_API_SRV/InfiMouldMstSet('C16580R14SPTTLGC04')"", 'type': 'ZINFI_PLT_API_SRV.InfiMouldMst'}",C16580R14SPTTLGC04,165/80R14 ULTIMA SPORTS TL_GC04,1900,Chennai Tyre Plant,,,,ACTIVE,,
"{'id': ""https://s4api.sap.jktyre.in:44305/sap/opu/odata/sap/ZINFI_PLT_API_SRV/InfiMouldMstSet('C16580R14SPTTLGC06')"", 'uri': ""https://s4api.sap.jktyre.in:44305/sap/opu/odata/sap/ZINFI_PLT_API_SRV/InfiMouldMstSet('C16580R14SPTTLGC06')"", 'type': 'ZINFI_PLT_API_SRV.InfiMouldMst'}",C16580R14SPTTLGC06,165/80R14 ULTIMA SPORTS TL_GC06,1900,Chennai Tyre Plant,,,,ACTIVE,,
"{'id': ""https://s4api.sap.jktyre.in:44305/sap/opu/odata/sap/ZINFI_PLT_API_SRV/InfiMouldMstSet('C16580R14SPTTLGC08')"", 'uri': ""https://s4api.sap.jktyre.in:44305/sap/opu/odata/sap/ZINFI_PLT_API_SRV/InfiMouldMstSet('C16580R14SPTTLGC08')"", 'type': 'ZINFI_PLT_API_SRV.InfiMouldMst'}",C16580R14SPTTLGC08,165/80R14 ULTIMA SPORTS TL_GC08,1900,Chennai Tyre Plant,,,,ACTIVE,,
"{'id': ""https://s4api.sap.jktyre.in:44305/sap/opu/odata/sap/ZINFI_PLT_API_SRV/InfiMouldMstSet('C16580R14TORTLGR01')"", 'uri': ""https://s4api.sap.jktyre.in:44305/sap/opu/odata/sap/ZINFI_PLT_API_SRV/InfiMouldMstSet('C16580R14TORTLGR01')"", 'type': 'ZINFI_PLT_API_SRV.InfiMouldMst'}",C16580R14TORTLGR01,165/80R14 TORNADO TL_GR01,1900,Chennai Tyre Plant,,,,ACTIVE,,
"{'id': ""https://s4api.sap.jktyre.in:44305/sap/opu/odata/sap/ZINFI_PLT_API_SRV/InfiMouldMstSet('C16580R14TORTLGR03')"", 'uri': ""https://s4api.sap.jktyre.in:44305/sap/opu/odata/sap/ZINFI_PLT_API_SRV/InfiMouldMstSet('C16580R14TORTLGR03')"", 'type': 'ZINFI_PLT_API_SRV.InfiMouldMst'}",C16580R14TORTLGR03,165/80R14 TORNADO TL_GR03,1900,Chennai Tyre Plant,,,,ACTIVE,,
"{'id': ""https://s4api.sap.jktyre.in:44305/sap/opu/odata/sap/ZINFI_PLT_API_SRV/InfiMouldMstSet('C16580R14TORTLGR04')"", 'uri': ""https://s4api.sap.jktyre.in:44305/sap/opu/odata/sap/ZINFI_PLT_API_SRV/InfiMouldMstSet('C16580R14TORTLGR04')"", 'type': 'ZINFI_PLT_API_SRV.InfiMouldMst'}",C16580R14TORTLGR04,165/80R14 TORNADO TL _GR04,1900,Chennai Tyre Plant,,,,ACTIVE,,
"{'id': ""https://s4api.sap.jktyre.in:44305/sap/opu/odata/sap/ZINFI_PLT_API_SRV/InfiMouldMstSet('C16580R14TORTLGR05')"", 'uri': ""https://s4api.sap.jktyre.in:44305/sap/opu/odata/sap/ZINFI_PLT_API_SRV/InfiMouldMstSet('C16580R14TORTLGR05')"", 'type': 'ZINFI_PLT_API_SRV.InfiMouldMst'}",C16580R14TORTLGR05,165/80R14 TORNADO TL _GR05,1900,Chennai Tyre Plant,,,,ACTIVE,,
"{'id': ""https://s4api.sap.jktyre.in:44305/sap/opu/odata/sap/ZINFI_PLT_API_SRV/InfiMouldMstSet('C16580R14TORTLGR07')"", 'uri': ""https://s4api.sap.jktyre.in:44305/sap/opu/odata/sap/ZINFI_PLT_API_SRV/InfiMouldMstSet('C16580R14TORTLGR07')"", 'type': 'ZINFI_PLT_API_SRV.InfiMouldMst'}",C16580R14TORTLGR07,165/80R14 TORNADO TL_GR07,1900,Chennai Tyre Plant,,,,ACTIVE,,
"{'id': ""https://s4api.sap.jktyre.in:44305/sap/opu/odata/sap/ZINFI_PLT_API_SRV/InfiMouldMstSet('C16580R14TORTLGR10')"", 'uri': ""https://s4api.sap.jktyre.in:44305/sap/opu/odata/sap/ZINFI_PLT_API_SRV/InfiMouldMstSet('C16580R14TORTLGR10')"", 'type': 'ZINFI_PLT_API_SRV.InfiMouldMst'}",C16580R14TORTLGR10,165/80R14 TORNADO TL_GR10,1900,Chennai Tyre Plant,,,,ACTIVE,,
"{'id': ""https://s4api.sap.jktyre.in:44305/sap/opu/odata/sap/ZINFI_PLT_API_SRV/InfiMouldMstSet('C16580R14TORTLGR11')"", 'uri': ""https://s4api.sap.jktyre.in:44305/sap/opu/odata/sap/ZINFI_PLT_API_SRV/InfiMouldMstSet('C16580R14TORTLGR11')"", 'type': 'ZINFI_PLT_API_SRV.InfiMouldMst'}",C16580R14TORTLGR11,165/80R14 TORNADO TL_GR11,1900,Chennai Tyre Plant,,,,ACTIVE,,
"{'id': ""https://s4api.sap.jktyre.in:44305/sap/opu/odata/sap/ZINFI_PLT_API_SRV/InfiMouldMstSet('C16580R14TORTLGR12')"", 'uri': ""https://s4api.sap.jktyre.in:44305/sap/opu/odata/sap/ZINFI_PLT_API_SRV/InfiMouldMstSet('C16580R14TORTLGR12')"", 'type': 'ZINFI_PLT_API_SRV.InfiMouldMst'}",C16580R14TORTLGR12,165/80R14 TORNADO TL_GR12,1900,Chennai Tyre Plant,,,,ACTIVE,,
"{'id': ""https://s4api.sap.jktyre.in:44305/sap/opu/odata/sap/ZINFI_PLT_API_SRV/InfiMouldMstSet('C16580R14TORTLGR13')"", 'uri': ""https://s4api.sap.jktyre.in:44305/sap/opu/odata/sap/ZINFI_PLT_API_SRV/InfiMouldMstSet('C16580R14TORTLGR13')"", 'type': 'ZINFI_PLT_API_SRV.InfiMouldMst'}",C16580R14TORTLGR13,165/80R14 TORNADO TL_GR13,1900,Chennai Tyre Plant,,,,ACTIVE,,
"{'id': ""https://s4api.sap.jktyre.in:44305/sap/opu/odata/sap/ZINFI_PLT_API_SRV/InfiMouldMstSet('C16580R14TORTLGR16')"", 'uri': ""https://s4api.sap.jktyre.in:44305/sap/opu/odata/sap/ZINFI_PLT_API_SRV/InfiMouldMstSet('C16580R14TORTLGR16')"", 'type': 'ZINFI_PLT_API_SRV.InfiMouldMst'}",C16580R14TORTLGR16,165/80R14 TORNADO TL_GR16,1900,Chennai Tyre Plant,,,,ACTIVE,,
"{'id': ""https://s4api.sap.jktyre.in:44305/sap/opu/odata/sap/ZINFI_PLT_API_SRV/InfiMouldMstSet('C16580R14TORTLGR18')"", 'uri': ""https://s4api.sap.jktyre.in:44305/sap/opu/odata/sap/ZINFI_PLT_API_SRV/InfiMouldMstSet('C16580R14TORTLGR18')"", 'type': 'ZINFI_PLT_API_SRV.InfiMouldMst'}",C16580R14TORTLGR18,165/80R14 TORNADO TL_GR18,1900,Chennai Tyre Plant,,,,ACTIVE,,
"{'id': ""https://s4api.sap.jktyre.in:44305/sap/opu/odata/sap/ZINFI_PLT_API_SRV/InfiMouldMstSet('C16580R14TORTLGR19')"", 'uri': ""https://s4api.sap.jktyre.in:44305/sap/opu/odata/sap/ZINFI_PLT_API_SRV/InfiMouldMstSet('C16580R14TORTLGR19')"", 'type': 'ZINFI_PLT_API_SRV.InfiMouldMst'}",C16580R14TORTLGR19,165/80R14 TORNADO TL_GR19,1900,Chennai Tyre Plant,,,,ACTIVE,,
"{'id': ""https://s4api.sap.jktyre.in:44305/sap/opu/odata/sap/ZINFI_PLT_API_SRV/InfiMouldMstSet('C16580R14TORTLGR20')"", 'uri': ""https://s4api.sap.jktyre.in:44305/sap/opu/odata/sap/ZINFI_PLT_API_SRV/InfiMouldMstSet('C16580R14TORTLGR20')"", 'type': 'ZINFI_PLT_API_SRV.InfiMouldMst'}",C16580R14TORTLGR20,165/80R14 TORNADO TL_GR20,1900,Chennai Tyre Plant,,,,ACTIVE,,
"{'id': ""https://s4api.sap.jktyre.in:44305/sap/opu/odata/sap/ZINFI_PLT_API_SRV/InfiMouldMstSet('C16580R14TORTLGR22')"", 'uri': ""https://s4api.sap.jktyre.in:44305/sap/opu/odata/sap/ZINFI_PLT_API_SRV/InfiMouldMstSet('C16580R14TORTLGR22')"", 'type': 'ZINFI_PLT_API_SRV.InfiMouldMst'}",C16580R14TORTLGR22,165/80R14 TORNADO TL_GR22,1900,Chennai Tyre Plant,,,,ACTIVE,,
"{'id': ""https://s4api.sap.jktyre.in:44305/sap/opu/odata/sap/ZINFI_PLT_API_SRV/InfiMouldMstSet('C16580R14TORTLGR23')"", 'uri': ""https://s4api.sap.jktyre.in:44305/sap/opu/odata/sap/ZINFI_PLT_API_SRV/InfiMouldMstSet('C16580R14TORTLGR23')"", 'type': 'ZINFI_PLT_API_SRV.InfiMouldMst'}",C16580R14TORTLGR23,165/80R14 TORNADO TL_GR23,1900,Chennai Tyre Plant,,,,ACTIVE,,
"{'id': ""https://s4api.sap.jktyre.in:44305/sap/opu/odata/sap/ZINFI_PLT_API_SRV/InfiMouldMstSet('C16580R14TORTLGR24')"", 'uri': ""https://s4api.sap.jktyre.in:44305/sap/opu/odata/sap/ZINFI_PLT_API_SRV/InfiMouldMstSet('C16580R14TORTLGR24')"", 'type': 'ZINFI_PLT_API_SRV.InfiMouldMst'}",C16580R14TORTLGR24,165/80R14 TORNADO TL_GR24,1900,Chennai Tyre Plant,,,,ACTIVE,,
"{'id': ""https://s4api.sap.jktyre.in:44305/sap/opu/odata/sap/ZINFI_PLT_API_SRV/InfiMouldMstSet('C16580R14TORTLGR25')"", 'uri': ""https://s4api.sap.jktyre.in:44305/sap/opu/odata/sap/ZINFI_PLT_API_SRV/InfiMouldMstSet('C16580R14TORTLGR25')"", 'type': 'ZINFI_PLT_API_SRV.InfiMouldMst'}",C16580R14TORTLGR25,165/80R14 TORNADO TL_GR25,1900,Chennai Tyre Plant,,,,ACTIVE,,
"{'id': ""https://s4api.sap.jktyre.in:44305/sap/opu/odata/sap/ZINFI_PLT_API_SRV/InfiMouldMstSet('C16580R14TORTLGR26')"", 'uri': ""https://s4api.sap.jktyre.in:44305/sap/opu/odata/sap/ZINFI_PLT_API_SRV/InfiMouldMstSet('C16580R14TORTLGR26')"", 'type': 'ZINFI_PLT_API_SRV.InfiMouldMst'}",C16580R14TORTLGR26,165/80R14 TORNADO TL_GR26,1900,Chennai Tyre Plant,,,,ACTIVE,,
"{'id': ""https://s4api.sap.jktyre.in:44305/sap/opu/odata/sap/ZINFI_PLT_API_SRV/InfiMouldMstSet('C16580R14TORTLGR27')"", 'uri': ""https://s4api.sap.jktyre.in:44305/sap/opu/odata/sap/ZINFI_PLT_API_SRV/InfiMouldMstSet('C16580R14TORTLGR27')"", 'type': 'ZINFI_PLT_API_SRV.InfiMouldMst'}",C16580R14TORTLGR27,165/80R14 TORNADO TL_GR27,1900,Chennai Tyre Plant,,,,ACTIVE,,
"{'id': ""https://s4api.sap.jktyre.in:44305/sap/opu/odata/sap/ZINFI_PLT_API_SRV/InfiMouldMstSet('C16580R14TORTLGR28')"", 'uri': ""https://s4api.sap.jktyre.in:44305/sap/opu/odata/sap/ZINFI_PLT_API_SRV/InfiMouldMstSet('C16580R14TORTLGR28')"", 'type': 'ZINFI_PLT_API_SRV.InfiMouldMst'}",C16580R14TORTLGR28,165/80R14 TORNADO TL_GR28,1900,Chennai Tyre Plant,,,,ACTIVE,,
"{'id': ""https://s4api.sap.jktyre.in:44305/sap/opu/odata/sap/ZINFI_PLT_API_SRV/InfiMouldMstSet('C16580R14TORTLGR29')"", 'uri': ""https://s4api.sap.jktyre.in:44305/sap/opu/odata/sap/ZINFI_PLT_API_SRV/InfiMouldMstSet('C16580R14TORTLGR29')"", 'type': 'ZINFI_PLT_API_SRV.InfiMouldMst'}",C16580R14TORTLGR29,165/80R14 TORNADO TL_GR29,1900,Chennai Tyre Plant,,,,ACTIVE,,
"{'id': ""https://s4api.sap.jktyre.in:44305/sap/opu/odata/sap/ZINFI_PLT_API_SRV/InfiMouldMstSet('C16580R14TORTLGR30')"", 'uri': ""https://s4api.sap.jktyre.in:44305/sap/opu/odata/sap/ZINFI_PLT_API_SRV/InfiMouldMstSet('C16580R14TORTLGR30')"", 'type': 'ZINFI_PLT_API_SRV.InfiMouldMst'}",C16580R14TORTLGR30,165/80R14 TORNADO TL_GR30,1900,Chennai Tyre Plant,,,,ACTIVE,,
"{'id': ""https://s4api.sap.jktyre.in:44305/sap/opu/odata/sap/ZINFI_PLT_API_SRV/InfiMouldMstSet('C16580R14TORTLMK04')"", 'uri': ""https://s4api.sap.jktyre.in:44305/sap/opu/odata/sap/ZINFI_PLT_API_SRV/InfiMouldMstSet('C16580R14TORTLMK04')"", 'type': 'ZINFI_PLT_API_SRV.InfiMouldMst'}",C16580R14TORTLMK04,165/80R14 TORNADO TL_MK04,1900,Chennai Tyre Plant,,,,ACTIVE,,
"{'id': ""https://s4api.sap.jktyre.in:44305/sap/opu/odata/sap/ZINFI_PLT_API_SRV/InfiMouldMstSet('C16580R14TORTLMK09')"", 'uri': ""https://s4api.sap.jktyre.in:44305/sap/opu/odata/sap/ZINFI_PLT_API_SRV/InfiMouldMstSet('C16580R14TORTLMK09')"", 'type': 'ZINFI_PLT_API_SRV.InfiMouldMst'}",C16580R14TORTLMK09,165/80R14 TORNADO TL_MK09,1900,Chennai Tyre Plant,,,,ACTIVE,,
"{'id': ""https://s4api.sap.jktyre.in:44305/sap/opu/odata/sap/ZINFI_PLT_API_SRV/InfiMouldMstSet('C16580R14TORTLMK11')"", 'uri': ""https://s4api.sap.jktyre.in:44305/sap/opu/odata/sap/ZINFI_PLT_API_SRV/InfiMouldMstSet('C16580R14TORTLMK11')"", 'type': 'ZINFI_PLT_API_SRV.InfiMouldMst'}",C16580R14TORTLMK11,165/80R14 TORNADO TL_MK11,1900,Chennai Tyre Plant,,,,ACTIVE,,
"{'id': ""https://s4api.sap.jktyre.in:44305/sap/opu/odata/sap/ZINFI_PLT_API_SRV/InfiMouldMstSet('C16580R14TORTLMK15')"", 'uri': ""https://s4api.sap.jktyre.in:44305/sap/opu/odata/sap/ZINFI_PLT_API_SRV/InfiMouldMstSet('C16580R14TORTLMK15')"", 'type': 'ZINFI_PLT_API_SRV.InfiMouldMst'}",C16580R14TORTLMK15,165/80R14 TORNADO TL_MK15,1900,Chennai Tyre Plant,,,,ACTIVE,,
"{'id': ""https://s4api.sap.jktyre.in:44305/sap/opu/odata/sap/ZINFI_PLT_API_SRV/InfiMouldMstSet('C16580R14TORTLMK23')"", 'uri': ""https://s4api.sap.jktyre.in:44305/sap/opu/odata/sap/ZINFI_PLT_API_SRV/InfiMouldMstSet('C16580R14TORTLMK23')"", 'type': 'ZINFI_PLT_API_SRV.InfiMouldMst'}",C16580R14TORTLMK23,165/80R14 TORNADO TL_MK23,1900,Chennai Tyre Plant,,,,ACTIVE,,
"{'id': ""https://s4api.sap.jktyre.in:44305/sap/opu/odata/sap/ZINFI_PLT_API_SRV/InfiMouldMstSet('C16580R14TORTLMK25')"", 'uri': ""https://s4api.sap.jktyre.in:44305/sap/opu/odata/sap/ZINFI_PLT_API_SRV/InfiMouldMstSet('C16580R14TORTLMK25')"", 'type': 'ZINFI_PLT_API_SRV.InfiMouldMst'}",C16580R14TORTLMK25,165/80R14 TORNADO TL_MK25,1900,Chennai Tyre Plant,,,,ACTIVE,,
"{'id': ""https://s4api.sap.jktyre.in:44305/sap/opu/odata/sap/ZINFI_PLT_API_SRV/InfiMouldMstSet('C16580R14TORTLMK26')"", 'uri': ""https://s4api.sap.jktyre.in:44305/sap/opu/odata/sap/ZINFI_PLT_API_SRV/InfiMouldMstSet('C16580R14TORTLMK26')"", 'type': 'ZINFI_PLT_API_SRV.InfiMouldMst'}",C16580R14TORTLMK26,165/80R14 TORNADO TL_MK26,1900,Chennai Tyre Plant,,,,ACTIVE,,
"{'id': ""https://s4api.sap.jktyre.in:44305/sap/opu/odata/sap/ZINFI_PLT_API_SRV/InfiMouldMstSet('C16580R14TORTLNS02')"", 'uri': ""https://s4api.sap.jktyre.in:44305/sap/opu/odata/sap/ZINFI_PLT_API_SRV/InfiMouldMstSet('C16580R14TORTLNS02')"", 'type': 'ZINFI_PLT_API_SRV.InfiMouldMst'}",C16580R14TORTLNS02,165/80R14 TORNADO TL_NS02,1900,Chennai Tyre Plant,,,,ACTIVE,,
"{'id': ""https://s4api.sap.jktyre.in:44305/sap/opu/odata/sap/ZINFI_PLT_API_SRV/InfiMouldMstSet('C16580R14TORTLNS03')"", 'uri': ""https://s4api.sap.jktyre.in:44305/sap/opu/odata/sap/ZINFI_PLT_API_SRV/InfiMouldMstSet('C16580R14TORTLNS03')"", 'type': 'ZINFI_PLT_API_SRV.InfiMouldMst'}",C16580R14TORTLNS03,165/80R14 TORNADO TL_NS03,1900,Chennai Tyre Plant,,,,ACTIVE,,
"{'id': ""https://s4api.sap.jktyre.in:44305/sap/opu/odata/sap/ZINFI_PLT_API_SRV/InfiMouldMstSet('C16580R14TORTLNS04')"", 'uri': ""https://s4api.sap.jktyre.in:44305/sap/opu/odata/sap/ZINFI_PLT_API_SRV/InfiMouldMstSet('C16580R14TORTLNS04')"", 'type': 'ZINFI_PLT_API_SRV.InfiMouldMst'}",C16580R14TORTLNS04,165/80R14 TORNADO TL_NS04,1900,Chennai Tyre Plant,,,,ACTIVE,,
"{'id': ""https://s4api.sap.jktyre.in:44305/sap/opu/odata/sap/ZINFI_PLT_API_SRV/InfiMouldMstSet('C16580R14TORTLNS06')"", 'uri': ""https://s4api.sap.jktyre.in:44305/sap/opu/odata/sap/ZINFI_PLT_API_SRV/InfiMouldMstSet('C16580R14TORTLNS06')"", 'type': 'ZINFI_PLT_API_SRV.InfiMouldMst'}",C16580R14TORTLNS06,165/80R14 TORNADO TL_NS06,1900,Chennai Tyre Plant,,,,ACTIVE,,
"{'id': ""https://s4api.sap.jktyre.in:44305/sap/opu/odata/sap/ZINFI_PLT_API_SRV/InfiMouldMstSet('C16580R14UXROHMI01')"", 'uri': ""https://s4api.sap.jktyre.in:44305/sap/opu/odata/sap/ZINFI_PLT_API_SRV/InfiMouldMstSet('C16580R14UXROHMI01')"", 'type': 'ZINFI_PLT_API_SRV.InfiMouldMst'}",C16580R14UXROHMI01,165/80R14 UX ROYALE_HMI01,1900,Chennai Tyre Plant,,,,ACTIVE,,
"{'id': ""https://s4api.sap.jktyre.in:44305/sap/opu/odata/sap/ZINFI_PLT_API_SRV/InfiMouldMstSet('C16580R15XPCTLGR01')"", 'uri': ""https://s4api.sap.jktyre.in:44305/sap/opu/odata/sap/ZINFI_PLT_API_SRV/InfiMouldMstSet('C16580R15XPCTLGR01')"", 'type': 'ZINFI_PLT_API_SRV.InfiMouldMst'}",C16580R15XPCTLGR01,165/80R15 ULTIMA XPC_GR01,1900,Chennai Tyre Plant,,,,ACTIVE,,
"{'id': ""https://s4api.sap.jktyre.in:44305/sap/opu/odata/sap/ZINFI_PLT_API_SRV/InfiMouldMstSet('C16580R15XPCTLGR02')"", 'uri': ""https://s4api.sap.jktyre.in:44305/sap/opu/odata/sap/ZINFI_PLT_API_SRV/InfiMouldMstSet('C16580R15XPCTLGR02')"", 'type': 'ZINFI_PLT_API_SRV.InfiMouldMst'}",C16580R15XPCTLGR02,165/80R15 ULTIMA XPC _GR02,1900,Chennai Tyre Plant,,,,ACTIVE,,
"{'id': ""https://s4api.sap.jktyre.in:44305/sap/opu/odata/sap/ZINFI_PLT_API_SRV/InfiMouldMstSet('C16580R15XPCTLMK01')"", 'uri': ""https://s4api.sap.jktyre.in:44305/sap/opu/odata/sap/ZINFI_PLT_API_SRV/InfiMouldMstSet('C16580R15XPCTLMK01')"", 'type': 'ZINFI_PLT_API_SRV.InfiMouldMst'}",C16580R15XPCTLMK01,165/80R15 ULTIMA XPC_MK01,1900,Chennai Tyre Plant,,,,ACTIVE,,
"{'id': ""https://s4api.sap.jktyre.in:44305/sap/opu/odata/sap/ZINFI_PLT_API_SRV/InfiMouldMstSet('C16580R15XPCTLMK02')"", 'uri': ""https://s4api.sap.jktyre.in:44305/sap/opu/odata/sap/ZINFI_PLT_API_SRV/InfiMouldMstSet('C16580R15XPCTLMK02')"", 'type': 'ZINFI_PLT_API_SRV.InfiMouldMst'}",C16580R15XPCTLMK02,165/80R15 ULTIMA XPC_MK02,1900,Chennai Tyre Plant,,,,ACTIVE,,
"{'id': ""https://s4api.sap.jktyre.in:44305/sap/opu/odata/sap/ZINFI_PLT_API_SRV/InfiMouldMstSet('C165R14ULXPCTLGC01')"", 'uri': ""https://s4api.sap.jktyre.in:44305/sap/opu/odata/sap/ZINFI_PLT_API_SRV/InfiMouldMstSet('C165R14ULXPCTLGC01')"", 'type': 'ZINFI_PLT_API_SRV.InfiMouldMst'}",C165R14ULXPCTLGC01,165R14 ULTIMA XPC _GC01,1900,Chennai Tyre Plant,,,,ACTIVE,,
"{'id': ""https://s4api.sap.jktyre.in:44305/sap/opu/odata/sap/ZINFI_PLT_API_SRV/InfiMouldMstSet('C165R14ULXPCTLGC02')"", 'uri': ""https://s4api.sap.jktyre.in:44305/sap/opu/odata/sap/ZINFI_PLT_API_SRV/InfiMouldMstSet('C165R14ULXPCTLGC02')"", 'type': 'ZINFI_PLT_API_SRV.InfiMouldMst'}",C165R14ULXPCTLGC02,165R14 ULTIMA XPC _GC02,1900,Chennai Tyre Plant,,,,ACTIVE,,
"{'id': ""https://s4api.sap.jktyre.in:44305/sap/opu/odata/sap/ZINFI_PLT_API_SRV/InfiMouldMstSet('C165R14ULXPCTLGC03')"", 'uri': ""https://s4api.sap.jktyre.in:44305/sap/opu/odata/sap/ZINFI_PLT_API_SRV/InfiMouldMstSet('C165R14ULXPCTLGC03')"", 'type': 'ZINFI_PLT_API_SRV.InfiMouldMst'}",C165R14ULXPCTLGC03,165R14 ULTIMA XPC _GC03,1900,Chennai Tyre Plant,,,,ACTIVE,,
"{'id': ""https://s4api.sap.jktyre.in:44305/sap/opu/odata/sap/ZINFI_PLT_API_SRV/InfiMouldMstSet('C165R14ULXPCTLGC04')"", 'uri': ""https://s4api.sap.jktyre.in:44305/sap/opu/odata/sap/ZINFI_PLT_API_SRV/InfiMouldMstSet('C165R14ULXPCTLGC04')"", 'type': 'ZINFI_PLT_API_SRV.InfiMouldMst'}",C165R14ULXPCTLGC04,165R14 ULTIMA XPC _GC04,1900,Chennai Tyre Plant,,,,ACTIVE,,
"{'id': ""https://s4api.sap.jktyre.in:44305/sap/opu/odata/sap/ZINFI_PLT_API_SRV/InfiMouldMstSet('C165R14ULXPCTLGC05')"", 'uri': ""https://s4api.sap.jktyre.in:44305/sap/opu/odata/sap/ZINFI_PLT_API_SRV/InfiMouldMstSet('C165R14ULXPCTLGC05')"", 'type': 'ZINFI_PLT_API_SRV.InfiMouldMst'}",C165R14ULXPCTLGC05,165R14 ULTIMA XPC _GC05,1900,Chennai Tyre Plant,,,,ACTIVE,,
"{'id': ""https://s4api.sap.jktyre.in:44305/sap/opu/odata/sap/ZINFI_PLT_API_SRV/InfiMouldMstSet('C165R14ULXPCTLGC06')"", 'uri': ""https://s4api.sap.jktyre.in:44305/sap/opu/odata/sap/ZINFI_PLT_API_SRV/InfiMouldMstSet('C165R14ULXPCTLGC06')"", 'type': 'ZINFI_PLT_API_SRV.InfiMouldMst'}",C165R14ULXPCTLGC06,165R14 ULTIMA XPC _GC06,1900,Chennai Tyre Plant,,,,ACTIVE,,
"{'id': ""https://s4api.sap.jktyre.in:44305/sap/opu/odata/sap/ZINFI_PLT_API_SRV/InfiMouldMstSet('C165R14ULXPCTLGC07')"", 'uri': ""https://s4api.sap.jktyre.in:44305/sap/opu/odata/sap/ZINFI_PLT_API_SRV/InfiMouldMstSet('C165R14ULXPCTLGC07')"", 'type': 'ZINFI_PLT_API_SRV.InfiMouldMst'}",C165R14ULXPCTLGC07,165R14 ULTIMA XPC _GC07,1900,Chennai Tyre Plant,,,,ACTIVE,,
"{'id': ""https://s4api.sap.jktyre.in:44305/sap/opu/odata/sap/ZINFI_PLT_API_SRV/InfiMouldMstSet('C165R14ULXPCTLGC08')"", 'uri': ""https://s4api.sap.jktyre.in:44305/sap/opu/odata/sap/ZINFI_PLT_API_SRV/InfiMouldMstSet('C165R14ULXPCTLGC08')"", 'type': 'ZINFI_PLT_API_SRV.InfiMouldMst'}",C165R14ULXPCTLGC08,165R14 ULTIMA XPC _GC08,1900,Chennai Tyre Plant,,,,ACTIVE,,
"{'id': ""https://s4api.sap.jktyre.in:44305/sap/opu/odata/sap/ZINFI_PLT_API_SRV/InfiMouldMstSet('C165R14ULXPCTLGC09')"", 'uri': ""https://s4api.sap.jktyre.in:44305/sap/opu/odata/sap/ZINFI_PLT_API_SRV/InfiMouldMstSet('C165R14ULXPCTLGC09')"", 'type': 'ZINFI_PLT_API_SRV.InfiMouldMst'}",C165R14ULXPCTLGC09,165R14 ULTIMA XPC _GC09,1900,Chennai Tyre Plant,,,,ACTIVE,,
"{'id': ""https://s4api.sap.jktyre.in:44305/sap/opu/odata/sap/ZINFI_PLT_API_SRV/InfiMouldMstSet('C165R14ULXPCTLGC10')"", 'uri': ""https://s4api.sap.jktyre.in:44305/sap/opu/odata/sap/ZINFI_PLT_API_SRV/InfiMouldMstSet('C165R14ULXPCTLGC10')"", 'type': 'ZINFI_PLT_API_SRV.InfiMouldMst'}",C165R14ULXPCTLGC10,165R14 ULTIMA XPC _GC10,1900,Chennai Tyre Plant,,,,ACTIVE,,
"{'id': ""https://s4api.sap.jktyre.in:44305/sap/opu/odata/sap/ZINFI_PLT_API_SRV/InfiMouldMstSet('C165R14ULXPCTLGR01')"", 'uri': ""https://s4api.sap.jktyre.in:44305/sap/opu/odata/sap/ZINFI_PLT_API_SRV/InfiMouldMstSet('C165R14ULXPCTLGR01')"", 'type': 'ZINFI_PLT_API_SRV.InfiMouldMst'}",C165R14ULXPCTLGR01,165R14 ULTIMA XPC TL_GR01,1900,Chennai Tyre Plant,,,,ACTIVE,,
"{'id': ""https://s4api.sap.jktyre.in:44305/sap/opu/odata/sap/ZINFI_PLT_API_SRV/InfiMouldMstSet('C165R14ULXPCTLGR02')"", 'uri': ""https://s4api.sap.jktyre.in:44305/sap/opu/odata/sap/ZINFI_PLT_API_SRV/InfiMouldMstSet('C165R14ULXPCTLGR02')"", 'type': 'ZINFI_PLT_API_SRV.InfiMouldMst'}",C165R14ULXPCTLGR02,165R14 ULTIMA XPC TL_GR02,1900,Chennai Tyre Plant,,,,ACTIVE,,
"{'id': ""https://s4api.sap.jktyre.in:44305/sap/opu/odata/sap/ZINFI_PLT_API_SRV/InfiMouldMstSet('C165R14ULXPCTLGR03')"", 'uri': ""https://s4api.sap.jktyre.in:44305/sap/opu/odata/sap/ZINFI_PLT_API_SRV/InfiMouldMstSet('C165R14ULXPCTLGR03')"", 'type': 'ZINFI_PLT_API_SRV.InfiMouldMst'}",C165R14ULXPCTLGR03,165R14 ULTIMA XPC TL_GR03,1900,Chennai Tyre Plant,,,,ACTIVE,,
"{'id': ""https://s4api.sap.jktyre.in:44305/sap/opu/odata/sap/ZINFI_PLT_API_SRV/InfiMouldMstSet('C165R14ULXPCTLGR04')"", 'uri': ""https://s4api.sap.jktyre.in:44305/sap/opu/odata/sap/ZINFI_PLT_API_SRV/InfiMouldMstSet('C165R14ULXPCTLGR04')"", 'type': 'ZINFI_PLT_API_SRV.InfiMouldMst'}",C165R14ULXPCTLGR04,165R14 ULTIMA XPC TL_GR04,1900,Chennai Tyre Plant,,,,ACTIVE,,
"{'id': ""https://s4api.sap.jktyre.in:44305/sap/opu/odata/sap/ZINFI_PLT_API_SRV/InfiMouldMstSet('C165R14ULXPCTLGR05')"", 'uri': ""https://s4api.sap.jktyre.in:44305/sap/opu/odata/sap/ZINFI_PLT_API_SRV/InfiMouldMstSet('C165R14ULXPCTLGR05')"", 'type': 'ZINFI_PLT_API_SRV.InfiMouldMst'}",C165R14ULXPCTLGR05,165R14 ULTIMA XPC TL_GR05,1900,Chennai Tyre Plant,,,,ACTIVE,,
"{'id': ""https://s4api.sap.jktyre.in:44305/sap/opu/odata/sap/ZINFI_PLT_API_SRV/InfiMouldMstSet('C165R14ULXPCTLGR06')"", 'uri': ""https://s4api.sap.jktyre.in:44305/sap/opu/odata/sap/ZINFI_PLT_API_SRV/InfiMouldMstSet('C165R14ULXPCTLGR06')"", 'type': 'ZINFI_PLT_API_SRV.InfiMouldMst'}",C165R14ULXPCTLGR06,165R14 ULTIMA XPC TL_GR06,1900,Chennai Tyre Plant,,,,ACTIVE,,
"{'id': ""https://s4api.sap.jktyre.in:44305/sap/opu/odata/sap/ZINFI_PLT_API_SRV/InfiMouldMstSet('C165R14ULXPCTLGR07')"", 'uri': ""https://s4api.sap.jktyre.in:44305/sap/opu/odata/sap/ZINFI_PLT_API_SRV/InfiMouldMstSet('C165R14ULXPCTLGR07')"", 'type': 'ZINFI_PLT_API_SRV.InfiMouldMst'}",C165R14ULXPCTLGR07,165R14 ULTIMA XPC TL_GR07,1900,Chennai Tyre Plant,,,,ACTIVE,,
"{'id': ""https://s4api.sap.jktyre.in:44305/sap/opu/odata/sap/ZINFI_PLT_API_SRV/InfiMouldMstSet('C165R14ULXPCTLGR08')"", 'uri': ""https://s4api.sap.jktyre.in:44305/sap/opu/odata/sap/ZINFI_PLT_API_SRV/InfiMouldMstSet('C165R14ULXPCTLGR08')"", 'type': 'ZINFI_PLT_API_SRV.InfiMouldMst'}",C165R14ULXPCTLGR08,165R14 ULTIMA XPC TL_GR08,1900,Chennai Tyre Plant,,,,ACTIVE,,
"{'id': ""https://s4api.sap.jktyre.in:44305/sap/opu/odata/sap/ZINFI_PLT_API_SRV/InfiMouldMstSet('C165R14ULXPCTLMK01')"", 'uri': ""https://s4api.sap.jktyre.in:44305/sap/opu/odata/sap/ZINFI_PLT_API_SRV/InfiMouldMstSet('C165R14ULXPCTLMK01')"", 'type': 'ZINFI_PLT_API_SRV.InfiMouldMst'}",C165R14ULXPCTLMK01,165R14 ULTIMA XPC TL_MK01,1900,Chennai Tyre Plant,,,,ACTIVE,,
"{'id': ""https://s4api.sap.jktyre.in:44305/sap/opu/odata/sap/ZINFI_PLT_API_SRV/InfiMouldMstSet('C165R14ULXPCTLMK02')"", 'uri': ""https://s4api.sap.jktyre.in:44305/sap/opu/odata/sap/ZINFI_PLT_API_SRV/InfiMouldMstSet('C165R14ULXPCTLMK02')"", 'type': 'ZINFI_PLT_API_SRV.InfiMouldMst'}",C165R14ULXPCTLMK02,165R14 ULTIMA XPC TL_MK02,1900,Chennai Tyre Plant,,,,ACTIVE,,
"{'id': ""https://s4api.sap.jktyre.in:44305/sap/opu/odata/sap/ZINFI_PLT_API_SRV/InfiMouldMstSet('C17565R15UXRTHMI01')"", 'uri': ""https://s4api.sap.jktyre.in:44305/sap/opu/odata/sap/ZINFI_PLT_API_SRV/InfiMouldMstSet('C17565R15UXRTHMI01')"", 'type': 'ZINFI_PLT_API_SRV.InfiMouldMst'}",C17565R15UXRTHMI01,175/65R15 UX ROYALE TL _ HMI01,1900,Chennai Tyre Plant,,,,ACTIVE,,
"{'id': ""https://s4api.sap.jktyre.in:44305/sap/opu/odata/sap/ZINFI_PLT_API_SRV/InfiMouldMstSet('C17565R15UXRTHMI02')"", 'uri': ""https://s4api.sap.jktyre.in:44305/sap/opu/odata/sap/ZINFI_PLT_API_SRV/InfiMouldMstSet('C17565R15UXRTHMI02')"", 'type': 'ZINFI_PLT_API_SRV.InfiMouldMst'}",C17565R15UXRTHMI02,175/65R15 UX ROYALE TL _ HMI02,1900,Chennai Tyre Plant,,,,ACTIVE,,
"{'id': ""https://s4api.sap.jktyre.in:44305/sap/opu/odata/sap/ZINFI_PLT_API_SRV/InfiMouldMstSet('C17565R15UXRTHMI03')"", 'uri': ""https://s4api.sap.jktyre.in:44305/sap/opu/odata/sap/ZINFI_PLT_API_SRV/InfiMouldMstSet('C17565R15UXRTHMI03')"", 'type': 'ZINFI_PLT_API_SRV.InfiMouldMst'}",C17565R15UXRTHMI03,175/65R15 UX ROYALE TL _ HMI03,1900,Chennai Tyre Plant,,,,ACTIVE,,
"{'id': ""https://s4api.sap.jktyre.in:44305/sap/opu/odata/sap/ZINFI_PLT_API_SRV/InfiMouldMstSet('C17565R15UXRTHMI04')"", 'uri': ""https://s4api.sap.jktyre.in:44305/sap/opu/odata/sap/ZINFI_PLT_API_SRV/InfiMouldMstSet('C17565R15UXRTHMI04')"", 'type': 'ZINFI_PLT_API_SRV.InfiMouldMst'}",C17565R15UXRTHMI04,175/65R15 UX ROYALE TL _ HMI04,1900,Chennai Tyre Plant,,,,ACTIVE,,
"{'id': ""https://s4api.sap.jktyre.in:44305/sap/opu/odata/sap/ZINFI_PLT_API_SRV/InfiMouldMstSet('C17565R15UXRTHMI05')"", 'uri': ""https://s4api.sap.jktyre.in:44305/sap/opu/odata/sap/ZINFI_PLT_API_SRV/InfiMouldMstSet('C17565R15UXRTHMI05')"", 'type': 'ZINFI_PLT_API_SRV.InfiMouldMst'}",C17565R15UXRTHMI05,175/65R15 UX ROYALE TL _ HMI05,1900,Chennai Tyre Plant,,,,ACTIVE,,
"{'id': ""https://s4api.sap.jktyre.in:44305/sap/opu/odata/sap/ZINFI_PLT_API_SRV/InfiMouldMstSet('C17565R15UXRTHMI06')"", 'uri': ""https://s4api.sap.jktyre.in:44305/sap/opu/odata/sap/ZINFI_PLT_API_SRV/InfiMouldMstSet('C17565R15UXRTHMI06')"", 'type': 'ZINFI_PLT_API_SRV.InfiMouldMst'}",C17565R15UXRTHMI06,175/65R15 UX ROYALE TL _ HMI06,1900,Chennai Tyre Plant,,,,ACTIVE,,
"{'id': ""https://s4api.sap.jktyre.in:44305/sap/opu/odata/sap/ZINFI_PLT_API_SRV/InfiMouldMstSet('C17565R15UXRTHMI07')"", 'uri': ""https://s4api.sap.jktyre.in:44305/sap/opu/odata/sap/ZINFI_PLT_API_SRV/InfiMouldMstSet('C17565R15UXRTHMI07')"", 'type': 'ZINFI_PLT_API_SRV.InfiMouldMst'}",C17565R15UXRTHMI07,175/65R15 UX ROYALE TL _ HMI07,1900,Chennai Tyre Plant,,,,ACTIVE,,
"{'id': ""https://s4api.sap.jktyre.in:44305/sap/opu/odata/sap/ZINFI_PLT_API_SRV/InfiMouldMstSet('C17565R15UXRTHMI08')"", 'uri': ""https://s4api.sap.jktyre.in:44305/sap/opu/odata/sap/ZINFI_PLT_API_SRV/InfiMouldMstSet('C17565R15UXRTHMI08')"", 'type': 'ZINFI_PLT_API_SRV.InfiMouldMst'}",C17565R15UXRTHMI08,175/65R15 UX ROYALE TL _ HMI08,1900,Chennai Tyre Plant,,,,ACTIVE,,
"{'id': ""https://s4api.sap.jktyre.in:44305/sap/opu/odata/sap/ZINFI_PLT_API_SRV/InfiMouldMstSet('C17570R12ULNTLHM01')"", 'uri': ""https://s4api.sap.jktyre.in:44305/sap/opu/odata/sap/ZINFI_PLT_API_SRV/InfiMouldMstSet('C17570R12ULNTLHM01')"", 'type': 'ZINFI_PLT_API_SRV.InfiMouldMst'}",C17570R12ULNTLHM01,175/70R12 ULTIMA NEO_HM01,1900,Chennai Tyre Plant,,,,ACTIVE,,
"{'id': ""https://s4api.sap.jktyre.in:44305/sap/opu/odata/sap/ZINFI_PLT_API_SRV/InfiMouldMstSet('C17570R12ULNTLHM02')"", 'uri': ""https://s4api.sap.jktyre.in:44305/sap/opu/odata/sap/ZINFI_PLT_API_SRV/InfiMouldMstSet('C17570R12ULNTLHM02')"", 'type': 'ZINFI_PLT_API_SRV.InfiMouldMst'}",C17570R12ULNTLHM02,175/70R12 ULTIMA NEO_HM02,1900,Chennai Tyre Plant,,,,ACTIVE,,
"{'id': ""https://s4api.sap.jktyre.in:44305/sap/opu/odata/sap/ZINFI_PLT_API_SRV/InfiMouldMstSet('C17570R13ULNTLGC01')"", 'uri': ""https://s4api.sap.jktyre.in:44305/sap/opu/odata/sap/ZINFI_PLT_API_SRV/InfiMouldMstSet('C17570R13ULNTLGC01')"", 'type': 'ZINFI_PLT_API_SRV.InfiMouldMst'}",C17570R13ULNTLGC01,175/70R13 ULTIMA NEO_GC01,1900,Chennai Tyre Plant,,,,ACTIVE,,
"{'id': ""https://s4api.sap.jktyre.in:44305/sap/opu/odata/sap/ZINFI_PLT_API_SRV/InfiMouldMstSet('C17570R13ULNTLGC02')"", 'uri': ""https://s4api.sap.jktyre.in:44305/sap/opu/odata/sap/ZINFI_PLT_API_SRV/InfiMouldMstSet('C17570R13ULNTLGC02')"", 'type': 'ZINFI_PLT_API_SRV.InfiMouldMst'}",C17570R13ULNTLGC02,175/70R13 ULTIMA NEO_GC02,1900,Chennai Tyre Plant,,,,ACTIVE,,
"{'id': ""https://s4api.sap.jktyre.in:44305/sap/opu/odata/sap/ZINFI_PLT_API_SRV/InfiMouldMstSet('C17570R13ULNTLHM01')"", 'uri': ""https://s4api.sap.jktyre.in:44305/sap/opu/odata/sap/ZINFI_PLT_API_SRV/InfiMouldMstSet('C17570R13ULNTLHM01')"", 'type': 'ZINFI_PLT_API_SRV.InfiMouldMst'}",C17570R13ULNTLHM01,175/70R13 ULTIMA NEO _HM01,1900,Chennai Tyre Plant,,,,ACTIVE,,
"{'id': ""https://s4api.sap.jktyre.in:44305/sap/opu/odata/sap/ZINFI_PLT_API_SRV/InfiMouldMstSet('C17570R13ULNTLHM02')"", 'uri': ""https://s4api.sap.jktyre.in:44305/sap/opu/odata/sap/ZINFI_PLT_API_SRV/InfiMouldMstSet('C17570R13ULNTLHM02')"", 'type': 'ZINFI_PLT_API_SRV.InfiMouldMst'}",C17570R13ULNTLHM02,175/70R13 ULTIMA NEO _HM02,1900,Chennai Tyre Plant,,,,ACTIVE,,
"{'id': ""https://s4api.sap.jktyre.in:44305/sap/opu/odata/sap/ZINFI_PLT_API_SRV/InfiMouldMstSet('C17570R14XPCTLGC01')"", 'uri': ""https://s4api.sap.jktyre.in:44305/sap/opu/odata/sap/ZINFI_PLT_API_SRV/InfiMouldMstSet('C17570R14XPCTLGC01')"", 'type': 'ZINFI_PLT_API_SRV.InfiMouldMst'}",C17570R14XPCTLGC01,175/70R14 ULTIMA XPC TL_GC01,1900,Chennai Tyre Plant,,,,ACTIVE,,
"{'id': ""https://s4api.sap.jktyre.in:44305/sap/opu/odata/sap/ZINFI_PLT_API_SRV/InfiMouldMstSet('C17570R14XPCTLGC02')"", 'uri': ""https://s4api.sap.jktyre.in:44305/sap/opu/odata/sap/ZINFI_PLT_API_SRV/InfiMouldMstSet('C17570R14XPCTLGC02')"", 'type': 'ZINFI_PLT_API_SRV.InfiMouldMst'}",C17570R14XPCTLGC02,175/70R14 ULTIMA XPC TL_GC02,1900,Chennai Tyre Plant,,,,ACTIVE,,
"{'id': ""https://s4api.sap.jktyre.in:44305/sap/opu/odata/sap/ZINFI_PLT_API_SRV/InfiMouldMstSet('C17570R14XPCTLGC03')"", 'uri': ""https://s4api.sap.jktyre.in:44305/sap/opu/odata/sap/ZINFI_PLT_API_SRV/InfiMouldMstSet('C17570R14XPCTLGC03')"", 'type': 'ZINFI_PLT_API_SRV.InfiMouldMst'}",C17570R14XPCTLGC03,175/70R14 ULTIMA XPC TL_GC03,1900,Chennai Tyre Plant,,,,ACTIVE,,
"{'id': ""https://s4api.sap.jktyre.in:44305/sap/opu/odata/sap/ZINFI_PLT_API_SRV/InfiMouldMstSet('C17570R14XPCTLGC04')"", 'uri': ""https://s4api.sap.jktyre.in:44305/sap/opu/odata/sap/ZINFI_PLT_API_SRV/InfiMouldMstSet('C17570R14XPCTLGC04')"", 'type': 'ZINFI_PLT_API_SRV.InfiMouldMst'}",C17570R14XPCTLGC04,175/70R14 ULTIMA XPC TL_GC04,1900,Chennai Tyre Plant,,,,ACTIVE,,
"{'id': ""https://s4api.sap.jktyre.in:44305/sap/opu/odata/sap/ZINFI_PLT_API_SRV/InfiMouldMstSet('C17570R14XPCTLMK01')"", 'uri': ""https://s4api.sap.jktyre.in:44305/sap/opu/odata/sap/ZINFI_PLT_API_SRV/InfiMouldMstSet('C17570R14XPCTLMK01')"", 'type': 'ZINFI_PLT_API_SRV.InfiMouldMst'}",C17570R14XPCTLMK01,175/70R14 ULTIMA XPC TL_ MK01,1900,Chennai Tyre Plant,,,,ACTIVE,,
"{'id': ""https://s4api.sap.jktyre.in:44305/sap/opu/odata/sap/ZINFI_PLT_API_SRV/InfiMouldMstSet('C17570R14XPCTLMK02')"", 'uri': ""https://s4api.sap.jktyre.in:44305/sap/opu/odata/sap/ZINFI_PLT_API_SRV/InfiMouldMstSet('C17570R14XPCTLMK02')"", 'type': 'ZINFI_PLT_API_SRV.InfiMouldMst'}",C17570R14XPCTLMK02,175/70R14 ULTIMA XPC TL_ MK02,1900,Chennai Tyre Plant,,,,ACTIVE,,
"{'id': ""https://s4api.sap.jktyre.in:44305/sap/opu/odata/sap/ZINFI_PLT_API_SRV/InfiMouldMstSet('C17570R14XPCTLSH01')"", 'uri': ""https://s4api.sap.jktyre.in:44305/sap/opu/odata/sap/ZINFI_PLT_API_SRV/InfiMouldMstSet('C17570R14XPCTLSH01')"", 'type': 'ZINFI_PLT_API_SRV.InfiMouldMst'}",C17570R14XPCTLSH01,175/70R14 ULTIMA XPC TL_SH01,1900,Chennai Tyre Plant,,,,ACTIVE,,
"{'id': ""https://s4api.sap.jktyre.in:44305/sap/opu/odata/sap/ZINFI_PLT_API_SRV/InfiMouldMstSet('C17570R14XPCTLSH02')"", 'uri': ""https://s4api.sap.jktyre.in:44305/sap/opu/odata/sap/ZINFI_PLT_API_SRV/InfiMouldMstSet('C17570R14XPCTLSH02')"", 'type': 'ZINFI_PLT_API_SRV.InfiMouldMst'}",C17570R14XPCTLSH02,175/70R14 ULTIMA XPC TL_SH02,1900,Chennai Tyre Plant,,,,ACTIVE,,
"{'id': ""https://s4api.sap.jktyre.in:44305/sap/opu/odata/sap/ZINFI_PLT_API_SRV/InfiMouldMstSet('C18514ULTXPC1GC01')"", 'uri': ""https://s4api.sap.jktyre.in:44305/sap/opu/odata/sap/ZINFI_PLT_API_SRV/InfiMouldMstSet('C18514ULTXPC1GC01')"", 'type': 'ZINFI_PLT_API_SRV.InfiMouldMst'}",C18514ULTXPC1GC01,185R14 ULTIMA XPC1_GC01,1900,Chennai Tyre Plant,,,,ACTIVE,,
"{'id': ""https://s4api.sap.jktyre.in:44305/sap/opu/odata/sap/ZINFI_PLT_API_SRV/InfiMouldMstSet('C18514ULTXPC1GC02')"", 'uri': ""https://s4api.sap.jktyre.in:44305/sap/opu/odata/sap/ZINFI_PLT_API_SRV/InfiMouldMstSet('C18514ULTXPC1GC02')"", 'type': 'ZINFI_PLT_API_SRV.InfiMouldMst'}",C18514ULTXPC1GC02,185R14 ULTIMA XPC1_GC02,1900,Chennai Tyre Plant,,,,ACTIVE,,
"{'id': ""https://s4api.sap.jktyre.in:44305/sap/opu/odata/sap/ZINFI_PLT_API_SRV/InfiMouldMstSet('C18555R16UXROHM101')"", 'uri': ""https://s4api.sap.jktyre.in:44305/sap/opu/odata/sap/ZINFI_PLT_API_SRV/InfiMouldMstSet('C18555R16UXROHM101')"", 'type': 'ZINFI_PLT_API_SRV.InfiMouldMst'}",C18555R16UXROHM101,185/55R16 UX ROYALE TL_HMI01,1900,Chennai Tyre Plant,,,,ACTIVE,,
"{'id': ""https://s4api.sap.jktyre.in:44305/sap/opu/odata/sap/ZINFI_PLT_API_SRV/InfiMouldMstSet('C18555R16UXROHM102')"", 'uri': ""https://s4api.sap.jktyre.in:44305/sap/opu/odata/sap/ZINFI_PLT_API_SRV/InfiMouldMstSet('C18555R16UXROHM102')"", 'type': 'ZINFI_PLT_API_SRV.InfiMouldMst'}",C18555R16UXROHM102,185/55R16 UX ROYALE TL_HMI02,1900,Chennai Tyre Plant,,,,ACTIVE,,
"{'id': ""https://s4api.sap.jktyre.in:44305/sap/opu/odata/sap/ZINFI_PLT_API_SRV/InfiMouldMstSet('C18555R16UXRTLHM01')"", 'uri': ""https://s4api.sap.jktyre.in:44305/sap/opu/odata/sap/ZINFI_PLT_API_SRV/InfiMouldMstSet('C18555R16UXRTLHM01')"", 'type': 'ZINFI_PLT_API_SRV.InfiMouldMst'}",C18555R16UXRTLHM01,185/55R16 UX ROYALE TL_HM01,1900,Chennai Tyre Plant,,,,ACTIVE,,
"{'id': ""https://s4api.sap.jktyre.in:44305/sap/opu/odata/sap/ZINFI_PLT_API_SRV/InfiMouldMstSet('C18555R16UXRTLHM02')"", 'uri': ""https://s4api.sap.jktyre.in:44305/sap/opu/odata/sap/ZINFI_PLT_API_SRV/InfiMouldMstSet('C18555R16UXRTLHM02')"", 'type': 'ZINFI_PLT_API_SRV.InfiMouldMst'}",C18555R16UXRTLHM02,185/55R16 UX ROYALE TL_HM02,1900,Chennai Tyre Plant,,,,ACTIVE,,
"{'id': ""https://s4api.sap.jktyre.in:44305/sap/opu/odata/sap/ZINFI_PLT_API_SRV/InfiMouldMstSet('C18560R15VECTLGR02')"", 'uri': ""https://s4api.sap.jktyre.in:44305/sap/opu/odata/sap/ZINFI_PLT_API_SRV/InfiMouldMstSet('C18560R15VECTLGR02')"", 'type': 'ZINFI_PLT_API_SRV.InfiMouldMst'}",C18560R15VECTLGR02,185/60R15 VECTRA 84 T TL_ GR02,1900,Chennai Tyre Plant,,,,ACTIVE,,
"{'id': ""https://s4api.sap.jktyre.in:44305/sap/opu/odata/sap/ZINFI_PLT_API_SRV/InfiMouldMstSet('C18565R14UXTLHMI01')"", 'uri': ""https://s4api.sap.jktyre.in:44305/sap/opu/odata/sap/ZINFI_PLT_API_SRV/InfiMouldMstSet('C18565R14UXTLHMI01')"", 'type': 'ZINFI_PLT_API_SRV.InfiMouldMst'}",C18565R14UXTLHMI01,185/65R14 UX TOURING TL HMI-01,1900,Chennai Tyre Plant,,,,ACTIVE,,
"{'id': ""https://s4api.sap.jktyre.in:44305/sap/opu/odata/sap/ZINFI_PLT_API_SRV/InfiMouldMstSet('C18565R14UXTLHMI02')"", 'uri': ""https://s4api.sap.jktyre.in:44305/sap/opu/odata/sap/ZINFI_PLT_API_SRV/InfiMouldMstSet('C18565R14UXTLHMI02')"", 'type': 'ZINFI_PLT_API_SRV.InfiMouldMst'}",C18565R14UXTLHMI02,185/65R14 UX TOURING TL HMI-02,1900,Chennai Tyre Plant,,,,ACTIVE,,
"{'id': ""https://s4api.sap.jktyre.in:44305/sap/opu/odata/sap/ZINFI_PLT_API_SRV/InfiMouldMstSet('C18565R14UXTTLHM01')"", 'uri': ""https://s4api.sap.jktyre.in:44305/sap/opu/odata/sap/ZINFI_PLT_API_SRV/InfiMouldMstSet('C18565R14UXTTLHM01')"", 'type': 'ZINFI_PLT_API_SRV.InfiMouldMst'}",C18565R14UXTTLHM01,185/65R14 UX TOURING TL HM-01,1900,Chennai Tyre Plant,,,,ACTIVE,,
"{'id': ""https://s4api.sap.jktyre.in:44305/sap/opu/odata/sap/ZINFI_PLT_API_SRV/InfiMouldMstSet('C18565R14UXTTLHM02')"", 'uri': ""https://s4api.sap.jktyre.in:44305/sap/opu/odata/sap/ZINFI_PLT_API_SRV/InfiMouldMstSet('C18565R14UXTTLHM02')"", 'type': 'ZINFI_PLT_API_SRV.InfiMouldMst'}",C18565R14UXTTLHM02,185/65R14 UX TOURING TL HM-02,1900,Chennai Tyre Plant,,,,ACTIVE,,
"{'id': ""https://s4api.sap.jktyre.in:44305/sap/opu/odata/sap/ZINFI_PLT_API_SRV/InfiMouldMstSet('C18565R15UXALPGC01')"", 'uri': ""https://s4api.sap.jktyre.in:44305/sap/opu/odata/sap/ZINFI_PLT_API_SRV/InfiMouldMstSet('C18565R15UXALPGC01')"", 'type': 'ZINFI_PLT_API_SRV.InfiMouldMst'}",C18565R15UXALPGC01,185/65R15 UX ALP TL_GC01,1900,Chennai Tyre Plant,,,,ACTIVE,,
"{'id': ""https://s4api.sap.jktyre.in:44305/sap/opu/odata/sap/ZINFI_PLT_API_SRV/InfiMouldMstSet('C18565R15UXALPGC02')"", 'uri': ""https://s4api.sap.jktyre.in:44305/sap/opu/odata/sap/ZINFI_PLT_API_SRV/InfiMouldMstSet('C18565R15UXALPGC02')"", 'type': 'ZINFI_PLT_API_SRV.InfiMouldMst'}",C18565R15UXALPGC02,185/65R15 UX ALP TL_GC02,1900,Chennai Tyre Plant,,,,ACTIVE,,
"{'id': ""https://s4api.sap.jktyre.in:44305/sap/opu/odata/sap/ZINFI_PLT_API_SRV/InfiMouldMstSet('C18565R15UXPC1GC01')"", 'uri': ""https://s4api.sap.jktyre.in:44305/sap/opu/odata/sap/ZINFI_PLT_API_SRV/InfiMouldMstSet('C18565R15UXPC1GC01')"", 'type': 'ZINFI_PLT_API_SRV.InfiMouldMst'}",C18565R15UXPC1GC01,185/65R15 ULTIMA XPC1 _ GC01,1900,Chennai Tyre Plant,,,,ACTIVE,,
"{'id': ""https://s4api.sap.jktyre.in:44305/sap/opu/odata/sap/ZINFI_PLT_API_SRV/InfiMouldMstSet('C18565R15UXRTHMI01')"", 'uri': ""https://s4api.sap.jktyre.in:44305/sap/opu/odata/sap/ZINFI_PLT_API_SRV/InfiMouldMstSet('C18565R15UXRTHMI01')"", 'type': 'ZINFI_PLT_API_SRV.InfiMouldMst'}",C18565R15UXRTHMI01,185/65R15 UX ROYALE DMD6153_HMI01,1900,Chennai Tyre Plant,,,,ACTIVE,,
"{'id': ""https://s4api.sap.jktyre.in:44305/sap/opu/odata/sap/ZINFI_PLT_API_SRV/InfiMouldMstSet('C18565R15UXRTHMI02')"", 'uri': ""https://s4api.sap.jktyre.in:44305/sap/opu/odata/sap/ZINFI_PLT_API_SRV/InfiMouldMstSet('C18565R15UXRTHMI02')"", 'type': 'ZINFI_PLT_API_SRV.InfiMouldMst'}",C18565R15UXRTHMI02,185/65R15 UX ROYALE DMD6153_HMI02,1900,Chennai Tyre Plant,,,,ACTIVE,,
"{'id': ""https://s4api.sap.jktyre.in:44305/sap/opu/odata/sap/ZINFI_PLT_API_SRV/InfiMouldMstSet('C18565R15UXRTLHM01')"", 'uri': ""https://s4api.sap.jktyre.in:44305/sap/opu/odata/sap/ZINFI_PLT_API_SRV/InfiMouldMstSet('C18565R15UXRTLHM01')"", 'type': 'ZINFI_PLT_API_SRV.InfiMouldMst'}",C18565R15UXRTLHM01,185/65R15 UXROYALE TL - HM01,1900,Chennai Tyre Plant,,,,ACTIVE,,
"{'id': ""https://s4api.sap.jktyre.in:44305/sap/opu/odata/sap/ZINFI_PLT_API_SRV/InfiMouldMstSet('C18565R15UXRTLHM02')"", 'uri': ""https://s4api.sap.jktyre.in:44305/sap/opu/odata/sap/ZINFI_PLT_API_SRV/InfiMouldMstSet('C18565R15UXRTLHM02')"", 'type': 'ZINFI_PLT_API_SRV.InfiMouldMst'}",C18565R15UXRTLHM02,185/65R15 UX ROYALE TL_HM02,1900,Chennai Tyre Plant,,,,ACTIVE,,
"{'id': ""https://s4api.sap.jktyre.in:44305/sap/opu/odata/sap/ZINFI_PLT_API_SRV/InfiMouldMstSet('C18565R15VECTLGC01')"", 'uri': ""https://s4api.sap.jktyre.in:44305/sap/opu/odata/sap/ZINFI_PLT_API_SRV/InfiMouldMstSet('C18565R15VECTLGC01')"", 'type': 'ZINFI_PLT_API_SRV.InfiMouldMst'}",C18565R15VECTLGC01,185/65R15 VECTRA TL_GC01,1900,Chennai Tyre Plant,,,,ACTIVE,,
"{'id': ""https://s4api.sap.jktyre.in:44305/sap/opu/odata/sap/ZINFI_PLT_API_SRV/InfiMouldMstSet('C18565R15VECTLGC02')"", 'uri': ""https://s4api.sap.jktyre.in:44305/sap/opu/odata/sap/ZINFI_PLT_API_SRV/InfiMouldMstSet('C18565R15VECTLGC02')"", 'type': 'ZINFI_PLT_API_SRV.InfiMouldMst'}",C18565R15VECTLGC02,185/65R15 VECTRA TL_GC02,1900,Chennai Tyre Plant,,,,ACTIVE,,
"{'id': ""https://s4api.sap.jktyre.in:44305/sap/opu/odata/sap/ZINFI_PLT_API_SRV/InfiMouldMstSet('C18565R15VECTLGC03')"", 'uri': ""https://s4api.sap.jktyre.in:44305/sap/opu/odata/sap/ZINFI_PLT_API_SRV/InfiMouldMstSet('C18565R15VECTLGC03')"", 'type': 'ZINFI_PLT_API_SRV.InfiMouldMst'}",C18565R15VECTLGC03,185/65R15 VECTRA TL_GC03,1900,Chennai Tyre Plant,,,,ACTIVE,,
"{'id': ""https://s4api.sap.jktyre.in:44305/sap/opu/odata/sap/ZINFI_PLT_API_SRV/InfiMouldMstSet('C18565R15VECTLGC04')"", 'uri': ""https://s4api.sap.jktyre.in:44305/sap/opu/odata/sap/ZINFI_PLT_API_SRV/InfiMouldMstSet('C18565R15VECTLGC04')"", 'type': 'ZINFI_PLT_API_SRV.InfiMouldMst'}",C18565R15VECTLGC04,185/65R15 VECTRA TL_GC04,1900,Chennai Tyre Plant,,,,ACTIVE,,
"{'id': ""https://s4api.sap.jktyre.in:44305/sap/opu/odata/sap/ZINFI_PLT_API_SRV/InfiMouldMstSet('C18565R15VECTLGC05')"", 'uri': ""https://s4api.sap.jktyre.in:44305/sap/opu/odata/sap/ZINFI_PLT_API_SRV/InfiMouldMstSet('C18565R15VECTLGC05')"", 'type': 'ZINFI_PLT_API_SRV.InfiMouldMst'}",C18565R15VECTLGC05,185/65R15 VECTRA TL_GC05,1900,Chennai Tyre Plant,,,,ACTIVE,,
"{'id': ""https://s4api.sap.jktyre.in:44305/sap/opu/odata/sap/ZINFI_PLT_API_SRV/InfiMouldMstSet('C18565R15VECTLGC06')"", 'uri': ""https://s4api.sap.jktyre.in:44305/sap/opu/odata/sap/ZINFI_PLT_API_SRV/InfiMouldMstSet('C18565R15VECTLGC06')"", 'type': 'ZINFI_PLT_API_SRV.InfiMouldMst'}",C18565R15VECTLGC06,185/65R15 VECTRA TL_GC06,1900,Chennai Tyre Plant,,,,ACTIVE,,
"{'id': ""https://s4api.sap.jktyre.in:44305/sap/opu/odata/sap/ZINFI_PLT_API_SRV/InfiMouldMstSet('C18565R15VECTLGC07')"", 'uri': ""https://s4api.sap.jktyre.in:44305/sap/opu/odata/sap/ZINFI_PLT_API_SRV/InfiMouldMstSet('C18565R15VECTLGC07')"", 'type': 'ZINFI_PLT_API_SRV.InfiMouldMst'}",C18565R15VECTLGC07,185/65R15 VECTRA TL_GC07,1900,Chennai Tyre Plant,,,,ACTIVE,,
"{'id': ""https://s4api.sap.jktyre.in:44305/sap/opu/odata/sap/ZINFI_PLT_API_SRV/InfiMouldMstSet('C18565R15VECTLGR01')"", 'uri': ""https://s4api.sap.jktyre.in:44305/sap/opu/odata/sap/ZINFI_PLT_API_SRV/InfiMouldMstSet('C18565R15VECTLGR01')"", 'type': 'ZINFI_PLT_API_SRV.InfiMouldMst'}",C18565R15VECTLGR01,185/65R15 VECTRA NISSAN TL_ GR01,1900,Chennai Tyre Plant,,,,ACTIVE,,
"{'id': ""https://s4api.sap.jktyre.in:44305/sap/opu/odata/sap/ZINFI_PLT_API_SRV/InfiMouldMstSet('C18565R15VECTLGR02')"", 'uri': ""https://s4api.sap.jktyre.in:44305/sap/opu/odata/sap/ZINFI_PLT_API_SRV/InfiMouldMstSet('C18565R15VECTLGR02')"", 'type': 'ZINFI_PLT_API_SRV.InfiMouldMst'}",C18565R15VECTLGR02,185/65R15 VECTRA NISSAN TL_ GR02,1900,Chennai Tyre Plant,,,,ACTIVE,,
"{'id': ""https://s4api.sap.jktyre.in:44305/sap/opu/odata/sap/ZINFI_PLT_API_SRV/InfiMouldMstSet('C18565R15VECTLMK01')"", 'uri': ""https://s4api.sap.jktyre.in:44305/sap/opu/odata/sap/ZINFI_PLT_API_SRV/InfiMouldMstSet('C18565R15VECTLMK01')"", 'type': 'ZINFI_PLT_API_SRV.InfiMouldMst'}",C18565R15VECTLMK01,185/65R15 VECTRA TL_MK01,1900,Chennai Tyre Plant,,,,ACTIVE,,
"{'id': ""https://s4api.sap.jktyre.in:44305/sap/opu/odata/sap/ZINFI_PLT_API_SRV/InfiMouldMstSet('C18565R15VECTLMK02')"", 'uri': ""https://s4api.sap.jktyre.in:44305/sap/opu/odata/sap/ZINFI_PLT_API_SRV/InfiMouldMstSet('C18565R15VECTLMK02')"", 'type': 'ZINFI_PLT_API_SRV.InfiMouldMst'}",C18565R15VECTLMK02,185/65R15 VECTRA RENAULT TL_MK02,1900,Chennai Tyre Plant,,,,ACTIVE,,
"{'id': ""https://s4api.sap.jktyre.in:44305/sap/opu/odata/sap/ZINFI_PLT_API_SRV/InfiMouldMstSet('C18565R15VECTLMK03')"", 'uri': ""https://s4api.sap.jktyre.in:44305/sap/opu/odata/sap/ZINFI_PLT_API_SRV/InfiMouldMstSet('C18565R15VECTLMK03')"", 'type': 'ZINFI_PLT_API_SRV.InfiMouldMst'}",C18565R15VECTLMK03,185/65R15 VECTRA NISSAN TL_MK03,1900,Chennai Tyre Plant,,,,ACTIVE,,
"{'id': ""https://s4api.sap.jktyre.in:44305/sap/opu/odata/sap/ZINFI_PLT_API_SRV/InfiMouldMstSet('C18565R15VECTLMK04')"", 'uri': ""https://s4api.sap.jktyre.in:44305/sap/opu/odata/sap/ZINFI_PLT_API_SRV/InfiMouldMstSet('C18565R15VECTLMK04')"", 'type': 'ZINFI_PLT_API_SRV.InfiMouldMst'}",C18565R15VECTLMK04,185/65R15 VECTRA NISSAN TL_MK04,1900,Chennai Tyre Plant,,,,ACTIVE,,
"{'id': ""https://s4api.sap.jktyre.in:44305/sap/opu/odata/sap/ZINFI_PLT_API_SRV/InfiMouldMstSet('C18565R15VECTLMK06')"", 'uri': ""https://s4api.sap.jktyre.in:44305/sap/opu/odata/sap/ZINFI_PLT_API_SRV/InfiMouldMstSet('C18565R15VECTLMK06')"", 'type': 'ZINFI_PLT_API_SRV.InfiMouldMst'}",C18565R15VECTLMK06,185/65R15 VECTRA NISSAN TL_MK06,1900,Chennai Tyre Plant,,,,ACTIVE,,
"{'id': ""https://s4api.sap.jktyre.in:44305/sap/opu/odata/sap/ZINFI_PLT_API_SRV/InfiMouldMstSet('C18565R15VECTLMK07')"", 'uri': ""https://s4api.sap.jktyre.in:44305/sap/opu/odata/sap/ZINFI_PLT_API_SRV/InfiMouldMstSet('C18565R15VECTLMK07')"", 'type': 'ZINFI_PLT_API_SRV.InfiMouldMst'}",C18565R15VECTLMK07,185/65R15 VECTRA NISSAN TL_MK07,1900,Chennai Tyre Plant,,,,ACTIVE,,
"{'id': ""https://s4api.sap.jktyre.in:44305/sap/opu/odata/sap/ZINFI_PLT_API_SRV/InfiMouldMstSet('C18565R15VECTLMK08')"", 'uri': ""https://s4api.sap.jktyre.in:44305/sap/opu/odata/sap/ZINFI_PLT_API_SRV/InfiMouldMstSet('C18565R15VECTLMK08')"", 'type': 'ZINFI_PLT_API_SRV.InfiMouldMst'}",C18565R15VECTLMK08,185/65R15 VECTRA NISSAN TL_MK08,1900,Chennai Tyre Plant,,,,ACTIVE,,
"{'id': ""https://s4api.sap.jktyre.in:44305/sap/opu/odata/sap/ZINFI_PLT_API_SRV/InfiMouldMstSet('C18565R15VECTLMK09')"", 'uri': ""https://s4api.sap.jktyre.in:44305/sap/opu/odata/sap/ZINFI_PLT_API_SRV/InfiMouldMstSet('C18565R15VECTLMK09')"", 'type': 'ZINFI_PLT_API_SRV.InfiMouldMst'}",C18565R15VECTLMK09,185/65R15 VECTRA TL_MK09,1900,Chennai Tyre Plant,,,,ACTIVE,,
"{'id': ""https://s4api.sap.jktyre.in:44305/sap/opu/odata/sap/ZINFI_PLT_API_SRV/InfiMouldMstSet('C18565R15VECTLMK10')"", 'uri': ""https://s4api.sap.jktyre.in:44305/sap/opu/odata/sap/ZINFI_PLT_API_SRV/InfiMouldMstSet('C18565R15VECTLMK10')"", 'type': 'ZINFI_PLT_API_SRV.InfiMouldMst'}",C18565R15VECTLMK10,185/65R15 VECTRA TL_MK10,1900,Chennai Tyre Plant,,,,ACTIVE,,
"{'id': ""https://s4api.sap.jktyre.in:44305/sap/opu/odata/sap/ZINFI_PLT_API_SRV/InfiMouldMstSet('C18565R15VECTLMK11')"", 'uri': ""https://s4api.sap.jktyre.in:44305/sap/opu/odata/sap/ZINFI_PLT_API_SRV/InfiMouldMstSet('C18565R15VECTLMK11')"", 'type': 'ZINFI_PLT_API_SRV.InfiMouldMst'}",C18565R15VECTLMK11,185/65R15 VECTRA TL_MK11,1900,Chennai Tyre Plant,,,,ACTIVE,,
"{'id': ""https://s4api.sap.jktyre.in:44305/sap/opu/odata/sap/ZINFI_PLT_API_SRV/InfiMouldMstSet('C18565R15VECTLMK12')"", 'uri': ""https://s4api.sap.jktyre.in:44305/sap/opu/odata/sap/ZINFI_PLT_API_SRV/InfiMouldMstSet('C18565R15VECTLMK12')"", 'type': 'ZINFI_PLT_API_SRV.InfiMouldMst'}",C18565R15VECTLMK12,185/65R15 VECTRA TL_MK12,1900,Chennai Tyre Plant,,,,ACTIVE,,
"{'id': ""https://s4api.sap.jktyre.in:44305/sap/opu/odata/sap/ZINFI_PLT_API_SRV/InfiMouldMstSet('C18565R15VECTLMK13')"", 'uri': ""https://s4api.sap.jktyre.in:44305/sap/opu/odata/sap/ZINFI_PLT_API_SRV/InfiMouldMstSet('C18565R15VECTLMK13')"", 'type': 'ZINFI_PLT_API_SRV.InfiMouldMst'}",C18565R15VECTLMK13,185/65R15 VECTRA TL_MK13,1900,Chennai Tyre Plant,,,,ACTIVE,,
"{'id': ""https://s4api.sap.jktyre.in:44305/sap/opu/odata/sap/ZINFI_PLT_API_SRV/InfiMouldMstSet('C18565R15VECTLMK14')"", 'uri': ""https://s4api.sap.jktyre.in:44305/sap/opu/odata/sap/ZINFI_PLT_API_SRV/InfiMouldMstSet('C18565R15VECTLMK14')"", 'type': 'ZINFI_PLT_API_SRV.InfiMouldMst'}",C18565R15VECTLMK14,185/65R15 VECTRA TL_MK14,1900,Chennai Tyre Plant,,,,ACTIVE,,
"{'id': ""https://s4api.sap.jktyre.in:44305/sap/opu/odata/sap/ZINFI_PLT_API_SRV/InfiMouldMstSet('C18565R15VECTLMK15')"", 'uri': ""https://s4api.sap.jktyre.in:44305/sap/opu/odata/sap/ZINFI_PLT_API_SRV/InfiMouldMstSet('C18565R15VECTLMK15')"", 'type': 'ZINFI_PLT_API_SRV.InfiMouldMst'}",C18565R15VECTLMK15,185/65R15 VECTRA TL_MK15,1900,Chennai Tyre Plant,,,,ACTIVE,,
"{'id': ""https://s4api.sap.jktyre.in:44305/sap/opu/odata/sap/ZINFI_PLT_API_SRV/InfiMouldMstSet('C18565R15VECTLMK16')"", 'uri': ""https://s4api.sap.jktyre.in:44305/sap/opu/odata/sap/ZINFI_PLT_API_SRV/InfiMouldMstSet('C18565R15VECTLMK16')"", 'type': 'ZINFI_PLT_API_SRV.InfiMouldMst'}",C18565R15VECTLMK16,185/65R15 VECTRA TL_MK16,1900,Chennai Tyre Plant,,,,ACTIVE,,
"{'id': ""https://s4api.sap.jktyre.in:44305/sap/opu/odata/sap/ZINFI_PLT_API_SRV/InfiMouldMstSet('C18565R15VECTLMK17')"", 'uri': ""https://s4api.sap.jktyre.in:44305/sap/opu/odata/sap/ZINFI_PLT_API_SRV/InfiMouldMstSet('C18565R15VECTLMK17')"", 'type': 'ZINFI_PLT_API_SRV.InfiMouldMst'}",C18565R15VECTLMK17,185/65R15 VECTRA TL_MK17,1900,Chennai Tyre Plant,,,,ACTIVE,,
"{'id': ""https://s4api.sap.jktyre.in:44305/sap/opu/odata/sap/ZINFI_PLT_API_SRV/InfiMouldMstSet('C18565R15VECTLMK18')"", 'uri': ""https://s4api.sap.jktyre.in:44305/sap/opu/odata/sap/ZINFI_PLT_API_SRV/InfiMouldMstSet('C18565R15VECTLMK18')"", 'type': 'ZINFI_PLT_API_SRV.InfiMouldMst'}",C18565R15VECTLMK18,185/65R15 VECTRA TL_MK18,1900,Chennai Tyre Plant,,,,ACTIVE,,
"{'id': ""https://s4api.sap.jktyre.in:44305/sap/opu/odata/sap/ZINFI_PLT_API_SRV/InfiMouldMstSet('C18565R15VETLBMK01')"", 'uri': ""https://s4api.sap.jktyre.in:44305/sap/opu/odata/sap/ZINFI_PLT_API_SRV/InfiMouldMstSet('C18565R15VETLBMK01')"", 'type': 'ZINFI_PLT_API_SRV.InfiMouldMst'}",C18565R15VETLBMK01,185/65R15 VECTRA RENAULT TL_MK01,1900,Chennai Tyre Plant,,,,ACTIVE,,
"{'id': ""https://s4api.sap.jktyre.in:44305/sap/opu/odata/sap/ZINFI_PLT_API_SRV/InfiMouldMstSet('C18570R13ULNTLHM01')"", 'uri': ""https://s4api.sap.jktyre.in:44305/sap/opu/odata/sap/ZINFI_PLT_API_SRV/InfiMouldMstSet('C18570R13ULNTLHM01')"", 'type': 'ZINFI_PLT_API_SRV.InfiMouldMst'}",C18570R13ULNTLHM01,185/70R13 ULTIMA NEO_HM01,1900,Chennai Tyre Plant,,,,ACTIVE,,
"{'id': ""https://s4api.sap.jktyre.in:44305/sap/opu/odata/sap/ZINFI_PLT_API_SRV/InfiMouldMstSet('C18570R13ULNTLHM02')"", 'uri': ""https://s4api.sap.jktyre.in:44305/sap/opu/odata/sap/ZINFI_PLT_API_SRV/InfiMouldMstSet('C18570R13ULNTLHM02')"", 'type': 'ZINFI_PLT_API_SRV.InfiMouldMst'}",C18570R13ULNTLHM02,185/70R13 ULTIMA NEO_HM02,1900,Chennai Tyre Plant,,,,ACTIVE,,
"{'id': ""https://s4api.sap.jktyre.in:44305/sap/opu/odata/sap/ZINFI_PLT_API_SRV/InfiMouldMstSet('C18570R14TAXIHMI01')"", 'uri': ""https://s4api.sap.jktyre.in:44305/sap/opu/odata/sap/ZINFI_PLT_API_SRV/InfiMouldMstSet('C18570R14TAXIHMI01')"", 'type': 'ZINFI_PLT_API_SRV.InfiMouldMst'}",C18570R14TAXIHMI01,185/70R14 TAXI MAX TL _ HMI01,1900,Chennai Tyre Plant,,,,ACTIVE,,
"{'id': ""https://s4api.sap.jktyre.in:44305/sap/opu/odata/sap/ZINFI_PLT_API_SRV/InfiMouldMstSet('C18570R14TAXIHMI02')"", 'uri': ""https://s4api.sap.jktyre.in:44305/sap/opu/odata/sap/ZINFI_PLT_API_SRV/InfiMouldMstSet('C18570R14TAXIHMI02')"", 'type': 'ZINFI_PLT_API_SRV.InfiMouldMst'}",C18570R14TAXIHMI02,185/70R14 TAXI MAX TL _ HMI02,1900,Chennai Tyre Plant,,,,ACTIVE,,
"{'id': ""https://s4api.sap.jktyre.in:44305/sap/opu/odata/sap/ZINFI_PLT_API_SRV/InfiMouldMstSet('C18570R14TAXIMHM01')"", 'uri': ""https://s4api.sap.jktyre.in:44305/sap/opu/odata/sap/ZINFI_PLT_API_SRV/InfiMouldMstSet('C18570R14TAXIMHM01')"", 'type': 'ZINFI_PLT_API_SRV.InfiMouldMst'}",C18570R14TAXIMHM01,185/70R14 TAXI MAX TL _ HM01,1900,Chennai Tyre Plant,,,,ACTIVE,,
"{'id': ""https://s4api.sap.jktyre.in:44305/sap/opu/odata/sap/ZINFI_PLT_API_SRV/InfiMouldMstSet('C18570R14TAXIMHM02')"", 'uri': ""https://s4api.sap.jktyre.in:44305/sap/opu/odata/sap/ZINFI_PLT_API_SRV/InfiMouldMstSet('C18570R14TAXIMHM02')"", 'type': 'ZINFI_PLT_API_SRV.InfiMouldMst'}",C18570R14TAXIMHM02,185/70R14 TAXI MAX TL _ HM02,1900,Chennai Tyre Plant,,,,ACTIVE,,
"{'id': ""https://s4api.sap.jktyre.in:44305/sap/opu/odata/sap/ZINFI_PLT_API_SRV/InfiMouldMstSet('C18570R14TAXIMHM03')"", 'uri': ""https://s4api.sap.jktyre.in:44305/sap/opu/odata/sap/ZINFI_PLT_API_SRV/InfiMouldMstSet('C18570R14TAXIMHM03')"", 'type': 'ZINFI_PLT_API_SRV.InfiMouldMst'}",C18570R14TAXIMHM03,185/70R14 TAXI MAX TL _ HM03,1900,Chennai Tyre Plant,,,,ACTIVE,,
"{'id': ""https://s4api.sap.jktyre.in:44305/sap/opu/odata/sap/ZINFI_PLT_API_SRV/InfiMouldMstSet('C18570R14TAXIMHM04')"", 'uri': ""https://s4api.sap.jktyre.in:44305/sap/opu/odata/sap/ZINFI_PLT_API_SRV/InfiMouldMstSet('C18570R14TAXIMHM04')"", 'type': 'ZINFI_PLT_API_SRV.InfiMouldMst'}",C18570R14TAXIMHM04,185/70R14 TAXI MAX TL _ HM04,1900,Chennai Tyre Plant,,,,ACTIVE,,
"{'id': ""https://s4api.sap.jktyre.in:44305/sap/opu/odata/sap/ZINFI_PLT_API_SRV/InfiMouldMstSet('C18570R14VECTLMK05')"", 'uri': ""https://s4api.sap.jktyre.in:44305/sap/opu/odata/sap/ZINFI_PLT_API_SRV/InfiMouldMstSet('C18570R14VECTLMK05')"", 'type': 'ZINFI_PLT_API_SRV.InfiMouldMst'}",C18570R14VECTLMK05,185/70R14 VECTRA TL_MK05,1900,Chennai Tyre Plant,,,,ACTIVE,,
"{'id': ""https://s4api.sap.jktyre.in:44305/sap/opu/odata/sap/ZINFI_PLT_API_SRV/InfiMouldMstSet('C18570R14VECTLMK06')"", 'uri': ""https://s4api.sap.jktyre.in:44305/sap/opu/odata/sap/ZINFI_PLT_API_SRV/InfiMouldMstSet('C18570R14VECTLMK06')"", 'type': 'ZINFI_PLT_API_SRV.InfiMouldMst'}",C18570R14VECTLMK06,185/70R14 VECTRA TL_MK06,1900,Chennai Tyre Plant,,,,ACTIVE,,
"{'id': ""https://s4api.sap.jktyre.in:44305/sap/opu/odata/sap/ZINFI_PLT_API_SRV/InfiMouldMstSet('C18570R14VECTLMK07')"", 'uri': ""https://s4api.sap.jktyre.in:44305/sap/opu/odata/sap/ZINFI_PLT_API_SRV/InfiMouldMstSet('C18570R14VECTLMK07')"", 'type': 'ZINFI_PLT_API_SRV.InfiMouldMst'}",C18570R14VECTLMK07,185/70R14 VECTRA TL_MK07,1900,Chennai Tyre Plant,,,,ACTIVE,,
"{'id': ""https://s4api.sap.jktyre.in:44305/sap/opu/odata/sap/ZINFI_PLT_API_SRV/InfiMouldMstSet('C18570R14VECTLMK08')"", 'uri': ""https://s4api.sap.jktyre.in:44305/sap/opu/odata/sap/ZINFI_PLT_API_SRV/InfiMouldMstSet('C18570R14VECTLMK08')"", 'type': 'ZINFI_PLT_API_SRV.InfiMouldMst'}",C18570R14VECTLMK08,185/70R14 VECTRA TL_MK08,1900,Chennai Tyre Plant,,,,ACTIVE,,
"{'id': ""https://s4api.sap.jktyre.in:44305/sap/opu/odata/sap/ZINFI_PLT_API_SRV/InfiMouldMstSet('C18570R14VECTLSY06')"", 'uri': ""https://s4api.sap.jktyre.in:44305/sap/opu/odata/sap/ZINFI_PLT_API_SRV/InfiMouldMstSet('C18570R14VECTLSY06')"", 'type': 'ZINFI_PLT_API_SRV.InfiMouldMst'}",C18570R14VECTLSY06,185/70R14 VECTRA TL_SY06,1900,Chennai Tyre Plant,,,,ACTIVE,,
"{'id': ""https://s4api.sap.jktyre.in:44305/sap/opu/odata/sap/ZINFI_PLT_API_SRV/InfiMouldMstSet('C18570R14VECTLSY07')"", 'uri': ""https://s4api.sap.jktyre.in:44305/sap/opu/odata/sap/ZINFI_PLT_API_SRV/InfiMouldMstSet('C18570R14VECTLSY07')"", 'type': 'ZINFI_PLT_API_SRV.InfiMouldMst'}",C18570R14VECTLSY07,185/70R14 VECTRA _ SY07,1900,Chennai Tyre Plant,,,,ACTIVE,,
"{'id': ""https://s4api.sap.jktyre.in:44305/sap/opu/odata/sap/ZINFI_PLT_API_SRV/InfiMouldMstSet('C18570R14VECTLSY17')"", 'uri': ""https://s4api.sap.jktyre.in:44305/sap/opu/odata/sap/ZINFI_PLT_API_SRV/InfiMouldMstSet('C18570R14VECTLSY17')"", 'type': 'ZINFI_PLT_API_SRV.InfiMouldMst'}",C18570R14VECTLSY17,185/70R14 VECTRA TL_SY17,1900,Chennai Tyre Plant,,,,ACTIVE,,
"{'id': ""https://s4api.sap.jktyre.in:44305/sap/opu/odata/sap/ZINFI_PLT_API_SRV/InfiMouldMstSet('C18570R14VECTLSY20')"", 'uri': ""https://s4api.sap.jktyre.in:44305/sap/opu/odata/sap/ZINFI_PLT_API_SRV/InfiMouldMstSet('C18570R14VECTLSY20')"", 'type': 'ZINFI_PLT_API_SRV.InfiMouldMst'}",C18570R14VECTLSY20,185/70R14 VECTRA TL_SY20,1900,Chennai Tyre Plant,,,,ACTIVE,,
"{'id': ""https://s4api.sap.jktyre.in:44305/sap/opu/odata/sap/ZINFI_PLT_API_SRV/InfiMouldMstSet('C185R14LTXPCTLGC01')"", 'uri': ""https://s4api.sap.jktyre.in:44305/sap/opu/odata/sap/ZINFI_PLT_API_SRV/InfiMouldMstSet('C185R14LTXPCTLGC01')"", 'type': 'ZINFI_PLT_API_SRV.InfiMouldMst'}",C185R14LTXPCTLGC01,185R14 LT ULTIMA XPC _ GC01,1900,Chennai Tyre Plant,,,,ACTIVE,,
"{'id': ""https://s4api.sap.jktyre.in:44305/sap/opu/odata/sap/ZINFI_PLT_API_SRV/InfiMouldMstSet('C185R14LTXPCTLGC02')"", 'uri': ""https://s4api.sap.jktyre.in:44305/sap/opu/odata/sap/ZINFI_PLT_API_SRV/InfiMouldMstSet('C185R14LTXPCTLGC02')"", 'type': 'ZINFI_PLT_API_SRV.InfiMouldMst'}",C185R14LTXPCTLGC02,185R14 LT ULTIMA XPC _ GC02,1900,Chennai Tyre Plant,,,,ACTIVE,,
"{'id': ""https://s4api.sap.jktyre.in:44305/sap/opu/odata/sap/ZINFI_PLT_API_SRV/InfiMouldMstSet('C185R14LTXPCTLGC03')"", 'uri': ""https://s4api.sap.jktyre.in:44305/sap/opu/odata/sap/ZINFI_PLT_API_SRV/InfiMouldMstSet('C185R14LTXPCTLGC03')"", 'type': 'ZINFI_PLT_API_SRV.InfiMouldMst'}",C185R14LTXPCTLGC03,185R14 LT ULTIMA XPC _ GC03,1900,Chennai Tyre Plant,,,,ACTIVE,,
"{'id': ""https://s4api.sap.jktyre.in:44305/sap/opu/odata/sap/ZINFI_PLT_API_SRV/InfiMouldMstSet('C185R14LTXPCTLGC04')"", 'uri': ""https://s4api.sap.jktyre.in:44305/sap/opu/odata/sap/ZINFI_PLT_API_SRV/InfiMouldMstSet('C185R14LTXPCTLGC04')"", 'type': 'ZINFI_PLT_API_SRV.InfiMouldMst'}",C185R14LTXPCTLGC04,185R14 LT ULTIMA XPC _ GC04,1900,Chennai Tyre Plant,,,,ACTIVE,,
"{'id': ""https://s4api.sap.jktyre.in:44305/sap/opu/odata/sap/ZINFI_PLT_API_SRV/InfiMouldMstSet('C185R14LTXPCTLGC05')"", 'uri': ""https://s4api.sap.jktyre.in:44305/sap/opu/odata/sap/ZINFI_PLT_API_SRV/InfiMouldMstSet('C185R14LTXPCTLGC05')"", 'type': 'ZINFI_PLT_API_SRV.InfiMouldMst'}",C185R14LTXPCTLGC05,185R14 LT ULTIMA XPC _ GC05,1900,Chennai Tyre Plant,,,,ACTIVE,,
"{'id': ""https://s4api.sap.jktyre.in:44305/sap/opu/odata/sap/ZINFI_PLT_API_SRV/InfiMouldMstSet('C185R14LTXPCTLHM01')"", 'uri': ""https://s4api.sap.jktyre.in:44305/sap/opu/odata/sap/ZINFI_PLT_API_SRV/InfiMouldMstSet('C185R14LTXPCTLHM01')"", 'type': 'ZINFI_PLT_API_SRV.InfiMouldMst'}",C185R14LTXPCTLHM01,185R14 LT ULTIMA XPC _ HM01,1900,Chennai Tyre Plant,,,,ACTIVE,,
"{'id': ""https://s4api.sap.jktyre.in:44305/sap/opu/odata/sap/ZINFI_PLT_API_SRV/InfiMouldMstSet('C185R14LTXPCTLHM02')"", 'uri': ""https://s4api.sap.jktyre.in:44305/sap/opu/odata/sap/ZINFI_PLT_API_SRV/InfiMouldMstSet('C185R14LTXPCTLHM02')"", 'type': 'ZINFI_PLT_API_SRV.InfiMouldMst'}",C185R14LTXPCTLHM02,185R14 LT ULTIMA XPC _ HM02,1900,Chennai Tyre Plant,,,,ACTIVE,,
"{'id': ""https://s4api.sap.jktyre.in:44305/sap/opu/odata/sap/ZINFI_PLT_API_SRV/InfiMouldMstSet('C185R14LTXPCTLHM03')"", 'uri': ""https://s4api.sap.jktyre.in:44305/sap/opu/odata/sap/ZINFI_PLT_API_SRV/InfiMouldMstSet('C185R14LTXPCTLHM03')"", 'type': 'ZINFI_PLT_API_SRV.InfiMouldMst'}",C185R14LTXPCTLHM03,185R14 LT ULTIMA XPC _ HM03,1900,Chennai Tyre Plant,,,,ACTIVE,,
"{'id': ""https://s4api.sap.jktyre.in:44305/sap/opu/odata/sap/ZINFI_PLT_API_SRV/InfiMouldMstSet('C185R14LTXPCTLHM04')"", 'uri': ""https://s4api.sap.jktyre.in:44305/sap/opu/odata/sap/ZINFI_PLT_API_SRV/InfiMouldMstSet('C185R14LTXPCTLHM04')"", 'type': 'ZINFI_PLT_API_SRV.InfiMouldMst'}",C185R14LTXPCTLHM04,185R14 LT ULTIMA XPC _ HM04,1900,Chennai Tyre Plant,,,,ACTIVE,,
"{'id': ""https://s4api.sap.jktyre.in:44305/sap/opu/odata/sap/ZINFI_PLT_API_SRV/InfiMouldMstSet('C185R14LTXPCTLHM05')"", 'uri': ""https://s4api.sap.jktyre.in:44305/sap/opu/odata/sap/ZINFI_PLT_API_SRV/InfiMouldMstSet('C185R14LTXPCTLHM05')"", 'type': 'ZINFI_PLT_API_SRV.InfiMouldMst'}",C185R14LTXPCTLHM05,185R14 LT ULTIMA XPC _ HM05,1900,Chennai Tyre Plant,,,,ACTIVE,,
"{'id': ""https://s4api.sap.jktyre.in:44305/sap/opu/odata/sap/ZINFI_PLT_API_SRV/InfiMouldMstSet('C185R14LTXPCTLHM06')"", 'uri': ""https://s4api.sap.jktyre.in:44305/sap/opu/odata/sap/ZINFI_PLT_API_SRV/InfiMouldMstSet('C185R14LTXPCTLHM06')"", 'type': 'ZINFI_PLT_API_SRV.InfiMouldMst'}",C185R14LTXPCTLHM06,185R14 LT ULTIMA XPC _ HM06,1900,Chennai Tyre Plant,,,,ACTIVE,,
"{'id': ""https://s4api.sap.jktyre.in:44305/sap/opu/odata/sap/ZINFI_PLT_API_SRV/InfiMouldMstSet('C185R14LTXPCTLHM07')"", 'uri': ""https://s4api.sap.jktyre.in:44305/sap/opu/odata/sap/ZINFI_PLT_API_SRV/InfiMouldMstSet('C185R14LTXPCTLHM07')"", 'type': 'ZINFI_PLT_API_SRV.InfiMouldMst'}",C185R14LTXPCTLHM07,185R14 LT ULTIMA XPC _ HM07,1900,Chennai Tyre Plant,,,,ACTIVE,,
"{'id': ""https://s4api.sap.jktyre.in:44305/sap/opu/odata/sap/ZINFI_PLT_API_SRV/InfiMouldMstSet('C185R14LTXPCTLHM08')"", 'uri': ""https://s4api.sap.jktyre.in:44305/sap/opu/odata/sap/ZINFI_PLT_API_SRV/InfiMouldMstSet('C185R14LTXPCTLHM08')"", 'type': 'ZINFI_PLT_API_SRV.InfiMouldMst'}",C185R14LTXPCTLHM08,185R14 LT ULTIMA XPC _ HM08,1900,Chennai Tyre Plant,,,,ACTIVE,,
"{'id': ""https://s4api.sap.jktyre.in:44305/sap/opu/odata/sap/ZINFI_PLT_API_SRV/InfiMouldMstSet('C185R14LTXPCTLMK01')"", 'uri': ""https://s4api.sap.jktyre.in:44305/sap/opu/odata/sap/ZINFI_PLT_API_SRV/InfiMouldMstSet('C185R14LTXPCTLMK01')"", 'type': 'ZINFI_PLT_API_SRV.InfiMouldMst'}",C185R14LTXPCTLMK01,185R14 LT ULTIMA XPC _ MK01,1900,Chennai Tyre Plant,,,,ACTIVE,,
"{'id': ""https://s4api.sap.jktyre.in:44305/sap/opu/odata/sap/ZINFI_PLT_API_SRV/InfiMouldMstSet('C185R14LTXPCTLMK02')"", 'uri': ""https://s4api.sap.jktyre.in:44305/sap/opu/odata/sap/ZINFI_PLT_API_SRV/InfiMouldMstSet('C185R14LTXPCTLMK02')"", 'type': 'ZINFI_PLT_API_SRV.InfiMouldMst'}",C185R14LTXPCTLMK02,185R14 LT ULTIMA XPC _ MK02,1900,Chennai Tyre Plant,,,,ACTIVE,,
"{'id': ""https://s4api.sap.jktyre.in:44305/sap/opu/odata/sap/ZINFI_PLT_API_SRV/InfiMouldMstSet('C185R14LTXPCTLMK03')"", 'uri': ""https://s4api.sap.jktyre.in:44305/sap/opu/odata/sap/ZINFI_PLT_API_SRV/InfiMouldMstSet('C185R14LTXPCTLMK03')"", 'type': 'ZINFI_PLT_API_SRV.InfiMouldMst'}",C185R14LTXPCTLMK03,185R14 LT ULTIMA XPC _ MK03,1900,Chennai Tyre Plant,,,,ACTIVE,,
"{'id': ""https://s4api.sap.jktyre.in:44305/sap/opu/odata/sap/ZINFI_PLT_API_SRV/InfiMouldMstSet('C185R14LTXPCTLMK04')"", 'uri': ""https://s4api.sap.jktyre.in:44305/sap/opu/odata/sap/ZINFI_PLT_API_SRV/InfiMouldMstSet('C185R14LTXPCTLMK04')"", 'type': 'ZINFI_PLT_API_SRV.InfiMouldMst'}",C185R14LTXPCTLMK04,185R14 LT ULTIMA XPC _ MK04,1900,Chennai Tyre Plant,,,,ACTIVE,,
"{'id': ""https://s4api.sap.jktyre.in:44305/sap/opu/odata/sap/ZINFI_PLT_API_SRV/InfiMouldMstSet('C185R14LTXPCTLMK05')"", 'uri': ""https://s4api.sap.jktyre.in:44305/sap/opu/odata/sap/ZINFI_PLT_API_SRV/InfiMouldMstSet('C185R14LTXPCTLMK05')"", 'type': 'ZINFI_PLT_API_SRV.InfiMouldMst'}",C185R14LTXPCTLMK05,185R14 LT ULTIMA XPC _ MK05,1900,Chennai Tyre Plant,,,,ACTIVE,,
"{'id': ""https://s4api.sap.jktyre.in:44305/sap/opu/odata/sap/ZINFI_PLT_API_SRV/InfiMouldMstSet('C185R14LTXPCTLMK06')"", 'uri': ""https://s4api.sap.jktyre.in:44305/sap/opu/odata/sap/ZINFI_PLT_API_SRV/InfiMouldMstSet('C185R14LTXPCTLMK06')"", 'type': 'ZINFI_PLT_API_SRV.InfiMouldMst'}",C185R14LTXPCTLMK06,185R14 LT ULTIMA XPC _ MK06,1900,Chennai Tyre Plant,,,,ACTIVE,,
"{'id': ""https://s4api.sap.jktyre.in:44305/sap/opu/odata/sap/ZINFI_PLT_API_SRV/InfiMouldMstSet('C185R14LTXPCTLMK07')"", 'uri': ""https://s4api.sap.jktyre.in:44305/sap/opu/odata/sap/ZINFI_PLT_API_SRV/InfiMouldMstSet('C185R14LTXPCTLMK07')"", 'type': 'ZINFI_PLT_API_SRV.InfiMouldMst'}",C185R14LTXPCTLMK07,185R14 LT ULTIMA XPC _ MK07,1900,Chennai Tyre Plant,,,,ACTIVE,,
"{'id': ""https://s4api.sap.jktyre.in:44305/sap/opu/odata/sap/ZINFI_PLT_API_SRV/InfiMouldMstSet('C185R14LTXPCTLMK08')"", 'uri': ""https://s4api.sap.jktyre.in:44305/sap/opu/odata/sap/ZINFI_PLT_API_SRV/InfiMouldMstSet('C185R14LTXPCTLMK08')"", 'type': 'ZINFI_PLT_API_SRV.InfiMouldMst'}",C185R14LTXPCTLMK08,185R14 LT ULTIMA XPC _ MK08,1900,Chennai Tyre Plant,,,,ACTIVE,,
"{'id': ""https://s4api.sap.jktyre.in:44305/sap/opu/odata/sap/ZINFI_PLT_API_SRV/InfiMouldMstSet('C19555R15UX1TLGC01')"", 'uri': ""https://s4api.sap.jktyre.in:44305/sap/opu/odata/sap/ZINFI_PLT_API_SRV/InfiMouldMstSet('C19555R15UX1TLGC01')"", 'type': 'ZINFI_PLT_API_SRV.InfiMouldMst'}",C19555R15UX1TLGC01,195/55R15 UX1 TL_GC01,1900,Chennai Tyre Plant,,,,ACTIVE,,
"{'id': ""https://s4api.sap.jktyre.in:44305/sap/opu/odata/sap/ZINFI_PLT_API_SRV/InfiMouldMstSet('C19555R15UX1TLGC02')"", 'uri': ""https://s4api.sap.jktyre.in:44305/sap/opu/odata/sap/ZINFI_PLT_API_SRV/InfiMouldMstSet('C19555R15UX1TLGC02')"", 'type': 'ZINFI_PLT_API_SRV.InfiMouldMst'}",C19555R15UX1TLGC02,195/55R15 UX1 TL_GC02,1900,Chennai Tyre Plant,,,,ACTIVE,,
"{'id': ""https://s4api.sap.jktyre.in:44305/sap/opu/odata/sap/ZINFI_PLT_API_SRV/InfiMouldMstSet('C19555R16VEC41GC01')"", 'uri': ""https://s4api.sap.jktyre.in:44305/sap/opu/odata/sap/ZINFI_PLT_API_SRV/InfiMouldMstSet('C19555R16VEC41GC01')"", 'type': 'ZINFI_PLT_API_SRV.InfiMouldMst'}",C19555R16VEC41GC01,195/55R16 VECTRA DMD-3740-GC01,1900,Chennai Tyre Plant,,,,ACTIVE,,
"{'id': ""https://s4api.sap.jktyre.in:44305/sap/opu/odata/sap/ZINFI_PLT_API_SRV/InfiMouldMstSet('C19555R16VEC54GC03')"", 'uri': ""https://s4api.sap.jktyre.in:44305/sap/opu/odata/sap/ZINFI_PLT_API_SRV/InfiMouldMstSet('C19555R16VEC54GC03')"", 'type': 'ZINFI_PLT_API_SRV.InfiMouldMst'}",C19555R16VEC54GC03,195/55R16 VECTRA DMD3754_GC03,1900,Chennai Tyre Plant,,,,ACTIVE,,
"{'id': ""https://s4api.sap.jktyre.in:44305/sap/opu/odata/sap/ZINFI_PLT_API_SRV/InfiMouldMstSet('C19555R16VECTLGC01')"", 'uri': ""https://s4api.sap.jktyre.in:44305/sap/opu/odata/sap/ZINFI_PLT_API_SRV/InfiMouldMstSet('C19555R16VECTLGC01')"", 'type': 'ZINFI_PLT_API_SRV.InfiMouldMst'}",C19555R16VECTLGC01,195/55R16 VECTRA TL_GC01,1900,Chennai Tyre Plant,,,,ACTIVE,,
"{'id': ""https://s4api.sap.jktyre.in:44305/sap/opu/odata/sap/ZINFI_PLT_API_SRV/InfiMouldMstSet('C19555R16VECTLMK01')"", 'uri': ""https://s4api.sap.jktyre.in:44305/sap/opu/odata/sap/ZINFI_PLT_API_SRV/InfiMouldMstSet('C19555R16VECTLMK01')"", 'type': 'ZINFI_PLT_API_SRV.InfiMouldMst'}",C19555R16VECTLMK01,195/55R16 VECTRA TL_MK01,1900,Chennai Tyre Plant,,,,ACTIVE,,
"{'id': ""https://s4api.sap.jktyre.in:44305/sap/opu/odata/sap/ZINFI_PLT_API_SRV/InfiMouldMstSet('C1955R16UXRTLHM01')"", 'uri': ""https://s4api.sap.jktyre.in:44305/sap/opu/odata/sap/ZINFI_PLT_API_SRV/InfiMouldMstSet('C1955R16UXRTLHM01')"", 'type': 'ZINFI_PLT_API_SRV.InfiMouldMst'}",C1955R16UXRTLHM01,195/55R16 UX ROYALE TL MSIL_HM01,1900,Chennai Tyre Plant,,,,ACTIVE,,
"{'id': ""https://s4api.sap.jktyre.in:44305/sap/opu/odata/sap/ZINFI_PLT_API_SRV/InfiMouldMstSet('C1955R16UXRTLHM02')"", 'uri': ""https://s4api.sap.jktyre.in:44305/sap/opu/odata/sap/ZINFI_PLT_API_SRV/InfiMouldMstSet('C1955R16UXRTLHM02')"", 'type': 'ZINFI_PLT_API_SRV.InfiMouldMst'}",C1955R16UXRTLHM02,195/55R16 UX ROYALE TL MSIL_HM02,1900,Chennai Tyre Plant,,,,ACTIVE,,
"{'id': ""https://s4api.sap.jktyre.in:44305/sap/opu/odata/sap/ZINFI_PLT_API_SRV/InfiMouldMstSet('C19560R14SPTTLGC01')"", 'uri': ""https://s4api.sap.jktyre.in:44305/sap/opu/odata/sap/ZINFI_PLT_API_SRV/InfiMouldMstSet('C19560R14SPTTLGC01')"", 'type': 'ZINFI_PLT_API_SRV.InfiMouldMst'}",C19560R14SPTTLGC01,195/60R14 ULTIMA SPORT TL_GC01,1900,Chennai Tyre Plant,,,,ACTIVE,,
"{'id': ""https://s4api.sap.jktyre.in:44305/sap/opu/odata/sap/ZINFI_PLT_API_SRV/InfiMouldMstSet('C19560R14SPTTLMK01')"", 'uri': ""https://s4api.sap.jktyre.in:44305/sap/opu/odata/sap/ZINFI_PLT_API_SRV/InfiMouldMstSet('C19560R14SPTTLMK01')"", 'type': 'ZINFI_PLT_API_SRV.InfiMouldMst'}",C19560R14SPTTLMK01,195/60R14 ULTIMA SPORT TL_MK01,1900,Chennai Tyre Plant,,,,ACTIVE,,
"{'id': ""https://s4api.sap.jktyre.in:44305/sap/opu/odata/sap/ZINFI_PLT_API_SRV/InfiMouldMstSet('C19560R15UX1TLGC01')"", 'uri': ""https://s4api.sap.jktyre.in:44305/sap/opu/odata/sap/ZINFI_PLT_API_SRV/InfiMouldMstSet('C19560R15UX1TLGC01')"", 'type': 'ZINFI_PLT_API_SRV.InfiMouldMst'}",C19560R15UX1TLGC01,195/60R15 UX1 TL_GC01,1900,Chennai Tyre Plant,,,,ACTIVE,,
"{'id': ""https://s4api.sap.jktyre.in:44305/sap/opu/odata/sap/ZINFI_PLT_API_SRV/InfiMouldMstSet('C19560R15UX1TLGC03')"", 'uri': ""https://s4api.sap.jktyre.in:44305/sap/opu/odata/sap/ZINFI_PLT_API_SRV/InfiMouldMstSet('C19560R15UX1TLGC03')"", 'type': 'ZINFI_PLT_API_SRV.InfiMouldMst'}",C19560R15UX1TLGC03,195/60R15 UX1 TL_GC03,1900,Chennai Tyre Plant,,,,ACTIVE,,
"{'id': ""https://s4api.sap.jktyre.in:44305/sap/opu/odata/sap/ZINFI_PLT_API_SRV/InfiMouldMstSet('C19560R16RHPEHMI01')"", 'uri': ""https://s4api.sap.jktyre.in:44305/sap/opu/odata/sap/ZINFI_PLT_API_SRV/InfiMouldMstSet('C19560R16RHPEHMI01')"", 'type': 'ZINFI_PLT_API_SRV.InfiMouldMst'}",C19560R16RHPEHMI01,195/60R16 RANGER HPE HMI-01,1900,Chennai Tyre Plant,,,,ACTIVE,,
"{'id': ""https://s4api.sap.jktyre.in:44305/sap/opu/odata/sap/ZINFI_PLT_API_SRV/InfiMouldMstSet('C19560R16RHPEHMI02')"", 'uri': ""https://s4api.sap.jktyre.in:44305/sap/opu/odata/sap/ZINFI_PLT_API_SRV/InfiMouldMstSet('C19560R16RHPEHMI02')"", 'type': 'ZINFI_PLT_API_SRV.InfiMouldMst'}",C19560R16RHPEHMI02,195/60R16 RANGER HPE HMI-02,1900,Chennai Tyre Plant,,,,ACTIVE,,
"{'id': ""https://s4api.sap.jktyre.in:44305/sap/opu/odata/sap/ZINFI_PLT_API_SRV/InfiMouldMstSet('C19560R16RHPEHMI05')"", 'uri': ""https://s4api.sap.jktyre.in:44305/sap/opu/odata/sap/ZINFI_PLT_API_SRV/InfiMouldMstSet('C19560R16RHPEHMI05')"", 'type': 'ZINFI_PLT_API_SRV.InfiMouldMst'}",C19560R16RHPEHMI05,195/60R16 RANGER HPE HMI-05,1900,Chennai Tyre Plant,,,,ACTIVE,,
"{'id': ""https://s4api.sap.jktyre.in:44305/sap/opu/odata/sap/ZINFI_PLT_API_SRV/InfiMouldMstSet('C19560R16RHPEHMI06')"", 'uri': ""https://s4api.sap.jktyre.in:44305/sap/opu/odata/sap/ZINFI_PLT_API_SRV/InfiMouldMstSet('C19560R16RHPEHMI06')"", 'type': 'ZINFI_PLT_API_SRV.InfiMouldMst'}",C19560R16RHPEHMI06,195/60R16 RANGER HPE HMI-06,1900,Chennai Tyre Plant,,,,ACTIVE,,
"{'id': ""https://s4api.sap.jktyre.in:44305/sap/opu/odata/sap/ZINFI_PLT_API_SRV/InfiMouldMstSet('C19560R16RHPEHMI07')"", 'uri': ""https://s4api.sap.jktyre.in:44305/sap/opu/odata/sap/ZINFI_PLT_API_SRV/InfiMouldMstSet('C19560R16RHPEHMI07')"", 'type': 'ZINFI_PLT_API_SRV.InfiMouldMst'}",C19560R16RHPEHMI07,195/60R16 RANGER HPE HMI-07,1900,Chennai Tyre Plant,,,,ACTIVE,,
"{'id': ""https://s4api.sap.jktyre.in:44305/sap/opu/odata/sap/ZINFI_PLT_API_SRV/InfiMouldMstSet('C19560R16RHPEHMI08')"", 'uri': ""https://s4api.sap.jktyre.in:44305/sap/opu/odata/sap/ZINFI_PLT_API_SRV/InfiMouldMstSet('C19560R16RHPEHMI08')"", 'type': 'ZINFI_PLT_API_SRV.InfiMouldMst'}",C19560R16RHPEHMI08,195/60R16 RANGER HPE HMI-08,1900,Chennai Tyre Plant,,,,ACTIVE,,
"{'id': ""https://s4api.sap.jktyre.in:44305/sap/opu/odata/sap/ZINFI_PLT_API_SRV/InfiMouldMstSet('C19560R16RHPEHMI09')"", 'uri': ""https://s4api.sap.jktyre.in:44305/sap/opu/odata/sap/ZINFI_PLT_API_SRV/InfiMouldMstSet('C19560R16RHPEHMI09')"", 'type': 'ZINFI_PLT_API_SRV.InfiMouldMst'}",C19560R16RHPEHMI09,195/60R16 RANGER HPE HMI-09,1900,Chennai Tyre Plant,,,,ACTIVE,,
"{'id': ""https://s4api.sap.jktyre.in:44305/sap/opu/odata/sap/ZINFI_PLT_API_SRV/InfiMouldMstSet('C19560R16RHPEHMI10')"", 'uri': ""https://s4api.sap.jktyre.in:44305/sap/opu/odata/sap/ZINFI_PLT_API_SRV/InfiMouldMstSet('C19560R16RHPEHMI10')"", 'type': 'ZINFI_PLT_API_SRV.InfiMouldMst'}",C19560R16RHPEHMI10,195/60R16 RANGER HPE HMI-10,1900,Chennai Tyre Plant,,,,ACTIVE,,
"{'id': ""https://s4api.sap.jktyre.in:44305/sap/opu/odata/sap/ZINFI_PLT_API_SRV/InfiMouldMstSet('C19560R16UXRTHMI01')"", 'uri': ""https://s4api.sap.jktyre.in:44305/sap/opu/odata/sap/ZINFI_PLT_API_SRV/InfiMouldMstSet('C19560R16UXRTHMI01')"", 'type': 'ZINFI_PLT_API_SRV.InfiMouldMst'}",C19560R16UXRTHMI01,195/60R16 UX ROYALE TL _ HMI01,1900,Chennai Tyre Plant,,,,ACTIVE,,
"{'id': ""https://s4api.sap.jktyre.in:44305/sap/opu/odata/sap/ZINFI_PLT_API_SRV/InfiMouldMstSet('C19560R16UXRTHMI02')"", 'uri': ""https://s4api.sap.jktyre.in:44305/sap/opu/odata/sap/ZINFI_PLT_API_SRV/InfiMouldMstSet('C19560R16UXRTHMI02')"", 'type': 'ZINFI_PLT_API_SRV.InfiMouldMst'}",C19560R16UXRTHMI02,195/60R16 UX ROYALE TL _ HMI02,1900,Chennai Tyre Plant,,,,ACTIVE,,
"{'id': ""https://s4api.sap.jktyre.in:44305/sap/opu/odata/sap/ZINFI_PLT_API_SRV/InfiMouldMstSet('C19565R15ALPHM01')"", 'uri': ""https://s4api.sap.jktyre.in:44305/sap/opu/odata/sap/ZINFI_PLT_API_SRV/InfiMouldMstSet('C19565R15ALPHM01')"", 'type': 'ZINFI_PLT_API_SRV.InfiMouldMst'}",C19565R15ALPHM01,195/65R15 UX ALP TL _ HM01,1900,Chennai Tyre Plant,,,,ACTIVE,,
"{'id': ""https://s4api.sap.jktyre.in:44305/sap/opu/odata/sap/ZINFI_PLT_API_SRV/InfiMouldMstSet('C19565R15ALPTLGC01')"", 'uri': ""https://s4api.sap.jktyre.in:44305/sap/opu/odata/sap/ZINFI_PLT_API_SRV/InfiMouldMstSet('C19565R15ALPTLGC01')"", 'type': 'ZINFI_PLT_API_SRV.InfiMouldMst'}",C19565R15ALPTLGC01,195/65R15 UX ALP TL _ GC01,1900,Chennai Tyre Plant,,,,ACTIVE,,
"{'id': ""https://s4api.sap.jktyre.in:44305/sap/opu/odata/sap/ZINFI_PLT_API_SRV/InfiMouldMstSet('C195R14UXPC1TLGC01')"", 'uri': ""https://s4api.sap.jktyre.in:44305/sap/opu/odata/sap/ZINFI_PLT_API_SRV/InfiMouldMstSet('C195R14UXPC1TLGC01')"", 'type': 'ZINFI_PLT_API_SRV.InfiMouldMst'}",C195R14UXPC1TLGC01,195R14 ULTIMA XPC1 TL_GC01,1900,Chennai Tyre Plant,,,,ACTIVE,,
"{'id': ""https://s4api.sap.jktyre.in:44305/sap/opu/odata/sap/ZINFI_PLT_API_SRV/InfiMouldMstSet('C195R14UXPC1TLGC02')"", 'uri': ""https://s4api.sap.jktyre.in:44305/sap/opu/odata/sap/ZINFI_PLT_API_SRV/InfiMouldMstSet('C195R14UXPC1TLGC02')"", 'type': 'ZINFI_PLT_API_SRV.InfiMouldMst'}",C195R14UXPC1TLGC02,195R14 ULTIMA XPC1 TL_GC02,1900,Chennai Tyre Plant,,,,ACTIVE,,
"{'id': ""https://s4api.sap.jktyre.in:44305/sap/opu/odata/sap/ZINFI_PLT_API_SRV/InfiMouldMstSet('C195R14UXPC1TLMK01')"", 'uri': ""https://s4api.sap.jktyre.in:44305/sap/opu/odata/sap/ZINFI_PLT_API_SRV/InfiMouldMstSet('C195R14UXPC1TLMK01')"", 'type': 'ZINFI_PLT_API_SRV.InfiMouldMst'}",C195R14UXPC1TLMK01,195R14 ULTIMA XPC1 TL_MK01,1900,Chennai Tyre Plant,,,,ACTIVE,,
"{'id': ""https://s4api.sap.jktyre.in:44305/sap/opu/odata/sap/ZINFI_PLT_API_SRV/InfiMouldMstSet('C195R14UXPC1TLMK02')"", 'uri': ""https://s4api.sap.jktyre.in:44305/sap/opu/odata/sap/ZINFI_PLT_API_SRV/InfiMouldMstSet('C195R14UXPC1TLMK02')"", 'type': 'ZINFI_PLT_API_SRV.InfiMouldMst'}",C195R14UXPC1TLMK02,195R14 ULTIMA XPC1 TL_MK02,1900,Chennai Tyre Plant,,,,ACTIVE,,
"{'id': ""https://s4api.sap.jktyre.in:44305/sap/opu/odata/sap/ZINFI_PLT_API_SRV/InfiMouldMstSet('C195R15CXPC1THMI01')"", 'uri': ""https://s4api.sap.jktyre.in:44305/sap/opu/odata/sap/ZINFI_PLT_API_SRV/InfiMouldMstSet('C195R15CXPC1THMI01')"", 'type': 'ZINFI_PLT_API_SRV.InfiMouldMst'}",C195R15CXPC1THMI01,195R15 ULTIMA XPC1 DMD 3846 AL_HMI01,1900,Chennai Tyre Plant,,,,ACTIVE,,
"{'id': ""https://s4api.sap.jktyre.in:44305/sap/opu/odata/sap/ZINFI_PLT_API_SRV/InfiMouldMstSet('C195R15CXPC1THMI02')"", 'uri': ""https://s4api.sap.jktyre.in:44305/sap/opu/odata/sap/ZINFI_PLT_API_SRV/InfiMouldMstSet('C195R15CXPC1THMI02')"", 'type': 'ZINFI_PLT_API_SRV.InfiMouldMst'}",C195R15CXPC1THMI02,195R15 ULTIMA XPC1 DMD 3846 AL_HMI02,1900,Chennai Tyre Plant,,,,ACTIVE,,
"{'id': ""https://s4api.sap.jktyre.in:44305/sap/opu/odata/sap/ZINFI_PLT_API_SRV/InfiMouldMstSet('C195R15CXPC1THMI03')"", 'uri': ""https://s4api.sap.jktyre.in:44305/sap/opu/odata/sap/ZINFI_PLT_API_SRV/InfiMouldMstSet('C195R15CXPC1THMI03')"", 'type': 'ZINFI_PLT_API_SRV.InfiMouldMst'}",C195R15CXPC1THMI03,195R15 ULTIMA XPC1 DMD 3846 AL_HMI03,1900,Chennai Tyre Plant,,,,ACTIVE,,
"{'id': ""https://s4api.sap.jktyre.in:44305/sap/opu/odata/sap/ZINFI_PLT_API_SRV/InfiMouldMstSet('C195R15CXPC1THMI04')"", 'uri': ""https://s4api.sap.jktyre.in:44305/sap/opu/odata/sap/ZINFI_PLT_API_SRV/InfiMouldMstSet('C195R15CXPC1THMI04')"", 'type': 'ZINFI_PLT_API_SRV.InfiMouldMst'}",C195R15CXPC1THMI04,195R15 ULTIMA XPC1 DMD 3846 AL_HMI04,1900,Chennai Tyre Plant,,,,ACTIVE,,
"{'id': ""https://s4api.sap.jktyre.in:44305/sap/opu/odata/sap/ZINFI_PLT_API_SRV/InfiMouldMstSet('C195R15CXPC1TLHM01')"", 'uri': ""https://s4api.sap.jktyre.in:44305/sap/opu/odata/sap/ZINFI_PLT_API_SRV/InfiMouldMstSet('C195R15CXPC1TLHM01')"", 'type': 'ZINFI_PLT_API_SRV.InfiMouldMst'}",C195R15CXPC1TLHM01,195R15 ULTIMA XPC1 DMD 3846 AL_HM01,1900,Chennai Tyre Plant,,,,ACTIVE,,
"{'id': ""https://s4api.sap.jktyre.in:44305/sap/opu/odata/sap/ZINFI_PLT_API_SRV/InfiMouldMstSet('C195R15CXPC1TLHM02')"", 'uri': ""https://s4api.sap.jktyre.in:44305/sap/opu/odata/sap/ZINFI_PLT_API_SRV/InfiMouldMstSet('C195R15CXPC1TLHM02')"", 'type': 'ZINFI_PLT_API_SRV.InfiMouldMst'}",C195R15CXPC1TLHM02,195R15 ULTIMA XPC1 DMD 3846 AL_HM02,1900,Chennai Tyre Plant,,,,ACTIVE,,
"{'id': ""https://s4api.sap.jktyre.in:44305/sap/opu/odata/sap/ZINFI_PLT_API_SRV/InfiMouldMstSet('C195R15CXPC1TLHM03')"", 'uri': ""https://s4api.sap.jktyre.in:44305/sap/opu/odata/sap/ZINFI_PLT_API_SRV/InfiMouldMstSet('C195R15CXPC1TLHM03')"", 'type': 'ZINFI_PLT_API_SRV.InfiMouldMst'}",C195R15CXPC1TLHM03,195R15 ULTIMA XPC1 DMD 3846 AL_HM03,1900,Chennai Tyre Plant,,,,ACTIVE,,
"{'id': ""https://s4api.sap.jktyre.in:44305/sap/opu/odata/sap/ZINFI_PLT_API_SRV/InfiMouldMstSet('C195R15CXPC1TLHM04')"", 'uri': ""https://s4api.sap.jktyre.in:44305/sap/opu/odata/sap/ZINFI_PLT_API_SRV/InfiMouldMstSet('C195R15CXPC1TLHM04')"", 'type': 'ZINFI_PLT_API_SRV.InfiMouldMst'}",C195R15CXPC1TLHM04,195R15 ULTIMA XPC1 DMD 3846 AL_HM04,1900,Chennai Tyre Plant,,,,ACTIVE,,
"{'id': ""https://s4api.sap.jktyre.in:44305/sap/opu/odata/sap/ZINFI_PLT_API_SRV/InfiMouldMstSet('C195R15CXPC1TLHM05')"", 'uri': ""https://s4api.sap.jktyre.in:44305/sap/opu/odata/sap/ZINFI_PLT_API_SRV/InfiMouldMstSet('C195R15CXPC1TLHM05')"", 'type': 'ZINFI_PLT_API_SRV.InfiMouldMst'}",C195R15CXPC1TLHM05,195R15 ULTIMA XPC1 DMD 3846 AL_HM05,1900,Chennai Tyre Plant,,,,ACTIVE,,
"{'id': ""https://s4api.sap.jktyre.in:44305/sap/opu/odata/sap/ZINFI_PLT_API_SRV/InfiMouldMstSet('C195R15CXPC1TLHM06')"", 'uri': ""https://s4api.sap.jktyre.in:44305/sap/opu/odata/sap/ZINFI_PLT_API_SRV/InfiMouldMstSet('C195R15CXPC1TLHM06')"", 'type': 'ZINFI_PLT_API_SRV.InfiMouldMst'}",C195R15CXPC1TLHM06,195R15 ULTIMA XPC1 DMD 3846 AL_HM06,1900,Chennai Tyre Plant,,,,ACTIVE,,
"{'id': ""https://s4api.sap.jktyre.in:44305/sap/opu/odata/sap/ZINFI_PLT_API_SRV/InfiMouldMstSet('C195R15UXPC1TCHM01')"", 'uri': ""https://s4api.sap.jktyre.in:44305/sap/opu/odata/sap/ZINFI_PLT_API_SRV/InfiMouldMstSet('C195R15UXPC1TCHM01')"", 'type': 'ZINFI_PLT_API_SRV.InfiMouldMst'}",C195R15UXPC1TCHM01,195R15 ULTIMA XPC1 TL_CHM01,1900,Chennai Tyre Plant,,,,ACTIVE,,
"{'id': ""https://s4api.sap.jktyre.in:44305/sap/opu/odata/sap/ZINFI_PLT_API_SRV/InfiMouldMstSet('C195R15UXPC1TCHM02')"", 'uri': ""https://s4api.sap.jktyre.in:44305/sap/opu/odata/sap/ZINFI_PLT_API_SRV/InfiMouldMstSet('C195R15UXPC1TCHM02')"", 'type': 'ZINFI_PLT_API_SRV.InfiMouldMst'}",C195R15UXPC1TCHM02,195R15 ULTIMA XPC1 TL_CHM02,1900,Chennai Tyre Plant,,,,ACTIVE,,
"{'id': ""https://s4api.sap.jktyre.in:44305/sap/opu/odata/sap/ZINFI_PLT_API_SRV/InfiMouldMstSet('C195R15UXPC1TLGC01')"", 'uri': ""https://s4api.sap.jktyre.in:44305/sap/opu/odata/sap/ZINFI_PLT_API_SRV/InfiMouldMstSet('C195R15UXPC1TLGC01')"", 'type': 'ZINFI_PLT_API_SRV.InfiMouldMst'}",C195R15UXPC1TLGC01,195R15 ULTIMA XPC1 TL_GC01,1900,Chennai Tyre Plant,,,,ACTIVE,,
"{'id': ""https://s4api.sap.jktyre.in:44305/sap/opu/odata/sap/ZINFI_PLT_API_SRV/InfiMouldMstSet('C195R15UXPC1TLGC02')"", 'uri': ""https://s4api.sap.jktyre.in:44305/sap/opu/odata/sap/ZINFI_PLT_API_SRV/InfiMouldMstSet('C195R15UXPC1TLGC02')"", 'type': 'ZINFI_PLT_API_SRV.InfiMouldMst'}",C195R15UXPC1TLGC02,195R15 ULTIMA XPC1 TL_GC02,1900,Chennai Tyre Plant,,,,ACTIVE,,
"{'id': ""https://s4api.sap.jktyre.in:44305/sap/opu/odata/sap/ZINFI_PLT_API_SRV/InfiMouldMstSet('C195R15UXPC1TLGC03')"", 'uri': ""https://s4api.sap.jktyre.in:44305/sap/opu/odata/sap/ZINFI_PLT_API_SRV/InfiMouldMstSet('C195R15UXPC1TLGC03')"", 'type': 'ZINFI_PLT_API_SRV.InfiMouldMst'}",C195R15UXPC1TLGC03,195R15 ULTIMA XPC1 TL_GC03,1900,Chennai Tyre Plant,,,,ACTIVE,,
"{'id': ""https://s4api.sap.jktyre.in:44305/sap/opu/odata/sap/ZINFI_PLT_API_SRV/InfiMouldMstSet('C195R15UXPC1TLGC04')"", 'uri': ""https://s4api.sap.jktyre.in:44305/sap/opu/odata/sap/ZINFI_PLT_API_SRV/InfiMouldMstSet('C195R15UXPC1TLGC04')"", 'type': 'ZINFI_PLT_API_SRV.InfiMouldMst'}",C195R15UXPC1TLGC04,195R15 ULTIMA XPC1 TL_GC04,1900,Chennai Tyre Plant,,,,ACTIVE,,
"{'id': ""https://s4api.sap.jktyre.in:44305/sap/opu/odata/sap/ZINFI_PLT_API_SRV/InfiMouldMstSet('C195R15XPC1TLCGC01')"", 'uri': ""https://s4api.sap.jktyre.in:44305/sap/opu/odata/sap/ZINFI_PLT_API_SRV/InfiMouldMstSet('C195R15XPC1TLCGC01')"", 'type': 'ZINFI_PLT_API_SRV.InfiMouldMst'}",C195R15XPC1TLCGC01,195R15 ULTIMA XPC1 _DMD3846_CGC01,1900,Chennai Tyre Plant,,,,ACTIVE,,
"{'id': ""https://s4api.sap.jktyre.in:44305/sap/opu/odata/sap/ZINFI_PLT_API_SRV/InfiMouldMstSet('C195R15XPC1TLCGC02')"", 'uri': ""https://s4api.sap.jktyre.in:44305/sap/opu/odata/sap/ZINFI_PLT_API_SRV/InfiMouldMstSet('C195R15XPC1TLCGC02')"", 'type': 'ZINFI_PLT_API_SRV.InfiMouldMst'}",C195R15XPC1TLCGC02,195R15 ULTIMA XPC1 _DMD3846_CGC02,1900,Chennai Tyre Plant,,,,ACTIVE,,
"{'id': ""https://s4api.sap.jktyre.in:44305/sap/opu/odata/sap/ZINFI_PLT_API_SRV/InfiMouldMstSet('C195R15XPC1TLCGC03')"", 'uri': ""https://s4api.sap.jktyre.in:44305/sap/opu/odata/sap/ZINFI_PLT_API_SRV/InfiMouldMstSet('C195R15XPC1TLCGC03')"", 'type': 'ZINFI_PLT_API_SRV.InfiMouldMst'}",C195R15XPC1TLCGC03,195R15 ULTIMA XPC1 _DMD3846_CGC03,1900,Chennai Tyre Plant,,,,ACTIVE,,
"{'id': ""https://s4api.sap.jktyre.in:44305/sap/opu/odata/sap/ZINFI_PLT_API_SRV/InfiMouldMstSet('C195R15XPC1TLCGC04')"", 'uri': ""https://s4api.sap.jktyre.in:44305/sap/opu/odata/sap/ZINFI_PLT_API_SRV/InfiMouldMstSet('C195R15XPC1TLCGC04')"", 'type': 'ZINFI_PLT_API_SRV.InfiMouldMst'}",C195R15XPC1TLCGC04,195R15 ULTIMA XPC1 _DMD3846_CGC04,1900,Chennai Tyre Plant,,,,ACTIVE,,
"{'id': ""https://s4api.sap.jktyre.in:44305/sap/opu/odata/sap/ZINFI_PLT_API_SRV/InfiMouldMstSet('C20555R16UXRTLHM01')"", 'uri': ""https://s4api.sap.jktyre.in:44305/sap/opu/odata/sap/ZINFI_PLT_API_SRV/InfiMouldMstSet('C20555R16UXRTLHM01')"", 'type': 'ZINFI_PLT_API_SRV.InfiMouldMst'}",C20555R16UXRTLHM01,205/55R16 UX ROYALE TL_HM01,1900,Chennai Tyre Plant,,,,ACTIVE,,
"{'id': ""https://s4api.sap.jktyre.in:44305/sap/opu/odata/sap/ZINFI_PLT_API_SRV/InfiMouldMstSet('C20555R16UXRTLHM02')"", 'uri': ""https://s4api.sap.jktyre.in:44305/sap/opu/odata/sap/ZINFI_PLT_API_SRV/InfiMouldMstSet('C20555R16UXRTLHM02')"", 'type': 'ZINFI_PLT_API_SRV.InfiMouldMst'}",C20555R16UXRTLHM02,205/55R16 UX ROYALE TL_HM02,1900,Chennai Tyre Plant,,,,ACTIVE,,
"{'id': ""https://s4api.sap.jktyre.in:44305/sap/opu/odata/sap/ZINFI_PLT_API_SRV/InfiMouldMstSet('C20555R16UXRTLHM03')"", 'uri': ""https://s4api.sap.jktyre.in:44305/sap/opu/odata/sap/ZINFI_PLT_API_SRV/InfiMouldMstSet('C20555R16UXRTLHM03')"", 'type': 'ZINFI_PLT_API_SRV.InfiMouldMst'}",C20555R16UXRTLHM03,205/55R16 UX ROYALE TL_HM03,1900,Chennai Tyre Plant,,,,ACTIVE,,
"{'id': ""https://s4api.sap.jktyre.in:44305/sap/opu/odata/sap/ZINFI_PLT_API_SRV/InfiMouldMstSet('C20555R16UXRTLHM04')"", 'uri': ""https://s4api.sap.jktyre.in:44305/sap/opu/odata/sap/ZINFI_PLT_API_SRV/InfiMouldMstSet('C20555R16UXRTLHM04')"", 'type': 'ZINFI_PLT_API_SRV.InfiMouldMst'}",C20555R16UXRTLHM04,205/55R16 UX ROYALE TL_HM04,1900,Chennai Tyre Plant,,,,ACTIVE,,
"{'id': ""https://s4api.sap.jktyre.in:44305/sap/opu/odata/sap/ZINFI_PLT_API_SRV/InfiMouldMstSet('C20560R15UX1TLGC01')"", 'uri': ""https://s4api.sap.jktyre.in:44305/sap/opu/odata/sap/ZINFI_PLT_API_SRV/InfiMouldMstSet('C20560R15UX1TLGC01')"", 'type': 'ZINFI_PLT_API_SRV.InfiMouldMst'}",C20560R15UX1TLGC01,205/60R15 UX1 TL_GC01,1900,Chennai Tyre Plant,,,,ACTIVE,,
"{'id': ""https://s4api.sap.jktyre.in:44305/sap/opu/odata/sap/ZINFI_PLT_API_SRV/InfiMouldMstSet('C20560R15UX1TLGC02')"", 'uri': ""https://s4api.sap.jktyre.in:44305/sap/opu/odata/sap/ZINFI_PLT_API_SRV/InfiMouldMstSet('C20560R15UX1TLGC02')"", 'type': 'ZINFI_PLT_API_SRV.InfiMouldMst'}",C20560R15UX1TLGC02,205/60R15 UX1 TL_GC02,1900,Chennai Tyre Plant,,,,ACTIVE,,
"{'id': ""https://s4api.sap.jktyre.in:44305/sap/opu/odata/sap/ZINFI_PLT_API_SRV/InfiMouldMstSet('C20560R16ALPTLGC01')"", 'uri': ""https://s4api.sap.jktyre.in:44305/sap/opu/odata/sap/ZINFI_PLT_API_SRV/InfiMouldMstSet('C20560R16ALPTLGC01')"", 'type': 'ZINFI_PLT_API_SRV.InfiMouldMst'}",C20560R16ALPTLGC01,205/60R16 UX ALP TL_GC01,1900,Chennai Tyre Plant,,,,ACTIVE,,
"{'id': ""https://s4api.sap.jktyre.in:44305/sap/opu/odata/sap/ZINFI_PLT_API_SRV/InfiMouldMstSet('C20560R16ELZTLGC01')"", 'uri': ""https://s4api.sap.jktyre.in:44305/sap/opu/odata/sap/ZINFI_PLT_API_SRV/InfiMouldMstSet('C20560R16ELZTLGC01')"", 'type': 'ZINFI_PLT_API_SRV.InfiMouldMst'}",C20560R16ELZTLGC01,205/60R16 ELANZO NXT TL_GC01,1900,Chennai Tyre Plant,,,,ACTIVE,,
"{'id': ""https://s4api.sap.jktyre.in:44305/sap/opu/odata/sap/ZINFI_PLT_API_SRV/InfiMouldMstSet('C20560R16ELZTLGC02')"", 'uri': ""https://s4api.sap.jktyre.in:44305/sap/opu/odata/sap/ZINFI_PLT_API_SRV/InfiMouldMstSet('C20560R16ELZTLGC02')"", 'type': 'ZINFI_PLT_API_SRV.InfiMouldMst'}",C20560R16ELZTLGC02,205/60R16 ELANZO NXT TL_GC02,1900,Chennai Tyre Plant,,,,ACTIVE,,
"{'id': ""https://s4api.sap.jktyre.in:44305/sap/opu/odata/sap/ZINFI_PLT_API_SRV/InfiMouldMstSet('C20560R16ELZTLGC03')"", 'uri': ""https://s4api.sap.jktyre.in:44305/sap/opu/odata/sap/ZINFI_PLT_API_SRV/InfiMouldMstSet('C20560R16ELZTLGC03')"", 'type': 'ZINFI_PLT_API_SRV.InfiMouldMst'}",C20560R16ELZTLGC03,205/60R16 ELANZO NXT TL_GC03,1900,Chennai Tyre Plant,,,,ACTIVE,,
"{'id': ""https://s4api.sap.jktyre.in:44305/sap/opu/odata/sap/ZINFI_PLT_API_SRV/InfiMouldMstSet('C20560R16ELZTLGC04')"", 'uri': ""https://s4api.sap.jktyre.in:44305/sap/opu/odata/sap/ZINFI_PLT_API_SRV/InfiMouldMstSet('C20560R16ELZTLGC04')"", 'type': 'ZINFI_PLT_API_SRV.InfiMouldMst'}",C20560R16ELZTLGC04,205/60R16 ELANZO NXT TL_GC04,1900,Chennai Tyre Plant,,,,ACTIVE,,
"{'id': ""https://s4api.sap.jktyre.in:44305/sap/opu/odata/sap/ZINFI_PLT_API_SRV/InfiMouldMstSet('C20560R16ELZTLGC05')"", 'uri': ""https://s4api.sap.jktyre.in:44305/sap/opu/odata/sap/ZINFI_PLT_API_SRV/InfiMouldMstSet('C20560R16ELZTLGC05')"", 'type': 'ZINFI_PLT_API_SRV.InfiMouldMst'}",C20560R16ELZTLGC05,205/60R16 ELANZO NXT TL_GC05,1900,Chennai Tyre Plant,,,,ACTIVE,,
"{'id': ""https://s4api.sap.jktyre.in:44305/sap/opu/odata/sap/ZINFI_PLT_API_SRV/InfiMouldMstSet('C20560R16ELZTLGC06')"", 'uri': ""https://s4api.sap.jktyre.in:44305/sap/opu/odata/sap/ZINFI_PLT_API_SRV/InfiMouldMstSet('C20560R16ELZTLGC06')"", 'type': 'ZINFI_PLT_API_SRV.InfiMouldMst'}",C20560R16ELZTLGC06,205/60R16 ELANZO NXT TL_GC06,1900,Chennai Tyre Plant,,,,ACTIVE,,
"{'id': ""https://s4api.sap.jktyre.in:44305/sap/opu/odata/sap/ZINFI_PLT_API_SRV/InfiMouldMstSet('C20560R16ELZTLGC07')"", 'uri': ""https://s4api.sap.jktyre.in:44305/sap/opu/odata/sap/ZINFI_PLT_API_SRV/InfiMouldMstSet('C20560R16ELZTLGC07')"", 'type': 'ZINFI_PLT_API_SRV.InfiMouldMst'}",C20560R16ELZTLGC07,205/60R16 ELANZO NXT TL_GC07,1900,Chennai Tyre Plant,,,,ACTIVE,,
"{'id': ""https://s4api.sap.jktyre.in:44305/sap/opu/odata/sap/ZINFI_PLT_API_SRV/InfiMouldMstSet('C20560R16ELZTLGC08')"", 'uri': ""https://s4api.sap.jktyre.in:44305/sap/opu/odata/sap/ZINFI_PLT_API_SRV/InfiMouldMstSet('C20560R16ELZTLGC08')"", 'type': 'ZINFI_PLT_API_SRV.InfiMouldMst'}",C20560R16ELZTLGC08,205/60R16 ELANZO NXT TL_GC08,1900,Chennai Tyre Plant,,,,ACTIVE,,
"{'id': ""https://s4api.sap.jktyre.in:44305/sap/opu/odata/sap/ZINFI_PLT_API_SRV/InfiMouldMstSet('C20560R16ELZTLHM01')"", 'uri': ""https://s4api.sap.jktyre.in:44305/sap/opu/odata/sap/ZINFI_PLT_API_SRV/InfiMouldMstSet('C20560R16ELZTLHM01')"", 'type': 'ZINFI_PLT_API_SRV.InfiMouldMst'}",C20560R16ELZTLHM01,205/60R16 ELANZO NXT TL_HM01,1900,Chennai Tyre Plant,,,,ACTIVE,,
"{'id': ""https://s4api.sap.jktyre.in:44305/sap/opu/odata/sap/ZINFI_PLT_API_SRV/InfiMouldMstSet('C20560R16ELZTLHM02')"", 'uri': ""https://s4api.sap.jktyre.in:44305/sap/opu/odata/sap/ZINFI_PLT_API_SRV/InfiMouldMstSet('C20560R16ELZTLHM02')"", 'type': 'ZINFI_PLT_API_SRV.InfiMouldMst'}",C20560R16ELZTLHM02,205/60R16 ELANZO NXT TL_HM02,1900,Chennai Tyre Plant,,,,ACTIVE,,
"{'id': ""https://s4api.sap.jktyre.in:44305/sap/opu/odata/sap/ZINFI_PLT_API_SRV/InfiMouldMstSet('C20560R16ELZTLHM03')"", 'uri': ""https://s4api.sap.jktyre.in:44305/sap/opu/odata/sap/ZINFI_PLT_API_SRV/InfiMouldMstSet('C20560R16ELZTLHM03')"", 'type': 'ZINFI_PLT_API_SRV.InfiMouldMst'}",C20560R16ELZTLHM03,205/60R16 ELANZO NXT TL_HM03,1900,Chennai Tyre Plant,,,,ACTIVE,,
"{'id': ""https://s4api.sap.jktyre.in:44305/sap/opu/odata/sap/ZINFI_PLT_API_SRV/InfiMouldMstSet('C20560R16ELZTLHM04')"", 'uri': ""https://s4api.sap.jktyre.in:44305/sap/opu/odata/sap/ZINFI_PLT_API_SRV/InfiMouldMstSet('C20560R16ELZTLHM04')"", 'type': 'ZINFI_PLT_API_SRV.InfiMouldMst'}",C20560R16ELZTLHM04,205/60R16 ELANZO NXT TL_HM04,1900,Chennai Tyre Plant,,,,ACTIVE,,
"{'id': ""https://s4api.sap.jktyre.in:44305/sap/opu/odata/sap/ZINFI_PLT_API_SRV/InfiMouldMstSet('C20560R16ELZTLHM05')"", 'uri': ""https://s4api.sap.jktyre.in:44305/sap/opu/odata/sap/ZINFI_PLT_API_SRV/InfiMouldMstSet('C20560R16ELZTLHM05')"", 'type': 'ZINFI_PLT_API_SRV.InfiMouldMst'}",C20560R16ELZTLHM05,205/60R16 ELANZO NXT TL_HM05,1900,Chennai Tyre Plant,,,,ACTIVE,,
"{'id': ""https://s4api.sap.jktyre.in:44305/sap/opu/odata/sap/ZINFI_PLT_API_SRV/InfiMouldMstSet('C20560R16ELZTLHM06')"", 'uri': ""https://s4api.sap.jktyre.in:44305/sap/opu/odata/sap/ZINFI_PLT_API_SRV/InfiMouldMstSet('C20560R16ELZTLHM06')"", 'type': 'ZINFI_PLT_API_SRV.InfiMouldMst'}",C20560R16ELZTLHM06,205/60R16 ELANZO NXT TL_HM06,1900,Chennai Tyre Plant,,,,ACTIVE,,
"{'id': ""https://s4api.sap.jktyre.in:44305/sap/opu/odata/sap/ZINFI_PLT_API_SRV/InfiMouldMstSet('C20560R16ELZTLMK01')"", 'uri': ""https://s4api.sap.jktyre.in:44305/sap/opu/odata/sap/ZINFI_PLT_API_SRV/InfiMouldMstSet('C20560R16ELZTLMK01')"", 'type': 'ZINFI_PLT_API_SRV.InfiMouldMst'}",C20560R16ELZTLMK01,205/60R16 ELANZO NXT TL_MK01,1900,Chennai Tyre Plant,,,,ACTIVE,,
"{'id': ""https://s4api.sap.jktyre.in:44305/sap/opu/odata/sap/ZINFI_PLT_API_SRV/InfiMouldMstSet('C20560R16ELZTLMK02')"", 'uri': ""https://s4api.sap.jktyre.in:44305/sap/opu/odata/sap/ZINFI_PLT_API_SRV/InfiMouldMstSet('C20560R16ELZTLMK02')"", 'type': 'ZINFI_PLT_API_SRV.InfiMouldMst'}",C20560R16ELZTLMK02,205/60R16 ELANZO NXT TL_MK02,1900,Chennai Tyre Plant,,,,ACTIVE,,
"{'id': ""https://s4api.sap.jktyre.in:44305/sap/opu/odata/sap/ZINFI_PLT_API_SRV/InfiMouldMstSet('C20560R16RHTHM01')"", 'uri': ""https://s4api.sap.jktyre.in:44305/sap/opu/odata/sap/ZINFI_PLT_API_SRV/InfiMouldMstSet('C20560R16RHTHM01')"", 'type': 'ZINFI_PLT_API_SRV.InfiMouldMst'}",C20560R16RHTHM01,205/60R16 RANGER HT TL_HM01,1900,Chennai Tyre Plant,,,,ACTIVE,,
"{'id': ""https://s4api.sap.jktyre.in:44305/sap/opu/odata/sap/ZINFI_PLT_API_SRV/InfiMouldMstSet('C20560R16RHTHM02')"", 'uri': ""https://s4api.sap.jktyre.in:44305/sap/opu/odata/sap/ZINFI_PLT_API_SRV/InfiMouldMstSet('C20560R16RHTHM02')"", 'type': 'ZINFI_PLT_API_SRV.InfiMouldMst'}",C20560R16RHTHM02,205/60R16 RANGER HT TL_HM02,1900,Chennai Tyre Plant,,,,ACTIVE,,
"{'id': ""https://s4api.sap.jktyre.in:44305/sap/opu/odata/sap/ZINFI_PLT_API_SRV/InfiMouldMstSet('C20560R16RHTTLHM03')"", 'uri': ""https://s4api.sap.jktyre.in:44305/sap/opu/odata/sap/ZINFI_PLT_API_SRV/InfiMouldMstSet('C20560R16RHTTLHM03')"", 'type': 'ZINFI_PLT_API_SRV.InfiMouldMst'}",C20560R16RHTTLHM03,205/60R16 RANGER HT TL _ HM03,1900,Chennai Tyre Plant,,,,ACTIVE,,
"{'id': ""https://s4api.sap.jktyre.in:44305/sap/opu/odata/sap/ZINFI_PLT_API_SRV/InfiMouldMstSet('C20560R16RHTTLHM04')"", 'uri': ""https://s4api.sap.jktyre.in:44305/sap/opu/odata/sap/ZINFI_PLT_API_SRV/InfiMouldMstSet('C20560R16RHTTLHM04')"", 'type': 'ZINFI_PLT_API_SRV.InfiMouldMst'}",C20560R16RHTTLHM04,205/60R16 RANGER HT TL _ HM04,1900,Chennai Tyre Plant,,,,ACTIVE,,
"{'id': ""https://s4api.sap.jktyre.in:44305/sap/opu/odata/sap/ZINFI_PLT_API_SRV/InfiMouldMstSet('C20560R16UXALPHM01')"", 'uri': ""https://s4api.sap.jktyre.in:44305/sap/opu/odata/sap/ZINFI_PLT_API_SRV/InfiMouldMstSet('C20560R16UXALPHM01')"", 'type': 'ZINFI_PLT_API_SRV.InfiMouldMst'}",C20560R16UXALPHM01,205/60R16 UX ALP _TL HMI01,1900,Chennai Tyre Plant,,,,ACTIVE,,
"{'id': ""https://s4api.sap.jktyre.in:44305/sap/opu/odata/sap/ZINFI_PLT_API_SRV/InfiMouldMstSet('C20560R16UXRMSGC01')"", 'uri': ""https://s4api.sap.jktyre.in:44305/sap/opu/odata/sap/ZINFI_PLT_API_SRV/InfiMouldMstSet('C20560R16UXRMSGC01')"", 'type': 'ZINFI_PLT_API_SRV.InfiMouldMst'}",C20560R16UXRMSGC01,205/60R16 UX ROYALE DMD3697-1_GC01,1900,Chennai Tyre Plant,,,,ACTIVE,,
"{'id': ""https://s4api.sap.jktyre.in:44305/sap/opu/odata/sap/ZINFI_PLT_API_SRV/InfiMouldMstSet('C20560R16VECTRMK05')"", 'uri': ""https://s4api.sap.jktyre.in:44305/sap/opu/odata/sap/ZINFI_PLT_API_SRV/InfiMouldMstSet('C20560R16VECTRMK05')"", 'type': 'ZINFI_PLT_API_SRV.InfiMouldMst'}",C20560R16VECTRMK05,205/60R16 VECTRA _MK05,1900,Chennai Tyre Plant,,,,ACTIVE,,
"{'id': ""https://s4api.sap.jktyre.in:44305/sap/opu/odata/sap/ZINFI_PLT_API_SRV/InfiMouldMstSet('C20560R16VECTRMK06')"", 'uri': ""https://s4api.sap.jktyre.in:44305/sap/opu/odata/sap/ZINFI_PLT_API_SRV/InfiMouldMstSet('C20560R16VECTRMK06')"", 'type': 'ZINFI_PLT_API_SRV.InfiMouldMst'}",C20560R16VECTRMK06,205/60R16 VECTRA _MK06,1900,Chennai Tyre Plant,,,,ACTIVE,,
"{'id': ""https://s4api.sap.jktyre.in:44305/sap/opu/odata/sap/ZINFI_PLT_API_SRV/InfiMouldMstSet('C20560R16VECTRMK07')"", 'uri': ""https://s4api.sap.jktyre.in:44305/sap/opu/odata/sap/ZINFI_PLT_API_SRV/InfiMouldMstSet('C20560R16VECTRMK07')"", 'type': 'ZINFI_PLT_API_SRV.InfiMouldMst'}",C20560R16VECTRMK07,205/60R16 VECTRA _MK07,1900,Chennai Tyre Plant,,,,ACTIVE,,
"{'id': ""https://s4api.sap.jktyre.in:44305/sap/opu/odata/sap/ZINFI_PLT_API_SRV/InfiMouldMstSet('C20560R16VECTRMK08')"", 'uri': ""https://s4api.sap.jktyre.in:44305/sap/opu/odata/sap/ZINFI_PLT_API_SRV/InfiMouldMstSet('C20560R16VECTRMK08')"", 'type': 'ZINFI_PLT_API_SRV.InfiMouldMst'}",C20560R16VECTRMK08,205/60R16 VECTRA _MK08,1900,Chennai Tyre Plant,,,,ACTIVE,,
"{'id': ""https://s4api.sap.jktyre.in:44305/sap/opu/odata/sap/ZINFI_PLT_API_SRV/InfiMouldMstSet('C20565R15ELZCRUSY1')"", 'uri': ""https://s4api.sap.jktyre.in:44305/sap/opu/odata/sap/ZINFI_PLT_API_SRV/InfiMouldMstSet('C20565R15ELZCRUSY1')"", 'type': 'ZINFI_PLT_API_SRV.InfiMouldMst'}",C20565R15ELZCRUSY1,205/65R15 ELANZO CRUSERO_SY1,1900,Chennai Tyre Plant,,,,ACTIVE,,
"{'id': ""https://s4api.sap.jktyre.in:44305/sap/opu/odata/sap/ZINFI_PLT_API_SRV/InfiMouldMstSet('C20565R15ELZCRUSY3')"", 'uri': ""https://s4api.sap.jktyre.in:44305/sap/opu/odata/sap/ZINFI_PLT_API_SRV/InfiMouldMstSet('C20565R15ELZCRUSY3')"", 'type': 'ZINFI_PLT_API_SRV.InfiMouldMst'}",C20565R15ELZCRUSY3,205/65R15 ELANZO CRUSERO_SY1,1900,Chennai Tyre Plant,,,,ACTIVE,,
"{'id': ""https://s4api.sap.jktyre.in:44305/sap/opu/odata/sap/ZINFI_PLT_API_SRV/InfiMouldMstSet('C20565R16RAUXHMI01')"", 'uri': ""https://s4api.sap.jktyre.in:44305/sap/opu/odata/sap/ZINFI_PLT_API_SRV/InfiMouldMstSet('C20565R16RAUXHMI01')"", 'type': 'ZINFI_PLT_API_SRV.InfiMouldMst'}",C20565R16RAUXHMI01,205/65R16 UX ROYALE _ HMI01,1900,Chennai Tyre Plant,,,,ACTIVE,,
"{'id': ""https://s4api.sap.jktyre.in:44305/sap/opu/odata/sap/ZINFI_PLT_API_SRV/InfiMouldMstSet('C20565R16RAUXHMI02')"", 'uri': ""https://s4api.sap.jktyre.in:44305/sap/opu/odata/sap/ZINFI_PLT_API_SRV/InfiMouldMstSet('C20565R16RAUXHMI02')"", 'type': 'ZINFI_PLT_API_SRV.InfiMouldMst'}",C20565R16RAUXHMI02,205/65R16 UX ROYALE _ HMI02,1900,Chennai Tyre Plant,,,,ACTIVE,,
"{'id': ""https://s4api.sap.jktyre.in:44305/sap/opu/odata/sap/ZINFI_PLT_API_SRV/InfiMouldMstSet('C20565R16UXRHMI01')"", 'uri': ""https://s4api.sap.jktyre.in:44305/sap/opu/odata/sap/ZINFI_PLT_API_SRV/InfiMouldMstSet('C20565R16UXRHMI01')"", 'type': 'ZINFI_PLT_API_SRV.InfiMouldMst'}",C20565R16UXRHMI01,205/65R16 UX ROYALE _ HMI-01,1900,Chennai Tyre Plant,,,,ACTIVE,,
"{'id': ""https://s4api.sap.jktyre.in:44305/sap/opu/odata/sap/ZINFI_PLT_API_SRV/InfiMouldMstSet('C20565R16UXRHMI02')"", 'uri': ""https://s4api.sap.jktyre.in:44305/sap/opu/odata/sap/ZINFI_PLT_API_SRV/InfiMouldMstSet('C20565R16UXRHMI02')"", 'type': 'ZINFI_PLT_API_SRV.InfiMouldMst'}",C20565R16UXRHMI02,205/65R16 UX ROYALE _ HMI-02,1900,Chennai Tyre Plant,,,,ACTIVE,,
"{'id': ""https://s4api.sap.jktyre.in:44305/sap/opu/odata/sap/ZINFI_PLT_API_SRV/InfiMouldMstSet('C20565R16UXRTLHM01')"", 'uri': ""https://s4api.sap.jktyre.in:44305/sap/opu/odata/sap/ZINFI_PLT_API_SRV/InfiMouldMstSet('C20565R16UXRTLHM01')"", 'type': 'ZINFI_PLT_API_SRV.InfiMouldMst'}",C20565R16UXRTLHM01,205/65R16 UX ROYALE PUNCTURE GUARD HM01,1900,Chennai Tyre Plant,,,,ACTIVE,,
"{'id': ""https://s4api.sap.jktyre.in:44305/sap/opu/odata/sap/ZINFI_PLT_API_SRV/InfiMouldMstSet('C20565R16UXRTLHM02')"", 'uri': ""https://s4api.sap.jktyre.in:44305/sap/opu/odata/sap/ZINFI_PLT_API_SRV/InfiMouldMstSet('C20565R16UXRTLHM02')"", 'type': 'ZINFI_PLT_API_SRV.InfiMouldMst'}",C20565R16UXRTLHM02,205/65R16 UX ROYALE PUNCTURE GUARD HM02,1900,Chennai Tyre Plant,,,,ACTIVE,,
"{'id': ""https://s4api.sap.jktyre.in:44305/sap/opu/odata/sap/ZINFI_PLT_API_SRV/InfiMouldMstSet('C20565R16UXRTLHM03')"", 'uri': ""https://s4api.sap.jktyre.in:44305/sap/opu/odata/sap/ZINFI_PLT_API_SRV/InfiMouldMstSet('C20565R16UXRTLHM03')"", 'type': 'ZINFI_PLT_API_SRV.InfiMouldMst'}",C20565R16UXRTLHM03,205/65R16 UX ROYALE TL HM03,1900,Chennai Tyre Plant,,,,ACTIVE,,
"{'id': ""https://s4api.sap.jktyre.in:44305/sap/opu/odata/sap/ZINFI_PLT_API_SRV/InfiMouldMstSet('C20565R16UXRTLHM04')"", 'uri': ""https://s4api.sap.jktyre.in:44305/sap/opu/odata/sap/ZINFI_PLT_API_SRV/InfiMouldMstSet('C20565R16UXRTLHM04')"", 'type': 'ZINFI_PLT_API_SRV.InfiMouldMst'}",C20565R16UXRTLHM04,205/65R16 UX ROYALE TL HM04,1900,Chennai Tyre Plant,,,,ACTIVE,,
"{'id': ""https://s4api.sap.jktyre.in:44305/sap/opu/odata/sap/ZINFI_PLT_API_SRV/InfiMouldMstSet('C20565R16UXRTLHM07')"", 'uri': ""https://s4api.sap.jktyre.in:44305/sap/opu/odata/sap/ZINFI_PLT_API_SRV/InfiMouldMstSet('C20565R16UXRTLHM07')"", 'type': 'ZINFI_PLT_API_SRV.InfiMouldMst'}",C20565R16UXRTLHM07,205/65R16 UX ROYALE _ HM07,1900,Chennai Tyre Plant,,,,ACTIVE,,
"{'id': ""https://s4api.sap.jktyre.in:44305/sap/opu/odata/sap/ZINFI_PLT_API_SRV/InfiMouldMstSet('C20565R16UXRTLHM08')"", 'uri': ""https://s4api.sap.jktyre.in:44305/sap/opu/odata/sap/ZINFI_PLT_API_SRV/InfiMouldMstSet('C20565R16UXRTLHM08')"", 'type': 'ZINFI_PLT_API_SRV.InfiMouldMst'}",C20565R16UXRTLHM08,205/65R16 UX ROYALE _ HM08,1900,Chennai Tyre Plant,,,,ACTIVE,,
"{'id': ""https://s4api.sap.jktyre.in:44305/sap/opu/odata/sap/ZINFI_PLT_API_SRV/InfiMouldMstSet('C20565R16UXRTLHM09')"", 'uri': ""https://s4api.sap.jktyre.in:44305/sap/opu/odata/sap/ZINFI_PLT_API_SRV/InfiMouldMstSet('C20565R16UXRTLHM09')"", 'type': 'ZINFI_PLT_API_SRV.InfiMouldMst'}",C20565R16UXRTLHM09,,1900,Chennai Tyre Plant,,,,ACTIVE,,
"{'id': ""https://s4api.sap.jktyre.in:44305/sap/opu/odata/sap/ZINFI_PLT_API_SRV/InfiMouldMstSet('C20565R16UXRTLHM10')"", 'uri': ""https://s4api.sap.jktyre.in:44305/sap/opu/odata/sap/ZINFI_PLT_API_SRV/InfiMouldMstSet('C20565R16UXRTLHM10')"", 'type': 'ZINFI_PLT_API_SRV.InfiMouldMst'}",C20565R16UXRTLHM10,205/65R16 UX ROYALE _ HM10,1900,Chennai Tyre Plant,,,,ACTIVE,,
"{'id': ""https://s4api.sap.jktyre.in:44305/sap/opu/odata/sap/ZINFI_PLT_API_SRV/InfiMouldMstSet('C20565R16UXRTLHM11')"", 'uri': ""https://s4api.sap.jktyre.in:44305/sap/opu/odata/sap/ZINFI_PLT_API_SRV/InfiMouldMstSet('C20565R16UXRTLHM11')"", 'type': 'ZINFI_PLT_API_SRV.InfiMouldMst'}",C20565R16UXRTLHM11,205/65R16 UX ROYALE _ HM11,1900,Chennai Tyre Plant,,,,ACTIVE,,
"{'id': ""https://s4api.sap.jktyre.in:44305/sap/opu/odata/sap/ZINFI_PLT_API_SRV/InfiMouldMstSet('C20565R16UXRTLHM12')"", 'uri': ""https://s4api.sap.jktyre.in:44305/sap/opu/odata/sap/ZINFI_PLT_API_SRV/InfiMouldMstSet('C20565R16UXRTLHM12')"", 'type': 'ZINFI_PLT_API_SRV.InfiMouldMst'}",C20565R16UXRTLHM12,205/65R16 UX ROYALE _ HM12,1900,Chennai Tyre Plant,,,,ACTIVE,,
"{'id': ""https://s4api.sap.jktyre.in:44305/sap/opu/odata/sap/ZINFI_PLT_API_SRV/InfiMouldMstSet('C20565R16UXRTY01')"", 'uri': ""https://s4api.sap.jktyre.in:44305/sap/opu/odata/sap/ZINFI_PLT_API_SRV/InfiMouldMstSet('C20565R16UXRTY01')"", 'type': 'ZINFI_PLT_API_SRV.InfiMouldMst'}",C20565R16UXRTY01,205/65R16 UX ROYALE_TY01,1900,Chennai Tyre Plant,,,,ACTIVE,,
"{'id': ""https://s4api.sap.jktyre.in:44305/sap/opu/odata/sap/ZINFI_PLT_API_SRV/InfiMouldMstSet('C20565R16UXRTY02')"", 'uri': ""https://s4api.sap.jktyre.in:44305/sap/opu/odata/sap/ZINFI_PLT_API_SRV/InfiMouldMstSet('C20565R16UXRTY02')"", 'type': 'ZINFI_PLT_API_SRV.InfiMouldMst'}",C20565R16UXRTY02,205/65R16 UX ROYALE_TY02,1900,Chennai Tyre Plant,,,,ACTIVE,,
"{'id': ""https://s4api.sap.jktyre.in:44305/sap/opu/odata/sap/ZINFI_PLT_API_SRV/InfiMouldMstSet('C20570R15RATTLHM01')"", 'uri': ""https://s4api.sap.jktyre.in:44305/sap/opu/odata/sap/ZINFI_PLT_API_SRV/InfiMouldMstSet('C20570R15RATTLHM01')"", 'type': 'ZINFI_PLT_API_SRV.InfiMouldMst'}",C20570R15RATTLHM01,205/70R15 RANGER AT TL_HM01,1900,Chennai Tyre Plant,,,,ACTIVE,,
"{'id': ""https://s4api.sap.jktyre.in:44305/sap/opu/odata/sap/ZINFI_PLT_API_SRV/InfiMouldMstSet('C20570R15RATTLHM02')"", 'uri': ""https://s4api.sap.jktyre.in:44305/sap/opu/odata/sap/ZINFI_PLT_API_SRV/InfiMouldMstSet('C20570R15RATTLHM02')"", 'type': 'ZINFI_PLT_API_SRV.InfiMouldMst'}",C20570R15RATTLHM02,205/70R15 RANGER AT TL_HM02,1900,Chennai Tyre Plant,,,,ACTIVE,,
"{'id': ""https://s4api.sap.jktyre.in:44305/sap/opu/odata/sap/ZINFI_PLT_API_SRV/InfiMouldMstSet('C21550R17UX1HM01')"", 'uri': ""https://s4api.sap.jktyre.in:44305/sap/opu/odata/sap/ZINFI_PLT_API_SRV/InfiMouldMstSet('C21550R17UX1HM01')"", 'type': 'ZINFI_PLT_API_SRV.InfiMouldMst'}",C21550R17UX1HM01,215/50R17UX1 _TL _HM-01,1900,Chennai Tyre Plant,,,,ACTIVE,,
"{'id': ""https://s4api.sap.jktyre.in:44305/sap/opu/odata/sap/ZINFI_PLT_API_SRV/InfiMouldMstSet('C21550R17UX1HM02')"", 'uri': ""https://s4api.sap.jktyre.in:44305/sap/opu/odata/sap/ZINFI_PLT_API_SRV/InfiMouldMstSet('C21550R17UX1HM02')"", 'type': 'ZINFI_PLT_API_SRV.InfiMouldMst'}",C21550R17UX1HM02,215/50R17UX1 _TL _HM-02,1900,Chennai Tyre Plant,,,,ACTIVE,,
"{'id': ""https://s4api.sap.jktyre.in:44305/sap/opu/odata/sap/ZINFI_PLT_API_SRV/InfiMouldMstSet('C21555R17RHPEHMI01')"", 'uri': ""https://s4api.sap.jktyre.in:44305/sap/opu/odata/sap/ZINFI_PLT_API_SRV/InfiMouldMstSet('C21555R17RHPEHMI01')"", 'type': 'ZINFI_PLT_API_SRV.InfiMouldMst'}",C21555R17RHPEHMI01,215/55R17 RANGER HPE TL _HMI01,1900,Chennai Tyre Plant,,,,ACTIVE,,
"{'id': ""https://s4api.sap.jktyre.in:44305/sap/opu/odata/sap/ZINFI_PLT_API_SRV/InfiMouldMstSet('C21555R17RHPETHM01')"", 'uri': ""https://s4api.sap.jktyre.in:44305/sap/opu/odata/sap/ZINFI_PLT_API_SRV/InfiMouldMstSet('C21555R17RHPETHM01')"", 'type': 'ZINFI_PLT_API_SRV.InfiMouldMst'}",C21555R17RHPETHM01,215/55R17 RANGER HPE TL _HM01,1900,Chennai Tyre Plant,,,,ACTIVE,,
"{'id': ""https://s4api.sap.jktyre.in:44305/sap/opu/odata/sap/ZINFI_PLT_API_SRV/InfiMouldMstSet('C21555R17RHPETHM02')"", 'uri': ""https://s4api.sap.jktyre.in:44305/sap/opu/odata/sap/ZINFI_PLT_API_SRV/InfiMouldMstSet('C21555R17RHPETHM02')"", 'type': 'ZINFI_PLT_API_SRV.InfiMouldMst'}",C21555R17RHPETHM02,215/55R17 RANGER HPE TL DMD5577  -HM02,1900,Chennai Tyre Plant,,,,ACTIVE,,
"{'id': ""https://s4api.sap.jktyre.in:44305/sap/opu/odata/sap/ZINFI_PLT_API_SRV/InfiMouldMstSet('C21555R17RHPETY01')"", 'uri': ""https://s4api.sap.jktyre.in:44305/sap/opu/odata/sap/ZINFI_PLT_API_SRV/InfiMouldMstSet('C21555R17RHPETY01')"", 'type': 'ZINFI_PLT_API_SRV.InfiMouldMst'}",C21555R17RHPETY01,215/55R17 RANGER HPE TL_TY01,1900,Chennai Tyre Plant,,,,ACTIVE,,
"{'id': ""https://s4api.sap.jktyre.in:44305/sap/opu/odata/sap/ZINFI_PLT_API_SRV/InfiMouldMstSet('C21555R17RHPETY02')"", 'uri': ""https://s4api.sap.jktyre.in:44305/sap/opu/odata/sap/ZINFI_PLT_API_SRV/InfiMouldMstSet('C21555R17RHPETY02')"", 'type': 'ZINFI_PLT_API_SRV.InfiMouldMst'}",C21555R17RHPETY02,215/55R17 RANGER HPE _TY-02,1900,Chennai Tyre Plant,,,,ACTIVE,,
"{'id': ""https://s4api.sap.jktyre.in:44305/sap/opu/odata/sap/ZINFI_PLT_API_SRV/InfiMouldMstSet('C21555R17UXR0HMI01')"", 'uri': ""https://s4api.sap.jktyre.in:44305/sap/opu/odata/sap/ZINFI_PLT_API_SRV/InfiMouldMstSet('C21555R17UXR0HMI01')"", 'type': 'ZINFI_PLT_API_SRV.InfiMouldMst'}",C21555R17UXR0HMI01,215/55R17 UX ROYALE TL _ HMI-01,1900,Chennai Tyre Plant,,,,ACTIVE,,
"{'id': ""https://s4api.sap.jktyre.in:44305/sap/opu/odata/sap/ZINFI_PLT_API_SRV/InfiMouldMstSet('C21555R17UXR0HMI02')"", 'uri': ""https://s4api.sap.jktyre.in:44305/sap/opu/odata/sap/ZINFI_PLT_API_SRV/InfiMouldMstSet('C21555R17UXR0HMI02')"", 'type': 'ZINFI_PLT_API_SRV.InfiMouldMst'}",C21555R17UXR0HMI02,215/55R17 UX ROYALE TL _ HMI-02,1900,Chennai Tyre Plant,,,,ACTIVE,,
"{'id': ""https://s4api.sap.jktyre.in:44305/sap/opu/odata/sap/ZINFI_PLT_API_SRV/InfiMouldMstSet('C21555R17UXRTLGC01')"", 'uri': ""https://s4api.sap.jktyre.in:44305/sap/opu/odata/sap/ZINFI_PLT_API_SRV/InfiMouldMstSet('C21555R17UXRTLGC01')"", 'type': 'ZINFI_PLT_API_SRV.InfiMouldMst'}",C21555R17UXRTLGC01,215/55R17 UX ROYALE TL _ GC-01,1900,Chennai Tyre Plant,,,,ACTIVE,,
"{'id': ""https://s4api.sap.jktyre.in:44305/sap/opu/odata/sap/ZINFI_PLT_API_SRV/InfiMouldMstSet('C21555R17UXRTLGC02')"", 'uri': ""https://s4api.sap.jktyre.in:44305/sap/opu/odata/sap/ZINFI_PLT_API_SRV/InfiMouldMstSet('C21555R17UXRTLGC02')"", 'type': 'ZINFI_PLT_API_SRV.InfiMouldMst'}",C21555R17UXRTLGC02,215/55R17 UX ROYALE TL _ GC-02,1900,Chennai Tyre Plant,,,,ACTIVE,,
"{'id': ""https://s4api.sap.jktyre.in:44305/sap/opu/odata/sap/ZINFI_PLT_API_SRV/InfiMouldMstSet('C21555R17UXRTLGC03')"", 'uri': ""https://s4api.sap.jktyre.in:44305/sap/opu/odata/sap/ZINFI_PLT_API_SRV/InfiMouldMstSet('C21555R17UXRTLGC03')"", 'type': 'ZINFI_PLT_API_SRV.InfiMouldMst'}",C21555R17UXRTLGC03,215/55R17 UX ROYALE TL _ GC-03,1900,Chennai Tyre Plant,,,,ACTIVE,,
"{'id': ""https://s4api.sap.jktyre.in:44305/sap/opu/odata/sap/ZINFI_PLT_API_SRV/InfiMouldMstSet('C21555R17UXRTLGC04')"", 'uri': ""https://s4api.sap.jktyre.in:44305/sap/opu/odata/sap/ZINFI_PLT_API_SRV/InfiMouldMstSet('C21555R17UXRTLGC04')"", 'type': 'ZINFI_PLT_API_SRV.InfiMouldMst'}",C21555R17UXRTLGC04,215/55R17 UX ROYALE TL _ GC-04,1900,Chennai Tyre Plant,,,,ACTIVE,,
"{'id': ""https://s4api.sap.jktyre.in:44305/sap/opu/odata/sap/ZINFI_PLT_API_SRV/InfiMouldMstSet('C21555R17UXRTLGC05')"", 'uri': ""https://s4api.sap.jktyre.in:44305/sap/opu/odata/sap/ZINFI_PLT_API_SRV/InfiMouldMstSet('C21555R17UXRTLGC05')"", 'type': 'ZINFI_PLT_API_SRV.InfiMouldMst'}",C21555R17UXRTLGC05,215/55R17 UX ROYALE TL _ GC-05,1900,Chennai Tyre Plant,,,,ACTIVE,,
"{'id': ""https://s4api.sap.jktyre.in:44305/sap/opu/odata/sap/ZINFI_PLT_API_SRV/InfiMouldMstSet('C21555R17UXRTLGC06')"", 'uri': ""https://s4api.sap.jktyre.in:44305/sap/opu/odata/sap/ZINFI_PLT_API_SRV/InfiMouldMstSet('C21555R17UXRTLGC06')"", 'type': 'ZINFI_PLT_API_SRV.InfiMouldMst'}",C21555R17UXRTLGC06,215/55R17 UX ROYALE TL _ GC-06,1900,Chennai Tyre Plant,,,,ACTIVE,,
"{'id': ""https://s4api.sap.jktyre.in:44305/sap/opu/odata/sap/ZINFI_PLT_API_SRV/InfiMouldMstSet('C21555R17UXRTLHM01')"", 'uri': ""https://s4api.sap.jktyre.in:44305/sap/opu/odata/sap/ZINFI_PLT_API_SRV/InfiMouldMstSet('C21555R17UXRTLHM01')"", 'type': 'ZINFI_PLT_API_SRV.InfiMouldMst'}",C21555R17UXRTLHM01,215/55R17 UX ROYALE TL _ HM-01,1900,Chennai Tyre Plant,,,,ACTIVE,,
"{'id': ""https://s4api.sap.jktyre.in:44305/sap/opu/odata/sap/ZINFI_PLT_API_SRV/InfiMouldMstSet('C21555R17UXRTLHM02')"", 'uri': ""https://s4api.sap.jktyre.in:44305/sap/opu/odata/sap/ZINFI_PLT_API_SRV/InfiMouldMstSet('C21555R17UXRTLHM02')"", 'type': 'ZINFI_PLT_API_SRV.InfiMouldMst'}",C21555R17UXRTLHM02,215/55R17 UX ROYALE TL _ HM-02,1900,Chennai Tyre Plant,,,,ACTIVE,,
"{'id': ""https://s4api.sap.jktyre.in:44305/sap/opu/odata/sap/ZINFI_PLT_API_SRV/InfiMouldMstSet('C21555R18UXR0GC01')"", 'uri': ""https://s4api.sap.jktyre.in:44305/sap/opu/odata/sap/ZINFI_PLT_API_SRV/InfiMouldMstSet('C21555R18UXR0GC01')"", 'type': 'ZINFI_PLT_API_SRV.InfiMouldMst'}",C21555R18UXR0GC01,215/55R18 UX ROYALE TL GC01,1900,Chennai Tyre Plant,,,,ACTIVE,,
"{'id': ""https://s4api.sap.jktyre.in:44305/sap/opu/odata/sap/ZINFI_PLT_API_SRV/InfiMouldMstSet('C21555R18UXR0GC02')"", 'uri': ""https://s4api.sap.jktyre.in:44305/sap/opu/odata/sap/ZINFI_PLT_API_SRV/InfiMouldMstSet('C21555R18UXR0GC02')"", 'type': 'ZINFI_PLT_API_SRV.InfiMouldMst'}",C21555R18UXR0GC02,215/55R18 UX ROYALE TL GC02,1900,Chennai Tyre Plant,,,,ACTIVE,,
"{'id': ""https://s4api.sap.jktyre.in:44305/sap/opu/odata/sap/ZINFI_PLT_API_SRV/InfiMouldMstSet('C21555R18UXR0HM01')"", 'uri': ""https://s4api.sap.jktyre.in:44305/sap/opu/odata/sap/ZINFI_PLT_API_SRV/InfiMouldMstSet('C21555R18UXR0HM01')"", 'type': 'ZINFI_PLT_API_SRV.InfiMouldMst'}",C21555R18UXR0HM01,215/55R18 UX ROYALE TL_HM01,1900,Chennai Tyre Plant,,,,ACTIVE,,
"{'id': ""https://s4api.sap.jktyre.in:44305/sap/opu/odata/sap/ZINFI_PLT_API_SRV/InfiMouldMstSet('C21555R18UXR0HM02')"", 'uri': ""https://s4api.sap.jktyre.in:44305/sap/opu/odata/sap/ZINFI_PLT_API_SRV/InfiMouldMstSet('C21555R18UXR0HM02')"", 'type': 'ZINFI_PLT_API_SRV.InfiMouldMst'}",C21555R18UXR0HM02,215/55R18 UX ROYALE TL_HM02,1900,Chennai Tyre Plant,,,,ACTIVE,,
"{'id': ""https://s4api.sap.jktyre.in:44305/sap/opu/odata/sap/ZINFI_PLT_API_SRV/InfiMouldMstSet('C21555R18UXR0HMI01')"", 'uri': ""https://s4api.sap.jktyre.in:44305/sap/opu/odata/sap/ZINFI_PLT_API_SRV/InfiMouldMstSet('C21555R18UXR0HMI01')"", 'type': 'ZINFI_PLT_API_SRV.InfiMouldMst'}",C21555R18UXR0HMI01,215/55R18 UX ROYALE TL HMI01,1900,Chennai Tyre Plant,,,,ACTIVE,,
"{'id': ""https://s4api.sap.jktyre.in:44305/sap/opu/odata/sap/ZINFI_PLT_API_SRV/InfiMouldMstSet('C21555R18UXR0HMI02')"", 'uri': ""https://s4api.sap.jktyre.in:44305/sap/opu/odata/sap/ZINFI_PLT_API_SRV/InfiMouldMstSet('C21555R18UXR0HMI02')"", 'type': 'ZINFI_PLT_API_SRV.InfiMouldMst'}",C21555R18UXR0HMI02,215/55R18 UX ROYALE TL HMI02,1900,Chennai Tyre Plant,,,,ACTIVE,,
"{'id': ""https://s4api.sap.jktyre.in:44305/sap/opu/odata/sap/ZINFI_PLT_API_SRV/InfiMouldMstSet('C21555R18UXR0HMI03')"", 'uri': ""https://s4api.sap.jktyre.in:44305/sap/opu/odata/sap/ZINFI_PLT_API_SRV/InfiMouldMstSet('C21555R18UXR0HMI03')"", 'type': 'ZINFI_PLT_API_SRV.InfiMouldMst'}",C21555R18UXR0HMI03,215/55R18 UXROYALE_HMI-03,1900,Chennai Tyre Plant,,,,ACTIVE,,
"{'id': ""https://s4api.sap.jktyre.in:44305/sap/opu/odata/sap/ZINFI_PLT_API_SRV/InfiMouldMstSet('C21555R18UXR0HMI04')"", 'uri': ""https://s4api.sap.jktyre.in:44305/sap/opu/odata/sap/ZINFI_PLT_API_SRV/InfiMouldMstSet('C21555R18UXR0HMI04')"", 'type': 'ZINFI_PLT_API_SRV.InfiMouldMst'}",C21555R18UXR0HMI04,215/55R18 UX ROYALE TL HMI04,1900,Chennai Tyre Plant,,,,ACTIVE,,
"{'id': ""https://s4api.sap.jktyre.in:44305/sap/opu/odata/sap/ZINFI_PLT_API_SRV/InfiMouldMstSet('C21555R18UXR0HMI05')"", 'uri': ""https://s4api.sap.jktyre.in:44305/sap/opu/odata/sap/ZINFI_PLT_API_SRV/InfiMouldMstSet('C21555R18UXR0HMI05')"", 'type': 'ZINFI_PLT_API_SRV.InfiMouldMst'}",C21555R18UXR0HMI05,215/55R18 UX ROYALE TL HMI05,1900,Chennai Tyre Plant,,,,ACTIVE,,
"{'id': ""https://s4api.sap.jktyre.in:44305/sap/opu/odata/sap/ZINFI_PLT_API_SRV/InfiMouldMstSet('C21555R18UXR0HMI06')"", 'uri': ""https://s4api.sap.jktyre.in:44305/sap/opu/odata/sap/ZINFI_PLT_API_SRV/InfiMouldMstSet('C21555R18UXR0HMI06')"", 'type': 'ZINFI_PLT_API_SRV.InfiMouldMst'}",C21555R18UXR0HMI06,215/55R18 UX ROYALE TL HMI06,1900,Chennai Tyre Plant,,,,ACTIVE,,
"{'id': ""https://s4api.sap.jktyre.in:44305/sap/opu/odata/sap/ZINFI_PLT_API_SRV/InfiMouldMstSet('C21555R18UXR0HMI07')"", 'uri': ""https://s4api.sap.jktyre.in:44305/sap/opu/odata/sap/ZINFI_PLT_API_SRV/InfiMouldMstSet('C21555R18UXR0HMI07')"", 'type': 'ZINFI_PLT_API_SRV.InfiMouldMst'}",C21555R18UXR0HMI07,215/55R18 UX ROYALE TL _ HMI07,1900,Chennai Tyre Plant,,,,ACTIVE,,
"{'id': ""https://s4api.sap.jktyre.in:44305/sap/opu/odata/sap/ZINFI_PLT_API_SRV/InfiMouldMstSet('C21555R18UXR0HMI08')"", 'uri': ""https://s4api.sap.jktyre.in:44305/sap/opu/odata/sap/ZINFI_PLT_API_SRV/InfiMouldMstSet('C21555R18UXR0HMI08')"", 'type': 'ZINFI_PLT_API_SRV.InfiMouldMst'}",C21555R18UXR0HMI08,215/55R18 UX ROYALE TL _ HMI08,1900,Chennai Tyre Plant,,,,ACTIVE,,
"{'id': ""https://s4api.sap.jktyre.in:44305/sap/opu/odata/sap/ZINFI_PLT_API_SRV/InfiMouldMstSet('C21555R18UXR0HMI09')"", 'uri': ""https://s4api.sap.jktyre.in:44305/sap/opu/odata/sap/ZINFI_PLT_API_SRV/InfiMouldMstSet('C21555R18UXR0HMI09')"", 'type': 'ZINFI_PLT_API_SRV.InfiMouldMst'}",C21555R18UXR0HMI09,215/55R18 UX ROYALE TL HMI09,1900,Chennai Tyre Plant,,,,ACTIVE,,
"{'id': ""https://s4api.sap.jktyre.in:44305/sap/opu/odata/sap/ZINFI_PLT_API_SRV/InfiMouldMstSet('C21555R18UXR0HMI19')"", 'uri': ""https://s4api.sap.jktyre.in:44305/sap/opu/odata/sap/ZINFI_PLT_API_SRV/InfiMouldMstSet('C21555R18UXR0HMI19')"", 'type': 'ZINFI_PLT_API_SRV.InfiMouldMst'}",C21555R18UXR0HMI19,215/55R18 UXROYALE TL-HMI19,1900,Chennai Tyre Plant,,,,ACTIVE,,
"{'id': ""https://s4api.sap.jktyre.in:44305/sap/opu/odata/sap/ZINFI_PLT_API_SRV/InfiMouldMstSet('C21555R18UXR0HMI20')"", 'uri': ""https://s4api.sap.jktyre.in:44305/sap/opu/odata/sap/ZINFI_PLT_API_SRV/InfiMouldMstSet('C21555R18UXR0HMI20')"", 'type': 'ZINFI_PLT_API_SRV.InfiMouldMst'}",C21555R18UXR0HMI20,215/55R18 UX ROYALE TL HMI20,1900,Chennai Tyre Plant,,,,ACTIVE,,
"{'id': ""https://s4api.sap.jktyre.in:44305/sap/opu/odata/sap/ZINFI_PLT_API_SRV/InfiMouldMstSet('C21555R18UXRTHMI12')"", 'uri': ""https://s4api.sap.jktyre.in:44305/sap/opu/odata/sap/ZINFI_PLT_API_SRV/InfiMouldMstSet('C21555R18UXRTHMI12')"", 'type': 'ZINFI_PLT_API_SRV.InfiMouldMst'}",C21555R18UXRTHMI12,215/55R18 UXROYALE TL-HMI12,1900,Chennai Tyre Plant,,,,ACTIVE,,
"{'id': ""https://s4api.sap.jktyre.in:44305/sap/opu/odata/sap/ZINFI_PLT_API_SRV/InfiMouldMstSet('C21555R18UXRTHMI13')"", 'uri': ""https://s4api.sap.jktyre.in:44305/sap/opu/odata/sap/ZINFI_PLT_API_SRV/InfiMouldMstSet('C21555R18UXRTHMI13')"", 'type': 'ZINFI_PLT_API_SRV.InfiMouldMst'}",C21555R18UXRTHMI13,215/55R18 UXROYALE TL-HMI13,1900,Chennai Tyre Plant,,,,ACTIVE,,
"{'id': ""https://s4api.sap.jktyre.in:44305/sap/opu/odata/sap/ZINFI_PLT_API_SRV/InfiMouldMstSet('C21555R18UXRTHMI14')"", 'uri': ""https://s4api.sap.jktyre.in:44305/sap/opu/odata/sap/ZINFI_PLT_API_SRV/InfiMouldMstSet('C21555R18UXRTHMI14')"", 'type': 'ZINFI_PLT_API_SRV.InfiMouldMst'}",C21555R18UXRTHMI14,215/55R18 UXROYALE TL-HMI14,1900,Chennai Tyre Plant,,,,ACTIVE,,
"{'id': ""https://s4api.sap.jktyre.in:44305/sap/opu/odata/sap/ZINFI_PLT_API_SRV/InfiMouldMstSet('C21555R18UXRTHMI15')"", 'uri': ""https://s4api.sap.jktyre.in:44305/sap/opu/odata/sap/ZINFI_PLT_API_SRV/InfiMouldMstSet('C21555R18UXRTHMI15')"", 'type': 'ZINFI_PLT_API_SRV.InfiMouldMst'}",C21555R18UXRTHMI15,215/55R18 UXROYALE TL-HMI15,1900,Chennai Tyre Plant,,,,ACTIVE,,
"{'id': ""https://s4api.sap.jktyre.in:44305/sap/opu/odata/sap/ZINFI_PLT_API_SRV/InfiMouldMstSet('C21555R18UXRTHMI16')"", 'uri': ""https://s4api.sap.jktyre.in:44305/sap/opu/odata/sap/ZINFI_PLT_API_SRV/InfiMouldMstSet('C21555R18UXRTHMI16')"", 'type': 'ZINFI_PLT_API_SRV.InfiMouldMst'}",C21555R18UXRTHMI16,215/55R18 UXROYALE_HMI-16,1900,Chennai Tyre Plant,,,,ACTIVE,,
"{'id': ""https://s4api.sap.jktyre.in:44305/sap/opu/odata/sap/ZINFI_PLT_API_SRV/InfiMouldMstSet('C21555R18UXRTHMI17')"", 'uri': ""https://s4api.sap.jktyre.in:44305/sap/opu/odata/sap/ZINFI_PLT_API_SRV/InfiMouldMstSet('C21555R18UXRTHMI17')"", 'type': 'ZINFI_PLT_API_SRV.InfiMouldMst'}",C21555R18UXRTHMI17,215/55R18 UXROYALE TL-HMI17,1900,Chennai Tyre Plant,,,,ACTIVE,,
"{'id': ""https://s4api.sap.jktyre.in:44305/sap/opu/odata/sap/ZINFI_PLT_API_SRV/InfiMouldMstSet('C21555R18UXRTHMI18')"", 'uri': ""https://s4api.sap.jktyre.in:44305/sap/opu/odata/sap/ZINFI_PLT_API_SRV/InfiMouldMstSet('C21555R18UXRTHMI18')"", 'type': 'ZINFI_PLT_API_SRV.InfiMouldMst'}",C21555R18UXRTHMI18,215/55R18 UXROYALE TL-HMI18,1900,Chennai Tyre Plant,,,,ACTIVE,,
"{'id': ""https://s4api.sap.jktyre.in:44305/sap/opu/odata/sap/ZINFI_PLT_API_SRV/InfiMouldMstSet('C21560R16RANHMI03')"", 'uri': ""https://s4api.sap.jktyre.in:44305/sap/opu/odata/sap/ZINFI_PLT_API_SRV/InfiMouldMstSet('C21560R16RANHMI03')"", 'type': 'ZINFI_PLT_API_SRV.InfiMouldMst'}",C21560R16RANHMI03,215/60R16 RANGER HPE HMI03,1900,Chennai Tyre Plant,,,,ACTIVE,,
"{'id': ""https://s4api.sap.jktyre.in:44305/sap/opu/odata/sap/ZINFI_PLT_API_SRV/InfiMouldMstSet('C21560R16RANHMI04')"", 'uri': ""https://s4api.sap.jktyre.in:44305/sap/opu/odata/sap/ZINFI_PLT_API_SRV/InfiMouldMstSet('C21560R16RANHMI04')"", 'type': 'ZINFI_PLT_API_SRV.InfiMouldMst'}",C21560R16RANHMI04,215/60R16 RANGER HPE HMI04,1900,Chennai Tyre Plant,,,,ACTIVE,,
"{'id': ""https://s4api.sap.jktyre.in:44305/sap/opu/odata/sap/ZINFI_PLT_API_SRV/InfiMouldMstSet('C21560R16RANHPGC01')"", 'uri': ""https://s4api.sap.jktyre.in:44305/sap/opu/odata/sap/ZINFI_PLT_API_SRV/InfiMouldMstSet('C21560R16RANHPGC01')"", 'type': 'ZINFI_PLT_API_SRV.InfiMouldMst'}",C21560R16RANHPGC01,215/60R16 RANGER HPE TL _ GC01,1900,Chennai Tyre Plant,,,,ACTIVE,,
"{'id': ""https://s4api.sap.jktyre.in:44305/sap/opu/odata/sap/ZINFI_PLT_API_SRV/InfiMouldMstSet('C21560R16RANHPGC02')"", 'uri': ""https://s4api.sap.jktyre.in:44305/sap/opu/odata/sap/ZINFI_PLT_API_SRV/InfiMouldMstSet('C21560R16RANHPGC02')"", 'type': 'ZINFI_PLT_API_SRV.InfiMouldMst'}",C21560R16RANHPGC02,215/60R16 RANGER HPE TL _ GC02,1900,Chennai Tyre Plant,,,,ACTIVE,,
"{'id': ""https://s4api.sap.jktyre.in:44305/sap/opu/odata/sap/ZINFI_PLT_API_SRV/InfiMouldMstSet('C21560R16RHPEHM02')"", 'uri': ""https://s4api.sap.jktyre.in:44305/sap/opu/odata/sap/ZINFI_PLT_API_SRV/InfiMouldMstSet('C21560R16RHPEHM02')"", 'type': 'ZINFI_PLT_API_SRV.InfiMouldMst'}",C21560R16RHPEHM02,215/60R16 RANGER HPE TL _HM01,1900,Chennai Tyre Plant,,,,ACTIVE,,
"{'id': ""https://s4api.sap.jktyre.in:44305/sap/opu/odata/sap/ZINFI_PLT_API_SRV/InfiMouldMstSet('C21560R16RHPEHMI01')"", 'uri': ""https://s4api.sap.jktyre.in:44305/sap/opu/odata/sap/ZINFI_PLT_API_SRV/InfiMouldMstSet('C21560R16RHPEHMI01')"", 'type': 'ZINFI_PLT_API_SRV.InfiMouldMst'}",C21560R16RHPEHMI01,215/60R16 RANGER HPE HMI01,1900,Chennai Tyre Plant,,,,ACTIVE,,
"{'id': ""https://s4api.sap.jktyre.in:44305/sap/opu/odata/sap/ZINFI_PLT_API_SRV/InfiMouldMstSet('C21560R16RHPEHMI03')"", 'uri': ""https://s4api.sap.jktyre.in:44305/sap/opu/odata/sap/ZINFI_PLT_API_SRV/InfiMouldMstSet('C21560R16RHPEHMI03')"", 'type': 'ZINFI_PLT_API_SRV.InfiMouldMst'}",C21560R16RHPEHMI03,215/60R16 RANGER HPE HMI03,1900,Chennai Tyre Plant,,,,ACTIVE,,
"{'id': ""https://s4api.sap.jktyre.in:44305/sap/opu/odata/sap/ZINFI_PLT_API_SRV/InfiMouldMstSet('C21560R16RHPEHMI04')"", 'uri': ""https://s4api.sap.jktyre.in:44305/sap/opu/odata/sap/ZINFI_PLT_API_SRV/InfiMouldMstSet('C21560R16RHPEHMI04')"", 'type': 'ZINFI_PLT_API_SRV.InfiMouldMst'}",C21560R16RHPEHMI04,215/60R16 RANGER HPE HMI04,1900,Chennai Tyre Plant,,,,ACTIVE,,
"{'id': ""https://s4api.sap.jktyre.in:44305/sap/opu/odata/sap/ZINFI_PLT_API_SRV/InfiMouldMstSet('C21560R16UXR00HM01')"", 'uri': ""https://s4api.sap.jktyre.in:44305/sap/opu/odata/sap/ZINFI_PLT_API_SRV/InfiMouldMstSet('C21560R16UXR00HM01')"", 'type': 'ZINFI_PLT_API_SRV.InfiMouldMst'}",C21560R16UXR00HM01,215/60R16 UX ROYALE PUNCTURE GUARD HM-01,1900,Chennai Tyre Plant,,,,ACTIVE,,
"{'id': ""https://s4api.sap.jktyre.in:44305/sap/opu/odata/sap/ZINFI_PLT_API_SRV/InfiMouldMstSet('C21560R16UXR00HM02')"", 'uri': ""https://s4api.sap.jktyre.in:44305/sap/opu/odata/sap/ZINFI_PLT_API_SRV/InfiMouldMstSet('C21560R16UXR00HM02')"", 'type': 'ZINFI_PLT_API_SRV.InfiMouldMst'}",C21560R16UXR00HM02,215/60R16 UX ROYALE PUNCTURE GUARD HM-02,1900,Chennai Tyre Plant,,,,ACTIVE,,
"{'id': ""https://s4api.sap.jktyre.in:44305/sap/opu/odata/sap/ZINFI_PLT_API_SRV/InfiMouldMstSet('C21560R16UXR00HM03')"", 'uri': ""https://s4api.sap.jktyre.in:44305/sap/opu/odata/sap/ZINFI_PLT_API_SRV/InfiMouldMstSet('C21560R16UXR00HM03')"", 'type': 'ZINFI_PLT_API_SRV.InfiMouldMst'}",C21560R16UXR00HM03,215/60R16 UX ROYALE_TL HM03,1900,Chennai Tyre Plant,,,,ACTIVE,,
"{'id': ""https://s4api.sap.jktyre.in:44305/sap/opu/odata/sap/ZINFI_PLT_API_SRV/InfiMouldMstSet('C21560R16UXR00HM04')"", 'uri': ""https://s4api.sap.jktyre.in:44305/sap/opu/odata/sap/ZINFI_PLT_API_SRV/InfiMouldMstSet('C21560R16UXR00HM04')"", 'type': 'ZINFI_PLT_API_SRV.InfiMouldMst'}",C21560R16UXR00HM04,215/60R16 UX ROYALE_TL HM04,1900,Chennai Tyre Plant,,,,ACTIVE,,
"{'id': ""https://s4api.sap.jktyre.in:44305/sap/opu/odata/sap/ZINFI_PLT_API_SRV/InfiMouldMstSet('C21560R16UXR0HM01')"", 'uri': ""https://s4api.sap.jktyre.in:44305/sap/opu/odata/sap/ZINFI_PLT_API_SRV/InfiMouldMstSet('C21560R16UXR0HM01')"", 'type': 'ZINFI_PLT_API_SRV.InfiMouldMst'}",C21560R16UXR0HM01,215/60R16 UX ROYALE (KIA) -HM01,1900,Chennai Tyre Plant,,,,ACTIVE,,
"{'id': ""https://s4api.sap.jktyre.in:44305/sap/opu/odata/sap/ZINFI_PLT_API_SRV/InfiMouldMstSet('C21560R16UXR0HM02')"", 'uri': ""https://s4api.sap.jktyre.in:44305/sap/opu/odata/sap/ZINFI_PLT_API_SRV/InfiMouldMstSet('C21560R16UXR0HM02')"", 'type': 'ZINFI_PLT_API_SRV.InfiMouldMst'}",C21560R16UXR0HM02,215/60R16 UX ROYALE (KIA) -HM02,1900,Chennai Tyre Plant,,,,ACTIVE,,
"{'id': ""https://s4api.sap.jktyre.in:44305/sap/opu/odata/sap/ZINFI_PLT_API_SRV/InfiMouldMstSet('C21560R17RAHPEHM01')"", 'uri': ""https://s4api.sap.jktyre.in:44305/sap/opu/odata/sap/ZINFI_PLT_API_SRV/InfiMouldMstSet('C21560R17RAHPEHM01')"", 'type': 'ZINFI_PLT_API_SRV.InfiMouldMst'}",C21560R17RAHPEHM01,215/60R17 RANGER HPE TL_ HM-01,1900,Chennai Tyre Plant,,,,ACTIVE,,
"{'id': ""https://s4api.sap.jktyre.in:44305/sap/opu/odata/sap/ZINFI_PLT_API_SRV/InfiMouldMstSet('C21560R17RAHPEHM02')"", 'uri': ""https://s4api.sap.jktyre.in:44305/sap/opu/odata/sap/ZINFI_PLT_API_SRV/InfiMouldMstSet('C21560R17RAHPEHM02')"", 'type': 'ZINFI_PLT_API_SRV.InfiMouldMst'}",C21560R17RAHPEHM02,215/60R17 RANGER HPE TL_ HM-02,1900,Chennai Tyre Plant,,,,ACTIVE,,
"{'id': ""https://s4api.sap.jktyre.in:44305/sap/opu/odata/sap/ZINFI_PLT_API_SRV/InfiMouldMstSet('C21560R17RANHHMI01')"", 'uri': ""https://s4api.sap.jktyre.in:44305/sap/opu/odata/sap/ZINFI_PLT_API_SRV/InfiMouldMstSet('C21560R17RANHHMI01')"", 'type': 'ZINFI_PLT_API_SRV.InfiMouldMst'}",C21560R17RANHHMI01,215/60R17 RANGER HPE _ HMI01,1900,Chennai Tyre Plant,,,,ACTIVE,,
"{'id': ""https://s4api.sap.jktyre.in:44305/sap/opu/odata/sap/ZINFI_PLT_API_SRV/InfiMouldMstSet('C21560R17RANHHMI02')"", 'uri': ""https://s4api.sap.jktyre.in:44305/sap/opu/odata/sap/ZINFI_PLT_API_SRV/InfiMouldMstSet('C21560R17RANHHMI02')"", 'type': 'ZINFI_PLT_API_SRV.InfiMouldMst'}",C21560R17RANHHMI02,215/60R17 RANGER HPE _ HMI02,1900,Chennai Tyre Plant,,,,ACTIVE,,
"{'id': ""https://s4api.sap.jktyre.in:44305/sap/opu/odata/sap/ZINFI_PLT_API_SRV/InfiMouldMstSet('C21560R17RANHHMI03')"", 'uri': ""https://s4api.sap.jktyre.in:44305/sap/opu/odata/sap/ZINFI_PLT_API_SRV/InfiMouldMstSet('C21560R17RANHHMI03')"", 'type': 'ZINFI_PLT_API_SRV.InfiMouldMst'}",C21560R17RANHHMI03,215/60R17 RANGER HPE HMI03,1900,Chennai Tyre Plant,,,,ACTIVE,,
"{'id': ""https://s4api.sap.jktyre.in:44305/sap/opu/odata/sap/ZINFI_PLT_API_SRV/InfiMouldMstSet('C21560R17RANHHMI04')"", 'uri': ""https://s4api.sap.jktyre.in:44305/sap/opu/odata/sap/ZINFI_PLT_API_SRV/InfiMouldMstSet('C21560R17RANHHMI04')"", 'type': 'ZINFI_PLT_API_SRV.InfiMouldMst'}",C21560R17RANHHMI04,215/60R17 RANGER HPE HMI04,1900,Chennai Tyre Plant,,,,ACTIVE,,
"{'id': ""https://s4api.sap.jktyre.in:44305/sap/opu/odata/sap/ZINFI_PLT_API_SRV/InfiMouldMstSet('C21560R17UXROLGC01')"", 'uri': ""https://s4api.sap.jktyre.in:44305/sap/opu/odata/sap/ZINFI_PLT_API_SRV/InfiMouldMstSet('C21560R17UXROLGC01')"", 'type': 'ZINFI_PLT_API_SRV.InfiMouldMst'}",C21560R17UXROLGC01,215/60R17 UX ROYALE PUNCTURE GUARD_GC01,1900,Chennai Tyre Plant,,,,ACTIVE,,
"{'id': ""https://s4api.sap.jktyre.in:44305/sap/opu/odata/sap/ZINFI_PLT_API_SRV/InfiMouldMstSet('C21560R17UXROLGC02')"", 'uri': ""https://s4api.sap.jktyre.in:44305/sap/opu/odata/sap/ZINFI_PLT_API_SRV/InfiMouldMstSet('C21560R17UXROLGC02')"", 'type': 'ZINFI_PLT_API_SRV.InfiMouldMst'}",C21560R17UXROLGC02,215/60R17 UX ROYALE PUNCTURE GUARD_GC02,1900,Chennai Tyre Plant,,,,ACTIVE,,
"{'id': ""https://s4api.sap.jktyre.in:44305/sap/opu/odata/sap/ZINFI_PLT_API_SRV/InfiMouldMstSet('C21560R17UXRTHMI01')"", 'uri': ""https://s4api.sap.jktyre.in:44305/sap/opu/odata/sap/ZINFI_PLT_API_SRV/InfiMouldMstSet('C21560R17UXRTHMI01')"", 'type': 'ZINFI_PLT_API_SRV.InfiMouldMst'}",C21560R17UXRTHMI01,215/60R17 UX ROYALE TL _ HMI01,1900,Chennai Tyre Plant,,,,ACTIVE,,
"{'id': ""https://s4api.sap.jktyre.in:44305/sap/opu/odata/sap/ZINFI_PLT_API_SRV/InfiMouldMstSet('C21560R17UXRTHMI02')"", 'uri': ""https://s4api.sap.jktyre.in:44305/sap/opu/odata/sap/ZINFI_PLT_API_SRV/InfiMouldMstSet('C21560R17UXRTHMI02')"", 'type': 'ZINFI_PLT_API_SRV.InfiMouldMst'}",C21560R17UXRTHMI02,215/60R17 UX ROYALE TL _ HMI02,1900,Chennai Tyre Plant,,,,ACTIVE,,
"{'id': ""https://s4api.sap.jktyre.in:44305/sap/opu/odata/sap/ZINFI_PLT_API_SRV/InfiMouldMstSet('C21560R17UXRTLGC01')"", 'uri': ""https://s4api.sap.jktyre.in:44305/sap/opu/odata/sap/ZINFI_PLT_API_SRV/InfiMouldMstSet('C21560R17UXRTLGC01')"", 'type': 'ZINFI_PLT_API_SRV.InfiMouldMst'}",C21560R17UXRTLGC01,215/60R17 UX ROYALE TL _ GC01,1900,Chennai Tyre Plant,,,,ACTIVE,,
"{'id': ""https://s4api.sap.jktyre.in:44305/sap/opu/odata/sap/ZINFI_PLT_API_SRV/InfiMouldMstSet('C21560R17UXRTLGC02')"", 'uri': ""https://s4api.sap.jktyre.in:44305/sap/opu/odata/sap/ZINFI_PLT_API_SRV/InfiMouldMstSet('C21560R17UXRTLGC02')"", 'type': 'ZINFI_PLT_API_SRV.InfiMouldMst'}",C21560R17UXRTLGC02,215/60R17 UX ROYALE TL _ GC02,1900,Chennai Tyre Plant,,,,ACTIVE,,
"{'id': ""https://s4api.sap.jktyre.in:44305/sap/opu/odata/sap/ZINFI_PLT_API_SRV/InfiMouldMstSet('C21560R17UXRTLGC03')"", 'uri': ""https://s4api.sap.jktyre.in:44305/sap/opu/odata/sap/ZINFI_PLT_API_SRV/InfiMouldMstSet('C21560R17UXRTLGC03')"", 'type': 'ZINFI_PLT_API_SRV.InfiMouldMst'}",C21560R17UXRTLGC03,215/60R17 UX ROYALE TL _ GC03,1900,Chennai Tyre Plant,,,,ACTIVE,,
"{'id': ""https://s4api.sap.jktyre.in:44305/sap/opu/odata/sap/ZINFI_PLT_API_SRV/InfiMouldMstSet('C21560R17UXRTLGC04')"", 'uri': ""https://s4api.sap.jktyre.in:44305/sap/opu/odata/sap/ZINFI_PLT_API_SRV/InfiMouldMstSet('C21560R17UXRTLGC04')"", 'type': 'ZINFI_PLT_API_SRV.InfiMouldMst'}",C21560R17UXRTLGC04,215/60R17 UX ROYALE TL _ GC04,1900,Chennai Tyre Plant,,,,ACTIVE,,
"{'id': ""https://s4api.sap.jktyre.in:44305/sap/opu/odata/sap/ZINFI_PLT_API_SRV/InfiMouldMstSet('C21560R17UXRTLGC05')"", 'uri': ""https://s4api.sap.jktyre.in:44305/sap/opu/odata/sap/ZINFI_PLT_API_SRV/InfiMouldMstSet('C21560R17UXRTLGC05')"", 'type': 'ZINFI_PLT_API_SRV.InfiMouldMst'}",C21560R17UXRTLGC05,215/60R17 UX ROYALE TL _ GC05,1900,Chennai Tyre Plant,,,,ACTIVE,,
"{'id': ""https://s4api.sap.jktyre.in:44305/sap/opu/odata/sap/ZINFI_PLT_API_SRV/InfiMouldMstSet('C21560R17UXRTLGC06')"", 'uri': ""https://s4api.sap.jktyre.in:44305/sap/opu/odata/sap/ZINFI_PLT_API_SRV/InfiMouldMstSet('C21560R17UXRTLGC06')"", 'type': 'ZINFI_PLT_API_SRV.InfiMouldMst'}",C21560R17UXRTLGC06,215/60R17 UX ROYALE TL _ GC06,1900,Chennai Tyre Plant,,,,ACTIVE,,
"{'id': ""https://s4api.sap.jktyre.in:44305/sap/opu/odata/sap/ZINFI_PLT_API_SRV/InfiMouldMstSet('C21560R17UXRTLHM01')"", 'uri': ""https://s4api.sap.jktyre.in:44305/sap/opu/odata/sap/ZINFI_PLT_API_SRV/InfiMouldMstSet('C21560R17UXRTLHM01')"", 'type': 'ZINFI_PLT_API_SRV.InfiMouldMst'}",C21560R17UXRTLHM01,215/60R17 UX ROYALE TL HM01,1900,Chennai Tyre Plant,,,,ACTIVE,,
"{'id': ""https://s4api.sap.jktyre.in:44305/sap/opu/odata/sap/ZINFI_PLT_API_SRV/InfiMouldMstSet('C21560R17UXRTLHM02')"", 'uri': ""https://s4api.sap.jktyre.in:44305/sap/opu/odata/sap/ZINFI_PLT_API_SRV/InfiMouldMstSet('C21560R17UXRTLHM02')"", 'type': 'ZINFI_PLT_API_SRV.InfiMouldMst'}",C21560R17UXRTLHM02,215/60R17 UX ROYALE TL HM02,1900,Chennai Tyre Plant,,,,ACTIVE,,
"{'id': ""https://s4api.sap.jktyre.in:44305/sap/opu/odata/sap/ZINFI_PLT_API_SRV/InfiMouldMstSet('C21560R17UXRTLHM09')"", 'uri': ""https://s4api.sap.jktyre.in:44305/sap/opu/odata/sap/ZINFI_PLT_API_SRV/InfiMouldMstSet('C21560R17UXRTLHM09')"", 'type': 'ZINFI_PLT_API_SRV.InfiMouldMst'}",C21560R17UXRTLHM09,215/60R17 UX ROYALE TL HM09,1900,Chennai Tyre Plant,,,,ACTIVE,,
"{'id': ""https://s4api.sap.jktyre.in:44305/sap/opu/odata/sap/ZINFI_PLT_API_SRV/InfiMouldMstSet('C21560R17UXRTLHM10')"", 'uri': ""https://s4api.sap.jktyre.in:44305/sap/opu/odata/sap/ZINFI_PLT_API_SRV/InfiMouldMstSet('C21560R17UXRTLHM10')"", 'type': 'ZINFI_PLT_API_SRV.InfiMouldMst'}",C21560R17UXRTLHM10,215/60R17 UX ROYALE TL HM10,1900,Chennai Tyre Plant,,,,ACTIVE,,
"{'id': ""https://s4api.sap.jktyre.in:44305/sap/opu/odata/sap/ZINFI_PLT_API_SRV/InfiMouldMstSet('C21560R17UXRTLHM13')"", 'uri': ""https://s4api.sap.jktyre.in:44305/sap/opu/odata/sap/ZINFI_PLT_API_SRV/InfiMouldMstSet('C21560R17UXRTLHM13')"", 'type': 'ZINFI_PLT_API_SRV.InfiMouldMst'}",C21560R17UXRTLHM13,215/60R17 UX ROYALE TL HM13,1900,Chennai Tyre Plant,,,,ACTIVE,,
"{'id': ""https://s4api.sap.jktyre.in:44305/sap/opu/odata/sap/ZINFI_PLT_API_SRV/InfiMouldMstSet('C21560R17UXRTLHM14')"", 'uri': ""https://s4api.sap.jktyre.in:44305/sap/opu/odata/sap/ZINFI_PLT_API_SRV/InfiMouldMstSet('C21560R17UXRTLHM14')"", 'type': 'ZINFI_PLT_API_SRV.InfiMouldMst'}",C21560R17UXRTLHM14,215/60R17 UX ROYALE TL HM14,1900,Chennai Tyre Plant,,,,ACTIVE,,
"{'id': ""https://s4api.sap.jktyre.in:44305/sap/opu/odata/sap/ZINFI_PLT_API_SRV/InfiMouldMstSet('C21560R17UXRTLHM15')"", 'uri': ""https://s4api.sap.jktyre.in:44305/sap/opu/odata/sap/ZINFI_PLT_API_SRV/InfiMouldMstSet('C21560R17UXRTLHM15')"", 'type': 'ZINFI_PLT_API_SRV.InfiMouldMst'}",C21560R17UXRTLHM15,215/60R17 UX ROYALE TL HM15,1900,Chennai Tyre Plant,,,,ACTIVE,,
"{'id': ""https://s4api.sap.jktyre.in:44305/sap/opu/odata/sap/ZINFI_PLT_API_SRV/InfiMouldMstSet('C21560R17UXRTLHM16')"", 'uri': ""https://s4api.sap.jktyre.in:44305/sap/opu/odata/sap/ZINFI_PLT_API_SRV/InfiMouldMstSet('C21560R17UXRTLHM16')"", 'type': 'ZINFI_PLT_API_SRV.InfiMouldMst'}",C21560R17UXRTLHM16,215/60R17 UX ROYALE TL HM16,1900,Chennai Tyre Plant,,,,ACTIVE,,
"{'id': ""https://s4api.sap.jktyre.in:44305/sap/opu/odata/sap/ZINFI_PLT_API_SRV/InfiMouldMstSet('C21560R17UXRTLHM17')"", 'uri': ""https://s4api.sap.jktyre.in:44305/sap/opu/odata/sap/ZINFI_PLT_API_SRV/InfiMouldMstSet('C21560R17UXRTLHM17')"", 'type': 'ZINFI_PLT_API_SRV.InfiMouldMst'}",C21560R17UXRTLHM17,215/60R17 UX ROYALE TL HM17,1900,Chennai Tyre Plant,,,,ACTIVE,,
"{'id': ""https://s4api.sap.jktyre.in:44305/sap/opu/odata/sap/ZINFI_PLT_API_SRV/InfiMouldMstSet('C21560R17UXRTLHM18')"", 'uri': ""https://s4api.sap.jktyre.in:44305/sap/opu/odata/sap/ZINFI_PLT_API_SRV/InfiMouldMstSet('C21560R17UXRTLHM18')"", 'type': 'ZINFI_PLT_API_SRV.InfiMouldMst'}",C21560R17UXRTLHM18,215/60R17 UX ROYALE TL HM18,1900,Chennai Tyre Plant,,,,ACTIVE,,
"{'id': ""https://s4api.sap.jktyre.in:44305/sap/opu/odata/sap/ZINFI_PLT_API_SRV/InfiMouldMstSet('C21560R17UXRTLHM19')"", 'uri': ""https://s4api.sap.jktyre.in:44305/sap/opu/odata/sap/ZINFI_PLT_API_SRV/InfiMouldMstSet('C21560R17UXRTLHM19')"", 'type': 'ZINFI_PLT_API_SRV.InfiMouldMst'}",C21560R17UXRTLHM19,215/60R17 UX ROYALE TL HM19,1900,Chennai Tyre Plant,,,,ACTIVE,,
"{'id': ""https://s4api.sap.jktyre.in:44305/sap/opu/odata/sap/ZINFI_PLT_API_SRV/InfiMouldMstSet('C21560R17UXRTLHM20')"", 'uri': ""https://s4api.sap.jktyre.in:44305/sap/opu/odata/sap/ZINFI_PLT_API_SRV/InfiMouldMstSet('C21560R17UXRTLHM20')"", 'type': 'ZINFI_PLT_API_SRV.InfiMouldMst'}",C21560R17UXRTLHM20,215/60R17 UX ROYALE TL HM20,1900,Chennai Tyre Plant,,,,ACTIVE,,
"{'id': ""https://s4api.sap.jktyre.in:44305/sap/opu/odata/sap/ZINFI_PLT_API_SRV/InfiMouldMstSet('C21560R17UXRTLHM21')"", 'uri': ""https://s4api.sap.jktyre.in:44305/sap/opu/odata/sap/ZINFI_PLT_API_SRV/InfiMouldMstSet('C21560R17UXRTLHM21')"", 'type': 'ZINFI_PLT_API_SRV.InfiMouldMst'}",C21560R17UXRTLHM21,215/60R17 UX ROYALE TL HM21,1900,Chennai Tyre Plant,,,,ACTIVE,,
"{'id': ""https://s4api.sap.jktyre.in:44305/sap/opu/odata/sap/ZINFI_PLT_API_SRV/InfiMouldMstSet('C21560R17UXRTLHM22')"", 'uri': ""https://s4api.sap.jktyre.in:44305/sap/opu/odata/sap/ZINFI_PLT_API_SRV/InfiMouldMstSet('C21560R17UXRTLHM22')"", 'type': 'ZINFI_PLT_API_SRV.InfiMouldMst'}",C21560R17UXRTLHM22,215/60R17 UX ROYALE TL HM22,1900,Chennai Tyre Plant,,,,ACTIVE,,
"{'id': ""https://s4api.sap.jktyre.in:44305/sap/opu/odata/sap/ZINFI_PLT_API_SRV/InfiMouldMstSet('C21560R17UXRTLHM23')"", 'uri': ""https://s4api.sap.jktyre.in:44305/sap/opu/odata/sap/ZINFI_PLT_API_SRV/InfiMouldMstSet('C21560R17UXRTLHM23')"", 'type': 'ZINFI_PLT_API_SRV.InfiMouldMst'}",C21560R17UXRTLHM23,215/60R17 UX ROYALE TL HM23,1900,Chennai Tyre Plant,,,,ACTIVE,,
"{'id': ""https://s4api.sap.jktyre.in:44305/sap/opu/odata/sap/ZINFI_PLT_API_SRV/InfiMouldMstSet('C21560R17UXRTLHM24')"", 'uri': ""https://s4api.sap.jktyre.in:44305/sap/opu/odata/sap/ZINFI_PLT_API_SRV/InfiMouldMstSet('C21560R17UXRTLHM24')"", 'type': 'ZINFI_PLT_API_SRV.InfiMouldMst'}",C21560R17UXRTLHM24,215/60R17 UX ROYALE TL HM24,1900,Chennai Tyre Plant,,,,ACTIVE,,
"{'id': ""https://s4api.sap.jktyre.in:44305/sap/opu/odata/sap/ZINFI_PLT_API_SRV/InfiMouldMstSet('C21560R17UXRTLHM25')"", 'uri': ""https://s4api.sap.jktyre.in:44305/sap/opu/odata/sap/ZINFI_PLT_API_SRV/InfiMouldMstSet('C21560R17UXRTLHM25')"", 'type': 'ZINFI_PLT_API_SRV.InfiMouldMst'}",C21560R17UXRTLHM25,215/60R17 UX ROYALE TL HM25,1900,Chennai Tyre Plant,,,,ACTIVE,,
"{'id': ""https://s4api.sap.jktyre.in:44305/sap/opu/odata/sap/ZINFI_PLT_API_SRV/InfiMouldMstSet('C21560R17UXRTLHM26')"", 'uri': ""https://s4api.sap.jktyre.in:44305/sap/opu/odata/sap/ZINFI_PLT_API_SRV/InfiMouldMstSet('C21560R17UXRTLHM26')"", 'type': 'ZINFI_PLT_API_SRV.InfiMouldMst'}",C21560R17UXRTLHM26,215/60R17 UX ROYALE TL HM26,1900,Chennai Tyre Plant,,,,ACTIVE,,
"{'id': ""https://s4api.sap.jktyre.in:44305/sap/opu/odata/sap/ZINFI_PLT_API_SRV/InfiMouldMstSet('C21560R17UXRTLHM27')"", 'uri': ""https://s4api.sap.jktyre.in:44305/sap/opu/odata/sap/ZINFI_PLT_API_SRV/InfiMouldMstSet('C21560R17UXRTLHM27')"", 'type': 'ZINFI_PLT_API_SRV.InfiMouldMst'}",C21560R17UXRTLHM27,215/60R17 UX ROYALE TL HM27,1900,Chennai Tyre Plant,,,,ACTIVE,,
"{'id': ""https://s4api.sap.jktyre.in:44305/sap/opu/odata/sap/ZINFI_PLT_API_SRV/InfiMouldMstSet('C21560R17UXRTLHM28')"", 'uri': ""https://s4api.sap.jktyre.in:44305/sap/opu/odata/sap/ZINFI_PLT_API_SRV/InfiMouldMstSet('C21560R17UXRTLHM28')"", 'type': 'ZINFI_PLT_API_SRV.InfiMouldMst'}",C21560R17UXRTLHM28,215/60R17 UX ROYALE TL HM28,1900,Chennai Tyre Plant,,,,ACTIVE,,
"{'id': ""https://s4api.sap.jktyre.in:44305/sap/opu/odata/sap/ZINFI_PLT_API_SRV/InfiMouldMstSet('C21560R17UXRTLHM29')"", 'uri': ""https://s4api.sap.jktyre.in:44305/sap/opu/odata/sap/ZINFI_PLT_API_SRV/InfiMouldMstSet('C21560R17UXRTLHM29')"", 'type': 'ZINFI_PLT_API_SRV.InfiMouldMst'}",C21560R17UXRTLHM29,215/60R17 UX ROYALE TL HM29,1900,Chennai Tyre Plant,,,,ACTIVE,,
"{'id': ""https://s4api.sap.jktyre.in:44305/sap/opu/odata/sap/ZINFI_PLT_API_SRV/InfiMouldMstSet('C21560R17UXRTLHM30')"", 'uri': ""https://s4api.sap.jktyre.in:44305/sap/opu/odata/sap/ZINFI_PLT_API_SRV/InfiMouldMstSet('C21560R17UXRTLHM30')"", 'type': 'ZINFI_PLT_API_SRV.InfiMouldMst'}",C21560R17UXRTLHM30,215/60R17 UX ROYALE TL HM30,1900,Chennai Tyre Plant,,,,ACTIVE,,
"{'id': ""https://s4api.sap.jktyre.in:44305/sap/opu/odata/sap/ZINFI_PLT_API_SRV/InfiMouldMstSet('C21560R17UXRTLHM31')"", 'uri': ""https://s4api.sap.jktyre.in:44305/sap/opu/odata/sap/ZINFI_PLT_API_SRV/InfiMouldMstSet('C21560R17UXRTLHM31')"", 'type': 'ZINFI_PLT_API_SRV.InfiMouldMst'}",C21560R17UXRTLHM31,215/60R17 UX ROYALE TL HM31,1900,Chennai Tyre Plant,,,,ACTIVE,,
"{'id': ""https://s4api.sap.jktyre.in:44305/sap/opu/odata/sap/ZINFI_PLT_API_SRV/InfiMouldMstSet('C21560R17UXRTLHM32')"", 'uri': ""https://s4api.sap.jktyre.in:44305/sap/opu/odata/sap/ZINFI_PLT_API_SRV/InfiMouldMstSet('C21560R17UXRTLHM32')"", 'type': 'ZINFI_PLT_API_SRV.InfiMouldMst'}",C21560R17UXRTLHM32,215/60R17 UX ROYALE TL HM32,1900,Chennai Tyre Plant,,,,ACTIVE,,
"{'id': ""https://s4api.sap.jktyre.in:44305/sap/opu/odata/sap/ZINFI_PLT_API_SRV/InfiMouldMstSet('C21560R17UXRTLHM33')"", 'uri': ""https://s4api.sap.jktyre.in:44305/sap/opu/odata/sap/ZINFI_PLT_API_SRV/InfiMouldMstSet('C21560R17UXRTLHM33')"", 'type': 'ZINFI_PLT_API_SRV.InfiMouldMst'}",C21560R17UXRTLHM33,215/60R17 UX ROYALE TL HM33,1900,Chennai Tyre Plant,,,,ACTIVE,,
"{'id': ""https://s4api.sap.jktyre.in:44305/sap/opu/odata/sap/ZINFI_PLT_API_SRV/InfiMouldMstSet('C21560R17UXRTLHM34')"", 'uri': ""https://s4api.sap.jktyre.in:44305/sap/opu/odata/sap/ZINFI_PLT_API_SRV/InfiMouldMstSet('C21560R17UXRTLHM34')"", 'type': 'ZINFI_PLT_API_SRV.InfiMouldMst'}",C21560R17UXRTLHM34,215/60R17 UX ROYALE TL HM34,1900,Chennai Tyre Plant,,,,ACTIVE,,
"{'id': ""https://s4api.sap.jktyre.in:44305/sap/opu/odata/sap/ZINFI_PLT_API_SRV/InfiMouldMstSet('C21560R17UXRTLHM35')"", 'uri': ""https://s4api.sap.jktyre.in:44305/sap/opu/odata/sap/ZINFI_PLT_API_SRV/InfiMouldMstSet('C21560R17UXRTLHM35')"", 'type': 'ZINFI_PLT_API_SRV.InfiMouldMst'}",C21560R17UXRTLHM35,215/60R17 UX ROYALE TL HM35,1900,Chennai Tyre Plant,,,,ACTIVE,,
"{'id': ""https://s4api.sap.jktyre.in:44305/sap/opu/odata/sap/ZINFI_PLT_API_SRV/InfiMouldMstSet('C21560R17UXRTLHM36')"", 'uri': ""https://s4api.sap.jktyre.in:44305/sap/opu/odata/sap/ZINFI_PLT_API_SRV/InfiMouldMstSet('C21560R17UXRTLHM36')"", 'type': 'ZINFI_PLT_API_SRV.InfiMouldMst'}",C21560R17UXRTLHM36,215/60R17 UX ROYALE TL HM36,1900,Chennai Tyre Plant,,,,ACTIVE,,
"{'id': ""https://s4api.sap.jktyre.in:44305/sap/opu/odata/sap/ZINFI_PLT_API_SRV/InfiMouldMstSet('C21565R16ELZTLGC01')"", 'uri': ""https://s4api.sap.jktyre.in:44305/sap/opu/odata/sap/ZINFI_PLT_API_SRV/InfiMouldMstSet('C21565R16ELZTLGC01')"", 'type': 'ZINFI_PLT_API_SRV.InfiMouldMst'}",C21565R16ELZTLGC01,215/65R16 ELANZO NXT TL_GC01,1900,Chennai Tyre Plant,,,,ACTIVE,,
"{'id': ""https://s4api.sap.jktyre.in:44305/sap/opu/odata/sap/ZINFI_PLT_API_SRV/InfiMouldMstSet('C21565R16RHTTLGC01')"", 'uri': ""https://s4api.sap.jktyre.in:44305/sap/opu/odata/sap/ZINFI_PLT_API_SRV/InfiMouldMstSet('C21565R16RHTTLGC01')"", 'type': 'ZINFI_PLT_API_SRV.InfiMouldMst'}",C21565R16RHTTLGC01,215/65R16 RANGER HT_GC-01,1900,Chennai Tyre Plant,,,,ACTIVE,,
"{'id': ""https://s4api.sap.jktyre.in:44305/sap/opu/odata/sap/ZINFI_PLT_API_SRV/InfiMouldMstSet('C21565R16RHTTLGC02')"", 'uri': ""https://s4api.sap.jktyre.in:44305/sap/opu/odata/sap/ZINFI_PLT_API_SRV/InfiMouldMstSet('C21565R16RHTTLGC02')"", 'type': 'ZINFI_PLT_API_SRV.InfiMouldMst'}",C21565R16RHTTLGC02,215/65R16 RANGER HT_GC-02,1900,Chennai Tyre Plant,,,,ACTIVE,,
"{'id': ""https://s4api.sap.jktyre.in:44305/sap/opu/odata/sap/ZINFI_PLT_API_SRV/InfiMouldMstSet('C21565R16UXR00HM01')"", 'uri': ""https://s4api.sap.jktyre.in:44305/sap/opu/odata/sap/ZINFI_PLT_API_SRV/InfiMouldMstSet('C21565R16UXR00HM01')"", 'type': 'ZINFI_PLT_API_SRV.InfiMouldMst'}",C21565R16UXR00HM01,215/65R16 UX ROYALE TL _HM01,1900,Chennai Tyre Plant,,,,ACTIVE,,
"{'id': ""https://s4api.sap.jktyre.in:44305/sap/opu/odata/sap/ZINFI_PLT_API_SRV/InfiMouldMstSet('C21565R16UXR00HM02')"", 'uri': ""https://s4api.sap.jktyre.in:44305/sap/opu/odata/sap/ZINFI_PLT_API_SRV/InfiMouldMstSet('C21565R16UXR00HM02')"", 'type': 'ZINFI_PLT_API_SRV.InfiMouldMst'}",C21565R16UXR00HM02,215/65R16 UX ROYALE TL _HM02,1900,Chennai Tyre Plant,,,,ACTIVE,,
"{'id': ""https://s4api.sap.jktyre.in:44305/sap/opu/odata/sap/ZINFI_PLT_API_SRV/InfiMouldMstSet('C21570R15RATTLGC01')"", 'uri': ""https://s4api.sap.jktyre.in:44305/sap/opu/odata/sap/ZINFI_PLT_API_SRV/InfiMouldMstSet('C21570R15RATTLGC01')"", 'type': 'ZINFI_PLT_API_SRV.InfiMouldMst'}",C21570R15RATTLGC01,215/70R15 RANGER AT TL_ GC01,1900,Chennai Tyre Plant,,,,ACTIVE,,
"{'id': ""https://s4api.sap.jktyre.in:44305/sap/opu/odata/sap/ZINFI_PLT_API_SRV/InfiMouldMstSet('C21570R15RATTLGC02')"", 'uri': ""https://s4api.sap.jktyre.in:44305/sap/opu/odata/sap/ZINFI_PLT_API_SRV/InfiMouldMstSet('C21570R15RATTLGC02')"", 'type': 'ZINFI_PLT_API_SRV.InfiMouldMst'}",C21570R15RATTLGC02,215/70R15 RANGER AT TL_ GC02,1900,Chennai Tyre Plant,,,,ACTIVE,,
"{'id': ""https://s4api.sap.jktyre.in:44305/sap/opu/odata/sap/ZINFI_PLT_API_SRV/InfiMouldMstSet('C21575R15RATTLGC01')"", 'uri': ""https://s4api.sap.jktyre.in:44305/sap/opu/odata/sap/ZINFI_PLT_API_SRV/InfiMouldMstSet('C21575R15RATTLGC01')"", 'type': 'ZINFI_PLT_API_SRV.InfiMouldMst'}",C21575R15RATTLGC01,215/75R15 RANGER AT TL_ GC01,1900,Chennai Tyre Plant,,,,ACTIVE,,
"{'id': ""https://s4api.sap.jktyre.in:44305/sap/opu/odata/sap/ZINFI_PLT_API_SRV/InfiMouldMstSet('C21575R15RATTLGC02')"", 'uri': ""https://s4api.sap.jktyre.in:44305/sap/opu/odata/sap/ZINFI_PLT_API_SRV/InfiMouldMstSet('C21575R15RATTLGC02')"", 'type': 'ZINFI_PLT_API_SRV.InfiMouldMst'}",C21575R15RATTLGC02,215/75R15 RANGER AT TL_ GC02,1900,Chennai Tyre Plant,,,,ACTIVE,,
"{'id': ""https://s4api.sap.jktyre.in:44305/sap/opu/odata/sap/ZINFI_PLT_API_SRV/InfiMouldMstSet('C21575R15RATTLGC03')"", 'uri': ""https://s4api.sap.jktyre.in:44305/sap/opu/odata/sap/ZINFI_PLT_API_SRV/InfiMouldMstSet('C21575R15RATTLGC03')"", 'type': 'ZINFI_PLT_API_SRV.InfiMouldMst'}",C21575R15RATTLGC03,215/75R15 RANGER AT TL_ GC03,1900,Chennai Tyre Plant,,,,ACTIVE,,
"{'id': ""https://s4api.sap.jktyre.in:44305/sap/opu/odata/sap/ZINFI_PLT_API_SRV/InfiMouldMstSet('C21575R15RATTLGC04')"", 'uri': ""https://s4api.sap.jktyre.in:44305/sap/opu/odata/sap/ZINFI_PLT_API_SRV/InfiMouldMstSet('C21575R15RATTLGC04')"", 'type': 'ZINFI_PLT_API_SRV.InfiMouldMst'}",C21575R15RATTLGC04,215/75R15 RANGER AT TL_ GC04,1900,Chennai Tyre Plant,,,,ACTIVE,,
"{'id': ""https://s4api.sap.jktyre.in:44305/sap/opu/odata/sap/ZINFI_PLT_API_SRV/InfiMouldMstSet('C21575R15RHTTLHM05')"", 'uri': ""https://s4api.sap.jktyre.in:44305/sap/opu/odata/sap/ZINFI_PLT_API_SRV/InfiMouldMstSet('C21575R15RHTTLHM05')"", 'type': 'ZINFI_PLT_API_SRV.InfiMouldMst'}",C21575R15RHTTLHM05,215/75R15 RANGER HT TL_HM05,1900,Chennai Tyre Plant,,,,ACTIVE,,
"{'id': ""https://s4api.sap.jktyre.in:44305/sap/opu/odata/sap/ZINFI_PLT_API_SRV/InfiMouldMstSet('C21575R15RHTTLHM06')"", 'uri': ""https://s4api.sap.jktyre.in:44305/sap/opu/odata/sap/ZINFI_PLT_API_SRV/InfiMouldMstSet('C21575R15RHTTLHM06')"", 'type': 'ZINFI_PLT_API_SRV.InfiMouldMst'}",C21575R15RHTTLHM06,215/75R15 RANGER HT_HM06,1900,Chennai Tyre Plant,,,,ACTIVE,,
"{'id': ""https://s4api.sap.jktyre.in:44305/sap/opu/odata/sap/ZINFI_PLT_API_SRV/InfiMouldMstSet('C21575R15RHTTLHM07')"", 'uri': ""https://s4api.sap.jktyre.in:44305/sap/opu/odata/sap/ZINFI_PLT_API_SRV/InfiMouldMstSet('C21575R15RHTTLHM07')"", 'type': 'ZINFI_PLT_API_SRV.InfiMouldMst'}",C21575R15RHTTLHM07,215/75R15 RANGER HT_HM07,1900,Chennai Tyre Plant,,,,ACTIVE,,
"{'id': ""https://s4api.sap.jktyre.in:44305/sap/opu/odata/sap/ZINFI_PLT_API_SRV/InfiMouldMstSet('C21575R15RHTTLHM11')"", 'uri': ""https://s4api.sap.jktyre.in:44305/sap/opu/odata/sap/ZINFI_PLT_API_SRV/InfiMouldMstSet('C21575R15RHTTLHM11')"", 'type': 'ZINFI_PLT_API_SRV.InfiMouldMst'}",C21575R15RHTTLHM11,215/75R15 RANGER HT TL _ HM11,1900,Chennai Tyre Plant,,,,ACTIVE,,
"{'id': ""https://s4api.sap.jktyre.in:44305/sap/opu/odata/sap/ZINFI_PLT_API_SRV/InfiMouldMstSet('C21575R16RHTTLHM01')"", 'uri': ""https://s4api.sap.jktyre.in:44305/sap/opu/odata/sap/ZINFI_PLT_API_SRV/InfiMouldMstSet('C21575R16RHTTLHM01')"", 'type': 'ZINFI_PLT_API_SRV.InfiMouldMst'}",C21575R16RHTTLHM01,215/75R16 RANGER HT_HM01,1900,Chennai Tyre Plant,,,,ACTIVE,,
"{'id': ""https://s4api.sap.jktyre.in:44305/sap/opu/odata/sap/ZINFI_PLT_API_SRV/InfiMouldMstSet('C21575R16RHTTLHM02')"", 'uri': ""https://s4api.sap.jktyre.in:44305/sap/opu/odata/sap/ZINFI_PLT_API_SRV/InfiMouldMstSet('C21575R16RHTTLHM02')"", 'type': 'ZINFI_PLT_API_SRV.InfiMouldMst'}",C21575R16RHTTLHM02,215/75R16 RANGER HT_HM02,1900,Chennai Tyre Plant,,,,ACTIVE,,
"{'id': ""https://s4api.sap.jktyre.in:44305/sap/opu/odata/sap/ZINFI_PLT_API_SRV/InfiMouldMstSet('C215R15RANATTLGC01')"", 'uri': ""https://s4api.sap.jktyre.in:44305/sap/opu/odata/sap/ZINFI_PLT_API_SRV/InfiMouldMstSet('C215R15RANATTLGC01')"", 'type': 'ZINFI_PLT_API_SRV.InfiMouldMst'}",C215R15RANATTLGC01,215R15C RANGER AT TL _ GC01,1900,Chennai Tyre Plant,,,,ACTIVE,,
"{'id': ""https://s4api.sap.jktyre.in:44305/sap/opu/odata/sap/ZINFI_PLT_API_SRV/InfiMouldMstSet('C215R15RANATTLGC02')"", 'uri': ""https://s4api.sap.jktyre.in:44305/sap/opu/odata/sap/ZINFI_PLT_API_SRV/InfiMouldMstSet('C215R15RANATTLGC02')"", 'type': 'ZINFI_PLT_API_SRV.InfiMouldMst'}",C215R15RANATTLGC02,215R15C RANGER AT TL _ GC02,1900,Chennai Tyre Plant,,,,ACTIVE,,
"{'id': ""https://s4api.sap.jktyre.in:44305/sap/opu/odata/sap/ZINFI_PLT_API_SRV/InfiMouldMstSet('C22545R17LTUHMI01')"", 'uri': ""https://s4api.sap.jktyre.in:44305/sap/opu/odata/sap/ZINFI_PLT_API_SRV/InfiMouldMstSet('C22545R17LTUHMI01')"", 'type': 'ZINFI_PLT_API_SRV.InfiMouldMst'}",C22545R17LTUHMI01,225/45R17 LEVITAS ULTRA TL_HMI01,1900,Chennai Tyre Plant,,,,ACTIVE,,
"{'id': ""https://s4api.sap.jktyre.in:44305/sap/opu/odata/sap/ZINFI_PLT_API_SRV/InfiMouldMstSet('C22545R17LTUHMI02')"", 'uri': ""https://s4api.sap.jktyre.in:44305/sap/opu/odata/sap/ZINFI_PLT_API_SRV/InfiMouldMstSet('C22545R17LTUHMI02')"", 'type': 'ZINFI_PLT_API_SRV.InfiMouldMst'}",C22545R17LTUHMI02,225/45R17 LEVITAS ULTRA TL_HMI02,1900,Chennai Tyre Plant,,,,ACTIVE,,
"{'id': ""https://s4api.sap.jktyre.in:44305/sap/opu/odata/sap/ZINFI_PLT_API_SRV/InfiMouldMstSet('C22545R17UHPTLGC02')"", 'uri': ""https://s4api.sap.jktyre.in:44305/sap/opu/odata/sap/ZINFI_PLT_API_SRV/InfiMouldMstSet('C22545R17UHPTLGC02')"", 'type': 'ZINFI_PLT_API_SRV.InfiMouldMst'}",C22545R17UHPTLGC02,225/45R17 ULTRA LEVITAS TL_GC02,1900,Chennai Tyre Plant,,,,ACTIVE,,
"{'id': ""https://s4api.sap.jktyre.in:44305/sap/opu/odata/sap/ZINFI_PLT_API_SRV/InfiMouldMstSet('C22545R17UHPTLGC03')"", 'uri': ""https://s4api.sap.jktyre.in:44305/sap/opu/odata/sap/ZINFI_PLT_API_SRV/InfiMouldMstSet('C22545R17UHPTLGC03')"", 'type': 'ZINFI_PLT_API_SRV.InfiMouldMst'}",C22545R17UHPTLGC03,225/45R17 ULTRA LEVITAS TL_GC03,1900,Chennai Tyre Plant,,,,ACTIVE,,
"{'id': ""https://s4api.sap.jktyre.in:44305/sap/opu/odata/sap/ZINFI_PLT_API_SRV/InfiMouldMstSet('C22545R17UHPTLHM01')"", 'uri': ""https://s4api.sap.jktyre.in:44305/sap/opu/odata/sap/ZINFI_PLT_API_SRV/InfiMouldMstSet('C22545R17UHPTLHM01')"", 'type': 'ZINFI_PLT_API_SRV.InfiMouldMst'}",C22545R17UHPTLHM01,225/45R17 LEVITAS ULTRA TL_HM01,1900,Chennai Tyre Plant,,,,ACTIVE,,
"{'id': ""https://s4api.sap.jktyre.in:44305/sap/opu/odata/sap/ZINFI_PLT_API_SRV/InfiMouldMstSet('C22545R17UHPTLHM02')"", 'uri': ""https://s4api.sap.jktyre.in:44305/sap/opu/odata/sap/ZINFI_PLT_API_SRV/InfiMouldMstSet('C22545R17UHPTLHM02')"", 'type': 'ZINFI_PLT_API_SRV.InfiMouldMst'}",C22545R17UHPTLHM02,225/45R17 LEVITAS ULTRA TL_HM02,1900,Chennai Tyre Plant,,,,ACTIVE,,
"{'id': ""https://s4api.sap.jktyre.in:44305/sap/opu/odata/sap/ZINFI_PLT_API_SRV/InfiMouldMstSet('C22550R17LEVTLHB01')"", 'uri': ""https://s4api.sap.jktyre.in:44305/sap/opu/odata/sap/ZINFI_PLT_API_SRV/InfiMouldMstSet('C22550R17LEVTLHB01')"", 'type': 'ZINFI_PLT_API_SRV.InfiMouldMst'}",C22550R17LEVTLHB01,C22550R17 LEVITAS ULTRA TL HB-01,1900,Chennai Tyre Plant,,,,ACTIVE,,
"{'id': ""https://s4api.sap.jktyre.in:44305/sap/opu/odata/sap/ZINFI_PLT_API_SRV/InfiMouldMstSet('C22550R17LEVTLHB02')"", 'uri': ""https://s4api.sap.jktyre.in:44305/sap/opu/odata/sap/ZINFI_PLT_API_SRV/InfiMouldMstSet('C22550R17LEVTLHB02')"", 'type': 'ZINFI_PLT_API_SRV.InfiMouldMst'}",C22550R17LEVTLHB02,C22550R17 LEVITAS ULTRA TL HB-02,1900,Chennai Tyre Plant,,,,ACTIVE,,
"{'id': ""https://s4api.sap.jktyre.in:44305/sap/opu/odata/sap/ZINFI_PLT_API_SRV/InfiMouldMstSet('C22555R16LEVTLHM01')"", 'uri': ""https://s4api.sap.jktyre.in:44305/sap/opu/odata/sap/ZINFI_PLT_API_SRV/InfiMouldMstSet('C22555R16LEVTLHM01')"", 'type': 'ZINFI_PLT_API_SRV.InfiMouldMst'}",C22555R16LEVTLHM01,225/55R16 LEVITAS ULTRA TL_HM01,1900,Chennai Tyre Plant,,,,ACTIVE,,
"{'id': ""https://s4api.sap.jktyre.in:44305/sap/opu/odata/sap/ZINFI_PLT_API_SRV/InfiMouldMstSet('C22555R16LEVTLHM02')"", 'uri': ""https://s4api.sap.jktyre.in:44305/sap/opu/odata/sap/ZINFI_PLT_API_SRV/InfiMouldMstSet('C22555R16LEVTLHM02')"", 'type': 'ZINFI_PLT_API_SRV.InfiMouldMst'}",C22555R16LEVTLHM02,225/55R16 LEVITAS ULTRA TL_HM02,1900,Chennai Tyre Plant,,,,ACTIVE,,
"{'id': ""https://s4api.sap.jktyre.in:44305/sap/opu/odata/sap/ZINFI_PLT_API_SRV/InfiMouldMstSet('C22555R17LEVTLHM01')"", 'uri': ""https://s4api.sap.jktyre.in:44305/sap/opu/odata/sap/ZINFI_PLT_API_SRV/InfiMouldMstSet('C22555R17LEVTLHM01')"", 'type': 'ZINFI_PLT_API_SRV.InfiMouldMst'}",C22555R17LEVTLHM01,225/55R17 LEVITAS ULTRA TL_HM01,1900,Chennai Tyre Plant,,,,ACTIVE,,
"{'id': ""https://s4api.sap.jktyre.in:44305/sap/opu/odata/sap/ZINFI_PLT_API_SRV/InfiMouldMstSet('C22555R17LEVTLHM02')"", 'uri': ""https://s4api.sap.jktyre.in:44305/sap/opu/odata/sap/ZINFI_PLT_API_SRV/InfiMouldMstSet('C22555R17LEVTLHM02')"", 'type': 'ZINFI_PLT_API_SRV.InfiMouldMst'}",C22555R17LEVTLHM02,225/55R17 LEVITAS  ULTRA TL_HM02,1900,Chennai Tyre Plant,,,,ACTIVE,,
"{'id': ""https://s4api.sap.jktyre.in:44305/sap/opu/odata/sap/ZINFI_PLT_API_SRV/InfiMouldMstSet('C22555R18RHPEHMI01')"", 'uri': ""https://s4api.sap.jktyre.in:44305/sap/opu/odata/sap/ZINFI_PLT_API_SRV/InfiMouldMstSet('C22555R18RHPEHMI01')"", 'type': 'ZINFI_PLT_API_SRV.InfiMouldMst'}",C22555R18RHPEHMI01,225/55R18 RANGER HPE_ HMI-01,1900,Chennai Tyre Plant,,,,ACTIVE,,
"{'id': ""https://s4api.sap.jktyre.in:44305/sap/opu/odata/sap/ZINFI_PLT_API_SRV/InfiMouldMstSet('C22555R18RHPEHMI02')"", 'uri': ""https://s4api.sap.jktyre.in:44305/sap/opu/odata/sap/ZINFI_PLT_API_SRV/InfiMouldMstSet('C22555R18RHPEHMI02')"", 'type': 'ZINFI_PLT_API_SRV.InfiMouldMst'}",C22555R18RHPEHMI02,225/55R18 RANGER HPE_ HMI-02,1900,Chennai Tyre Plant,,,,ACTIVE,,
"{'id': ""https://s4api.sap.jktyre.in:44305/sap/opu/odata/sap/ZINFI_PLT_API_SRV/InfiMouldMstSet('C22555R18RHPEHMI03')"", 'uri': ""https://s4api.sap.jktyre.in:44305/sap/opu/odata/sap/ZINFI_PLT_API_SRV/InfiMouldMstSet('C22555R18RHPEHMI03')"", 'type': 'ZINFI_PLT_API_SRV.InfiMouldMst'}",C22555R18RHPEHMI03,225/55R18 RANGER HPE_ HMI-03,1900,Chennai Tyre Plant,,,,ACTIVE,,
"{'id': ""https://s4api.sap.jktyre.in:44305/sap/opu/odata/sap/ZINFI_PLT_API_SRV/InfiMouldMstSet('C22555R18RHPEHMI04')"", 'uri': ""https://s4api.sap.jktyre.in:44305/sap/opu/odata/sap/ZINFI_PLT_API_SRV/InfiMouldMstSet('C22555R18RHPEHMI04')"", 'type': 'ZINFI_PLT_API_SRV.InfiMouldMst'}",C22555R18RHPEHMI04,225/55R18 RANGER HPE_ HMI-04,1900,Chennai Tyre Plant,,,,ACTIVE,,
"{'id': ""https://s4api.sap.jktyre.in:44305/sap/opu/odata/sap/ZINFI_PLT_API_SRV/InfiMouldMstSet('C22555R18RHPEHMI05')"", 'uri': ""https://s4api.sap.jktyre.in:44305/sap/opu/odata/sap/ZINFI_PLT_API_SRV/InfiMouldMstSet('C22555R18RHPEHMI05')"", 'type': 'ZINFI_PLT_API_SRV.InfiMouldMst'}",C22555R18RHPEHMI05,225/55R18 RANGER HPE_ HMI-05,1900,Chennai Tyre Plant,,,,ACTIVE,,
"{'id': ""https://s4api.sap.jktyre.in:44305/sap/opu/odata/sap/ZINFI_PLT_API_SRV/InfiMouldMstSet('C22555R18RHPEHMI06')"", 'uri': ""https://s4api.sap.jktyre.in:44305/sap/opu/odata/sap/ZINFI_PLT_API_SRV/InfiMouldMstSet('C22555R18RHPEHMI06')"", 'type': 'ZINFI_PLT_API_SRV.InfiMouldMst'}",C22555R18RHPEHMI06,225/55R18 RANGER HPE_ HMI-06,1900,Chennai Tyre Plant,,,,ACTIVE,,
"{'id': ""https://s4api.sap.jktyre.in:44305/sap/opu/odata/sap/ZINFI_PLT_API_SRV/InfiMouldMstSet('C22555R18RHPEHMI07')"", 'uri': ""https://s4api.sap.jktyre.in:44305/sap/opu/odata/sap/ZINFI_PLT_API_SRV/InfiMouldMstSet('C22555R18RHPEHMI07')"", 'type': 'ZINFI_PLT_API_SRV.InfiMouldMst'}",C22555R18RHPEHMI07,225/55R18 RANGER HPE_ HMI-07,1900,Chennai Tyre Plant,,,,ACTIVE,,
"{'id': ""https://s4api.sap.jktyre.in:44305/sap/opu/odata/sap/ZINFI_PLT_API_SRV/InfiMouldMstSet('C22555R18RHPEHMI08')"", 'uri': ""https://s4api.sap.jktyre.in:44305/sap/opu/odata/sap/ZINFI_PLT_API_SRV/InfiMouldMstSet('C22555R18RHPEHMI08')"", 'type': 'ZINFI_PLT_API_SRV.InfiMouldMst'}",C22555R18RHPEHMI08,225/55R18 RANGER HPE_ HMI-08,1900,Chennai Tyre Plant,,,,ACTIVE,,
"{'id': ""https://s4api.sap.jktyre.in:44305/sap/opu/odata/sap/ZINFI_PLT_API_SRV/InfiMouldMstSet('C22555R18RHPEHMI09')"", 'uri': ""https://s4api.sap.jktyre.in:44305/sap/opu/odata/sap/ZINFI_PLT_API_SRV/InfiMouldMstSet('C22555R18RHPEHMI09')"", 'type': 'ZINFI_PLT_API_SRV.InfiMouldMst'}",C22555R18RHPEHMI09,225/55R18 RANGER HPE_ HMI-09,1900,Chennai Tyre Plant,,,,ACTIVE,,
"{'id': ""https://s4api.sap.jktyre.in:44305/sap/opu/odata/sap/ZINFI_PLT_API_SRV/InfiMouldMstSet('C22555R18RHPEHMI10')"", 'uri': ""https://s4api.sap.jktyre.in:44305/sap/opu/odata/sap/ZINFI_PLT_API_SRV/InfiMouldMstSet('C22555R18RHPEHMI10')"", 'type': 'ZINFI_PLT_API_SRV.InfiMouldMst'}",C22555R18RHPEHMI10,225/55R18 RANGER HPE_ HMI-10,1900,Chennai Tyre Plant,,,,ACTIVE,,
"{'id': ""https://s4api.sap.jktyre.in:44305/sap/opu/odata/sap/ZINFI_PLT_API_SRV/InfiMouldMstSet('C22560R15ELATLMK01')"", 'uri': ""https://s4api.sap.jktyre.in:44305/sap/opu/odata/sap/ZINFI_PLT_API_SRV/InfiMouldMstSet('C22560R15ELATLMK01')"", 'type': 'ZINFI_PLT_API_SRV.InfiMouldMst'}",C22560R15ELATLMK01,225/60R15 ELANZO NXT TL_MK01,1900,Chennai Tyre Plant,,,,ACTIVE,,
"{'id': ""https://s4api.sap.jktyre.in:44305/sap/opu/odata/sap/ZINFI_PLT_API_SRV/InfiMouldMstSet('C22560R15ELZTLGC01')"", 'uri': ""https://s4api.sap.jktyre.in:44305/sap/opu/odata/sap/ZINFI_PLT_API_SRV/InfiMouldMstSet('C22560R15ELZTLGC01')"", 'type': 'ZINFI_PLT_API_SRV.InfiMouldMst'}",C22560R15ELZTLGC01,225/60R15 ELANZO NXT TL_GC01,1900,Chennai Tyre Plant,,,,ACTIVE,,
"{'id': ""https://s4api.sap.jktyre.in:44305/sap/opu/odata/sap/ZINFI_PLT_API_SRV/InfiMouldMstSet('C22560R16RHTTLTY01')"", 'uri': ""https://s4api.sap.jktyre.in:44305/sap/opu/odata/sap/ZINFI_PLT_API_SRV/InfiMouldMstSet('C22560R16RHTTLTY01')"", 'type': 'ZINFI_PLT_API_SRV.InfiMouldMst'}",C22560R16RHTTLTY01,225/60R16 RANGER HT TL _ TY01,1900,Chennai Tyre Plant,,,,ACTIVE,,
"{'id': ""https://s4api.sap.jktyre.in:44305/sap/opu/odata/sap/ZINFI_PLT_API_SRV/InfiMouldMstSet('C22560R16RHTTLTY02')"", 'uri': ""https://s4api.sap.jktyre.in:44305/sap/opu/odata/sap/ZINFI_PLT_API_SRV/InfiMouldMstSet('C22560R16RHTTLTY02')"", 'type': 'ZINFI_PLT_API_SRV.InfiMouldMst'}",C22560R16RHTTLTY02,225/60R16 RANGER HT TL _ TY02,1900,Chennai Tyre Plant,,,,ACTIVE,,
"{'id': ""https://s4api.sap.jktyre.in:44305/sap/opu/odata/sap/ZINFI_PLT_API_SRV/InfiMouldMstSet('C22560R16UXR00HB01')"", 'uri': ""https://s4api.sap.jktyre.in:44305/sap/opu/odata/sap/ZINFI_PLT_API_SRV/InfiMouldMstSet('C22560R16UXR00HB01')"", 'type': 'ZINFI_PLT_API_SRV.InfiMouldMst'}",C22560R16UXR00HB01,225/60R16 UX ROYALE TL _HB01,1900,Chennai Tyre Plant,,,,ACTIVE,,
"{'id': ""https://s4api.sap.jktyre.in:44305/sap/opu/odata/sap/ZINFI_PLT_API_SRV/InfiMouldMstSet('C22560R16UXR00HB02')"", 'uri': ""https://s4api.sap.jktyre.in:44305/sap/opu/odata/sap/ZINFI_PLT_API_SRV/InfiMouldMstSet('C22560R16UXR00HB02')"", 'type': 'ZINFI_PLT_API_SRV.InfiMouldMst'}",C22560R16UXR00HB02,225/60R16 UX ROYALE TL _HB02,1900,Chennai Tyre Plant,,,,ACTIVE,,
"{'id': ""https://s4api.sap.jktyre.in:44305/sap/opu/odata/sap/ZINFI_PLT_API_SRV/InfiMouldMstSet('C22560R16UXR0HMI01')"", 'uri': ""https://s4api.sap.jktyre.in:44305/sap/opu/odata/sap/ZINFI_PLT_API_SRV/InfiMouldMstSet('C22560R16UXR0HMI01')"", 'type': 'ZINFI_PLT_API_SRV.InfiMouldMst'}",C22560R16UXR0HMI01,225/60R16 UX ROYALE TL _HMI-01,1900,Chennai Tyre Plant,,,,ACTIVE,,
"{'id': ""https://s4api.sap.jktyre.in:44305/sap/opu/odata/sap/ZINFI_PLT_API_SRV/InfiMouldMstSet('C22560R16UXR0HMI02')"", 'uri': ""https://s4api.sap.jktyre.in:44305/sap/opu/odata/sap/ZINFI_PLT_API_SRV/InfiMouldMstSet('C22560R16UXR0HMI02')"", 'type': 'ZINFI_PLT_API_SRV.InfiMouldMst'}",C22560R16UXR0HMI02,225/60R16 UX ROYALE TL _HMI-02,1900,Chennai Tyre Plant,,,,ACTIVE,,
"{'id': ""https://s4api.sap.jktyre.in:44305/sap/opu/odata/sap/ZINFI_PLT_API_SRV/InfiMouldMstSet('C22560R18RAHPEGC01')"", 'uri': ""https://s4api.sap.jktyre.in:44305/sap/opu/odata/sap/ZINFI_PLT_API_SRV/InfiMouldMstSet('C22560R18RAHPEGC01')"", 'type': 'ZINFI_PLT_API_SRV.InfiMouldMst'}",C22560R18RAHPEGC01,225/60R18 RANGER HPE_GC01,1900,Chennai Tyre Plant,,,,ACTIVE,,
"{'id': ""https://s4api.sap.jktyre.in:44305/sap/opu/odata/sap/ZINFI_PLT_API_SRV/InfiMouldMstSet('C22560R18RAHPEGC02')"", 'uri': ""https://s4api.sap.jktyre.in:44305/sap/opu/odata/sap/ZINFI_PLT_API_SRV/InfiMouldMstSet('C22560R18RAHPEGC02')"", 'type': 'ZINFI_PLT_API_SRV.InfiMouldMst'}",C22560R18RAHPEGC02,225/60R18 RANGER HPE_GC02,1900,Chennai Tyre Plant,,,,ACTIVE,,
"{'id': ""https://s4api.sap.jktyre.in:44305/sap/opu/odata/sap/ZINFI_PLT_API_SRV/InfiMouldMstSet('C22560R18UX1HMI01')"", 'uri': ""https://s4api.sap.jktyre.in:44305/sap/opu/odata/sap/ZINFI_PLT_API_SRV/InfiMouldMstSet('C22560R18UX1HMI01')"", 'type': 'ZINFI_PLT_API_SRV.InfiMouldMst'}",C22560R18UX1HMI01,225/60R18 UX1_HMI01,1900,Chennai Tyre Plant,,,,ACTIVE,,
"{'id': ""https://s4api.sap.jktyre.in:44305/sap/opu/odata/sap/ZINFI_PLT_API_SRV/InfiMouldMstSet('C22560R18UX1HMI02')"", 'uri': ""https://s4api.sap.jktyre.in:44305/sap/opu/odata/sap/ZINFI_PLT_API_SRV/InfiMouldMstSet('C22560R18UX1HMI02')"", 'type': 'ZINFI_PLT_API_SRV.InfiMouldMst'}",C22560R18UX1HMI02,225/60R18 UX1_HMI02,1900,Chennai Tyre Plant,,,,ACTIVE,,
"{'id': ""https://s4api.sap.jktyre.in:44305/sap/opu/odata/sap/ZINFI_PLT_API_SRV/InfiMouldMstSet('C22565R17RHTTLHM01')"", 'uri': ""https://s4api.sap.jktyre.in:44305/sap/opu/odata/sap/ZINFI_PLT_API_SRV/InfiMouldMstSet('C22565R17RHTTLHM01')"", 'type': 'ZINFI_PLT_API_SRV.InfiMouldMst'}",C22565R17RHTTLHM01,225/65R17 RANGER HT_HM01,1900,Chennai Tyre Plant,,,,ACTIVE,,
"{'id': ""https://s4api.sap.jktyre.in:44305/sap/opu/odata/sap/ZINFI_PLT_API_SRV/InfiMouldMstSet('C22565R17RHTTLHM02')"", 'uri': ""https://s4api.sap.jktyre.in:44305/sap/opu/odata/sap/ZINFI_PLT_API_SRV/InfiMouldMstSet('C22565R17RHTTLHM02')"", 'type': 'ZINFI_PLT_API_SRV.InfiMouldMst'}",C22565R17RHTTLHM02,225/65R17 RANGER HT_HM02,1900,Chennai Tyre Plant,,,,ACTIVE,,
"{'id': ""https://s4api.sap.jktyre.in:44305/sap/opu/odata/sap/ZINFI_PLT_API_SRV/InfiMouldMstSet('C22565R17RHTTLHM03')"", 'uri': ""https://s4api.sap.jktyre.in:44305/sap/opu/odata/sap/ZINFI_PLT_API_SRV/InfiMouldMstSet('C22565R17RHTTLHM03')"", 'type': 'ZINFI_PLT_API_SRV.InfiMouldMst'}",C22565R17RHTTLHM03,225/65R17 RANGER HT _HM03,1900,Chennai Tyre Plant,,,,ACTIVE,,
"{'id': ""https://s4api.sap.jktyre.in:44305/sap/opu/odata/sap/ZINFI_PLT_API_SRV/InfiMouldMstSet('C22565R17RHTTLHM04')"", 'uri': ""https://s4api.sap.jktyre.in:44305/sap/opu/odata/sap/ZINFI_PLT_API_SRV/InfiMouldMstSet('C22565R17RHTTLHM04')"", 'type': 'ZINFI_PLT_API_SRV.InfiMouldMst'}",C22565R17RHTTLHM04,225/65R17 RANGER HT_HM-04,1900,Chennai Tyre Plant,,,,ACTIVE,,
"{'id': ""https://s4api.sap.jktyre.in:44305/sap/opu/odata/sap/ZINFI_PLT_API_SRV/InfiMouldMstSet('C22565R17RHTTLHM05')"", 'uri': ""https://s4api.sap.jktyre.in:44305/sap/opu/odata/sap/ZINFI_PLT_API_SRV/InfiMouldMstSet('C22565R17RHTTLHM05')"", 'type': 'ZINFI_PLT_API_SRV.InfiMouldMst'}",C22565R17RHTTLHM05,225/65R17 BLAZZE HT TL HM-05,1900,Chennai Tyre Plant,,,,ACTIVE,,
"{'id': ""https://s4api.sap.jktyre.in:44305/sap/opu/odata/sap/ZINFI_PLT_API_SRV/InfiMouldMstSet('C22565R17RHTTLHM06')"", 'uri': ""https://s4api.sap.jktyre.in:44305/sap/opu/odata/sap/ZINFI_PLT_API_SRV/InfiMouldMstSet('C22565R17RHTTLHM06')"", 'type': 'ZINFI_PLT_API_SRV.InfiMouldMst'}",C22565R17RHTTLHM06,225/65R17 BLAZZE HT TL HM-06,1900,Chennai Tyre Plant,,,,ACTIVE,,
"{'id': ""https://s4api.sap.jktyre.in:44305/sap/opu/odata/sap/ZINFI_PLT_API_SRV/InfiMouldMstSet('C23545R18ULETLHM01')"", 'uri': ""https://s4api.sap.jktyre.in:44305/sap/opu/odata/sap/ZINFI_PLT_API_SRV/InfiMouldMstSet('C23545R18ULETLHM01')"", 'type': 'ZINFI_PLT_API_SRV.InfiMouldMst'}",C23545R18ULETLHM01,235/45R18 ULTRA LEVITAS TL _ HM01,1900,Chennai Tyre Plant,,,,ACTIVE,,
"{'id': ""https://s4api.sap.jktyre.in:44305/sap/opu/odata/sap/ZINFI_PLT_API_SRV/InfiMouldMstSet('C23545R18ULETLHM02')"", 'uri': ""https://s4api.sap.jktyre.in:44305/sap/opu/odata/sap/ZINFI_PLT_API_SRV/InfiMouldMstSet('C23545R18ULETLHM02')"", 'type': 'ZINFI_PLT_API_SRV.InfiMouldMst'}",C23545R18ULETLHM02,235/45R18 ULTRA LEVITAS TL _ HM02,1900,Chennai Tyre Plant,,,,ACTIVE,,
"{'id': ""https://s4api.sap.jktyre.in:44305/sap/opu/odata/sap/ZINFI_PLT_API_SRV/InfiMouldMstSet('C23555R17LEVTHMI01')"", 'uri': ""https://s4api.sap.jktyre.in:44305/sap/opu/odata/sap/ZINFI_PLT_API_SRV/InfiMouldMstSet('C23555R17LEVTHMI01')"", 'type': 'ZINFI_PLT_API_SRV.InfiMouldMst'}",C23555R17LEVTHMI01,235/55R17 LEVITAS ULTRA TL_HMI01,1900,Chennai Tyre Plant,,,,ACTIVE,,
"{'id': ""https://s4api.sap.jktyre.in:44305/sap/opu/odata/sap/ZINFI_PLT_API_SRV/InfiMouldMstSet('C23555R17LEVTHMI02')"", 'uri': ""https://s4api.sap.jktyre.in:44305/sap/opu/odata/sap/ZINFI_PLT_API_SRV/InfiMouldMstSet('C23555R17LEVTHMI02')"", 'type': 'ZINFI_PLT_API_SRV.InfiMouldMst'}",C23555R17LEVTHMI02,235/55R17 LEVITAS ULTRA TL_HMI02,1900,Chennai Tyre Plant,,,,ACTIVE,,
"{'id': ""https://s4api.sap.jktyre.in:44305/sap/opu/odata/sap/ZINFI_PLT_API_SRV/InfiMouldMstSet('C23555R17LEVTLHM01')"", 'uri': ""https://s4api.sap.jktyre.in:44305/sap/opu/odata/sap/ZINFI_PLT_API_SRV/InfiMouldMstSet('C23555R17LEVTLHM01')"", 'type': 'ZINFI_PLT_API_SRV.InfiMouldMst'}",C23555R17LEVTLHM01,235/55R17 LEVITAS ULTRA TL_HM01,1900,Chennai Tyre Plant,,,,ACTIVE,,
"{'id': ""https://s4api.sap.jktyre.in:44305/sap/opu/odata/sap/ZINFI_PLT_API_SRV/InfiMouldMstSet('C23555R17LEVTLHM02')"", 'uri': ""https://s4api.sap.jktyre.in:44305/sap/opu/odata/sap/ZINFI_PLT_API_SRV/InfiMouldMstSet('C23555R17LEVTLHM02')"", 'type': 'ZINFI_PLT_API_SRV.InfiMouldMst'}",C23555R17LEVTLHM02,235/55R17 LEVITAS ULTRA TL_HM02,1900,Chennai Tyre Plant,,,,ACTIVE,,
"{'id': ""https://s4api.sap.jktyre.in:44305/sap/opu/odata/sap/ZINFI_PLT_API_SRV/InfiMouldMstSet('C23555R19RANHPGC01')"", 'uri': ""https://s4api.sap.jktyre.in:44305/sap/opu/odata/sap/ZINFI_PLT_API_SRV/InfiMouldMstSet('C23555R19RANHPGC01')"", 'type': 'ZINFI_PLT_API_SRV.InfiMouldMst'}",C23555R19RANHPGC01,235/55R19 RANGER HP TL _GC01,1900,Chennai Tyre Plant,,,,ACTIVE,,
"{'id': ""https://s4api.sap.jktyre.in:44305/sap/opu/odata/sap/ZINFI_PLT_API_SRV/InfiMouldMstSet('C23555R19RANHPGC02')"", 'uri': ""https://s4api.sap.jktyre.in:44305/sap/opu/odata/sap/ZINFI_PLT_API_SRV/InfiMouldMstSet('C23555R19RANHPGC02')"", 'type': 'ZINFI_PLT_API_SRV.InfiMouldMst'}",C23555R19RANHPGC02,235/55R19 RANGER HP TL _GC02,1900,Chennai Tyre Plant,,,,ACTIVE,,
"{'id': ""https://s4api.sap.jktyre.in:44305/sap/opu/odata/sap/ZINFI_PLT_API_SRV/InfiMouldMstSet('C23560R18ELATOGC01')"", 'uri': ""https://s4api.sap.jktyre.in:44305/sap/opu/odata/sap/ZINFI_PLT_API_SRV/InfiMouldMstSet('C23560R18ELATOGC01')"", 'type': 'ZINFI_PLT_API_SRV.InfiMouldMst'}",C23560R18ELATOGC01,235/60R18 ELANZO TOURING_GC01,1900,Chennai Tyre Plant,,,,ACTIVE,,
"{'id': ""https://s4api.sap.jktyre.in:44305/sap/opu/odata/sap/ZINFI_PLT_API_SRV/InfiMouldMstSet('C23560R18ELTOUGC02')"", 'uri': ""https://s4api.sap.jktyre.in:44305/sap/opu/odata/sap/ZINFI_PLT_API_SRV/InfiMouldMstSet('C23560R18ELTOUGC02')"", 'type': 'ZINFI_PLT_API_SRV.InfiMouldMst'}",C23560R18ELTOUGC02,235/60R18 ELANZO TOURING_GC02,1900,Chennai Tyre Plant,,,,ACTIVE,,
"{'id': ""https://s4api.sap.jktyre.in:44305/sap/opu/odata/sap/ZINFI_PLT_API_SRV/InfiMouldMstSet('C23560R18HPETLTY01')"", 'uri': ""https://s4api.sap.jktyre.in:44305/sap/opu/odata/sap/ZINFI_PLT_API_SRV/InfiMouldMstSet('C23560R18HPETLTY01')"", 'type': 'ZINFI_PLT_API_SRV.InfiMouldMst'}",C23560R18HPETLTY01,235/60R18 RANGER HPE TL _TY01,1900,Chennai Tyre Plant,,,,ACTIVE,,
"{'id': ""https://s4api.sap.jktyre.in:44305/sap/opu/odata/sap/ZINFI_PLT_API_SRV/InfiMouldMstSet('C23560R18HPETLTY02')"", 'uri': ""https://s4api.sap.jktyre.in:44305/sap/opu/odata/sap/ZINFI_PLT_API_SRV/InfiMouldMstSet('C23560R18HPETLTY02')"", 'type': 'ZINFI_PLT_API_SRV.InfiMouldMst'}",C23560R18HPETLTY02,235/60R18 RANGER HPE TL _TY02,1900,Chennai Tyre Plant,,,,ACTIVE,,
"{'id': ""https://s4api.sap.jktyre.in:44305/sap/opu/odata/sap/ZINFI_PLT_API_SRV/InfiMouldMstSet('C23565R16UXROYGR01')"", 'uri': ""https://s4api.sap.jktyre.in:44305/sap/opu/odata/sap/ZINFI_PLT_API_SRV/InfiMouldMstSet('C23565R16UXROYGR01')"", 'type': 'ZINFI_PLT_API_SRV.InfiMouldMst'}",C23565R16UXROYGR01,235/65R16 UX ROYALE TL GR01,1900,Chennai Tyre Plant,,,,ACTIVE,,
"{'id': ""https://s4api.sap.jktyre.in:44305/sap/opu/odata/sap/ZINFI_PLT_API_SRV/InfiMouldMstSet('C23565R16UXROYGR02')"", 'uri': ""https://s4api.sap.jktyre.in:44305/sap/opu/odata/sap/ZINFI_PLT_API_SRV/InfiMouldMstSet('C23565R16UXROYGR02')"", 'type': 'ZINFI_PLT_API_SRV.InfiMouldMst'}",C23565R16UXROYGR02,235/65R16 UX ROYALE TL GR02,1900,Chennai Tyre Plant,,,,ACTIVE,,
"{'id': ""https://s4api.sap.jktyre.in:44305/sap/opu/odata/sap/ZINFI_PLT_API_SRV/InfiMouldMstSet('C23565R17ELZTLMK02')"", 'uri': ""https://s4api.sap.jktyre.in:44305/sap/opu/odata/sap/ZINFI_PLT_API_SRV/InfiMouldMstSet('C23565R17ELZTLMK02')"", 'type': 'ZINFI_PLT_API_SRV.InfiMouldMst'}",C23565R17ELZTLMK02,235/70R17ELANZO NXT TL_MK02,1900,Chennai Tyre Plant,,,,ACTIVE,,
"{'id': ""https://s4api.sap.jktyre.in:44305/sap/opu/odata/sap/ZINFI_PLT_API_SRV/InfiMouldMstSet('C23565R17ELZTLMK03')"", 'uri': ""https://s4api.sap.jktyre.in:44305/sap/opu/odata/sap/ZINFI_PLT_API_SRV/InfiMouldMstSet('C23565R17ELZTLMK03')"", 'type': 'ZINFI_PLT_API_SRV.InfiMouldMst'}",C23565R17ELZTLMK03,235/65R17 ELANZO NXT TL_MK03,1900,Chennai Tyre Plant,,,,ACTIVE,,
"{'id': ""https://s4api.sap.jktyre.in:44305/sap/opu/odata/sap/ZINFI_PLT_API_SRV/InfiMouldMstSet('C23565R17ELZTLMK04')"", 'uri': ""https://s4api.sap.jktyre.in:44305/sap/opu/odata/sap/ZINFI_PLT_API_SRV/InfiMouldMstSet('C23565R17ELZTLMK04')"", 'type': 'ZINFI_PLT_API_SRV.InfiMouldMst'}",C23565R17ELZTLMK04,235/65R17ELANZO NXT TL_MK04,1900,Chennai Tyre Plant,,,,ACTIVE,,
"{'id': ""https://s4api.sap.jktyre.in:44305/sap/opu/odata/sap/ZINFI_PLT_API_SRV/InfiMouldMstSet('C23565R17ELZTLMK05')"", 'uri': ""https://s4api.sap.jktyre.in:44305/sap/opu/odata/sap/ZINFI_PLT_API_SRV/InfiMouldMstSet('C23565R17ELZTLMK05')"", 'type': 'ZINFI_PLT_API_SRV.InfiMouldMst'}",C23565R17ELZTLMK05,235/65R17 ELANZO NXT TL_MK05,1900,Chennai Tyre Plant,,,,ACTIVE,,
"{'id': ""https://s4api.sap.jktyre.in:44305/sap/opu/odata/sap/ZINFI_PLT_API_SRV/InfiMouldMstSet('C23565R17ELZTLMK06')"", 'uri': ""https://s4api.sap.jktyre.in:44305/sap/opu/odata/sap/ZINFI_PLT_API_SRV/InfiMouldMstSet('C23565R17ELZTLMK06')"", 'type': 'ZINFI_PLT_API_SRV.InfiMouldMst'}",C23565R17ELZTLMK06,235/65R17ELANZO NXT TL_MK06,1900,Chennai Tyre Plant,,,,ACTIVE,,
"{'id': ""https://s4api.sap.jktyre.in:44305/sap/opu/odata/sap/ZINFI_PLT_API_SRV/InfiMouldMstSet('C23565R17ELZTLMK07')"", 'uri': ""https://s4api.sap.jktyre.in:44305/sap/opu/odata/sap/ZINFI_PLT_API_SRV/InfiMouldMstSet('C23565R17ELZTLMK07')"", 'type': 'ZINFI_PLT_API_SRV.InfiMouldMst'}",C23565R17ELZTLMK07,235/65R17 ELANZO NXT TL_MK07,1900,Chennai Tyre Plant,,,,ACTIVE,,
"{'id': ""https://s4api.sap.jktyre.in:44305/sap/opu/odata/sap/ZINFI_PLT_API_SRV/InfiMouldMstSet('C23565R17ELZTLMK08')"", 'uri': ""https://s4api.sap.jktyre.in:44305/sap/opu/odata/sap/ZINFI_PLT_API_SRV/InfiMouldMstSet('C23565R17ELZTLMK08')"", 'type': 'ZINFI_PLT_API_SRV.InfiMouldMst'}",C23565R17ELZTLMK08,235/65R17ELANZO NXT TL_MK08,1900,Chennai Tyre Plant,,,,ACTIVE,,
"{'id': ""https://s4api.sap.jktyre.in:44305/sap/opu/odata/sap/ZINFI_PLT_API_SRV/InfiMouldMstSet('C23565R17ELZTLMK09')"", 'uri': ""https://s4api.sap.jktyre.in:44305/sap/opu/odata/sap/ZINFI_PLT_API_SRV/InfiMouldMstSet('C23565R17ELZTLMK09')"", 'type': 'ZINFI_PLT_API_SRV.InfiMouldMst'}",C23565R17ELZTLMK09,235/70R17ELANZO NXT TL_MK09,1900,Chennai Tyre Plant,,,,ACTIVE,,
"{'id': ""https://s4api.sap.jktyre.in:44305/sap/opu/odata/sap/ZINFI_PLT_API_SRV/InfiMouldMstSet('C23565R17ELZTLMK10')"", 'uri': ""https://s4api.sap.jktyre.in:44305/sap/opu/odata/sap/ZINFI_PLT_API_SRV/InfiMouldMstSet('C23565R17ELZTLMK10')"", 'type': 'ZINFI_PLT_API_SRV.InfiMouldMst'}",C23565R17ELZTLMK10,235/70R17ELANZO  NXT TL_MK10,1900,Chennai Tyre Plant,,,,ACTIVE,,
"{'id': ""https://s4api.sap.jktyre.in:44305/sap/opu/odata/sap/ZINFI_PLT_API_SRV/InfiMouldMstSet('C23565R17ELZTLMK11')"", 'uri': ""https://s4api.sap.jktyre.in:44305/sap/opu/odata/sap/ZINFI_PLT_API_SRV/InfiMouldMstSet('C23565R17ELZTLMK11')"", 'type': 'ZINFI_PLT_API_SRV.InfiMouldMst'}",C23565R17ELZTLMK11,235/65R17 ELANZO NXT TL_MK11,1900,Chennai Tyre Plant,,,,ACTIVE,,
"{'id': ""https://s4api.sap.jktyre.in:44305/sap/opu/odata/sap/ZINFI_PLT_API_SRV/InfiMouldMstSet('C23565R17ELZTLMK12')"", 'uri': ""https://s4api.sap.jktyre.in:44305/sap/opu/odata/sap/ZINFI_PLT_API_SRV/InfiMouldMstSet('C23565R17ELZTLMK12')"", 'type': 'ZINFI_PLT_API_SRV.InfiMouldMst'}",C23565R17ELZTLMK12,235/65R17ELANZO NXT TL_MK12,1900,Chennai Tyre Plant,,,,ACTIVE,,
"{'id': ""https://s4api.sap.jktyre.in:44305/sap/opu/odata/sap/ZINFI_PLT_API_SRV/InfiMouldMstSet('C23565R17ELZTLMK13')"", 'uri': ""https://s4api.sap.jktyre.in:44305/sap/opu/odata/sap/ZINFI_PLT_API_SRV/InfiMouldMstSet('C23565R17ELZTLMK13')"", 'type': 'ZINFI_PLT_API_SRV.InfiMouldMst'}",C23565R17ELZTLMK13,235/65R17ELANZO NXT TL_MK13,1900,Chennai Tyre Plant,,,,ACTIVE,,
"{'id': ""https://s4api.sap.jktyre.in:44305/sap/opu/odata/sap/ZINFI_PLT_API_SRV/InfiMouldMstSet('C23565R17ELZTLMK14')"", 'uri': ""https://s4api.sap.jktyre.in:44305/sap/opu/odata/sap/ZINFI_PLT_API_SRV/InfiMouldMstSet('C23565R17ELZTLMK14')"", 'type': 'ZINFI_PLT_API_SRV.InfiMouldMst'}",C23565R17ELZTLMK14,235/65R17ELANZO NXT  TL_MK14,1900,Chennai Tyre Plant,,,,ACTIVE,,
"{'id': ""https://s4api.sap.jktyre.in:44305/sap/opu/odata/sap/ZINFI_PLT_API_SRV/InfiMouldMstSet('C23565R17ELZTLMK15')"", 'uri': ""https://s4api.sap.jktyre.in:44305/sap/opu/odata/sap/ZINFI_PLT_API_SRV/InfiMouldMstSet('C23565R17ELZTLMK15')"", 'type': 'ZINFI_PLT_API_SRV.InfiMouldMst'}",C23565R17ELZTLMK15,235/65R17 ELANZO NXT TL_MK15,1900,Chennai Tyre Plant,,,,ACTIVE,,
"{'id': ""https://s4api.sap.jktyre.in:44305/sap/opu/odata/sap/ZINFI_PLT_API_SRV/InfiMouldMstSet('C23565R17ELZTLMK16')"", 'uri': ""https://s4api.sap.jktyre.in:44305/sap/opu/odata/sap/ZINFI_PLT_API_SRV/InfiMouldMstSet('C23565R17ELZTLMK16')"", 'type': 'ZINFI_PLT_API_SRV.InfiMouldMst'}",C23565R17ELZTLMK16,235/65R17 ELANZO NXT TL_MK16,1900,Chennai Tyre Plant,,,,ACTIVE,,
"{'id': ""https://s4api.sap.jktyre.in:44305/sap/opu/odata/sap/ZINFI_PLT_API_SRV/InfiMouldMstSet('C23565R17ELZTLMK17')"", 'uri': ""https://s4api.sap.jktyre.in:44305/sap/opu/odata/sap/ZINFI_PLT_API_SRV/InfiMouldMstSet('C23565R17ELZTLMK17')"", 'type': 'ZINFI_PLT_API_SRV.InfiMouldMst'}",C23565R17ELZTLMK17,235/65R17 ELANZO NXT TL_MK17,1900,Chennai Tyre Plant,,,,ACTIVE,,
"{'id': ""https://s4api.sap.jktyre.in:44305/sap/opu/odata/sap/ZINFI_PLT_API_SRV/InfiMouldMstSet('C23565R17ELZTLMK18')"", 'uri': ""https://s4api.sap.jktyre.in:44305/sap/opu/odata/sap/ZINFI_PLT_API_SRV/InfiMouldMstSet('C23565R17ELZTLMK18')"", 'type': 'ZINFI_PLT_API_SRV.InfiMouldMst'}",C23565R17ELZTLMK18,235/65R17ELANZO NXT TL_MK18,1900,Chennai Tyre Plant,,,,ACTIVE,,
"{'id': ""https://s4api.sap.jktyre.in:44305/sap/opu/odata/sap/ZINFI_PLT_API_SRV/InfiMouldMstSet('C23565R17ELZTLMK19')"", 'uri': ""https://s4api.sap.jktyre.in:44305/sap/opu/odata/sap/ZINFI_PLT_API_SRV/InfiMouldMstSet('C23565R17ELZTLMK19')"", 'type': 'ZINFI_PLT_API_SRV.InfiMouldMst'}",C23565R17ELZTLMK19,23565R17ELANZO NXT TL_MK19,1900,Chennai Tyre Plant,,,,ACTIVE,,
"{'id': ""https://s4api.sap.jktyre.in:44305/sap/opu/odata/sap/ZINFI_PLT_API_SRV/InfiMouldMstSet('C23565R17RAXATGC01')"", 'uri': ""https://s4api.sap.jktyre.in:44305/sap/opu/odata/sap/ZINFI_PLT_API_SRV/InfiMouldMstSet('C23565R17RAXATGC01')"", 'type': 'ZINFI_PLT_API_SRV.InfiMouldMst'}",C23565R17RAXATGC01,235/65R17 RANGER X-A/T _ GC01,1900,Chennai Tyre Plant,,,,ACTIVE,,
"{'id': ""https://s4api.sap.jktyre.in:44305/sap/opu/odata/sap/ZINFI_PLT_API_SRV/InfiMouldMstSet('C23565R17RAXATGC02')"", 'uri': ""https://s4api.sap.jktyre.in:44305/sap/opu/odata/sap/ZINFI_PLT_API_SRV/InfiMouldMstSet('C23565R17RAXATGC02')"", 'type': 'ZINFI_PLT_API_SRV.InfiMouldMst'}",C23565R17RAXATGC02,235/65R17 RANGER X-A/T _ GC02,1900,Chennai Tyre Plant,,,,ACTIVE,,
"{'id': ""https://s4api.sap.jktyre.in:44305/sap/opu/odata/sap/ZINFI_PLT_API_SRV/InfiMouldMstSet('C23565R17RAXATTY01')"", 'uri': ""https://s4api.sap.jktyre.in:44305/sap/opu/odata/sap/ZINFI_PLT_API_SRV/InfiMouldMstSet('C23565R17RAXATTY01')"", 'type': 'ZINFI_PLT_API_SRV.InfiMouldMst'}",C23565R17RAXATTY01,235/65R17 RANGER X-A/T _ TY01,1900,Chennai Tyre Plant,,,,ACTIVE,,
"{'id': ""https://s4api.sap.jktyre.in:44305/sap/opu/odata/sap/ZINFI_PLT_API_SRV/InfiMouldMstSet('C23565R17RAXATTY02')"", 'uri': ""https://s4api.sap.jktyre.in:44305/sap/opu/odata/sap/ZINFI_PLT_API_SRV/InfiMouldMstSet('C23565R17RAXATTY02')"", 'type': 'ZINFI_PLT_API_SRV.InfiMouldMst'}",C23565R17RAXATTY02,235/65R17 RANGER X-A/T _ TY02,1900,Chennai Tyre Plant,,,,ACTIVE,,
"{'id': ""https://s4api.sap.jktyre.in:44305/sap/opu/odata/sap/ZINFI_PLT_API_SRV/InfiMouldMstSet('C23565R17RHTPLHM01')"", 'uri': ""https://s4api.sap.jktyre.in:44305/sap/opu/odata/sap/ZINFI_PLT_API_SRV/InfiMouldMstSet('C23565R17RHTPLHM01')"", 'type': 'ZINFI_PLT_API_SRV.InfiMouldMst'}",C23565R17RHTPLHM01,235/65R17 RANGER HT PLUS_HM01,1900,Chennai Tyre Plant,,,,ACTIVE,,
"{'id': ""https://s4api.sap.jktyre.in:44305/sap/opu/odata/sap/ZINFI_PLT_API_SRV/InfiMouldMstSet('C23565R17RHTPLHM02')"", 'uri': ""https://s4api.sap.jktyre.in:44305/sap/opu/odata/sap/ZINFI_PLT_API_SRV/InfiMouldMstSet('C23565R17RHTPLHM02')"", 'type': 'ZINFI_PLT_API_SRV.InfiMouldMst'}",C23565R17RHTPLHM02,235/65R17 RANGER HT PLUS_HM02,1900,Chennai Tyre Plant,,,,ACTIVE,,
"{'id': ""https://s4api.sap.jktyre.in:44305/sap/opu/odata/sap/ZINFI_PLT_API_SRV/InfiMouldMstSet('C23565R17XATTLTY01')"", 'uri': ""https://s4api.sap.jktyre.in:44305/sap/opu/odata/sap/ZINFI_PLT_API_SRV/InfiMouldMstSet('C23565R17XATTLTY01')"", 'type': 'ZINFI_PLT_API_SRV.InfiMouldMst'}",C23565R17XATTLTY01,235/65R17 RANGER X AT TL _TY01,1900,Chennai Tyre Plant,,,,ACTIVE,,
"{'id': ""https://s4api.sap.jktyre.in:44305/sap/opu/odata/sap/ZINFI_PLT_API_SRV/InfiMouldMstSet('C23565R17XATTLTY02')"", 'uri': ""https://s4api.sap.jktyre.in:44305/sap/opu/odata/sap/ZINFI_PLT_API_SRV/InfiMouldMstSet('C23565R17XATTLTY02')"", 'type': 'ZINFI_PLT_API_SRV.InfiMouldMst'}",C23565R17XATTLTY02,235/65R17 RANGER X AT TL _TY02,1900,Chennai Tyre Plant,,,,ACTIVE,,
"{'id': ""https://s4api.sap.jktyre.in:44305/sap/opu/odata/sap/ZINFI_PLT_API_SRV/InfiMouldMstSet('C23565R18ELTOUGC01')"", 'uri': ""https://s4api.sap.jktyre.in:44305/sap/opu/odata/sap/ZINFI_PLT_API_SRV/InfiMouldMstSet('C23565R18ELTOUGC01')"", 'type': 'ZINFI_PLT_API_SRV.InfiMouldMst'}",C23565R18ELTOUGC01,235/65R18 ELANZO TOURING _GC01,1900,Chennai Tyre Plant,,,,ACTIVE,,
"{'id': ""https://s4api.sap.jktyre.in:44305/sap/opu/odata/sap/ZINFI_PLT_API_SRV/InfiMouldMstSet('C23565R18ELTOUGC02')"", 'uri': ""https://s4api.sap.jktyre.in:44305/sap/opu/odata/sap/ZINFI_PLT_API_SRV/InfiMouldMstSet('C23565R18ELTOUGC02')"", 'type': 'ZINFI_PLT_API_SRV.InfiMouldMst'}",C23565R18ELTOUGC02,235/65R18 ELANZO TOURING _GC02,1900,Chennai Tyre Plant,,,,ACTIVE,,
"{'id': ""https://s4api.sap.jktyre.in:44305/sap/opu/odata/sap/ZINFI_PLT_API_SRV/InfiMouldMstSet('C23570R16BZTLHM01')"", 'uri': ""https://s4api.sap.jktyre.in:44305/sap/opu/odata/sap/ZINFI_PLT_API_SRV/InfiMouldMstSet('C23570R16BZTLHM01')"", 'type': 'ZINFI_PLT_API_SRV.InfiMouldMst'}",C23570R16BZTLHM01,235/70R16 BLAZZE HT _ HM01,1900,Chennai Tyre Plant,,,,ACTIVE,,
"{'id': ""https://s4api.sap.jktyre.in:44305/sap/opu/odata/sap/ZINFI_PLT_API_SRV/InfiMouldMstSet('C23570R16BZTLHM02')"", 'uri': ""https://s4api.sap.jktyre.in:44305/sap/opu/odata/sap/ZINFI_PLT_API_SRV/InfiMouldMstSet('C23570R16BZTLHM02')"", 'type': 'ZINFI_PLT_API_SRV.InfiMouldMst'}",C23570R16BZTLHM02,235/70R16 BLAZZE HT _ HM02,1900,Chennai Tyre Plant,,,,ACTIVE,,
"{'id': ""https://s4api.sap.jktyre.in:44305/sap/opu/odata/sap/ZINFI_PLT_API_SRV/InfiMouldMstSet('C23570R16ELZTLMK01')"", 'uri': ""https://s4api.sap.jktyre.in:44305/sap/opu/odata/sap/ZINFI_PLT_API_SRV/InfiMouldMstSet('C23570R16ELZTLMK01')"", 'type': 'ZINFI_PLT_API_SRV.InfiMouldMst'}",C23570R16ELZTLMK01,235/70R16ELANZO TL_MK01,1900,Chennai Tyre Plant,,,,ACTIVE,,
"{'id': ""https://s4api.sap.jktyre.in:44305/sap/opu/odata/sap/ZINFI_PLT_API_SRV/InfiMouldMstSet('C23570R16ELZTLSY01')"", 'uri': ""https://s4api.sap.jktyre.in:44305/sap/opu/odata/sap/ZINFI_PLT_API_SRV/InfiMouldMstSet('C23570R16ELZTLSY01')"", 'type': 'ZINFI_PLT_API_SRV.InfiMouldMst'}",C23570R16ELZTLSY01,235/70R16ELANZO TL_SY01,1900,Chennai Tyre Plant,,,,ACTIVE,,
"{'id': ""https://s4api.sap.jktyre.in:44305/sap/opu/odata/sap/ZINFI_PLT_API_SRV/InfiMouldMstSet('C23570R16ELZTLSY02')"", 'uri': ""https://s4api.sap.jktyre.in:44305/sap/opu/odata/sap/ZINFI_PLT_API_SRV/InfiMouldMstSet('C23570R16ELZTLSY02')"", 'type': 'ZINFI_PLT_API_SRV.InfiMouldMst'}",C23570R16ELZTLSY02,235/70R16 ELANZO TL_SY02,1900,Chennai Tyre Plant,,,,ACTIVE,,
"{'id': ""https://s4api.sap.jktyre.in:44305/sap/opu/odata/sap/ZINFI_PLT_API_SRV/InfiMouldMstSet('C23570R16ELZTLSY03')"", 'uri': ""https://s4api.sap.jktyre.in:44305/sap/opu/odata/sap/ZINFI_PLT_API_SRV/InfiMouldMstSet('C23570R16ELZTLSY03')"", 'type': 'ZINFI_PLT_API_SRV.InfiMouldMst'}",C23570R16ELZTLSY03,235/70R16ELANZO TL_SY03,1900,Chennai Tyre Plant,,,,ACTIVE,,
"{'id': ""https://s4api.sap.jktyre.in:44305/sap/opu/odata/sap/ZINFI_PLT_API_SRV/InfiMouldMstSet('C23570R16ELZTLSY04')"", 'uri': ""https://s4api.sap.jktyre.in:44305/sap/opu/odata/sap/ZINFI_PLT_API_SRV/InfiMouldMstSet('C23570R16ELZTLSY04')"", 'type': 'ZINFI_PLT_API_SRV.InfiMouldMst'}",C23570R16ELZTLSY04,235/70R16 ELANZO TL_SY04,1900,Chennai Tyre Plant,,,,ACTIVE,,
"{'id': ""https://s4api.sap.jktyre.in:44305/sap/opu/odata/sap/ZINFI_PLT_API_SRV/InfiMouldMstSet('C23570R16ELZTLSY05')"", 'uri': ""https://s4api.sap.jktyre.in:44305/sap/opu/odata/sap/ZINFI_PLT_API_SRV/InfiMouldMstSet('C23570R16ELZTLSY05')"", 'type': 'ZINFI_PLT_API_SRV.InfiMouldMst'}",C23570R16ELZTLSY05,235/70R16ELANZO TL_SY05,1900,Chennai Tyre Plant,,,,ACTIVE,,
"{'id': ""https://s4api.sap.jktyre.in:44305/sap/opu/odata/sap/ZINFI_PLT_API_SRV/InfiMouldMstSet('C23570R16ELZTLSY06')"", 'uri': ""https://s4api.sap.jktyre.in:44305/sap/opu/odata/sap/ZINFI_PLT_API_SRV/InfiMouldMstSet('C23570R16ELZTLSY06')"", 'type': 'ZINFI_PLT_API_SRV.InfiMouldMst'}",C23570R16ELZTLSY06,235/70R16 ELANZO TL_SY06,1900,Chennai Tyre Plant,,,,ACTIVE,,
"{'id': ""https://s4api.sap.jktyre.in:44305/sap/opu/odata/sap/ZINFI_PLT_API_SRV/InfiMouldMstSet('C23570R16ELZTLSY07')"", 'uri': ""https://s4api.sap.jktyre.in:44305/sap/opu/odata/sap/ZINFI_PLT_API_SRV/InfiMouldMstSet('C23570R16ELZTLSY07')"", 'type': 'ZINFI_PLT_API_SRV.InfiMouldMst'}",C23570R16ELZTLSY07,235/70R16 ELANZO TL_SY07,1900,Chennai Tyre Plant,,,,ACTIVE,,
"{'id': ""https://s4api.sap.jktyre.in:44305/sap/opu/odata/sap/ZINFI_PLT_API_SRV/InfiMouldMstSet('C23570R16ELZTLSY08')"", 'uri': ""https://s4api.sap.jktyre.in:44305/sap/opu/odata/sap/ZINFI_PLT_API_SRV/InfiMouldMstSet('C23570R16ELZTLSY08')"", 'type': 'ZINFI_PLT_API_SRV.InfiMouldMst'}",C23570R16ELZTLSY08,235/70R16 ELANZO TL_SY08,1900,Chennai Tyre Plant,,,,ACTIVE,,
"{'id': ""https://s4api.sap.jktyre.in:44305/sap/opu/odata/sap/ZINFI_PLT_API_SRV/InfiMouldMstSet('C23570R16ELZTLSY09')"", 'uri': ""https://s4api.sap.jktyre.in:44305/sap/opu/odata/sap/ZINFI_PLT_API_SRV/InfiMouldMstSet('C23570R16ELZTLSY09')"", 'type': 'ZINFI_PLT_API_SRV.InfiMouldMst'}",C23570R16ELZTLSY09,235/70R16 ELANZO TL_SY09,1900,Chennai Tyre Plant,,,,ACTIVE,,
"{'id': ""https://s4api.sap.jktyre.in:44305/sap/opu/odata/sap/ZINFI_PLT_API_SRV/InfiMouldMstSet('C23570R16ELZTLSY10')"", 'uri': ""https://s4api.sap.jktyre.in:44305/sap/opu/odata/sap/ZINFI_PLT_API_SRV/InfiMouldMstSet('C23570R16ELZTLSY10')"", 'type': 'ZINFI_PLT_API_SRV.InfiMouldMst'}",C23570R16ELZTLSY10,235/70R16 ELANZO TL_SY10,1900,Chennai Tyre Plant,,,,ACTIVE,,
"{'id': ""https://s4api.sap.jktyre.in:44305/sap/opu/odata/sap/ZINFI_PLT_API_SRV/InfiMouldMstSet('C23570R16ELZTLSY11')"", 'uri': ""https://s4api.sap.jktyre.in:44305/sap/opu/odata/sap/ZINFI_PLT_API_SRV/InfiMouldMstSet('C23570R16ELZTLSY11')"", 'type': 'ZINFI_PLT_API_SRV.InfiMouldMst'}",C23570R16ELZTLSY11,235/70R16 ELANZO TL_SY11,1900,Chennai Tyre Plant,,,,ACTIVE,,
"{'id': ""https://s4api.sap.jktyre.in:44305/sap/opu/odata/sap/ZINFI_PLT_API_SRV/InfiMouldMstSet('C23570R16ELZTLSY12')"", 'uri': ""https://s4api.sap.jktyre.in:44305/sap/opu/odata/sap/ZINFI_PLT_API_SRV/InfiMouldMstSet('C23570R16ELZTLSY12')"", 'type': 'ZINFI_PLT_API_SRV.InfiMouldMst'}",C23570R16ELZTLSY12,235/70R16 ELANZO TL_SY12,1900,Chennai Tyre Plant,,,,ACTIVE,,
"{'id': ""https://s4api.sap.jktyre.in:44305/sap/opu/odata/sap/ZINFI_PLT_API_SRV/InfiMouldMstSet('C23570R16RATTLGC01')"", 'uri': ""https://s4api.sap.jktyre.in:44305/sap/opu/odata/sap/ZINFI_PLT_API_SRV/InfiMouldMstSet('C23570R16RATTLGC01')"", 'type': 'ZINFI_PLT_API_SRV.InfiMouldMst'}",C23570R16RATTLGC01,235/70R16 RANGER AT TL_GC01,1900,Chennai Tyre Plant,,,,ACTIVE,,
"{'id': ""https://s4api.sap.jktyre.in:44305/sap/opu/odata/sap/ZINFI_PLT_API_SRV/InfiMouldMstSet('C23570R16RATTLGC02')"", 'uri': ""https://s4api.sap.jktyre.in:44305/sap/opu/odata/sap/ZINFI_PLT_API_SRV/InfiMouldMstSet('C23570R16RATTLGC02')"", 'type': 'ZINFI_PLT_API_SRV.InfiMouldMst'}",C23570R16RATTLGC02,235/70R16 RANGER AT TL_GC02,1900,Chennai Tyre Plant,,,,ACTIVE,,
"{'id': ""https://s4api.sap.jktyre.in:44305/sap/opu/odata/sap/ZINFI_PLT_API_SRV/InfiMouldMstSet('C23570R16RATTLHM01')"", 'uri': ""https://s4api.sap.jktyre.in:44305/sap/opu/odata/sap/ZINFI_PLT_API_SRV/InfiMouldMstSet('C23570R16RATTLHM01')"", 'type': 'ZINFI_PLT_API_SRV.InfiMouldMst'}",C23570R16RATTLHM01,235/70R16 RANGER AT TL_HM01,1900,Chennai Tyre Plant,,,,ACTIVE,,
"{'id': ""https://s4api.sap.jktyre.in:44305/sap/opu/odata/sap/ZINFI_PLT_API_SRV/InfiMouldMstSet('C23570R16RATTLHM02')"", 'uri': ""https://s4api.sap.jktyre.in:44305/sap/opu/odata/sap/ZINFI_PLT_API_SRV/InfiMouldMstSet('C23570R16RATTLHM02')"", 'type': 'ZINFI_PLT_API_SRV.InfiMouldMst'}",C23570R16RATTLHM02,235/70R16 RANGER AT TL_HM02,1900,Chennai Tyre Plant,,,,ACTIVE,,
"{'id': ""https://s4api.sap.jktyre.in:44305/sap/opu/odata/sap/ZINFI_PLT_API_SRV/InfiMouldMstSet('C23570R16RHTTLHM03')"", 'uri': ""https://s4api.sap.jktyre.in:44305/sap/opu/odata/sap/ZINFI_PLT_API_SRV/InfiMouldMstSet('C23570R16RHTTLHM03')"", 'type': 'ZINFI_PLT_API_SRV.InfiMouldMst'}",C23570R16RHTTLHM03,235/70R16 BLAZZE HT _ HM01,1900,Chennai Tyre Plant,,,,ACTIVE,,
"{'id': ""https://s4api.sap.jktyre.in:44305/sap/opu/odata/sap/ZINFI_PLT_API_SRV/InfiMouldMstSet('C23570R16RHTTLHM04')"", 'uri': ""https://s4api.sap.jktyre.in:44305/sap/opu/odata/sap/ZINFI_PLT_API_SRV/InfiMouldMstSet('C23570R16RHTTLHM04')"", 'type': 'ZINFI_PLT_API_SRV.InfiMouldMst'}",C23570R16RHTTLHM04,235/70R16 BLAZZE HT _ HM02,1900,Chennai Tyre Plant,,,,ACTIVE,,
"{'id': ""https://s4api.sap.jktyre.in:44305/sap/opu/odata/sap/ZINFI_PLT_API_SRV/InfiMouldMstSet('C23570R16XATTLTY01')"", 'uri': ""https://s4api.sap.jktyre.in:44305/sap/opu/odata/sap/ZINFI_PLT_API_SRV/InfiMouldMstSet('C23570R16XATTLTY01')"", 'type': 'ZINFI_PLT_API_SRV.InfiMouldMst'}",C23570R16XATTLTY01,235/70R16 RANGER X AT TL _ TY01,1900,Chennai Tyre Plant,,,,ACTIVE,,
"{'id': ""https://s4api.sap.jktyre.in:44305/sap/opu/odata/sap/ZINFI_PLT_API_SRV/InfiMouldMstSet('C23570R16XATTLTY02')"", 'uri': ""https://s4api.sap.jktyre.in:44305/sap/opu/odata/sap/ZINFI_PLT_API_SRV/InfiMouldMstSet('C23570R16XATTLTY02')"", 'type': 'ZINFI_PLT_API_SRV.InfiMouldMst'}",C23570R16XATTLTY02,235/70R16 RANGER X AT TL _ TY02,1900,Chennai Tyre Plant,,,,ACTIVE,,
"{'id': ""https://s4api.sap.jktyre.in:44305/sap/opu/odata/sap/ZINFI_PLT_API_SRV/InfiMouldMstSet('C23575R15BXATHM01')"", 'uri': ""https://s4api.sap.jktyre.in:44305/sap/opu/odata/sap/ZINFI_PLT_API_SRV/InfiMouldMstSet('C23575R15BXATHM01')"", 'type': 'ZINFI_PLT_API_SRV.InfiMouldMst'}",C23575R15BXATHM01,235/75R15 BLAZZE X-A/T_HM-01,1900,Chennai Tyre Plant,,,,ACTIVE,,
"{'id': ""https://s4api.sap.jktyre.in:44305/sap/opu/odata/sap/ZINFI_PLT_API_SRV/InfiMouldMstSet('C23575R15BXATHM02')"", 'uri': ""https://s4api.sap.jktyre.in:44305/sap/opu/odata/sap/ZINFI_PLT_API_SRV/InfiMouldMstSet('C23575R15BXATHM02')"", 'type': 'ZINFI_PLT_API_SRV.InfiMouldMst'}",C23575R15BXATHM02,235/75R15 BLAZZE X-A/T_HM-02,1900,Chennai Tyre Plant,,,,ACTIVE,,
"{'id': ""https://s4api.sap.jktyre.in:44305/sap/opu/odata/sap/ZINFI_PLT_API_SRV/InfiMouldMstSet('C23575R15RANMTGR01')"", 'uri': ""https://s4api.sap.jktyre.in:44305/sap/opu/odata/sap/ZINFI_PLT_API_SRV/InfiMouldMstSet('C23575R15RANMTGR01')"", 'type': 'ZINFI_PLT_API_SRV.InfiMouldMst'}",C23575R15RANMTGR01,235/75R15 RANGER MT-GR01,1900,Chennai Tyre Plant,,,,ACTIVE,,
"{'id': ""https://s4api.sap.jktyre.in:44305/sap/opu/odata/sap/ZINFI_PLT_API_SRV/InfiMouldMstSet('C23575R15RHTTLHM01')"", 'uri': ""https://s4api.sap.jktyre.in:44305/sap/opu/odata/sap/ZINFI_PLT_API_SRV/InfiMouldMstSet('C23575R15RHTTLHM01')"", 'type': 'ZINFI_PLT_API_SRV.InfiMouldMst'}",C23575R15RHTTLHM01,235/75R15 BLAZZE HT TL _ HM01,1900,Chennai Tyre Plant,,,,ACTIVE,,
"{'id': ""https://s4api.sap.jktyre.in:44305/sap/opu/odata/sap/ZINFI_PLT_API_SRV/InfiMouldMstSet('C23575R15RHTTLHM02')"", 'uri': ""https://s4api.sap.jktyre.in:44305/sap/opu/odata/sap/ZINFI_PLT_API_SRV/InfiMouldMstSet('C23575R15RHTTLHM02')"", 'type': 'ZINFI_PLT_API_SRV.InfiMouldMst'}",C23575R15RHTTLHM02,235/75R15 BLAZZE HT TL _ HM02,1900,Chennai Tyre Plant,,,,ACTIVE,,
"{'id': ""https://s4api.sap.jktyre.in:44305/sap/opu/odata/sap/ZINFI_PLT_API_SRV/InfiMouldMstSet('C23575R15RHTTLHM03')"", 'uri': ""https://s4api.sap.jktyre.in:44305/sap/opu/odata/sap/ZINFI_PLT_API_SRV/InfiMouldMstSet('C23575R15RHTTLHM03')"", 'type': 'ZINFI_PLT_API_SRV.InfiMouldMst'}",C23575R15RHTTLHM03,235/75R15 RANGER HT TL _ HM03,1900,Chennai Tyre Plant,,,,ACTIVE,,
"{'id': ""https://s4api.sap.jktyre.in:44305/sap/opu/odata/sap/ZINFI_PLT_API_SRV/InfiMouldMstSet('C23575R15RHTTLHM04')"", 'uri': ""https://s4api.sap.jktyre.in:44305/sap/opu/odata/sap/ZINFI_PLT_API_SRV/InfiMouldMstSet('C23575R15RHTTLHM04')"", 'type': 'ZINFI_PLT_API_SRV.InfiMouldMst'}",C23575R15RHTTLHM04,235/75R15 RANGER HT TL _ HM04,1900,Chennai Tyre Plant,,,,ACTIVE,,
"{'id': ""https://s4api.sap.jktyre.in:44305/sap/opu/odata/sap/ZINFI_PLT_API_SRV/InfiMouldMstSet('C23575R15RXATGC01')"", 'uri': ""https://s4api.sap.jktyre.in:44305/sap/opu/odata/sap/ZINFI_PLT_API_SRV/InfiMouldMstSet('C23575R15RXATGC01')"", 'type': 'ZINFI_PLT_API_SRV.InfiMouldMst'}",C23575R15RXATGC01,235/75R15 RANGER X-A/T_GC-01,1900,Chennai Tyre Plant,,,,ACTIVE,,
"{'id': ""https://s4api.sap.jktyre.in:44305/sap/opu/odata/sap/ZINFI_PLT_API_SRV/InfiMouldMstSet('C23575R15RXATGC02')"", 'uri': ""https://s4api.sap.jktyre.in:44305/sap/opu/odata/sap/ZINFI_PLT_API_SRV/InfiMouldMstSet('C23575R15RXATGC02')"", 'type': 'ZINFI_PLT_API_SRV.InfiMouldMst'}",C23575R15RXATGC02,235/75R15 RANGER X-A/T_GC-02,1900,Chennai Tyre Plant,,,,ACTIVE,,
"{'id': ""https://s4api.sap.jktyre.in:44305/sap/opu/odata/sap/ZINFI_PLT_API_SRV/InfiMouldMstSet('C23585R16RMTTLGC01')"", 'uri': ""https://s4api.sap.jktyre.in:44305/sap/opu/odata/sap/ZINFI_PLT_API_SRV/InfiMouldMstSet('C23585R16RMTTLGC01')"", 'type': 'ZINFI_PLT_API_SRV.InfiMouldMst'}",C23585R16RMTTLGC01,235/85R16 RANGER MT _GC01,1900,Chennai Tyre Plant,,,,ACTIVE,,
"{'id': ""https://s4api.sap.jktyre.in:44305/sap/opu/odata/sap/ZINFI_PLT_API_SRV/InfiMouldMstSet('C23585R16RMTTLGC02')"", 'uri': ""https://s4api.sap.jktyre.in:44305/sap/opu/odata/sap/ZINFI_PLT_API_SRV/InfiMouldMstSet('C23585R16RMTTLGC02')"", 'type': 'ZINFI_PLT_API_SRV.InfiMouldMst'}",C23585R16RMTTLGC02,235/85R16 RANGER MT _GC02,1900,Chennai Tyre Plant,,,,ACTIVE,,
"{'id': ""https://s4api.sap.jktyre.in:44305/sap/opu/odata/sap/ZINFI_PLT_API_SRV/InfiMouldMstSet('C2375R15RANMTGR02')"", 'uri': ""https://s4api.sap.jktyre.in:44305/sap/opu/odata/sap/ZINFI_PLT_API_SRV/InfiMouldMstSet('C2375R15RANMTGR02')"", 'type': 'ZINFI_PLT_API_SRV.InfiMouldMst'}",C2375R15RANMTGR02,235/75R15 RANGER MT-GR02,1900,Chennai Tyre Plant,,,,ACTIVE,,
"{'id': ""https://s4api.sap.jktyre.in:44305/sap/opu/odata/sap/ZINFI_PLT_API_SRV/InfiMouldMstSet('C24540R18UX1HM101')"", 'uri': ""https://s4api.sap.jktyre.in:44305/sap/opu/odata/sap/ZINFI_PLT_API_SRV/InfiMouldMstSet('C24540R18UX1HM101')"", 'type': 'ZINFI_PLT_API_SRV.InfiMouldMst'}",C24540R18UX1HM101,C245/40R18 UX1 TL -HMI01,1900,Chennai Tyre Plant,,,,ACTIVE,,
"{'id': ""https://s4api.sap.jktyre.in:44305/sap/opu/odata/sap/ZINFI_PLT_API_SRV/InfiMouldMstSet('C24540R18UX1HM102')"", 'uri': ""https://s4api.sap.jktyre.in:44305/sap/opu/odata/sap/ZINFI_PLT_API_SRV/InfiMouldMstSet('C24540R18UX1HM102')"", 'type': 'ZINFI_PLT_API_SRV.InfiMouldMst'}",C24540R18UX1HM102,C245/40R18 UX1 TL -HMI02,1900,Chennai Tyre Plant,,,,ACTIVE,,
"{'id': ""https://s4api.sap.jktyre.in:44305/sap/opu/odata/sap/ZINFI_PLT_API_SRV/InfiMouldMstSet('C24545R17UHPTLHM01')"", 'uri': ""https://s4api.sap.jktyre.in:44305/sap/opu/odata/sap/ZINFI_PLT_API_SRV/InfiMouldMstSet('C24545R17UHPTLHM01')"", 'type': 'ZINFI_PLT_API_SRV.InfiMouldMst'}",C24545R17UHPTLHM01,245/45R17 LEVITAS ULTRA TL_HM01,1900,Chennai Tyre Plant,,,,ACTIVE,,
"{'id': ""https://s4api.sap.jktyre.in:44305/sap/opu/odata/sap/ZINFI_PLT_API_SRV/InfiMouldMstSet('C24545R17UHPTLHM02')"", 'uri': ""https://s4api.sap.jktyre.in:44305/sap/opu/odata/sap/ZINFI_PLT_API_SRV/InfiMouldMstSet('C24545R17UHPTLHM02')"", 'type': 'ZINFI_PLT_API_SRV.InfiMouldMst'}",C24545R17UHPTLHM02,245/45R17  LEVITAS ULTRA TL_HM02,1900,Chennai Tyre Plant,,,,ACTIVE,,
"{'id': ""https://s4api.sap.jktyre.in:44305/sap/opu/odata/sap/ZINFI_PLT_API_SRV/InfiMouldMstSet('C24545R17UX1HMI01')"", 'uri': ""https://s4api.sap.jktyre.in:44305/sap/opu/odata/sap/ZINFI_PLT_API_SRV/InfiMouldMstSet('C24545R17UX1HMI01')"", 'type': 'ZINFI_PLT_API_SRV.InfiMouldMst'}",C24545R17UX1HMI01,C24545R17 UX1 TL _ HMI01,1900,Chennai Tyre Plant,,,,ACTIVE,,
"{'id': ""https://s4api.sap.jktyre.in:44305/sap/opu/odata/sap/ZINFI_PLT_API_SRV/InfiMouldMstSet('C24545R17UX1HMI02')"", 'uri': ""https://s4api.sap.jktyre.in:44305/sap/opu/odata/sap/ZINFI_PLT_API_SRV/InfiMouldMstSet('C24545R17UX1HMI02')"", 'type': 'ZINFI_PLT_API_SRV.InfiMouldMst'}",C24545R17UX1HMI02,C24545R17 UX1 TL _ HMI02,1900,Chennai Tyre Plant,,,,ACTIVE,,
"{'id': ""https://s4api.sap.jktyre.in:44305/sap/opu/odata/sap/ZINFI_PLT_API_SRV/InfiMouldMstSet('C24545R18LEVTLHB01')"", 'uri': ""https://s4api.sap.jktyre.in:44305/sap/opu/odata/sap/ZINFI_PLT_API_SRV/InfiMouldMstSet('C24545R18LEVTLHB01')"", 'type': 'ZINFI_PLT_API_SRV.InfiMouldMst'}",C24545R18LEVTLHB01,245/45R18 LEVITAS ULTRA _ HB01,1900,Chennai Tyre Plant,,,,ACTIVE,,
"{'id': ""https://s4api.sap.jktyre.in:44305/sap/opu/odata/sap/ZINFI_PLT_API_SRV/InfiMouldMstSet('C24545R18LEVTLHB02')"", 'uri': ""https://s4api.sap.jktyre.in:44305/sap/opu/odata/sap/ZINFI_PLT_API_SRV/InfiMouldMstSet('C24545R18LEVTLHB02')"", 'type': 'ZINFI_PLT_API_SRV.InfiMouldMst'}",C24545R18LEVTLHB02,245/45R18 LEVITAS ULTRA _ HB02,1900,Chennai Tyre Plant,,,,ACTIVE,,
"{'id': ""https://s4api.sap.jktyre.in:44305/sap/opu/odata/sap/ZINFI_PLT_API_SRV/InfiMouldMstSet('C24555R19RANHPGC01')"", 'uri': ""https://s4api.sap.jktyre.in:44305/sap/opu/odata/sap/ZINFI_PLT_API_SRV/InfiMouldMstSet('C24555R19RANHPGC01')"", 'type': 'ZINFI_PLT_API_SRV.InfiMouldMst'}",C24555R19RANHPGC01,245/55R19 RANGER HP TL _ GC01,1900,Chennai Tyre Plant,,,,ACTIVE,,
"{'id': ""https://s4api.sap.jktyre.in:44305/sap/opu/odata/sap/ZINFI_PLT_API_SRV/InfiMouldMstSet('C24555R19RANHPGC02')"", 'uri': ""https://s4api.sap.jktyre.in:44305/sap/opu/odata/sap/ZINFI_PLT_API_SRV/InfiMouldMstSet('C24555R19RANHPGC02')"", 'type': 'ZINFI_PLT_API_SRV.InfiMouldMst'}",C24555R19RANHPGC02,245/55R19 RANGER HP TL _ GC02,1900,Chennai Tyre Plant,,,,ACTIVE,,
"{'id': ""https://s4api.sap.jktyre.in:44305/sap/opu/odata/sap/ZINFI_PLT_API_SRV/InfiMouldMstSet('C24560R18RANHPGC01')"", 'uri': ""https://s4api.sap.jktyre.in:44305/sap/opu/odata/sap/ZINFI_PLT_API_SRV/InfiMouldMstSet('C24560R18RANHPGC01')"", 'type': 'ZINFI_PLT_API_SRV.InfiMouldMst'}",C24560R18RANHPGC01,245/60R18 RANGER HP TL _ GC01,1900,Chennai Tyre Plant,,,,ACTIVE,,
"{'id': ""https://s4api.sap.jktyre.in:44305/sap/opu/odata/sap/ZINFI_PLT_API_SRV/InfiMouldMstSet('C24560R18RANHPGC02')"", 'uri': ""https://s4api.sap.jktyre.in:44305/sap/opu/odata/sap/ZINFI_PLT_API_SRV/InfiMouldMstSet('C24560R18RANHPGC02')"", 'type': 'ZINFI_PLT_API_SRV.InfiMouldMst'}",C24560R18RANHPGC02,245/60R18 RANGER HP TL _ GC02,1900,Chennai Tyre Plant,,,,ACTIVE,,
"{'id': ""https://s4api.sap.jktyre.in:44305/sap/opu/odata/sap/ZINFI_PLT_API_SRV/InfiMouldMstSet('C24565R17RANHHMI01')"", 'uri': ""https://s4api.sap.jktyre.in:44305/sap/opu/odata/sap/ZINFI_PLT_API_SRV/InfiMouldMstSet('C24565R17RANHHMI01')"", 'type': 'ZINFI_PLT_API_SRV.InfiMouldMst'}",C24565R17RANHHMI01,245/65R17 RANGER HP _HMI-01,1900,Chennai Tyre Plant,,,,ACTIVE,,
"{'id': ""https://s4api.sap.jktyre.in:44305/sap/opu/odata/sap/ZINFI_PLT_API_SRV/InfiMouldMstSet('C24565R17RANHHMI02')"", 'uri': ""https://s4api.sap.jktyre.in:44305/sap/opu/odata/sap/ZINFI_PLT_API_SRV/InfiMouldMstSet('C24565R17RANHHMI02')"", 'type': 'ZINFI_PLT_API_SRV.InfiMouldMst'}",C24565R17RANHHMI02,245/65R17 RANGER HP _HMI-02,1900,Chennai Tyre Plant,,,,ACTIVE,,
"{'id': ""https://s4api.sap.jktyre.in:44305/sap/opu/odata/sap/ZINFI_PLT_API_SRV/InfiMouldMstSet('C2457516RHTTLHM01')"", 'uri': ""https://s4api.sap.jktyre.in:44305/sap/opu/odata/sap/ZINFI_PLT_API_SRV/InfiMouldMstSet('C2457516RHTTLHM01')"", 'type': 'ZINFI_PLT_API_SRV.InfiMouldMst'}",C2457516RHTTLHM01,245/75R16 RANGER MT TL _ HM01,1900,Chennai Tyre Plant,,,,ACTIVE,,
"{'id': ""https://s4api.sap.jktyre.in:44305/sap/opu/odata/sap/ZINFI_PLT_API_SRV/InfiMouldMstSet('C2457516RHTTLHM02')"", 'uri': ""https://s4api.sap.jktyre.in:44305/sap/opu/odata/sap/ZINFI_PLT_API_SRV/InfiMouldMstSet('C2457516RHTTLHM02')"", 'type': 'ZINFI_PLT_API_SRV.InfiMouldMst'}",C2457516RHTTLHM02,245/75R16 RANGER MT TL _ HM02,1900,Chennai Tyre Plant,,,,ACTIVE,,
"{'id': ""https://s4api.sap.jktyre.in:44305/sap/opu/odata/sap/ZINFI_PLT_API_SRV/InfiMouldMstSet('C24575R16RHT2HMI01')"", 'uri': ""https://s4api.sap.jktyre.in:44305/sap/opu/odata/sap/ZINFI_PLT_API_SRV/InfiMouldMstSet('C24575R16RHT2HMI01')"", 'type': 'ZINFI_PLT_API_SRV.InfiMouldMst'}",C24575R16RHT2HMI01,245/75R16 RANGER HT2 _ HMI01,1900,Chennai Tyre Plant,,,,ACTIVE,,
"{'id': ""https://s4api.sap.jktyre.in:44305/sap/opu/odata/sap/ZINFI_PLT_API_SRV/InfiMouldMstSet('C24575R16RHT2HMI02')"", 'uri': ""https://s4api.sap.jktyre.in:44305/sap/opu/odata/sap/ZINFI_PLT_API_SRV/InfiMouldMstSet('C24575R16RHT2HMI02')"", 'type': 'ZINFI_PLT_API_SRV.InfiMouldMst'}",C24575R16RHT2HMI02,245/75R16 RANGER HT2 _ HMI02,1900,Chennai Tyre Plant,,,,ACTIVE,,
"{'id': ""https://s4api.sap.jktyre.in:44305/sap/opu/odata/sap/ZINFI_PLT_API_SRV/InfiMouldMstSet('C24575R16SUPBHMI01')"", 'uri': ""https://s4api.sap.jktyre.in:44305/sap/opu/odata/sap/ZINFI_PLT_API_SRV/InfiMouldMstSet('C24575R16SUPBHMI01')"", 'type': 'ZINFI_PLT_API_SRV.InfiMouldMst'}",C24575R16SUPBHMI01,245/75R16 ELANZO SUPRA _TL  HMI-01,1900,Chennai Tyre Plant,,,,ACTIVE,,
"{'id': ""https://s4api.sap.jktyre.in:44305/sap/opu/odata/sap/ZINFI_PLT_API_SRV/InfiMouldMstSet('C24575R16SUPBHMI02')"", 'uri': ""https://s4api.sap.jktyre.in:44305/sap/opu/odata/sap/ZINFI_PLT_API_SRV/InfiMouldMstSet('C24575R16SUPBHMI02')"", 'type': 'ZINFI_PLT_API_SRV.InfiMouldMst'}",C24575R16SUPBHMI02,245/75R16 ELANZO SUPRA _TL  HMI-02,1900,Chennai Tyre Plant,,,,ACTIVE,,
"{'id': ""https://s4api.sap.jktyre.in:44305/sap/opu/odata/sap/ZINFI_PLT_API_SRV/InfiMouldMstSet('C24575R16SUPTBMK01')"", 'uri': ""https://s4api.sap.jktyre.in:44305/sap/opu/odata/sap/ZINFI_PLT_API_SRV/InfiMouldMstSet('C24575R16SUPTBMK01')"", 'type': 'ZINFI_PLT_API_SRV.InfiMouldMst'}",C24575R16SUPTBMK01,245/75R16 ELANZO SUPRA TL_BMK01,1900,Chennai Tyre Plant,,,,ACTIVE,,
"{'id': ""https://s4api.sap.jktyre.in:44305/sap/opu/odata/sap/ZINFI_PLT_API_SRV/InfiMouldMstSet('C24575R16SUPTBMK02')"", 'uri': ""https://s4api.sap.jktyre.in:44305/sap/opu/odata/sap/ZINFI_PLT_API_SRV/InfiMouldMstSet('C24575R16SUPTBMK02')"", 'type': 'ZINFI_PLT_API_SRV.InfiMouldMst'}",C24575R16SUPTBMK02,245/75R16 ELANZO SUPRA TL_BMK02,1900,Chennai Tyre Plant,,,,ACTIVE,,
"{'id': ""https://s4api.sap.jktyre.in:44305/sap/opu/odata/sap/ZINFI_PLT_API_SRV/InfiMouldMstSet('C24575R16SUPTLGC01')"", 'uri': ""https://s4api.sap.jktyre.in:44305/sap/opu/odata/sap/ZINFI_PLT_API_SRV/InfiMouldMstSet('C24575R16SUPTLGC01')"", 'type': 'ZINFI_PLT_API_SRV.InfiMouldMst'}",C24575R16SUPTLGC01,245/75R16 ELANZO SUPRA TL_GC01,1900,Chennai Tyre Plant,,,,ACTIVE,,
"{'id': ""https://s4api.sap.jktyre.in:44305/sap/opu/odata/sap/ZINFI_PLT_API_SRV/InfiMouldMstSet('C24575R16SUPTLGC02')"", 'uri': ""https://s4api.sap.jktyre.in:44305/sap/opu/odata/sap/ZINFI_PLT_API_SRV/InfiMouldMstSet('C24575R16SUPTLGC02')"", 'type': 'ZINFI_PLT_API_SRV.InfiMouldMst'}",C24575R16SUPTLGC02,245/75R16 ELANZO SUPRA TL_GC02,1900,Chennai Tyre Plant,,,,ACTIVE,,
"{'id': ""https://s4api.sap.jktyre.in:44305/sap/opu/odata/sap/ZINFI_PLT_API_SRV/InfiMouldMstSet('C24575R16SUPTLGC03')"", 'uri': ""https://s4api.sap.jktyre.in:44305/sap/opu/odata/sap/ZINFI_PLT_API_SRV/InfiMouldMstSet('C24575R16SUPTLGC03')"", 'type': 'ZINFI_PLT_API_SRV.InfiMouldMst'}",C24575R16SUPTLGC03,245/75R16 ELANZO SUPRA TL_GC03,1900,Chennai Tyre Plant,,,,ACTIVE,,
"{'id': ""https://s4api.sap.jktyre.in:44305/sap/opu/odata/sap/ZINFI_PLT_API_SRV/InfiMouldMstSet('C24575R16SUPTLGC04')"", 'uri': ""https://s4api.sap.jktyre.in:44305/sap/opu/odata/sap/ZINFI_PLT_API_SRV/InfiMouldMstSet('C24575R16SUPTLGC04')"", 'type': 'ZINFI_PLT_API_SRV.InfiMouldMst'}",C24575R16SUPTLGC04,245/75R16 ELANZO SUPRA TL_GC04,1900,Chennai Tyre Plant,,,,ACTIVE,,
"{'id': ""https://s4api.sap.jktyre.in:44305/sap/opu/odata/sap/ZINFI_PLT_API_SRV/InfiMouldMstSet('C24575R16SUPTLGC05')"", 'uri': ""https://s4api.sap.jktyre.in:44305/sap/opu/odata/sap/ZINFI_PLT_API_SRV/InfiMouldMstSet('C24575R16SUPTLGC05')"", 'type': 'ZINFI_PLT_API_SRV.InfiMouldMst'}",C24575R16SUPTLGC05,245/75R16 ELANZO SUPRA TL_GC05,1900,Chennai Tyre Plant,,,,ACTIVE,,
"{'id': ""https://s4api.sap.jktyre.in:44305/sap/opu/odata/sap/ZINFI_PLT_API_SRV/InfiMouldMstSet('C24575R16SUPTLGC06')"", 'uri': ""https://s4api.sap.jktyre.in:44305/sap/opu/odata/sap/ZINFI_PLT_API_SRV/InfiMouldMstSet('C24575R16SUPTLGC06')"", 'type': 'ZINFI_PLT_API_SRV.InfiMouldMst'}",C24575R16SUPTLGC06,245/75R16 ELANZO SUPRA TL_GC06,1900,Chennai Tyre Plant,,,,ACTIVE,,
"{'id': ""https://s4api.sap.jktyre.in:44305/sap/opu/odata/sap/ZINFI_PLT_API_SRV/InfiMouldMstSet('C24575R16SUPTLGC07')"", 'uri': ""https://s4api.sap.jktyre.in:44305/sap/opu/odata/sap/ZINFI_PLT_API_SRV/InfiMouldMstSet('C24575R16SUPTLGC07')"", 'type': 'ZINFI_PLT_API_SRV.InfiMouldMst'}",C24575R16SUPTLGC07,245/75R16 ELANZO SUPRA TL_GC07,1900,Chennai Tyre Plant,,,,ACTIVE,,
"{'id': ""https://s4api.sap.jktyre.in:44305/sap/opu/odata/sap/ZINFI_PLT_API_SRV/InfiMouldMstSet('C24575R16SUPTLGC08')"", 'uri': ""https://s4api.sap.jktyre.in:44305/sap/opu/odata/sap/ZINFI_PLT_API_SRV/InfiMouldMstSet('C24575R16SUPTLGC08')"", 'type': 'ZINFI_PLT_API_SRV.InfiMouldMst'}",C24575R16SUPTLGC08,245/75R16 ELANZO SUPRA TL_GC08,1900,Chennai Tyre Plant,,,,ACTIVE,,
"{'id': ""https://s4api.sap.jktyre.in:44305/sap/opu/odata/sap/ZINFI_PLT_API_SRV/InfiMouldMstSet('C24575R16SUPTLHM01')"", 'uri': ""https://s4api.sap.jktyre.in:44305/sap/opu/odata/sap/ZINFI_PLT_API_SRV/InfiMouldMstSet('C24575R16SUPTLHM01')"", 'type': 'ZINFI_PLT_API_SRV.InfiMouldMst'}",C24575R16SUPTLHM01,245/75R16 ELANZO SUPRA TL_HM01,1900,Chennai Tyre Plant,,,,ACTIVE,,
"{'id': ""https://s4api.sap.jktyre.in:44305/sap/opu/odata/sap/ZINFI_PLT_API_SRV/InfiMouldMstSet('C24575R16SUPTLHM02')"", 'uri': ""https://s4api.sap.jktyre.in:44305/sap/opu/odata/sap/ZINFI_PLT_API_SRV/InfiMouldMstSet('C24575R16SUPTLHM02')"", 'type': 'ZINFI_PLT_API_SRV.InfiMouldMst'}",C24575R16SUPTLHM02,245/75R16 ELANZO SUPRA TL_HM02,1900,Chennai Tyre Plant,,,,ACTIVE,,
"{'id': ""https://s4api.sap.jktyre.in:44305/sap/opu/odata/sap/ZINFI_PLT_API_SRV/InfiMouldMstSet('C24575R16SUPTLSY01')"", 'uri': ""https://s4api.sap.jktyre.in:44305/sap/opu/odata/sap/ZINFI_PLT_API_SRV/InfiMouldMstSet('C24575R16SUPTLSY01')"", 'type': 'ZINFI_PLT_API_SRV.InfiMouldMst'}",C24575R16SUPTLSY01,245/75R16 ELANZO SUPRA TL_SY1,1900,Chennai Tyre Plant,,,,ACTIVE,,
"{'id': ""https://s4api.sap.jktyre.in:44305/sap/opu/odata/sap/ZINFI_PLT_API_SRV/InfiMouldMstSet('C24575R16SUPTLSY03')"", 'uri': ""https://s4api.sap.jktyre.in:44305/sap/opu/odata/sap/ZINFI_PLT_API_SRV/InfiMouldMstSet('C24575R16SUPTLSY03')"", 'type': 'ZINFI_PLT_API_SRV.InfiMouldMst'}",C24575R16SUPTLSY03,245/75R16 ELANZO SUPRA TL_SY3,1900,Chennai Tyre Plant,,,,ACTIVE,,
"{'id': ""https://s4api.sap.jktyre.in:44305/sap/opu/odata/sap/ZINFI_PLT_API_SRV/InfiMouldMstSet('C25540R20LEVTLGC01')"", 'uri': ""https://s4api.sap.jktyre.in:44305/sap/opu/odata/sap/ZINFI_PLT_API_SRV/InfiMouldMstSet('C25540R20LEVTLGC01')"", 'type': 'ZINFI_PLT_API_SRV.InfiMouldMst'}",C25540R20LEVTLGC01,255/40R20 LEVITAS ULTRA TL _ GC01,1900,Chennai Tyre Plant,,,,ACTIVE,,
"{'id': ""https://s4api.sap.jktyre.in:44305/sap/opu/odata/sap/ZINFI_PLT_API_SRV/InfiMouldMstSet('C25545R19LEVTLGC01')"", 'uri': ""https://s4api.sap.jktyre.in:44305/sap/opu/odata/sap/ZINFI_PLT_API_SRV/InfiMouldMstSet('C25545R19LEVTLGC01')"", 'type': 'ZINFI_PLT_API_SRV.InfiMouldMst'}",C25545R19LEVTLGC01,255/45R19 LEVITAS ULTRA TL _ GC01,1900,Chennai Tyre Plant,,,,ACTIVE,,
"{'id': ""https://s4api.sap.jktyre.in:44305/sap/opu/odata/sap/ZINFI_PLT_API_SRV/InfiMouldMstSet('C25545R20LEVTLGC01')"", 'uri': ""https://s4api.sap.jktyre.in:44305/sap/opu/odata/sap/ZINFI_PLT_API_SRV/InfiMouldMstSet('C25545R20LEVTLGC01')"", 'type': 'ZINFI_PLT_API_SRV.InfiMouldMst'}",C25545R20LEVTLGC01,255/45R20 LEVITAS ULTRA TL _ GC01,1900,Chennai Tyre Plant,,,,ACTIVE,,
"{'id': ""https://s4api.sap.jktyre.in:44305/sap/opu/odata/sap/ZINFI_PLT_API_SRV/InfiMouldMstSet('C25560R18RHTTLHM01')"", 'uri': ""https://s4api.sap.jktyre.in:44305/sap/opu/odata/sap/ZINFI_PLT_API_SRV/InfiMouldMstSet('C25560R18RHTTLHM01')"", 'type': 'ZINFI_PLT_API_SRV.InfiMouldMst'}",C25560R18RHTTLHM01,255/60R18 RANGER HT TL HM01,1900,Chennai Tyre Plant,,,,ACTIVE,,
"{'id': ""https://s4api.sap.jktyre.in:44305/sap/opu/odata/sap/ZINFI_PLT_API_SRV/InfiMouldMstSet('C25560R18RHTTLHM02')"", 'uri': ""https://s4api.sap.jktyre.in:44305/sap/opu/odata/sap/ZINFI_PLT_API_SRV/InfiMouldMstSet('C25560R18RHTTLHM02')"", 'type': 'ZINFI_PLT_API_SRV.InfiMouldMst'}",C25560R18RHTTLHM02,255/60R18 RANGER HT TL HM02,1900,Chennai Tyre Plant,,,,ACTIVE,,
"{'id': ""https://s4api.sap.jktyre.in:44305/sap/opu/odata/sap/ZINFI_PLT_API_SRV/InfiMouldMstSet('C25560R19RANATGR01')"", 'uri': ""https://s4api.sap.jktyre.in:44305/sap/opu/odata/sap/ZINFI_PLT_API_SRV/InfiMouldMstSet('C25560R19RANATGR01')"", 'type': 'ZINFI_PLT_API_SRV.InfiMouldMst'}",C25560R19RANATGR01,255/60R19 RANGER AT_GR01,1900,Chennai Tyre Plant,,,,ACTIVE,,
"{'id': ""https://s4api.sap.jktyre.in:44305/sap/opu/odata/sap/ZINFI_PLT_API_SRV/InfiMouldMstSet('C25560R19RANATGR02')"", 'uri': ""https://s4api.sap.jktyre.in:44305/sap/opu/odata/sap/ZINFI_PLT_API_SRV/InfiMouldMstSet('C25560R19RANATGR02')"", 'type': 'ZINFI_PLT_API_SRV.InfiMouldMst'}",C25560R19RANATGR02,255/60R19 RANGER AT_GR02,1900,Chennai Tyre Plant,,,,ACTIVE,,
"{'id': ""https://s4api.sap.jktyre.in:44305/sap/opu/odata/sap/ZINFI_PLT_API_SRV/InfiMouldMstSet('C25565R16ELZTLGC01')"", 'uri': ""https://s4api.sap.jktyre.in:44305/sap/opu/odata/sap/ZINFI_PLT_API_SRV/InfiMouldMstSet('C25565R16ELZTLGC01')"", 'type': 'ZINFI_PLT_API_SRV.InfiMouldMst'}",C25565R16ELZTLGC01,255/65R16 ELANZO NXT TL_GC01,1900,Chennai Tyre Plant,,,,ACTIVE,,
"{'id': ""https://s4api.sap.jktyre.in:44305/sap/opu/odata/sap/ZINFI_PLT_API_SRV/InfiMouldMstSet('C25565R18RAATHMI01')"", 'uri': ""https://s4api.sap.jktyre.in:44305/sap/opu/odata/sap/ZINFI_PLT_API_SRV/InfiMouldMstSet('C25565R18RAATHMI01')"", 'type': 'ZINFI_PLT_API_SRV.InfiMouldMst'}",C25565R18RAATHMI01,255/65R18 RANGER AT _HMI01,1900,Chennai Tyre Plant,,,,ACTIVE,,
"{'id': ""https://s4api.sap.jktyre.in:44305/sap/opu/odata/sap/ZINFI_PLT_API_SRV/InfiMouldMstSet('C25565R18RAATHMI02')"", 'uri': ""https://s4api.sap.jktyre.in:44305/sap/opu/odata/sap/ZINFI_PLT_API_SRV/InfiMouldMstSet('C25565R18RAATHMI02')"", 'type': 'ZINFI_PLT_API_SRV.InfiMouldMst'}",C25565R18RAATHMI02,255/65R18 RANGER AT _HMI02,1900,Chennai Tyre Plant,,,,ACTIVE,,
"{'id': ""https://s4api.sap.jktyre.in:44305/sap/opu/odata/sap/ZINFI_PLT_API_SRV/InfiMouldMstSet('C25565R18RAHT2GC01')"", 'uri': ""https://s4api.sap.jktyre.in:44305/sap/opu/odata/sap/ZINFI_PLT_API_SRV/InfiMouldMstSet('C25565R18RAHT2GC01')"", 'type': 'ZINFI_PLT_API_SRV.InfiMouldMst'}",C25565R18RAHT2GC01,255/65R18 RANGER HT2 TL _ GC01,1900,Chennai Tyre Plant,,,,ACTIVE,,
"{'id': ""https://s4api.sap.jktyre.in:44305/sap/opu/odata/sap/ZINFI_PLT_API_SRV/InfiMouldMstSet('C25565R18RAHT2GC02')"", 'uri': ""https://s4api.sap.jktyre.in:44305/sap/opu/odata/sap/ZINFI_PLT_API_SRV/InfiMouldMstSet('C25565R18RAHT2GC02')"", 'type': 'ZINFI_PLT_API_SRV.InfiMouldMst'}",C25565R18RAHT2GC02,255/65R18 RANGER HT2 TL _ GC02,1900,Chennai Tyre Plant,,,,ACTIVE,,
"{'id': ""https://s4api.sap.jktyre.in:44305/sap/opu/odata/sap/ZINFI_PLT_API_SRV/InfiMouldMstSet('C25565R18RAHT2GC03')"", 'uri': ""https://s4api.sap.jktyre.in:44305/sap/opu/odata/sap/ZINFI_PLT_API_SRV/InfiMouldMstSet('C25565R18RAHT2GC03')"", 'type': 'ZINFI_PLT_API_SRV.InfiMouldMst'}",C25565R18RAHT2GC03,255/65R18 RANGER HT2 TL _ GC03,1900,Chennai Tyre Plant,,,,ACTIVE,,
"{'id': ""https://s4api.sap.jktyre.in:44305/sap/opu/odata/sap/ZINFI_PLT_API_SRV/InfiMouldMstSet('C25565R18RAHT2GC04')"", 'uri': ""https://s4api.sap.jktyre.in:44305/sap/opu/odata/sap/ZINFI_PLT_API_SRV/InfiMouldMstSet('C25565R18RAHT2GC04')"", 'type': 'ZINFI_PLT_API_SRV.InfiMouldMst'}",C25565R18RAHT2GC04,255/65R18 RANGER HT2 TL _ GC04,1900,Chennai Tyre Plant,,,,ACTIVE,,
"{'id': ""https://s4api.sap.jktyre.in:44305/sap/opu/odata/sap/ZINFI_PLT_API_SRV/InfiMouldMstSet('C25565R18RAHT2HM01')"", 'uri': ""https://s4api.sap.jktyre.in:44305/sap/opu/odata/sap/ZINFI_PLT_API_SRV/InfiMouldMstSet('C25565R18RAHT2HM01')"", 'type': 'ZINFI_PLT_API_SRV.InfiMouldMst'}",C25565R18RAHT2HM01,255/65R18 RANGER HT2 TL _ HM01,1900,Chennai Tyre Plant,,,,ACTIVE,,
"{'id': ""https://s4api.sap.jktyre.in:44305/sap/opu/odata/sap/ZINFI_PLT_API_SRV/InfiMouldMstSet('C25565R18RAHT2HM02')"", 'uri': ""https://s4api.sap.jktyre.in:44305/sap/opu/odata/sap/ZINFI_PLT_API_SRV/InfiMouldMstSet('C25565R18RAHT2HM02')"", 'type': 'ZINFI_PLT_API_SRV.InfiMouldMst'}",C25565R18RAHT2HM02,255/65R18 RANGER HT2 TL _ HM02,1900,Chennai Tyre Plant,,,,ACTIVE,,
"{'id': ""https://s4api.sap.jktyre.in:44305/sap/opu/odata/sap/ZINFI_PLT_API_SRV/InfiMouldMstSet('C25565R18RAHT2HM03')"", 'uri': ""https://s4api.sap.jktyre.in:44305/sap/opu/odata/sap/ZINFI_PLT_API_SRV/InfiMouldMstSet('C25565R18RAHT2HM03')"", 'type': 'ZINFI_PLT_API_SRV.InfiMouldMst'}",C25565R18RAHT2HM03,255/65R18 RANGER HT2 TL _ HM03,1900,Chennai Tyre Plant,,,,ACTIVE,,
"{'id': ""https://s4api.sap.jktyre.in:44305/sap/opu/odata/sap/ZINFI_PLT_API_SRV/InfiMouldMstSet('C25565R18RAHT2HM04')"", 'uri': ""https://s4api.sap.jktyre.in:44305/sap/opu/odata/sap/ZINFI_PLT_API_SRV/InfiMouldMstSet('C25565R18RAHT2HM04')"", 'type': 'ZINFI_PLT_API_SRV.InfiMouldMst'}",C25565R18RAHT2HM04,255/65R18 RANGER HT2 TL _ HM04,1900,Chennai Tyre Plant,,,,ACTIVE,,
"{'id': ""https://s4api.sap.jktyre.in:44305/sap/opu/odata/sap/ZINFI_PLT_API_SRV/InfiMouldMstSet('C25565R18RAHT2HM05')"", 'uri': ""https://s4api.sap.jktyre.in:44305/sap/opu/odata/sap/ZINFI_PLT_API_SRV/InfiMouldMstSet('C25565R18RAHT2HM05')"", 'type': 'ZINFI_PLT_API_SRV.InfiMouldMst'}",C25565R18RAHT2HM05,255/65R18 RANGER HT2 TL _ HM05,1900,Chennai Tyre Plant,,,,ACTIVE,,
"{'id': ""https://s4api.sap.jktyre.in:44305/sap/opu/odata/sap/ZINFI_PLT_API_SRV/InfiMouldMstSet('C25565R18RAHT2HM06')"", 'uri': ""https://s4api.sap.jktyre.in:44305/sap/opu/odata/sap/ZINFI_PLT_API_SRV/InfiMouldMstSet('C25565R18RAHT2HM06')"", 'type': 'ZINFI_PLT_API_SRV.InfiMouldMst'}",C25565R18RAHT2HM06,255/65R18 RANGER HT2 TL _ HM06,1900,Chennai Tyre Plant,,,,ACTIVE,,
"{'id': ""https://s4api.sap.jktyre.in:44305/sap/opu/odata/sap/ZINFI_PLT_API_SRV/InfiMouldMstSet('C25565R18RAHTHMI01')"", 'uri': ""https://s4api.sap.jktyre.in:44305/sap/opu/odata/sap/ZINFI_PLT_API_SRV/InfiMouldMstSet('C25565R18RAHTHMI01')"", 'type': 'ZINFI_PLT_API_SRV.InfiMouldMst'}",C25565R18RAHTHMI01,255/65R18 RANGER HT2 TL _ HMI01,1900,Chennai Tyre Plant,,,,ACTIVE,,
"{'id': ""https://s4api.sap.jktyre.in:44305/sap/opu/odata/sap/ZINFI_PLT_API_SRV/InfiMouldMstSet('C25565R18RAHTHMI02')"", 'uri': ""https://s4api.sap.jktyre.in:44305/sap/opu/odata/sap/ZINFI_PLT_API_SRV/InfiMouldMstSet('C25565R18RAHTHMI02')"", 'type': 'ZINFI_PLT_API_SRV.InfiMouldMst'}",C25565R18RAHTHMI02,255/65R18 RANGER HT2 TL _ HMI02,1900,Chennai Tyre Plant,,,,ACTIVE,,
"{'id': ""https://s4api.sap.jktyre.in:44305/sap/opu/odata/sap/ZINFI_PLT_API_SRV/InfiMouldMstSet('C25565R18RAHTHMI03')"", 'uri': ""https://s4api.sap.jktyre.in:44305/sap/opu/odata/sap/ZINFI_PLT_API_SRV/InfiMouldMstSet('C25565R18RAHTHMI03')"", 'type': 'ZINFI_PLT_API_SRV.InfiMouldMst'}",C25565R18RAHTHMI03,255/65R18 RANGER HT2 TL _ HMI03,1900,Chennai Tyre Plant,,,,ACTIVE,,
"{'id': ""https://s4api.sap.jktyre.in:44305/sap/opu/odata/sap/ZINFI_PLT_API_SRV/InfiMouldMstSet('C25565R18RAHTHMI04')"", 'uri': ""https://s4api.sap.jktyre.in:44305/sap/opu/odata/sap/ZINFI_PLT_API_SRV/InfiMouldMstSet('C25565R18RAHTHMI04')"", 'type': 'ZINFI_PLT_API_SRV.InfiMouldMst'}",C25565R18RAHTHMI04,255/65R18 RANGER HT2 TL _ HMI04,1900,Chennai Tyre Plant,,,,ACTIVE,,
"{'id': ""https://s4api.sap.jktyre.in:44305/sap/opu/odata/sap/ZINFI_PLT_API_SRV/InfiMouldMstSet('C25565R18RATTLGC02')"", 'uri': ""https://s4api.sap.jktyre.in:44305/sap/opu/odata/sap/ZINFI_PLT_API_SRV/InfiMouldMstSet('C25565R18RATTLGC02')"", 'type': 'ZINFI_PLT_API_SRV.InfiMouldMst'}",C25565R18RATTLGC02,255/65R18 RANGER AT _GC02,1900,Chennai Tyre Plant,,,,ACTIVE,,
"{'id': ""https://s4api.sap.jktyre.in:44305/sap/opu/odata/sap/ZINFI_PLT_API_SRV/InfiMouldMstSet('C25565R18RATTLGC03')"", 'uri': ""https://s4api.sap.jktyre.in:44305/sap/opu/odata/sap/ZINFI_PLT_API_SRV/InfiMouldMstSet('C25565R18RATTLGC03')"", 'type': 'ZINFI_PLT_API_SRV.InfiMouldMst'}",C25565R18RATTLGC03,255/65R18 RANGER AT _GC03,1900,Chennai Tyre Plant,,,,ACTIVE,,
"{'id': ""https://s4api.sap.jktyre.in:44305/sap/opu/odata/sap/ZINFI_PLT_API_SRV/InfiMouldMstSet('C25565R18RATTLGC04')"", 'uri': ""https://s4api.sap.jktyre.in:44305/sap/opu/odata/sap/ZINFI_PLT_API_SRV/InfiMouldMstSet('C25565R18RATTLGC04')"", 'type': 'ZINFI_PLT_API_SRV.InfiMouldMst'}",C25565R18RATTLGC04,255/65R18 RANGER AT _GC04,1900,Chennai Tyre Plant,,,,ACTIVE,,
"{'id': ""https://s4api.sap.jktyre.in:44305/sap/opu/odata/sap/ZINFI_PLT_API_SRV/InfiMouldMstSet('C25565R18RATTLGC05')"", 'uri': ""https://s4api.sap.jktyre.in:44305/sap/opu/odata/sap/ZINFI_PLT_API_SRV/InfiMouldMstSet('C25565R18RATTLGC05')"", 'type': 'ZINFI_PLT_API_SRV.InfiMouldMst'}",C25565R18RATTLGC05,255/65R18 RANGER AT _GC05,1900,Chennai Tyre Plant,,,,ACTIVE,,
"{'id': ""https://s4api.sap.jktyre.in:44305/sap/opu/odata/sap/ZINFI_PLT_API_SRV/InfiMouldMstSet('C25565R18RHPEHMI01')"", 'uri': ""https://s4api.sap.jktyre.in:44305/sap/opu/odata/sap/ZINFI_PLT_API_SRV/InfiMouldMstSet('C25565R18RHPEHMI01')"", 'type': 'ZINFI_PLT_API_SRV.InfiMouldMst'}",C25565R18RHPEHMI01,255/65R18 RANGER HPE_TL HMI-01,1900,Chennai Tyre Plant,,,,ACTIVE,,
"{'id': ""https://s4api.sap.jktyre.in:44305/sap/opu/odata/sap/ZINFI_PLT_API_SRV/InfiMouldMstSet('C25565R18RHPEHMI02')"", 'uri': ""https://s4api.sap.jktyre.in:44305/sap/opu/odata/sap/ZINFI_PLT_API_SRV/InfiMouldMstSet('C25565R18RHPEHMI02')"", 'type': 'ZINFI_PLT_API_SRV.InfiMouldMst'}",C25565R18RHPEHMI02,255/65R18 RANGER HPE_TL HMI-02,1900,Chennai Tyre Plant,,,,ACTIVE,,
"{'id': ""https://s4api.sap.jktyre.in:44305/sap/opu/odata/sap/ZINFI_PLT_API_SRV/InfiMouldMstSet('C25565R18RHTPGC01')"", 'uri': ""https://s4api.sap.jktyre.in:44305/sap/opu/odata/sap/ZINFI_PLT_API_SRV/InfiMouldMstSet('C25565R18RHTPGC01')"", 'type': 'ZINFI_PLT_API_SRV.InfiMouldMst'}",C25565R18RHTPGC01,255/65R18 RANGER HT+_GC01,1900,Chennai Tyre Plant,,,,ACTIVE,,
"{'id': ""https://s4api.sap.jktyre.in:44305/sap/opu/odata/sap/ZINFI_PLT_API_SRV/InfiMouldMstSet('C25565R18RHTPGC02')"", 'uri': ""https://s4api.sap.jktyre.in:44305/sap/opu/odata/sap/ZINFI_PLT_API_SRV/InfiMouldMstSet('C25565R18RHTPGC02')"", 'type': 'ZINFI_PLT_API_SRV.InfiMouldMst'}",C25565R18RHTPGC02,255/65R18 RANGER HT+_GC02,1900,Chennai Tyre Plant,,,,ACTIVE,,
"{'id': ""https://s4api.sap.jktyre.in:44305/sap/opu/odata/sap/ZINFI_PLT_API_SRV/InfiMouldMstSet('C25570R15RATTLHM01')"", 'uri': ""https://s4api.sap.jktyre.in:44305/sap/opu/odata/sap/ZINFI_PLT_API_SRV/InfiMouldMstSet('C25570R15RATTLHM01')"", 'type': 'ZINFI_PLT_API_SRV.InfiMouldMst'}",C25570R15RATTLHM01,255/70R15 RANGER AT TL_HM01,1900,Chennai Tyre Plant,,,,ACTIVE,,
"{'id': ""https://s4api.sap.jktyre.in:44305/sap/opu/odata/sap/ZINFI_PLT_API_SRV/InfiMouldMstSet('C25570R15RATTLHM02')"", 'uri': ""https://s4api.sap.jktyre.in:44305/sap/opu/odata/sap/ZINFI_PLT_API_SRV/InfiMouldMstSet('C25570R15RATTLHM02')"", 'type': 'ZINFI_PLT_API_SRV.InfiMouldMst'}",C25570R15RATTLHM02,255/70R15 RANGER AT TL_HM02,1900,Chennai Tyre Plant,,,,ACTIVE,,
"{'id': ""https://s4api.sap.jktyre.in:44305/sap/opu/odata/sap/ZINFI_PLT_API_SRV/InfiMouldMstSet('C25570R225217GC01')"", 'uri': ""https://s4api.sap.jktyre.in:44305/sap/opu/odata/sap/ZINFI_PLT_API_SRV/InfiMouldMstSet('C25570R225217GC01')"", 'type': 'ZINFI_PLT_API_SRV.InfiMouldMst'}",C25570R225217GC01,255/70R22.5 JETWAY JUXE TL _ GC-01,1900,Chennai Tyre Plant,,,,ACTIVE,,
"{'id': ""https://s4api.sap.jktyre.in:44305/sap/opu/odata/sap/ZINFI_PLT_API_SRV/InfiMouldMstSet('C25570R225217GC02')"", 'uri': ""https://s4api.sap.jktyre.in:44305/sap/opu/odata/sap/ZINFI_PLT_API_SRV/InfiMouldMstSet('C25570R225217GC02')"", 'type': 'ZINFI_PLT_API_SRV.InfiMouldMst'}",C25570R225217GC02,255/70R22.5 JETWAY JUXE TL _ GC-02,1900,Chennai Tyre Plant,,,,ACTIVE,,
"{'id': ""https://s4api.sap.jktyre.in:44305/sap/opu/odata/sap/ZINFI_PLT_API_SRV/InfiMouldMstSet('C25570R225217GC03')"", 'uri': ""https://s4api.sap.jktyre.in:44305/sap/opu/odata/sap/ZINFI_PLT_API_SRV/InfiMouldMstSet('C25570R225217GC03')"", 'type': 'ZINFI_PLT_API_SRV.InfiMouldMst'}",C25570R225217GC03,255/70R22.5 JETWAY JUXE TL _ GC-03,1900,Chennai Tyre Plant,,,,ACTIVE,,
"{'id': ""https://s4api.sap.jktyre.in:44305/sap/opu/odata/sap/ZINFI_PLT_API_SRV/InfiMouldMstSet('C25570R225217GC04')"", 'uri': ""https://s4api.sap.jktyre.in:44305/sap/opu/odata/sap/ZINFI_PLT_API_SRV/InfiMouldMstSet('C25570R225217GC04')"", 'type': 'ZINFI_PLT_API_SRV.InfiMouldMst'}",C25570R225217GC04,255/70R22.5 JETWAY JUXE TL _ GC-04,1900,Chennai Tyre Plant,,,,ACTIVE,,
"{'id': ""https://s4api.sap.jktyre.in:44305/sap/opu/odata/sap/ZINFI_PLT_API_SRV/InfiMouldMstSet('C25570R225217GC05')"", 'uri': ""https://s4api.sap.jktyre.in:44305/sap/opu/odata/sap/ZINFI_PLT_API_SRV/InfiMouldMstSet('C25570R225217GC05')"", 'type': 'ZINFI_PLT_API_SRV.InfiMouldMst'}",C25570R225217GC05,255/70R22.5 JETWAY JUXE TL _ GC-05,1900,Chennai Tyre Plant,,,,ACTIVE,,
"{'id': ""https://s4api.sap.jktyre.in:44305/sap/opu/odata/sap/ZINFI_PLT_API_SRV/InfiMouldMstSet('C25570R225217GC06')"", 'uri': ""https://s4api.sap.jktyre.in:44305/sap/opu/odata/sap/ZINFI_PLT_API_SRV/InfiMouldMstSet('C25570R225217GC06')"", 'type': 'ZINFI_PLT_API_SRV.InfiMouldMst'}",C25570R225217GC06,255/70R22.5 JETWAY JUXE TL _ GC-06,1900,Chennai Tyre Plant,,,,ACTIVE,,
"{'id': ""https://s4api.sap.jktyre.in:44305/sap/opu/odata/sap/ZINFI_PLT_API_SRV/InfiMouldMstSet('C25570R225JTH1GC01')"", 'uri': ""https://s4api.sap.jktyre.in:44305/sap/opu/odata/sap/ZINFI_PLT_API_SRV/InfiMouldMstSet('C25570R225JTH1GC01')"", 'type': 'ZINFI_PLT_API_SRV.InfiMouldMst'}",C25570R225JTH1GC01,255/70R22.5 VIKRANT VTH1_GC-01,1900,Chennai Tyre Plant,,,,ACTIVE,,
"{'id': ""https://s4api.sap.jktyre.in:44305/sap/opu/odata/sap/ZINFI_PLT_API_SRV/InfiMouldMstSet('C25570R225JTH1GC02')"", 'uri': ""https://s4api.sap.jktyre.in:44305/sap/opu/odata/sap/ZINFI_PLT_API_SRV/InfiMouldMstSet('C25570R225JTH1GC02')"", 'type': 'ZINFI_PLT_API_SRV.InfiMouldMst'}",C25570R225JTH1GC02,255/70R22.5 VIKRANT VTH1_GC-02,1900,Chennai Tyre Plant,,,,ACTIVE,,
"{'id': ""https://s4api.sap.jktyre.in:44305/sap/opu/odata/sap/ZINFI_PLT_API_SRV/InfiMouldMstSet('C25570R225JTH1GC03')"", 'uri': ""https://s4api.sap.jktyre.in:44305/sap/opu/odata/sap/ZINFI_PLT_API_SRV/InfiMouldMstSet('C25570R225JTH1GC03')"", 'type': 'ZINFI_PLT_API_SRV.InfiMouldMst'}",C25570R225JTH1GC03,255/70R22.5 JETWAY JTH1_GC-03,1900,Chennai Tyre Plant,,,,ACTIVE,,
"{'id': ""https://s4api.sap.jktyre.in:44305/sap/opu/odata/sap/ZINFI_PLT_API_SRV/InfiMouldMstSet('C25570R225JTH1GC04')"", 'uri': ""https://s4api.sap.jktyre.in:44305/sap/opu/odata/sap/ZINFI_PLT_API_SRV/InfiMouldMstSet('C25570R225JTH1GC04')"", 'type': 'ZINFI_PLT_API_SRV.InfiMouldMst'}",C25570R225JTH1GC04,255/70R22.5 JETWAY JTH1_GC-04,1900,Chennai Tyre Plant,,,,ACTIVE,,
"{'id': ""https://s4api.sap.jktyre.in:44305/sap/opu/odata/sap/ZINFI_PLT_API_SRV/InfiMouldMstSet('C25570R225VTH1GC01')"", 'uri': ""https://s4api.sap.jktyre.in:44305/sap/opu/odata/sap/ZINFI_PLT_API_SRV/InfiMouldMstSet('C25570R225VTH1GC01')"", 'type': 'ZINFI_PLT_API_SRV.InfiMouldMst'}",C25570R225VTH1GC01,255/70R22.5 JETWAY VTH1_GC-01,1900,Chennai Tyre Plant,,,,ACTIVE,,
"{'id': ""https://s4api.sap.jktyre.in:44305/sap/opu/odata/sap/ZINFI_PLT_API_SRV/InfiMouldMstSet('C25570R225VTH1GC02')"", 'uri': ""https://s4api.sap.jktyre.in:44305/sap/opu/odata/sap/ZINFI_PLT_API_SRV/InfiMouldMstSet('C25570R225VTH1GC02')"", 'type': 'ZINFI_PLT_API_SRV.InfiMouldMst'}",C25570R225VTH1GC02,255/70R22.5 JETWAY VTH1_GC-02,1900,Chennai Tyre Plant,,,,ACTIVE,,
"{'id': ""https://s4api.sap.jktyre.in:44305/sap/opu/odata/sap/ZINFI_PLT_API_SRV/InfiMouldMstSet('C25580R225119HM01')"", 'uri': ""https://s4api.sap.jktyre.in:44305/sap/opu/odata/sap/ZINFI_PLT_API_SRV/InfiMouldMstSet('C25580R225119HM01')"", 'type': 'ZINFI_PLT_API_SRV.InfiMouldMst'}",C25580R225119HM01,255/80R22.5 JETSTEEL -JDL XM HM01,1900,Chennai Tyre Plant,,,,ACTIVE,,
"{'id': ""https://s4api.sap.jktyre.in:44305/sap/opu/odata/sap/ZINFI_PLT_API_SRV/InfiMouldMstSet('C25580R225207HM01')"", 'uri': ""https://s4api.sap.jktyre.in:44305/sap/opu/odata/sap/ZINFI_PLT_API_SRV/InfiMouldMstSet('C25580R225207HM01')"", 'type': 'ZINFI_PLT_API_SRV.InfiMouldMst'}",C25580R225207HM01,255/80R22.5 JETWAY 207 - HM01,1900,Chennai Tyre Plant,,,,ACTIVE,,
"{'id': ""https://s4api.sap.jktyre.in:44305/sap/opu/odata/sap/ZINFI_PLT_API_SRV/InfiMouldMstSet('C26560R18RHTPHM01')"", 'uri': ""https://s4api.sap.jktyre.in:44305/sap/opu/odata/sap/ZINFI_PLT_API_SRV/InfiMouldMstSet('C26560R18RHTPHM01')"", 'type': 'ZINFI_PLT_API_SRV.InfiMouldMst'}",C26560R18RHTPHM01,265/60R18 RANGER HT TL_HM-01,1900,Chennai Tyre Plant,,,,ACTIVE,,
"{'id': ""https://s4api.sap.jktyre.in:44305/sap/opu/odata/sap/ZINFI_PLT_API_SRV/InfiMouldMstSet('C26560R18RHTPHM02')"", 'uri': ""https://s4api.sap.jktyre.in:44305/sap/opu/odata/sap/ZINFI_PLT_API_SRV/InfiMouldMstSet('C26560R18RHTPHM02')"", 'type': 'ZINFI_PLT_API_SRV.InfiMouldMst'}",C26560R18RHTPHM02,265/60R18 RANGER HT TL_HM-02,1900,Chennai Tyre Plant,,,,ACTIVE,,
"{'id': ""https://s4api.sap.jktyre.in:44305/sap/opu/odata/sap/ZINFI_PLT_API_SRV/InfiMouldMstSet('C26560R18RHTPHMI01')"", 'uri': ""https://s4api.sap.jktyre.in:44305/sap/opu/odata/sap/ZINFI_PLT_API_SRV/InfiMouldMstSet('C26560R18RHTPHMI01')"", 'type': 'ZINFI_PLT_API_SRV.InfiMouldMst'}",C26560R18RHTPHMI01,265/60R18 RANGER HT TL_HMI-01,1900,Chennai Tyre Plant,,,,ACTIVE,,
"{'id': ""https://s4api.sap.jktyre.in:44305/sap/opu/odata/sap/ZINFI_PLT_API_SRV/InfiMouldMstSet('C26560R18RHTPHMI02')"", 'uri': ""https://s4api.sap.jktyre.in:44305/sap/opu/odata/sap/ZINFI_PLT_API_SRV/InfiMouldMstSet('C26560R18RHTPHMI02')"", 'type': 'ZINFI_PLT_API_SRV.InfiMouldMst'}",C26560R18RHTPHMI02,265/60R18 RANGER HT TL_HMI-02,1900,Chennai Tyre Plant,,,,ACTIVE,,
"{'id': ""https://s4api.sap.jktyre.in:44305/sap/opu/odata/sap/ZINFI_PLT_API_SRV/InfiMouldMstSet('C26560R18XATTLTY01')"", 'uri': ""https://s4api.sap.jktyre.in:44305/sap/opu/odata/sap/ZINFI_PLT_API_SRV/InfiMouldMstSet('C26560R18XATTLTY01')"", 'type': 'ZINFI_PLT_API_SRV.InfiMouldMst'}",C26560R18XATTLTY01,265/60R18 RANGER X AT TL-TY01,1900,Chennai Tyre Plant,,,,ACTIVE,,
"{'id': ""https://s4api.sap.jktyre.in:44305/sap/opu/odata/sap/ZINFI_PLT_API_SRV/InfiMouldMstSet('C26560R18XATTLTY02')"", 'uri': ""https://s4api.sap.jktyre.in:44305/sap/opu/odata/sap/ZINFI_PLT_API_SRV/InfiMouldMstSet('C26560R18XATTLTY02')"", 'type': 'ZINFI_PLT_API_SRV.InfiMouldMst'}",C26560R18XATTLTY02,265/60R18 RANGER X AT TL-TY02,1900,Chennai Tyre Plant,,,,ACTIVE,,
"{'id': ""https://s4api.sap.jktyre.in:44305/sap/opu/odata/sap/ZINFI_PLT_API_SRV/InfiMouldMstSet('C26565R17RHTCGC01')"", 'uri': ""https://s4api.sap.jktyre.in:44305/sap/opu/odata/sap/ZINFI_PLT_API_SRV/InfiMouldMstSet('C26565R17RHTCGC01')"", 'type': 'ZINFI_PLT_API_SRV.InfiMouldMst'}",C26565R17RHTCGC01,265/65R17 RANGER HT TL _ CGC01,1900,Chennai Tyre Plant,,,,ACTIVE,,
"{'id': ""https://s4api.sap.jktyre.in:44305/sap/opu/odata/sap/ZINFI_PLT_API_SRV/InfiMouldMstSet('C26565R17RHTTLHM03')"", 'uri': ""https://s4api.sap.jktyre.in:44305/sap/opu/odata/sap/ZINFI_PLT_API_SRV/InfiMouldMstSet('C26565R17RHTTLHM03')"", 'type': 'ZINFI_PLT_API_SRV.InfiMouldMst'}",C26565R17RHTTLHM03,265/65R17 RANGER HT _HM-03,1900,Chennai Tyre Plant,,,,ACTIVE,,
"{'id': ""https://s4api.sap.jktyre.in:44305/sap/opu/odata/sap/ZINFI_PLT_API_SRV/InfiMouldMstSet('C26565R17RHTTLHM04')"", 'uri': ""https://s4api.sap.jktyre.in:44305/sap/opu/odata/sap/ZINFI_PLT_API_SRV/InfiMouldMstSet('C26565R17RHTTLHM04')"", 'type': 'ZINFI_PLT_API_SRV.InfiMouldMst'}",C26565R17RHTTLHM04,265/65R17 RANGER HT _HM-04,1900,Chennai Tyre Plant,,,,ACTIVE,,
"{'id': ""https://s4api.sap.jktyre.in:44305/sap/opu/odata/sap/ZINFI_PLT_API_SRV/InfiMouldMstSet('C26565R17XATTLTY01')"", 'uri': ""https://s4api.sap.jktyre.in:44305/sap/opu/odata/sap/ZINFI_PLT_API_SRV/InfiMouldMstSet('C26565R17XATTLTY01')"", 'type': 'ZINFI_PLT_API_SRV.InfiMouldMst'}",C26565R17XATTLTY01,265/65R17 RANGER X AT TL_ TY01,1900,Chennai Tyre Plant,,,,ACTIVE,,
"{'id': ""https://s4api.sap.jktyre.in:44305/sap/opu/odata/sap/ZINFI_PLT_API_SRV/InfiMouldMstSet('C26565R17XATTLTY02')"", 'uri': ""https://s4api.sap.jktyre.in:44305/sap/opu/odata/sap/ZINFI_PLT_API_SRV/InfiMouldMstSet('C26565R17XATTLTY02')"", 'type': 'ZINFI_PLT_API_SRV.InfiMouldMst'}",C26565R17XATTLTY02,265/65R17 RANGER X AT TL_ TY02,1900,Chennai Tyre Plant,,,,ACTIVE,,
"{'id': ""https://s4api.sap.jktyre.in:44305/sap/opu/odata/sap/ZINFI_PLT_API_SRV/InfiMouldMstSet('C26570R16BLZHTHM01')"", 'uri': ""https://s4api.sap.jktyre.in:44305/sap/opu/odata/sap/ZINFI_PLT_API_SRV/InfiMouldMstSet('C26570R16BLZHTHM01')"", 'type': 'ZINFI_PLT_API_SRV.InfiMouldMst'}",C26570R16BLZHTHM01,265/70R16 BLAZZE HT_HM-01,1900,Chennai Tyre Plant,,,,ACTIVE,,
"{'id': ""https://s4api.sap.jktyre.in:44305/sap/opu/odata/sap/ZINFI_PLT_API_SRV/InfiMouldMstSet('C26570R16BLZHTHM02')"", 'uri': ""https://s4api.sap.jktyre.in:44305/sap/opu/odata/sap/ZINFI_PLT_API_SRV/InfiMouldMstSet('C26570R16BLZHTHM02')"", 'type': 'ZINFI_PLT_API_SRV.InfiMouldMst'}",C26570R16BLZHTHM02,265/70R16 BLAZZE HT_HM-02,1900,Chennai Tyre Plant,,,,ACTIVE,,
"{'id': ""https://s4api.sap.jktyre.in:44305/sap/opu/odata/sap/ZINFI_PLT_API_SRV/InfiMouldMstSet('C26570R16RHTHM01')"", 'uri': ""https://s4api.sap.jktyre.in:44305/sap/opu/odata/sap/ZINFI_PLT_API_SRV/InfiMouldMstSet('C26570R16RHTHM01')"", 'type': 'ZINFI_PLT_API_SRV.InfiMouldMst'}",C26570R16RHTHM01,265/70R16 RANGER HT _HM-01,1900,Chennai Tyre Plant,,,,ACTIVE,,
"{'id': ""https://s4api.sap.jktyre.in:44305/sap/opu/odata/sap/ZINFI_PLT_API_SRV/InfiMouldMstSet('C26570R16RHTHM02')"", 'uri': ""https://s4api.sap.jktyre.in:44305/sap/opu/odata/sap/ZINFI_PLT_API_SRV/InfiMouldMstSet('C26570R16RHTHM02')"", 'type': 'ZINFI_PLT_API_SRV.InfiMouldMst'}",C26570R16RHTHM02,265/70R16 RANGER HT _HM-02,1900,Chennai Tyre Plant,,,,ACTIVE,,
"{'id': ""https://s4api.sap.jktyre.in:44305/sap/opu/odata/sap/ZINFI_PLT_API_SRV/InfiMouldMstSet('C26570R17RHTTLHM01')"", 'uri': ""https://s4api.sap.jktyre.in:44305/sap/opu/odata/sap/ZINFI_PLT_API_SRV/InfiMouldMstSet('C26570R17RHTTLHM01')"", 'type': 'ZINFI_PLT_API_SRV.InfiMouldMst'}",C26570R17RHTTLHM01,265/70R17 RANGER HT TL_HM-01,1900,Chennai Tyre Plant,,,,ACTIVE,,
"{'id': ""https://s4api.sap.jktyre.in:44305/sap/opu/odata/sap/ZINFI_PLT_API_SRV/InfiMouldMstSet('C26570R17RHTTLHM02')"", 'uri': ""https://s4api.sap.jktyre.in:44305/sap/opu/odata/sap/ZINFI_PLT_API_SRV/InfiMouldMstSet('C26570R17RHTTLHM02')"", 'type': 'ZINFI_PLT_API_SRV.InfiMouldMst'}",C26570R17RHTTLHM02,265/70R17 RANGER HT TL_HM-02,1900,Chennai Tyre Plant,,,,ACTIVE,,
"{'id': ""https://s4api.sap.jktyre.in:44305/sap/opu/odata/sap/ZINFI_PLT_API_SRV/InfiMouldMstSet('C26570R17RMTTLGC01')"", 'uri': ""https://s4api.sap.jktyre.in:44305/sap/opu/odata/sap/ZINFI_PLT_API_SRV/InfiMouldMstSet('C26570R17RMTTLGC01')"", 'type': 'ZINFI_PLT_API_SRV.InfiMouldMst'}",C26570R17RMTTLGC01,265/70R17 RANGER M/T_ GC01,1900,Chennai Tyre Plant,,,,ACTIVE,,
"{'id': ""https://s4api.sap.jktyre.in:44305/sap/opu/odata/sap/ZINFI_PLT_API_SRV/InfiMouldMstSet('C26570R17RMTTLGC02')"", 'uri': ""https://s4api.sap.jktyre.in:44305/sap/opu/odata/sap/ZINFI_PLT_API_SRV/InfiMouldMstSet('C26570R17RMTTLGC02')"", 'type': 'ZINFI_PLT_API_SRV.InfiMouldMst'}",C26570R17RMTTLGC02,265/70R17 RANGER M/T_ GC02,1900,Chennai Tyre Plant,,,,ACTIVE,,
"{'id': ""https://s4api.sap.jktyre.in:44305/sap/opu/odata/sap/ZINFI_PLT_API_SRV/InfiMouldMstSet('C26575R16RHTTLGC01')"", 'uri': ""https://s4api.sap.jktyre.in:44305/sap/opu/odata/sap/ZINFI_PLT_API_SRV/InfiMouldMstSet('C26575R16RHTTLGC01')"", 'type': 'ZINFI_PLT_API_SRV.InfiMouldMst'}",C26575R16RHTTLGC01,265/75R16 RANGER  HT _GC01,1900,Chennai Tyre Plant,,,,ACTIVE,,
"{'id': ""https://s4api.sap.jktyre.in:44305/sap/opu/odata/sap/ZINFI_PLT_API_SRV/InfiMouldMstSet('C26575R16RHTTLGC02')"", 'uri': ""https://s4api.sap.jktyre.in:44305/sap/opu/odata/sap/ZINFI_PLT_API_SRV/InfiMouldMstSet('C26575R16RHTTLGC02')"", 'type': 'ZINFI_PLT_API_SRV.InfiMouldMst'}",C26575R16RHTTLGC02,265/75R16 RANGER  HT _GC02,1900,Chennai Tyre Plant,,,,ACTIVE,,
"{'id': ""https://s4api.sap.jktyre.in:44305/sap/opu/odata/sap/ZINFI_PLT_API_SRV/InfiMouldMstSet('C26575R16RMTTLGR01')"", 'uri': ""https://s4api.sap.jktyre.in:44305/sap/opu/odata/sap/ZINFI_PLT_API_SRV/InfiMouldMstSet('C26575R16RMTTLGR01')"", 'type': 'ZINFI_PLT_API_SRV.InfiMouldMst'}",C26575R16RMTTLGR01,265/75R16 RANGER MT_GR01,1900,Chennai Tyre Plant,,,,ACTIVE,,
"{'id': ""https://s4api.sap.jktyre.in:44305/sap/opu/odata/sap/ZINFI_PLT_API_SRV/InfiMouldMstSet('C26575R16RMTTLGR02')"", 'uri': ""https://s4api.sap.jktyre.in:44305/sap/opu/odata/sap/ZINFI_PLT_API_SRV/InfiMouldMstSet('C26575R16RMTTLGR02')"", 'type': 'ZINFI_PLT_API_SRV.InfiMouldMst'}",C26575R16RMTTLGR02,265/75R16 RANGER MT_GR02,1900,Chennai Tyre Plant,,,,ACTIVE,,
"{'id': ""https://s4api.sap.jktyre.in:44305/sap/opu/odata/sap/ZINFI_PLT_API_SRV/InfiMouldMstSet('C27570R16RHTTLGC01')"", 'uri': ""https://s4api.sap.jktyre.in:44305/sap/opu/odata/sap/ZINFI_PLT_API_SRV/InfiMouldMstSet('C27570R16RHTTLGC01')"", 'type': 'ZINFI_PLT_API_SRV.InfiMouldMst'}",C27570R16RHTTLGC01,275/70R16 RANGER HT_GC01,1900,Chennai Tyre Plant,,,,ACTIVE,,
"{'id': ""https://s4api.sap.jktyre.in:44305/sap/opu/odata/sap/ZINFI_PLT_API_SRV/InfiMouldMstSet('C27570R16RHTTLGC02')"", 'uri': ""https://s4api.sap.jktyre.in:44305/sap/opu/odata/sap/ZINFI_PLT_API_SRV/InfiMouldMstSet('C27570R16RHTTLGC02')"", 'type': 'ZINFI_PLT_API_SRV.InfiMouldMst'}",C27570R16RHTTLGC02,275/70R16 RANGER HT_GC02,1900,Chennai Tyre Plant,,,,ACTIVE,,
"{'id': ""https://s4api.sap.jktyre.in:44305/sap/opu/odata/sap/ZINFI_PLT_API_SRV/InfiMouldMstSet('C27570R225217GC01')"", 'uri': ""https://s4api.sap.jktyre.in:44305/sap/opu/odata/sap/ZINFI_PLT_API_SRV/InfiMouldMstSet('C27570R225217GC01')"", 'type': 'ZINFI_PLT_API_SRV.InfiMouldMst'}",C27570R225217GC01,275/70R22.5 JW JUX E GC-01,1900,Chennai Tyre Plant,,,,ACTIVE,,
"{'id': ""https://s4api.sap.jktyre.in:44305/sap/opu/odata/sap/ZINFI_PLT_API_SRV/InfiMouldMstSet('C27570R225JTH1TY01')"", 'uri': ""https://s4api.sap.jktyre.in:44305/sap/opu/odata/sap/ZINFI_PLT_API_SRV/InfiMouldMstSet('C27570R225JTH1TY01')"", 'type': 'ZINFI_PLT_API_SRV.InfiMouldMst'}",C27570R225JTH1TY01,275/70R22.5 JW JTH1_TY01,1900,Chennai Tyre Plant,,,,ACTIVE,,
"{'id': ""https://s4api.sap.jktyre.in:44305/sap/opu/odata/sap/ZINFI_PLT_API_SRV/InfiMouldMstSet('C27570R225JTH1TY02')"", 'uri': ""https://s4api.sap.jktyre.in:44305/sap/opu/odata/sap/ZINFI_PLT_API_SRV/InfiMouldMstSet('C27570R225JTH1TY02')"", 'type': 'ZINFI_PLT_API_SRV.InfiMouldMst'}",C27570R225JTH1TY02,275/70R22.5 JW JTH1_TY02,1900,Chennai Tyre Plant,,,,ACTIVE,,
"{'id': ""https://s4api.sap.jktyre.in:44305/sap/opu/odata/sap/ZINFI_PLT_API_SRV/InfiMouldMstSet('C27570R225JTHHM01')"", 'uri': ""https://s4api.sap.jktyre.in:44305/sap/opu/odata/sap/ZINFI_PLT_API_SRV/InfiMouldMstSet('C27570R225JTHHM01')"", 'type': 'ZINFI_PLT_API_SRV.InfiMouldMst'}",C27570R225JTHHM01,275/70R22.5 JW JTH1_HM01,1900,Chennai Tyre Plant,,,,ACTIVE,,
"{'id': ""https://s4api.sap.jktyre.in:44305/sap/opu/odata/sap/ZINFI_PLT_API_SRV/InfiMouldMstSet('C27570R225JTHHM02')"", 'uri': ""https://s4api.sap.jktyre.in:44305/sap/opu/odata/sap/ZINFI_PLT_API_SRV/InfiMouldMstSet('C27570R225JTHHM02')"", 'type': 'ZINFI_PLT_API_SRV.InfiMouldMst'}",C27570R225JTHHM02,275/70R22.5 JW JTH1_HM02,1900,Chennai Tyre Plant,,,,ACTIVE,,
"{'id': ""https://s4api.sap.jktyre.in:44305/sap/opu/odata/sap/ZINFI_PLT_API_SRV/InfiMouldMstSet('C27570R225JUXEHM01')"", 'uri': ""https://s4api.sap.jktyre.in:44305/sap/opu/odata/sap/ZINFI_PLT_API_SRV/InfiMouldMstSet('C27570R225JUXEHM01')"", 'type': 'ZINFI_PLT_API_SRV.InfiMouldMst'}",C27570R225JUXEHM01,275/70R22.5 JW JUX E HM-01,1900,Chennai Tyre Plant,,,,ACTIVE,,
"{'id': ""https://s4api.sap.jktyre.in:44305/sap/opu/odata/sap/ZINFI_PLT_API_SRV/InfiMouldMstSet('C27580R225JJDHHM01')"", 'uri': ""https://s4api.sap.jktyre.in:44305/sap/opu/odata/sap/ZINFI_PLT_API_SRV/InfiMouldMstSet('C27580R225JJDHHM01')"", 'type': 'ZINFI_PLT_API_SRV.InfiMouldMst'}",C27580R225JJDHHM01,275/80R22.5 JS JDH_HM01,1900,Chennai Tyre Plant,,,,ACTIVE,,
"{'id': ""https://s4api.sap.jktyre.in:44305/sap/opu/odata/sap/ZINFI_PLT_API_SRV/InfiMouldMstSet('C27580R225JJDHHM02')"", 'uri': ""https://s4api.sap.jktyre.in:44305/sap/opu/odata/sap/ZINFI_PLT_API_SRV/InfiMouldMstSet('C27580R225JJDHHM02')"", 'type': 'ZINFI_PLT_API_SRV.InfiMouldMst'}",C27580R225JJDHHM02,275/80R22.5 JS JDH_HM02,1900,Chennai Tyre Plant,,,,ACTIVE,,
"{'id': ""https://s4api.sap.jktyre.in:44305/sap/opu/odata/sap/ZINFI_PLT_API_SRV/InfiMouldMstSet('C27590R20JS121GC01')"", 'uri': ""https://s4api.sap.jktyre.in:44305/sap/opu/odata/sap/ZINFI_PLT_API_SRV/InfiMouldMstSet('C27590R20JS121GC01')"", 'type': 'ZINFI_PLT_API_SRV.InfiMouldMst'}",C27590R20JS121GC01,275/90R20 JS JDE XF_GC01,1900,Chennai Tyre Plant,,,,ACTIVE,,
"{'id': ""https://s4api.sap.jktyre.in:44305/sap/opu/odata/sap/ZINFI_PLT_API_SRV/InfiMouldMstSet('C27590R20JS121GC02')"", 'uri': ""https://s4api.sap.jktyre.in:44305/sap/opu/odata/sap/ZINFI_PLT_API_SRV/InfiMouldMstSet('C27590R20JS121GC02')"", 'type': 'ZINFI_PLT_API_SRV.InfiMouldMst'}",C27590R20JS121GC02,275/90R20 JS JDE XF_GC02,1900,Chennai Tyre Plant,,,,ACTIVE,,
"{'id': ""https://s4api.sap.jktyre.in:44305/sap/opu/odata/sap/ZINFI_PLT_API_SRV/InfiMouldMstSet('C27590R20JW304HM01')"", 'uri': ""https://s4api.sap.jktyre.in:44305/sap/opu/odata/sap/ZINFI_PLT_API_SRV/InfiMouldMstSet('C27590R20JW304HM01')"", 'type': 'ZINFI_PLT_API_SRV.InfiMouldMst'}",C27590R20JW304HM01,275/90R20 JW JUH XF_HM01,1900,Chennai Tyre Plant,,,,ACTIVE,,
"{'id': ""https://s4api.sap.jktyre.in:44305/sap/opu/odata/sap/ZINFI_PLT_API_SRV/InfiMouldMstSet('C27590R20JW304HM02')"", 'uri': ""https://s4api.sap.jktyre.in:44305/sap/opu/odata/sap/ZINFI_PLT_API_SRV/InfiMouldMstSet('C27590R20JW304HM02')"", 'type': 'ZINFI_PLT_API_SRV.InfiMouldMst'}",C27590R20JW304HM02,275/90R20 JW JUH XF_HM02,1900,Chennai Tyre Plant,,,,ACTIVE,,
"{'id': ""https://s4api.sap.jktyre.in:44305/sap/opu/odata/sap/ZINFI_PLT_API_SRV/InfiMouldMstSet('C29560R225JDL3HM01')"", 'uri': ""https://s4api.sap.jktyre.in:44305/sap/opu/odata/sap/ZINFI_PLT_API_SRV/InfiMouldMstSet('C29560R225JDL3HM01')"", 'type': 'ZINFI_PLT_API_SRV.InfiMouldMst'}",C29560R225JDL3HM01,295/60R 22.5 JETSTEEL JDL3 HM-01,1900,Chennai Tyre Plant,,,,ACTIVE,,
"{'id': ""https://s4api.sap.jktyre.in:44305/sap/opu/odata/sap/ZINFI_PLT_API_SRV/InfiMouldMstSet('C29560R225JDL3HM02')"", 'uri': ""https://s4api.sap.jktyre.in:44305/sap/opu/odata/sap/ZINFI_PLT_API_SRV/InfiMouldMstSet('C29560R225JDL3HM02')"", 'type': 'ZINFI_PLT_API_SRV.InfiMouldMst'}",C29560R225JDL3HM02,295/60R 22.5 JETSTEEL JDL3 HM-02,1900,Chennai Tyre Plant,,,,ACTIVE,,
"{'id': ""https://s4api.sap.jktyre.in:44305/sap/opu/odata/sap/ZINFI_PLT_API_SRV/InfiMouldMstSet('C29575R225JUL3GR01')"", 'uri': ""https://s4api.sap.jktyre.in:44305/sap/opu/odata/sap/ZINFI_PLT_API_SRV/InfiMouldMstSet('C29575R225JUL3GR01')"", 'type': 'ZINFI_PLT_API_SRV.InfiMouldMst'}",C29575R225JUL3GR01,295/75R22.5 JUL3 TL _GR01,1900,Chennai Tyre Plant,,,,ACTIVE,,
"{'id': ""https://s4api.sap.jktyre.in:44305/sap/opu/odata/sap/ZINFI_PLT_API_SRV/InfiMouldMstSet('C29575R225JUL3GR02')"", 'uri': ""https://s4api.sap.jktyre.in:44305/sap/opu/odata/sap/ZINFI_PLT_API_SRV/InfiMouldMstSet('C29575R225JUL3GR02')"", 'type': 'ZINFI_PLT_API_SRV.InfiMouldMst'}",C29575R225JUL3GR02,295/75R22.5 JUL3 TL _GR02,1900,Chennai Tyre Plant,,,,ACTIVE,,
"{'id': ""https://s4api.sap.jktyre.in:44305/sap/opu/odata/sap/ZINFI_PLT_API_SRV/InfiMouldMstSet('C29575R225JUL3HM01')"", 'uri': ""https://s4api.sap.jktyre.in:44305/sap/opu/odata/sap/ZINFI_PLT_API_SRV/InfiMouldMstSet('C29575R225JUL3HM01')"", 'type': 'ZINFI_PLT_API_SRV.InfiMouldMst'}",C29575R225JUL3HM01,295/75R22.5 JW JUL3_HM01,1900,Chennai Tyre Plant,,,,ACTIVE,,
"{'id': ""https://s4api.sap.jktyre.in:44305/sap/opu/odata/sap/ZINFI_PLT_API_SRV/InfiMouldMstSet('C29575R225JUL3HM02')"", 'uri': ""https://s4api.sap.jktyre.in:44305/sap/opu/odata/sap/ZINFI_PLT_API_SRV/InfiMouldMstSet('C29575R225JUL3HM02')"", 'type': 'ZINFI_PLT_API_SRV.InfiMouldMst'}",C29575R225JUL3HM02,295/75R22.5 JW JUL3 HM02,1900,Chennai Tyre Plant,,,,ACTIVE,,
"{'id': ""https://s4api.sap.jktyre.in:44305/sap/opu/odata/sap/ZINFI_PLT_API_SRV/InfiMouldMstSet('C29575RJTHSD16GC01')"", 'uri': ""https://s4api.sap.jktyre.in:44305/sap/opu/odata/sap/ZINFI_PLT_API_SRV/InfiMouldMstSet('C29575RJTHSD16GC01')"", 'type': 'ZINFI_PLT_API_SRV.InfiMouldMst'}",C29575RJTHSD16GC01,295/75R22.5 JW JTHSD TL_ GC01,1900,Chennai Tyre Plant,,,,ACTIVE,,
"{'id': ""https://s4api.sap.jktyre.in:44305/sap/opu/odata/sap/ZINFI_PLT_API_SRV/InfiMouldMstSet('C29575RJTHSD16GC02')"", 'uri': ""https://s4api.sap.jktyre.in:44305/sap/opu/odata/sap/ZINFI_PLT_API_SRV/InfiMouldMstSet('C29575RJTHSD16GC02')"", 'type': 'ZINFI_PLT_API_SRV.InfiMouldMst'}",C29575RJTHSD16GC02,295/75R22.5 JW JTHSD  TL_ GC02,1900,Chennai Tyre Plant,,,,ACTIVE,,
"{'id': ""https://s4api.sap.jktyre.in:44305/sap/opu/odata/sap/ZINFI_PLT_API_SRV/InfiMouldMstSet('C29575RJTHSD16GR01')"", 'uri': ""https://s4api.sap.jktyre.in:44305/sap/opu/odata/sap/ZINFI_PLT_API_SRV/InfiMouldMstSet('C29575RJTHSD16GR01')"", 'type': 'ZINFI_PLT_API_SRV.InfiMouldMst'}",C29575RJTHSD16GR01,295/75R22.5 JW JTHSD  TL_ GR01,1900,Chennai Tyre Plant,,,,ACTIVE,,
"{'id': ""https://s4api.sap.jktyre.in:44305/sap/opu/odata/sap/ZINFI_PLT_API_SRV/InfiMouldMstSet('C29575RJTHSD16GR02')"", 'uri': ""https://s4api.sap.jktyre.in:44305/sap/opu/odata/sap/ZINFI_PLT_API_SRV/InfiMouldMstSet('C29575RJTHSD16GR02')"", 'type': 'ZINFI_PLT_API_SRV.InfiMouldMst'}",C29575RJTHSD16GR02,295/75R22.5 JW JTHSD  TL_ GR02,1900,Chennai Tyre Plant,,,,ACTIVE,,
"{'id': ""https://s4api.sap.jktyre.in:44305/sap/opu/odata/sap/ZINFI_PLT_API_SRV/InfiMouldMstSet('C29575RJTHSD16GR03')"", 'uri': ""https://s4api.sap.jktyre.in:44305/sap/opu/odata/sap/ZINFI_PLT_API_SRV/InfiMouldMstSet('C29575RJTHSD16GR03')"", 'type': 'ZINFI_PLT_API_SRV.InfiMouldMst'}",C29575RJTHSD16GR03,295/75R22.5 JW JTHSD  TL_ GR03,1900,Chennai Tyre Plant,,,,ACTIVE,,
"{'id': ""https://s4api.sap.jktyre.in:44305/sap/opu/odata/sap/ZINFI_PLT_API_SRV/InfiMouldMstSet('C29575RJTHSD16GR04')"", 'uri': ""https://s4api.sap.jktyre.in:44305/sap/opu/odata/sap/ZINFI_PLT_API_SRV/InfiMouldMstSet('C29575RJTHSD16GR04')"", 'type': 'ZINFI_PLT_API_SRV.InfiMouldMst'}",C29575RJTHSD16GR04,295/75R22.5 JW JTHSD  TL_ GR04,1900,Chennai Tyre Plant,,,,ACTIVE,,
"{'id': ""https://s4api.sap.jktyre.in:44305/sap/opu/odata/sap/ZINFI_PLT_API_SRV/InfiMouldMstSet('C29575RJTHSD16GR05')"", 'uri': ""https://s4api.sap.jktyre.in:44305/sap/opu/odata/sap/ZINFI_PLT_API_SRV/InfiMouldMstSet('C29575RJTHSD16GR05')"", 'type': 'ZINFI_PLT_API_SRV.InfiMouldMst'}",C29575RJTHSD16GR05,295/75R22.5 JW JTHSD  TL_ GR05,1900,Chennai Tyre Plant,,,,ACTIVE,,
"{'id': ""https://s4api.sap.jktyre.in:44305/sap/opu/odata/sap/ZINFI_PLT_API_SRV/InfiMouldMstSet('C29575RJTHSD16GR06')"", 'uri': ""https://s4api.sap.jktyre.in:44305/sap/opu/odata/sap/ZINFI_PLT_API_SRV/InfiMouldMstSet('C29575RJTHSD16GR06')"", 'type': 'ZINFI_PLT_API_SRV.InfiMouldMst'}",C29575RJTHSD16GR06,295/75R22.5 JW JTHSD  TL_ GR06,1900,Chennai Tyre Plant,,,,ACTIVE,,
"{'id': ""https://s4api.sap.jktyre.in:44305/sap/opu/odata/sap/ZINFI_PLT_API_SRV/InfiMouldMstSet('C29575RJTHSD16GR07')"", 'uri': ""https://s4api.sap.jktyre.in:44305/sap/opu/odata/sap/ZINFI_PLT_API_SRV/InfiMouldMstSet('C29575RJTHSD16GR07')"", 'type': 'ZINFI_PLT_API_SRV.InfiMouldMst'}",C29575RJTHSD16GR07,295/75R22.5 JW JTHSD  TL_ GR07,1900,Chennai Tyre Plant,,,,ACTIVE,,
"{'id': ""https://s4api.sap.jktyre.in:44305/sap/opu/odata/sap/ZINFI_PLT_API_SRV/InfiMouldMstSet('C29575RJTHSD16GR08')"", 'uri': ""https://s4api.sap.jktyre.in:44305/sap/opu/odata/sap/ZINFI_PLT_API_SRV/InfiMouldMstSet('C29575RJTHSD16GR08')"", 'type': 'ZINFI_PLT_API_SRV.InfiMouldMst'}",C29575RJTHSD16GR08,295/75R22.5 JW JTHSD  TL_ GR08,1900,Chennai Tyre Plant,,,,ACTIVE,,
"{'id': ""https://s4api.sap.jktyre.in:44305/sap/opu/odata/sap/ZINFI_PLT_API_SRV/InfiMouldMstSet('C29575RJTHSD16GR09')"", 'uri': ""https://s4api.sap.jktyre.in:44305/sap/opu/odata/sap/ZINFI_PLT_API_SRV/InfiMouldMstSet('C29575RJTHSD16GR09')"", 'type': 'ZINFI_PLT_API_SRV.InfiMouldMst'}",C29575RJTHSD16GR09,295/75R22.5 JW JTHSD  TL_ GR09,1900,Chennai Tyre Plant,,,,ACTIVE,,
"{'id': ""https://s4api.sap.jktyre.in:44305/sap/opu/odata/sap/ZINFI_PLT_API_SRV/InfiMouldMstSet('C29575RJTHSD16GR10')"", 'uri': ""https://s4api.sap.jktyre.in:44305/sap/opu/odata/sap/ZINFI_PLT_API_SRV/InfiMouldMstSet('C29575RJTHSD16GR10')"", 'type': 'ZINFI_PLT_API_SRV.InfiMouldMst'}",C29575RJTHSD16GR10,295/75R22.5 JW JTHSD  TL_ GR10,1900,Chennai Tyre Plant,,,,ACTIVE,,
"{'id': ""https://s4api.sap.jktyre.in:44305/sap/opu/odata/sap/ZINFI_PLT_API_SRV/InfiMouldMstSet('C29575RPYPD301HM01')"", 'uri': ""https://s4api.sap.jktyre.in:44305/sap/opu/odata/sap/ZINFI_PLT_API_SRV/InfiMouldMstSet('C29575RPYPD301HM01')"", 'type': 'ZINFI_PLT_API_SRV.InfiMouldMst'}",C29575RPYPD301HM01,295/75R22.5 PEARLY PD301 HM-01,1900,Chennai Tyre Plant,,,,ACTIVE,,
"{'id': ""https://s4api.sap.jktyre.in:44305/sap/opu/odata/sap/ZINFI_PLT_API_SRV/InfiMouldMstSet('C29575RPYPD301HM02')"", 'uri': ""https://s4api.sap.jktyre.in:44305/sap/opu/odata/sap/ZINFI_PLT_API_SRV/InfiMouldMstSet('C29575RPYPD301HM02')"", 'type': 'ZINFI_PLT_API_SRV.InfiMouldMst'}",C29575RPYPD301HM02,295/75R22.5 PEARLY PD301 HM-02,1900,Chennai Tyre Plant,,,,ACTIVE,,
"{'id': ""https://s4api.sap.jktyre.in:44305/sap/opu/odata/sap/ZINFI_PLT_API_SRV/InfiMouldMstSet('C29575RPYPD301HM03')"", 'uri': ""https://s4api.sap.jktyre.in:44305/sap/opu/odata/sap/ZINFI_PLT_API_SRV/InfiMouldMstSet('C29575RPYPD301HM03')"", 'type': 'ZINFI_PLT_API_SRV.InfiMouldMst'}",C29575RPYPD301HM03,295/75R22.5 PEARLY PD301 HM-03,1900,Chennai Tyre Plant,,,,ACTIVE,,
"{'id': ""https://s4api.sap.jktyre.in:44305/sap/opu/odata/sap/ZINFI_PLT_API_SRV/InfiMouldMstSet('C29575RPYPD301HM04')"", 'uri': ""https://s4api.sap.jktyre.in:44305/sap/opu/odata/sap/ZINFI_PLT_API_SRV/InfiMouldMstSet('C29575RPYPD301HM04')"", 'type': 'ZINFI_PLT_API_SRV.InfiMouldMst'}",C29575RPYPD301HM04,295/75R22.5 PEARLY PD301 HM-04,1900,Chennai Tyre Plant,,,,ACTIVE,,
"{'id': ""https://s4api.sap.jktyre.in:44305/sap/opu/odata/sap/ZINFI_PLT_API_SRV/InfiMouldMstSet('C29575RPYPD301HM05')"", 'uri': ""https://s4api.sap.jktyre.in:44305/sap/opu/odata/sap/ZINFI_PLT_API_SRV/InfiMouldMstSet('C29575RPYPD301HM05')"", 'type': 'ZINFI_PLT_API_SRV.InfiMouldMst'}",C29575RPYPD301HM05,295/75R22.5 PEARLY PD301 HM-05,1900,Chennai Tyre Plant,,,,ACTIVE,,
"{'id': ""https://s4api.sap.jktyre.in:44305/sap/opu/odata/sap/ZINFI_PLT_API_SRV/InfiMouldMstSet('C29575RPYPD301HM06')"", 'uri': ""https://s4api.sap.jktyre.in:44305/sap/opu/odata/sap/ZINFI_PLT_API_SRV/InfiMouldMstSet('C29575RPYPD301HM06')"", 'type': 'ZINFI_PLT_API_SRV.InfiMouldMst'}",C29575RPYPD301HM06,295/75R22.5 PEARLY PD301 HM-06,1900,Chennai Tyre Plant,,,,ACTIVE,,
"{'id': ""https://s4api.sap.jktyre.in:44305/sap/opu/odata/sap/ZINFI_PLT_API_SRV/InfiMouldMstSet('C29575RPYPS301HM01')"", 'uri': ""https://s4api.sap.jktyre.in:44305/sap/opu/odata/sap/ZINFI_PLT_API_SRV/InfiMouldMstSet('C29575RPYPS301HM01')"", 'type': 'ZINFI_PLT_API_SRV.InfiMouldMst'}",C29575RPYPS301HM01,295/75R22.5 PEARLY PS301 HM-01,1900,Chennai Tyre Plant,,,,ACTIVE,,
"{'id': ""https://s4api.sap.jktyre.in:44305/sap/opu/odata/sap/ZINFI_PLT_API_SRV/InfiMouldMstSet('C29575RPYPS301HM02')"", 'uri': ""https://s4api.sap.jktyre.in:44305/sap/opu/odata/sap/ZINFI_PLT_API_SRV/InfiMouldMstSet('C29575RPYPS301HM02')"", 'type': 'ZINFI_PLT_API_SRV.InfiMouldMst'}",C29575RPYPS301HM02,295/75R22.5 PEARLY PS301 HM-02,1900,Chennai Tyre Plant,,,,ACTIVE,,
"{'id': ""https://s4api.sap.jktyre.in:44305/sap/opu/odata/sap/ZINFI_PLT_API_SRV/InfiMouldMstSet('C29575RPYPS301HM03')"", 'uri': ""https://s4api.sap.jktyre.in:44305/sap/opu/odata/sap/ZINFI_PLT_API_SRV/InfiMouldMstSet('C29575RPYPS301HM03')"", 'type': 'ZINFI_PLT_API_SRV.InfiMouldMst'}",C29575RPYPS301HM03,295/75R22.5 PEARLY PS301 HM-03,1900,Chennai Tyre Plant,,,,ACTIVE,,
"{'id': ""https://s4api.sap.jktyre.in:44305/sap/opu/odata/sap/ZINFI_PLT_API_SRV/InfiMouldMstSet('C29575RPYPS301HM04')"", 'uri': ""https://s4api.sap.jktyre.in:44305/sap/opu/odata/sap/ZINFI_PLT_API_SRV/InfiMouldMstSet('C29575RPYPS301HM04')"", 'type': 'ZINFI_PLT_API_SRV.InfiMouldMst'}",C29575RPYPS301HM04,295/75R22.5 PEARLY PS301 HM-04,1900,Chennai Tyre Plant,,,,ACTIVE,,
"{'id': ""https://s4api.sap.jktyre.in:44305/sap/opu/odata/sap/ZINFI_PLT_API_SRV/InfiMouldMstSet('C29580225JDLXMGC01')"", 'uri': ""https://s4api.sap.jktyre.in:44305/sap/opu/odata/sap/ZINFI_PLT_API_SRV/InfiMouldMstSet('C29580225JDLXMGC01')"", 'type': 'ZINFI_PLT_API_SRV.InfiMouldMst'}",C29580225JDLXMGC01,295/80R22.5 JETSTEEL JDL XM_GC01,1900,Chennai Tyre Plant,,,,ACTIVE,,
"{'id': ""https://s4api.sap.jktyre.in:44305/sap/opu/odata/sap/ZINFI_PLT_API_SRV/InfiMouldMstSet('C29580225JDLXMGC02')"", 'uri': ""https://s4api.sap.jktyre.in:44305/sap/opu/odata/sap/ZINFI_PLT_API_SRV/InfiMouldMstSet('C29580225JDLXMGC02')"", 'type': 'ZINFI_PLT_API_SRV.InfiMouldMst'}",C29580225JDLXMGC02,295/80R22.5 JETSTEEL JDL XM_GC02,1900,Chennai Tyre Plant,,,,ACTIVE,,
"{'id': ""https://s4api.sap.jktyre.in:44305/sap/opu/odata/sap/ZINFI_PLT_API_SRV/InfiMouldMstSet('C29580225JDLXMHM01')"", 'uri': ""https://s4api.sap.jktyre.in:44305/sap/opu/odata/sap/ZINFI_PLT_API_SRV/InfiMouldMstSet('C29580225JDLXMHM01')"", 'type': 'ZINFI_PLT_API_SRV.InfiMouldMst'}",C29580225JDLXMHM01,295/80R22.5 JETSTEEL JDL XM_HM01,1900,Chennai Tyre Plant,,,,ACTIVE,,
"{'id': ""https://s4api.sap.jktyre.in:44305/sap/opu/odata/sap/ZINFI_PLT_API_SRV/InfiMouldMstSet('C29580225JDLXMHM02')"", 'uri': ""https://s4api.sap.jktyre.in:44305/sap/opu/odata/sap/ZINFI_PLT_API_SRV/InfiMouldMstSet('C29580225JDLXMHM02')"", 'type': 'ZINFI_PLT_API_SRV.InfiMouldMst'}",C29580225JDLXMHM02,295/80R22.5 JETSTEEL JDL XM_HM02,1900,Chennai Tyre Plant,,,,ACTIVE,,
"{'id': ""https://s4api.sap.jktyre.in:44305/sap/opu/odata/sap/ZINFI_PLT_API_SRV/InfiMouldMstSet('C29580225JUL4HMI01')"", 'uri': ""https://s4api.sap.jktyre.in:44305/sap/opu/odata/sap/ZINFI_PLT_API_SRV/InfiMouldMstSet('C29580225JUL4HMI01')"", 'type': 'ZINFI_PLT_API_SRV.InfiMouldMst'}",C29580225JUL4HMI01,295/80R22.5 JETWAY JUL4_HMI01,1900,Chennai Tyre Plant,,,,ACTIVE,,
"{'id': ""https://s4api.sap.jktyre.in:44305/sap/opu/odata/sap/ZINFI_PLT_API_SRV/InfiMouldMstSet('C29580225JUL4HMI02')"", 'uri': ""https://s4api.sap.jktyre.in:44305/sap/opu/odata/sap/ZINFI_PLT_API_SRV/InfiMouldMstSet('C29580225JUL4HMI02')"", 'type': 'ZINFI_PLT_API_SRV.InfiMouldMst'}",C29580225JUL4HMI02,295/80R22.5 JETWAY JUL4_HMI02,1900,Chennai Tyre Plant,,,,ACTIVE,,
"{'id': ""https://s4api.sap.jktyre.in:44305/sap/opu/odata/sap/ZINFI_PLT_API_SRV/InfiMouldMstSet('C29580225JUXXMGC02')"", 'uri': ""https://s4api.sap.jktyre.in:44305/sap/opu/odata/sap/ZINFI_PLT_API_SRV/InfiMouldMstSet('C29580225JUXXMGC02')"", 'type': 'ZINFI_PLT_API_SRV.InfiMouldMst'}",C29580225JUXXMGC02,295/80R22.5 JETWAY JUX XM_GC-02,1900,Chennai Tyre Plant,,,,ACTIVE,,
"{'id': ""https://s4api.sap.jktyre.in:44305/sap/opu/odata/sap/ZINFI_PLT_API_SRV/InfiMouldMstSet('C29580R225210GC01M')"", 'uri': ""https://s4api.sap.jktyre.in:44305/sap/opu/odata/sap/ZINFI_PLT_API_SRV/InfiMouldMstSet('C29580R225210GC01M')"", 'type': 'ZINFI_PLT_API_SRV.InfiMouldMst'}",C29580R225210GC01M,295/80R22.5 JW JUM XM_GC01M,1900,Chennai Tyre Plant,,,,ACTIVE,,
"{'id': ""https://s4api.sap.jktyre.in:44305/sap/opu/odata/sap/ZINFI_PLT_API_SRV/InfiMouldMstSet('C29580R225210GC02M')"", 'uri': ""https://s4api.sap.jktyre.in:44305/sap/opu/odata/sap/ZINFI_PLT_API_SRV/InfiMouldMstSet('C29580R225210GC02M')"", 'type': 'ZINFI_PLT_API_SRV.InfiMouldMst'}",C29580R225210GC02M,295/80R22.5 JW JUM XM_GC02M,1900,Chennai Tyre Plant,,,,ACTIVE,,
"{'id': ""https://s4api.sap.jktyre.in:44305/sap/opu/odata/sap/ZINFI_PLT_API_SRV/InfiMouldMstSet('C29580R225210GC06M')"", 'uri': ""https://s4api.sap.jktyre.in:44305/sap/opu/odata/sap/ZINFI_PLT_API_SRV/InfiMouldMstSet('C29580R225210GC06M')"", 'type': 'ZINFI_PLT_API_SRV.InfiMouldMst'}",C29580R225210GC06M,295/80R22.5 JW JUM XM_GC06M,1900,Chennai Tyre Plant,,,,ACTIVE,,
"{'id': ""https://s4api.sap.jktyre.in:44305/sap/opu/odata/sap/ZINFI_PLT_API_SRV/InfiMouldMstSet('C29580R225210GC07')"", 'uri': ""https://s4api.sap.jktyre.in:44305/sap/opu/odata/sap/ZINFI_PLT_API_SRV/InfiMouldMstSet('C29580R225210GC07')"", 'type': 'ZINFI_PLT_API_SRV.InfiMouldMst'}",C29580R225210GC07,295/80R22.5 JW JUM XM_GC07,1900,Chennai Tyre Plant,,,,ACTIVE,,
"{'id': ""https://s4api.sap.jktyre.in:44305/sap/opu/odata/sap/ZINFI_PLT_API_SRV/InfiMouldMstSet('C29580R225217GC01')"", 'uri': ""https://s4api.sap.jktyre.in:44305/sap/opu/odata/sap/ZINFI_PLT_API_SRV/InfiMouldMstSet('C29580R225217GC01')"", 'type': 'ZINFI_PLT_API_SRV.InfiMouldMst'}",C29580R225217GC01,295/80R22.5 JW JUX E _GC-01,1900,Chennai Tyre Plant,,,,ACTIVE,,
"{'id': ""https://s4api.sap.jktyre.in:44305/sap/opu/odata/sap/ZINFI_PLT_API_SRV/InfiMouldMstSet('C29580R225217HMI01')"", 'uri': ""https://s4api.sap.jktyre.in:44305/sap/opu/odata/sap/ZINFI_PLT_API_SRV/InfiMouldMstSet('C29580R225217HMI01')"", 'type': 'ZINFI_PLT_API_SRV.InfiMouldMst'}",C29580R225217HMI01,295/80R22.5 JW JUX E _HMI-01,1900,Chennai Tyre Plant,,,,ACTIVE,,
"{'id': ""https://s4api.sap.jktyre.in:44305/sap/opu/odata/sap/ZINFI_PLT_API_SRV/InfiMouldMstSet('C29580R225217HMI02')"", 'uri': ""https://s4api.sap.jktyre.in:44305/sap/opu/odata/sap/ZINFI_PLT_API_SRV/InfiMouldMstSet('C29580R225217HMI02')"", 'type': 'ZINFI_PLT_API_SRV.InfiMouldMst'}",C29580R225217HMI02,295/80R22.5 JW JUX E _HMI-02,1900,Chennai Tyre Plant,,,,ACTIVE,,
"{'id': ""https://s4api.sap.jktyre.in:44305/sap/opu/odata/sap/ZINFI_PLT_API_SRV/InfiMouldMstSet('C29580R225217HMI03')"", 'uri': ""https://s4api.sap.jktyre.in:44305/sap/opu/odata/sap/ZINFI_PLT_API_SRV/InfiMouldMstSet('C29580R225217HMI03')"", 'type': 'ZINFI_PLT_API_SRV.InfiMouldMst'}",C29580R225217HMI03,295/80R22.5 JW JUX E _HMI-03,1900,Chennai Tyre Plant,,,,ACTIVE,,
"{'id': ""https://s4api.sap.jktyre.in:44305/sap/opu/odata/sap/ZINFI_PLT_API_SRV/InfiMouldMstSet('C29580R225305HMI01')"", 'uri': ""https://s4api.sap.jktyre.in:44305/sap/opu/odata/sap/ZINFI_PLT_API_SRV/InfiMouldMstSet('C29580R225305HMI01')"", 'type': 'ZINFI_PLT_API_SRV.InfiMouldMst'}",C29580R225305HMI01,295/80R22.5 JW JUC XM_HMI01,1900,Chennai Tyre Plant,,,,ACTIVE,,
"{'id': ""https://s4api.sap.jktyre.in:44305/sap/opu/odata/sap/ZINFI_PLT_API_SRV/InfiMouldMstSet('C29580R225305HMIO1')"", 'uri': ""https://s4api.sap.jktyre.in:44305/sap/opu/odata/sap/ZINFI_PLT_API_SRV/InfiMouldMstSet('C29580R225305HMIO1')"", 'type': 'ZINFI_PLT_API_SRV.InfiMouldMst'}",C29580R225305HMIO1,295/80R22.5 JW 305_HMI01,1900,Chennai Tyre Plant,,,,ACTIVE,,
"{'id': ""https://s4api.sap.jktyre.in:44305/sap/opu/odata/sap/ZINFI_PLT_API_SRV/InfiMouldMstSet('C29580R225306HMI01')"", 'uri': ""https://s4api.sap.jktyre.in:44305/sap/opu/odata/sap/ZINFI_PLT_API_SRV/InfiMouldMstSet('C29580R225306HMI01')"", 'type': 'ZINFI_PLT_API_SRV.InfiMouldMst'}",C29580R225306HMI01,295/80R22.5 JW 306_HMI-01,1900,Chennai Tyre Plant,,,,ACTIVE,,
"{'id': ""https://s4api.sap.jktyre.in:44305/sap/opu/odata/sap/ZINFI_PLT_API_SRV/InfiMouldMstSet('C29580R225J119GR01')"", 'uri': ""https://s4api.sap.jktyre.in:44305/sap/opu/odata/sap/ZINFI_PLT_API_SRV/InfiMouldMstSet('C29580R225J119GR01')"", 'type': 'ZINFI_PLT_API_SRV.InfiMouldMst'}",C29580R225J119GR01,295/80 R 22.5 JETSTEEL JDL XM _ GR 01,1900,Chennai Tyre Plant,,,,ACTIVE,,
"{'id': ""https://s4api.sap.jktyre.in:44305/sap/opu/odata/sap/ZINFI_PLT_API_SRV/InfiMouldMstSet('C29580R225J119GR02')"", 'uri': ""https://s4api.sap.jktyre.in:44305/sap/opu/odata/sap/ZINFI_PLT_API_SRV/InfiMouldMstSet('C29580R225J119GR02')"", 'type': 'ZINFI_PLT_API_SRV.InfiMouldMst'}",C29580R225J119GR02,295/80 R 22.5 JETSTEEL JDL XM _ GR 02,1900,Chennai Tyre Plant,,,,ACTIVE,,
"{'id': ""https://s4api.sap.jktyre.in:44305/sap/opu/odata/sap/ZINFI_PLT_API_SRV/InfiMouldMstSet('C29580R225J210GC01')"", 'uri': ""https://s4api.sap.jktyre.in:44305/sap/opu/odata/sap/ZINFI_PLT_API_SRV/InfiMouldMstSet('C29580R225J210GC01')"", 'type': 'ZINFI_PLT_API_SRV.InfiMouldMst'}",C29580R225J210GC01,295/80R22.5 JW JUM XM_GC01,1900,Chennai Tyre Plant,,,,ACTIVE,,
"{'id': ""https://s4api.sap.jktyre.in:44305/sap/opu/odata/sap/ZINFI_PLT_API_SRV/InfiMouldMstSet('C29580R225J210GC02')"", 'uri': ""https://s4api.sap.jktyre.in:44305/sap/opu/odata/sap/ZINFI_PLT_API_SRV/InfiMouldMstSet('C29580R225J210GC02')"", 'type': 'ZINFI_PLT_API_SRV.InfiMouldMst'}",C29580R225J210GC02,295/80R22.5 JW JUM XM_GC02,1900,Chennai Tyre Plant,,,,ACTIVE,,
"{'id': ""https://s4api.sap.jktyre.in:44305/sap/opu/odata/sap/ZINFI_PLT_API_SRV/InfiMouldMstSet('C29580R225J210GC05')"", 'uri': ""https://s4api.sap.jktyre.in:44305/sap/opu/odata/sap/ZINFI_PLT_API_SRV/InfiMouldMstSet('C29580R225J210GC05')"", 'type': 'ZINFI_PLT_API_SRV.InfiMouldMst'}",C29580R225J210GC05,295/80R22.5 JW JUM XM_GC05,1900,Chennai Tyre Plant,,,,ACTIVE,,
"{'id': ""https://s4api.sap.jktyre.in:44305/sap/opu/odata/sap/ZINFI_PLT_API_SRV/InfiMouldMstSet('C29580R225J210GC06')"", 'uri': ""https://s4api.sap.jktyre.in:44305/sap/opu/odata/sap/ZINFI_PLT_API_SRV/InfiMouldMstSet('C29580R225J210GC06')"", 'type': 'ZINFI_PLT_API_SRV.InfiMouldMst'}",C29580R225J210GC06,295/80R22.5 JW JUM XM_GC06,1900,Chennai Tyre Plant,,,,ACTIVE,,
"{'id': ""https://s4api.sap.jktyre.in:44305/sap/opu/odata/sap/ZINFI_PLT_API_SRV/InfiMouldMstSet('C29580R225J210GC08')"", 'uri': ""https://s4api.sap.jktyre.in:44305/sap/opu/odata/sap/ZINFI_PLT_API_SRV/InfiMouldMstSet('C29580R225J210GC08')"", 'type': 'ZINFI_PLT_API_SRV.InfiMouldMst'}",C29580R225J210GC08,295/80R22.5 JW JUM XM_GC08,1900,Chennai Tyre Plant,,,,ACTIVE,,
"{'id': ""https://s4api.sap.jktyre.in:44305/sap/opu/odata/sap/ZINFI_PLT_API_SRV/InfiMouldMstSet('C29580R225J210GC09')"", 'uri': ""https://s4api.sap.jktyre.in:44305/sap/opu/odata/sap/ZINFI_PLT_API_SRV/InfiMouldMstSet('C29580R225J210GC09')"", 'type': 'ZINFI_PLT_API_SRV.InfiMouldMst'}",C29580R225J210GC09,295/80R22.5 JW JUM XM_GC09,1900,Chennai Tyre Plant,,,,ACTIVE,,
"{'id': ""https://s4api.sap.jktyre.in:44305/sap/opu/odata/sap/ZINFI_PLT_API_SRV/InfiMouldMstSet('C29580R225J210GC10')"", 'uri': ""https://s4api.sap.jktyre.in:44305/sap/opu/odata/sap/ZINFI_PLT_API_SRV/InfiMouldMstSet('C29580R225J210GC10')"", 'type': 'ZINFI_PLT_API_SRV.InfiMouldMst'}",C29580R225J210GC10,295/80R22.5 JW JUM XM_GC10,1900,Chennai Tyre Plant,,,,ACTIVE,,
"{'id': ""https://s4api.sap.jktyre.in:44305/sap/opu/odata/sap/ZINFI_PLT_API_SRV/InfiMouldMstSet('C29580R225J210GC11')"", 'uri': ""https://s4api.sap.jktyre.in:44305/sap/opu/odata/sap/ZINFI_PLT_API_SRV/InfiMouldMstSet('C29580R225J210GC11')"", 'type': 'ZINFI_PLT_API_SRV.InfiMouldMst'}",C29580R225J210GC11,295/80R22.5 JW JUM XM_GC11,1900,Chennai Tyre Plant,,,,ACTIVE,,
"{'id': ""https://s4api.sap.jktyre.in:44305/sap/opu/odata/sap/ZINFI_PLT_API_SRV/InfiMouldMstSet('C29580R225J210GC12')"", 'uri': ""https://s4api.sap.jktyre.in:44305/sap/opu/odata/sap/ZINFI_PLT_API_SRV/InfiMouldMstSet('C29580R225J210GC12')"", 'type': 'ZINFI_PLT_API_SRV.InfiMouldMst'}",C29580R225J210GC12,295/80R22.5 JW JUM XM_GC12,1900,Chennai Tyre Plant,,,,ACTIVE,,
"{'id': ""https://s4api.sap.jktyre.in:44305/sap/opu/odata/sap/ZINFI_PLT_API_SRV/InfiMouldMstSet('C29580R225J210GC13')"", 'uri': ""https://s4api.sap.jktyre.in:44305/sap/opu/odata/sap/ZINFI_PLT_API_SRV/InfiMouldMstSet('C29580R225J210GC13')"", 'type': 'ZINFI_PLT_API_SRV.InfiMouldMst'}",C29580R225J210GC13,295/80R22.5 JW JUM XM_GC13,1900,Chennai Tyre Plant,,,,ACTIVE,,
"{'id': ""https://s4api.sap.jktyre.in:44305/sap/opu/odata/sap/ZINFI_PLT_API_SRV/InfiMouldMstSet('C29580R225J210GC14')"", 'uri': ""https://s4api.sap.jktyre.in:44305/sap/opu/odata/sap/ZINFI_PLT_API_SRV/InfiMouldMstSet('C29580R225J210GC14')"", 'type': 'ZINFI_PLT_API_SRV.InfiMouldMst'}",C29580R225J210GC14,295/80R22.5 JW JUM XM_GC14,1900,Chennai Tyre Plant,,,,ACTIVE,,
"{'id': ""https://s4api.sap.jktyre.in:44305/sap/opu/odata/sap/ZINFI_PLT_API_SRV/InfiMouldMstSet('C29580R225J210GC15')"", 'uri': ""https://s4api.sap.jktyre.in:44305/sap/opu/odata/sap/ZINFI_PLT_API_SRV/InfiMouldMstSet('C29580R225J210GC15')"", 'type': 'ZINFI_PLT_API_SRV.InfiMouldMst'}",C29580R225J210GC15,295/80R22.5 JW JUM XM_GC15,1900,Chennai Tyre Plant,,,,ACTIVE,,
"{'id': ""https://s4api.sap.jktyre.in:44305/sap/opu/odata/sap/ZINFI_PLT_API_SRV/InfiMouldMstSet('C29580R225J210GC16')"", 'uri': ""https://s4api.sap.jktyre.in:44305/sap/opu/odata/sap/ZINFI_PLT_API_SRV/InfiMouldMstSet('C29580R225J210GC16')"", 'type': 'ZINFI_PLT_API_SRV.InfiMouldMst'}",C29580R225J210GC16,295/80R22.5 JW JUM XM_GC16,1900,Chennai Tyre Plant,,,,ACTIVE,,
"{'id': ""https://s4api.sap.jktyre.in:44305/sap/opu/odata/sap/ZINFI_PLT_API_SRV/InfiMouldMstSet('C29580R225J210HM01')"", 'uri': ""https://s4api.sap.jktyre.in:44305/sap/opu/odata/sap/ZINFI_PLT_API_SRV/InfiMouldMstSet('C29580R225J210HM01')"", 'type': 'ZINFI_PLT_API_SRV.InfiMouldMst'}",C29580R225J210HM01,295/80R22.5 JETWAY JUM XM HM-01,1900,Chennai Tyre Plant,,,,ACTIVE,,
"{'id': ""https://s4api.sap.jktyre.in:44305/sap/opu/odata/sap/ZINFI_PLT_API_SRV/InfiMouldMstSet('C29580R225J210HM02')"", 'uri': ""https://s4api.sap.jktyre.in:44305/sap/opu/odata/sap/ZINFI_PLT_API_SRV/InfiMouldMstSet('C29580R225J210HM02')"", 'type': 'ZINFI_PLT_API_SRV.InfiMouldMst'}",C29580R225J210HM02,295/80R22.5 JETWAY 222 HM-02,1900,Chennai Tyre Plant,,,,ACTIVE,,
"{'id': ""https://s4api.sap.jktyre.in:44305/sap/opu/odata/sap/ZINFI_PLT_API_SRV/InfiMouldMstSet('C29580R225J21GC04')"", 'uri': ""https://s4api.sap.jktyre.in:44305/sap/opu/odata/sap/ZINFI_PLT_API_SRV/InfiMouldMstSet('C29580R225J21GC04')"", 'type': 'ZINFI_PLT_API_SRV.InfiMouldMst'}",C29580R225J21GC04,295/80R22.5 JW JUM XM_GC04,1900,Chennai Tyre Plant,,,,ACTIVE,,
"{'id': ""https://s4api.sap.jktyre.in:44305/sap/opu/odata/sap/ZINFI_PLT_API_SRV/InfiMouldMstSet('C29580R225JDC3HM01')"", 'uri': ""https://s4api.sap.jktyre.in:44305/sap/opu/odata/sap/ZINFI_PLT_API_SRV/InfiMouldMstSet('C29580R225JDC3HM01')"", 'type': 'ZINFI_PLT_API_SRV.InfiMouldMst'}",C29580R225JDC3HM01,295/80R22.5 JS  JDC3 HM01,1900,Chennai Tyre Plant,,,,ACTIVE,,
"{'id': ""https://s4api.sap.jktyre.in:44305/sap/opu/odata/sap/ZINFI_PLT_API_SRV/InfiMouldMstSet('C29580R225JDC3HM02')"", 'uri': ""https://s4api.sap.jktyre.in:44305/sap/opu/odata/sap/ZINFI_PLT_API_SRV/InfiMouldMstSet('C29580R225JDC3HM02')"", 'type': 'ZINFI_PLT_API_SRV.InfiMouldMst'}",C29580R225JDC3HM02,295/80R22.5 JS JDC3 HM02,1900,Chennai Tyre Plant,,,,ACTIVE,,
"{'id': ""https://s4api.sap.jktyre.in:44305/sap/opu/odata/sap/ZINFI_PLT_API_SRV/InfiMouldMstSet('C29580R225JDLHM04')"", 'uri': ""https://s4api.sap.jktyre.in:44305/sap/opu/odata/sap/ZINFI_PLT_API_SRV/InfiMouldMstSet('C29580R225JDLHM04')"", 'type': 'ZINFI_PLT_API_SRV.InfiMouldMst'}",C29580R225JDLHM04,295/80R22.5 JETSTEEL JDL_HM04,1900,Chennai Tyre Plant,,,,ACTIVE,,
"{'id': ""https://s4api.sap.jktyre.in:44305/sap/opu/odata/sap/ZINFI_PLT_API_SRV/InfiMouldMstSet('C29580R225JDLHM05')"", 'uri': ""https://s4api.sap.jktyre.in:44305/sap/opu/odata/sap/ZINFI_PLT_API_SRV/InfiMouldMstSet('C29580R225JDLHM05')"", 'type': 'ZINFI_PLT_API_SRV.InfiMouldMst'}",C29580R225JDLHM05,295/80R22.5 JETSTEEL JDL_HM05,1900,Chennai Tyre Plant,,,,ACTIVE,,
"{'id': ""https://s4api.sap.jktyre.in:44305/sap/opu/odata/sap/ZINFI_PLT_API_SRV/InfiMouldMstSet('C29580R225JDLHM06')"", 'uri': ""https://s4api.sap.jktyre.in:44305/sap/opu/odata/sap/ZINFI_PLT_API_SRV/InfiMouldMstSet('C29580R225JDLHM06')"", 'type': 'ZINFI_PLT_API_SRV.InfiMouldMst'}",C29580R225JDLHM06,295/80R22.5 JETSTEEL JDL_HM06,1900,Chennai Tyre Plant,,,,ACTIVE,,
"{'id': ""https://s4api.sap.jktyre.in:44305/sap/opu/odata/sap/ZINFI_PLT_API_SRV/InfiMouldMstSet('C29580R225JDLHM07')"", 'uri': ""https://s4api.sap.jktyre.in:44305/sap/opu/odata/sap/ZINFI_PLT_API_SRV/InfiMouldMstSet('C29580R225JDLHM07')"", 'type': 'ZINFI_PLT_API_SRV.InfiMouldMst'}",C29580R225JDLHM07,295/80R22.5 JETSTEEL JDL_HM07,1900,Chennai Tyre Plant,,,,ACTIVE,,
"{'id': ""https://s4api.sap.jktyre.in:44305/sap/opu/odata/sap/ZINFI_PLT_API_SRV/InfiMouldMstSet('C29580R225JDLHM08')"", 'uri': ""https://s4api.sap.jktyre.in:44305/sap/opu/odata/sap/ZINFI_PLT_API_SRV/InfiMouldMstSet('C29580R225JDLHM08')"", 'type': 'ZINFI_PLT_API_SRV.InfiMouldMst'}",C29580R225JDLHM08,295/80R22.5 JETSTEEL JDL_HM08,1900,Chennai Tyre Plant,,,,ACTIVE,,
"{'id': ""https://s4api.sap.jktyre.in:44305/sap/opu/odata/sap/ZINFI_PLT_API_SRV/InfiMouldMstSet('C29580R225JDLHM09')"", 'uri': ""https://s4api.sap.jktyre.in:44305/sap/opu/odata/sap/ZINFI_PLT_API_SRV/InfiMouldMstSet('C29580R225JDLHM09')"", 'type': 'ZINFI_PLT_API_SRV.InfiMouldMst'}",C29580R225JDLHM09,295/80R22.5 JETSTEEL JDL_HM09,1900,Chennai Tyre Plant,,,,ACTIVE,,
"{'id': ""https://s4api.sap.jktyre.in:44305/sap/opu/odata/sap/ZINFI_PLT_API_SRV/InfiMouldMstSet('C29580R225JDLHM10')"", 'uri': ""https://s4api.sap.jktyre.in:44305/sap/opu/odata/sap/ZINFI_PLT_API_SRV/InfiMouldMstSet('C29580R225JDLHM10')"", 'type': 'ZINFI_PLT_API_SRV.InfiMouldMst'}",C29580R225JDLHM10,295/80R22.5 JETSTEEL JDL_HM10,1900,Chennai Tyre Plant,,,,ACTIVE,,
"{'id': ""https://s4api.sap.jktyre.in:44305/sap/opu/odata/sap/ZINFI_PLT_API_SRV/InfiMouldMstSet('C29580R225JDLHM11')"", 'uri': ""https://s4api.sap.jktyre.in:44305/sap/opu/odata/sap/ZINFI_PLT_API_SRV/InfiMouldMstSet('C29580R225JDLHM11')"", 'type': 'ZINFI_PLT_API_SRV.InfiMouldMst'}",C29580R225JDLHM11,295/80R22.5 JS JDL_HM11,1900,Chennai Tyre Plant,,,,ACTIVE,,
"{'id': ""https://s4api.sap.jktyre.in:44305/sap/opu/odata/sap/ZINFI_PLT_API_SRV/InfiMouldMstSet('C29580R225JDLHM12')"", 'uri': ""https://s4api.sap.jktyre.in:44305/sap/opu/odata/sap/ZINFI_PLT_API_SRV/InfiMouldMstSet('C29580R225JDLHM12')"", 'type': 'ZINFI_PLT_API_SRV.InfiMouldMst'}",C29580R225JDLHM12,295/80R22.5 JETSTEEL JDL_HM12,1900,Chennai Tyre Plant,,,,ACTIVE,,
"{'id': ""https://s4api.sap.jktyre.in:44305/sap/opu/odata/sap/ZINFI_PLT_API_SRV/InfiMouldMstSet('C29580R225JDLHM13')"", 'uri': ""https://s4api.sap.jktyre.in:44305/sap/opu/odata/sap/ZINFI_PLT_API_SRV/InfiMouldMstSet('C29580R225JDLHM13')"", 'type': 'ZINFI_PLT_API_SRV.InfiMouldMst'}",C29580R225JDLHM13,295/80R22.5 JETSTEEL JDL_HM13,1900,Chennai Tyre Plant,,,,ACTIVE,,
"{'id': ""https://s4api.sap.jktyre.in:44305/sap/opu/odata/sap/ZINFI_PLT_API_SRV/InfiMouldMstSet('C29580R225JDLHM14')"", 'uri': ""https://s4api.sap.jktyre.in:44305/sap/opu/odata/sap/ZINFI_PLT_API_SRV/InfiMouldMstSet('C29580R225JDLHM14')"", 'type': 'ZINFI_PLT_API_SRV.InfiMouldMst'}",C29580R225JDLHM14,295/80R22.5 JETSTEEL JDL_HM14,1900,Chennai Tyre Plant,,,,ACTIVE,,
"{'id': ""https://s4api.sap.jktyre.in:44305/sap/opu/odata/sap/ZINFI_PLT_API_SRV/InfiMouldMstSet('C29580R225JDLHM15')"", 'uri': ""https://s4api.sap.jktyre.in:44305/sap/opu/odata/sap/ZINFI_PLT_API_SRV/InfiMouldMstSet('C29580R225JDLHM15')"", 'type': 'ZINFI_PLT_API_SRV.InfiMouldMst'}",C29580R225JDLHM15,295/80R22.5 JETSTEEL JDL_HM15,1900,Chennai Tyre Plant,,,,ACTIVE,,
"{'id': ""https://s4api.sap.jktyre.in:44305/sap/opu/odata/sap/ZINFI_PLT_API_SRV/InfiMouldMstSet('C29580R225JDLXMGC2')"", 'uri': ""https://s4api.sap.jktyre.in:44305/sap/opu/odata/sap/ZINFI_PLT_API_SRV/InfiMouldMstSet('C29580R225JDLXMGC2')"", 'type': 'ZINFI_PLT_API_SRV.InfiMouldMst'}",C29580R225JDLXMGC2,295/80R22.5 JS 119_GC02,1900,Chennai Tyre Plant,,,,ACTIVE,,
"{'id': ""https://s4api.sap.jktyre.in:44305/sap/opu/odata/sap/ZINFI_PLT_API_SRV/InfiMouldMstSet('C29580R225JJDCHM01')"", 'uri': ""https://s4api.sap.jktyre.in:44305/sap/opu/odata/sap/ZINFI_PLT_API_SRV/InfiMouldMstSet('C29580R225JJDCHM01')"", 'type': 'ZINFI_PLT_API_SRV.InfiMouldMst'}",C29580R225JJDCHM01,295/80R22.5 JS JDC XD _HM01,1900,Chennai Tyre Plant,,,,ACTIVE,,
"{'id': ""https://s4api.sap.jktyre.in:44305/sap/opu/odata/sap/ZINFI_PLT_API_SRV/InfiMouldMstSet('C29580R225JJDCHM02')"", 'uri': ""https://s4api.sap.jktyre.in:44305/sap/opu/odata/sap/ZINFI_PLT_API_SRV/InfiMouldMstSet('C29580R225JJDCHM02')"", 'type': 'ZINFI_PLT_API_SRV.InfiMouldMst'}",C29580R225JJDCHM02,295/80R22.5 JS JDC XD _HM02,1900,Chennai Tyre Plant,,,,ACTIVE,,
"{'id': ""https://s4api.sap.jktyre.in:44305/sap/opu/odata/sap/ZINFI_PLT_API_SRV/InfiMouldMstSet('C29580R225JJDCTY01')"", 'uri': ""https://s4api.sap.jktyre.in:44305/sap/opu/odata/sap/ZINFI_PLT_API_SRV/InfiMouldMstSet('C29580R225JJDCTY01')"", 'type': 'ZINFI_PLT_API_SRV.InfiMouldMst'}",C29580R225JJDCTY01,295/80R22.5 JS JDC XD _TY01,1900,Chennai Tyre Plant,,,,ACTIVE,,
"{'id': ""https://s4api.sap.jktyre.in:44305/sap/opu/odata/sap/ZINFI_PLT_API_SRV/InfiMouldMstSet('C29580R225JJDCTY02')"", 'uri': ""https://s4api.sap.jktyre.in:44305/sap/opu/odata/sap/ZINFI_PLT_API_SRV/InfiMouldMstSet('C29580R225JJDCTY02')"", 'type': 'ZINFI_PLT_API_SRV.InfiMouldMst'}",C29580R225JJDCTY02,295/80R22.5 JS JDC XD _TY02,1900,Chennai Tyre Plant,,,,ACTIVE,,
"{'id': ""https://s4api.sap.jktyre.in:44305/sap/opu/odata/sap/ZINFI_PLT_API_SRV/InfiMouldMstSet('C29580R225JSJDLXM')"", 'uri': ""https://s4api.sap.jktyre.in:44305/sap/opu/odata/sap/ZINFI_PLT_API_SRV/InfiMouldMstSet('C29580R225JSJDLXM')"", 'type': 'ZINFI_PLT_API_SRV.InfiMouldMst'}",C29580R225JSJDLXM,295/80 R 22.5 JETSTEEL 119 _GC01,1900,Chennai Tyre Plant,,,,ACTIVE,,
"{'id': ""https://s4api.sap.jktyre.in:44305/sap/opu/odata/sap/ZINFI_PLT_API_SRV/InfiMouldMstSet('C29580R225JUCGC01')"", 'uri': ""https://s4api.sap.jktyre.in:44305/sap/opu/odata/sap/ZINFI_PLT_API_SRV/InfiMouldMstSet('C29580R225JUCGC01')"", 'type': 'ZINFI_PLT_API_SRV.InfiMouldMst'}",C29580R225JUCGC01,295/80R22.5 JW JUC XM_GC01,1900,Chennai Tyre Plant,,,,ACTIVE,,
"{'id': ""https://s4api.sap.jktyre.in:44305/sap/opu/odata/sap/ZINFI_PLT_API_SRV/InfiMouldMstSet('C29580R225JUCGC02')"", 'uri': ""https://s4api.sap.jktyre.in:44305/sap/opu/odata/sap/ZINFI_PLT_API_SRV/InfiMouldMstSet('C29580R225JUCGC02')"", 'type': 'ZINFI_PLT_API_SRV.InfiMouldMst'}",C29580R225JUCGC02,295/80R22.5 JW JUC XM_GC02,1900,Chennai Tyre Plant,,,,ACTIVE,,
"{'id': ""https://s4api.sap.jktyre.in:44305/sap/opu/odata/sap/ZINFI_PLT_API_SRV/InfiMouldMstSet('C29580R225JUCHM01')"", 'uri': ""https://s4api.sap.jktyre.in:44305/sap/opu/odata/sap/ZINFI_PLT_API_SRV/InfiMouldMstSet('C29580R225JUCHM01')"", 'type': 'ZINFI_PLT_API_SRV.InfiMouldMst'}",C29580R225JUCHM01,295/80R22.5 JW JUC XM_HM01,1900,Chennai Tyre Plant,,,,ACTIVE,,
"{'id': ""https://s4api.sap.jktyre.in:44305/sap/opu/odata/sap/ZINFI_PLT_API_SRV/InfiMouldMstSet('C29580R225JUCHM02')"", 'uri': ""https://s4api.sap.jktyre.in:44305/sap/opu/odata/sap/ZINFI_PLT_API_SRV/InfiMouldMstSet('C29580R225JUCHM02')"", 'type': 'ZINFI_PLT_API_SRV.InfiMouldMst'}",C29580R225JUCHM02,295/80R22.5 JW JUC XM_HM02,1900,Chennai Tyre Plant,,,,ACTIVE,,
"{'id': ""https://s4api.sap.jktyre.in:44305/sap/opu/odata/sap/ZINFI_PLT_API_SRV/InfiMouldMstSet('C29580R225JUMGC03')"", 'uri': ""https://s4api.sap.jktyre.in:44305/sap/opu/odata/sap/ZINFI_PLT_API_SRV/InfiMouldMstSet('C29580R225JUMGC03')"", 'type': 'ZINFI_PLT_API_SRV.InfiMouldMst'}",C29580R225JUMGC03,295/80 R 22.5 JW JUM 16PR TL - GC03,1900,Chennai Tyre Plant,,,,ACTIVE,,
"{'id': ""https://s4api.sap.jktyre.in:44305/sap/opu/odata/sap/ZINFI_PLT_API_SRV/InfiMouldMstSet('C29580R225JUMGC04')"", 'uri': ""https://s4api.sap.jktyre.in:44305/sap/opu/odata/sap/ZINFI_PLT_API_SRV/InfiMouldMstSet('C29580R225JUMGC04')"", 'type': 'ZINFI_PLT_API_SRV.InfiMouldMst'}",C29580R225JUMGC04,295/80 R 22.5 JW JUM TL - GC04,1900,Chennai Tyre Plant,,,,ACTIVE,,
"{'id': ""https://s4api.sap.jktyre.in:44305/sap/opu/odata/sap/ZINFI_PLT_API_SRV/InfiMouldMstSet('C29580R225JUMGC05')"", 'uri': ""https://s4api.sap.jktyre.in:44305/sap/opu/odata/sap/ZINFI_PLT_API_SRV/InfiMouldMstSet('C29580R225JUMGC05')"", 'type': 'ZINFI_PLT_API_SRV.InfiMouldMst'}",C29580R225JUMGC05,295/80 R 22.5 JW JUM TL - GC05,1900,Chennai Tyre Plant,,,,ACTIVE,,
"{'id': ""https://s4api.sap.jktyre.in:44305/sap/opu/odata/sap/ZINFI_PLT_API_SRV/InfiMouldMstSet('C29580R225JUMGC06')"", 'uri': ""https://s4api.sap.jktyre.in:44305/sap/opu/odata/sap/ZINFI_PLT_API_SRV/InfiMouldMstSet('C29580R225JUMGC06')"", 'type': 'ZINFI_PLT_API_SRV.InfiMouldMst'}",C29580R225JUMGC06,295/80 R 22.5 JW JUM 16PR TL - GC06,1900,Chennai Tyre Plant,,,,ACTIVE,,
"{'id': ""https://s4api.sap.jktyre.in:44305/sap/opu/odata/sap/ZINFI_PLT_API_SRV/InfiMouldMstSet('C29580R225JUMGC07')"", 'uri': ""https://s4api.sap.jktyre.in:44305/sap/opu/odata/sap/ZINFI_PLT_API_SRV/InfiMouldMstSet('C29580R225JUMGC07')"", 'type': 'ZINFI_PLT_API_SRV.InfiMouldMst'}",C29580R225JUMGC07,295/80 R 22.5 JW JUM TL - GC07,1900,Chennai Tyre Plant,,,,ACTIVE,,
"{'id': ""https://s4api.sap.jktyre.in:44305/sap/opu/odata/sap/ZINFI_PLT_API_SRV/InfiMouldMstSet('C29580R225JUMGC08')"", 'uri': ""https://s4api.sap.jktyre.in:44305/sap/opu/odata/sap/ZINFI_PLT_API_SRV/InfiMouldMstSet('C29580R225JUMGC08')"", 'type': 'ZINFI_PLT_API_SRV.InfiMouldMst'}",C29580R225JUMGC08,295/80 R 22.5 JW JUM  - GC08,1900,Chennai Tyre Plant,,,,ACTIVE,,
"{'id': ""https://s4api.sap.jktyre.in:44305/sap/opu/odata/sap/ZINFI_PLT_API_SRV/InfiMouldMstSet('C29580R225JUMGC11')"", 'uri': ""https://s4api.sap.jktyre.in:44305/sap/opu/odata/sap/ZINFI_PLT_API_SRV/InfiMouldMstSet('C29580R225JUMGC11')"", 'type': 'ZINFI_PLT_API_SRV.InfiMouldMst'}",C29580R225JUMGC11,295/80R22.5 JETWAY JUM_GC11,1900,Chennai Tyre Plant,,,,ACTIVE,,
"{'id': ""https://s4api.sap.jktyre.in:44305/sap/opu/odata/sap/ZINFI_PLT_API_SRV/InfiMouldMstSet('C29580R225JUMGC15')"", 'uri': ""https://s4api.sap.jktyre.in:44305/sap/opu/odata/sap/ZINFI_PLT_API_SRV/InfiMouldMstSet('C29580R225JUMGC15')"", 'type': 'ZINFI_PLT_API_SRV.InfiMouldMst'}",C29580R225JUMGC15,295/80R22.5 JETWAY JUM_GC15,1900,Chennai Tyre Plant,,,,ACTIVE,,
"{'id': ""https://s4api.sap.jktyre.in:44305/sap/opu/odata/sap/ZINFI_PLT_API_SRV/InfiMouldMstSet('C29580R225JUXEGC02')"", 'uri': ""https://s4api.sap.jktyre.in:44305/sap/opu/odata/sap/ZINFI_PLT_API_SRV/InfiMouldMstSet('C29580R225JUXEGC02')"", 'type': 'ZINFI_PLT_API_SRV.InfiMouldMst'}",C29580R225JUXEGC02,295/80R22.5 JW JUX E _GC-02,1900,Chennai Tyre Plant,,,,ACTIVE,,
"{'id': ""https://s4api.sap.jktyre.in:44305/sap/opu/odata/sap/ZINFI_PLT_API_SRV/InfiMouldMstSet('C29580R225JUXEGC03')"", 'uri': ""https://s4api.sap.jktyre.in:44305/sap/opu/odata/sap/ZINFI_PLT_API_SRV/InfiMouldMstSet('C29580R225JUXEGC03')"", 'type': 'ZINFI_PLT_API_SRV.InfiMouldMst'}",C29580R225JUXEGC03,295/80R22.5 JW JUX E _GC-03,1900,Chennai Tyre Plant,,,,ACTIVE,,
"{'id': ""https://s4api.sap.jktyre.in:44305/sap/opu/odata/sap/ZINFI_PLT_API_SRV/InfiMouldMstSet('C29580R225JUXEHM01')"", 'uri': ""https://s4api.sap.jktyre.in:44305/sap/opu/odata/sap/ZINFI_PLT_API_SRV/InfiMouldMstSet('C29580R225JUXEHM01')"", 'type': 'ZINFI_PLT_API_SRV.InfiMouldMst'}",C29580R225JUXEHM01,295/80R22.5 JW JUX E _HM01,1900,Chennai Tyre Plant,,,,ACTIVE,,
"{'id': ""https://s4api.sap.jktyre.in:44305/sap/opu/odata/sap/ZINFI_PLT_API_SRV/InfiMouldMstSet('C29580R225JUXEHM02')"", 'uri': ""https://s4api.sap.jktyre.in:44305/sap/opu/odata/sap/ZINFI_PLT_API_SRV/InfiMouldMstSet('C29580R225JUXEHM02')"", 'type': 'ZINFI_PLT_API_SRV.InfiMouldMst'}",C29580R225JUXEHM02,295/80R22.5 JW JUX E _HM02,1900,Chennai Tyre Plant,,,,ACTIVE,,
"{'id': ""https://s4api.sap.jktyre.in:44305/sap/opu/odata/sap/ZINFI_PLT_API_SRV/InfiMouldMstSet('C29580R225JXM2HM01')"", 'uri': ""https://s4api.sap.jktyre.in:44305/sap/opu/odata/sap/ZINFI_PLT_API_SRV/InfiMouldMstSet('C29580R225JXM2HM01')"", 'type': 'ZINFI_PLT_API_SRV.InfiMouldMst'}",C29580R225JXM2HM01,295/80R22.5 JW JUM XM2_HM01,1900,Chennai Tyre Plant,,,,ACTIVE,,
"{'id': ""https://s4api.sap.jktyre.in:44305/sap/opu/odata/sap/ZINFI_PLT_API_SRV/InfiMouldMstSet('C29580R225JXM2HM02')"", 'uri': ""https://s4api.sap.jktyre.in:44305/sap/opu/odata/sap/ZINFI_PLT_API_SRV/InfiMouldMstSet('C29580R225JXM2HM02')"", 'type': 'ZINFI_PLT_API_SRV.InfiMouldMst'}",C29580R225JXM2HM02,295/80R22.5 JW JUM XM2_HM02,1900,Chennai Tyre Plant,,,,ACTIVE,,
"{'id': ""https://s4api.sap.jktyre.in:44305/sap/opu/odata/sap/ZINFI_PLT_API_SRV/InfiMouldMstSet('C29580R225JXM2HM03')"", 'uri': ""https://s4api.sap.jktyre.in:44305/sap/opu/odata/sap/ZINFI_PLT_API_SRV/InfiMouldMstSet('C29580R225JXM2HM03')"", 'type': 'ZINFI_PLT_API_SRV.InfiMouldMst'}",C29580R225JXM2HM03,295/80R22.5 JW JUM XM2_HM03,1900,Chennai Tyre Plant,,,,ACTIVE,,
"{'id': ""https://s4api.sap.jktyre.in:44305/sap/opu/odata/sap/ZINFI_PLT_API_SRV/InfiMouldMstSet('C29580R225JXM2HM04')"", 'uri': ""https://s4api.sap.jktyre.in:44305/sap/opu/odata/sap/ZINFI_PLT_API_SRV/InfiMouldMstSet('C29580R225JXM2HM04')"", 'type': 'ZINFI_PLT_API_SRV.InfiMouldMst'}",C29580R225JXM2HM04,295/80R22.5 JW JUM XM2_HM04,1900,Chennai Tyre Plant,,,,ACTIVE,,
"{'id': ""https://s4api.sap.jktyre.in:44305/sap/opu/odata/sap/ZINFI_PLT_API_SRV/InfiMouldMstSet('C311050R15XATGC02')"", 'uri': ""https://s4api.sap.jktyre.in:44305/sap/opu/odata/sap/ZINFI_PLT_API_SRV/InfiMouldMstSet('C311050R15XATGC02')"", 'type': 'ZINFI_PLT_API_SRV.InfiMouldMst'}",C311050R15XATGC02,31*10.50R15 RANGER X AT_GC02,1900,Chennai Tyre Plant,,,,ACTIVE,,
"{'id': ""https://s4api.sap.jktyre.in:44305/sap/opu/odata/sap/ZINFI_PLT_API_SRV/InfiMouldMstSet('C311050RXATGC01')"", 'uri': ""https://s4api.sap.jktyre.in:44305/sap/opu/odata/sap/ZINFI_PLT_API_SRV/InfiMouldMstSet('C311050RXATGC01')"", 'type': 'ZINFI_PLT_API_SRV.InfiMouldMst'}",C311050RXATGC01,31*10.50R15 RANGER X AT_GC01,1900,Chennai Tyre Plant,,,,ACTIVE,,
"{'id': ""https://s4api.sap.jktyre.in:44305/sap/opu/odata/sap/ZINFI_PLT_API_SRV/InfiMouldMstSet('C31105R15RATTLGC01')"", 'uri': ""https://s4api.sap.jktyre.in:44305/sap/opu/odata/sap/ZINFI_PLT_API_SRV/InfiMouldMstSet('C31105R15RATTLGC01')"", 'type': 'ZINFI_PLT_API_SRV.InfiMouldMst'}",C31105R15RATTLGC01,31X10.50R15 RANGER AT-GC-01,1900,Chennai Tyre Plant,,,,ACTIVE,,
"{'id': ""https://s4api.sap.jktyre.in:44305/sap/opu/odata/sap/ZINFI_PLT_API_SRV/InfiMouldMstSet('C31105R15RATTLGC02')"", 'uri': ""https://s4api.sap.jktyre.in:44305/sap/opu/odata/sap/ZINFI_PLT_API_SRV/InfiMouldMstSet('C31105R15RATTLGC02')"", 'type': 'ZINFI_PLT_API_SRV.InfiMouldMst'}",C31105R15RATTLGC02,31X10.50R15 RANGER AT-GC-02,1900,Chennai Tyre Plant,,,,ACTIVE,,
"{'id': ""https://s4api.sap.jktyre.in:44305/sap/opu/odata/sap/ZINFI_PLT_API_SRV/InfiMouldMstSet('C31105R15RHTTLHM01')"", 'uri': ""https://s4api.sap.jktyre.in:44305/sap/opu/odata/sap/ZINFI_PLT_API_SRV/InfiMouldMstSet('C31105R15RHTTLHM01')"", 'type': 'ZINFI_PLT_API_SRV.InfiMouldMst'}",C31105R15RHTTLHM01,31X10.50R15 RANGER MT _ HM01,1900,Chennai Tyre Plant,,,,ACTIVE,,
"{'id': ""https://s4api.sap.jktyre.in:44305/sap/opu/odata/sap/ZINFI_PLT_API_SRV/InfiMouldMstSet('C31105R15RHTTLHM02')"", 'uri': ""https://s4api.sap.jktyre.in:44305/sap/opu/odata/sap/ZINFI_PLT_API_SRV/InfiMouldMstSet('C31105R15RHTTLHM02')"", 'type': 'ZINFI_PLT_API_SRV.InfiMouldMst'}",C31105R15RHTTLHM02,31X10.50R15 RANGER MT _ HM02,1900,Chennai Tyre Plant,,,,ACTIVE,,
"{'id': ""https://s4api.sap.jktyre.in:44305/sap/opu/odata/sap/ZINFI_PLT_API_SRV/InfiMouldMstSet('C31105R15RHTTLHM03')"", 'uri': ""https://s4api.sap.jktyre.in:44305/sap/opu/odata/sap/ZINFI_PLT_API_SRV/InfiMouldMstSet('C31105R15RHTTLHM03')"", 'type': 'ZINFI_PLT_API_SRV.InfiMouldMst'}",C31105R15RHTTLHM03,31X10.5R15 RANGER MTTL HM03,1900,Chennai Tyre Plant,,,,ACTIVE,,
"{'id': ""https://s4api.sap.jktyre.in:44305/sap/opu/odata/sap/ZINFI_PLT_API_SRV/InfiMouldMstSet('C31105R15RHTTLHM04')"", 'uri': ""https://s4api.sap.jktyre.in:44305/sap/opu/odata/sap/ZINFI_PLT_API_SRV/InfiMouldMstSet('C31105R15RHTTLHM04')"", 'type': 'ZINFI_PLT_API_SRV.InfiMouldMst'}",C31105R15RHTTLHM04,31X10.5R15 RANGER MTTL HM04,1900,Chennai Tyre Plant,,,,ACTIVE,,
"{'id': ""https://s4api.sap.jktyre.in:44305/sap/opu/odata/sap/ZINFI_PLT_API_SRV/InfiMouldMstSet('C31560R225JDL3GC01')"", 'uri': ""https://s4api.sap.jktyre.in:44305/sap/opu/odata/sap/ZINFI_PLT_API_SRV/InfiMouldMstSet('C31560R225JDL3GC01')"", 'type': 'ZINFI_PLT_API_SRV.InfiMouldMst'}",C31560R225JDL3GC01,315 / 60 R 22.5 JS JDL3 TL - GC01,1900,Chennai Tyre Plant,,,,ACTIVE,,
"{'id': ""https://s4api.sap.jktyre.in:44305/sap/opu/odata/sap/ZINFI_PLT_API_SRV/InfiMouldMstSet('C31560R225JDL3GC02')"", 'uri': ""https://s4api.sap.jktyre.in:44305/sap/opu/odata/sap/ZINFI_PLT_API_SRV/InfiMouldMstSet('C31560R225JDL3GC02')"", 'type': 'ZINFI_PLT_API_SRV.InfiMouldMst'}",C31560R225JDL3GC02,315 / 60 R 22.5 JS JDL3 TL - GC02,1900,Chennai Tyre Plant,,,,ACTIVE,,
"{'id': ""https://s4api.sap.jktyre.in:44305/sap/opu/odata/sap/ZINFI_PLT_API_SRV/InfiMouldMstSet('C31570225JDL3HM01')"", 'uri': ""https://s4api.sap.jktyre.in:44305/sap/opu/odata/sap/ZINFI_PLT_API_SRV/InfiMouldMstSet('C31570225JDL3HM01')"", 'type': 'ZINFI_PLT_API_SRV.InfiMouldMst'}",C31570225JDL3HM01,315/70R22.5 JETSTEEL JDL3+ HM01,1900,Chennai Tyre Plant,,,,ACTIVE,,
"{'id': ""https://s4api.sap.jktyre.in:44305/sap/opu/odata/sap/ZINFI_PLT_API_SRV/InfiMouldMstSet('C31570225JDL3HM02')"", 'uri': ""https://s4api.sap.jktyre.in:44305/sap/opu/odata/sap/ZINFI_PLT_API_SRV/InfiMouldMstSet('C31570225JDL3HM02')"", 'type': 'ZINFI_PLT_API_SRV.InfiMouldMst'}",C31570225JDL3HM02,315/70R22.5 JETSTEEL JDL3+ HM02,1900,Chennai Tyre Plant,,,,ACTIVE,,
"{'id': ""https://s4api.sap.jktyre.in:44305/sap/opu/odata/sap/ZINFI_PLT_API_SRV/InfiMouldMstSet('C31570R225JDL3GR01')"", 'uri': ""https://s4api.sap.jktyre.in:44305/sap/opu/odata/sap/ZINFI_PLT_API_SRV/InfiMouldMstSet('C31570R225JDL3GR01')"", 'type': 'ZINFI_PLT_API_SRV.InfiMouldMst'}",C31570R225JDL3GR01,315/70R22.5 JETSTEEL JDL3_GR01,1900,Chennai Tyre Plant,,,,ACTIVE,,
"{'id': ""https://s4api.sap.jktyre.in:44305/sap/opu/odata/sap/ZINFI_PLT_API_SRV/InfiMouldMstSet('C31570R225JDL3GR02')"", 'uri': ""https://s4api.sap.jktyre.in:44305/sap/opu/odata/sap/ZINFI_PLT_API_SRV/InfiMouldMstSet('C31570R225JDL3GR02')"", 'type': 'ZINFI_PLT_API_SRV.InfiMouldMst'}",C31570R225JDL3GR02,315/70R22.5 JETSTEEL JDL3_GR02,1900,Chennai Tyre Plant,,,,ACTIVE,,
"{'id': ""https://s4api.sap.jktyre.in:44305/sap/opu/odata/sap/ZINFI_PLT_API_SRV/InfiMouldMstSet('C31570R225JDL3HM01')"", 'uri': ""https://s4api.sap.jktyre.in:44305/sap/opu/odata/sap/ZINFI_PLT_API_SRV/InfiMouldMstSet('C31570R225JDL3HM01')"", 'type': 'ZINFI_PLT_API_SRV.InfiMouldMst'}",C31570R225JDL3HM01,315/70R22.5 JETSTEEL JDL3_HM01,1900,Chennai Tyre Plant,,,,ACTIVE,,
"{'id': ""https://s4api.sap.jktyre.in:44305/sap/opu/odata/sap/ZINFI_PLT_API_SRV/InfiMouldMstSet('C31570R225JDL3HM02')"", 'uri': ""https://s4api.sap.jktyre.in:44305/sap/opu/odata/sap/ZINFI_PLT_API_SRV/InfiMouldMstSet('C31570R225JDL3HM02')"", 'type': 'ZINFI_PLT_API_SRV.InfiMouldMst'}",C31570R225JDL3HM02,315/70R22.5 JETSTEEL JDL3_HM02,1900,Chennai Tyre Plant,,,,ACTIVE,,
"{'id': ""https://s4api.sap.jktyre.in:44305/sap/opu/odata/sap/ZINFI_PLT_API_SRV/InfiMouldMstSet('C31570R225JUL4GC01')"", 'uri': ""https://s4api.sap.jktyre.in:44305/sap/opu/odata/sap/ZINFI_PLT_API_SRV/InfiMouldMstSet('C31570R225JUL4GC01')"", 'type': 'ZINFI_PLT_API_SRV.InfiMouldMst'}",C31570R225JUL4GC01,315/70 R 22.5 JETWAY JUL4_GC01,1900,Chennai Tyre Plant,,,,ACTIVE,,
"{'id': ""https://s4api.sap.jktyre.in:44305/sap/opu/odata/sap/ZINFI_PLT_API_SRV/InfiMouldMstSet('C31570R225JUL4GC02')"", 'uri': ""https://s4api.sap.jktyre.in:44305/sap/opu/odata/sap/ZINFI_PLT_API_SRV/InfiMouldMstSet('C31570R225JUL4GC02')"", 'type': 'ZINFI_PLT_API_SRV.InfiMouldMst'}",C31570R225JUL4GC02,315/70 R 22.5 JETWAY JUL4_GC02,1900,Chennai Tyre Plant,,,,ACTIVE,,
"{'id': ""https://s4api.sap.jktyre.in:44305/sap/opu/odata/sap/ZINFI_PLT_API_SRV/InfiMouldMstSet('C31570R225JUL4HM01')"", 'uri': ""https://s4api.sap.jktyre.in:44305/sap/opu/odata/sap/ZINFI_PLT_API_SRV/InfiMouldMstSet('C31570R225JUL4HM01')"", 'type': 'ZINFI_PLT_API_SRV.InfiMouldMst'}",C31570R225JUL4HM01,315/70R22.5 JW JUL4_HM01,1900,Chennai Tyre Plant,,,,ACTIVE,,
"{'id': ""https://s4api.sap.jktyre.in:44305/sap/opu/odata/sap/ZINFI_PLT_API_SRV/InfiMouldMstSet('C31570R225JUL4HM02')"", 'uri': ""https://s4api.sap.jktyre.in:44305/sap/opu/odata/sap/ZINFI_PLT_API_SRV/InfiMouldMstSet('C31570R225JUL4HM02')"", 'type': 'ZINFI_PLT_API_SRV.InfiMouldMst'}",C31570R225JUL4HM02,315/70R22.5 JW JUL4_HM02,1900,Chennai Tyre Plant,,,,ACTIVE,,
"{'id': ""https://s4api.sap.jktyre.in:44305/sap/opu/odata/sap/ZINFI_PLT_API_SRV/InfiMouldMstSet('C31570R225JUL4HM03')"", 'uri': ""https://s4api.sap.jktyre.in:44305/sap/opu/odata/sap/ZINFI_PLT_API_SRV/InfiMouldMstSet('C31570R225JUL4HM03')"", 'type': 'ZINFI_PLT_API_SRV.InfiMouldMst'}",C31570R225JUL4HM03,315/70 R 22.5 JETWAY JUL4_HM03,1900,Chennai Tyre Plant,,,,ACTIVE,,
"{'id': ""https://s4api.sap.jktyre.in:44305/sap/opu/odata/sap/ZINFI_PLT_API_SRV/InfiMouldMstSet('C31570R225JUL4HM04')"", 'uri': ""https://s4api.sap.jktyre.in:44305/sap/opu/odata/sap/ZINFI_PLT_API_SRV/InfiMouldMstSet('C31570R225JUL4HM04')"", 'type': 'ZINFI_PLT_API_SRV.InfiMouldMst'}",C31570R225JUL4HM04,315/70 R 22.5 JETWAY JUL4_HM04,1900,Chennai Tyre Plant,,,,ACTIVE,,
"{'id': ""https://s4api.sap.jktyre.in:44305/sap/opu/odata/sap/ZINFI_PLT_API_SRV/InfiMouldMstSet('C31570R225VUL3GR02')"", 'uri': ""https://s4api.sap.jktyre.in:44305/sap/opu/odata/sap/ZINFI_PLT_API_SRV/InfiMouldMstSet('C31570R225VUL3GR02')"", 'type': 'ZINFI_PLT_API_SRV.InfiMouldMst'}",C31570R225VUL3GR02,315/70R22.5 VIKRANT VUL3+ GR02,1900,Chennai Tyre Plant,,,,ACTIVE,,
"{'id': ""https://s4api.sap.jktyre.in:44305/sap/opu/odata/sap/ZINFI_PLT_API_SRV/InfiMouldMstSet('C31580R225JDL3HM01')"", 'uri': ""https://s4api.sap.jktyre.in:44305/sap/opu/odata/sap/ZINFI_PLT_API_SRV/InfiMouldMstSet('C31580R225JDL3HM01')"", 'type': 'ZINFI_PLT_API_SRV.InfiMouldMst'}",C31580R225JDL3HM01,315/80R22.5_JETSTEEL_JDL3_HM01,1900,Chennai Tyre Plant,,,,ACTIVE,,
"{'id': ""https://s4api.sap.jktyre.in:44305/sap/opu/odata/sap/ZINFI_PLT_API_SRV/InfiMouldMstSet('C31580R225JDL3HM02')"", 'uri': ""https://s4api.sap.jktyre.in:44305/sap/opu/odata/sap/ZINFI_PLT_API_SRV/InfiMouldMstSet('C31580R225JDL3HM02')"", 'type': 'ZINFI_PLT_API_SRV.InfiMouldMst'}",C31580R225JDL3HM02,315/80R22.5_JETSTEEL_JDL3_HM02,1900,Chennai Tyre Plant,,,,ACTIVE,,
"{'id': ""https://s4api.sap.jktyre.in:44305/sap/opu/odata/sap/ZINFI_PLT_API_SRV/InfiMouldMstSet('C31580R225JUL4GR01')"", 'uri': ""https://s4api.sap.jktyre.in:44305/sap/opu/odata/sap/ZINFI_PLT_API_SRV/InfiMouldMstSet('C31580R225JUL4GR01')"", 'type': 'ZINFI_PLT_API_SRV.InfiMouldMst'}",C31580R225JUL4GR01,315/80R22.5 JETWAY JUL4_GR01,1900,Chennai Tyre Plant,,,,ACTIVE,,
"{'id': ""https://s4api.sap.jktyre.in:44305/sap/opu/odata/sap/ZINFI_PLT_API_SRV/InfiMouldMstSet('C31580R225JUL4GR02')"", 'uri': ""https://s4api.sap.jktyre.in:44305/sap/opu/odata/sap/ZINFI_PLT_API_SRV/InfiMouldMstSet('C31580R225JUL4GR02')"", 'type': 'ZINFI_PLT_API_SRV.InfiMouldMst'}",C31580R225JUL4GR02,315/80R22.5 JETWAY JUL4_GR02,1900,Chennai Tyre Plant,,,,ACTIVE,,
"{'id': ""https://s4api.sap.jktyre.in:44305/sap/opu/odata/sap/ZINFI_PLT_API_SRV/InfiMouldMstSet('C31580R225JWTLGC01')"", 'uri': ""https://s4api.sap.jktyre.in:44305/sap/opu/odata/sap/ZINFI_PLT_API_SRV/InfiMouldMstSet('C31580R225JWTLGC01')"", 'type': 'ZINFI_PLT_API_SRV.InfiMouldMst'}",C31580R225JWTLGC01,315/80R22.5 VIKRANT VUC4_GC01,1900,Chennai Tyre Plant,,,,ACTIVE,,
"{'id': ""https://s4api.sap.jktyre.in:44305/sap/opu/odata/sap/ZINFI_PLT_API_SRV/InfiMouldMstSet('C31580R225JWTLGC02')"", 'uri': ""https://s4api.sap.jktyre.in:44305/sap/opu/odata/sap/ZINFI_PLT_API_SRV/InfiMouldMstSet('C31580R225JWTLGC02')"", 'type': 'ZINFI_PLT_API_SRV.InfiMouldMst'}",C31580R225JWTLGC02,315/80R22.5 VIKRANT VUC4_GC02,1900,Chennai Tyre Plant,,,,ACTIVE,,
"{'id': ""https://s4api.sap.jktyre.in:44305/sap/opu/odata/sap/ZINFI_PLT_API_SRV/InfiMouldMstSet('C31580R225JWTLTY01')"", 'uri': ""https://s4api.sap.jktyre.in:44305/sap/opu/odata/sap/ZINFI_PLT_API_SRV/InfiMouldMstSet('C31580R225JWTLTY01')"", 'type': 'ZINFI_PLT_API_SRV.InfiMouldMst'}",C31580R225JWTLTY01,315/80R22.5 JETWAY JUC4_TY01,1900,Chennai Tyre Plant,,,,ACTIVE,,
"{'id': ""https://s4api.sap.jktyre.in:44305/sap/opu/odata/sap/ZINFI_PLT_API_SRV/InfiMouldMstSet('C31580R225JWTLTY02')"", 'uri': ""https://s4api.sap.jktyre.in:44305/sap/opu/odata/sap/ZINFI_PLT_API_SRV/InfiMouldMstSet('C31580R225JWTLTY02')"", 'type': 'ZINFI_PLT_API_SRV.InfiMouldMst'}",C31580R225JWTLTY02,315/80R22.5 JETWAY JUC4_TY02,1900,Chennai Tyre Plant,,,,ACTIVE,,
"{'id': ""https://s4api.sap.jktyre.in:44305/sap/opu/odata/sap/ZINFI_PLT_API_SRV/InfiMouldMstSet('C31580R225VUL3GR01')"", 'uri': ""https://s4api.sap.jktyre.in:44305/sap/opu/odata/sap/ZINFI_PLT_API_SRV/InfiMouldMstSet('C31580R225VUL3GR01')"", 'type': 'ZINFI_PLT_API_SRV.InfiMouldMst'}",C31580R225VUL3GR01,315/80R22.5 VIKRANT VUL3+ GR01,1900,Chennai Tyre Plant,,,,ACTIVE,,
"{'id': ""https://s4api.sap.jktyre.in:44305/sap/opu/odata/sap/ZINFI_PLT_API_SRV/InfiMouldMstSet('C31580R225VUL3GR02')"", 'uri': ""https://s4api.sap.jktyre.in:44305/sap/opu/odata/sap/ZINFI_PLT_API_SRV/InfiMouldMstSet('C31580R225VUL3GR02')"", 'type': 'ZINFI_PLT_API_SRV.InfiMouldMst'}",C31580R225VUL3GR02,315/80R22.5 VIKRANT VUL3+ GR02,1900,Chennai Tyre Plant,,,,ACTIVE,,
"{'id': ""https://s4api.sap.jktyre.in:44305/sap/opu/odata/sap/ZINFI_PLT_API_SRV/InfiMouldMstSet('C31X105R15BXATGC01')"", 'uri': ""https://s4api.sap.jktyre.in:44305/sap/opu/odata/sap/ZINFI_PLT_API_SRV/InfiMouldMstSet('C31X105R15BXATGC01')"", 'type': 'ZINFI_PLT_API_SRV.InfiMouldMst'}",C31X105R15BXATGC01,31X10.5 R 15 RANGER X-A/T_GC-01,1900,Chennai Tyre Plant,,,,ACTIVE,,
"{'id': ""https://s4api.sap.jktyre.in:44305/sap/opu/odata/sap/ZINFI_PLT_API_SRV/InfiMouldMstSet('C31X105R15BXATGC02')"", 'uri': ""https://s4api.sap.jktyre.in:44305/sap/opu/odata/sap/ZINFI_PLT_API_SRV/InfiMouldMstSet('C31X105R15BXATGC02')"", 'type': 'ZINFI_PLT_API_SRV.InfiMouldMst'}",C31X105R15BXATGC02,31X10.5 R 15 RANGER X-A/T_GC-02,1900,Chennai Tyre Plant,,,,ACTIVE,,
"{'id': ""https://s4api.sap.jktyre.in:44305/sap/opu/odata/sap/ZINFI_PLT_API_SRV/InfiMouldMstSet('C31X105R15BXATGR01')"", 'uri': ""https://s4api.sap.jktyre.in:44305/sap/opu/odata/sap/ZINFI_PLT_API_SRV/InfiMouldMstSet('C31X105R15BXATGR01')"", 'type': 'ZINFI_PLT_API_SRV.InfiMouldMst'}",C31X105R15BXATGR01,31X10.5 R 15 BLAZZE  X-A/T GR01,1900,Chennai Tyre Plant,,,,ACTIVE,,
"{'id': ""https://s4api.sap.jktyre.in:44305/sap/opu/odata/sap/ZINFI_PLT_API_SRV/InfiMouldMstSet('C31X105R15BXATGR02')"", 'uri': ""https://s4api.sap.jktyre.in:44305/sap/opu/odata/sap/ZINFI_PLT_API_SRV/InfiMouldMstSet('C31X105R15BXATGR02')"", 'type': 'ZINFI_PLT_API_SRV.InfiMouldMst'}",C31X105R15BXATGR02,31X10.5 R 15 BLAZZE  X-A/T GR02,1900,Chennai Tyre Plant,,,,ACTIVE,,
"{'id': ""https://s4api.sap.jktyre.in:44305/sap/opu/odata/sap/ZINFI_PLT_API_SRV/InfiMouldMstSet('C32115R15BXATHM01')"", 'uri': ""https://s4api.sap.jktyre.in:44305/sap/opu/odata/sap/ZINFI_PLT_API_SRV/InfiMouldMstSet('C32115R15BXATHM01')"", 'type': 'ZINFI_PLT_API_SRV.InfiMouldMst'}",C32115R15BXATHM01,32X11.5 R 15 BLAZZE  X-AT TL_HM-01,1900,Chennai Tyre Plant,,,,ACTIVE,,
"{'id': ""https://s4api.sap.jktyre.in:44305/sap/opu/odata/sap/ZINFI_PLT_API_SRV/InfiMouldMstSet('C32115R15BXATHM02')"", 'uri': ""https://s4api.sap.jktyre.in:44305/sap/opu/odata/sap/ZINFI_PLT_API_SRV/InfiMouldMstSet('C32115R15BXATHM02')"", 'type': 'ZINFI_PLT_API_SRV.InfiMouldMst'}",C32115R15BXATHM02,32X11.5 R 15 BLAZZE  X-AT TL_HM-02,1900,Chennai Tyre Plant,,,,ACTIVE,,
"{'id': ""https://s4api.sap.jktyre.in:44305/sap/opu/odata/sap/ZINFI_PLT_API_SRV/InfiMouldMstSet('C33580R20JWJUZHM01')"", 'uri': ""https://s4api.sap.jktyre.in:44305/sap/opu/odata/sap/ZINFI_PLT_API_SRV/InfiMouldMstSet('C33580R20JWJUZHM01')"", 'type': 'ZINFI_PLT_API_SRV.InfiMouldMst'}",C33580R20JWJUZHM01,335/80R20 JW JUZ+_HM01,1900,Chennai Tyre Plant,,,,ACTIVE,,
"{'id': ""https://s4api.sap.jktyre.in:44305/sap/opu/odata/sap/ZINFI_PLT_API_SRV/InfiMouldMstSet('C33580R20JWJUZHM02')"", 'uri': ""https://s4api.sap.jktyre.in:44305/sap/opu/odata/sap/ZINFI_PLT_API_SRV/InfiMouldMstSet('C33580R20JWJUZHM02')"", 'type': 'ZINFI_PLT_API_SRV.InfiMouldMst'}",C33580R20JWJUZHM02,335/80R20 JW JUZ+_HM02,1900,Chennai Tyre Plant,,,,ACTIVE,,
"{'id': ""https://s4api.sap.jktyre.in:44305/sap/opu/odata/sap/ZINFI_PLT_API_SRV/InfiMouldMstSet('C38555225JTLGC01')"", 'uri': ""https://s4api.sap.jktyre.in:44305/sap/opu/odata/sap/ZINFI_PLT_API_SRV/InfiMouldMstSet('C38555225JTLGC01')"", 'type': 'ZINFI_PLT_API_SRV.InfiMouldMst'}",C38555225JTLGC01,385/55R22.5 JTL _GC01,1900,Chennai Tyre Plant,,,,ACTIVE,,
"{'id': ""https://s4api.sap.jktyre.in:44305/sap/opu/odata/sap/ZINFI_PLT_API_SRV/InfiMouldMstSet('C38555225JTLGC02')"", 'uri': ""https://s4api.sap.jktyre.in:44305/sap/opu/odata/sap/ZINFI_PLT_API_SRV/InfiMouldMstSet('C38555225JTLGC02')"", 'type': 'ZINFI_PLT_API_SRV.InfiMouldMst'}",C38555225JTLGC02,385/55R22.5 JTL_GC02,1900,Chennai Tyre Plant,,,,ACTIVE,,
"{'id': ""https://s4api.sap.jktyre.in:44305/sap/opu/odata/sap/ZINFI_PLT_API_SRV/InfiMouldMstSet('C38565225JTLGC01')"", 'uri': ""https://s4api.sap.jktyre.in:44305/sap/opu/odata/sap/ZINFI_PLT_API_SRV/InfiMouldMstSet('C38565225JTLGC01')"", 'type': 'ZINFI_PLT_API_SRV.InfiMouldMst'}",C38565225JTLGC01,385/65R22.5 JETWAY JTL _GC01,1900,Chennai Tyre Plant,,,,ACTIVE,,
"{'id': ""https://s4api.sap.jktyre.in:44305/sap/opu/odata/sap/ZINFI_PLT_API_SRV/InfiMouldMstSet('C38565225JTLGC02')"", 'uri': ""https://s4api.sap.jktyre.in:44305/sap/opu/odata/sap/ZINFI_PLT_API_SRV/InfiMouldMstSet('C38565225JTLGC02')"", 'type': 'ZINFI_PLT_API_SRV.InfiMouldMst'}",C38565225JTLGC02,385/65R22.5 JETWAY JTL _GC02,1900,Chennai Tyre Plant,,,,ACTIVE,,
"{'id': ""https://s4api.sap.jktyre.in:44305/sap/opu/odata/sap/ZINFI_PLT_API_SRV/InfiMouldMstSet('C38565225JTLGC03')"", 'uri': ""https://s4api.sap.jktyre.in:44305/sap/opu/odata/sap/ZINFI_PLT_API_SRV/InfiMouldMstSet('C38565225JTLGC03')"", 'type': 'ZINFI_PLT_API_SRV.InfiMouldMst'}",C38565225JTLGC03,385/65R22.5 JETWAY JTL _GC03,1900,Chennai Tyre Plant,,,,ACTIVE,,
"{'id': ""https://s4api.sap.jktyre.in:44305/sap/opu/odata/sap/ZINFI_PLT_API_SRV/InfiMouldMstSet('C38565225JTLGC04')"", 'uri': ""https://s4api.sap.jktyre.in:44305/sap/opu/odata/sap/ZINFI_PLT_API_SRV/InfiMouldMstSet('C38565225JTLGC04')"", 'type': 'ZINFI_PLT_API_SRV.InfiMouldMst'}",C38565225JTLGC04,385/65R22.5 JETWAY JTL _GC04,1900,Chennai Tyre Plant,,,,ACTIVE,,
"{'id': ""https://s4api.sap.jktyre.in:44305/sap/opu/odata/sap/ZINFI_PLT_API_SRV/InfiMouldMstSet('C38565225JTLGC05')"", 'uri': ""https://s4api.sap.jktyre.in:44305/sap/opu/odata/sap/ZINFI_PLT_API_SRV/InfiMouldMstSet('C38565225JTLGC05')"", 'type': 'ZINFI_PLT_API_SRV.InfiMouldMst'}",C38565225JTLGC05,385/65R22.5 VIKRANT VTL _ GC05,1900,Chennai Tyre Plant,,,,ACTIVE,,
"{'id': ""https://s4api.sap.jktyre.in:44305/sap/opu/odata/sap/ZINFI_PLT_API_SRV/InfiMouldMstSet('C38565225JTLGC06')"", 'uri': ""https://s4api.sap.jktyre.in:44305/sap/opu/odata/sap/ZINFI_PLT_API_SRV/InfiMouldMstSet('C38565225JTLGC06')"", 'type': 'ZINFI_PLT_API_SRV.InfiMouldMst'}",C38565225JTLGC06,385/65R22.5 VIKRANT VTL _ GC06,1900,Chennai Tyre Plant,,,,ACTIVE,,
"{'id': ""https://s4api.sap.jktyre.in:44305/sap/opu/odata/sap/ZINFI_PLT_API_SRV/InfiMouldMstSet('C38565225JTLHM01')"", 'uri': ""https://s4api.sap.jktyre.in:44305/sap/opu/odata/sap/ZINFI_PLT_API_SRV/InfiMouldMstSet('C38565225JTLHM01')"", 'type': 'ZINFI_PLT_API_SRV.InfiMouldMst'}",C38565225JTLHM01,385/65R22.5 JW JTL_HM01,1900,Chennai Tyre Plant,,,,ACTIVE,,
"{'id': ""https://s4api.sap.jktyre.in:44305/sap/opu/odata/sap/ZINFI_PLT_API_SRV/InfiMouldMstSet('C38565225JTLHM02')"", 'uri': ""https://s4api.sap.jktyre.in:44305/sap/opu/odata/sap/ZINFI_PLT_API_SRV/InfiMouldMstSet('C38565225JTLHM02')"", 'type': 'ZINFI_PLT_API_SRV.InfiMouldMst'}",C38565225JTLHM02,385/65R22.5 JW JTL_HM02,1900,Chennai Tyre Plant,,,,ACTIVE,,
"{'id': ""https://s4api.sap.jktyre.in:44305/sap/opu/odata/sap/ZINFI_PLT_API_SRV/InfiMouldMstSet('C38565225JUCXDHM01')"", 'uri': ""https://s4api.sap.jktyre.in:44305/sap/opu/odata/sap/ZINFI_PLT_API_SRV/InfiMouldMstSet('C38565225JUCXDHM01')"", 'type': 'ZINFI_PLT_API_SRV.InfiMouldMst'}",C38565225JUCXDHM01,385/65R22.5 JW JUC XD TL HM01,1900,Chennai Tyre Plant,,,,ACTIVE,,
"{'id': ""https://s4api.sap.jktyre.in:44305/sap/opu/odata/sap/ZINFI_PLT_API_SRV/InfiMouldMstSet('C38565225JUCXDHM02')"", 'uri': ""https://s4api.sap.jktyre.in:44305/sap/opu/odata/sap/ZINFI_PLT_API_SRV/InfiMouldMstSet('C38565225JUCXDHM02')"", 'type': 'ZINFI_PLT_API_SRV.InfiMouldMst'}",C38565225JUCXDHM02,385/65R22.5 JW JUC XD TL HM02,1900,Chennai Tyre Plant,,,,ACTIVE,,
"{'id': ""https://s4api.sap.jktyre.in:44305/sap/opu/odata/sap/ZINFI_PLT_API_SRV/InfiMouldMstSet('C38565225JUCXDHM03')"", 'uri': ""https://s4api.sap.jktyre.in:44305/sap/opu/odata/sap/ZINFI_PLT_API_SRV/InfiMouldMstSet('C38565225JUCXDHM03')"", 'type': 'ZINFI_PLT_API_SRV.InfiMouldMst'}",C38565225JUCXDHM03,385/65R22.5 JUC XD TL _ HM03,1900,Chennai Tyre Plant,,,,ACTIVE,,
"{'id': ""https://s4api.sap.jktyre.in:44305/sap/opu/odata/sap/ZINFI_PLT_API_SRV/InfiMouldMstSet('C38565225JUCXDHM04')"", 'uri': ""https://s4api.sap.jktyre.in:44305/sap/opu/odata/sap/ZINFI_PLT_API_SRV/InfiMouldMstSet('C38565225JUCXDHM04')"", 'type': 'ZINFI_PLT_API_SRV.InfiMouldMst'}",C38565225JUCXDHM04,385/65R22.5 JUC XD TL _ HM04,1900,Chennai Tyre Plant,,,,ACTIVE,,
"{'id': ""https://s4api.sap.jktyre.in:44305/sap/opu/odata/sap/ZINFI_PLT_API_SRV/InfiMouldMstSet('C38565225JUH6GC01')"", 'uri': ""https://s4api.sap.jktyre.in:44305/sap/opu/odata/sap/ZINFI_PLT_API_SRV/InfiMouldMstSet('C38565225JUH6GC01')"", 'type': 'ZINFI_PLT_API_SRV.InfiMouldMst'}",C38565225JUH6GC01,385/65R22.5 VIKRANT VUH6_GC01,1900,Chennai Tyre Plant,,,,ACTIVE,,
"{'id': ""https://s4api.sap.jktyre.in:44305/sap/opu/odata/sap/ZINFI_PLT_API_SRV/InfiMouldMstSet('C38565225JUH6GC02')"", 'uri': ""https://s4api.sap.jktyre.in:44305/sap/opu/odata/sap/ZINFI_PLT_API_SRV/InfiMouldMstSet('C38565225JUH6GC02')"", 'type': 'ZINFI_PLT_API_SRV.InfiMouldMst'}",C38565225JUH6GC02,385/65R22.5 VIKRANT VUH6_GC02,1900,Chennai Tyre Plant,,,,ACTIVE,,
"{'id': ""https://s4api.sap.jktyre.in:44305/sap/opu/odata/sap/ZINFI_PLT_API_SRV/InfiMouldMstSet('C38565225JUH6GC03')"", 'uri': ""https://s4api.sap.jktyre.in:44305/sap/opu/odata/sap/ZINFI_PLT_API_SRV/InfiMouldMstSet('C38565225JUH6GC03')"", 'type': 'ZINFI_PLT_API_SRV.InfiMouldMst'}",C38565225JUH6GC03,385/65R22.5 JETWAY JUH6_GC-03,1900,Chennai Tyre Plant,,,,ACTIVE,,
"{'id': ""https://s4api.sap.jktyre.in:44305/sap/opu/odata/sap/ZINFI_PLT_API_SRV/InfiMouldMstSet('C38565225JUH6GC04')"", 'uri': ""https://s4api.sap.jktyre.in:44305/sap/opu/odata/sap/ZINFI_PLT_API_SRV/InfiMouldMstSet('C38565225JUH6GC04')"", 'type': 'ZINFI_PLT_API_SRV.InfiMouldMst'}",C38565225JUH6GC04,385/65R22.5 JETWAY JUH6_GC-04,1900,Chennai Tyre Plant,,,,ACTIVE,,
"{'id': ""https://s4api.sap.jktyre.in:44305/sap/opu/odata/sap/ZINFI_PLT_API_SRV/InfiMouldMstSet('C38565225JUH6GC05')"", 'uri': ""https://s4api.sap.jktyre.in:44305/sap/opu/odata/sap/ZINFI_PLT_API_SRV/InfiMouldMstSet('C38565225JUH6GC05')"", 'type': 'ZINFI_PLT_API_SRV.InfiMouldMst'}",C38565225JUH6GC05,385/65R22.5 JETWAY JUH6_GC-05,1900,Chennai Tyre Plant,,,,ACTIVE,,
"{'id': ""https://s4api.sap.jktyre.in:44305/sap/opu/odata/sap/ZINFI_PLT_API_SRV/InfiMouldMstSet('C38565225JUH6GC06')"", 'uri': ""https://s4api.sap.jktyre.in:44305/sap/opu/odata/sap/ZINFI_PLT_API_SRV/InfiMouldMstSet('C38565225JUH6GC06')"", 'type': 'ZINFI_PLT_API_SRV.InfiMouldMst'}",C38565225JUH6GC06,385/65R22.5 JETWAY JUH6_GC-06,1900,Chennai Tyre Plant,,,,ACTIVE,,
"{'id': ""https://s4api.sap.jktyre.in:44305/sap/opu/odata/sap/ZINFI_PLT_API_SRV/InfiMouldMstSet('C38565225JUH6GR01')"", 'uri': ""https://s4api.sap.jktyre.in:44305/sap/opu/odata/sap/ZINFI_PLT_API_SRV/InfiMouldMstSet('C38565225JUH6GR01')"", 'type': 'ZINFI_PLT_API_SRV.InfiMouldMst'}",C38565225JUH6GR01,385/65R22.5 JETWAY JUH6_GR-01,1900,Chennai Tyre Plant,,,,ACTIVE,,
"{'id': ""https://s4api.sap.jktyre.in:44305/sap/opu/odata/sap/ZINFI_PLT_API_SRV/InfiMouldMstSet('C38565225JUH6GR02')"", 'uri': ""https://s4api.sap.jktyre.in:44305/sap/opu/odata/sap/ZINFI_PLT_API_SRV/InfiMouldMstSet('C38565225JUH6GR02')"", 'type': 'ZINFI_PLT_API_SRV.InfiMouldMst'}",C38565225JUH6GR02,385/65R22.5 JETWAY JUH6_GR-02,1900,Chennai Tyre Plant,,,,ACTIVE,,
"{'id': ""https://s4api.sap.jktyre.in:44305/sap/opu/odata/sap/ZINFI_PLT_API_SRV/InfiMouldMstSet('C38565225JUH6HM01')"", 'uri': ""https://s4api.sap.jktyre.in:44305/sap/opu/odata/sap/ZINFI_PLT_API_SRV/InfiMouldMstSet('C38565225JUH6HM01')"", 'type': 'ZINFI_PLT_API_SRV.InfiMouldMst'}",C38565225JUH6HM01,385/65R22.5 VIKRANT VUH6_HM01,1900,Chennai Tyre Plant,,,,ACTIVE,,
"{'id': ""https://s4api.sap.jktyre.in:44305/sap/opu/odata/sap/ZINFI_PLT_API_SRV/InfiMouldMstSet('C38565225JUH6HM02')"", 'uri': ""https://s4api.sap.jktyre.in:44305/sap/opu/odata/sap/ZINFI_PLT_API_SRV/InfiMouldMstSet('C38565225JUH6HM02')"", 'type': 'ZINFI_PLT_API_SRV.InfiMouldMst'}",C38565225JUH6HM02,385/65R22.5 VIKRANT VUH6_HM02,1900,Chennai Tyre Plant,,,,ACTIVE,,
"{'id': ""https://s4api.sap.jktyre.in:44305/sap/opu/odata/sap/ZINFI_PLT_API_SRV/InfiMouldMstSet('C38565225JUH6HM03')"", 'uri': ""https://s4api.sap.jktyre.in:44305/sap/opu/odata/sap/ZINFI_PLT_API_SRV/InfiMouldMstSet('C38565225JUH6HM03')"", 'type': 'ZINFI_PLT_API_SRV.InfiMouldMst'}",C38565225JUH6HM03,385/65R22.5 JW JUH6_HM03,1900,Chennai Tyre Plant,,,,ACTIVE,,
"{'id': ""https://s4api.sap.jktyre.in:44305/sap/opu/odata/sap/ZINFI_PLT_API_SRV/InfiMouldMstSet('C38565225JUH6HM04')"", 'uri': ""https://s4api.sap.jktyre.in:44305/sap/opu/odata/sap/ZINFI_PLT_API_SRV/InfiMouldMstSet('C38565225JUH6HM04')"", 'type': 'ZINFI_PLT_API_SRV.InfiMouldMst'}",C38565225JUH6HM04,385/65R22.5 JW JUH6_HM04,1900,Chennai Tyre Plant,,,,ACTIVE,,
"{'id': ""https://s4api.sap.jktyre.in:44305/sap/opu/odata/sap/ZINFI_PLT_API_SRV/InfiMouldMstSet('C38565225JUL4HMI01')"", 'uri': ""https://s4api.sap.jktyre.in:44305/sap/opu/odata/sap/ZINFI_PLT_API_SRV/InfiMouldMstSet('C38565225JUL4HMI01')"", 'type': 'ZINFI_PLT_API_SRV.InfiMouldMst'}",C38565225JUL4HMI01,385/65R22.5 JW JUL4_HMI01,1900,Chennai Tyre Plant,,,,ACTIVE,,
"{'id': ""https://s4api.sap.jktyre.in:44305/sap/opu/odata/sap/ZINFI_PLT_API_SRV/InfiMouldMstSet('C38565225JUL4HMI02')"", 'uri': ""https://s4api.sap.jktyre.in:44305/sap/opu/odata/sap/ZINFI_PLT_API_SRV/InfiMouldMstSet('C38565225JUL4HMI02')"", 'type': 'ZINFI_PLT_API_SRV.InfiMouldMst'}",C38565225JUL4HMI02,385/65R22.5 JW JUL4_HMI02,1900,Chennai Tyre Plant,,,,ACTIVE,,
"{'id': ""https://s4api.sap.jktyre.in:44305/sap/opu/odata/sap/ZINFI_PLT_API_SRV/InfiMouldMstSet('C750R20JWJUH5HM01')"", 'uri': ""https://s4api.sap.jktyre.in:44305/sap/opu/odata/sap/ZINFI_PLT_API_SRV/InfiMouldMstSet('C750R20JWJUH5HM01')"", 'type': 'ZINFI_PLT_API_SRV.InfiMouldMst'}",C750R20JWJUH5HM01,7.50R20 JETWAY JUH5 TT_HM01,1900,Chennai Tyre Plant,,,,ACTIVE,,
"{'id': ""https://s4api.sap.jktyre.in:44305/sap/opu/odata/sap/ZINFI_PLT_API_SRV/InfiMouldMstSet('C750R20JWJUH5HM02')"", 'uri': ""https://s4api.sap.jktyre.in:44305/sap/opu/odata/sap/ZINFI_PLT_API_SRV/InfiMouldMstSet('C750R20JWJUH5HM02')"", 'type': 'ZINFI_PLT_API_SRV.InfiMouldMst'}",C750R20JWJUH5HM02,7.50R20 JETWAY JUH5 TT_HM02,1900,Chennai Tyre Plant,,,,ACTIVE,,
"{'id': ""https://s4api.sap.jktyre.in:44305/sap/opu/odata/sap/ZINFI_PLT_API_SRV/InfiMouldMstSet('C9R20JDEXFGC01')"", 'uri': ""https://s4api.sap.jktyre.in:44305/sap/opu/odata/sap/ZINFI_PLT_API_SRV/InfiMouldMstSet('C9R20JDEXFGC01')"", 'type': 'ZINFI_PLT_API_SRV.InfiMouldMst'}",C9R20JDEXFGC01,9.00R20 JETSTEEL JDE XF -GC-01,1900,Chennai Tyre Plant,,,,ACTIVE,,
"{'id': ""https://s4api.sap.jktyre.in:44305/sap/opu/odata/sap/ZINFI_PLT_API_SRV/InfiMouldMstSet('C9R20JSJDE16GC02')"", 'uri': ""https://s4api.sap.jktyre.in:44305/sap/opu/odata/sap/ZINFI_PLT_API_SRV/InfiMouldMstSet('C9R20JSJDE16GC02')"", 'type': 'ZINFI_PLT_API_SRV.InfiMouldMst'}",C9R20JSJDE16GC02,9.00 R 20 JS JDE ++ 16PR TT_GC02,1900,Chennai Tyre Plant,,,,ACTIVE,,
"{'id': ""https://s4api.sap.jktyre.in:44305/sap/opu/odata/sap/ZINFI_PLT_API_SRV/InfiMouldMstSet('C9R20JSJDE16TTGC01')"", 'uri': ""https://s4api.sap.jktyre.in:44305/sap/opu/odata/sap/ZINFI_PLT_API_SRV/InfiMouldMstSet('C9R20JSJDE16TTGC01')"", 'type': 'ZINFI_PLT_API_SRV.InfiMouldMst'}",C9R20JSJDE16TTGC01,9.00 R 20 JS JDE ++ 16PR TT_GC01,1900,Chennai Tyre Plant,,,,ACTIVE,,
"{'id': ""https://s4api.sap.jktyre.in:44305/sap/opu/odata/sap/ZINFI_PLT_API_SRV/InfiMouldMstSet('C9R20JSJDE16TTGC03')"", 'uri': ""https://s4api.sap.jktyre.in:44305/sap/opu/odata/sap/ZINFI_PLT_API_SRV/InfiMouldMstSet('C9R20JSJDE16TTGC03')"", 'type': 'ZINFI_PLT_API_SRV.InfiMouldMst'}",C9R20JSJDE16TTGC03,9.00R20 JS JDE++ - GC03,1900,Chennai Tyre Plant,,,,ACTIVE,,
"{'id': ""https://s4api.sap.jktyre.in:44305/sap/opu/odata/sap/ZINFI_PLT_API_SRV/InfiMouldMstSet('C9R20JSJDE16TTGC04')"", 'uri': ""https://s4api.sap.jktyre.in:44305/sap/opu/odata/sap/ZINFI_PLT_API_SRV/InfiMouldMstSet('C9R20JSJDE16TTGC04')"", 'type': 'ZINFI_PLT_API_SRV.InfiMouldMst'}",C9R20JSJDE16TTGC04,9.00R20 JS JDE++ - GC04,1900,Chennai Tyre Plant,,,,ACTIVE,,
"{'id': ""https://s4api.sap.jktyre.in:44305/sap/opu/odata/sap/ZINFI_PLT_API_SRV/InfiMouldMstSet('C9R20JSJDH16GC01')"", 'uri': ""https://s4api.sap.jktyre.in:44305/sap/opu/odata/sap/ZINFI_PLT_API_SRV/InfiMouldMstSet('C9R20JSJDH16GC01')"", 'type': 'ZINFI_PLT_API_SRV.InfiMouldMst'}",C9R20JSJDH16GC01,9.00 R 20 JS JDH 16PR TT_GC01,1900,Chennai Tyre Plant,,,,ACTIVE,,
"{'id': ""https://s4api.sap.jktyre.in:44305/sap/opu/odata/sap/ZINFI_PLT_API_SRV/InfiMouldMstSet('C9R20JSJDH16GC02')"", 'uri': ""https://s4api.sap.jktyre.in:44305/sap/opu/odata/sap/ZINFI_PLT_API_SRV/InfiMouldMstSet('C9R20JSJDH16GC02')"", 'type': 'ZINFI_PLT_API_SRV.InfiMouldMst'}",C9R20JSJDH16GC02,9.00 R 20 JS JDH 16PR TT_GC02,1900,Chennai Tyre Plant,,,,ACTIVE,,
"{'id': ""https://s4api.sap.jktyre.in:44305/sap/opu/odata/sap/ZINFI_PLT_API_SRV/InfiMouldMstSet('C9R20JSJDH16GC03')"", 'uri': ""https://s4api.sap.jktyre.in:44305/sap/opu/odata/sap/ZINFI_PLT_API_SRV/InfiMouldMstSet('C9R20JSJDH16GC03')"", 'type': 'ZINFI_PLT_API_SRV.InfiMouldMst'}",C9R20JSJDH16GC03,9.00 R 20 JS JDH 16PR TT_GC03,1900,Chennai Tyre Plant,,,,ACTIVE,,
"{'id': ""https://s4api.sap.jktyre.in:44305/sap/opu/odata/sap/ZINFI_PLT_API_SRV/InfiMouldMstSet('C9R20JSJDH16GC04')"", 'uri': ""https://s4api.sap.jktyre.in:44305/sap/opu/odata/sap/ZINFI_PLT_API_SRV/InfiMouldMstSet('C9R20JSJDH16GC04')"", 'type': 'ZINFI_PLT_API_SRV.InfiMouldMst'}",C9R20JSJDH16GC04,9.00 R 20 JS JDH 16PR TT_GC04,1900,Chennai Tyre Plant,,,,ACTIVE,,
"{'id': ""https://s4api.sap.jktyre.in:44305/sap/opu/odata/sap/ZINFI_PLT_API_SRV/InfiMouldMstSet('C9R20JSJDH16GC05')"", 'uri': ""https://s4api.sap.jktyre.in:44305/sap/opu/odata/sap/ZINFI_PLT_API_SRV/InfiMouldMstSet('C9R20JSJDH16GC05')"", 'type': 'ZINFI_PLT_API_SRV.InfiMouldMst'}",C9R20JSJDH16GC05,9.00 R 20 JS JDH 16PR TT_GC05,1900,Chennai Tyre Plant,,,,ACTIVE,,
"{'id': ""https://s4api.sap.jktyre.in:44305/sap/opu/odata/sap/ZINFI_PLT_API_SRV/InfiMouldMstSet('C9R20JSJDH16GC06')"", 'uri': ""https://s4api.sap.jktyre.in:44305/sap/opu/odata/sap/ZINFI_PLT_API_SRV/InfiMouldMstSet('C9R20JSJDH16GC06')"", 'type': 'ZINFI_PLT_API_SRV.InfiMouldMst'}",C9R20JSJDH16GC06,9.00 R 20 JS JDH 16PR TT_GC06,1900,Chennai Tyre Plant,,,,ACTIVE,,
"{'id': ""https://s4api.sap.jktyre.in:44305/sap/opu/odata/sap/ZINFI_PLT_API_SRV/InfiMouldMstSet('C9R20JSJDH16GC07')"", 'uri': ""https://s4api.sap.jktyre.in:44305/sap/opu/odata/sap/ZINFI_PLT_API_SRV/InfiMouldMstSet('C9R20JSJDH16GC07')"", 'type': 'ZINFI_PLT_API_SRV.InfiMouldMst'}",C9R20JSJDH16GC07,9.00 R 20 JS JDH 16PR TT_GC07,1900,Chennai Tyre Plant,,,,ACTIVE,,
"{'id': ""https://s4api.sap.jktyre.in:44305/sap/opu/odata/sap/ZINFI_PLT_API_SRV/InfiMouldMstSet('C9R20JSJDH16GC08')"", 'uri': ""https://s4api.sap.jktyre.in:44305/sap/opu/odata/sap/ZINFI_PLT_API_SRV/InfiMouldMstSet('C9R20JSJDH16GC08')"", 'type': 'ZINFI_PLT_API_SRV.InfiMouldMst'}",C9R20JSJDH16GC08,9.00 R 20 JS JDH 16PR TT_GC08,1900,Chennai Tyre Plant,,,,ACTIVE,,
"{'id': ""https://s4api.sap.jktyre.in:44305/sap/opu/odata/sap/ZINFI_PLT_API_SRV/InfiMouldMstSet('C9R20JSJDH16HM01')"", 'uri': ""https://s4api.sap.jktyre.in:44305/sap/opu/odata/sap/ZINFI_PLT_API_SRV/InfiMouldMstSet('C9R20JSJDH16HM01')"", 'type': 'ZINFI_PLT_API_SRV.InfiMouldMst'}",C9R20JSJDH16HM01,9.00 R 20 JS JDH TT_HM01,1900,Chennai Tyre Plant,,,,ACTIVE,,
"{'id': ""https://s4api.sap.jktyre.in:44305/sap/opu/odata/sap/ZINFI_PLT_API_SRV/InfiMouldMstSet('C9R20JSJDH16HM02')"", 'uri': ""https://s4api.sap.jktyre.in:44305/sap/opu/odata/sap/ZINFI_PLT_API_SRV/InfiMouldMstSet('C9R20JSJDH16HM02')"", 'type': 'ZINFI_PLT_API_SRV.InfiMouldMst'}",C9R20JSJDH16HM02,9.00 R 20 JS JDH TT_HM02,1900,Chennai Tyre Plant,,,,ACTIVE,,
"{'id': ""https://s4api.sap.jktyre.in:44305/sap/opu/odata/sap/ZINFI_PLT_API_SRV/InfiMouldMstSet('C9R20JSJDH16HM03')"", 'uri': ""https://s4api.sap.jktyre.in:44305/sap/opu/odata/sap/ZINFI_PLT_API_SRV/InfiMouldMstSet('C9R20JSJDH16HM03')"", 'type': 'ZINFI_PLT_API_SRV.InfiMouldMst'}",C9R20JSJDH16HM03,9.00 R 20 JS JDH TT_HM03,1900,Chennai Tyre Plant,,,,ACTIVE,,
"{'id': ""https://s4api.sap.jktyre.in:44305/sap/opu/odata/sap/ZINFI_PLT_API_SRV/InfiMouldMstSet('C9R20JSJDH16HM04')"", 'uri': ""https://s4api.sap.jktyre.in:44305/sap/opu/odata/sap/ZINFI_PLT_API_SRV/InfiMouldMstSet('C9R20JSJDH16HM04')"", 'type': 'ZINFI_PLT_API_SRV.InfiMouldMst'}",C9R20JSJDH16HM04,9.00 R 20 JS JDH TT_HM04,1900,Chennai Tyre Plant,,,,ACTIVE,,
"{'id': ""https://s4api.sap.jktyre.in:44305/sap/opu/odata/sap/ZINFI_PLT_API_SRV/InfiMouldMstSet('C9R20JWJUC216GC01')"", 'uri': ""https://s4api.sap.jktyre.in:44305/sap/opu/odata/sap/ZINFI_PLT_API_SRV/InfiMouldMstSet('C9R20JWJUC216GC01')"", 'type': 'ZINFI_PLT_API_SRV.InfiMouldMst'}",C9R20JWJUC216GC01,9.00 R 20 CHALLENGER CUC2 _ GC01,1900,Chennai Tyre Plant,,,,ACTIVE,,
"{'id': ""https://s4api.sap.jktyre.in:44305/sap/opu/odata/sap/ZINFI_PLT_API_SRV/InfiMouldMstSet('C9R20JWJUC216GC02')"", 'uri': ""https://s4api.sap.jktyre.in:44305/sap/opu/odata/sap/ZINFI_PLT_API_SRV/InfiMouldMstSet('C9R20JWJUC216GC02')"", 'type': 'ZINFI_PLT_API_SRV.InfiMouldMst'}",C9R20JWJUC216GC02,9.00 R 20 CHALLENGER CUC2 _ GC02,1900,Chennai Tyre Plant,,,,ACTIVE,,
"{'id': ""https://s4api.sap.jktyre.in:44305/sap/opu/odata/sap/ZINFI_PLT_API_SRV/InfiMouldMstSet('C9R20JWJUC216GR01')"", 'uri': ""https://s4api.sap.jktyre.in:44305/sap/opu/odata/sap/ZINFI_PLT_API_SRV/InfiMouldMstSet('C9R20JWJUC216GR01')"", 'type': 'ZINFI_PLT_API_SRV.InfiMouldMst'}",C9R20JWJUC216GR01,9.00 R 20 JW JUC2 16PR TT_GR01,1900,Chennai Tyre Plant,,,,ACTIVE,,
"{'id': ""https://s4api.sap.jktyre.in:44305/sap/opu/odata/sap/ZINFI_PLT_API_SRV/InfiMouldMstSet('C9R20JWJUC216GR02')"", 'uri': ""https://s4api.sap.jktyre.in:44305/sap/opu/odata/sap/ZINFI_PLT_API_SRV/InfiMouldMstSet('C9R20JWJUC216GR02')"", 'type': 'ZINFI_PLT_API_SRV.InfiMouldMst'}",C9R20JWJUC216GR02,9.00 R 20 JW JUC2 16PR TT_GR02,1900,Chennai Tyre Plant,,,,ACTIVE,,
"{'id': ""https://s4api.sap.jktyre.in:44305/sap/opu/odata/sap/ZINFI_PLT_API_SRV/InfiMouldMstSet('C9R20JWJUH316GC01')"", 'uri': ""https://s4api.sap.jktyre.in:44305/sap/opu/odata/sap/ZINFI_PLT_API_SRV/InfiMouldMstSet('C9R20JWJUH316GC01')"", 'type': 'ZINFI_PLT_API_SRV.InfiMouldMst'}",C9R20JWJUH316GC01,9.00 R 20 VUH3 TT_GC01,1900,Chennai Tyre Plant,,,,ACTIVE,,
"{'id': ""https://s4api.sap.jktyre.in:44305/sap/opu/odata/sap/ZINFI_PLT_API_SRV/InfiMouldMstSet('C9R20JWJUH316GC02')"", 'uri': ""https://s4api.sap.jktyre.in:44305/sap/opu/odata/sap/ZINFI_PLT_API_SRV/InfiMouldMstSet('C9R20JWJUH316GC02')"", 'type': 'ZINFI_PLT_API_SRV.InfiMouldMst'}",C9R20JWJUH316GC02,9.00 R 20 JW JUH3_GC02,1900,Chennai Tyre Plant,,,,ACTIVE,,
"{'id': ""https://s4api.sap.jktyre.in:44305/sap/opu/odata/sap/ZINFI_PLT_API_SRV/InfiMouldMstSet('C9R20JWJUH316GC03')"", 'uri': ""https://s4api.sap.jktyre.in:44305/sap/opu/odata/sap/ZINFI_PLT_API_SRV/InfiMouldMstSet('C9R20JWJUH316GC03')"", 'type': 'ZINFI_PLT_API_SRV.InfiMouldMst'}",C9R20JWJUH316GC03,9.00 R 20 JW JUH3 TT_GC03,1900,Chennai Tyre Plant,,,,ACTIVE,,
"{'id': ""https://s4api.sap.jktyre.in:44305/sap/opu/odata/sap/ZINFI_PLT_API_SRV/InfiMouldMstSet('C9R20JWJUH316GC04')"", 'uri': ""https://s4api.sap.jktyre.in:44305/sap/opu/odata/sap/ZINFI_PLT_API_SRV/InfiMouldMstSet('C9R20JWJUH316GC04')"", 'type': 'ZINFI_PLT_API_SRV.InfiMouldMst'}",C9R20JWJUH316GC04,9.00 R 20 JETWAY JUH3 14 PR_GC-04,1900,Chennai Tyre Plant,,,,ACTIVE,,
"{'id': ""https://s4api.sap.jktyre.in:44305/sap/opu/odata/sap/ZINFI_PLT_API_SRV/InfiMouldMstSet('C9R20JWJUH316GC05')"", 'uri': ""https://s4api.sap.jktyre.in:44305/sap/opu/odata/sap/ZINFI_PLT_API_SRV/InfiMouldMstSet('C9R20JWJUH316GC05')"", 'type': 'ZINFI_PLT_API_SRV.InfiMouldMst'}",C9R20JWJUH316GC05,9.00 R 20 JW JUH3 TT_GC05,1900,Chennai Tyre Plant,,,,ACTIVE,,
"{'id': ""https://s4api.sap.jktyre.in:44305/sap/opu/odata/sap/ZINFI_PLT_API_SRV/InfiMouldMstSet('C9R20JWJUH316GC06')"", 'uri': ""https://s4api.sap.jktyre.in:44305/sap/opu/odata/sap/ZINFI_PLT_API_SRV/InfiMouldMstSet('C9R20JWJUH316GC06')"", 'type': 'ZINFI_PLT_API_SRV.InfiMouldMst'}",C9R20JWJUH316GC06,9.00 R 20 JW JUH3 TT_GC06,1900,Chennai Tyre Plant,,,,ACTIVE,,
"{'id': ""https://s4api.sap.jktyre.in:44305/sap/opu/odata/sap/ZINFI_PLT_API_SRV/InfiMouldMstSet('C9R20JWJUH316GC07')"", 'uri': ""https://s4api.sap.jktyre.in:44305/sap/opu/odata/sap/ZINFI_PLT_API_SRV/InfiMouldMstSet('C9R20JWJUH316GC07')"", 'type': 'ZINFI_PLT_API_SRV.InfiMouldMst'}",C9R20JWJUH316GC07,9.00 R 20 JW JUH3 TT_GC07,1900,Chennai Tyre Plant,,,,ACTIVE,,
"{'id': ""https://s4api.sap.jktyre.in:44305/sap/opu/odata/sap/ZINFI_PLT_API_SRV/InfiMouldMstSet('C9R20JWJUH316GC08')"", 'uri': ""https://s4api.sap.jktyre.in:44305/sap/opu/odata/sap/ZINFI_PLT_API_SRV/InfiMouldMstSet('C9R20JWJUH316GC08')"", 'type': 'ZINFI_PLT_API_SRV.InfiMouldMst'}",C9R20JWJUH316GC08,9.00 R 20 JW JUH3 TT_GC08,1900,Chennai Tyre Plant,,,,ACTIVE,,
"{'id': ""https://s4api.sap.jktyre.in:44305/sap/opu/odata/sap/ZINFI_PLT_API_SRV/InfiMouldMstSet('C9R20JWJUH316GC09')"", 'uri': ""https://s4api.sap.jktyre.in:44305/sap/opu/odata/sap/ZINFI_PLT_API_SRV/InfiMouldMstSet('C9R20JWJUH316GC09')"", 'type': 'ZINFI_PLT_API_SRV.InfiMouldMst'}",C9R20JWJUH316GC09,9.00 R 20 VIKRANT VUH3_GC09,1900,Chennai Tyre Plant,,,,ACTIVE,,
"{'id': ""https://s4api.sap.jktyre.in:44305/sap/opu/odata/sap/ZINFI_PLT_API_SRV/InfiMouldMstSet('C9R20JWJUH316GC10')"", 'uri': ""https://s4api.sap.jktyre.in:44305/sap/opu/odata/sap/ZINFI_PLT_API_SRV/InfiMouldMstSet('C9R20JWJUH316GC10')"", 'type': 'ZINFI_PLT_API_SRV.InfiMouldMst'}",C9R20JWJUH316GC10,9.00 R 20 JETWAY JUH3 TT_GC10,1900,Chennai Tyre Plant,,,,ACTIVE,,
"{'id': ""https://s4api.sap.jktyre.in:44305/sap/opu/odata/sap/ZINFI_PLT_API_SRV/InfiMouldMstSet('C9R20JWJUH316GC11')"", 'uri': ""https://s4api.sap.jktyre.in:44305/sap/opu/odata/sap/ZINFI_PLT_API_SRV/InfiMouldMstSet('C9R20JWJUH316GC11')"", 'type': 'ZINFI_PLT_API_SRV.InfiMouldMst'}",C9R20JWJUH316GC11,9.00 R 20 JW JUH3 TT_GC11,1900,Chennai Tyre Plant,,,,ACTIVE,,
"{'id': ""https://s4api.sap.jktyre.in:44305/sap/opu/odata/sap/ZINFI_PLT_API_SRV/InfiMouldMstSet('C9R20JWJUH316GC12')"", 'uri': ""https://s4api.sap.jktyre.in:44305/sap/opu/odata/sap/ZINFI_PLT_API_SRV/InfiMouldMstSet('C9R20JWJUH316GC12')"", 'type': 'ZINFI_PLT_API_SRV.InfiMouldMst'}",C9R20JWJUH316GC12,9.00 R 20 JW JUH3 TT _GC12,1900,Chennai Tyre Plant,,,,ACTIVE,,
"{'id': ""https://s4api.sap.jktyre.in:44305/sap/opu/odata/sap/ZINFI_PLT_API_SRV/InfiMouldMstSet('C9R20JWJUH316GR02')"", 'uri': ""https://s4api.sap.jktyre.in:44305/sap/opu/odata/sap/ZINFI_PLT_API_SRV/InfiMouldMstSet('C9R20JWJUH316GR02')"", 'type': 'ZINFI_PLT_API_SRV.InfiMouldMst'}",C9R20JWJUH316GR02,9.00 R 20 JW JUH3 TT_GR02,1900,Chennai Tyre Plant,,,,ACTIVE,,
"{'id': ""https://s4api.sap.jktyre.in:44305/sap/opu/odata/sap/ZINFI_PLT_API_SRV/InfiMouldMstSet('C9R20JWJUH316GR03')"", 'uri': ""https://s4api.sap.jktyre.in:44305/sap/opu/odata/sap/ZINFI_PLT_API_SRV/InfiMouldMstSet('C9R20JWJUH316GR03')"", 'type': 'ZINFI_PLT_API_SRV.InfiMouldMst'}",C9R20JWJUH316GR03,9.00 R 20 JW JUH3_GR03,1900,Chennai Tyre Plant,,,,ACTIVE,,
"{'id': ""https://s4api.sap.jktyre.in:44305/sap/opu/odata/sap/ZINFI_PLT_API_SRV/InfiMouldMstSet('C9R20JWJUH316GR04')"", 'uri': ""https://s4api.sap.jktyre.in:44305/sap/opu/odata/sap/ZINFI_PLT_API_SRV/InfiMouldMstSet('C9R20JWJUH316GR04')"", 'type': 'ZINFI_PLT_API_SRV.InfiMouldMst'}",C9R20JWJUH316GR04,9.00 R 20 JW JUH3 TT_GR04,1900,Chennai Tyre Plant,,,,ACTIVE,,
"{'id': ""https://s4api.sap.jktyre.in:44305/sap/opu/odata/sap/ZINFI_PLT_API_SRV/InfiMouldMstSet('C9R20JWJUH316HM01')"", 'uri': ""https://s4api.sap.jktyre.in:44305/sap/opu/odata/sap/ZINFI_PLT_API_SRV/InfiMouldMstSet('C9R20JWJUH316HM01')"", 'type': 'ZINFI_PLT_API_SRV.InfiMouldMst'}",C9R20JWJUH316HM01,9.00 R 20 JW JUH3 TT_HM01,1900,Chennai Tyre Plant,,,,ACTIVE,,
"{'id': ""https://s4api.sap.jktyre.in:44305/sap/opu/odata/sap/ZINFI_PLT_API_SRV/InfiMouldMstSet('C9R20JWJUH316HM02')"", 'uri': ""https://s4api.sap.jktyre.in:44305/sap/opu/odata/sap/ZINFI_PLT_API_SRV/InfiMouldMstSet('C9R20JWJUH316HM02')"", 'type': 'ZINFI_PLT_API_SRV.InfiMouldMst'}",C9R20JWJUH316HM02,9.00 R 20 JW JUH3 TT_HM02,1900,Chennai Tyre Plant,,,,ACTIVE,,
"{'id': ""https://s4api.sap.jktyre.in:44305/sap/opu/odata/sap/ZINFI_PLT_API_SRV/InfiMouldMstSet('C9R20JWJUH316HM03')"", 'uri': ""https://s4api.sap.jktyre.in:44305/sap/opu/odata/sap/ZINFI_PLT_API_SRV/InfiMouldMstSet('C9R20JWJUH316HM03')"", 'type': 'ZINFI_PLT_API_SRV.InfiMouldMst'}",C9R20JWJUH316HM03,9.00 R 20 JW JUH3 TT_HM03,1900,Chennai Tyre Plant,,,,ACTIVE,,
"{'id': ""https://s4api.sap.jktyre.in:44305/sap/opu/odata/sap/ZINFI_PLT_API_SRV/InfiMouldMstSet('C9R20JWJUH316HM05')"", 'uri': ""https://s4api.sap.jktyre.in:44305/sap/opu/odata/sap/ZINFI_PLT_API_SRV/InfiMouldMstSet('C9R20JWJUH316HM05')"", 'type': 'ZINFI_PLT_API_SRV.InfiMouldMst'}",C9R20JWJUH316HM05,9.00 R 20 JW JUH3_HM05,1900,Chennai Tyre Plant,,,,ACTIVE,,
"{'id': ""https://s4api.sap.jktyre.in:44305/sap/opu/odata/sap/ZINFI_PLT_API_SRV/InfiMouldMstSet('C9R20JWJUH316HM06')"", 'uri': ""https://s4api.sap.jktyre.in:44305/sap/opu/odata/sap/ZINFI_PLT_API_SRV/InfiMouldMstSet('C9R20JWJUH316HM06')"", 'type': 'ZINFI_PLT_API_SRV.InfiMouldMst'}",C9R20JWJUH316HM06,9.00 R 20 JW JUH3 TT_HM06,1900,Chennai Tyre Plant,,,,ACTIVE,,
"{'id': ""https://s4api.sap.jktyre.in:44305/sap/opu/odata/sap/ZINFI_PLT_API_SRV/InfiMouldMstSet('C9R20JWJUH316HM07')"", 'uri': ""https://s4api.sap.jktyre.in:44305/sap/opu/odata/sap/ZINFI_PLT_API_SRV/InfiMouldMstSet('C9R20JWJUH316HM07')"", 'type': 'ZINFI_PLT_API_SRV.InfiMouldMst'}",C9R20JWJUH316HM07,9.00 R 20 JW JUH3 TT_HM07,1900,Chennai Tyre Plant,,,,ACTIVE,,
"{'id': ""https://s4api.sap.jktyre.in:44305/sap/opu/odata/sap/ZINFI_PLT_API_SRV/InfiMouldMstSet('C9R20JWJUH316HM08')"", 'uri': ""https://s4api.sap.jktyre.in:44305/sap/opu/odata/sap/ZINFI_PLT_API_SRV/InfiMouldMstSet('C9R20JWJUH316HM08')"", 'type': 'ZINFI_PLT_API_SRV.InfiMouldMst'}",C9R20JWJUH316HM08,9.00 R 20 JW JUH3 TT_HM08,1900,Chennai Tyre Plant,,,,ACTIVE,,
"{'id': ""https://s4api.sap.jktyre.in:44305/sap/opu/odata/sap/ZINFI_PLT_API_SRV/InfiMouldMstSet('C9R20JWJUH316HM09')"", 'uri': ""https://s4api.sap.jktyre.in:44305/sap/opu/odata/sap/ZINFI_PLT_API_SRV/InfiMouldMstSet('C9R20JWJUH316HM09')"", 'type': 'ZINFI_PLT_API_SRV.InfiMouldMst'}",C9R20JWJUH316HM09,9.00 R 20 JW JUH3 TT_HM09,1900,Chennai Tyre Plant,,,,ACTIVE,,
"{'id': ""https://s4api.sap.jktyre.in:44305/sap/opu/odata/sap/ZINFI_PLT_API_SRV/InfiMouldMstSet('C9R20JWJUH316HM10')"", 'uri': ""https://s4api.sap.jktyre.in:44305/sap/opu/odata/sap/ZINFI_PLT_API_SRV/InfiMouldMstSet('C9R20JWJUH316HM10')"", 'type': 'ZINFI_PLT_API_SRV.InfiMouldMst'}",C9R20JWJUH316HM10,9.00 R 20 JW JUH3 _HM-10,1900,Chennai Tyre Plant,,,,ACTIVE,,
"{'id': ""https://s4api.sap.jktyre.in:44305/sap/opu/odata/sap/ZINFI_PLT_API_SRV/InfiMouldMstSet('C9R20JWJUH316HM11')"", 'uri': ""https://s4api.sap.jktyre.in:44305/sap/opu/odata/sap/ZINFI_PLT_API_SRV/InfiMouldMstSet('C9R20JWJUH316HM11')"", 'type': 'ZINFI_PLT_API_SRV.InfiMouldMst'}",C9R20JWJUH316HM11,9.00 R 20 JW JUH3 TT_HM11*,1900,Chennai Tyre Plant,,,,ACTIVE,,
"{'id': ""https://s4api.sap.jktyre.in:44305/sap/opu/odata/sap/ZINFI_PLT_API_SRV/InfiMouldMstSet('C9R20JWJUH316HM12')"", 'uri': ""https://s4api.sap.jktyre.in:44305/sap/opu/odata/sap/ZINFI_PLT_API_SRV/InfiMouldMstSet('C9R20JWJUH316HM12')"", 'type': 'ZINFI_PLT_API_SRV.InfiMouldMst'}",C9R20JWJUH316HM12,9.00 R 20 JW JUH3 TT_HM12,1900,Chennai Tyre Plant,,,,ACTIVE,,
"{'id': ""https://s4api.sap.jktyre.in:44305/sap/opu/odata/sap/ZINFI_PLT_API_SRV/InfiMouldMstSet('C9R20JWJUH316HM13')"", 'uri': ""https://s4api.sap.jktyre.in:44305/sap/opu/odata/sap/ZINFI_PLT_API_SRV/InfiMouldMstSet('C9R20JWJUH316HM13')"", 'type': 'ZINFI_PLT_API_SRV.InfiMouldMst'}",C9R20JWJUH316HM13,9.00 R 20 JW JUH3 _HM-13,1900,Chennai Tyre Plant,,,,ACTIVE,,
"{'id': ""https://s4api.sap.jktyre.in:44305/sap/opu/odata/sap/ZINFI_PLT_API_SRV/InfiMouldMstSet('C9R20JWJUH316HM14')"", 'uri': ""https://s4api.sap.jktyre.in:44305/sap/opu/odata/sap/ZINFI_PLT_API_SRV/InfiMouldMstSet('C9R20JWJUH316HM14')"", 'type': 'ZINFI_PLT_API_SRV.InfiMouldMst'}",C9R20JWJUH316HM14,9.00 R 20 JW JUH3 TT_HM14,1900,Chennai Tyre Plant,,,,ACTIVE,,
"{'id': ""https://s4api.sap.jktyre.in:44305/sap/opu/odata/sap/ZINFI_PLT_API_SRV/InfiMouldMstSet('C9R20JWJUH316HM15')"", 'uri': ""https://s4api.sap.jktyre.in:44305/sap/opu/odata/sap/ZINFI_PLT_API_SRV/InfiMouldMstSet('C9R20JWJUH316HM15')"", 'type': 'ZINFI_PLT_API_SRV.InfiMouldMst'}",C9R20JWJUH316HM15,9.00 R 20 JW JUH3 TT_HM15,1900,Chennai Tyre Plant,,,,ACTIVE,,
"{'id': ""https://s4api.sap.jktyre.in:44305/sap/opu/odata/sap/ZINFI_PLT_API_SRV/InfiMouldMstSet('C9R20JWJUH316HM16')"", 'uri': ""https://s4api.sap.jktyre.in:44305/sap/opu/odata/sap/ZINFI_PLT_API_SRV/InfiMouldMstSet('C9R20JWJUH316HM16')"", 'type': 'ZINFI_PLT_API_SRV.InfiMouldMst'}",C9R20JWJUH316HM16,9.00 R 20 VIKRANT VUH3_HM16,1900,Chennai Tyre Plant,,,,ACTIVE,,
"{'id': ""https://s4api.sap.jktyre.in:44305/sap/opu/odata/sap/ZINFI_PLT_API_SRV/InfiMouldMstSet('C9R20JWJUH316HM17')"", 'uri': ""https://s4api.sap.jktyre.in:44305/sap/opu/odata/sap/ZINFI_PLT_API_SRV/InfiMouldMstSet('C9R20JWJUH316HM17')"", 'type': 'ZINFI_PLT_API_SRV.InfiMouldMst'}",C9R20JWJUH316HM17,9.00 R 20 VIKRANT VUH3_HM17,1900,Chennai Tyre Plant,,,,ACTIVE,,
"{'id': ""https://s4api.sap.jktyre.in:44305/sap/opu/odata/sap/ZINFI_PLT_API_SRV/InfiMouldMstSet('C9R20JWJUH316MK02')"", 'uri': ""https://s4api.sap.jktyre.in:44305/sap/opu/odata/sap/ZINFI_PLT_API_SRV/InfiMouldMstSet('C9R20JWJUH316MK02')"", 'type': 'ZINFI_PLT_API_SRV.InfiMouldMst'}",C9R20JWJUH316MK02, 9.00 R 20 JW JUH3 TT_MK02,1900,Chennai Tyre Plant,,,,ACTIVE,,
"{'id': ""https://s4api.sap.jktyre.in:44305/sap/opu/odata/sap/ZINFI_PLT_API_SRV/InfiMouldMstSet('C9R20JWJUH516HM01')"", 'uri': ""https://s4api.sap.jktyre.in:44305/sap/opu/odata/sap/ZINFI_PLT_API_SRV/InfiMouldMstSet('C9R20JWJUH516HM01')"", 'type': 'ZINFI_PLT_API_SRV.InfiMouldMst'}",C9R20JWJUH516HM01,9.00 R 20 JW JUH5 16PR TT _ HM01,1900,Chennai Tyre Plant,,,,ACTIVE,,
"{'id': ""https://s4api.sap.jktyre.in:44305/sap/opu/odata/sap/ZINFI_PLT_API_SRV/InfiMouldMstSet('C9R20JWJUH516HM02')"", 'uri': ""https://s4api.sap.jktyre.in:44305/sap/opu/odata/sap/ZINFI_PLT_API_SRV/InfiMouldMstSet('C9R20JWJUH516HM02')"", 'type': 'ZINFI_PLT_API_SRV.InfiMouldMst'}",C9R20JWJUH516HM02,9.00 R 20 JW JUH5 16PR TT_HM02,1900,Chennai Tyre Plant,,,,ACTIVE,,
"{'id': ""https://s4api.sap.jktyre.in:44305/sap/opu/odata/sap/ZINFI_PLT_API_SRV/InfiMouldMstSet('C9R20JWJUH7TTGC01')"", 'uri': ""https://s4api.sap.jktyre.in:44305/sap/opu/odata/sap/ZINFI_PLT_API_SRV/InfiMouldMstSet('C9R20JWJUH7TTGC01')"", 'type': 'ZINFI_PLT_API_SRV.InfiMouldMst'}",C9R20JWJUH7TTGC01,9.00 R 20 JW JUR TT_GC01,1900,Chennai Tyre Plant,,,,ACTIVE,,
"{'id': ""https://s4api.sap.jktyre.in:44305/sap/opu/odata/sap/ZINFI_PLT_API_SRV/InfiMouldMstSet('R0000010R20CUXHM01')"", 'uri': ""https://s4api.sap.jktyre.in:44305/sap/opu/odata/sap/ZINFI_PLT_API_SRV/InfiMouldMstSet('R0000010R20CUXHM01')"", 'type': 'ZINFI_PLT_API_SRV.InfiMouldMst'}",R0000010R20CUXHM01,10.00 R 20 CUX 16PR TT-HM01,1900,Chennai Tyre Plant,,,,ACTIVE,,
"{'id': ""https://s4api.sap.jktyre.in:44305/sap/opu/odata/sap/ZINFI_PLT_API_SRV/InfiMouldMstSet('R0000010R20CUXHM02')"", 'uri': ""https://s4api.sap.jktyre.in:44305/sap/opu/odata/sap/ZINFI_PLT_API_SRV/InfiMouldMstSet('R0000010R20CUXHM02')"", 'type': 'ZINFI_PLT_API_SRV.InfiMouldMst'}",R0000010R20CUXHM02,10.00R20 CUX 16PR TT-HM02,1900,Chennai Tyre Plant,,,,ACTIVE,,
"{'id': ""https://s4api.sap.jktyre.in:44305/sap/opu/odata/sap/ZINFI_PLT_API_SRV/InfiMouldMstSet('R0000010R20CUXYE01')"", 'uri': ""https://s4api.sap.jktyre.in:44305/sap/opu/odata/sap/ZINFI_PLT_API_SRV/InfiMouldMstSet('R0000010R20CUXYE01')"", 'type': 'ZINFI_PLT_API_SRV.InfiMouldMst'}",R0000010R20CUXYE01,10.00R20 CHALLENGER CUX_ YE-01,1900,Chennai Tyre Plant,,,,ACTIVE,,
"{'id': ""https://s4api.sap.jktyre.in:44305/sap/opu/odata/sap/ZINFI_PLT_API_SRV/InfiMouldMstSet('R0000010R20CUXYE02')"", 'uri': ""https://s4api.sap.jktyre.in:44305/sap/opu/odata/sap/ZINFI_PLT_API_SRV/InfiMouldMstSet('R0000010R20CUXYE02')"", 'type': 'ZINFI_PLT_API_SRV.InfiMouldMst'}",R0000010R20CUXYE02,10.00R20 CHALLENGER CUX_ YE-02,1900,Chennai Tyre Plant,,,,ACTIVE,,
"{'id': ""https://s4api.sap.jktyre.in:44305/sap/opu/odata/sap/ZINFI_PLT_API_SRV/InfiMouldMstSet('R0000010R20JDEGC04')"", 'uri': ""https://s4api.sap.jktyre.in:44305/sap/opu/odata/sap/ZINFI_PLT_API_SRV/InfiMouldMstSet('R0000010R20JDEGC04')"", 'type': 'ZINFI_PLT_API_SRV.InfiMouldMst'}",R0000010R20JDEGC04,10.00 R 20 JS JDE++ 18 PR TT _ GC04,1900,Chennai Tyre Plant,,,,ACTIVE,,
"{'id': ""https://s4api.sap.jktyre.in:44305/sap/opu/odata/sap/ZINFI_PLT_API_SRV/InfiMouldMstSet('R0000010R20JDEGR06')"", 'uri': ""https://s4api.sap.jktyre.in:44305/sap/opu/odata/sap/ZINFI_PLT_API_SRV/InfiMouldMstSet('R0000010R20JDEGR06')"", 'type': 'ZINFI_PLT_API_SRV.InfiMouldMst'}",R0000010R20JDEGR06,10.00 R 20 JETSTEEL JDE++ 16PR TT,1900,Chennai Tyre Plant,,,,ACTIVE,,
"{'id': ""https://s4api.sap.jktyre.in:44305/sap/opu/odata/sap/ZINFI_PLT_API_SRV/InfiMouldMstSet('R0000010R20JDEGR10')"", 'uri': ""https://s4api.sap.jktyre.in:44305/sap/opu/odata/sap/ZINFI_PLT_API_SRV/InfiMouldMstSet('R0000010R20JDEGR10')"", 'type': 'ZINFI_PLT_API_SRV.InfiMouldMst'}",R0000010R20JDEGR10,10.00 R 20 JS JDE++ 16PR TT GR10,1900,Chennai Tyre Plant,,,,ACTIVE,,
"{'id': ""https://s4api.sap.jktyre.in:44305/sap/opu/odata/sap/ZINFI_PLT_API_SRV/InfiMouldMstSet('R0000010R20JDEGR11')"", 'uri': ""https://s4api.sap.jktyre.in:44305/sap/opu/odata/sap/ZINFI_PLT_API_SRV/InfiMouldMstSet('R0000010R20JDEGR11')"", 'type': 'ZINFI_PLT_API_SRV.InfiMouldMst'}",R0000010R20JDEGR11,295/90R20 JS JDE++_GR11*,1900,Chennai Tyre Plant,,,,ACTIVE,,
"{'id': ""https://s4api.sap.jktyre.in:44305/sap/opu/odata/sap/ZINFI_PLT_API_SRV/InfiMouldMstSet('R0000010R20JDEGR15')"", 'uri': ""https://s4api.sap.jktyre.in:44305/sap/opu/odata/sap/ZINFI_PLT_API_SRV/InfiMouldMstSet('R0000010R20JDEGR15')"", 'type': 'ZINFI_PLT_API_SRV.InfiMouldMst'}",R0000010R20JDEGR15,10.00 R 20 JETSTEEL JDE++ 16PR TT,1900,Chennai Tyre Plant,,,,ACTIVE,,
"{'id': ""https://s4api.sap.jktyre.in:44305/sap/opu/odata/sap/ZINFI_PLT_API_SRV/InfiMouldMstSet('R0000010R20JDEGR20')"", 'uri': ""https://s4api.sap.jktyre.in:44305/sap/opu/odata/sap/ZINFI_PLT_API_SRV/InfiMouldMstSet('R0000010R20JDEGR20')"", 'type': 'ZINFI_PLT_API_SRV.InfiMouldMst'}",R0000010R20JDEGR20,10.00R20 VIKRANT VDE++_GR20,1900,Chennai Tyre Plant,,,,ACTIVE,,
"{'id': ""https://s4api.sap.jktyre.in:44305/sap/opu/odata/sap/ZINFI_PLT_API_SRV/InfiMouldMstSet('R0000010R20JDEGR22')"", 'uri': ""https://s4api.sap.jktyre.in:44305/sap/opu/odata/sap/ZINFI_PLT_API_SRV/InfiMouldMstSet('R0000010R20JDEGR22')"", 'type': 'ZINFI_PLT_API_SRV.InfiMouldMst'}",R0000010R20JDEGR22,295/90R20 JS JDE++ TT_GR22,1900,Chennai Tyre Plant,,,,ACTIVE,,
"{'id': ""https://s4api.sap.jktyre.in:44305/sap/opu/odata/sap/ZINFI_PLT_API_SRV/InfiMouldMstSet('R0000010R20JDEHM05')"", 'uri': ""https://s4api.sap.jktyre.in:44305/sap/opu/odata/sap/ZINFI_PLT_API_SRV/InfiMouldMstSet('R0000010R20JDEHM05')"", 'type': 'ZINFI_PLT_API_SRV.InfiMouldMst'}",R0000010R20JDEHM05,10.00 R 20 JETSTEEL JDE++ 16PR TT HM05,1900,Chennai Tyre Plant,,,,ACTIVE,,
"{'id': ""https://s4api.sap.jktyre.in:44305/sap/opu/odata/sap/ZINFI_PLT_API_SRV/InfiMouldMstSet('R0000010R20JDEHM13')"", 'uri': ""https://s4api.sap.jktyre.in:44305/sap/opu/odata/sap/ZINFI_PLT_API_SRV/InfiMouldMstSet('R0000010R20JDEHM13')"", 'type': 'ZINFI_PLT_API_SRV.InfiMouldMst'}",R0000010R20JDEHM13,10.00 R 20 JS JDE ++ 16PR TT_HM13,1900,Chennai Tyre Plant,,,,ACTIVE,,
"{'id': ""https://s4api.sap.jktyre.in:44305/sap/opu/odata/sap/ZINFI_PLT_API_SRV/InfiMouldMstSet('R0000010R20JDEHM51')"", 'uri': ""https://s4api.sap.jktyre.in:44305/sap/opu/odata/sap/ZINFI_PLT_API_SRV/InfiMouldMstSet('R0000010R20JDEHM51')"", 'type': 'ZINFI_PLT_API_SRV.InfiMouldMst'}",R0000010R20JDEHM51,10.00 R 20 JS JDE++ 16PR TT HM51,1900,Chennai Tyre Plant,,,,ACTIVE,,
"{'id': ""https://s4api.sap.jktyre.in:44305/sap/opu/odata/sap/ZINFI_PLT_API_SRV/InfiMouldMstSet('R0000010R20JDEHM54')"", 'uri': ""https://s4api.sap.jktyre.in:44305/sap/opu/odata/sap/ZINFI_PLT_API_SRV/InfiMouldMstSet('R0000010R20JDEHM54')"", 'type': 'ZINFI_PLT_API_SRV.InfiMouldMst'}",R0000010R20JDEHM54,10.00 R 20 JS JDE ++16PR TT_HM54,1900,Chennai Tyre Plant,,,,ACTIVE,,
"{'id': ""https://s4api.sap.jktyre.in:44305/sap/opu/odata/sap/ZINFI_PLT_API_SRV/InfiMouldMstSet('R0000010R20JDEHM59')"", 'uri': ""https://s4api.sap.jktyre.in:44305/sap/opu/odata/sap/ZINFI_PLT_API_SRV/InfiMouldMstSet('R0000010R20JDEHM59')"", 'type': 'ZINFI_PLT_API_SRV.InfiMouldMst'}",R0000010R20JDEHM59,10.00 R 20 JS JDE++ 16PR TT _ HM59,1900,Chennai Tyre Plant,,,,ACTIVE,,
"{'id': ""https://s4api.sap.jktyre.in:44305/sap/opu/odata/sap/ZINFI_PLT_API_SRV/InfiMouldMstSet('R0000010R20JDEHM74')"", 'uri': ""https://s4api.sap.jktyre.in:44305/sap/opu/odata/sap/ZINFI_PLT_API_SRV/InfiMouldMstSet('R0000010R20JDEHM74')"", 'type': 'ZINFI_PLT_API_SRV.InfiMouldMst'}",R0000010R20JDEHM74,295/90R20 JS JDE++_HM74,1900,Chennai Tyre Plant,,,,ACTIVE,,
"{'id': ""https://s4api.sap.jktyre.in:44305/sap/opu/odata/sap/ZINFI_PLT_API_SRV/InfiMouldMstSet('R0000010R20JDEHM75')"", 'uri': ""https://s4api.sap.jktyre.in:44305/sap/opu/odata/sap/ZINFI_PLT_API_SRV/InfiMouldMstSet('R0000010R20JDEHM75')"", 'type': 'ZINFI_PLT_API_SRV.InfiMouldMst'}",R0000010R20JDEHM75,10.00 R20 JETSTEEL JDE++ 16PRTT HM75,1900,Chennai Tyre Plant,,,,ACTIVE,,
"{'id': ""https://s4api.sap.jktyre.in:44305/sap/opu/odata/sap/ZINFI_PLT_API_SRV/InfiMouldMstSet('R0000010R20JDEHM83')"", 'uri': ""https://s4api.sap.jktyre.in:44305/sap/opu/odata/sap/ZINFI_PLT_API_SRV/InfiMouldMstSet('R0000010R20JDEHM83')"", 'type': 'ZINFI_PLT_API_SRV.InfiMouldMst'}",R0000010R20JDEHM83,295/90R20 JS JDE++_HM83,1900,Chennai Tyre Plant,,,,ACTIVE,,
"{'id': ""https://s4api.sap.jktyre.in:44305/sap/opu/odata/sap/ZINFI_PLT_API_SRV/InfiMouldMstSet('R0000010R20JDELX04')"", 'uri': ""https://s4api.sap.jktyre.in:44305/sap/opu/odata/sap/ZINFI_PLT_API_SRV/InfiMouldMstSet('R0000010R20JDELX04')"", 'type': 'ZINFI_PLT_API_SRV.InfiMouldMst'}",R0000010R20JDELX04,10.00 R 20 JS JDE++ 16PR TT-LX04,1900,Chennai Tyre Plant,,,,ACTIVE,,
"{'id': ""https://s4api.sap.jktyre.in:44305/sap/opu/odata/sap/ZINFI_PLT_API_SRV/InfiMouldMstSet('R0000010R20JDELX2')"", 'uri': ""https://s4api.sap.jktyre.in:44305/sap/opu/odata/sap/ZINFI_PLT_API_SRV/InfiMouldMstSet('R0000010R20JDELX2')"", 'type': 'ZINFI_PLT_API_SRV.InfiMouldMst'}",R0000010R20JDELX2,10.00 R 20 JETSTEEL JDE++ 16PR TT,1900,Chennai Tyre Plant,,,,ACTIVE,,
"{'id': ""https://s4api.sap.jktyre.in:44305/sap/opu/odata/sap/ZINFI_PLT_API_SRV/InfiMouldMstSet('R0000010R20JDEMC01')"", 'uri': ""https://s4api.sap.jktyre.in:44305/sap/opu/odata/sap/ZINFI_PLT_API_SRV/InfiMouldMstSet('R0000010R20JDEMC01')"", 'type': 'ZINFI_PLT_API_SRV.InfiMouldMst'}",R0000010R20JDEMC01,10.00 R 20 JETSTEEL JDE ++   16PR TT,1900,Chennai Tyre Plant,,,,ACTIVE,,
"{'id': ""https://s4api.sap.jktyre.in:44305/sap/opu/odata/sap/ZINFI_PLT_API_SRV/InfiMouldMstSet('R0000010R20JUCME01')"", 'uri': ""https://s4api.sap.jktyre.in:44305/sap/opu/odata/sap/ZINFI_PLT_API_SRV/InfiMouldMstSet('R0000010R20JUCME01')"", 'type': 'ZINFI_PLT_API_SRV.InfiMouldMst'}",R0000010R20JUCME01,10.00 R 20 JETWAY JUC (M+S) 16PR TT,1900,Chennai Tyre Plant,,,,ACTIVE,,
"{'id': ""https://s4api.sap.jktyre.in:44305/sap/opu/odata/sap/ZINFI_PLT_API_SRV/InfiMouldMstSet('R0000010R20JUCME02')"", 'uri': ""https://s4api.sap.jktyre.in:44305/sap/opu/odata/sap/ZINFI_PLT_API_SRV/InfiMouldMstSet('R0000010R20JUCME02')"", 'type': 'ZINFI_PLT_API_SRV.InfiMouldMst'}",R0000010R20JUCME02,10.00 R 20 JETWAY JUC (M+S) 16PR TT,1900,Chennai Tyre Plant,,,,ACTIVE,,
"{'id': ""https://s4api.sap.jktyre.in:44305/sap/opu/odata/sap/ZINFI_PLT_API_SRV/InfiMouldMstSet('R0000011R20JDEGC03')"", 'uri': ""https://s4api.sap.jktyre.in:44305/sap/opu/odata/sap/ZINFI_PLT_API_SRV/InfiMouldMstSet('R0000011R20JDEGC03')"", 'type': 'ZINFI_PLT_API_SRV.InfiMouldMst'}",R0000011R20JDEGC03,11.00 R 20 JS JDE ++_GC03,1900,Chennai Tyre Plant,,,,ACTIVE,,
"{'id': ""https://s4api.sap.jktyre.in:44305/sap/opu/odata/sap/ZINFI_PLT_API_SRV/InfiMouldMstSet('R0000011R20JDEGC06')"", 'uri': ""https://s4api.sap.jktyre.in:44305/sap/opu/odata/sap/ZINFI_PLT_API_SRV/InfiMouldMstSet('R0000011R20JDEGC06')"", 'type': 'ZINFI_PLT_API_SRV.InfiMouldMst'}",R0000011R20JDEGC06,11.00 R 20 JS JDE ++_GC06,1900,Chennai Tyre Plant,,,,ACTIVE,,
"{'id': ""https://s4api.sap.jktyre.in:44305/sap/opu/odata/sap/ZINFI_PLT_API_SRV/InfiMouldMstSet('R0000011R20JDEGC07')"", 'uri': ""https://s4api.sap.jktyre.in:44305/sap/opu/odata/sap/ZINFI_PLT_API_SRV/InfiMouldMstSet('R0000011R20JDEGC07')"", 'type': 'ZINFI_PLT_API_SRV.InfiMouldMst'}",R0000011R20JDEGC07,11.00R20 JS JDE++_GC07,1900,Chennai Tyre Plant,,,,ACTIVE,,
"{'id': ""https://s4api.sap.jktyre.in:44305/sap/opu/odata/sap/ZINFI_PLT_API_SRV/InfiMouldMstSet('R0000011R20JDEGC08')"", 'uri': ""https://s4api.sap.jktyre.in:44305/sap/opu/odata/sap/ZINFI_PLT_API_SRV/InfiMouldMstSet('R0000011R20JDEGC08')"", 'type': 'ZINFI_PLT_API_SRV.InfiMouldMst'}",R0000011R20JDEGC08,11.00 R 20 JS JDE++ TT  _ GC08,1900,Chennai Tyre Plant,,,,ACTIVE,,
"{'id': ""https://s4api.sap.jktyre.in:44305/sap/opu/odata/sap/ZINFI_PLT_API_SRV/InfiMouldMstSet('R0000011R20JDEGC09')"", 'uri': ""https://s4api.sap.jktyre.in:44305/sap/opu/odata/sap/ZINFI_PLT_API_SRV/InfiMouldMstSet('R0000011R20JDEGC09')"", 'type': 'ZINFI_PLT_API_SRV.InfiMouldMst'}",R0000011R20JDEGC09,11.00 R 20 JS JDE ++_GC09,1900,Chennai Tyre Plant,,,,ACTIVE,,
"{'id': ""https://s4api.sap.jktyre.in:44305/sap/opu/odata/sap/ZINFI_PLT_API_SRV/InfiMouldMstSet('R0000011R20JDEGC10')"", 'uri': ""https://s4api.sap.jktyre.in:44305/sap/opu/odata/sap/ZINFI_PLT_API_SRV/InfiMouldMstSet('R0000011R20JDEGC10')"", 'type': 'ZINFI_PLT_API_SRV.InfiMouldMst'}",R0000011R20JDEGC10,11.00 R 20 JS JDE++ TT  _ GC10,1900,Chennai Tyre Plant,,,,ACTIVE,,
"{'id': ""https://s4api.sap.jktyre.in:44305/sap/opu/odata/sap/ZINFI_PLT_API_SRV/InfiMouldMstSet('R0000011R20JDHGC04')"", 'uri': ""https://s4api.sap.jktyre.in:44305/sap/opu/odata/sap/ZINFI_PLT_API_SRV/InfiMouldMstSet('R0000011R20JDHGC04')"", 'type': 'ZINFI_PLT_API_SRV.InfiMouldMst'}",R0000011R20JDHGC04,11.00 R 20 JS JDH 16PR TT_GC04*,1900,Chennai Tyre Plant,,,,ACTIVE,,
"{'id': ""https://s4api.sap.jktyre.in:44305/sap/opu/odata/sap/ZINFI_PLT_API_SRV/InfiMouldMstSet('R0000011R20JDHGC05')"", 'uri': ""https://s4api.sap.jktyre.in:44305/sap/opu/odata/sap/ZINFI_PLT_API_SRV/InfiMouldMstSet('R0000011R20JDHGC05')"", 'type': 'ZINFI_PLT_API_SRV.InfiMouldMst'}",R0000011R20JDHGC05,11.00 R 20 JS JDH 16PR TT_GC05*,1900,Chennai Tyre Plant,,,,ACTIVE,,
"{'id': ""https://s4api.sap.jktyre.in:44305/sap/opu/odata/sap/ZINFI_PLT_API_SRV/InfiMouldMstSet('R0000011R20JDHGC06')"", 'uri': ""https://s4api.sap.jktyre.in:44305/sap/opu/odata/sap/ZINFI_PLT_API_SRV/InfiMouldMstSet('R0000011R20JDHGC06')"", 'type': 'ZINFI_PLT_API_SRV.InfiMouldMst'}",R0000011R20JDHGC06,11.00 R 20 JETSTEEL JDH 16PR TT GC06*,1900,Chennai Tyre Plant,,,,ACTIVE,,
"{'id': ""https://s4api.sap.jktyre.in:44305/sap/opu/odata/sap/ZINFI_PLT_API_SRV/InfiMouldMstSet('R0000011R225JDHH01')"", 'uri': ""https://s4api.sap.jktyre.in:44305/sap/opu/odata/sap/ZINFI_PLT_API_SRV/InfiMouldMstSet('R0000011R225JDHH01')"", 'type': 'ZINFI_PLT_API_SRV.InfiMouldMst'}",R0000011R225JDHH01,11 R 22.5 JETSTEEL JDH 16PR TL - H-01,1900,Chennai Tyre Plant,,,,ACTIVE,,
"{'id': ""https://s4api.sap.jktyre.in:44305/sap/opu/odata/sap/ZINFI_PLT_API_SRV/InfiMouldMstSet('R0000011R225JDHH02')"", 'uri': ""https://s4api.sap.jktyre.in:44305/sap/opu/odata/sap/ZINFI_PLT_API_SRV/InfiMouldMstSet('R0000011R225JDHH02')"", 'type': 'ZINFI_PLT_API_SRV.InfiMouldMst'}",R0000011R225JDHH02,11 R 22.5 JETSTEEL JDH 16PR TL - H-02,1900,Chennai Tyre Plant,,,,ACTIVE,,
"{'id': ""https://s4api.sap.jktyre.in:44305/sap/opu/odata/sap/ZINFI_PLT_API_SRV/InfiMouldMstSet('R000011R20JDC3HM03')"", 'uri': ""https://s4api.sap.jktyre.in:44305/sap/opu/odata/sap/ZINFI_PLT_API_SRV/InfiMouldMstSet('R000011R20JDC3HM03')"", 'type': 'ZINFI_PLT_API_SRV.InfiMouldMst'}",R000011R20JDC3HM03,11.00 R 20 JETSTEEL JDC3 16PR TT_12SEG,1900,Chennai Tyre Plant,,,,ACTIVE,,
"{'id': ""https://s4api.sap.jktyre.in:44305/sap/opu/odata/sap/ZINFI_PLT_API_SRV/InfiMouldMstSet('R000011R20JDC3HM04')"", 'uri': ""https://s4api.sap.jktyre.in:44305/sap/opu/odata/sap/ZINFI_PLT_API_SRV/InfiMouldMstSet('R000011R20JDC3HM04')"", 'type': 'ZINFI_PLT_API_SRV.InfiMouldMst'}",R000011R20JDC3HM04,11.00 R 20 JETSTEEL JDC3 16PR TT_12SEG,1900,Chennai Tyre Plant,,,,ACTIVE,,
"{'id': ""https://s4api.sap.jktyre.in:44305/sap/opu/odata/sap/ZINFI_PLT_API_SRV/InfiMouldMstSet('R000011R20JUC3GC01')"", 'uri': ""https://s4api.sap.jktyre.in:44305/sap/opu/odata/sap/ZINFI_PLT_API_SRV/InfiMouldMstSet('R000011R20JUC3GC01')"", 'type': 'ZINFI_PLT_API_SRV.InfiMouldMst'}",R000011R20JUC3GC01,11.00 R 20 JETWAY JUC3 16PR TT_GC-01,1900,Chennai Tyre Plant,,,,ACTIVE,,
"{'id': ""https://s4api.sap.jktyre.in:44305/sap/opu/odata/sap/ZINFI_PLT_API_SRV/InfiMouldMstSet('R000011R20JUC3HM09')"", 'uri': ""https://s4api.sap.jktyre.in:44305/sap/opu/odata/sap/ZINFI_PLT_API_SRV/InfiMouldMstSet('R000011R20JUC3HM09')"", 'type': 'ZINFI_PLT_API_SRV.InfiMouldMst'}",R000011R20JUC3HM09,11.00 R 20 JW JUC3 16PR TT_HM-09,1900,Chennai Tyre Plant,,,,ACTIVE,,
"{'id': ""https://s4api.sap.jktyre.in:44305/sap/opu/odata/sap/ZINFI_PLT_API_SRV/InfiMouldMstSet('R000011R20JUC3HM10')"", 'uri': ""https://s4api.sap.jktyre.in:44305/sap/opu/odata/sap/ZINFI_PLT_API_SRV/InfiMouldMstSet('R000011R20JUC3HM10')"", 'type': 'ZINFI_PLT_API_SRV.InfiMouldMst'}",R000011R20JUC3HM10,11.00 R 20 JW JUC3 16PR TT_HM-10,1900,Chennai Tyre Plant,,,,ACTIVE,,
"{'id': ""https://s4api.sap.jktyre.in:44305/sap/opu/odata/sap/ZINFI_PLT_API_SRV/InfiMouldMstSet('R000011R20JUC3HM11')"", 'uri': ""https://s4api.sap.jktyre.in:44305/sap/opu/odata/sap/ZINFI_PLT_API_SRV/InfiMouldMstSet('R000011R20JUC3HM11')"", 'type': 'ZINFI_PLT_API_SRV.InfiMouldMst'}",R000011R20JUC3HM11,11.00R20 JW JUC3 16PR TT_HM-11,1900,Chennai Tyre Plant,,,,ACTIVE,,
"{'id': ""https://s4api.sap.jktyre.in:44305/sap/opu/odata/sap/ZINFI_PLT_API_SRV/InfiMouldMstSet('R000011R20JUC3HM12')"", 'uri': ""https://s4api.sap.jktyre.in:44305/sap/opu/odata/sap/ZINFI_PLT_API_SRV/InfiMouldMstSet('R000011R20JUC3HM12')"", 'type': 'ZINFI_PLT_API_SRV.InfiMouldMst'}",R000011R20JUC3HM12,11.00R20 JW JUC3 16PR TT_HM-12,1900,Chennai Tyre Plant,,,,ACTIVE,,
"{'id': ""https://s4api.sap.jktyre.in:44305/sap/opu/odata/sap/ZINFI_PLT_API_SRV/InfiMouldMstSet('R000011R20JUC3HM13')"", 'uri': ""https://s4api.sap.jktyre.in:44305/sap/opu/odata/sap/ZINFI_PLT_API_SRV/InfiMouldMstSet('R000011R20JUC3HM13')"", 'type': 'ZINFI_PLT_API_SRV.InfiMouldMst'}",R000011R20JUC3HM13,11.00R20 JW JUC3 16PR TT_HM-13,1900,Chennai Tyre Plant,,,,ACTIVE,,
"{'id': ""https://s4api.sap.jktyre.in:44305/sap/opu/odata/sap/ZINFI_PLT_API_SRV/InfiMouldMstSet('R000011R20JUC3HM14')"", 'uri': ""https://s4api.sap.jktyre.in:44305/sap/opu/odata/sap/ZINFI_PLT_API_SRV/InfiMouldMstSet('R000011R20JUC3HM14')"", 'type': 'ZINFI_PLT_API_SRV.InfiMouldMst'}",R000011R20JUC3HM14,11.00R20 JW JUC3 16PR TT_HM-14,1900,Chennai Tyre Plant,,,,ACTIVE,,
"{'id': ""https://s4api.sap.jktyre.in:44305/sap/opu/odata/sap/ZINFI_PLT_API_SRV/InfiMouldMstSet('R000011R20JUH3GR01')"", 'uri': ""https://s4api.sap.jktyre.in:44305/sap/opu/odata/sap/ZINFI_PLT_API_SRV/InfiMouldMstSet('R000011R20JUH3GR01')"", 'type': 'ZINFI_PLT_API_SRV.InfiMouldMst'}",R000011R20JUH3GR01,11.00R20 VIKRANT VUH3_GR-01,1900,Chennai Tyre Plant,,,,ACTIVE,,
"{'id': ""https://s4api.sap.jktyre.in:44305/sap/opu/odata/sap/ZINFI_PLT_API_SRV/InfiMouldMstSet('R000011R20JUH3HM01')"", 'uri': ""https://s4api.sap.jktyre.in:44305/sap/opu/odata/sap/ZINFI_PLT_API_SRV/InfiMouldMstSet('R000011R20JUH3HM01')"", 'type': 'ZINFI_PLT_API_SRV.InfiMouldMst'}",R000011R20JUH3HM01,11.00 R 20 JETWAY JUH3 16PR TT  _ HM01,1900,Chennai Tyre Plant,,,,ACTIVE,,
"{'id': ""https://s4api.sap.jktyre.in:44305/sap/opu/odata/sap/ZINFI_PLT_API_SRV/InfiMouldMstSet('R000011R20JUH3HM02')"", 'uri': ""https://s4api.sap.jktyre.in:44305/sap/opu/odata/sap/ZINFI_PLT_API_SRV/InfiMouldMstSet('R000011R20JUH3HM02')"", 'type': 'ZINFI_PLT_API_SRV.InfiMouldMst'}",R000011R20JUH3HM02,11.00R20 JW JUH3 _HM02,1900,Chennai Tyre Plant,,,,ACTIVE,,
"{'id': ""https://s4api.sap.jktyre.in:44305/sap/opu/odata/sap/ZINFI_PLT_API_SRV/InfiMouldMstSet('R000011R20JUH5GC04')"", 'uri': ""https://s4api.sap.jktyre.in:44305/sap/opu/odata/sap/ZINFI_PLT_API_SRV/InfiMouldMstSet('R000011R20JUH5GC04')"", 'type': 'ZINFI_PLT_API_SRV.InfiMouldMst'}",R000011R20JUH5GC04,11.00 R 20 JW JUH5 16 PR TT _ GC04,1900,Chennai Tyre Plant,,,,ACTIVE,,
"{'id': ""https://s4api.sap.jktyre.in:44305/sap/opu/odata/sap/ZINFI_PLT_API_SRV/InfiMouldMstSet('R000011R225JDCGC01')"", 'uri': ""https://s4api.sap.jktyre.in:44305/sap/opu/odata/sap/ZINFI_PLT_API_SRV/InfiMouldMstSet('R000011R225JDCGC01')"", 'type': 'ZINFI_PLT_API_SRV.InfiMouldMst'}",R000011R225JDCGC01,11 R 22.5 JETSTEEL JDC 16PR TL_GC-01,1900,Chennai Tyre Plant,,,,ACTIVE,,
"{'id': ""https://s4api.sap.jktyre.in:44305/sap/opu/odata/sap/ZINFI_PLT_API_SRV/InfiMouldMstSet('R000011R225JDCGC02')"", 'uri': ""https://s4api.sap.jktyre.in:44305/sap/opu/odata/sap/ZINFI_PLT_API_SRV/InfiMouldMstSet('R000011R225JDCGC02')"", 'type': 'ZINFI_PLT_API_SRV.InfiMouldMst'}",R000011R225JDCGC02,11 R 22.5 JETSTEEL JDC 16PR TL _ GC-02,1900,Chennai Tyre Plant,,,,ACTIVE,,
"{'id': ""https://s4api.sap.jktyre.in:44305/sap/opu/odata/sap/ZINFI_PLT_API_SRV/InfiMouldMstSet('R000011R225JUCGC01')"", 'uri': ""https://s4api.sap.jktyre.in:44305/sap/opu/odata/sap/ZINFI_PLT_API_SRV/InfiMouldMstSet('R000011R225JUCGC01')"", 'type': 'ZINFI_PLT_API_SRV.InfiMouldMst'}",R000011R225JUCGC01,11 R 22.5 JW JUC 16 PR TL-GC01,1900,Chennai Tyre Plant,,,,ACTIVE,,
"{'id': ""https://s4api.sap.jktyre.in:44305/sap/opu/odata/sap/ZINFI_PLT_API_SRV/InfiMouldMstSet('R000011R225JUCGC02')"", 'uri': ""https://s4api.sap.jktyre.in:44305/sap/opu/odata/sap/ZINFI_PLT_API_SRV/InfiMouldMstSet('R000011R225JUCGC02')"", 'type': 'ZINFI_PLT_API_SRV.InfiMouldMst'}",R000011R225JUCGC02,11 R 22.5 JW JUC 16 PR TL-GC02,1900,Chennai Tyre Plant,,,,ACTIVE,,
"{'id': ""https://s4api.sap.jktyre.in:44305/sap/opu/odata/sap/ZINFI_PLT_API_SRV/InfiMouldMstSet('R000011R225JUCHM01')"", 'uri': ""https://s4api.sap.jktyre.in:44305/sap/opu/odata/sap/ZINFI_PLT_API_SRV/InfiMouldMstSet('R000011R225JUCHM01')"", 'type': 'ZINFI_PLT_API_SRV.InfiMouldMst'}",R000011R225JUCHM01,11 R 22.5 JW JUC 16 PR TL-HM01,1900,Chennai Tyre Plant,,,,ACTIVE,,
"{'id': ""https://s4api.sap.jktyre.in:44305/sap/opu/odata/sap/ZINFI_PLT_API_SRV/InfiMouldMstSet('R000011R225JUCHM02')"", 'uri': ""https://s4api.sap.jktyre.in:44305/sap/opu/odata/sap/ZINFI_PLT_API_SRV/InfiMouldMstSet('R000011R225JUCHM02')"", 'type': 'ZINFI_PLT_API_SRV.InfiMouldMst'}",R000011R225JUCHM02,11 R 22.5 JW JUC 16 PR TL-HM02,1900,Chennai Tyre Plant,,,,ACTIVE,,
"{'id': ""https://s4api.sap.jktyre.in:44305/sap/opu/odata/sap/ZINFI_PLT_API_SRV/InfiMouldMstSet('R000011R225JUXHM01')"", 'uri': ""https://s4api.sap.jktyre.in:44305/sap/opu/odata/sap/ZINFI_PLT_API_SRV/InfiMouldMstSet('R000011R225JUXHM01')"", 'type': 'ZINFI_PLT_API_SRV.InfiMouldMst'}",R000011R225JUXHM01,11.00 R 22.5 JETWAY JUX_HM01,1900,Chennai Tyre Plant,,,,ACTIVE,,
"{'id': ""https://s4api.sap.jktyre.in:44305/sap/opu/odata/sap/ZINFI_PLT_API_SRV/InfiMouldMstSet('R0000825R20JDEGC01')"", 'uri': ""https://s4api.sap.jktyre.in:44305/sap/opu/odata/sap/ZINFI_PLT_API_SRV/InfiMouldMstSet('R0000825R20JDEGC01')"", 'type': 'ZINFI_PLT_API_SRV.InfiMouldMst'}",R0000825R20JDEGC01,8.25 R 20 JETSTEEL JDE++  GC-01,1900,Chennai Tyre Plant,,,,ACTIVE,,
"{'id': ""https://s4api.sap.jktyre.in:44305/sap/opu/odata/sap/ZINFI_PLT_API_SRV/InfiMouldMstSet('R0000825R20JDEGC02')"", 'uri': ""https://s4api.sap.jktyre.in:44305/sap/opu/odata/sap/ZINFI_PLT_API_SRV/InfiMouldMstSet('R0000825R20JDEGC02')"", 'type': 'ZINFI_PLT_API_SRV.InfiMouldMst'}",R0000825R20JDEGC02,8.25 R 20 JETSTEEL  JDE++ _ GC02,1900,Chennai Tyre Plant,,,,ACTIVE,,
"{'id': ""https://s4api.sap.jktyre.in:44305/sap/opu/odata/sap/ZINFI_PLT_API_SRV/InfiMouldMstSet('R0000825R20JDEGC03')"", 'uri': ""https://s4api.sap.jktyre.in:44305/sap/opu/odata/sap/ZINFI_PLT_API_SRV/InfiMouldMstSet('R0000825R20JDEGC03')"", 'type': 'ZINFI_PLT_API_SRV.InfiMouldMst'}",R0000825R20JDEGC03,8.25 R 20 JETSTEEL JDE++ 14PR_12SEG,1900,Chennai Tyre Plant,,,,ACTIVE,,
"{'id': ""https://s4api.sap.jktyre.in:44305/sap/opu/odata/sap/ZINFI_PLT_API_SRV/InfiMouldMstSet('R0000825R20JDEGC04')"", 'uri': ""https://s4api.sap.jktyre.in:44305/sap/opu/odata/sap/ZINFI_PLT_API_SRV/InfiMouldMstSet('R0000825R20JDEGC04')"", 'type': 'ZINFI_PLT_API_SRV.InfiMouldMst'}",R0000825R20JDEGC04,8.25 R 20 JETSTEEL JDE++ GC-04,1900,Chennai Tyre Plant,,,,ACTIVE,,
"{'id': ""https://s4api.sap.jktyre.in:44305/sap/opu/odata/sap/ZINFI_PLT_API_SRV/InfiMouldMstSet('R0000825R20JDEGC05')"", 'uri': ""https://s4api.sap.jktyre.in:44305/sap/opu/odata/sap/ZINFI_PLT_API_SRV/InfiMouldMstSet('R0000825R20JDEGC05')"", 'type': 'ZINFI_PLT_API_SRV.InfiMouldMst'}",R0000825R20JDEGC05,8.25 R 20 JETSTEEL JDE++ 14PR_12SEG,1900,Chennai Tyre Plant,,,,ACTIVE,,
"{'id': ""https://s4api.sap.jktyre.in:44305/sap/opu/odata/sap/ZINFI_PLT_API_SRV/InfiMouldMstSet('R0000825R20JDEGC06')"", 'uri': ""https://s4api.sap.jktyre.in:44305/sap/opu/odata/sap/ZINFI_PLT_API_SRV/InfiMouldMstSet('R0000825R20JDEGC06')"", 'type': 'ZINFI_PLT_API_SRV.InfiMouldMst'}",R0000825R20JDEGC06,8.25 R 20 JETSTEEL JDE++ GC-06,1900,Chennai Tyre Plant,,,,ACTIVE,,
"{'id': ""https://s4api.sap.jktyre.in:44305/sap/opu/odata/sap/ZINFI_PLT_API_SRV/InfiMouldMstSet('R0000825R20JDEGC07')"", 'uri': ""https://s4api.sap.jktyre.in:44305/sap/opu/odata/sap/ZINFI_PLT_API_SRV/InfiMouldMstSet('R0000825R20JDEGC07')"", 'type': 'ZINFI_PLT_API_SRV.InfiMouldMst'}",R0000825R20JDEGC07,8.25 R 20 JETSTEEL JDE++ GC-07,1900,Chennai Tyre Plant,,,,ACTIVE,,
"{'id': ""https://s4api.sap.jktyre.in:44305/sap/opu/odata/sap/ZINFI_PLT_API_SRV/InfiMouldMstSet('R0000825R20JDEGC08')"", 'uri': ""https://s4api.sap.jktyre.in:44305/sap/opu/odata/sap/ZINFI_PLT_API_SRV/InfiMouldMstSet('R0000825R20JDEGC08')"", 'type': 'ZINFI_PLT_API_SRV.InfiMouldMst'}",R0000825R20JDEGC08,8.25 R 20 JETSTEEL JDE++ 14PR_12SEG,1900,Chennai Tyre Plant,,,,ACTIVE,,
"{'id': ""https://s4api.sap.jktyre.in:44305/sap/opu/odata/sap/ZINFI_PLT_API_SRV/InfiMouldMstSet('R0000825R20JDEGC09')"", 'uri': ""https://s4api.sap.jktyre.in:44305/sap/opu/odata/sap/ZINFI_PLT_API_SRV/InfiMouldMstSet('R0000825R20JDEGC09')"", 'type': 'ZINFI_PLT_API_SRV.InfiMouldMst'}",R0000825R20JDEGC09,8.25 R 20 JETSTEEL JDE++ 14PR_12SEG,1900,Chennai Tyre Plant,,,,ACTIVE,,
"{'id': ""https://s4api.sap.jktyre.in:44305/sap/opu/odata/sap/ZINFI_PLT_API_SRV/InfiMouldMstSet('R0000825R20JDEGC10')"", 'uri': ""https://s4api.sap.jktyre.in:44305/sap/opu/odata/sap/ZINFI_PLT_API_SRV/InfiMouldMstSet('R0000825R20JDEGC10')"", 'type': 'ZINFI_PLT_API_SRV.InfiMouldMst'}",R0000825R20JDEGC10,8.25 R 20 JETSTEEL JDE++ GC-10,1900,Chennai Tyre Plant,,,,ACTIVE,,
"{'id': ""https://s4api.sap.jktyre.in:44305/sap/opu/odata/sap/ZINFI_PLT_API_SRV/InfiMouldMstSet('R00011R20JDCXDGC04')"", 'uri': ""https://s4api.sap.jktyre.in:44305/sap/opu/odata/sap/ZINFI_PLT_API_SRV/InfiMouldMstSet('R00011R20JDCXDGC04')"", 'type': 'ZINFI_PLT_API_SRV.InfiMouldMst'}",R00011R20JDCXDGC04,11.00R20 JS JDC XD_GC04,1900,Chennai Tyre Plant,,,,ACTIVE,,
"{'id': ""https://s4api.sap.jktyre.in:44305/sap/opu/odata/sap/ZINFI_PLT_API_SRV/InfiMouldMstSet('R00011R20JDCXDGC06')"", 'uri': ""https://s4api.sap.jktyre.in:44305/sap/opu/odata/sap/ZINFI_PLT_API_SRV/InfiMouldMstSet('R00011R20JDCXDGC06')"", 'type': 'ZINFI_PLT_API_SRV.InfiMouldMst'}",R00011R20JDCXDGC06,11.00R20 JS JDC XD _GC06,1900,Chennai Tyre Plant,,,,ACTIVE,,
"{'id': ""https://s4api.sap.jktyre.in:44305/sap/opu/odata/sap/ZINFI_PLT_API_SRV/InfiMouldMstSet('R00011R20JDCXDGC07')"", 'uri': ""https://s4api.sap.jktyre.in:44305/sap/opu/odata/sap/ZINFI_PLT_API_SRV/InfiMouldMstSet('R00011R20JDCXDGC07')"", 'type': 'ZINFI_PLT_API_SRV.InfiMouldMst'}",R00011R20JDCXDGC07,11.00R20 JS JDC XD _GC-07,1900,Chennai Tyre Plant,,,,ACTIVE,,
"{'id': ""https://s4api.sap.jktyre.in:44305/sap/opu/odata/sap/ZINFI_PLT_API_SRV/InfiMouldMstSet('R00011R225JTH1GC01')"", 'uri': ""https://s4api.sap.jktyre.in:44305/sap/opu/odata/sap/ZINFI_PLT_API_SRV/InfiMouldMstSet('R00011R225JTH1GC01')"", 'type': 'ZINFI_PLT_API_SRV.InfiMouldMst'}",R00011R225JTH1GC01,11.00 R 22.5 JETWAY JTH1_ GC-01,1900,Chennai Tyre Plant,,,,ACTIVE,,
"{'id': ""https://s4api.sap.jktyre.in:44305/sap/opu/odata/sap/ZINFI_PLT_API_SRV/InfiMouldMstSet('R00011R225JUH5HM01')"", 'uri': ""https://s4api.sap.jktyre.in:44305/sap/opu/odata/sap/ZINFI_PLT_API_SRV/InfiMouldMstSet('R00011R225JUH5HM01')"", 'type': 'ZINFI_PLT_API_SRV.InfiMouldMst'}",R00011R225JUH5HM01,11 R 22.5 JVIKRANT VUH5_HM-01,1900,Chennai Tyre Plant,,,,ACTIVE,,
"{'id': ""https://s4api.sap.jktyre.in:44305/sap/opu/odata/sap/ZINFI_PLT_API_SRV/InfiMouldMstSet('R00011R225JUH5HM02')"", 'uri': ""https://s4api.sap.jktyre.in:44305/sap/opu/odata/sap/ZINFI_PLT_API_SRV/InfiMouldMstSet('R00011R225JUH5HM02')"", 'type': 'ZINFI_PLT_API_SRV.InfiMouldMst'}",R00011R225JUH5HM02,11 R 22.5 JVIKRANT VUH5_HM-02,1900,Chennai Tyre Plant,,,,ACTIVE,,
"{'id': ""https://s4api.sap.jktyre.in:44305/sap/opu/odata/sap/ZINFI_PLT_API_SRV/InfiMouldMstSet('R000825R20JDH3GC01')"", 'uri': ""https://s4api.sap.jktyre.in:44305/sap/opu/odata/sap/ZINFI_PLT_API_SRV/InfiMouldMstSet('R000825R20JDH3GC01')"", 'type': 'ZINFI_PLT_API_SRV.InfiMouldMst'}",R000825R20JDH3GC01,8.25 R 20 JS JDH3 TT_GC01,1900,Chennai Tyre Plant,,,,ACTIVE,,
"{'id': ""https://s4api.sap.jktyre.in:44305/sap/opu/odata/sap/ZINFI_PLT_API_SRV/InfiMouldMstSet('R000825R20JDH3GC02')"", 'uri': ""https://s4api.sap.jktyre.in:44305/sap/opu/odata/sap/ZINFI_PLT_API_SRV/InfiMouldMstSet('R000825R20JDH3GC02')"", 'type': 'ZINFI_PLT_API_SRV.InfiMouldMst'}",R000825R20JDH3GC02,8.25 R 20 JS JDH3 TT_GC02,1900,Chennai Tyre Plant,,,,ACTIVE,,
"{'id': ""https://s4api.sap.jktyre.in:44305/sap/opu/odata/sap/ZINFI_PLT_API_SRV/InfiMouldMstSet('R000825R20JDH3GC03')"", 'uri': ""https://s4api.sap.jktyre.in:44305/sap/opu/odata/sap/ZINFI_PLT_API_SRV/InfiMouldMstSet('R000825R20JDH3GC03')"", 'type': 'ZINFI_PLT_API_SRV.InfiMouldMst'}",R000825R20JDH3GC03,8.25 R 20 JETSTEEL JDH3_GC03,1900,Chennai Tyre Plant,,,,ACTIVE,,
"{'id': ""https://s4api.sap.jktyre.in:44305/sap/opu/odata/sap/ZINFI_PLT_API_SRV/InfiMouldMstSet('R000825R20JDH3GC04')"", 'uri': ""https://s4api.sap.jktyre.in:44305/sap/opu/odata/sap/ZINFI_PLT_API_SRV/InfiMouldMstSet('R000825R20JDH3GC04')"", 'type': 'ZINFI_PLT_API_SRV.InfiMouldMst'}",R000825R20JDH3GC04,8.25 R 20 JETSTEEL JDH3_GC04,1900,Chennai Tyre Plant,,,,ACTIVE,,
"{'id': ""https://s4api.sap.jktyre.in:44305/sap/opu/odata/sap/ZINFI_PLT_API_SRV/InfiMouldMstSet('R000825R20JDH3GR01')"", 'uri': ""https://s4api.sap.jktyre.in:44305/sap/opu/odata/sap/ZINFI_PLT_API_SRV/InfiMouldMstSet('R000825R20JDH3GR01')"", 'type': 'ZINFI_PLT_API_SRV.InfiMouldMst'}",R000825R20JDH3GR01,8.25 R 20 JETSTEEL JDH3 GR01,1900,Chennai Tyre Plant,,,,ACTIVE,,
"{'id': ""https://s4api.sap.jktyre.in:44305/sap/opu/odata/sap/ZINFI_PLT_API_SRV/InfiMouldMstSet('R000825R20JDH3GR02')"", 'uri': ""https://s4api.sap.jktyre.in:44305/sap/opu/odata/sap/ZINFI_PLT_API_SRV/InfiMouldMstSet('R000825R20JDH3GR02')"", 'type': 'ZINFI_PLT_API_SRV.InfiMouldMst'}",R000825R20JDH3GR02,8.25 R 20 JETSTEEL JDH3 GR02,1900,Chennai Tyre Plant,,,,ACTIVE,,
"{'id': ""https://s4api.sap.jktyre.in:44305/sap/opu/odata/sap/ZINFI_PLT_API_SRV/InfiMouldMstSet('R000825R20JDH3HM01')"", 'uri': ""https://s4api.sap.jktyre.in:44305/sap/opu/odata/sap/ZINFI_PLT_API_SRV/InfiMouldMstSet('R000825R20JDH3HM01')"", 'type': 'ZINFI_PLT_API_SRV.InfiMouldMst'}",R000825R20JDH3HM01,8.25 R 20 JETSTEEL JDH3 TT  HM-01,1900,Chennai Tyre Plant,,,,ACTIVE,,
"{'id': ""https://s4api.sap.jktyre.in:44305/sap/opu/odata/sap/ZINFI_PLT_API_SRV/InfiMouldMstSet('R000825R20JDH3HM02')"", 'uri': ""https://s4api.sap.jktyre.in:44305/sap/opu/odata/sap/ZINFI_PLT_API_SRV/InfiMouldMstSet('R000825R20JDH3HM02')"", 'type': 'ZINFI_PLT_API_SRV.InfiMouldMst'}",R000825R20JDH3HM02,8.25 R 20 JETSTEEL JDH3 TT  HM-02,1900,Chennai Tyre Plant,,,,ACTIVE,,
"{'id': ""https://s4api.sap.jktyre.in:44305/sap/opu/odata/sap/ZINFI_PLT_API_SRV/InfiMouldMstSet('R000825R20JDH3MC01')"", 'uri': ""https://s4api.sap.jktyre.in:44305/sap/opu/odata/sap/ZINFI_PLT_API_SRV/InfiMouldMstSet('R000825R20JDH3MC01')"", 'type': 'ZINFI_PLT_API_SRV.InfiMouldMst'}",R000825R20JDH3MC01,8.25 R 20 JETSTEEL JDH3_MC01,1900,Chennai Tyre Plant,,,,ACTIVE,,
"{'id': ""https://s4api.sap.jktyre.in:44305/sap/opu/odata/sap/ZINFI_PLT_API_SRV/InfiMouldMstSet('R000825R20JDH3MC02')"", 'uri': ""https://s4api.sap.jktyre.in:44305/sap/opu/odata/sap/ZINFI_PLT_API_SRV/InfiMouldMstSet('R000825R20JDH3MC02')"", 'type': 'ZINFI_PLT_API_SRV.InfiMouldMst'}",R000825R20JDH3MC02,8.25 R 20 JETSTEEL JDH3_MC02,1900,Chennai Tyre Plant,,,,ACTIVE,,
"{'id': ""https://s4api.sap.jktyre.in:44305/sap/opu/odata/sap/ZINFI_PLT_API_SRV/InfiMouldMstSet('R000825R20JUH3GC01')"", 'uri': ""https://s4api.sap.jktyre.in:44305/sap/opu/odata/sap/ZINFI_PLT_API_SRV/InfiMouldMstSet('R000825R20JUH3GC01')"", 'type': 'ZINFI_PLT_API_SRV.InfiMouldMst'}",R000825R20JUH3GC01,8.25 R 20 JW JUH3+ _GC01,1900,Chennai Tyre Plant,,,,ACTIVE,,
"{'id': ""https://s4api.sap.jktyre.in:44305/sap/opu/odata/sap/ZINFI_PLT_API_SRV/InfiMouldMstSet('R000825R20JUH3GC02')"", 'uri': ""https://s4api.sap.jktyre.in:44305/sap/opu/odata/sap/ZINFI_PLT_API_SRV/InfiMouldMstSet('R000825R20JUH3GC02')"", 'type': 'ZINFI_PLT_API_SRV.InfiMouldMst'}",R000825R20JUH3GC02,8.25 R 20 JW JUH3+_GC02,1900,Chennai Tyre Plant,,,,ACTIVE,,
"{'id': ""https://s4api.sap.jktyre.in:44305/sap/opu/odata/sap/ZINFI_PLT_API_SRV/InfiMouldMstSet('R000825R20JUH3GC03')"", 'uri': ""https://s4api.sap.jktyre.in:44305/sap/opu/odata/sap/ZINFI_PLT_API_SRV/InfiMouldMstSet('R000825R20JUH3GC03')"", 'type': 'ZINFI_PLT_API_SRV.InfiMouldMst'}",R000825R20JUH3GC03,8.25 R 20 JW JUH3+ _GC03,1900,Chennai Tyre Plant,,,,ACTIVE,,
"{'id': ""https://s4api.sap.jktyre.in:44305/sap/opu/odata/sap/ZINFI_PLT_API_SRV/InfiMouldMstSet('R000825R20JUH3GC04')"", 'uri': ""https://s4api.sap.jktyre.in:44305/sap/opu/odata/sap/ZINFI_PLT_API_SRV/InfiMouldMstSet('R000825R20JUH3GC04')"", 'type': 'ZINFI_PLT_API_SRV.InfiMouldMst'}",R000825R20JUH3GC04,8.25 R 20 VUH3+ _ GC04,1900,Chennai Tyre Plant,,,,ACTIVE,,
"{'id': ""https://s4api.sap.jktyre.in:44305/sap/opu/odata/sap/ZINFI_PLT_API_SRV/InfiMouldMstSet('R000825R20JUH3GC05')"", 'uri': ""https://s4api.sap.jktyre.in:44305/sap/opu/odata/sap/ZINFI_PLT_API_SRV/InfiMouldMstSet('R000825R20JUH3GC05')"", 'type': 'ZINFI_PLT_API_SRV.InfiMouldMst'}",R000825R20JUH3GC05,8.25 R 20 VUH3+_GC-05,1900,Chennai Tyre Plant,,,,ACTIVE,,
"{'id': ""https://s4api.sap.jktyre.in:44305/sap/opu/odata/sap/ZINFI_PLT_API_SRV/InfiMouldMstSet('R000825R20JUH3GR02')"", 'uri': ""https://s4api.sap.jktyre.in:44305/sap/opu/odata/sap/ZINFI_PLT_API_SRV/InfiMouldMstSet('R000825R20JUH3GR02')"", 'type': 'ZINFI_PLT_API_SRV.InfiMouldMst'}",R000825R20JUH3GR02,8.25 R 20 JETWAY JUH3+ 16 PR TT GR-02,1900,Chennai Tyre Plant,,,,ACTIVE,,
"{'id': ""https://s4api.sap.jktyre.in:44305/sap/opu/odata/sap/ZINFI_PLT_API_SRV/InfiMouldMstSet('R000825R20JUH5GC01')"", 'uri': ""https://s4api.sap.jktyre.in:44305/sap/opu/odata/sap/ZINFI_PLT_API_SRV/InfiMouldMstSet('R000825R20JUH5GC01')"", 'type': 'ZINFI_PLT_API_SRV.InfiMouldMst'}",R000825R20JUH5GC01,8.25 R 20 JETWAY JUH5 GC-01,1900,Chennai Tyre Plant,,,,ACTIVE,,
"{'id': ""https://s4api.sap.jktyre.in:44305/sap/opu/odata/sap/ZINFI_PLT_API_SRV/InfiMouldMstSet('R000825R20JUH5GC02')"", 'uri': ""https://s4api.sap.jktyre.in:44305/sap/opu/odata/sap/ZINFI_PLT_API_SRV/InfiMouldMstSet('R000825R20JUH5GC02')"", 'type': 'ZINFI_PLT_API_SRV.InfiMouldMst'}",R000825R20JUH5GC02,8.25 R 20 JETWAY JUH5 GC-02,1900,Chennai Tyre Plant,,,,ACTIVE,,
"{'id': ""https://s4api.sap.jktyre.in:44305/sap/opu/odata/sap/ZINFI_PLT_API_SRV/InfiMouldMstSet('R000825R20JUH5GC05')"", 'uri': ""https://s4api.sap.jktyre.in:44305/sap/opu/odata/sap/ZINFI_PLT_API_SRV/InfiMouldMstSet('R000825R20JUH5GC05')"", 'type': 'ZINFI_PLT_API_SRV.InfiMouldMst'}",R000825R20JUH5GC05,8.25 R 20 JETWAY JUH5 GC-05,1900,Chennai Tyre Plant,,,,ACTIVE,,
"{'id': ""https://s4api.sap.jktyre.in:44305/sap/opu/odata/sap/ZINFI_PLT_API_SRV/InfiMouldMstSet('R000825R20JUH5GC06')"", 'uri': ""https://s4api.sap.jktyre.in:44305/sap/opu/odata/sap/ZINFI_PLT_API_SRV/InfiMouldMstSet('R000825R20JUH5GC06')"", 'type': 'ZINFI_PLT_API_SRV.InfiMouldMst'}",R000825R20JUH5GC06,8.25 R 20 JETWAY JUH5 GC-06,1900,Chennai Tyre Plant,,,,ACTIVE,,
"{'id': ""https://s4api.sap.jktyre.in:44305/sap/opu/odata/sap/ZINFI_PLT_API_SRV/InfiMouldMstSet('R0011R20JDCXDHMI02')"", 'uri': ""https://s4api.sap.jktyre.in:44305/sap/opu/odata/sap/ZINFI_PLT_API_SRV/InfiMouldMstSet('R0011R20JDCXDHMI02')"", 'type': 'ZINFI_PLT_API_SRV.InfiMouldMst'}",R0011R20JDCXDHMI02,11.00R20 JS JDC XD_HMI-02,1900,Chennai Tyre Plant,,,,ACTIVE,,
"{'id': ""https://s4api.sap.jktyre.in:44305/sap/opu/odata/sap/ZINFI_PLT_API_SRV/InfiMouldMstSet('R0011R20JDCXDHMI05')"", 'uri': ""https://s4api.sap.jktyre.in:44305/sap/opu/odata/sap/ZINFI_PLT_API_SRV/InfiMouldMstSet('R0011R20JDCXDHMI05')"", 'type': 'ZINFI_PLT_API_SRV.InfiMouldMst'}",R0011R20JDCXDHMI05,11.00R20 JS JDC XD_HMI-05,1900,Chennai Tyre Plant,,,,ACTIVE,,
"{'id': ""https://s4api.sap.jktyre.in:44305/sap/opu/odata/sap/ZINFI_PLT_API_SRV/InfiMouldMstSet('R0011R20JDCXDHMI06')"", 'uri': ""https://s4api.sap.jktyre.in:44305/sap/opu/odata/sap/ZINFI_PLT_API_SRV/InfiMouldMstSet('R0011R20JDCXDHMI06')"", 'type': 'ZINFI_PLT_API_SRV.InfiMouldMst'}",R0011R20JDCXDHMI06,11.00R20 JS JDC XD_HMI-06,1900,Chennai Tyre Plant,,,,ACTIVE,,
"{'id': ""https://s4api.sap.jktyre.in:44305/sap/opu/odata/sap/ZINFI_PLT_API_SRV/InfiMouldMstSet('R00825R20JUH5GC003')"", 'uri': ""https://s4api.sap.jktyre.in:44305/sap/opu/odata/sap/ZINFI_PLT_API_SRV/InfiMouldMstSet('R00825R20JUH5GC003')"", 'type': 'ZINFI_PLT_API_SRV.InfiMouldMst'}",R00825R20JUH5GC003,8.25 R 20 JETWAY JUH5 14/16PR TT_8SEG,1900,Chennai Tyre Plant,,,,ACTIVE,,
"{'id': ""https://s4api.sap.jktyre.in:44305/sap/opu/odata/sap/ZINFI_PLT_API_SRV/InfiMouldMstSet('R00825R20JUH5GC004')"", 'uri': ""https://s4api.sap.jktyre.in:44305/sap/opu/odata/sap/ZINFI_PLT_API_SRV/InfiMouldMstSet('R00825R20JUH5GC004')"", 'type': 'ZINFI_PLT_API_SRV.InfiMouldMst'}",R00825R20JUH5GC004,8.25 R 20 JETWAY JUH5 14/16PR TT_8SEG,1900,Chennai Tyre Plant,,,,ACTIVE,,
"{'id': ""https://s4api.sap.jktyre.in:44305/sap/opu/odata/sap/ZINFI_PLT_API_SRV/InfiMouldMstSet('R011R20JDCXDHMI05')"", 'uri': ""https://s4api.sap.jktyre.in:44305/sap/opu/odata/sap/ZINFI_PLT_API_SRV/InfiMouldMstSet('R011R20JDCXDHMI05')"", 'type': 'ZINFI_PLT_API_SRV.InfiMouldMst'}",R011R20JDCXDHMI05,11.00R20 JS JDC XD TT 16PR_HMI-05,1900,Chennai Tyre Plant,,,,ACTIVE,,
"{'id': ""https://s4api.sap.jktyre.in:44305/sap/opu/odata/sap/ZINFI_PLT_API_SRV/InfiMouldMstSet('R011R20JDCXDHMI06')"", 'uri': ""https://s4api.sap.jktyre.in:44305/sap/opu/odata/sap/ZINFI_PLT_API_SRV/InfiMouldMstSet('R011R20JDCXDHMI06')"", 'type': 'ZINFI_PLT_API_SRV.InfiMouldMst'}",R011R20JDCXDHMI06,11.00R20 JS JDC XD TT 16PR_HMI-06,1900,Chennai Tyre Plant,,,,ACTIVE,,
"{'id': ""https://s4api.sap.jktyre.in:44305/sap/opu/odata/sap/ZINFI_PLT_API_SRV/InfiMouldMstSet('R029580R225JDLGC01')"", 'uri': ""https://s4api.sap.jktyre.in:44305/sap/opu/odata/sap/ZINFI_PLT_API_SRV/InfiMouldMstSet('R029580R225JDLGC01')"", 'type': 'ZINFI_PLT_API_SRV.InfiMouldMst'}",R029580R225JDLGC01,295/80 R 22.5 SS JDL 16PR TL GC01,1900,Chennai Tyre Plant,,,,ACTIVE,,
"{'id': ""https://s4api.sap.jktyre.in:44305/sap/opu/odata/sap/ZINFI_PLT_API_SRV/InfiMouldMstSet('R029580R225JDLGC03')"", 'uri': ""https://s4api.sap.jktyre.in:44305/sap/opu/odata/sap/ZINFI_PLT_API_SRV/InfiMouldMstSet('R029580R225JDLGC03')"", 'type': 'ZINFI_PLT_API_SRV.InfiMouldMst'}",R029580R225JDLGC03,295/80R22.5 JS JDL_GC03,1900,Chennai Tyre Plant,,,,ACTIVE,,
"{'id': ""https://s4api.sap.jktyre.in:44305/sap/opu/odata/sap/ZINFI_PLT_API_SRV/InfiMouldMstSet('R029580R225JDLHM01')"", 'uri': ""https://s4api.sap.jktyre.in:44305/sap/opu/odata/sap/ZINFI_PLT_API_SRV/InfiMouldMstSet('R029580R225JDLHM01')"", 'type': 'ZINFI_PLT_API_SRV.InfiMouldMst'}",R029580R225JDLHM01,295/80R22.5 JS JDL_HM01,1900,Chennai Tyre Plant,,,,ACTIVE,,
"{'id': ""https://s4api.sap.jktyre.in:44305/sap/opu/odata/sap/ZINFI_PLT_API_SRV/InfiMouldMstSet('R029580R225JDLHM03')"", 'uri': ""https://s4api.sap.jktyre.in:44305/sap/opu/odata/sap/ZINFI_PLT_API_SRV/InfiMouldMstSet('R029580R225JDLHM03')"", 'type': 'ZINFI_PLT_API_SRV.InfiMouldMst'}",R029580R225JDLHM03,295/80 R 22.5 JETSTEEL JDL HM03,1900,Chennai Tyre Plant,,,,ACTIVE,,
"{'id': ""https://s4api.sap.jktyre.in:44305/sap/opu/odata/sap/ZINFI_PLT_API_SRV/InfiMouldMstSet('R029580R225JUMGC02')"", 'uri': ""https://s4api.sap.jktyre.in:44305/sap/opu/odata/sap/ZINFI_PLT_API_SRV/InfiMouldMstSet('R029580R225JUMGC02')"", 'type': 'ZINFI_PLT_API_SRV.InfiMouldMst'}",R029580R225JUMGC02,295/80R 22.5 JETWAY JUM 16PR TL _GC-02,1900,Chennai Tyre Plant,,,,ACTIVE,,
"{'id': ""https://s4api.sap.jktyre.in:44305/sap/opu/odata/sap/ZINFI_PLT_API_SRV/InfiMouldMstSet('R029580R225JUMGC13')"", 'uri': ""https://s4api.sap.jktyre.in:44305/sap/opu/odata/sap/ZINFI_PLT_API_SRV/InfiMouldMstSet('R029580R225JUMGC13')"", 'type': 'ZINFI_PLT_API_SRV.InfiMouldMst'}",R029580R225JUMGC13,295/80 R 22.5 JETWAY JUM TL_GC-13,1900,Chennai Tyre Plant,,,,ACTIVE,,
"{'id': ""https://s4api.sap.jktyre.in:44305/sap/opu/odata/sap/ZINFI_PLT_API_SRV/InfiMouldMstSet('R029580R225JUMGC14')"", 'uri': ""https://s4api.sap.jktyre.in:44305/sap/opu/odata/sap/ZINFI_PLT_API_SRV/InfiMouldMstSet('R029580R225JUMGC14')"", 'type': 'ZINFI_PLT_API_SRV.InfiMouldMst'}",R029580R225JUMGC14,295/80 R 22.5 JW JUM _GC14,1900,Chennai Tyre Plant,,,,ACTIVE,,
"{'id': ""https://s4api.sap.jktyre.in:44305/sap/opu/odata/sap/ZINFI_PLT_API_SRV/InfiMouldMstSet('R029580R225JUMGC15')"", 'uri': ""https://s4api.sap.jktyre.in:44305/sap/opu/odata/sap/ZINFI_PLT_API_SRV/InfiMouldMstSet('R029580R225JUMGC15')"", 'type': 'ZINFI_PLT_API_SRV.InfiMouldMst'}",R029580R225JUMGC15,295/80 R 22.5 JETWAY JUM 16PR TL,1900,Chennai Tyre Plant,,,,ACTIVE,,
"{'id': ""https://s4api.sap.jktyre.in:44305/sap/opu/odata/sap/ZINFI_PLT_API_SRV/InfiMouldMstSet('R029580R225JUMHM08')"", 'uri': ""https://s4api.sap.jktyre.in:44305/sap/opu/odata/sap/ZINFI_PLT_API_SRV/InfiMouldMstSet('R029580R225JUMHM08')"", 'type': 'ZINFI_PLT_API_SRV.InfiMouldMst'}",R029580R225JUMHM08,295/80 R 22.5 JW JUM _HM-08,1900,Chennai Tyre Plant,,,,ACTIVE,,
"{'id': ""https://s4api.sap.jktyre.in:44305/sap/opu/odata/sap/ZINFI_PLT_API_SRV/InfiMouldMstSet('R029580R225JUMHM16')"", 'uri': ""https://s4api.sap.jktyre.in:44305/sap/opu/odata/sap/ZINFI_PLT_API_SRV/InfiMouldMstSet('R029580R225JUMHM16')"", 'type': 'ZINFI_PLT_API_SRV.InfiMouldMst'}",R029580R225JUMHM16,295/80 R 22.5 JW JUM TL -HM16,1900,Chennai Tyre Plant,,,,ACTIVE,,
"{'id': ""https://s4api.sap.jktyre.in:44305/sap/opu/odata/sap/ZINFI_PLT_API_SRV/InfiMouldMstSet('R029580R225JUMHM17')"", 'uri': ""https://s4api.sap.jktyre.in:44305/sap/opu/odata/sap/ZINFI_PLT_API_SRV/InfiMouldMstSet('R029580R225JUMHM17')"", 'type': 'ZINFI_PLT_API_SRV.InfiMouldMst'}",R029580R225JUMHM17,295/80 R 22.5 JW JUM 16PR TL - HM17,1900,Chennai Tyre Plant,,,,ACTIVE,,
"{'id': ""https://s4api.sap.jktyre.in:44305/sap/opu/odata/sap/ZINFI_PLT_API_SRV/InfiMouldMstSet('R22565R17BHTLHM01')"", 'uri': ""https://s4api.sap.jktyre.in:44305/sap/opu/odata/sap/ZINFI_PLT_API_SRV/InfiMouldMstSet('R22565R17BHTLHM01')"", 'type': 'ZINFI_PLT_API_SRV.InfiMouldMst'}",R22565R17BHTLHM01,225/65R17 BLAZZE HT_HM-01,1900,Chennai Tyre Plant,,,,ACTIVE,,
"{'id': ""https://s4api.sap.jktyre.in:44305/sap/opu/odata/sap/ZINFI_PLT_API_SRV/InfiMouldMstSet('R22565R17BLHTTLHM0')"", 'uri': ""https://s4api.sap.jktyre.in:44305/sap/opu/odata/sap/ZINFI_PLT_API_SRV/InfiMouldMstSet('R22565R17BLHTTLHM0')"", 'type': 'ZINFI_PLT_API_SRV.InfiMouldMst'}",R22565R17BLHTTLHM0,225/65R17 BLAZZE HT TL_ HM01,1900,Chennai Tyre Plant,,,,ACTIVE,,
"{'id': ""https://s4api.sap.jktyre.in:44305/sap/opu/odata/sap/ZINFI_PLT_API_SRV/InfiMouldMstSet('R22565R17BLTLHM02')"", 'uri': ""https://s4api.sap.jktyre.in:44305/sap/opu/odata/sap/ZINFI_PLT_API_SRV/InfiMouldMstSet('R22565R17BLTLHM02')"", 'type': 'ZINFI_PLT_API_SRV.InfiMouldMst'}",R22565R17BLTLHM02,225/65R17 BLAZZE HT TL_ HM02,1900,Chennai Tyre Plant,,,,ACTIVE,,
"{'id': ""https://s4api.sap.jktyre.in:44305/sap/opu/odata/sap/ZINFI_PLT_API_SRV/InfiMouldMstSet('R29580225JTXMGC03')"", 'uri': ""https://s4api.sap.jktyre.in:44305/sap/opu/odata/sap/ZINFI_PLT_API_SRV/InfiMouldMstSet('R29580225JTXMGC03')"", 'type': 'ZINFI_PLT_API_SRV.InfiMouldMst'}",R29580225JTXMGC03,295/80R22.5 JW JUM XM_GC03,1900,Chennai Tyre Plant,,,,ACTIVE,,
"{'id': ""https://s4api.sap.jktyre.in:44305/sap/opu/odata/sap/ZINFI_PLT_API_SRV/InfiMouldMstSet('R29580R225JUX3GC01')"", 'uri': ""https://s4api.sap.jktyre.in:44305/sap/opu/odata/sap/ZINFI_PLT_API_SRV/InfiMouldMstSet('R29580R225JUX3GC01')"", 'type': 'ZINFI_PLT_API_SRV.InfiMouldMst'}",R29580R225JUX3GC01,295/80 R 22.5 VIKRANT VUX XM GC-01,1900,Chennai Tyre Plant,,,,ACTIVE,,
"{'id': ""https://s4api.sap.jktyre.in:44305/sap/opu/odata/sap/ZINFI_PLT_API_SRV/InfiMouldMstSet('R29580R225JUX3GC02')"", 'uri': ""https://s4api.sap.jktyre.in:44305/sap/opu/odata/sap/ZINFI_PLT_API_SRV/InfiMouldMstSet('R29580R225JUX3GC02')"", 'type': 'ZINFI_PLT_API_SRV.InfiMouldMst'}",R29580R225JUX3GC02,295/80 R 22.5 VIKRANT VUX XM GC-02,1900,Chennai Tyre Plant,,,,ACTIVE,,
"{'id': ""https://s4api.sap.jktyre.in:44305/sap/opu/odata/sap/ZINFI_PLT_API_SRV/InfiMouldMstSet('R29590R20JDEXFGC07')"", 'uri': ""https://s4api.sap.jktyre.in:44305/sap/opu/odata/sap/ZINFI_PLT_API_SRV/InfiMouldMstSet('R29590R20JDEXFGC07')"", 'type': 'ZINFI_PLT_API_SRV.InfiMouldMst'}",R29590R20JDEXFGC07,295/90R20JETSTEEL JDE XF_GC-07,1900,Chennai Tyre Plant,,,,ACTIVE,,
"{'id': ""https://s4api.sap.jktyre.in:44305/sap/opu/odata/sap/ZINFI_PLT_API_SRV/InfiMouldMstSet('R29590R20JDEXFHM20')"", 'uri': ""https://s4api.sap.jktyre.in:44305/sap/opu/odata/sap/ZINFI_PLT_API_SRV/InfiMouldMstSet('R29590R20JDEXFHM20')"", 'type': 'ZINFI_PLT_API_SRV.InfiMouldMst'}",R29590R20JDEXFHM20,295/90R20JETSTEEL JDE XF_HM-20,1900,Chennai Tyre Plant,,,,ACTIVE,,
"{'id': ""https://s4api.sap.jktyre.in:44305/sap/opu/odata/sap/ZINFI_PLT_API_SRV/InfiMouldMstSet('R29590R20JS119JE01')"", 'uri': ""https://s4api.sap.jktyre.in:44305/sap/opu/odata/sap/ZINFI_PLT_API_SRV/InfiMouldMstSet('R29590R20JS119JE01')"", 'type': 'ZINFI_PLT_API_SRV.InfiMouldMst'}",R29590R20JS119JE01,295/90R20 JETSTEEL 119 TT _ JE01,1900,Chennai Tyre Plant,,,,ACTIVE,,
"{'id': ""https://s4api.sap.jktyre.in:44305/sap/opu/odata/sap/ZINFI_PLT_API_SRV/InfiMouldMstSet('R29590R20JS124GC01')"", 'uri': ""https://s4api.sap.jktyre.in:44305/sap/opu/odata/sap/ZINFI_PLT_API_SRV/InfiMouldMstSet('R29590R20JS124GC01')"", 'type': 'ZINFI_PLT_API_SRV.InfiMouldMst'}",R29590R20JS124GC01,295/90R20 JETSTEEL JDL XM2 TT_GC01,1900,Chennai Tyre Plant,,,,ACTIVE,,
"{'id': ""https://s4api.sap.jktyre.in:44305/sap/opu/odata/sap/ZINFI_PLT_API_SRV/InfiMouldMstSet('R29590R20JS124GC02')"", 'uri': ""https://s4api.sap.jktyre.in:44305/sap/opu/odata/sap/ZINFI_PLT_API_SRV/InfiMouldMstSet('R29590R20JS124GC02')"", 'type': 'ZINFI_PLT_API_SRV.InfiMouldMst'}",R29590R20JS124GC02,295/90R20 JETSTEEL JDL XM2 TT_GC02,1900,Chennai Tyre Plant,,,,ACTIVE,,
"{'id': ""https://s4api.sap.jktyre.in:44305/sap/opu/odata/sap/ZINFI_PLT_API_SRV/InfiMouldMstSet('R29590R20JW210JE01')"", 'uri': ""https://s4api.sap.jktyre.in:44305/sap/opu/odata/sap/ZINFI_PLT_API_SRV/InfiMouldMstSet('R29590R20JW210JE01')"", 'type': 'ZINFI_PLT_API_SRV.InfiMouldMst'}",R29590R20JW210JE01,295/90R20 JETWAY 210 - TT,1900,Chennai Tyre Plant,,,,ACTIVE,,
"{'id': ""https://s4api.sap.jktyre.in:44305/sap/opu/odata/sap/ZINFI_PLT_API_SRV/InfiMouldMstSet('R31580R225JDL3GR01')"", 'uri': ""https://s4api.sap.jktyre.in:44305/sap/opu/odata/sap/ZINFI_PLT_API_SRV/InfiMouldMstSet('R31580R225JDL3GR01')"", 'type': 'ZINFI_PLT_API_SRV.InfiMouldMst'}",R31580R225JDL3GR01,315/80R22.5 VDL3 _ GR01,1900,Chennai Tyre Plant,,,,ACTIVE,,
"{'id': ""https://s4api.sap.jktyre.in:44305/sap/opu/odata/sap/ZINFI_PLT_API_SRV/InfiMouldMstSet('R31580R225JDL3GR02')"", 'uri': ""https://s4api.sap.jktyre.in:44305/sap/opu/odata/sap/ZINFI_PLT_API_SRV/InfiMouldMstSet('R31580R225JDL3GR02')"", 'type': 'ZINFI_PLT_API_SRV.InfiMouldMst'}",R31580R225JDL3GR02,315/80R22.5 VDL3 _ GR02,1900,Chennai Tyre Plant,,,,ACTIVE,,
"{'id': ""https://s4api.sap.jktyre.in:44305/sap/opu/odata/sap/ZINFI_PLT_API_SRV/InfiMouldMstSet('R31580R225JUL3GC01')"", 'uri': ""https://s4api.sap.jktyre.in:44305/sap/opu/odata/sap/ZINFI_PLT_API_SRV/InfiMouldMstSet('R31580R225JUL3GC01')"", 'type': 'ZINFI_PLT_API_SRV.InfiMouldMst'}",R31580R225JUL3GC01,315/80 R 22.5 JW JUL3_GC01,1900,Chennai Tyre Plant,,,,ACTIVE,,
"{'id': ""https://s4api.sap.jktyre.in:44305/sap/opu/odata/sap/ZINFI_PLT_API_SRV/InfiMouldMstSet('R31580R225JUL3GC02')"", 'uri': ""https://s4api.sap.jktyre.in:44305/sap/opu/odata/sap/ZINFI_PLT_API_SRV/InfiMouldMstSet('R31580R225JUL3GC02')"", 'type': 'ZINFI_PLT_API_SRV.InfiMouldMst'}",R31580R225JUL3GC02,315/80 R 22.5 JW JUL3_GC02,1900,Chennai Tyre Plant,,,,ACTIVE,,
"{'id': ""https://s4api.sap.jktyre.in:44305/sap/opu/odata/sap/ZINFI_PLT_API_SRV/InfiMouldMstSet('R31580R225JUL3GC03')"", 'uri': ""https://s4api.sap.jktyre.in:44305/sap/opu/odata/sap/ZINFI_PLT_API_SRV/InfiMouldMstSet('R31580R225JUL3GC03')"", 'type': 'ZINFI_PLT_API_SRV.InfiMouldMst'}",R31580R225JUL3GC03,315/80 R 22.5 JW JUL3_GC03,1900,Chennai Tyre Plant,,,,ACTIVE,,
"{'id': ""https://s4api.sap.jktyre.in:44305/sap/opu/odata/sap/ZINFI_PLT_API_SRV/InfiMouldMstSet('R31580R225JUL3GC04')"", 'uri': ""https://s4api.sap.jktyre.in:44305/sap/opu/odata/sap/ZINFI_PLT_API_SRV/InfiMouldMstSet('R31580R225JUL3GC04')"", 'type': 'ZINFI_PLT_API_SRV.InfiMouldMst'}",R31580R225JUL3GC04,315/80 R 22.5 JW JUL3_GC04,1900,Chennai Tyre Plant,,,,ACTIVE,,
"{'id': ""https://s4api.sap.jktyre.in:44305/sap/opu/odata/sap/ZINFI_PLT_API_SRV/InfiMouldMstSet('R31580R225JUL4GC01')"", 'uri': ""https://s4api.sap.jktyre.in:44305/sap/opu/odata/sap/ZINFI_PLT_API_SRV/InfiMouldMstSet('R31580R225JUL4GC01')"", 'type': 'ZINFI_PLT_API_SRV.InfiMouldMst'}",R31580R225JUL4GC01,315/80R22.5 JETWAY JUL4_GC01,1900,Chennai Tyre Plant,,,,ACTIVE,,
"{'id': ""https://s4api.sap.jktyre.in:44305/sap/opu/odata/sap/ZINFI_PLT_API_SRV/InfiMouldMstSet('R31580R225JUL4GC02')"", 'uri': ""https://s4api.sap.jktyre.in:44305/sap/opu/odata/sap/ZINFI_PLT_API_SRV/InfiMouldMstSet('R31580R225JUL4GC02')"", 'type': 'ZINFI_PLT_API_SRV.InfiMouldMst'}",R31580R225JUL4GC02,315/80R22.5 JETWAY JUL4_GC02,1900,Chennai Tyre Plant,,,,ACTIVE,,
"{'id': ""https://s4api.sap.jktyre.in:44305/sap/opu/odata/sap/ZINFI_PLT_API_SRV/InfiMouldMstSet('T14570R17STRXTHM01')"", 'uri': ""https://s4api.sap.jktyre.in:44305/sap/opu/odata/sap/ZINFI_PLT_API_SRV/InfiMouldMstSet('T14570R17STRXTHM01')"", 'type': 'ZINFI_PLT_API_SRV.InfiMouldMst'}",T14570R17STRXTHM01,T145/70R17 STAR XT _ HM01,1900,Chennai Tyre Plant,,,,ACTIVE,,
"{'id': ""https://s4api.sap.jktyre.in:44305/sap/opu/odata/sap/ZINFI_PLT_API_SRV/InfiMouldMstSet('T14570R17STRXTHM02')"", 'uri': ""https://s4api.sap.jktyre.in:44305/sap/opu/odata/sap/ZINFI_PLT_API_SRV/InfiMouldMstSet('T14570R17STRXTHM02')"", 'type': 'ZINFI_PLT_API_SRV.InfiMouldMst'}",T14570R17STRXTHM02,T145/70R17 STAR XT _ HM02,1900,Chennai Tyre Plant,,,,ACTIVE,,
"{'id': ""https://s4api.sap.jktyre.in:44305/sap/opu/odata/sap/ZINFI_PLT_API_SRV/InfiMouldMstSet('T14570R17STXTAL01')"", 'uri': ""https://s4api.sap.jktyre.in:44305/sap/opu/odata/sap/ZINFI_PLT_API_SRV/InfiMouldMstSet('T14570R17STXTAL01')"", 'type': 'ZINFI_PLT_API_SRV.InfiMouldMst'}",T14570R17STXTAL01,T145/70R17 STAR XT _ AL01,1900,Chennai Tyre Plant,,,,ACTIVE,,
"{'id': ""https://s4api.sap.jktyre.in:44305/sap/opu/odata/sap/ZINFI_PLT_API_SRV/InfiMouldMstSet('T14570R17STXTSX01')"", 'uri': ""https://s4api.sap.jktyre.in:44305/sap/opu/odata/sap/ZINFI_PLT_API_SRV/InfiMouldMstSet('T14570R17STXTSX01')"", 'type': 'ZINFI_PLT_API_SRV.InfiMouldMst'}",T14570R17STXTSX01,145/70R17 STAR XT TL _ SX01,1900,Chennai Tyre Plant,,,,ACTIVE,,
"{'id': ""https://s4api.sap.jktyre.in:44305/sap/opu/odata/sap/ZINFI_PLT_API_SRV/InfiMouldMstSet('T14570R17STXTSX02')"", 'uri': ""https://s4api.sap.jktyre.in:44305/sap/opu/odata/sap/ZINFI_PLT_API_SRV/InfiMouldMstSet('T14570R17STXTSX02')"", 'type': 'ZINFI_PLT_API_SRV.InfiMouldMst'}",T14570R17STXTSX02,145/70R17 STAR XT TL _ SX02,1900,Chennai Tyre Plant,,,,ACTIVE,,
"{'id': ""https://s4api.sap.jktyre.in:44305/sap/opu/odata/sap/ZINFI_PLT_API_SRV/InfiMouldMstSet('T14570R17STXTSX03')"", 'uri': ""https://s4api.sap.jktyre.in:44305/sap/opu/odata/sap/ZINFI_PLT_API_SRV/InfiMouldMstSet('T14570R17STXTSX03')"", 'type': 'ZINFI_PLT_API_SRV.InfiMouldMst'}",T14570R17STXTSX03,145/70R17 STAR XT TL _ SX03,1900,Chennai Tyre Plant,,,,ACTIVE,,
